
 ===================================================
  XFOIL Version 6.99
  Copyright (C) 2000   Mark Drela, Harold Youngren

  This software comes with ABSOLUTELY NO WARRANTY,
    subject to the GNU General Public License.

  Caveat computor
 ===================================================

 File  xfoil.def  not found

   QUIT    Exit program

  .OPER    Direct operating point(s)
  .MDES    Complex mapping design routine
  .QDES    Surface speed design routine
  .GDES    Geometry design routine

   SAVE f  Write airfoil to labeled coordinate file
   PSAV f  Write airfoil to plain coordinate file
   ISAV f  Write airfoil to ISES coordinate file
   MSAV f  Write airfoil to MSES coordinate file
   REVE    Reverse written-airfoil node ordering

   LOAD f  Read buffer airfoil from coordinate file
   NACA i  Set NACA 4,5-digit airfoil and buffer airfoil
   INTE    Set buffer airfoil by interpolating two airfoils
   NORM    Buffer airfoil normalization toggle
   XYCM rr Change CM reference location, currently  0.25000 0.00000

   BEND    Display structural properties of current airfoil

   PCOP    Set current-airfoil panel nodes directly from buffer airfoil points
   PANE    Set current-airfoil panel nodes ( 160 ) based on curvature
  .PPAR    Show/change paneling

  .PLOP    Plotting options

   WDEF f  Write  current-settings file
   RDEF f  Reread current-settings file
   NAME s  Specify new airfoil name
   NINC    Increment name version number

   Z       Zoom    | (available in all menus)
   U       Unzoom  | 

 XFOIL   c>  
 Labeled airfoil file.  Name:  CH10 (smoothed)                                 

 Number of input coordinate points:  79
 Counterclockwise ordering
 Max thickness =     0.128374  at x =   0.306
 Max camber    =     0.101937  at x =   0.493

  LE  x,y  =  -0.00000   0.00021  |   Chord =   1.00000
  TE  x,y  =   1.00000  -0.00000  |

 Current airfoil nodes set from buffer airfoil nodes (  79 )

 XFOIL   c>  
 XFOIL   c>  
 Blunt trailing edge.  Gap =  0.00011

 Paneling parameters used...
   Number of panel nodes       160
   Panel bunching parameter    1.000
   TE/LE panel density ratio   0.150
   Refined-area/LE panel density ratio    0.200
   Top    side refined area x/c limits  1.000 1.000
   Bottom side refined area x/c limits  1.000 1.000

 XFOIL   c>  
.OPERi   c>  
 Xtr/c     =  1.0000    top    side
 Xtr/c     =  1.0000    bottom side
 Ncrit     =    9.00   ( 0.070 % turb. level )
 Vacc      =  0.0100

 Klag  =  5.6000     Uxwt  =    1.00
 A     =  6.7000     B     =  0.7500       KCt = 0.01485
 CtiniK=  1.8000     CtiniX=  3.3000

..VPAR   c>  
..VPAR   c>  
.OPERi   c>  
 M  =    0.0000
 Re =    400000

.OPERv   c>  
.OPERv   c>  
.OPERv   c>  
 Polar  1 newly created for accumulation
 Airfoil archived with polar: CH10 (smoothed)                                 

Enter  polar save filename  OR  <return> for no file   s>  
 New polar save file available

Enter  polar dump filename  OR  <return> for no file   s>  
 Polar dump file will NOT be written

 Polar accumulation enabled

.OPERva   c>   Calculating unit vorticity distributions ...
 Calculating wake trajectory ...
 Calculating source influence matrix ...

 Solving BL system ...

 Initializing BL ...
    side            1  ...
 MRCHUE: Inverse mode at  51     Hk =   3.989
 MRCHUE: Inverse mode at  52     Hk =   4.703
 MRCHUE: Inverse mode at  53     Hk =   5.403
 MRCHUE: Inverse mode at  54     Hk =   6.091
 MRCHUE: Inverse mode at  55     Hk =   6.772
 MRCHUE: Inverse mode at  56     Hk =   7.446
 MRCHUE: Inverse mode at  57     Hk =   8.115
 MRCHUE: Inverse mode at  58     Hk =   8.782
 MRCHUE: Inverse mode at  59     Hk =   9.241
 MRCHUE: Inverse mode at  60     Hk =   6.048
 MRCHUE: Inverse mode at  61     Hk =   4.423
 MRCHUE: Inverse mode at  62     Hk =   3.299
 MRCHUE: Convergence failed at  79  side 1    Res =  0.2575E+02
    side            2  ...
 MRCHUE: Inverse mode at  15     Hk =   4.131
 MRCHUE: Inverse mode at  16     Hk =   5.006
 MRCHUE: Inverse mode at  17     Hk =   5.870
 MRCHUE: Inverse mode at  18     Hk =   6.758
 MRCHUE: Inverse mode at  19     Hk =   7.700
 MRCHUE: Inverse mode at  20     Hk =   8.732
 MRCHUE: Inverse mode at  21     Hk =   9.896
 MRCHUE: Inverse mode at  22     Hk =   5.322
 MRCHUE: Inverse mode at  23     Hk =   2.500
 MRCHUE: Inverse mode at  24     Hk =   2.500
 MRCHUE: Inverse mode at  25     Hk =   2.500
 MRCHUE: Inverse mode at  26     Hk =   2.500
 MRCHUE: Inverse mode at  27     Hk =   2.500
 MRCHUE: Convergence failed at  83  side 2    Res =  0.1560E+01

 MRCHDU: Convergence failed at  79  side 1    Res =  0.4730E+02
 Side 1  free  transition at x/c =  0.7209   59
 Side 2  free  transition at x/c =  0.0425   22
 idif Ue xi dudx           1  0.15144624      3.36599350E-03   44.993027    
 Uenew xinew           2  2.38304157E-02  5.29646873E-04

   1   rms: 0.8175E+00   max: -.3069E+01   D at   27  2   RLX: 0.163
       a = -4.000      CL =  0.8664
      Cm = -0.3107     CD =  0.00753   =>   CDf =  0.00598    CDp =  0.00154

 MRCHDU: Convergence failed at  23  side 2    Res =  0.3522E+01
 MRCHDU: Convergence failed at  24  side 2    Res =  0.1933E+01
 MRCHDU: Convergence failed at  25  side 2    Res =  0.1266E+02
 MRCHDU: Convergence failed at  26  side 2    Res =  0.6441E+01
 MRCHDU: Convergence failed at  27  side 2    Res =  0.2264E+02
 MRCHDU: Convergence failed at  28  side 2    Res =  0.2235E+02
 MRCHDU: Convergence failed at  29  side 2    Res =  0.2860E+02
 MRCHDU: Convergence failed at  30  side 2    Res =  0.3513E+02
 MRCHDU: Convergence failed at  31  side 2    Res =  0.2849E+02
 MRCHDU: Convergence failed at  32  side 2    Res =  0.1653E+02
 MRCHDU: Convergence failed at  33  side 2    Res =  0.3167E+02
 MRCHDU: Convergence failed at  34  side 2    Res =  0.2635E+02
 MRCHDU: Convergence failed at  35  side 2    Res =  0.1978E+02
 MRCHDU: Convergence failed at  36  side 2    Res =  0.3540E+02
 MRCHDU: Convergence failed at  37  side 2    Res =  0.1756E+02
 MRCHDU: Convergence failed at  38  side 2    Res =  0.2353E+02
 MRCHDU: Convergence failed at  39  side 2    Res =  0.2744E+02
 MRCHDU: Convergence failed at  40  side 2    Res =  0.3146E+02
 MRCHDU: Convergence failed at  41  side 2    Res =  0.3512E+02
 MRCHDU: Convergence failed at  42  side 2    Res =  0.2627E+02
 MRCHDU: Convergence failed at  43  side 2    Res =  0.2863E+02
 MRCHDU: Convergence failed at  44  side 2    Res =  0.3111E+02
 MRCHDU: Convergence failed at  45  side 2    Res =  0.3383E+02
 MRCHDU: Convergence failed at  46  side 2    Res =  0.3769E+02
 MRCHDU: Convergence failed at  47  side 2    Res =  0.7387E+02
 MRCHDU: Convergence failed at  48  side 2    Res =  0.8171E+02
 MRCHDU: Convergence failed at  49  side 2    Res =  0.9091E+02
 MRCHDU: Convergence failed at  50  side 2    Res =  0.1016E+03
 MRCHDU: Convergence failed at  51  side 2    Res =  0.1150E+03
 MRCHDU: Convergence failed at  52  side 2    Res =  0.1299E+03
 MRCHDU: Convergence failed at  53  side 2    Res =  0.1484E+03
 MRCHDU: Convergence failed at  54  side 2    Res =  0.1700E+03
 MRCHDU: Convergence failed at  55  side 2    Res =  0.1978E+03
 MRCHDU: Convergence failed at  56  side 2    Res =  0.2311E+03
 MRCHDU: Convergence failed at  57  side 2    Res =  0.2743E+03
 MRCHDU: Convergence failed at  58  side 2    Res =  0.3290E+03
 MRCHDU: Convergence failed at  59  side 2    Res =  0.3990E+03
 MRCHDU: Convergence failed at  60  side 2    Res =  0.4856E+03
 MRCHDU: Convergence failed at  61  side 2    Res =  0.6168E+03
 MRCHDU: Convergence failed at  62  side 2    Res =  0.7673E+03
 MRCHDU: Convergence failed at  63  side 2    Res =  0.9208E+03
 MRCHDU: Convergence failed at  64  side 2    Res =  0.1033E+04
 MRCHDU: Convergence failed at  65  side 2    Res =  0.1122E+04
 MRCHDU: Convergence failed at  66  side 2    Res =  0.1309E+04
 MRCHDU: Convergence failed at  67  side 2    Res =  0.1352E+04
 MRCHDU: Convergence failed at  68  side 2    Res =  0.1415E+04
 MRCHDU: Convergence failed at  69  side 2    Res =  0.1422E+04
 MRCHDU: Convergence failed at  70  side 2    Res =  0.2201E+04
 MRCHDU: Convergence failed at  71  side 2    Res =  0.3655E+04
 MRCHDU: Convergence failed at  72  side 2    Res =  0.5112E+04
 MRCHDU: Convergence failed at  73  side 2    Res =  0.6369E+04
 MRCHDU: Convergence failed at  74  side 2    Res =  0.1488E+05
 MRCHDU: Convergence failed at  75  side 2    Res =  0.1606E+04
 MRCHDU: Convergence failed at  76  side 2    Res =  0.1129E+04
 MRCHDU: Convergence failed at  77  side 2    Res =  0.7978E+03
 MRCHDU: Convergence failed at  78  side 2    Res =  0.7128E+03
 MRCHDU: Convergence failed at  79  side 2    Res =  0.5954E+03
 MRCHDU: Convergence failed at  80  side 2    Res =  0.2947E+03
 MRCHDU: Convergence failed at  81  side 2    Res =  0.1393E+03
 MRCHDU: Convergence failed at  82  side 2    Res =  0.4059E+02
 MRCHDU: Convergence failed at  83  side 2    Res =  0.2163E+02
 MRCHDU: Convergence failed at  84  side 2    Res =  0.8765E+02
 Side 1  free  transition at x/c =  0.7247   59
 Side 2  free  transition at x/c =  0.0396   22

   2   rms: 0.2578E+01   max: 0.9037E+01   D at   51  2   RLX: 0.126
       a = -4.000      CL = -0.7890
      Cm =  0.1912     CD =  0.00380   =>   CDf =  0.00416    CDp = -0.00036

 MRCHDU: Convergence failed at  44  side 2    Res =  0.1061E+00
 MRCHDU: Convergence failed at  45  side 2    Res =  0.1551E-01
 MRCHDU: Convergence failed at  46  side 2    Res =  0.2790E-02
 Side 1  free  transition at x/c =  0.7259   59
 Side 2  free  transition at x/c =  0.0359   22
 idif Ue xi dudx           1  0.21013087      5.48636913E-03   38.300533    
 Uenew xinew           2  8.96262452E-02  2.34007835E-03

   3   rms: 0.9111E+00   max: 0.4215E+01   T at   22  2   RLX: 0.356
       a = -4.000      CL = -0.1702
      Cm = -0.0204     CD =  0.02125   =>   CDf =  0.00476    CDp =  0.01648

 MRCHDU: Convergence failed at  23  side 2    Res =  0.4634E+02
 MRCHDU: Convergence failed at  24  side 2    Res =  0.9908E+01
 MRCHDU: Convergence failed at  25  side 2    Res =  0.4821E+02
 MRCHDU: Convergence failed at  26  side 2    Res =  0.3986E+02
 MRCHDU: Convergence failed at  27  side 2    Res =  0.1360E+03
 MRCHDU: Convergence failed at  28  side 2    Res =  0.1037E+03
 MRCHDU: Convergence failed at  29  side 2    Res =  0.2951E+02
 MRCHDU: Convergence failed at  30  side 2    Res =  0.1374E+02
 MRCHDU: Convergence failed at  31  side 2    Res =  0.1840E+02
 MRCHDU: Convergence failed at  32  side 2    Res =  0.2657E+02
 MRCHDU: Convergence failed at  33  side 2    Res =  0.4832E+02
 MRCHDU: Convergence failed at  34  side 2    Res =  0.1069E+03
 MRCHDU: Convergence failed at  35  side 2    Res =  0.1760E+04
 MRCHDU: Convergence failed at  36  side 2    Res =  0.1535E+03
 MRCHDU: Convergence failed at  37  side 2    Res =  0.9240E+02
 MRCHDU: Convergence failed at  38  side 2    Res =  0.7474E+02
 MRCHDU: Convergence failed at  39  side 2    Res =  0.7081E+02
 MRCHDU: Convergence failed at  40  side 2    Res =  0.4894E+02
 MRCHDU: Convergence failed at  41  side 2    Res =  0.3077E+02
 MRCHDU: Convergence failed at  42  side 2    Res =  0.3242E+02
 MRCHDU: Convergence failed at  43  side 2    Res =  0.4163E+02
 MRCHDU: Convergence failed at  44  side 2    Res =  0.1898E+03
 MRCHDU: Convergence failed at  45  side 2    Res =  0.2287E+03
 MRCHDU: Convergence failed at  46  side 2    Res =  0.2158E+03
 MRCHDU: Convergence failed at  47  side 2    Res =  0.6116E+02
 MRCHDU: Convergence failed at  48  side 2    Res =  0.4422E+02
 MRCHDU: Convergence failed at  49  side 2    Res =  0.3880E+02
 MRCHDU: Convergence failed at  50  side 2    Res =  0.3430E+02
 MRCHDU: Convergence failed at  51  side 2    Res =  0.2940E+02
 MRCHDU: Convergence failed at  52  side 2    Res =  0.3070E+02
 MRCHDU: Convergence failed at  53  side 2    Res =  0.3545E+02
 MRCHDU: Convergence failed at  54  side 2    Res =  0.4031E+02
 MRCHDU: Convergence failed at  55  side 2    Res =  0.4597E+02
 MRCHDU: Convergence failed at  56  side 2    Res =  0.5688E+02
 MRCHDU: Convergence failed at  57  side 2    Res =  0.6871E+02
 MRCHDU: Convergence failed at  58  side 2    Res =  0.1073E+03
 MRCHDU: Convergence failed at  59  side 2    Res =  0.1544E+03
 MRCHDU: Convergence failed at  60  side 2    Res =  0.7794E+03
 MRCHDU: Convergence failed at  61  side 2    Res =  0.7944E+03
 MRCHDU: Convergence failed at  62  side 2    Res =  0.1653E+03
 MRCHDU: Convergence failed at  63  side 2    Res =  0.9965E+02
 MRCHDU: Convergence failed at  64  side 2    Res =  0.8270E+02
 MRCHDU: Convergence failed at  65  side 2    Res =  0.6721E+02
 MRCHDU: Convergence failed at  66  side 2    Res =  0.5110E+02
 MRCHDU: Convergence failed at  67  side 2    Res =  0.4684E+02
 MRCHDU: Convergence failed at  68  side 2    Res =  0.9163E+02
 MRCHDU: Convergence failed at  69  side 2    Res =  0.1028E+03
 MRCHDU: Convergence failed at  70  side 2    Res =  0.1156E+03
 MRCHDU: Convergence failed at  71  side 2    Res =  0.1387E+03
 MRCHDU: Convergence failed at  72  side 2    Res =  0.1826E+03
 MRCHDU: Convergence failed at  73  side 2    Res =  0.1954E+03
 MRCHDU: Convergence failed at  74  side 2    Res =  0.6116E+02
 MRCHDU: Convergence failed at  75  side 2    Res =  0.5539E+02
 MRCHDU: Convergence failed at  76  side 2    Res =  0.6238E+02
 MRCHDU: Convergence failed at  77  side 2    Res =  0.2576E+03
 MRCHDU: Convergence failed at  78  side 2    Res =  0.5049E+04
 MRCHDU: Convergence failed at  79  side 2    Res =  0.4346E+03
 MRCHDU: Convergence failed at  80  side 2    Res =  0.2586E+03
 MRCHDU: Convergence failed at  81  side 2    Res =  0.2702E+04
 MRCHDU: Convergence failed at  82  side 2    Res =  0.7178E+02
 MRCHDU: Convergence failed at  83  side 2    Res =  0.2334E+03
 MRCHDU: Convergence failed at  84  side 2    Res =  0.1035E+04
 MRCHDU: Convergence failed at  85  side 2    Res =  0.7321E+03
 Side 1  free  transition at x/c =  0.7319   58
 Side 2  free  transition at x/c =  0.0331   22

   4   rms: 0.2348E+01   max: -.2513E+02   T at   22  2   RLX: 0.020
       a = -4.000      CL = -1.8220
      Cm =  0.4509     CD =  0.00529   =>   CDf =  0.00360    CDp =  0.00169

 Side 1  free  transition at x/c =  0.7321   58
 Side 2  free  transition at x/c =  0.0343   23
 idif Ue xi dudx           1  0.18690901      5.37300110E-03   34.786705    
 Uenew xinew           2  6.51809499E-02  1.87373161E-03

   5   rms: 0.2380E+01   max: 0.1674E+02   T at   23  2   RLX: 0.090
       a = -4.000      CL = -1.1534
      Cm =  0.2205     CD =  0.04718   =>   CDf =  0.00407    CDp =  0.04311

 Side 1  free  transition at x/c =  0.7437   58
 Side 2  free  transition at x/c =  0.0332   23

   6   rms: 0.1005E+01   max: 0.4560E+01   D at   99  2   RLX: 0.262
       a = -4.000      CL = -0.9848
      Cm =  0.1732     CD =  0.06775   =>   CDf =  0.00421    CDp =  0.06354

 MRCHDU: Convergence failed at  97  side 2    Res =  0.1372E+01
 MRCHDU: Convergence failed at  98  side 2    Res =  0.3760E+01
 MRCHDU: Convergence failed at  99  side 2    Res =  0.1493E+01
 MRCHDU: Convergence failed at 100  side 2    Res =  0.2076E+01
 MRCHDU: Convergence failed at 101  side 2    Res =  0.3218E+01
 Side 1  free  transition at x/c =  0.7589   59
 Side 2  free  transition at x/c =  0.0327   23

   7   rms: 0.7486E+00   max: -.1506E+01   C at  100  2   RLX: 0.315
       a = -4.000      CL = -0.3607
      Cm =  0.0130     CD =  0.06458   =>   CDf =  0.00443    CDp =  0.06015

 Side 1  free  transition at x/c =  0.7623   60
 Side 2  free  transition at x/c =  0.0330   22

   8   rms: 0.5817E+00   max: -.1305E+01   C at  100  2   RLX: 0.383
       a = -4.000      CL =  0.0540
      Cm = -0.0828     CD =  0.06806   =>   CDf =  0.00436    CDp =  0.06370

 Side 1  free  transition at x/c =  0.7605   60
 Side 2  free  transition at x/c =  0.0331   22

   9   rms: 0.4159E+00   max: -.9800E+00   C at  103  2   RLX: 0.510
       a = -4.000      CL =  0.3433
      Cm = -0.1510     CD =  0.05968   =>   CDf =  0.00440    CDp =  0.05528

 MRCHDU: Convergence failed at  42  side 2    Res =  0.1482E+02
 MRCHDU: Convergence failed at  43  side 2    Res =  0.2361E+02
 MRCHDU: Convergence failed at  44  side 2    Res =  0.2675E+02
 MRCHDU: Convergence failed at  45  side 2    Res =  0.3057E+02
 MRCHDU: Convergence failed at  46  side 2    Res =  0.3294E+02
 MRCHDU: Convergence failed at  47  side 2    Res =  0.3839E+02
 MRCHDU: Convergence failed at  48  side 2    Res =  0.4546E+02
 MRCHDU: Convergence failed at  49  side 2    Res =  0.4493E+02
 MRCHDU: Convergence failed at  50  side 2    Res =  0.5499E+02
 MRCHDU: Convergence failed at  51  side 2    Res =  0.7073E+02
 MRCHDU: Convergence failed at  52  side 2    Res =  0.8129E+02
 MRCHDU: Convergence failed at  53  side 2    Res =  0.1168E+03
 MRCHDU: Convergence failed at  54  side 2    Res =  0.2017E+03
 MRCHDU: Convergence failed at  55  side 2    Res =  0.3609E+03
 MRCHDU: Convergence failed at  56  side 2    Res =  0.6377E+03
 MRCHDU: Convergence failed at  57  side 2    Res =  0.5162E+03
 MRCHDU: Convergence failed at  58  side 2    Res =  0.1790E+03
 MRCHDU: Convergence failed at  59  side 2    Res =  0.1095E+03
 MRCHDU: Convergence failed at  60  side 2    Res =  0.8938E+02
 MRCHDU: Convergence failed at  61  side 2    Res =  0.8443E+02
 MRCHDU: Convergence failed at  62  side 2    Res =  0.6301E+02
 MRCHDU: Convergence failed at  63  side 2    Res =  0.5301E+02
 MRCHDU: Convergence failed at  64  side 2    Res =  0.4878E+02
 MRCHDU: Convergence failed at  65  side 2    Res =  0.4145E+02
 MRCHDU: Convergence failed at  66  side 2    Res =  0.3554E+02
 MRCHDU: Convergence failed at  67  side 2    Res =  0.3214E+02
 MRCHDU: Convergence failed at  68  side 2    Res =  0.3112E+02
 MRCHDU: Convergence failed at  69  side 2    Res =  0.2032E+02
 MRCHDU: Convergence failed at  70  side 2    Res =  0.2236E+02
 MRCHDU: Convergence failed at  71  side 2    Res =  0.2395E+02
 MRCHDU: Convergence failed at  72  side 2    Res =  0.2705E+02
 MRCHDU: Convergence failed at  73  side 2    Res =  0.2822E+02
 MRCHDU: Convergence failed at  74  side 2    Res =  0.3274E+02
 MRCHDU: Convergence failed at  75  side 2    Res =  0.3818E+02
 MRCHDU: Convergence failed at  76  side 2    Res =  0.4668E+02
 MRCHDU: Convergence failed at  77  side 2    Res =  0.5466E+02
 MRCHDU: Convergence failed at  78  side 2    Res =  0.6336E+02
 MRCHDU: Convergence failed at  79  side 2    Res =  0.8615E+02
 MRCHDU: Convergence failed at  80  side 2    Res =  0.1511E+03
 MRCHDU: Convergence failed at  81  side 2    Res =  0.3654E+03
 MRCHDU: Convergence failed at  82  side 2    Res =  0.1035E+04
 MRCHDU: Convergence failed at  83  side 2    Res =  0.1680E+03
 MRCHDU: Convergence failed at  84  side 2    Res =  0.7803E+02
 Side 1  free  transition at x/c =  0.7549   61
 Side 2  free  transition at x/c =  0.3413   42

  10   rms: 0.9646E+01   max: 0.1478E+03   T at   42  2   RLX: 0.008
       a = -4.000      CL = -0.5056
      Cm =  0.1081     CD =  0.01119   =>   CDf =  0.00380    CDp =  0.00739

 Side 1  free  transition at x/c =  0.7548   61
 Side 2  free  transition at x/c =  0.3293   41

  11   rms: 0.6534E+01   max: -.1237E+03   T at   41  2   RLX: 0.004
       a = -4.000      CL = -0.2550
      Cm =  0.0015     CD =  0.07104   =>   CDf =  0.00403    CDp =  0.06702

 Side 1  free  transition at x/c =  0.7548   61
 Side 2  free  transition at x/c =  0.3293   41

  12   rms: 0.3462E+01   max: -.7233E+02   T at   41  2   RLX: 0.007
       a = -4.000      CL = -0.2566
      Cm =  0.0088     CD =  0.07228   =>   CDf =  0.00404    CDp =  0.06824

 Side 1  free  transition at x/c =  0.7548   61
 Side 2  free  transition at x/c =  0.3279   41

  13   rms: 0.1911E+01   max: -.3420E+02   T at   41  2   RLX: 0.015
       a = -4.000      CL = -0.2495
      Cm =  0.0130     CD =  0.07313   =>   CDf =  0.00406    CDp =  0.06908

 Side 1  free  transition at x/c =  0.7549   61
 Side 2  free  transition at x/c =  0.2922   39

  14   rms: 0.1445E+01   max: 0.2036E+02   T at   39  2   RLX: 0.050
       a = -4.000      CL = -0.2130
      Cm = -0.0048     CD =  0.07654   =>   CDf =  0.00409    CDp =  0.07245

 Side 1  free  transition at x/c =  0.7555   61
 Side 2  free  transition at x/c =  0.0864   27

  15   rms: 0.2057E+01   max: 0.2661E+02   T at   27  2   RLX: 0.056
       a = -4.000      CL = -0.1977
      Cm =  0.0016     CD =  0.09280   =>   CDf =  0.00419    CDp =  0.08861

 Side 1  free  transition at x/c =  0.7573   61
 Side 2  free  transition at x/c =  0.0792   26
 idif Ue xi dudx           1  0.11464131      3.23414803E-03   35.447144    
 Uenew xinew           2  3.11428844E-03  8.78572464E-05

  16   rms: 0.9811E+00   max: 0.2042E+02   T at   26  2   RLX: 0.073
       a = -4.000      CL = -0.2348
      Cm =  0.0059     CD =  0.08791   =>   CDf =  0.00412    CDp =  0.08379

 Side 1  free  transition at x/c =  0.7587   60
 Side 2  free  transition at x/c =  0.0630   26

  17   rms: 0.7205E+00   max: 0.1032E+02   T at   26  2   RLX: 0.145
       a = -4.000      CL = -0.1957
      Cm = -0.0046     CD =  0.08545   =>   CDf =  0.00418    CDp =  0.08126

 Side 1  free  transition at x/c =  0.7613   60
 Side 2  free  transition at x/c =  0.0545   25

  18   rms: 0.5762E+00   max: 0.5091E+01   T at   25  2   RLX: 0.295
       a = -4.000      CL =  0.0063
      Cm = -0.0548     CD =  0.07795   =>   CDf =  0.00427    CDp =  0.07368

 Side 1  free  transition at x/c =  0.7639   61
 Side 2  free  transition at x/c =  0.0461   23

  19   rms: 0.5071E+00   max: -.1512E+01   C at   98  2   RLX: 0.331
       a = -4.000      CL =  0.1796
      Cm = -0.0924     CD =  0.07791   =>   CDf =  0.00429    CDp =  0.07361

 Side 1  free  transition at x/c =  0.7628   61
 Side 2  free  transition at x/c =  0.0434   23

  20   rms: 0.3972E+00   max: -.1187E+01   C at   99  2   RLX: 0.421
       a = -4.000      CL =  0.3803
      Cm = -0.1414     CD =  0.07528   =>   CDf =  0.00431    CDp =  0.07097

 Side 1  free  transition at x/c =  0.7588   61
 Side 2  free  transition at x/c =  0.0417   23

  21   rms: 0.3317E+00   max: -.1002E+01   D at  102  2   RLX: 0.499
       a = -4.000      CL =  0.4975
      Cm = -0.1719     CD =  0.06315   =>   CDf =  0.00430    CDp =  0.05885

 Side 1  free  transition at x/c =  0.7531   62
 Side 2  free  transition at x/c =  0.0409   22
 idif Ue xi dudx           1  0.12854168      3.00598145E-03   42.761967    
 Uenew xinew           2  7.25391833E-03  1.69634819E-04

  22   rms: 0.2953E+00   max: -.1078E+01   D at  100  2   RLX: 0.464
       a = -4.000      CL =  0.5378
      Cm = -0.1863     CD =  0.05900   =>   CDf =  0.00421    CDp =  0.05479

 Side 1  free  transition at x/c =  0.7491   60
 Side 2  free  transition at x/c =  0.0406   23

  23   rms: 0.2639E+00   max: 0.1011E+01   D at    2  2   RLX: 0.546
       a = -4.000      CL =  0.5502
      Cm = -0.1977     CD =  0.05407   =>   CDf =  0.00413    CDp =  0.04994

 Side 1  free  transition at x/c =  0.7420   60
 Side 2  free  transition at x/c =  0.0404   23

  24   rms: 0.2024E+00   max: -.7878E+00   D at   84  2   RLX: 0.635
       a = -4.000      CL =  0.5638
      Cm = -0.2061     CD =  0.04713   =>   CDf =  0.00401    CDp =  0.04312

 Side 1  free  transition at x/c =  0.7375   60
 Side 2  free  transition at x/c =  0.0403   23

  25   rms: 0.1746E+00   max: -.6973E+00   D at   84  2   RLX: 0.717
       a = -4.000      CL =  0.5622
      Cm = -0.2122     CD =  0.04325   =>   CDf =  0.00396    CDp =  0.03929

 Side 1  free  transition at x/c =  0.7347   59
 Side 2  free  transition at x/c =  0.0401   23

  26   rms: 0.3485E+00   max: -.2860E+01   T at   23  2   RLX: 0.175
       a = -4.000      CL =  0.5426
      Cm = -0.2087     CD =  0.04032   =>   CDf =  0.00391    CDp =  0.03642

 Side 1  free  transition at x/c =  0.7342   59
 Side 2  free  transition at x/c =  0.0410   23

  27   rms: 0.1151E+00   max: -.6334E+00   D at   84  2   RLX: 0.789
       a = -4.000      CL =  0.5340
      Cm = -0.2081     CD =  0.04204   =>   CDf =  0.00385    CDp =  0.03819

 Side 1  free  transition at x/c =  0.7314   59
 Side 2  free  transition at x/c =  0.0404   23

  28   rms: 0.1070E+00   max: -.4693E+00   D at   84  2
       a = -4.000      CL =  0.6019
      Cm = -0.2155     CD =  0.04129   =>   CDf =  0.00385    CDp =  0.03744

 Side 1  free  transition at x/c =  0.7331   59
 Side 2  free  transition at x/c =  0.0405   23

  29   rms: 0.9986E-01   max: -.5046E+00   D at   84  2   RLX: 0.991
       a = -4.000      CL =  0.6038
      Cm = -0.2155     CD =  0.04133   =>   CDf =  0.00392    CDp =  0.03741

 Side 1  free  transition at x/c =  0.7331   59
 Side 2  free  transition at x/c =  0.0407   23

  30   rms: 0.4994E-01   max: -.3759E+00   T at   23  2
       a = -4.000      CL =  0.6396
      Cm = -0.2233     CD =  0.03927   =>   CDf =  0.00400    CDp =  0.03527

 Side 1  free  transition at x/c =  0.7340   60
 Side 2  free  transition at x/c =  0.0414   22

  31   rms: 0.4320E-01   max: -.1783E+00   D at   75  2
       a = -4.000      CL =  0.6423
      Cm = -0.2242     CD =  0.03924   =>   CDf =  0.00403    CDp =  0.03521

 Side 1  free  transition at x/c =  0.7340   60
 Side 2  free  transition at x/c =  0.0416   22

  32   rms: 0.5608E-02   max: -.3779E-01   T at   22  2
       a = -4.000      CL =  0.6457
      Cm = -0.2252     CD =  0.03906   =>   CDf =  0.00407    CDp =  0.03498

 Side 1  free  transition at x/c =  0.7340   60
 Side 2  free  transition at x/c =  0.0417   22

  33   rms: 0.6009E-03   max: -.1931E-02   D at   57  2
       a = -4.000      CL =  0.6458
      Cm = -0.2253     CD =  0.03907   =>   CDf =  0.00408    CDp =  0.03499

 Side 1  free  transition at x/c =  0.7340   60
 Side 2  free  transition at x/c =  0.0417   22

  34   rms: 0.3863E-04   max: -.2007E-03   D at   59  2
       a = -4.000      CL =  0.6458
      Cm = -0.2253     CD =  0.03908   =>   CDf =  0.00408    CDp =  0.03499
 plradd ia,ip,cpol            1           0  3.32827959E-03

 Point added to stored polar  1
 Point written to save file  ch10sm_Re400k.base.pol                          
 Dump file unspecified or not available
 Calculating wake trajectory ...
 Calculating source influence matrix ...

 Solving BL system ...

 Side 1  free  transition at x/c =  0.7340   60
 Side 2  free  transition at x/c =  0.0417   22

   1   rms: 0.7988E-01   max: -.6867E+00   T at   22  2   RLX: 0.728
       a = -3.500      CL =  0.6778
      Cm = -0.2273     CD =  0.03684   =>   CDf =  0.00409    CDp =  0.03276

 Side 1  free  transition at x/c =  0.7283   60
 Side 2  free  transition at x/c =  0.0435   22

   2   rms: 0.7661E-01   max: -.4216E+00   T at   22  2
       a = -3.500      CL =  0.7050
      Cm = -0.2332     CD =  0.03481   =>   CDf =  0.00407    CDp =  0.03074

 Side 1  free  transition at x/c =  0.7270   60
 Side 2  free  transition at x/c =  0.0460   22

   3   rms: 0.1812E+00   max: -.1607E+01   T at   22  2   RLX: 0.311
       a = -3.500      CL =  0.7210
      Cm = -0.2387     CD =  0.03449   =>   CDf =  0.00414    CDp =  0.03035

 Side 1  free  transition at x/c =  0.7271   60
 Side 2  free  transition at x/c =  0.0467   22

   4   rms: 0.7383E-01   max: -.4100E+00   D at   22  2
       a = -3.500      CL =  0.7459
      Cm = -0.2463     CD =  0.03144   =>   CDf =  0.00421    CDp =  0.02723

 Side 1  free  transition at x/c =  0.7272   60
 Side 2  free  transition at x/c =  0.0495   23

   5   rms: 0.1412E+00   max: 0.5573E+00   D at   39  2
       a = -3.500      CL =  0.7751
      Cm = -0.2579     CD =  0.02740   =>   CDf =  0.00513    CDp =  0.02227

 Side 1  free  transition at x/c =  0.7274   60
 Side 2  free  transition at x/c =  0.0494   23

   6   rms: 0.1033E+00   max: -.3929E+00   D at   68  2
       a = -3.500      CL =  0.7686
      Cm = -0.2560     CD =  0.02784   =>   CDf =  0.00431    CDp =  0.02353

 Side 1  free  transition at x/c =  0.7274   60
 Side 2  free  transition at x/c =  0.0496   23

   7   rms: 0.1533E-01   max: -.8766E-01   D at   66  2
       a = -3.500      CL =  0.7613
      Cm = -0.2529     CD =  0.02820   =>   CDf =  0.00451    CDp =  0.02369

 Side 1  free  transition at x/c =  0.7274   60
 Side 2  free  transition at x/c =  0.0497   23

   8   rms: 0.4852E-03   max: -.3529E-02   D at   66  2
       a = -3.500      CL =  0.7612
      Cm = -0.2528     CD =  0.02820   =>   CDf =  0.00453    CDp =  0.02367

 Side 1  free  transition at x/c =  0.7273   60
 Side 2  free  transition at x/c =  0.0497   23

   9   rms: 0.5668E-05   max: 0.2662E-04   D at   75  2
       a = -3.500      CL =  0.7612
      Cm = -0.2528     CD =  0.02820   =>   CDf =  0.00453    CDp =  0.02367
 plradd ia,ip,cpol            2           0  3.32827959E-03

 Point added to stored polar  1
 Point written to save file  ch10sm_Re400k.base.pol                          
 Dump file unspecified or not available
 Calculating wake trajectory ...
 Calculating source influence matrix ...

 Solving BL system ...

 Side 1  free  transition at x/c =  0.7273   60
 Side 2  free  transition at x/c =  0.0497   23

   1   rms: 0.9716E-01   max: -.6756E+00   T at   23  2   RLX: 0.740
       a = -3.000      CL =  0.7992
      Cm = -0.2545     CD =  0.02663   =>   CDf =  0.00453    CDp =  0.02210

 Side 1  free  transition at x/c =  0.7227   60
 Side 2  free  transition at x/c =  0.0529   23

   2   rms: 0.1009E+00   max: -.4336E+00   T at   23  2
       a = -3.000      CL =  0.8304
      Cm = -0.2604     CD =  0.02520   =>   CDf =  0.00442    CDp =  0.02078

 Side 1  free  transition at x/c =  0.7218   61
 Side 2  free  transition at x/c =  0.0558   22

   3   rms: 0.1174E+02   max: 0.1138E+03   T at   22  2   RLX: 0.011
       a = -3.000      CL =  0.7864
      Cm = -0.2488     CD =  0.03019   =>   CDf =  0.00459    CDp =  0.02560

 Side 1  free  transition at x/c =  0.7216   61
 Side 2  free  transition at x/c =  0.0502   22

   4   rms: 0.1413E+00   max: -.5882E+00   D at   23  2   RLX: 0.850
       a = -3.000      CL =  0.7901
      Cm = -0.2483     CD =  0.03111   =>   CDf =  0.00425    CDp =  0.02686

 Side 1  free  transition at x/c =  0.7215   61
 Side 2  free  transition at x/c =  0.0512   22

   5   rms: 0.7220E-01   max: -.4378E+00   T at   22  2
       a = -3.000      CL =  0.8117
      Cm = -0.2532     CD =  0.02772   =>   CDf =  0.00451    CDp =  0.02321

 Side 1  free  transition at x/c =  0.7216   61
 Side 2  free  transition at x/c =  0.0535   22

   6   rms: 0.7345E-01   max: -.3042E+00   T at   22  2
       a = -3.000      CL =  0.8257
      Cm = -0.2581     CD =  0.02578   =>   CDf =  0.00457    CDp =  0.02122

 Side 1  free  transition at x/c =  0.7217   61
 Side 2  free  transition at x/c =  0.0556   22

   7   rms: 0.1005E+00   max: -.7084E+00   T at   22  2   RLX: 0.706
       a = -3.000      CL =  0.8385
      Cm = -0.2617     CD =  0.02481   =>   CDf =  0.00470    CDp =  0.02011

 Side 1  free  transition at x/c =  0.7217   61
 Side 2  free  transition at x/c =  0.0584   22

   8   rms: 0.1893E+00   max: -.5889E+00   T at   23  2   RLX: 0.849
       a = -3.000      CL =  0.8030
      Cm = -0.2504     CD =  0.02845   =>   CDf =  0.00447    CDp =  0.02398

 Side 1  free  transition at x/c =  0.7217   61
 Side 2  free  transition at x/c =  0.0541   22

   9   rms: 0.1230E+00   max: -.4897E+00   D at   22  2
       a = -3.000      CL =  0.8364
      Cm = -0.2622     CD =  0.02440   =>   CDf =  0.00448    CDp =  0.01992

 Side 1  free  transition at x/c =  0.7217   61
 Side 2  free  transition at x/c =  0.0564   22

  10   rms: 0.7181E-01   max: 0.8379E+00   T at   22  2
       a = -3.000      CL =  0.8160
      Cm = -0.2560     CD =  0.02576   =>   CDf =  0.00465    CDp =  0.02111

 Side 1  free  transition at x/c =  0.7216   61
 Side 2  free  transition at x/c =  0.0538   22

  11   rms: 0.1548E+00   max: -.5184E+00   D at   66  2   RLX: 0.965
       a = -3.000      CL =  0.8405
      Cm = -0.2646     CD =  0.02482   =>   CDf =  0.00440    CDp =  0.02042

 Side 1  free  transition at x/c =  0.7217   61
 Side 2  free  transition at x/c =  0.0563   22

  12   rms: 0.8040E-01   max: 0.9679E+00   T at   22  2   RLX: 0.897
       a = -3.000      CL =  0.8115
      Cm = -0.2547     CD =  0.02676   =>   CDf =  0.00465    CDp =  0.02211

 Side 1  free  transition at x/c =  0.7216   61
 Side 2  free  transition at x/c =  0.0525   22

  13   rms: 0.1297E+00   max: -.4690E+00   D at   68  2
       a = -3.000      CL =  0.8255
      Cm = -0.2589     CD =  0.02673   =>   CDf =  0.00436    CDp =  0.02237

 Side 1  free  transition at x/c =  0.7216   61
 Side 2  free  transition at x/c =  0.0541   22

  14   rms: 0.5393E-01   max: -.3118E+00   T at   22  2
       a = -3.000      CL =  0.8295
      Cm = -0.2590     CD =  0.02553   =>   CDf =  0.00467    CDp =  0.02086

 Side 1  free  transition at x/c =  0.7217   61
 Side 2  free  transition at x/c =  0.0565   22

  15   rms: 0.4243E-01   max: 0.5128E+00   T at   22  2
       a = -3.000      CL =  0.8206
      Cm = -0.2570     CD =  0.02593   =>   CDf =  0.00472    CDp =  0.02121

 Side 1  free  transition at x/c =  0.7216   61
 Side 2  free  transition at x/c =  0.0544   22

  16   rms: 0.1280E+00   max: -.4166E+00   T at   22  2
       a = -3.000      CL =  0.8417
      Cm = -0.2638     CD =  0.02426   =>   CDf =  0.00451    CDp =  0.01974

 Side 1  free  transition at x/c =  0.7217   61
 Side 2  free  transition at x/c =  0.0579   22

  17   rms: 0.1352E+00   max: -.4376E+00   D at   62  2
       a = -3.000      CL =  0.8349
      Cm = -0.2610     CD =  0.02507   =>   CDf =  0.00455    CDp =  0.02052

 Side 1  free  transition at x/c =  0.7217   61
 Side 2  free  transition at x/c =  0.0572   22

  18   rms: 0.6614E-01   max: 0.2401E+00   T at   22  2
       a = -3.000      CL =  0.8302
      Cm = -0.2596     CD =  0.02515   =>   CDf =  0.00469    CDp =  0.02046

 Side 1  free  transition at x/c =  0.7217   61
 Side 2  free  transition at x/c =  0.0564   22

  19   rms: 0.4227E-01   max: 0.4591E+00   T at   22  2
       a = -3.000      CL =  0.8192
      Cm = -0.2564     CD =  0.02620   =>   CDf =  0.00468    CDp =  0.02152

 Side 1  free  transition at x/c =  0.7216   61
 Side 2  free  transition at x/c =  0.0541   22

  20   rms: 0.1131E+00   max: -.3770E+00   T at   22  2
       a = -3.000      CL =  0.8371
      Cm = -0.2622     CD =  0.02471   =>   CDf =  0.00452    CDp =  0.02018

 Side 1  free  transition at x/c =  0.7217   61
 Side 2  free  transition at x/c =  0.0571   22

  21   rms: 0.7589E-01   max: -.2645E+00   D at   59  2
       a = -3.000      CL =  0.8306
      Cm = -0.2598     CD =  0.02514   =>   CDf =  0.00464    CDp =  0.02049

 Side 1  free  transition at x/c =  0.7217   61
 Side 2  free  transition at x/c =  0.0562   22

  22   rms: 0.4963E-01   max: 0.5668E+00   T at   22  2
       a = -3.000      CL =  0.8133
      Cm = -0.2546     CD =  0.02681   =>   CDf =  0.00467    CDp =  0.02214

 Side 1  free  transition at x/c =  0.7216   61
 Side 2  free  transition at x/c =  0.0532   22

  23   rms: 0.1100E+00   max: -.3612E+00   D at   62  2
       a = -3.000      CL =  0.8289
      Cm = -0.2597     CD =  0.02570   =>   CDf =  0.00446    CDp =  0.02124

 Side 1  free  transition at x/c =  0.7216   61
 Side 2  free  transition at x/c =  0.0554   22

  24   rms: 0.1035E+00   max: -.6530E+00   T at   22  2   RLX: 0.766
       a = -3.000      CL =  0.8411
      Cm = -0.2626     CD =  0.02465   =>   CDf =  0.00468    CDp =  0.01997

 Side 1  free  transition at x/c =  0.7218   61
 Side 2  free  transition at x/c =  0.0580   22

  25   rms: 0.1632E+01   max: 0.5086E+01   D at   36  2   RLX: 0.108
       a = -3.000      CL =  0.7394
      Cm = -0.2327     CD =  0.03643   =>   CDf =  0.00453    CDp =  0.03190

 MRCHDU: Convergence failed at  59  side 2    Res =  0.6371E+00
 MRCHDU: Convergence failed at  61  side 2    Res =  0.9647E+00
 MRCHDU: Convergence failed at  62  side 2    Res =  0.1395E+01
 MRCHDU: Convergence failed at  63  side 2    Res =  0.2679E+01
 MRCHDU: Convergence failed at  64  side 2    Res =  0.5455E+01
 MRCHDU: Convergence failed at  65  side 2    Res =  0.1201E+01
 MRCHDU: Convergence failed at  66  side 2    Res =  0.1872E+01
 MRCHDU: Convergence failed at  67  side 2    Res =  0.2513E+01
 MRCHDU: Convergence failed at  68  side 2    Res =  0.3535E+01
 MRCHDU: Convergence failed at  69  side 2    Res =  0.5954E+01
 MRCHDU: Convergence failed at  70  side 2    Res =  0.1608E+02
 MRCHDU: Convergence failed at  71  side 2    Res =  0.2203E+02
 MRCHDU: Convergence failed at  72  side 2    Res =  0.5629E+01
 MRCHDU: Convergence failed at  73  side 2    Res =  0.3287E+01
 MRCHDU: Convergence failed at  74  side 2    Res =  0.2572E+01
 MRCHDU: Convergence failed at  75  side 2    Res =  0.2134E+01
 MRCHDU: Convergence failed at  76  side 2    Res =  0.1820E+01
 MRCHDU: Convergence failed at  77  side 2    Res =  0.1518E+01
 MRCHDU: Convergence failed at  78  side 2    Res =  0.1610E+01
 MRCHDU: Convergence failed at  79  side 2    Res =  0.2097E+01
 MRCHDU: Convergence failed at  80  side 2    Res =  0.3897E+01
 MRCHDU: Convergence failed at  81  side 2    Res =  0.6937E+01
 MRCHDU: Convergence failed at  82  side 2    Res =  0.7974E+01
 Side 1  free  transition at x/c =  0.7215   61
 Side 2  free  transition at x/c =  0.0482   21
 idif Ue xi dudx           1  0.15946341      3.26931477E-03   48.775787    
 Uenew xinew           2  3.49801928E-02  7.17163086E-04

  26   rms: 0.2850E+00   max: -.9413E+00   D at   22  2   RLX: 0.531
       a = -3.000      CL =  0.6657
      Cm = -0.2183     CD =  0.04988   =>   CDf =  0.00414    CDp =  0.04574

 Side 1  free  transition at x/c =  0.7198   59
 Side 2  free  transition at x/c =  0.0499   23

  27   rms: 0.2383E+00   max: -.1545E+01   T at   23  2   RLX: 0.324
       a = -3.000      CL =  0.7444
      Cm = -0.2358     CD =  0.02191   =>   CDf =  0.00630    CDp =  0.01562

 Side 1  free  transition at x/c =  0.7207   59
 Side 2  free  transition at x/c =  0.0523   23

  28   rms: 0.1439E+00   max: -.9100E+00   T at   23  2   RLX: 0.549
       a = -3.000      CL =  0.7992
      Cm = -0.2511     CD =  0.02481   =>   CDf =  0.00530    CDp =  0.01951

 Side 1  free  transition at x/c =  0.7214   60
 Side 2  free  transition at x/c =  0.0546   22

  29   rms: 0.3972E-01   max: -.4375E+00   D at   22  2
       a = -3.000      CL =  0.8219
      Cm = -0.2559     CD =  0.02691   =>   CDf =  0.00475    CDp =  0.02216

 Side 1  free  transition at x/c =  0.7215   61
 Side 2  free  transition at x/c =  0.0548   22

  30   rms: 0.2496E-01   max: -.3244E+00   T at   22  2
       a = -3.000      CL =  0.8314
      Cm = -0.2595     CD =  0.02533   =>   CDf =  0.00485    CDp =  0.02048

 Side 1  free  transition at x/c =  0.7217   61
 Side 2  free  transition at x/c =  0.0572   22

  31   rms: 0.6048E-01   max: 0.2395E+00   T at   22  2
       a = -3.000      CL =  0.8294
      Cm = -0.2594     CD =  0.02517   =>   CDf =  0.00469    CDp =  0.02048

 Side 1  free  transition at x/c =  0.7217   61
 Side 2  free  transition at x/c =  0.0563   22

  32   rms: 0.4896E-01   max: 0.5732E+00   T at   22  2
       a = -3.000      CL =  0.8153
      Cm = -0.2553     CD =  0.02655   =>   CDf =  0.00468    CDp =  0.02187

 Side 1  free  transition at x/c =  0.7216   61
 Side 2  free  transition at x/c =  0.0534   22

  33   rms: 0.1132E+00   max: -.3745E+00   D at   62  2
       a = -3.000      CL =  0.8311
      Cm = -0.2604     CD =  0.02548   =>   CDf =  0.00446    CDp =  0.02102

 Side 1  free  transition at x/c =  0.7217   61
 Side 2  free  transition at x/c =  0.0557   22

  34   rms: 0.1163E+00   max: -.8204E+00   T at   22  2   RLX: 0.609
       a = -3.000      CL =  0.8414
      Cm = -0.2626     CD =  0.02492   =>   CDf =  0.00468    CDp =  0.02024

 Side 1  free  transition at x/c =  0.7218   61
 Side 2  free  transition at x/c =  0.0583   22

  35   rms: 0.1611E+00   max: -.8121E+00   T at   28  2   RLX: 0.616
       a = -3.000      CL =  0.7736
      Cm = -0.2414     CD =  0.03205   =>   CDf =  0.00450    CDp =  0.02755

 Side 1  free  transition at x/c =  0.7216   61
 Side 2  free  transition at x/c =  0.0504   22

  36   rms: 0.1791E+00   max: -.6870E+00   D at   22  2   RLX: 0.728
       a = -3.000      CL =  0.7976
      Cm = -0.2540     CD =  0.02910   =>   CDf =  0.00423    CDp =  0.02486

 Side 1  free  transition at x/c =  0.7216   61
 Side 2  free  transition at x/c =  0.0517   22

  37   rms: 0.1018E+00   max: -.4742E+00   D at   22  2
       a = -3.000      CL =  0.8216
      Cm = -0.2572     CD =  0.02680   =>   CDf =  0.00442    CDp =  0.02238

 Side 1  free  transition at x/c =  0.7216   61
 Side 2  free  transition at x/c =  0.0538   22

  38   rms: 0.6922E-01   max: -.3123E+00   T at   22  2
       a = -3.000      CL =  0.8291
      Cm = -0.2591     CD =  0.02559   =>   CDf =  0.00459    CDp =  0.02099

 Side 1  free  transition at x/c =  0.7217   61
 Side 2  free  transition at x/c =  0.0561   22

  39   rms: 0.3666E+00   max: 0.3903E+01   T at   22  2   RLX: 0.270
       a = -3.000      CL =  0.8050
      Cm = -0.2530     CD =  0.02793   =>   CDf =  0.00471    CDp =  0.02322

 Side 1  free  transition at x/c =  0.7216   61
 Side 2  free  transition at x/c =  0.0515   22

  40   rms: 0.1277E+00   max: -.4957E+00   D at   23  2
       a = -3.000      CL =  0.8148
      Cm = -0.2551     CD =  0.02810   =>   CDf =  0.00432    CDp =  0.02377

 Side 1  free  transition at x/c =  0.7216   61
 Side 2  free  transition at x/c =  0.0529   22

  41   rms: 0.5044E-01   max: -.3427E+00   T at   22  2
       a = -3.000      CL =  0.8231
      Cm = -0.2570     CD =  0.02627   =>   CDf =  0.00465    CDp =  0.02162

 Side 1  free  transition at x/c =  0.7216   61
 Side 2  free  transition at x/c =  0.0553   22

  42   rms: 0.9688E-01   max: -.5805E+00   T at   22  2   RLX: 0.861
       a = -3.000      CL =  0.8390
      Cm = -0.2620     CD =  0.02454   =>   CDf =  0.00467    CDp =  0.01987

 Side 1  free  transition at x/c =  0.7217   61
 Side 2  free  transition at x/c =  0.0580   22

  43   rms: 0.2580E+01   max: 0.8034E+01   D at   36  2   RLX: 0.070
       a = -3.000      CL =  0.7374
      Cm = -0.2327     CD =  0.03646   =>   CDf =  0.00453    CDp =  0.03193

 MRCHDU: Convergence failed at  59  side 2    Res =  0.7397E+00
 MRCHDU: Convergence failed at  60  side 2    Res =  0.1094E+01
 MRCHDU: Convergence failed at  61  side 2    Res =  0.1565E+01
 MRCHDU: Convergence failed at  62  side 2    Res =  0.2936E+01
 MRCHDU: Convergence failed at  63  side 2    Res =  0.1487E+02
 MRCHDU: Convergence failed at  64  side 2    Res =  0.1559E+01
 MRCHDU: Convergence failed at  65  side 2    Res =  0.1833E+01
 MRCHDU: Convergence failed at  66  side 2    Res =  0.2435E+01
 MRCHDU: Convergence failed at  67  side 2    Res =  0.3488E+01
 MRCHDU: Convergence failed at  68  side 2    Res =  0.5128E+01
 MRCHDU: Convergence failed at  69  side 2    Res =  0.1050E+02
 MRCHDU: Convergence failed at  70  side 2    Res =  0.2767E+03
 MRCHDU: Convergence failed at  71  side 2    Res =  0.1065E+02
 MRCHDU: Convergence failed at  72  side 2    Res =  0.4568E+01
 MRCHDU: Convergence failed at  73  side 2    Res =  0.3010E+01
 MRCHDU: Convergence failed at  74  side 2    Res =  0.2456E+01
 MRCHDU: Convergence failed at  75  side 2    Res =  0.2090E+01
 MRCHDU: Convergence failed at  76  side 2    Res =  0.1806E+01
 MRCHDU: Convergence failed at  77  side 2    Res =  0.1519E+01
 MRCHDU: Convergence failed at  78  side 2    Res =  0.1793E+01
 MRCHDU: Convergence failed at  79  side 2    Res =  0.2442E+01
 MRCHDU: Convergence failed at  80  side 2    Res =  0.5469E+01
 MRCHDU: Convergence failed at  81  side 2    Res =  0.1527E+02
 MRCHDU: Convergence failed at  82  side 2    Res =  0.2181E+02
 Side 1  free  transition at x/c =  0.7215   61
 Side 2  free  transition at x/c =  0.0482   21
 idif Ue xi dudx           1  0.15545088      3.18825245E-03   48.757393    
 Uenew xinew           2  3.10146157E-02  6.36100769E-04

  44   rms: 0.2691E+00   max: -.9336E+00   D at   22  2   RLX: 0.536
       a = -3.000      CL =  0.6628
      Cm = -0.2156     CD =  0.05070   =>   CDf =  0.00414    CDp =  0.04656

 Side 1  free  transition at x/c =  0.7199   59
 Side 2  free  transition at x/c =  0.0498   23

  45   rms: 0.2348E+00   max: -.1537E+01   T at   23  2   RLX: 0.325
       a = -3.000      CL =  0.7414
      Cm = -0.2339     CD =  0.02206   =>   CDf =  0.00632    CDp =  0.01574

 Side 1  free  transition at x/c =  0.7207   59
 Side 2  free  transition at x/c =  0.0520   23

  46   rms: 0.1454E+00   max: -.8897E+00   T at   23  2   RLX: 0.562
       a = -3.000      CL =  0.7981
      Cm = -0.2505     CD =  0.02495   =>   CDf =  0.00532    CDp =  0.01962

 Side 1  free  transition at x/c =  0.7214   60
 Side 2  free  transition at x/c =  0.0543   22

  47   rms: 0.3959E-01   max: -.4483E+00   D at   22  2
       a = -3.000      CL =  0.8206
      Cm = -0.2555     CD =  0.02699   =>   CDf =  0.00475    CDp =  0.02225

 Side 1  free  transition at x/c =  0.7215   61
 Side 2  free  transition at x/c =  0.0545   22

  48   rms: 0.2538E-01   max: -.3207E+00   T at   22  2
       a = -3.000      CL =  0.8306
      Cm = -0.2593     CD =  0.02538   =>   CDf =  0.00483    CDp =  0.02055

 Side 1  free  transition at x/c =  0.7217   61
 Side 2  free  transition at x/c =  0.0569   22

  49   rms: 0.4709E-01   max: 0.3033E+00   T at   22  2
       a = -3.000      CL =  0.8271
      Cm = -0.2587     CD =  0.02534   =>   CDf =  0.00471    CDp =  0.02064

 Side 1  free  transition at x/c =  0.7217   61
 Side 2  free  transition at x/c =  0.0558   22

  50   rms: 0.1807E+01   max: 0.1318E+02   T at   22  2   RLX: 0.090
       a = -3.000      CL =  0.7801
      Cm = -0.2456     CD =  0.03114   =>   CDf =  0.00464    CDp =  0.02650

 MRCHDU: Convergence failed at  48  side 2    Res =  0.1495E+01
 MRCHDU: Convergence failed at  49  side 2    Res =  0.2347E+01
 MRCHDU: Convergence failed at  50  side 2    Res =  0.1867E+01
 MRCHDU: Convergence failed at  51  side 2    Res =  0.1740E+01
 MRCHDU: Convergence failed at  52  side 2    Res =  0.1688E+01
 MRCHDU: Convergence failed at  53  side 2    Res =  0.1560E+01
 MRCHDU: Convergence failed at  54  side 2    Res =  0.1592E+01
 MRCHDU: Convergence failed at  55  side 2    Res =  0.1882E+01
 MRCHDU: Convergence failed at  56  side 2    Res =  0.2164E+01
 MRCHDU: Convergence failed at  57  side 2    Res =  0.2510E+01
 MRCHDU: Convergence failed at  58  side 2    Res =  0.2932E+01
 MRCHDU: Convergence failed at  59  side 2    Res =  0.3455E+01
 MRCHDU: Convergence failed at  60  side 2    Res =  0.4276E+01
 MRCHDU: Convergence failed at  61  side 2    Res =  0.5393E+01
 MRCHDU: Convergence failed at  62  side 2    Res =  0.7128E+01
 MRCHDU: Convergence failed at  63  side 2    Res =  0.1178E+02
 MRCHDU: Convergence failed at  64  side 2    Res =  0.2047E+03
 MRCHDU: Convergence failed at  65  side 2    Res =  0.2735E+02
 MRCHDU: Convergence failed at  66  side 2    Res =  0.1403E+02
 MRCHDU: Convergence failed at  67  side 2    Res =  0.9634E+01
 MRCHDU: Convergence failed at  68  side 2    Res =  0.6959E+01
 MRCHDU: Convergence failed at  69  side 2    Res =  0.5707E+01
 MRCHDU: Convergence failed at  70  side 2    Res =  0.4775E+01
 MRCHDU: Convergence failed at  71  side 2    Res =  0.4179E+01
 MRCHDU: Convergence failed at  72  side 2    Res =  0.3226E+01
 MRCHDU: Convergence failed at  73  side 2    Res =  0.2888E+01
 MRCHDU: Convergence failed at  74  side 2    Res =  0.2644E+01
 MRCHDU: Convergence failed at  75  side 2    Res =  0.2372E+01
 MRCHDU: Convergence failed at  76  side 2    Res =  0.2155E+01
 MRCHDU: Convergence failed at  77  side 2    Res =  0.2589E+01
 MRCHDU: Convergence failed at  78  side 2    Res =  0.3753E+01
 MRCHDU: Convergence failed at  79  side 2    Res =  0.6101E+01
 MRCHDU: Convergence failed at  80  side 2    Res =  0.1543E+02
 MRCHDU: Convergence failed at  81  side 2    Res =  0.2729E+02
 MRCHDU: Convergence failed at  82  side 2    Res =  0.2265E+02
 Side 1  free  transition at x/c =  0.7214   60
 Side 2  free  transition at x/c =  0.0487   22
 idif Ue xi dudx           1  0.13625199      2.75361538E-03   49.481125    
 Uenew xinew           2  9.96865053E-03  2.01463699E-04

  51   rms: 0.1993E+00   max: -.7941E+00   D at   23  2   RLX: 0.630
       a = -3.000      CL =  0.6944
      Cm = -0.2133     CD =  0.04048   =>   CDf =  0.00414    CDp =  0.03634

 Side 1  free  transition at x/c =  0.7208   59
 Side 2  free  transition at x/c =  0.0486   23

  52   rms: 0.2741E+00   max: -.2012E+01   T at   23  2   RLX: 0.249
       a = -3.000      CL =  0.7301
      Cm = -0.2246     CD =  0.02938   =>   CDf =  0.00491    CDp =  0.02446

 Side 1  free  transition at x/c =  0.7210   59
 Side 2  free  transition at x/c =  0.0494   23

  53   rms: 0.1009E+00   max: -.5433E+00   D at   24  2   RLX: 0.920
       a = -3.000      CL =  0.7742
      Cm = -0.2409     CD =  0.03106   =>   CDf =  0.00439    CDp =  0.02666

 Side 1  free  transition at x/c =  0.7214   60
 Side 2  free  transition at x/c =  0.0505   22

  54   rms: 0.8530E-01   max: -.4709E+00   T at   22  2
       a = -3.000      CL =  0.8022
      Cm = -0.2505     CD =  0.02806   =>   CDf =  0.00443    CDp =  0.02363

 Side 1  free  transition at x/c =  0.7214   60
 Side 2  free  transition at x/c =  0.0525   22

  55   rms: 0.8259E-01   max: -.3465E+00   T at   22  2
       a = -3.000      CL =  0.8214
      Cm = -0.2568     CD =  0.02624   =>   CDf =  0.00453    CDp =  0.02172

 Side 1  free  transition at x/c =  0.7216   61
 Side 2  free  transition at x/c =  0.0547   22

  56   rms: 0.7319E-01   max: -.3722E+00   T at   22  2
       a = -3.000      CL =  0.8340
      Cm = -0.2606     CD =  0.02489   =>   CDf =  0.00467    CDp =  0.02022

 Side 1  free  transition at x/c =  0.7218   61
 Side 2  free  transition at x/c =  0.0577   22

  57   rms: 0.1026E+00   max: -.3172E+00   D at   59  2
       a = -3.000      CL =  0.8324
      Cm = -0.2603     CD =  0.02495   =>   CDf =  0.00462    CDp =  0.02033

 Side 1  free  transition at x/c =  0.7217   61
 Side 2  free  transition at x/c =  0.0571   22

  58   rms: 0.5454E-01   max: 0.2425E+00   T at   22  2
       a = -3.000      CL =  0.8287
      Cm = -0.2591     CD =  0.02528   =>   CDf =  0.00470    CDp =  0.02058

 Side 1  free  transition at x/c =  0.7217   61
 Side 2  free  transition at x/c =  0.0561   22

  59   rms: 0.6962E-01   max: 0.7524E+00   T at   22  2
       a = -3.000      CL =  0.8071
      Cm = -0.2528     CD =  0.02738   =>   CDf =  0.00468    CDp =  0.02270

 Side 1  free  transition at x/c =  0.7216   61
 Side 2  free  transition at x/c =  0.0520   22

  60   rms: 0.1167E+00   max: -.3998E+00   D at   66  2
       a = -3.000      CL =  0.8206
      Cm = -0.2570     CD =  0.02691   =>   CDf =  0.00439    CDp =  0.02252

 Side 1  free  transition at x/c =  0.7216   61
 Side 2  free  transition at x/c =  0.0539   22

  61   rms: 0.5631E-01   max: -.3112E+00   T at   22  2
       a = -3.000      CL =  0.8284
      Cm = -0.2588     CD =  0.02558   =>   CDf =  0.00464    CDp =  0.02094

 Side 1  free  transition at x/c =  0.7217   61
 Side 2  free  transition at x/c =  0.0562   22

  62   rms: 0.9245E-01   max: 0.1108E+01   T at   22  2   RLX: 0.859
       a = -3.000      CL =  0.8090
      Cm = -0.2539     CD =  0.02699   =>   CDf =  0.00471    CDp =  0.02228

 Side 1  free  transition at x/c =  0.7216   61
 Side 2  free  transition at x/c =  0.0522   22

  63   rms: 0.1295E+00   max: -.4630E+00   D at   69  2
       a = -3.000      CL =  0.8223
      Cm = -0.2578     CD =  0.02711   =>   CDf =  0.00435    CDp =  0.02276

 Side 1  free  transition at x/c =  0.7216   61
 Side 2  free  transition at x/c =  0.0538   22

  64   rms: 0.5132E-01   max: -.3110E+00   T at   22  2
       a = -3.000      CL =  0.8275
      Cm = -0.2584     CD =  0.02574   =>   CDf =  0.00467    CDp =  0.02108

 Side 1  free  transition at x/c =  0.7217   61
 Side 2  free  transition at x/c =  0.0561   22

  65   rms: 0.3410E+00   max: 0.3497E+01   T at   22  2   RLX: 0.300
       a = -3.000      CL =  0.8031
      Cm = -0.2522     CD =  0.02812   =>   CDf =  0.00471    CDp =  0.02341

 Side 1  free  transition at x/c =  0.7216   61
 Side 2  free  transition at x/c =  0.0513   22

  66   rms: 0.1255E+00   max: -.5061E+00   D at   23  2   RLX: 0.988
       a = -3.000      CL =  0.8113
      Cm = -0.2539     CD =  0.02846   =>   CDf =  0.00432    CDp =  0.02414

 Side 1  free  transition at x/c =  0.7216   61
 Side 2  free  transition at x/c =  0.0526   22

  67   rms: 0.5215E-01   max: -.3558E+00   T at   22  2
       a = -3.000      CL =  0.8218
      Cm = -0.2565     CD =  0.02643   =>   CDf =  0.00464    CDp =  0.02179

 Side 1  free  transition at x/c =  0.7216   61
 Side 2  free  transition at x/c =  0.0551   22

  68   rms: 0.8347E-01   max: -.4514E+00   T at   22  2
       a = -3.000      CL =  0.8375
      Cm = -0.2616     CD =  0.02454   =>   CDf =  0.00466    CDp =  0.01988

 Side 1  free  transition at x/c =  0.7217   61
 Side 2  free  transition at x/c =  0.0577   22

  69   rms: 0.8810E+00   max: -.2695E+01   D at   38  2   RLX: 0.186
       a = -3.000      CL =  0.8719
      Cm = -0.2772     CD =  0.02511   =>   CDf =  0.00455    CDp =  0.02057

 Side 1  free  transition at x/c =  0.7220   61
 Side 2  free  transition at x/c =  0.0512   22

  70   rms: 0.5011E+00   max: -.1574E+01   D at   48  2   RLX: 0.318
       a = -3.000      CL =  0.8811
      Cm = -0.2853     CD =  0.02070   =>   CDf =  0.00463    CDp =  0.01607

 Side 1  free  transition at x/c =  0.7222   61
 Side 2  free  transition at x/c =  0.0433   21

  71   rms: 0.1619E+00   max: 0.9781E+00   T at   21  2   RLX: 0.684
       a = -3.000      CL =  0.8789
      Cm = -0.2771     CD =  0.02166   =>   CDf =  0.00483    CDp =  0.01683

 Side 1  free  transition at x/c =  0.7221   61
 Side 2  free  transition at x/c =  0.0417   21
 idif Ue xi dudx           1  0.14004163      2.70366669E-03   51.796928    
 Uenew xinew           2  7.84801226E-03  1.51515007E-04

  72   rms: 0.5673E-01   max: -.5522E+00   D at   22  2   RLX: 0.906
       a = -3.000      CL =  0.8572
      Cm = -0.2676     CD =  0.02101   =>   CDf =  0.00539    CDp =  0.01562

 Side 1  free  transition at x/c =  0.7220   60
 Side 2  free  transition at x/c =  0.0436   22

  73   rms: 0.3717E-01   max: -.5805E+00   T at   22  2   RLX: 0.861
       a = -3.000      CL =  0.8511
      Cm = -0.2657     CD =  0.02189   =>   CDf =  0.00522    CDp =  0.01667

 Side 1  free  transition at x/c =  0.7219   60
 Side 2  free  transition at x/c =  0.0478   22

  74   rms: 0.1706E+00   max: -.4933E+00   D at   60  2
       a = -3.000      CL =  0.8527
      Cm = -0.2669     CD =  0.02152   =>   CDf =  0.00469    CDp =  0.01683

 Side 1  free  transition at x/c =  0.7219   60
 Side 2  free  transition at x/c =  0.0473   22

  75   rms: 0.1268E+00   max: -.3910E+00   D at   60  2
       a = -3.000      CL =  0.8541
      Cm = -0.2672     CD =  0.02152   =>   CDf =  0.00481    CDp =  0.01672

 Side 1  free  transition at x/c =  0.7219   60
 Side 2  free  transition at x/c =  0.0462   22

  76   rms: 0.1110E+00   max: 0.4259E+00   T at   22  2
       a = -3.000      CL =  0.8578
      Cm = -0.2683     CD =  0.02080   =>   CDf =  0.00490    CDp =  0.01591

 Side 1  free  transition at x/c =  0.7220   60
 Side 2  free  transition at x/c =  0.0441   22

  77   rms: 0.3865E-01   max: -.8138E+00   T at   22  2   RLX: 0.614
       a = -3.000      CL =  0.8502
      Cm = -0.2657     CD =  0.02269   =>   CDf =  0.00502    CDp =  0.01767

 Side 1  free  transition at x/c =  0.7219   60
 Side 2  free  transition at x/c =  0.0515   23

  78   rms: 0.4502E-01   max: 0.2645E+00   D at   23  2
       a = -3.000      CL =  0.8569
      Cm = -0.2675     CD =  0.02108   =>   CDf =  0.00545    CDp =  0.01563

 Side 1  free  transition at x/c =  0.7219   60
 Side 2  free  transition at x/c =  0.0498   23

  79   rms: 0.6258E-01   max: -.2069E+00   T at   23  2
       a = -3.000      CL =  0.8563
      Cm = -0.2675     CD =  0.02119   =>   CDf =  0.00510    CDp =  0.01610

 Side 1  free  transition at x/c =  0.7220   60
 Side 2  free  transition at x/c =  0.0505   23

  80   rms: 0.1866E-01   max: -.5648E-01   D at   51  2
       a = -3.000      CL =  0.8556
      Cm = -0.2672     CD =  0.02126   =>   CDf =  0.00521    CDp =  0.01605

 Side 1  free  transition at x/c =  0.7219   60
 Side 2  free  transition at x/c =  0.0508   23

  81   rms: 0.1345E-02   max: -.4187E-02   T at   23  2
       a = -3.000      CL =  0.8555
      Cm = -0.2672     CD =  0.02126   =>   CDf =  0.00526    CDp =  0.01599

 Side 1  free  transition at x/c =  0.7219   60
 Side 2  free  transition at x/c =  0.0508   23

  82   rms: 0.8357E-05   max: -.5319E-04   T at   23  2
       a = -3.000      CL =  0.8555
      Cm = -0.2672     CD =  0.02125   =>   CDf =  0.00527    CDp =  0.01599
 plradd ia,ip,cpol            3           0  5.09161828E-03

 Point added to stored polar  1
 Point written to save file  ch10sm_Re400k.base.pol                          
 Dump file unspecified or not available
 Calculating wake trajectory ...
 Calculating source influence matrix ...

 Solving BL system ...

 Side 1  free  transition at x/c =  0.7219   60
 Side 2  free  transition at x/c =  0.0508   23

   1   rms: 0.1121E+00   max: -.1045E+01   T at   23  2   RLX: 0.479
       a = -2.500      CL =  0.8828
      Cm = -0.2680     CD =  0.02121   =>   CDf =  0.00522    CDp =  0.01598

 Side 1  free  transition at x/c =  0.7197   60
 Side 2  free  transition at x/c =  0.0542   22

   2   rms: 0.1765E+00   max: -.3934E+01   T at   22  2   RLX: 0.127
       a = -2.500      CL =  0.8793
      Cm = -0.2672     CD =  0.02349   =>   CDf =  0.00497    CDp =  0.01852

 Side 1  free  transition at x/c =  0.7191   60
 Side 2  free  transition at x/c =  0.0627   23

   3   rms: 0.4316E-01   max: -.2925E+00   D at   28  2
       a = -2.500      CL =  0.9168
      Cm = -0.2704     CD =  0.01907   =>   CDf =  0.00561    CDp =  0.01346

 MRCHDU: Convergence failed at  28  side 2    Res =  0.1430E+01
 MRCHDU: Convergence failed at  29  side 2    Res =  0.1816E+01
 MRCHDU: Convergence failed at  30  side 2    Res =  0.5360E+01
 MRCHDU: Convergence failed at  31  side 2    Res =  0.2325E+02
 MRCHDU: Convergence failed at  32  side 2    Res =  0.5283E+01
 MRCHDU: Convergence failed at  33  side 2    Res =  0.3823E+01
 MRCHDU: Convergence failed at  34  side 2    Res =  0.3264E+01
 MRCHDU: Convergence failed at  35  side 2    Res =  0.3102E+01
 MRCHDU: Convergence failed at  36  side 2    Res =  0.3090E+01
 MRCHDU: Convergence failed at  37  side 2    Res =  0.3155E+01
 MRCHDU: Convergence failed at  38  side 2    Res =  0.3271E+01
 MRCHDU: Convergence failed at  39  side 2    Res =  0.3371E+01
 MRCHDU: Convergence failed at  40  side 2    Res =  0.3532E+01
 MRCHDU: Convergence failed at  41  side 2    Res =  0.3714E+01
 MRCHDU: Convergence failed at  42  side 2    Res =  0.3909E+01
 MRCHDU: Convergence failed at  43  side 2    Res =  0.4112E+01
 MRCHDU: Convergence failed at  44  side 2    Res =  0.4323E+01
 MRCHDU: Convergence failed at  45  side 2    Res =  0.4542E+01
 MRCHDU: Convergence failed at  46  side 2    Res =  0.5066E+01
 MRCHDU: Convergence failed at  47  side 2    Res =  0.5326E+01
 MRCHDU: Convergence failed at  48  side 2    Res =  0.5591E+01
 MRCHDU: Convergence failed at  49  side 2    Res =  0.5859E+01
 MRCHDU: Convergence failed at  50  side 2    Res =  0.6120E+01
 MRCHDU: Convergence failed at  51  side 2    Res =  0.6375E+01
 MRCHDU: Convergence failed at  52  side 2    Res =  0.6618E+01
 MRCHDU: Convergence failed at  53  side 2    Res =  0.6842E+01
 MRCHDU: Convergence failed at  54  side 2    Res =  0.7053E+01
 MRCHDU: Convergence failed at  55  side 2    Res =  0.7235E+01
 MRCHDU: Convergence failed at  56  side 2    Res =  0.7390E+01
 MRCHDU: Convergence failed at  57  side 2    Res =  0.8230E+01
 MRCHDU: Convergence failed at  58  side 2    Res =  0.8334E+01
 MRCHDU: Convergence failed at  59  side 2    Res =  0.7646E+01
 MRCHDU: Convergence failed at  60  side 2    Res =  0.7650E+01
 MRCHDU: Convergence failed at  61  side 2    Res =  0.7611E+01
 MRCHDU: Convergence failed at  62  side 2    Res =  0.7534E+01
 MRCHDU: Convergence failed at  63  side 2    Res =  0.7431E+01
 MRCHDU: Convergence failed at  64  side 2    Res =  0.6932E+01
 MRCHDU: Convergence failed at  65  side 2    Res =  0.6798E+01
 MRCHDU: Convergence failed at  66  side 2    Res =  0.6652E+01
 MRCHDU: Convergence failed at  67  side 2    Res =  0.6495E+01
 MRCHDU: Convergence failed at  68  side 2    Res =  0.5838E+01
 MRCHDU: Convergence failed at  69  side 2    Res =  0.5691E+01
 MRCHDU: Convergence failed at  70  side 2    Res =  0.5528E+01
 MRCHDU: Convergence failed at  71  side 2    Res =  0.5349E+01
 MRCHDU: Convergence failed at  72  side 2    Res =  0.3780E+01
 MRCHDU: Convergence failed at  73  side 2    Res =  0.4870E+01
 MRCHDU: Convergence failed at  74  side 2    Res =  0.5298E+01
 MRCHDU: Convergence failed at  75  side 2    Res =  0.7455E+01
 MRCHDU: Convergence failed at  76  side 2    Res =  0.1238E+02
 MRCHDU: Convergence failed at  77  side 2    Res =  0.4059E+02
 MRCHDU: Convergence failed at  78  side 2    Res =  0.2378E+02
 MRCHDU: Convergence failed at  79  side 2    Res =  0.8360E+01
 MRCHDU: Convergence failed at  80  side 2    Res =  0.4063E+01
 MRCHDU: Convergence failed at  81  side 2    Res =  0.3199E+01
 MRCHDU: Convergence failed at  82  side 2    Res =  0.3602E+01
 Side 1  free  transition at x/c =  0.7149   60
 Side 2  free  transition at x/c =  0.0444   21

   4   rms: 0.1086E+02   max: -.2000E+03   T at   21  2   RLX: 0.003
       a = -2.500      CL =  0.5132
      Cm = -0.1272     CD =  0.02468   =>   CDf =  0.00440    CDp =  0.02029

 Side 1  free  transition at x/c =  0.7149   60
 Side 2  free  transition at x/c =  0.0442   21

   5   rms: 0.3492E+00   max: -.1879E+00   U at   82  2   RLX: 0.642
       a = -2.500      CL =  0.7972
      Cm = -0.2275     CD =  0.01876   =>   CDf =  0.00811    CDp =  0.01065

 Side 1  free  transition at x/c =  0.7152   60
 Side 2  free  transition at x/c =  0.0446   21

   6   rms: 0.9295E+00   max: 0.1572E+02   T at   21  2   RLX: 0.095
       a = -2.500      CL =  0.8161
      Cm = -0.2327     CD =  0.01753   =>   CDf =  0.00638    CDp =  0.01115

 Side 1  free  transition at x/c =  0.7153   60
 Side 2  free  transition at x/c =  0.0408   21

   7   rms: 0.1411E+00   max: -.1285E+01   T at   21  2   RLX: 0.389
       a = -2.500      CL =  0.8533
      Cm = -0.2475     CD =  0.01994   =>   CDf =  0.00615    CDp =  0.01379

 Side 1  free  transition at x/c =  0.7153   60
 Side 2  free  transition at x/c =  0.0428   21

   8   rms: 0.2801E+00   max: -.3671E+01   T at   21  2   RLX: 0.136
       a = -2.500      CL =  0.8543
      Cm = -0.2496     CD =  0.02189   =>   CDf =  0.00555    CDp =  0.01634

 Side 1  free  transition at x/c =  0.7152   60
 Side 2  free  transition at x/c =  0.0474   21

   9   rms: 0.1687E+00   max: -.7714E+00   D at   22  2   RLX: 0.648
       a = -2.500      CL =  0.8880
      Cm = -0.2610     CD =  0.02258   =>   CDf =  0.00500    CDp =  0.01758

 Side 1  free  transition at x/c =  0.7153   60
 Side 2  free  transition at x/c =  0.0436   21

  10   rms: 0.3845E+00   max: -.5853E+01   T at   21  2   RLX: 0.085
       a = -2.500      CL =  0.8877
      Cm = -0.2603     CD =  0.02211   =>   CDf =  0.00536    CDp =  0.01675

 Side 1  free  transition at x/c =  0.7152   60
 Side 2  free  transition at x/c =  0.0463   21

  11   rms: 0.2054E+00   max: -.6552E+00   D at   21  2   RLX: 0.763
       a = -2.500      CL =  0.9183
      Cm = -0.2701     CD =  0.01970   =>   CDf =  0.00501    CDp =  0.01469

 Side 1  free  transition at x/c =  0.7154   60
 Side 2  free  transition at x/c =  0.0410   21

  12   rms: 0.1033E+00   max: -.1435E+01   T at   21  2   RLX: 0.349
       a = -2.500      CL =  0.9119
      Cm = -0.2683     CD =  0.02106   =>   CDf =  0.00530    CDp =  0.01576

 Side 1  free  transition at x/c =  0.7153   60
 Side 2  free  transition at x/c =  0.0436   21

  13   rms: 0.1607E+00   max: -.3309E+01   T at   21  2   RLX: 0.151
       a = -2.500      CL =  0.9034
      Cm = -0.2670     CD =  0.02313   =>   CDf =  0.00499    CDp =  0.01814

 Side 1  free  transition at x/c =  0.7152   60
 Side 2  free  transition at x/c =  0.0446   21

  14   rms: 0.3791E+00   max: -.1171E+01   D at   43  2   RLX: 0.427
       a = -2.500      CL =  0.9299
      Cm = -0.2762     CD =  0.01996   =>   CDf =  0.00476    CDp =  0.01520

 Side 1  free  transition at x/c =  0.7155   60
 Side 2  free  transition at x/c =  0.0413   21

  15   rms: 0.1464E+00   max: -.1433E+01   T at   21  2   RLX: 0.349
       a = -2.500      CL =  0.9134
      Cm = -0.2720     CD =  0.02282   =>   CDf =  0.00486    CDp =  0.01796

 Side 1  free  transition at x/c =  0.7154   60
 Side 2  free  transition at x/c =  0.0438   21

  16   rms: 0.3162E+01   max: -.2427E+02   T at   21  2   RLX: 0.021
       a = -2.500      CL =  0.8873
      Cm = -0.2652     CD =  0.02673   =>   CDf =  0.00471    CDp =  0.02202

 Side 1  free  transition at x/c =  0.7152   60
 Side 2  free  transition at x/c =  0.0430   21

  17   rms: 0.9746E+00   max: -.2883E+01   D at   41  2   RLX: 0.173
       a = -2.500      CL =  0.9297
      Cm = -0.2817     CD =  0.02198   =>   CDf =  0.00448    CDp =  0.01750

 Side 1  free  transition at x/c =  0.7156   60
 Side 2  free  transition at x/c =  0.0420   21

  18   rms: 0.8110E+01   max: 0.3385E+02   T at   21  2   RLX: 0.020
       a = -2.500      CL =  0.9720
      Cm = -0.2978     CD =  0.02114   =>   CDf =  0.00469    CDp =  0.01645

 Side 1  free  transition at x/c =  0.7160   60
 Side 2  free  transition at x/c =  0.0426   21

  19   rms: 0.2418E+00   max: -.8723E+00   D at   63  2   RLX: 0.573
       a = -2.500      CL =  0.9686
      Cm = -0.2894     CD =  0.01793   =>   CDf =  0.00546    CDp =  0.01247

 Side 1  free  transition at x/c =  0.7159   60
 Side 2  free  transition at x/c =  0.0416   21

  20   rms: 0.1598E+00   max: -.7009E+00   D at   21  2   RLX: 0.713
       a = -2.500      CL =  0.9519
      Cm = -0.2802     CD =  0.01624   =>   CDf =  0.00596    CDp =  0.01028

 Side 1  free  transition at x/c =  0.7158   60
 Side 2  free  transition at x/c =  0.0411   21

  21   rms: 0.7511E-01   max: -.4649E+00   D at   21  2
       a = -2.500      CL =  0.9410
      Cm = -0.2757     CD =  0.01481   =>   CDf =  0.00650    CDp =  0.00831

 Side 1  free  transition at x/c =  0.7158   60
 Side 2  free  transition at x/c =  0.0414   21

  22   rms: 0.1982E-01   max: 0.1222E+00   D at   23  2
       a = -2.500      CL =  0.9411
      Cm = -0.2758     CD =  0.01454   =>   CDf =  0.00669    CDp =  0.00785

 Side 1  free  transition at x/c =  0.7159   60
 Side 2  free  transition at x/c =  0.0415   21

  23   rms: 0.1284E-02   max: 0.8851E-02   D at   22  2
       a = -2.500      CL =  0.9410
      Cm = -0.2757     CD =  0.01456   =>   CDf =  0.00664    CDp =  0.00792

 Side 1  free  transition at x/c =  0.7159   60
 Side 2  free  transition at x/c =  0.0414   21

  24   rms: 0.2063E-05   max: 0.1659E-04   T at   21  2
       a = -2.500      CL =  0.9410
      Cm = -0.2757     CD =  0.01456   =>   CDf =  0.00664    CDp =  0.00792
 plradd ia,ip,cpol            4           0  5.09161828E-03

 Point added to stored polar  1
 Point written to save file  ch10sm_Re400k.base.pol                          
 Dump file unspecified or not available
 Calculating wake trajectory ...
 Calculating source influence matrix ...

 Solving BL system ...

 Side 1  free  transition at x/c =  0.7159   60
 Side 2  free  transition at x/c =  0.0414   21

   1   rms: 0.1119E+00   max: -.8678E+00   T at   21  2   RLX: 0.576
       a = -2.000      CL =  0.9734
      Cm = -0.2763     CD =  0.01408   =>   CDf =  0.00664    CDp =  0.00743

 Side 1  free  transition at x/c =  0.7117   60
 Side 2  free  transition at x/c =  0.0439   21

   2   rms: 0.1143E+00   max: -.4292E+00   D at   25  2
       a = -2.000      CL =  1.0004
      Cm = -0.2771     CD =  0.01378   =>   CDf =  0.00647    CDp =  0.00731

 Side 1  free  transition at x/c =  0.7094   61
 Side 2  free  transition at x/c =  0.0470   20

   3   rms: 0.7433E-02   max: -.5258E-01   D at   23  2
       a = -2.000      CL =  0.9998
      Cm = -0.2769     CD =  0.01389   =>   CDf =  0.00682    CDp =  0.00707

 Side 1  free  transition at x/c =  0.7095   61
 Side 2  free  transition at x/c =  0.0468   20

   4   rms: 0.3030E-03   max: 0.3294E-02   D at    4  1
       a = -2.000      CL =  0.9998
      Cm = -0.2769     CD =  0.01389   =>   CDf =  0.00683    CDp =  0.00706

 Side 1  free  transition at x/c =  0.7095   61
 Side 2  free  transition at x/c =  0.0468   20

   5   rms: 0.9484E-06   max: -.7354E-05   T at   61  1
       a = -2.000      CL =  0.9998
      Cm = -0.2769     CD =  0.01389   =>   CDf =  0.00683    CDp =  0.00706
 plradd ia,ip,cpol            5           0  0.41556555    

 Point added to stored polar  1
 Point written to save file  ch10sm_Re400k.base.pol                          
 Dump file unspecified or not available
 Calculating wake trajectory ...
 Calculating source influence matrix ...

 Solving BL system ...

 Side 1  free  transition at x/c =  0.7095   61
 Side 2  free  transition at x/c =  0.0468   20

   1   rms: 0.1092E+00   max: -.7808E+00   T at   20  2   RLX: 0.640
       a = -1.500      CL =  1.0384
      Cm = -0.2776     CD =  0.01356   =>   CDf =  0.00683    CDp =  0.00673

 Side 1  free  transition at x/c =  0.7063   61
 Side 2  free  transition at x/c =  0.0540   21

   2   rms: 0.8529E-01   max: 0.1100E+01   D at   21  2
       a = -1.500      CL =  1.0628
      Cm = -0.2789     CD =  0.01349   =>   CDf =  0.00700    CDp =  0.00649

 Side 1  free  transition at x/c =  0.7044   60
 Side 2  free  transition at x/c =  0.0566   21

   3   rms: 0.1509E-01   max: 0.8558E-01   D at   21  2
       a = -1.500      CL =  1.0582
      Cm = -0.2780     CD =  0.01344   =>   CDf =  0.00698    CDp =  0.00646

 Side 1  free  transition at x/c =  0.7038   60
 Side 2  free  transition at x/c =  0.0562   21

   4   rms: 0.2868E-03   max: 0.3013E-02   D at   61  1
       a = -1.500      CL =  1.0584
      Cm = -0.2780     CD =  0.01344   =>   CDf =  0.00695    CDp =  0.00650

 Side 1  free  transition at x/c =  0.7038   60
 Side 2  free  transition at x/c =  0.0562   21

   5   rms: 0.4400E-05   max: 0.2451E-04   T at   21  2
       a = -1.500      CL =  1.0584
      Cm = -0.2780     CD =  0.01344   =>   CDf =  0.00695    CDp =  0.00650
 plradd ia,ip,cpol            6           0  0.40036345    

 Point added to stored polar  1
 Point written to save file  ch10sm_Re400k.base.pol                          
 Dump file unspecified or not available
 Calculating wake trajectory ...
 Calculating source influence matrix ...

 Solving BL system ...

 Side 1  free  transition at x/c =  0.7038   60
 Side 2  free  transition at x/c =  0.0562   21

   1   rms: 0.9434E-01   max: -.8820E+00   T at   21  2   RLX: 0.567
       a = -1.000      CL =  1.0877
      Cm = -0.2778     CD =  0.01337   =>   CDf =  0.00687    CDp =  0.00650

 Side 1  free  transition at x/c =  0.6994   61
 Side 2  free  transition at x/c =  0.0627   21

   2   rms: 0.5113E-01   max: 0.5114E+00   D at   21  2
       a = -1.000      CL =  1.1137
      Cm = -0.2785     CD =  0.01303   =>   CDf =  0.00698    CDp =  0.00605

 Side 1  free  transition at x/c =  0.6968   61
 Side 2  free  transition at x/c =  0.0687   21

   3   rms: 0.1355E-01   max: -.8772E-01   D at   22  2
       a = -1.000      CL =  1.1137
      Cm = -0.2784     CD =  0.01311   =>   CDf =  0.00698    CDp =  0.00612

 Side 1  free  transition at x/c =  0.6970   61
 Side 2  free  transition at x/c =  0.0686   21

   4   rms: 0.2155E-03   max: 0.1987E-02   D at   21  2
       a = -1.000      CL =  1.1137
      Cm = -0.2784     CD =  0.01310   =>   CDf =  0.00698    CDp =  0.00612

 Side 1  free  transition at x/c =  0.6970   61
 Side 2  free  transition at x/c =  0.0686   21

   5   rms: 0.2027E-05   max: 0.9867E-05   T at   61  1
       a = -1.000      CL =  1.1137
      Cm = -0.2784     CD =  0.01310   =>   CDf =  0.00698    CDp =  0.00612
 plradd ia,ip,cpol            7           0  0.40036345    

 Point added to stored polar  1
 Point written to save file  ch10sm_Re400k.base.pol                          
 Dump file unspecified or not available
 Calculating wake trajectory ...
 Calculating source influence matrix ...

 Solving BL system ...

 Side 1  free  transition at x/c =  0.6970   61
 Side 2  free  transition at x/c =  0.0686   21

   1   rms: 0.9609E-01   max: -.9280E+00   T at   21  2   RLX: 0.539
       a = -0.500      CL =  1.1442
      Cm = -0.2787     CD =  0.01307   =>   CDf =  0.00699    CDp =  0.00608

 Side 1  free  transition at x/c =  0.6936   61
 Side 2  free  transition at x/c =  0.0776   22

   2   rms: 0.5002E-01   max: 0.6357E+00   D at   22  2
       a = -0.500      CL =  1.1730
      Cm = -0.2797     CD =  0.01282   =>   CDf =  0.00693    CDp =  0.00589

 Side 1  free  transition at x/c =  0.6914   62
 Side 2  free  transition at x/c =  0.0845   21

   3   rms: 0.1172E-01   max: -.7875E-01   D at   21  2
       a = -0.500      CL =  1.1736
      Cm = -0.2798     CD =  0.01291   =>   CDf =  0.00709    CDp =  0.00582

 Side 1  free  transition at x/c =  0.6913   62
 Side 2  free  transition at x/c =  0.0848   21

   4   rms: 0.5427E-03   max: 0.6050E-02   D at    4  1
       a = -0.500      CL =  1.1736
      Cm = -0.2798     CD =  0.01291   =>   CDf =  0.00710    CDp =  0.00581

 Side 1  free  transition at x/c =  0.6913   62
 Side 2  free  transition at x/c =  0.0848   21

   5   rms: 0.1545E-05   max: -.9313E-05   D at    4  1
       a = -0.500      CL =  1.1736
      Cm = -0.2798     CD =  0.01291   =>   CDf =  0.00710    CDp =  0.00581
 plradd ia,ip,cpol            8           0  0.38516396    

 Point added to stored polar  1
 Point written to save file  ch10sm_Re400k.base.pol                          
 Dump file unspecified or not available
 Calculating wake trajectory ...
 Calculating source influence matrix ...

 Solving BL system ...

 Side 1  free  transition at x/c =  0.6913   62
 Side 2  free  transition at x/c =  0.0848   21

   1   rms: 0.1018E+00   max: -.9526E+00   T at   21  2   RLX: 0.525
       a =  0.000      CL =  1.2062
      Cm = -0.2807     CD =  0.01303   =>   CDf =  0.00710    CDp =  0.00592

 Side 1  free  transition at x/c =  0.6887   61
 Side 2  free  transition at x/c =  0.0981   22

   2   rms: 0.5315E-01   max: -.4086E+00   T at   22  2
       a =  0.000      CL =  1.2238
      Cm = -0.2792     CD =  0.01285   =>   CDf =  0.00709    CDp =  0.00576

 Side 1  free  transition at x/c =  0.6841   61
 Side 2  free  transition at x/c =  0.1092   23

   3   rms: 0.1178E-01   max: 0.2285E+00   D at   23  2
       a =  0.000      CL =  1.2270
      Cm = -0.2799     CD =  0.01273   =>   CDf =  0.00703    CDp =  0.00571

 Side 1  free  transition at x/c =  0.6845   61
 Side 2  free  transition at x/c =  0.1123   23

   4   rms: 0.7545E-03   max: 0.9988E-02   D at   23  2
       a =  0.000      CL =  1.2270
      Cm = -0.2799     CD =  0.01274   =>   CDf =  0.00700    CDp =  0.00573

 Side 1  free  transition at x/c =  0.6845   61
 Side 2  free  transition at x/c =  0.1123   23

   5   rms: 0.4284E-05   max: 0.4751E-04   C at   23  2
       a =  0.000      CL =  1.2270
      Cm = -0.2799     CD =  0.01274   =>   CDf =  0.00700    CDp =  0.00574
 plradd ia,ip,cpol            9           0  0.38516396    

 Point added to stored polar  1
 Point written to save file  ch10sm_Re400k.base.pol                          
 Dump file unspecified or not available
 Calculating wake trajectory ...
 Calculating source influence matrix ...

 Solving BL system ...

 Side 1  free  transition at x/c =  0.6845   61
 Side 2  free  transition at x/c =  0.1123   23

   1   rms: 0.1126E+00   max: -.1016E+01   T at   23  2   RLX: 0.492
       a =  0.500      CL =  1.2535
      Cm = -0.2800     CD =  0.01271   =>   CDf =  0.00689    CDp =  0.00582

 Side 1  free  transition at x/c =  0.6811   62
 Side 2  free  transition at x/c =  0.1347   24

   2   rms: 0.1701E+00   max: -.1260E+01   C at   24  2   RLX: 0.397
       a =  0.500      CL =  1.2666
      Cm = -0.2806     CD =  0.01256   =>   CDf =  0.00701    CDp =  0.00555

 Side 1  free  transition at x/c =  0.6799   62
 Side 2  free  transition at x/c =  0.1814   26

   3   rms: 0.5158E-01   max: -.5921E+00   T at   26  2   RLX: 0.844
       a =  0.500      CL =  1.2813
      Cm = -0.2808     CD =  0.01259   =>   CDf =  0.00689    CDp =  0.00569

 MRCHDU: Convergence failed at  28  side 2    Res =  0.2314E+00
 MRCHDU: Convergence failed at  29  side 2    Res =  0.1113E+01
 MRCHDU: Convergence failed at  30  side 2    Res =  0.1417E+01
 MRCHDU: Convergence failed at  31  side 2    Res =  0.1635E+01
 MRCHDU: Convergence failed at  32  side 2    Res =  0.1796E+01
 MRCHDU: Convergence failed at  33  side 2    Res =  0.1960E+01
 MRCHDU: Convergence failed at  34  side 2    Res =  0.2113E+01
 MRCHDU: Convergence failed at  35  side 2    Res =  0.2139E+01
 MRCHDU: Convergence failed at  36  side 2    Res =  0.2235E+01
 MRCHDU: Convergence failed at  37  side 2    Res =  0.3840E+01
 MRCHDU: Convergence failed at  38  side 2    Res =  0.2828E+01
 MRCHDU: Convergence failed at  39  side 2    Res =  0.2761E+01
 MRCHDU: Convergence failed at  40  side 2    Res =  0.2694E+01
 MRCHDU: Convergence failed at  41  side 2    Res =  0.2634E+01
 MRCHDU: Convergence failed at  42  side 2    Res =  0.2586E+01
 MRCHDU: Convergence failed at  43  side 2    Res =  0.2548E+01
 MRCHDU: Convergence failed at  44  side 2    Res =  0.2521E+01
 MRCHDU: Convergence failed at  45  side 2    Res =  0.2498E+01
 MRCHDU: Convergence failed at  46  side 2    Res =  0.2487E+01
 MRCHDU: Convergence failed at  47  side 2    Res =  0.2482E+01
 MRCHDU: Convergence failed at  48  side 2    Res =  0.2480E+01
 MRCHDU: Convergence failed at  49  side 2    Res =  0.2480E+01
 MRCHDU: Convergence failed at  50  side 2    Res =  0.2485E+01
 MRCHDU: Convergence failed at  51  side 2    Res =  0.2501E+01
 MRCHDU: Convergence failed at  52  side 2    Res =  0.2511E+01
 MRCHDU: Convergence failed at  53  side 2    Res =  0.2523E+01
 MRCHDU: Convergence failed at  54  side 2    Res =  0.2535E+01
 MRCHDU: Convergence failed at  55  side 2    Res =  0.2547E+01
 MRCHDU: Convergence failed at  56  side 2    Res =  0.2559E+01
 MRCHDU: Convergence failed at  57  side 2    Res =  0.2571E+01
 MRCHDU: Convergence failed at  58  side 2    Res =  0.2578E+01
 MRCHDU: Convergence failed at  59  side 2    Res =  0.2583E+01
 MRCHDU: Convergence failed at  60  side 2    Res =  0.2588E+01
 MRCHDU: Convergence failed at  61  side 2    Res =  0.2587E+01
 MRCHDU: Convergence failed at  62  side 2    Res =  0.2579E+01
 MRCHDU: Convergence failed at  63  side 2    Res =  0.2565E+01
 MRCHDU: Convergence failed at  64  side 2    Res =  0.2545E+01
 MRCHDU: Convergence failed at  65  side 2    Res =  0.2523E+01
 MRCHDU: Convergence failed at  66  side 2    Res =  0.2495E+01
 MRCHDU: Convergence failed at  67  side 2    Res =  0.2461E+01
 MRCHDU: Convergence failed at  68  side 2    Res =  0.2422E+01
 MRCHDU: Convergence failed at  69  side 2    Res =  0.2376E+01
 MRCHDU: Convergence failed at  70  side 2    Res =  0.2318E+01
 MRCHDU: Convergence failed at  71  side 2    Res =  0.2247E+01
 MRCHDU: Convergence failed at  72  side 2    Res =  0.2159E+01
 MRCHDU: Convergence failed at  73  side 2    Res =  0.2044E+01
 MRCHDU: Convergence failed at  74  side 2    Res =  0.1854E+01
 Side 1  free  transition at x/c =  0.6786   62
 Side 2  free  transition at x/c =  0.3544   37

   4   rms: 0.1678E+00   max: -.6201E+00   D at   75  2   RLX: 0.806
       a =  0.500      CL =  1.2626
      Cm = -0.2730     CD =  0.01184   =>   CDf =  0.00528    CDp =  0.00656

 Side 1  free  transition at x/c =  0.6785   62
 Side 2  free  transition at x/c =  0.3481   36

   5   rms: 0.5755E-01   max: 0.8567E+00   C at   36  2
       a =  0.500      CL =  1.2853
      Cm = -0.2813     CD =  0.01242   =>   CDf =  0.00663    CDp =  0.00579

 Side 1  free  transition at x/c =  0.6783   62
 Side 2  free  transition at x/c =  0.2871   33

   6   rms: 0.1143E-01   max: 0.1579E+00   D at   35  2
       a =  0.500      CL =  1.2850
      Cm = -0.2812     CD =  0.01245   =>   CDf =  0.00665    CDp =  0.00579

 Side 1  free  transition at x/c =  0.6783   62
 Side 2  free  transition at x/c =  0.2879   33

   7   rms: 0.1818E-02   max: 0.3229E-01   C at   33  2
       a =  0.500      CL =  1.2850
      Cm = -0.2812     CD =  0.01245   =>   CDf =  0.00664    CDp =  0.00581

 Side 1  free  transition at x/c =  0.6783   62
 Side 2  free  transition at x/c =  0.2870   33

   8   rms: 0.1725E-04   max: -.3813E-03   D at   35  2
       a =  0.500      CL =  1.2850
      Cm = -0.2812     CD =  0.01245   =>   CDf =  0.00665    CDp =  0.00580
 plradd ia,ip,cpol           10           0  0.36997411    

 Point added to stored polar  1
 Point written to save file  ch10sm_Re400k.base.pol                          
 Dump file unspecified or not available
 Calculating wake trajectory ...
 Calculating source influence matrix ...

 Solving BL system ...

 Side 1  free  transition at x/c =  0.6783   62
 Side 2  free  transition at x/c =  0.2870   33

   1   rms: 0.3509E+00   max: -.6048E+01   C at   33  2   RLX: 0.083
       a =  1.000      CL =  1.2898
      Cm = -0.2813     CD =  0.01242   =>   CDf =  0.00665    CDp =  0.00577

 Side 1  free  transition at x/c =  0.6779   62
 Side 2  free  transition at x/c =  0.3027   33

   2   rms: 0.1182E+00   max: -.9869E+00   C at   33  2   RLX: 0.507
       a =  1.000      CL =  1.3170
      Cm = -0.2818     CD =  0.01251   =>   CDf =  0.00664    CDp =  0.00588

 Side 1  free  transition at x/c =  0.6754   61
 Side 2  free  transition at x/c =  0.4149   40

   3   rms: 0.1841E+00   max: -.3371E+01   C at   40  2   RLX: 0.148
       a =  1.000      CL =  1.3143
      Cm = -0.2811     CD =  0.01244   =>   CDf =  0.00651    CDp =  0.00594

 Side 1  free  transition at x/c =  0.6749   61
 Side 2  free  transition at x/c =  0.4195   40

   4   rms: 0.4722E-01   max: 0.3799E+00   D at   33  2
       a =  1.000      CL =  1.3387
      Cm = -0.2815     CD =  0.01252   =>   CDf =  0.00640    CDp =  0.00612

 Side 1  free  transition at x/c =  0.6719   62
 Side 2  free  transition at x/c =  0.5077   45

   5   rms: 0.3487E-01   max: 0.5433E+00   C at   45  2
       a =  1.000      CL =  1.3395
      Cm = -0.2816     CD =  0.01248   =>   CDf =  0.00627    CDp =  0.00621

 Side 1  free  transition at x/c =  0.6721   62
 Side 2  free  transition at x/c =  0.4728   43

   6   rms: 0.6872E-02   max: -.7700E-01   D at   47  2
       a =  1.000      CL =  1.3395
      Cm = -0.2816     CD =  0.01247   =>   CDf =  0.00631    CDp =  0.00616

 Side 1  free  transition at x/c =  0.6721   62
 Side 2  free  transition at x/c =  0.4675   42

   7   rms: 0.2262E-03   max: -.3469E-02   D at   46  2
       a =  1.000      CL =  1.3395
      Cm = -0.2816     CD =  0.01247   =>   CDf =  0.00632    CDp =  0.00614

 Side 1  free  transition at x/c =  0.6721   62
 Side 2  free  transition at x/c =  0.4674   42

   8   rms: 0.1201E-05   max: -.1017E-04   D at   46  2
       a =  1.000      CL =  1.3395
      Cm = -0.2816     CD =  0.01247   =>   CDf =  0.00632    CDp =  0.00614
 plradd ia,ip,cpol           11           0  0.35481632    

 Point added to stored polar  1
 Point written to save file  ch10sm_Re400k.base.pol                          
 Dump file unspecified or not available
 Calculating wake trajectory ...
 Calculating source influence matrix ...

 Solving BL system ...

 Side 1  free  transition at x/c =  0.6721   62
 Side 2  free  transition at x/c =  0.4674   42

   1   rms: 0.1426E+00   max: -.2074E+01   C at   42  2   RLX: 0.241
       a =  1.500      CL =  1.3513
      Cm = -0.2815     CD =  0.01250   =>   CDf =  0.00633    CDp =  0.00617

 Side 1  free  transition at x/c =  0.6702   62
 Side 2  free  transition at x/c =  0.4994   44

   2   rms: 0.1153E+00   max: -.1727E+01   C at   44  2   RLX: 0.290
       a =  1.500      CL =  1.3625
      Cm = -0.2814     CD =  0.01251   =>   CDf =  0.00626    CDp =  0.00625

 Side 1  free  transition at x/c =  0.6687   62
 Side 2  free  transition at x/c =  0.5256   46

   3   rms: 0.9213E-01   max: -.1405E+01   C at   46  2   RLX: 0.356
       a =  1.500      CL =  1.3728
      Cm = -0.2814     CD =  0.01252   =>   CDf =  0.00622    CDp =  0.00630

 Side 1  free  transition at x/c =  0.6674   62
 Side 2  free  transition at x/c =  0.5477   47

   4   rms: 0.5282E-01   max: -.7548E+00   C at   47  2   RLX: 0.662
       a =  1.500      CL =  1.3853
      Cm = -0.2815     CD =  0.01254   =>   CDf =  0.00619    CDp =  0.00634

 Side 1  free  transition at x/c =  0.6658   62
 Side 2  free  transition at x/c =  0.5839   49

   5   rms: 0.2034E-01   max: -.2889E+00   C at   49  2
       a =  1.500      CL =  1.3918
      Cm = -0.2815     CD =  0.01252   =>   CDf =  0.00614    CDp =  0.00638

 Side 1  free  transition at x/c =  0.6652   62
 Side 2  free  transition at x/c =  0.6285   52

   6   rms: 0.1326E-01   max: 0.2282E+00   C at   52  2
       a =  1.500      CL =  1.3917
      Cm = -0.2815     CD =  0.01247   =>   CDf =  0.00602    CDp =  0.00645

 Side 1  free  transition at x/c =  0.6652   62
 Side 2  free  transition at x/c =  0.6215   52

   7   rms: 0.8205E-03   max: 0.1250E-01   C at   52  2
       a =  1.500      CL =  1.3917
      Cm = -0.2815     CD =  0.01247   =>   CDf =  0.00604    CDp =  0.00643

 Side 1  free  transition at x/c =  0.6652   62
 Side 2  free  transition at x/c =  0.6210   52

   8   rms: 0.2752E-05   max: -.5165E-04   D at   55  2
       a =  1.500      CL =  1.3917
      Cm = -0.2815     CD =  0.01247   =>   CDf =  0.00604    CDp =  0.00643
 plradd ia,ip,cpol           12           0  0.35481632    

 Point added to stored polar  1
 Point written to save file  ch10sm_Re400k.base.pol                          
 Dump file unspecified or not available
 Calculating wake trajectory ...
 Calculating source influence matrix ...

 Solving BL system ...

 Side 1  free  transition at x/c =  0.6652   62
 Side 2  free  transition at x/c =  0.6210   52

   1   rms: 0.2225E+00   max: -.3672E+01   C at   52  2   RLX: 0.136
       a =  2.000      CL =  1.3989
      Cm = -0.2815     CD =  0.01245   =>   CDf =  0.00605    CDp =  0.00641

 Side 1  free  transition at x/c =  0.6643   62
 Side 2  free  transition at x/c =  0.6416   53

   2   rms: 0.1896E+00   max: -.3138E+01   C at   53  2   RLX: 0.159
       a =  2.000      CL =  1.4066
      Cm = -0.2816     CD =  0.01246   =>   CDf =  0.00588    CDp =  0.00658

 Side 1  free  transition at x/c =  0.6635   63
 Side 2  free  transition at x/c =  0.6647   53

   3   rms: 0.3238E+00   max: -.4715E+01   D at    2  1   RLX: 0.106
       a =  2.000      CL =  1.4110
      Cm = -0.2817     CD =  0.01246   =>   CDf =  0.00598    CDp =  0.00648

 Side 1  free  transition at x/c =  0.6631   63
 Side 2  free  transition at x/c =  0.6806   54

   4   rms: 0.2466E+00   max: -.4226E+01   C at   54  2   RLX: 0.118
       a =  2.000      CL =  1.4150
      Cm = -0.2817     CD =  0.01243   =>   CDf =  0.00595    CDp =  0.00648

 Side 1  free  transition at x/c =  0.6626   63
 Side 2  free  transition at x/c =  0.6960   55

   5   rms: 0.2876E+00   max: -.4927E+01   C at   55  2   RLX: 0.101
       a =  2.000      CL =  1.4182
      Cm = -0.2818     CD =  0.01242   =>   CDf =  0.00592    CDp =  0.00649

 Side 1  free  transition at x/c =  0.6623   63
 Side 2  free  transition at x/c =  0.7078   56

   6   rms: 0.2901E+00   max: -.5046E+01   C at   56  2   RLX: 0.099
       a =  2.000      CL =  1.4210
      Cm = -0.2818     CD =  0.01241   =>   CDf =  0.00591    CDp =  0.00650

 Side 1  free  transition at x/c =  0.6620   63
 Side 2  free  transition at x/c =  0.7203   57

   7   rms: 0.3081E+00   max: -.5403E+01   C at   57  2   RLX: 0.093
       a =  2.000      CL =  1.4232
      Cm = -0.2819     CD =  0.01239   =>   CDf =  0.00589    CDp =  0.00650

 Side 1  free  transition at x/c =  0.6618   63
 Side 2  free  transition at x/c =  0.7336   58

   8   rms: 0.3466E+00   max: -.6078E+01   C at   58  2   RLX: 0.082
       a =  2.000      CL =  1.4249
      Cm = -0.2819     CD =  0.01237   =>   CDf =  0.00586    CDp =  0.00651

 Side 1  free  transition at x/c =  0.6616   63
 Side 2  free  transition at x/c =  0.7489   59

   9   rms: 0.4546E+00   max: -.7807E+01   C at   59  2   RLX: 0.064
       a =  2.000      CL =  1.4259
      Cm = -0.2818     CD =  0.01235   =>   CDf =  0.00582    CDp =  0.00652

 Side 1  free  transition at x/c =  0.6614   63
 Side 2  free  transition at x/c =  0.7679   60

  10   rms: 0.6957E+00   max: -.1130E+02   C at   60  2   RLX: 0.044
       a =  2.000      CL =  1.4264
      Cm = -0.2818     CD =  0.01231   =>   CDf =  0.00578    CDp =  0.00653

 Side 1  free  transition at x/c =  0.6614   63
 Side 2  free  transition at x/c =  0.7959   62

  11   rms: 0.1297E+01   max: -.2042E+02   C at   62  2   RLX: 0.024
       a =  2.000      CL =  1.4264
      Cm = -0.2816     CD =  0.01225   =>   CDf =  0.00572    CDp =  0.00653

 Side 1  free  transition at x/c =  0.6613   63
 Side 2  free  transition at x/c =  0.8213   63

  12   rms: 0.1949E+01   max: -.2862E+02   C at   63  2   RLX: 0.017
       a =  2.000      CL =  1.4264
      Cm = -0.2815     CD =  0.01222   =>   CDf =  0.00569    CDp =  0.00653

 Side 1  free  transition at x/c =  0.6613   63
 Side 2  free  transition at x/c =  0.8463   65

  13   rms: 0.2769E+01   max: -.4073E+02   C at   65  2   RLX: 0.012
       a =  2.000      CL =  1.4264
      Cm = -0.2815     CD =  0.01218   =>   CDf =  0.00566    CDp =  0.00652

 Side 1  free  transition at x/c =  0.6613   63
 Side 2  free  transition at x/c =  0.8697   66

  14   rms: 0.6395E+01   max: -.8681E+02   C at   66  2   RLX: 0.006
       a =  2.000      CL =  1.4266
      Cm = -0.2815     CD =  0.01215   =>   CDf =  0.00563    CDp =  0.00652

 Side 1  free  transition at x/c =  0.6613   63
 Side 2  free  transition at x/c =  0.8903   68

  15   rms: 0.8984E+02   max: -.1207E+04   C at   68  2   RLX: 0.000
       a =  2.000      CL =  1.4271
      Cm = -0.2816     CD =  0.01213   =>   CDf =  0.00562    CDp =  0.00652

 Side 1  free  transition at x/c =  0.6613   63
 Side 2  free  transition at x/c =  0.9087   69

  16   rms: 0.1624E+02   max: -.2028E+03   C at   69  2   RLX: 0.002
       a =  2.000      CL =  1.4273
      Cm = -0.2817     CD =  0.01213   =>   CDf =  0.00561    CDp =  0.00652

 Side 1  free  transition at x/c =  0.6613   63
 Side 2  free  transition at x/c =  0.9255   70

  17   rms: 0.9568E+01   max: -.1161E+03   C at   70  2   RLX: 0.004
       a =  2.000      CL =  1.4273
      Cm = -0.2816     CD =  0.01213   =>   CDf =  0.00561    CDp =  0.00652

 Side 1  free  transition at x/c =  0.6612   63
 Side 2  free  transition at x/c =  0.9411   71

  18   rms: 0.1122E+02   max: -.1378E+03   C at   71  2   RLX: 0.004
       a =  2.000      CL =  1.4272
      Cm = -0.2816     CD =  0.01213   =>   CDf =  0.00561    CDp =  0.00652

 Side 1  free  transition at x/c =  0.6612   63
 Side 2  free  transition at x/c =  0.9546   72

  19   rms: 0.1544E+02   max: -.1983E+03   C at   72  2   RLX: 0.003
       a =  2.000      CL =  1.4272
      Cm = -0.2816     CD =  0.01212   =>   CDf =  0.00561    CDp =  0.00652

 Side 1  free  transition at x/c =  0.6612   63
 Side 2  free  transition at x/c =  0.9638   73

  20   rms: 0.2385E+02   max: -.3328E+03   C at   73  2   RLX: 0.002
       a =  2.000      CL =  1.4272
      Cm = -0.2816     CD =  0.01212   =>   CDf =  0.00561    CDp =  0.00651

 Side 1  free  transition at x/c =  0.6612   63
 Side 2  free  transition at x/c =  0.9699   73

  21   rms: 0.3134E+02   max: -.4345E+03   C at   73  2   RLX: 0.001
       a =  2.000      CL =  1.4272
      Cm = -0.2816     CD =  0.01212   =>   CDf =  0.00561    CDp =  0.00651

 Side 1  free  transition at x/c =  0.6612   63
 Side 2  free  transition at x/c =  0.9750   74

  22   rms: 0.3289E+02   max: -.5193E+03   C at   74  2   RLX: 0.001
       a =  2.000      CL =  1.4272
      Cm = -0.2816     CD =  0.01212   =>   CDf =  0.00561    CDp =  0.00651

 Side 1  free  transition at x/c =  0.6612   63
 Side 2  free  transition at x/c =  0.9803   74

  23   rms: 0.9743E+02   max: -.1538E+04   C at   74  2   RLX: 0.000
       a =  2.000      CL =  1.4273
      Cm = -0.2816     CD =  0.01212   =>   CDf =  0.00561    CDp =  0.00651

 Side 1  free  transition at x/c =  0.6612   63
 Side 2  free  transition at x/c =  0.9848   75

  24   rms: 0.1536E+02   max: -.2951E+03   C at   75  2   RLX: 0.002
       a =  2.000      CL =  1.4274
      Cm = -0.2816     CD =  0.01212   =>   CDf =  0.00560    CDp =  0.00651

 Side 1  free  transition at x/c =  0.6612   63
 Side 2  free  transition at x/c =  0.9952   76

  25   rms: 0.3942E+01   max: 0.1069E+03   C at   76  2   RLX: 0.014
       a =  2.000      CL =  1.4264
      Cm = -0.2813     CD =  0.01212   =>   CDf =  0.00560    CDp =  0.00651

 Side 1  free  transition at x/c =  0.6612   63
 Side 2 forced transition at x/c =  1.0000   76

  26   rms: 0.5829E-01   max: -.6178E+00   n at   75  2   RLX: 0.809
       a =  2.000      CL =  1.4420
      Cm = -0.2814     CD =  0.01221   =>   CDf =  0.00561    CDp =  0.00660

 Side 1  free  transition at x/c =  0.6598   62
 Side 2 forced transition at x/c =  1.0000   76

  27   rms: 0.5517E-02   max: -.1861E-01   D at   57  2
       a =  2.000      CL =  1.4437
      Cm = -0.2811     CD =  0.01224   =>   CDf =  0.00568    CDp =  0.00656

 Side 1  free  transition at x/c =  0.6592   62
 Side 2 forced transition at x/c =  1.0000   76

  28   rms: 0.6675E-04   max: -.5629E-03   D at   63  1
       a =  2.000      CL =  1.4438
      Cm = -0.2811     CD =  0.01224   =>   CDf =  0.00567    CDp =  0.00657
 plradd ia,ip,cpol           13           0  0.33970460    

 Point added to stored polar  1
 Point written to save file  ch10sm_Re400k.base.pol                          
 Dump file unspecified or not available
 Calculating wake trajectory ...
 Calculating source influence matrix ...

 Solving BL system ...

 Side 1  free  transition at x/c =  0.6592   62
 Side 2 forced transition at x/c =  1.0000   76

   1   rms: 0.9133E-01   max: -.2463E+00   n at   74  2
       a =  2.500      CL =  1.4878
      Cm = -0.2793     CD =  0.01257   =>   CDf =  0.00568    CDp =  0.00689

 Side 1  free  transition at x/c =  0.6508   62
 Side 2 forced transition at x/c =  1.0000   76

   2   rms: 0.8884E-02   max: -.5307E-01   D at   63  1
       a =  2.500      CL =  1.4926
      Cm = -0.2803     CD =  0.01254   =>   CDf =  0.00572    CDp =  0.00682

 Side 1  free  transition at x/c =  0.6519   62
 Side 2 forced transition at x/c =  1.0000   76

   3   rms: 0.2992E-03   max: -.4444E-02   C at   76  2
       a =  2.500      CL =  1.4925
      Cm = -0.2802     CD =  0.01255   =>   CDf =  0.00570    CDp =  0.00685

 Side 1  free  transition at x/c =  0.6519   62
 Side 2 forced transition at x/c =  1.0000   76

   4   rms: 0.7323E-05   max: -.8136E-04   D at    4  2
       a =  2.500      CL =  1.4925
      Cm = -0.2802     CD =  0.01255   =>   CDf =  0.00570    CDp =  0.00685
 plradd ia,ip,cpol           14           0  0.33970460    

 Point added to stored polar  1
 Point written to save file  ch10sm_Re400k.base.pol                          
 Dump file unspecified or not available
 Calculating wake trajectory ...
 Calculating source influence matrix ...

 Solving BL system ...

 Side 1  free  transition at x/c =  0.6519   62
 Side 2 forced transition at x/c =  1.0000   76

   1   rms: 0.9136E-01   max: -.2117E+00   n at   63  2
       a =  3.000      CL =  1.5447
      Cm = -0.2801     CD =  0.01282   =>   CDf =  0.00556    CDp =  0.00726

 Side 1  free  transition at x/c =  0.6450   63
 Side 2 forced transition at x/c =  1.0000   75

   2   rms: 0.1034E-01   max: -.1144E+00   D at   63  1
       a =  3.000      CL =  1.5479
      Cm = -0.2808     CD =  0.01283   =>   CDf =  0.00586    CDp =  0.00697

 Side 1  free  transition at x/c =  0.6457   63
 Side 2 forced transition at x/c =  1.0000   75

   3   rms: 0.6701E-03   max: 0.6707E-02   D at   63  1
       a =  3.000      CL =  1.5480
      Cm = -0.2808     CD =  0.01284   =>   CDf =  0.00584    CDp =  0.00700

 Side 1  free  transition at x/c =  0.6457   63
 Side 2 forced transition at x/c =  1.0000   75

   4   rms: 0.1234E-04   max: -.1135E-03   C at   75  2
       a =  3.000      CL =  1.5480
      Cm = -0.2808     CD =  0.01284   =>   CDf =  0.00584    CDp =  0.00700
 plradd ia,ip,cpol           15           0  0.32463926    

 Point added to stored polar  1
 Point written to save file  ch10sm_Re400k.base.pol                          
 Dump file unspecified or not available
 Calculating wake trajectory ...
 Calculating source influence matrix ...

 Solving BL system ...

 Side 1  free  transition at x/c =  0.6457   63
 Side 2 forced transition at x/c =  1.0000   75

   1   rms: 0.8436E-01   max: -.1013E+00   n at   64  2
       a =  3.500      CL =  1.6091
      Cm = -0.2825     CD =  0.01325   =>   CDf =  0.00569    CDp =  0.00756

 Side 1  free  transition at x/c =  0.6401   63
 Side 2 forced transition at x/c =  1.0000   74

   2   rms: 0.1567E-01   max: -.1127E+00   D at   63  1
       a =  3.500      CL =  1.5939
      Cm = -0.2794     CD =  0.01323   =>   CDf =  0.00585    CDp =  0.00738

 Side 1  free  transition at x/c =  0.6381   63
 Side 2 forced transition at x/c =  1.0000   74

   3   rms: 0.1513E-02   max: 0.6865E-02   C at   74  2
       a =  3.500      CL =  1.5949
      Cm = -0.2796     CD =  0.01322   =>   CDf =  0.00582    CDp =  0.00740

 Side 1  free  transition at x/c =  0.6382   63
 Side 2 forced transition at x/c =  1.0000   74

   4   rms: 0.1031E-04   max: 0.2934E-04   D at   76  2
       a =  3.500      CL =  1.5949
      Cm = -0.2796     CD =  0.01322   =>   CDf =  0.00582    CDp =  0.00740
 plradd ia,ip,cpol           16           0  0.30961949    

 Point added to stored polar  1
 Point written to save file  ch10sm_Re400k.base.pol                          
 Dump file unspecified or not available
 Calculating wake trajectory ...
 Calculating source influence matrix ...

 Solving BL system ...

 Side 1  free  transition at x/c =  0.6382   63
 Side 2 forced transition at x/c =  1.0000   74

   1   rms: 0.7500E-01   max: -.7779E-01   n at   62  2
       a =  4.000      CL =  1.6432
      Cm = -0.2788     CD =  0.01355   =>   CDf =  0.00582    CDp =  0.00772

 Side 1  free  transition at x/c =  0.6304   63
 Side 2 forced transition at x/c =  1.0000   74

   2   rms: 0.1235E-01   max: -.1304E+00   D at   63  1
       a =  4.000      CL =  1.6472
      Cm = -0.2796     CD =  0.01351   =>   CDf =  0.00593    CDp =  0.00757

 Side 1  free  transition at x/c =  0.6315   63
 Side 2 forced transition at x/c =  1.0000   74

   3   rms: 0.9507E-03   max: -.8596E-02   C at   74  2
       a =  4.000      CL =  1.6470
      Cm = -0.2795     CD =  0.01352   =>   CDf =  0.00589    CDp =  0.00763

 Side 1  free  transition at x/c =  0.6314   63
 Side 2 forced transition at x/c =  1.0000   74

   4   rms: 0.9460E-05   max: -.7607E-04   C at   74  2
       a =  4.000      CL =  1.6470
      Cm = -0.2795     CD =  0.01352   =>   CDf =  0.00589    CDp =  0.00763
 plradd ia,ip,cpol           17           0  0.29465201    

 Point added to stored polar  1
 Point written to save file  ch10sm_Re400k.base.pol                          
 Dump file unspecified or not available
 Calculating wake trajectory ...
 Calculating source influence matrix ...

 Solving BL system ...

 Side 1  free  transition at x/c =  0.6314   63
 Side 2 forced transition at x/c =  1.0000   74

   1   rms: 0.8028E-01   max: 0.6399E-01   C at   74  2
       a =  4.500      CL =  1.7046
      Cm = -0.2806     CD =  0.01386   =>   CDf =  0.00571    CDp =  0.00815

 Side 1  free  transition at x/c =  0.6258   63
 Side 2 forced transition at x/c =  1.0000   73

   2   rms: 0.1430E-01   max: -.8180E-01   D at   63  1
       a =  4.500      CL =  1.6921
      Cm = -0.2781     CD =  0.01396   =>   CDf =  0.00589    CDp =  0.00807

 Side 1  free  transition at x/c =  0.6236   63
 Side 2 forced transition at x/c =  1.0000   73

   3   rms: 0.1909E-02   max: -.7810E-02   D at   81  2
       a =  4.500      CL =  1.6931
      Cm = -0.2783     CD =  0.01394   =>   CDf =  0.00586    CDp =  0.00808

 Side 1  free  transition at x/c =  0.6238   63
 Side 2 forced transition at x/c =  1.0000   73

   4   rms: 0.1809E-04   max: 0.1177E-03   C at   73  2
       a =  4.500      CL =  1.6931
      Cm = -0.2783     CD =  0.01394   =>   CDf =  0.00586    CDp =  0.00808
 plradd ia,ip,cpol           18           0  0.27975133    

 Point added to stored polar  1
 Point written to save file  ch10sm_Re400k.base.pol                          
 Dump file unspecified or not available
 Calculating wake trajectory ...
 Calculating source influence matrix ...

 Solving BL system ...

 Side 1  free  transition at x/c =  0.6238   63
 Side 2 forced transition at x/c =  1.0000   73

   1   rms: 0.7170E-01   max: 0.7109E-01   D at   80  2
       a =  5.000      CL =  1.7369
      Cm = -0.2766     CD =  0.01433   =>   CDf =  0.00586    CDp =  0.00846

 Side 1  free  transition at x/c =  0.6150   63
 Side 2 forced transition at x/c =  1.0000   73

   2   rms: 0.1715E-01   max: -.1483E+00   D at   63  1
       a =  5.000      CL =  1.7419
      Cm = -0.2776     CD =  0.01425   =>   CDf =  0.00594    CDp =  0.00830

 Side 1  free  transition at x/c =  0.6164   63
 Side 2 forced transition at x/c =  1.0000   73

   3   rms: 0.1138E-02   max: -.8433E-02   C at   73  2
       a =  5.000      CL =  1.7420
      Cm = -0.2776     CD =  0.01427   =>   CDf =  0.00589    CDp =  0.00839

 Side 1  free  transition at x/c =  0.6163   63
 Side 2 forced transition at x/c =  1.0000   73

   4   rms: 0.7365E-05   max: -.4676E-04   D at   87  1
       a =  5.000      CL =  1.7420
      Cm = -0.2776     CD =  0.01427   =>   CDf =  0.00589    CDp =  0.00838
 plradd ia,ip,cpol           19           0  0.25024012    

 Point added to stored polar  1
 Point written to save file  ch10sm_Re400k.base.pol                          
 Dump file unspecified or not available
 Calculating wake trajectory ...
 Calculating source influence matrix ...

 Solving BL system ...

 Side 1  free  transition at x/c =  0.6163   63
 Side 2 forced transition at x/c =  1.0000   73

   1   rms: 0.7896E-01   max: 0.5929E-01   C at   73  2
       a =  5.500      CL =  1.7983
      Cm = -0.2785     CD =  0.01462   =>   CDf =  0.00568    CDp =  0.00894

 Side 1  free  transition at x/c =  0.6101   63
 Side 2 forced transition at x/c =  1.0000   72

   2   rms: 0.1707E-01   max: -.8740E-01   D at   63  1
       a =  5.500      CL =  1.7839
      Cm = -0.2756     CD =  0.01475   =>   CDf =  0.00585    CDp =  0.00890

 Side 1  free  transition at x/c =  0.6079   63
 Side 2 forced transition at x/c =  1.0000   72

   3   rms: 0.2157E-02   max: -.1168E-01   D at   80  2
       a =  5.500      CL =  1.7846
      Cm = -0.2757     CD =  0.01474   =>   CDf =  0.00583    CDp =  0.00891

 Side 1  free  transition at x/c =  0.6080   63
 Side 2 forced transition at x/c =  1.0000   72

   4   rms: 0.3259E-04   max: -.2093E-03   D at   80  2
       a =  5.500      CL =  1.7846
      Cm = -0.2757     CD =  0.01474   =>   CDf =  0.00582    CDp =  0.00892
 plradd ia,ip,cpol           20           0  0.23566906    

 Point added to stored polar  1
 Point written to save file  ch10sm_Re400k.base.pol                          
 Dump file unspecified or not available
 Calculating wake trajectory ...
 Calculating source influence matrix ...

 Solving BL system ...

 Side 1  free  transition at x/c =  0.6080   63
 Side 2 forced transition at x/c =  1.0000   72

   1   rms: 0.6938E-01   max: 0.7895E-01   D at   79  2
       a =  6.000      CL =  1.8243
      Cm = -0.2733     CD =  0.01518   =>   CDf =  0.00583    CDp =  0.00935

 Side 1  free  transition at x/c =  0.5987   63
 Side 2 forced transition at x/c =  1.0000   72

   2   rms: 0.2729E-01   max: -.1790E+00   D at   63  1
       a =  6.000      CL =  1.8308
      Cm = -0.2746     CD =  0.01505   =>   CDf =  0.00591    CDp =  0.00914

 Side 1  free  transition at x/c =  0.6002   63
 Side 2 forced transition at x/c =  1.0000   72

   3   rms: 0.2906E-02   max: -.2331E-01   C at   72  2
       a =  6.000      CL =  1.8317
      Cm = -0.2748     CD =  0.01512   =>   CDf =  0.00584    CDp =  0.00928

 Side 1  free  transition at x/c =  0.6001   63
 Side 2 forced transition at x/c =  1.0000   72

   4   rms: 0.3937E-04   max: 0.2120E-03   D at   74  2
       a =  6.000      CL =  1.8317
      Cm = -0.2748     CD =  0.01512   =>   CDf =  0.00585    CDp =  0.00927
 plradd ia,ip,cpol           21           0  0.22122827    

 Point added to stored polar  1
 Point written to save file  ch10sm_Re400k.base.pol                          
 Dump file unspecified or not available
 Calculating wake trajectory ...
 Calculating source influence matrix ...

 Solving BL system ...

 Side 1  free  transition at x/c =  0.6001   63
 Side 2 forced transition at x/c =  1.0000   72

   1   rms: 0.8107E-01   max: 0.7189E-01   C at   72  2
       a =  6.500      CL =  1.8909
      Cm = -0.2763     CD =  0.01551   =>   CDf =  0.00560    CDp =  0.00991

 Side 1  free  transition at x/c =  0.5932   63
 Side 2 forced transition at x/c =  1.0000   71

   2   rms: 0.2829E-01   max: 0.1195E+00   D at   78  2
       a =  6.500      CL =  1.8682
      Cm = -0.2718     CD =  0.01566   =>   CDf =  0.00575    CDp =  0.00991

 Side 1  free  transition at x/c =  0.5908   63
 Side 2 forced transition at x/c =  1.0000   71

   3   rms: 0.2871E-02   max: 0.1290E-01   D at   87  1
       a =  6.500      CL =  1.8652
      Cm = -0.2711     CD =  0.01566   =>   CDf =  0.00573    CDp =  0.00993

 Side 1  free  transition at x/c =  0.5910   63
 Side 2 forced transition at x/c =  1.0000   71

   4   rms: 0.3383E-04   max: 0.3989E-03   D at   73  2
       a =  6.500      CL =  1.8653
      Cm = -0.2711     CD =  0.01566   =>   CDf =  0.00573    CDp =  0.00994
 plradd ia,ip,cpol           22           0  0.19282262    

 Point added to stored polar  1
 Point written to save file  ch10sm_Re400k.base.pol                          
 Dump file unspecified or not available
 Calculating wake trajectory ...
 Calculating source influence matrix ...

 Solving BL system ...

 Side 1  free  transition at x/c =  0.5910   63
 Side 2 forced transition at x/c =  1.0000   71

   1   rms: 0.6725E-01   max: 0.8197E-01   D at   78  2
       a =  7.000      CL =  1.9002
      Cm = -0.2678     CD =  0.01615   =>   CDf =  0.00573    CDp =  0.01042

 Side 1  free  transition at x/c =  0.5818   62
 Side 2 forced transition at x/c =  1.0000   71

   2   rms: 0.2006E-01   max: -.9471E-01   D at   91  1
       a =  7.000      CL =  1.9087
      Cm = -0.2695     CD =  0.01610   =>   CDf =  0.00577    CDp =  0.01033

 Side 1  free  transition at x/c =  0.5827   62
 Side 2 forced transition at x/c =  1.0000   71

   3   rms: 0.7528E-03   max: 0.5692E-02   C at   71  2
       a =  7.000      CL =  1.9090
      Cm = -0.2696     CD =  0.01613   =>   CDf =  0.00574    CDp =  0.01039

 Side 1  free  transition at x/c =  0.5826   62
 Side 2 forced transition at x/c =  1.0000   71

   4   rms: 0.1643E-04   max: 0.6064E-04   D at   75  2
       a =  7.000      CL =  1.9090
      Cm = -0.2696     CD =  0.01613   =>   CDf =  0.00574    CDp =  0.01039
 plradd ia,ip,cpol           23           0  0.17894207    

 Point added to stored polar  1
 Point written to save file  ch10sm_Re400k.base.pol                          
 Dump file unspecified or not available
 Calculating wake trajectory ...
 Calculating source influence matrix ...

 Solving BL system ...

 Side 1  free  transition at x/c =  0.5826   62
 Side 2 forced transition at x/c =  1.0000   71

   1   rms: 0.6404E-01   max: 0.2414E+00   T at   62  1
       a =  7.500      CL =  1.9156
      Cm = -0.2607     CD =  0.01700   =>   CDf =  0.00546    CDp =  0.01153

 Side 1  free  transition at x/c =  0.5706   63
 Side 2 forced transition at x/c =  1.0000   70

   2   rms: 0.3227E-01   max: -.1652E+00   D at   81  2
       a =  7.500      CL =  1.9308
      Cm = -0.2638     CD =  0.01677   =>   CDf =  0.00569    CDp =  0.01108

 Side 1  free  transition at x/c =  0.5728   63
 Side 2 forced transition at x/c =  1.0000   70

   3   rms: 0.3382E-02   max: -.2316E-01   D at   81  2
       a =  7.500      CL =  1.9328
      Cm = -0.2642     CD =  0.01684   =>   CDf =  0.00559    CDp =  0.01125

 Side 1  free  transition at x/c =  0.5726   63
 Side 2 forced transition at x/c =  1.0000   70

   4   rms: 0.6021E-04   max: -.5244E-03   D at   80  2
       a =  7.500      CL =  1.9328
      Cm = -0.2642     CD =  0.01684   =>   CDf =  0.00559    CDp =  0.01125
 plradd ia,ip,cpol           24           0  0.17894207    

 Point added to stored polar  1
 Point written to save file  ch10sm_Re400k.base.pol                          
 Dump file unspecified or not available
 Calculating wake trajectory ...
 Calculating source influence matrix ...

 Solving BL system ...

 Side 1  free  transition at x/c =  0.5726   63
 Side 2 forced transition at x/c =  1.0000   70

   1   rms: 0.6806E-01   max: 0.7888E-01   D at   78  2
       a =  8.000      CL =  1.9685
      Cm = -0.2612     CD =  0.01743   =>   CDf =  0.00560    CDp =  0.01183

 Side 1  free  transition at x/c =  0.5644   62
 Side 2 forced transition at x/c =  1.0000   70

   2   rms: 0.9335E-02   max: -.7842E-01   D at   62  1
       a =  8.000      CL =  1.9619
      Cm = -0.2600     CD =  0.01763   =>   CDf =  0.00555    CDp =  0.01209

 Side 1  free  transition at x/c =  0.5629   62
 Side 2 forced transition at x/c =  1.0000   70

   3   rms: 0.1985E-02   max: -.1036E-01   D at   89  1
       a =  8.000      CL =  1.9635
      Cm = -0.2603     CD =  0.01761   =>   CDf =  0.00551    CDp =  0.01210

 Side 1  free  transition at x/c =  0.5630   62
 Side 2 forced transition at x/c =  1.0000   70

   4   rms: 0.3095E-04   max: -.1570E-03   D at   89  1
       a =  8.000      CL =  1.9635
      Cm = -0.2603     CD =  0.01761   =>   CDf =  0.00551    CDp =  0.01210
 plradd ia,ip,cpol           25           0  0.16530091    

 Point added to stored polar  1
 Point written to save file  ch10sm_Re400k.base.pol                          
 Dump file unspecified or not available
 Calculating wake trajectory ...
 Calculating source influence matrix ...

 Solving BL system ...

 Side 1  free  transition at x/c =  0.5630   62
 Side 2 forced transition at x/c =  1.0000   70

   1   rms: 0.6415E-01   max: 0.2188E+00   T at   62  1
       a =  8.500      CL =  1.9821
      Cm = -0.2544     CD =  0.01864   =>   CDf =  0.00520    CDp =  0.01344

 Side 1  free  transition at x/c =  0.5518   62
 Side 2 forced transition at x/c =  1.0000   69

   2   rms: 0.3328E-01   max: -.1550E+00   D at   63  1
       a =  8.500      CL =  2.0011
      Cm = -0.2578     CD =  0.01823   =>   CDf =  0.00551    CDp =  0.01272

 Side 1  free  transition at x/c =  0.5533   63
 Side 2 forced transition at x/c =  1.0000   69

   3   rms: 0.4433E-02   max: -.4247E-01   D at   62  1
       a =  8.500      CL =  1.9987
      Cm = -0.2574     CD =  0.01833   =>   CDf =  0.00551    CDp =  0.01282

 Side 1  free  transition at x/c =  0.5533   63
 Side 2 forced transition at x/c =  1.0000   69

   4   rms: 0.5244E-03   max: 0.1963E-02   T at   63  1
       a =  8.500      CL =  1.9992
      Cm = -0.2575     CD =  0.01832   =>   CDf =  0.00547    CDp =  0.01285

 Side 1  free  transition at x/c =  0.5532   63
 Side 2 forced transition at x/c =  1.0000   69

   5   rms: 0.3377E-05   max: 0.2713E-04   C at   69  2
       a =  8.500      CL =  1.9992
      Cm = -0.2575     CD =  0.01832   =>   CDf =  0.00548    CDp =  0.01285
 plradd ia,ip,cpol           26           0  0.15189636    

 Point added to stored polar  1
 Point written to save file  ch10sm_Re400k.base.pol                          
 Dump file unspecified or not available
 Calculating wake trajectory ...
 Calculating source influence matrix ...

 Solving BL system ...

 Side 1  free  transition at x/c =  0.5532   63
 Side 2 forced transition at x/c =  1.0000   69

   1   rms: 0.8385E-01   max: 0.6471E-01   T at   70  2
       a =  9.000      CL =  2.0612
      Cm = -0.2595     CD =  0.01865   =>   CDf =  0.00516    CDp =  0.01350

 Side 1  free  transition at x/c =  0.5439   63
 Side 2 forced transition at x/c =  1.0000   68
 idif Ue xi dudx           1  0.11763795      3.98337841E-03   29.532207    
 Uenew xinew           2  1.27477795E-02  4.31656837E-04

   2   rms: 0.5628E-01   max: -.3078E+00   T at    2  1
       a =  9.000      CL =  2.0146
      Cm = -0.2511     CD =  0.01944   =>   CDf =  0.00563    CDp =  0.01382

 Side 1  free  transition at x/c =  0.5422   62
 Side 2 forced transition at x/c =  1.0000   69

   3   rms: 0.6745E-02   max: 0.5787E-01   D at    3  2
       a =  9.000      CL =  2.0152
      Cm = -0.2514     CD =  0.01961   =>   CDf =  0.00530    CDp =  0.01431

 Side 1  free  transition at x/c =  0.5421   62
 Side 2 forced transition at x/c =  1.0000   69

   4   rms: 0.8198E-03   max: 0.8908E-02   D at    4  2
       a =  9.000      CL =  2.0153
      Cm = -0.2514     CD =  0.01960   =>   CDf =  0.00529    CDp =  0.01431

 Side 1  free  transition at x/c =  0.5421   62
 Side 2 forced transition at x/c =  1.0000   69

   5   rms: 0.3132E-05   max: 0.3592E-04   D at   78  2
       a =  9.000      CL =  2.0153
      Cm = -0.2514     CD =  0.01960   =>   CDf =  0.00529    CDp =  0.01431
 plradd ia,ip,cpol           27           0  7.39071111E-04

 Point added to stored polar  1
 Point written to save file  ch10sm_Re400k.base.pol                          
 Dump file unspecified or not available
 Calculating wake trajectory ...
 Calculating source influence matrix ...

 Solving BL system ...

 Side 1  free  transition at x/c =  0.5421   62
 Side 2 forced transition at x/c =  1.0000   69

   1   rms: 0.6731E-01   max: 0.2308E+00   T at   62  1
       a =  9.500      CL =  2.0473
      Cm = -0.2482     CD =  0.02052   =>   CDf =  0.00496    CDp =  0.01556

 Side 1  free  transition at x/c =  0.5322   62
 Side 2 forced transition at x/c =  1.0000   68

   2   rms: 0.1477E-01   max: -.1072E+00   D at   62  1
       a =  9.500      CL =  2.0363
      Cm = -0.2465     CD =  0.02093   =>   CDf =  0.00520    CDp =  0.01572

 Side 1  free  transition at x/c =  0.5308   62
 Side 2 forced transition at x/c =  1.0000   68

   3   rms: 0.2643E-02   max: -.1226E-01   D at   88  1
       a =  9.500      CL =  2.0380
      Cm = -0.2467     CD =  0.02089   =>   CDf =  0.00517    CDp =  0.01573

 Side 1  free  transition at x/c =  0.5308   62
 Side 2 forced transition at x/c =  1.0000   68

   4   rms: 0.7858E-04   max: -.3315E-03   D at   87  1
       a =  9.500      CL =  2.0380
      Cm = -0.2468     CD =  0.02089   =>   CDf =  0.00516    CDp =  0.01573
 plradd ia,ip,cpol           28           0  2.67231313E-04

 Point added to stored polar  1
 Point written to save file  ch10sm_Re400k.base.pol                          
 Dump file unspecified or not available
 Calculating wake trajectory ...
 Calculating source influence matrix ...

 Solving BL system ...

 Side 1  free  transition at x/c =  0.5308   62
 Side 2 forced transition at x/c =  1.0000   68

   1   rms: 0.6542E-01   max: 0.2396E+00   T at   62  1   RLX: 0.946
       a = 10.000      CL =  2.0529
      Cm = -0.2414     CD =  0.02242   =>   CDf =  0.00517    CDp =  0.01725

 Side 1  free  transition at x/c =  0.5130   61
 Side 2 forced transition at x/c =  1.0000   68

   2   rms: 0.2135E-01   max: -.2541E+00   D at   61  1
       a = 10.000      CL =  2.0489
      Cm = -0.2403     CD =  0.02259   =>   CDf =  0.00521    CDp =  0.01738

 Side 1  free  transition at x/c =  0.5170   61
 Side 2 forced transition at x/c =  1.0000   68

   3   rms: 0.3145E-02   max: 0.2812E-01   C at   61  1
       a = 10.000      CL =  2.0504
      Cm = -0.2406     CD =  0.02265   =>   CDf =  0.00504    CDp =  0.01761

 Side 1  free  transition at x/c =  0.5157   61
 Side 2 forced transition at x/c =  1.0000   68

   4   rms: 0.2328E-03   max: -.1662E-02   D at   61  1
       a = 10.000      CL =  2.0505
      Cm = -0.2406     CD =  0.02265   =>   CDf =  0.00506    CDp =  0.01759

 Side 1  free  transition at x/c =  0.5157   61
 Side 2 forced transition at x/c =  1.0000   68

   5   rms: 0.1172E-04   max: -.4424E-04   D at   79  2
       a = 10.000      CL =  2.0505
      Cm = -0.2407     CD =  0.02265   =>   CDf =  0.00506    CDp =  0.01759
 plradd ia,ip,cpol           29           0  2.67231313E-04

 Point added to stored polar  1
 Point written to save file  ch10sm_Re400k.base.pol                          
 Dump file unspecified or not available

.OPERva   c>  
 Solving BL system ...

 Side 1  free  transition at x/c =  0.5157   61
 Side 2 forced transition at x/c =  1.0000   68

   1   rms: 0.5946E-06   max: -.4869E-05   D at   61  1
       a = 10.000      CL =  2.0505
      Cm = -0.2407     CD =  0.02265   =>   CDf =  0.00506    CDp =  0.01759
 plradd ia,ip,cpol           30         182  2.67231313E-04

 Point added to stored polar  1
 Point written to save file  ch10sm_Re400k.base.pol                          
 Dump file unspecified or not available
 Calculating wake trajectory ...
 Calculating source influence matrix ...

 Solving BL system ...

 Side 1  free  transition at x/c =  0.5157   61
 Side 2 forced transition at x/c =  1.0000   68

   1   rms: 0.3756E-01   max: 0.1425E+00   D at   83  1   RLX: 0.889
       a = 10.250      CL =  2.0486
      Cm = -0.2369     CD =  0.02384   =>   CDf =  0.00506    CDp =  0.01877

 Side 1  free  transition at x/c =  0.5060   60
 Side 2 forced transition at x/c =  1.0000   68

   2   rms: 0.1260E-01   max: -.8750E-01   D at   61  1
       a = 10.250      CL =  2.0533
      Cm = -0.2372     CD =  0.02370   =>   CDf =  0.00514    CDp =  0.01856

 Side 1  free  transition at x/c =  0.5061   60
 Side 2 forced transition at x/c =  1.0000   68

   3   rms: 0.1396E-02   max: -.6562E-02   D at   84  1
       a = 10.250      CL =  2.0544
      Cm = -0.2373     CD =  0.02368   =>   CDf =  0.00508    CDp =  0.01860

 Side 1  free  transition at x/c =  0.5059   60
 Side 2 forced transition at x/c =  1.0000   68

   4   rms: 0.1894E-04   max: -.1044E-03   D at   78  2
       a = 10.250      CL =  2.0544
      Cm = -0.2373     CD =  0.02368   =>   CDf =  0.00508    CDp =  0.01860
 plradd ia,ip,cpol           31           0  2.67231313E-04

 Point added to stored polar  1
 Point written to save file  ch10sm_Re400k.base.pol                          
 Dump file unspecified or not available
 Calculating wake trajectory ...
 Calculating source influence matrix ...

 Solving BL system ...

 Side 1  free  transition at x/c =  0.5059   60
 Side 2 forced transition at x/c =  1.0000   68

   1   rms: 0.4308E-01   max: 0.1873E+00   D at   82  1   RLX: 0.841
       a = 10.500      CL =  2.0466
      Cm = -0.2332     CD =  0.02525   =>   CDf =  0.00508    CDp =  0.02016

 Side 1  free  transition at x/c =  0.4955   60
 Side 2 forced transition at x/c =  1.0000   68

   2   rms: 0.1004E-01   max: -.1009E+00   D at   60  1
       a = 10.500      CL =  2.0508
      Cm = -0.2331     CD =  0.02519   =>   CDf =  0.00469    CDp =  0.02050

 Side 1  free  transition at x/c =  0.4953   61
 Side 2 forced transition at x/c =  1.0000   67

   3   rms: 0.1832E-02   max: -.2275E-01   T at    2  1
       a = 10.500      CL =  2.0518
      Cm = -0.2333     CD =  0.02515   =>   CDf =  0.00500    CDp =  0.02015

 Side 1  free  transition at x/c =  0.4951   61
 Side 2 forced transition at x/c =  1.0000   67

   4   rms: 0.8998E-03   max: -.1121E-01   D at    4  1
       a = 10.500      CL =  2.0518
      Cm = -0.2333     CD =  0.02515   =>   CDf =  0.00500    CDp =  0.02014

 Side 1  free  transition at x/c =  0.4951   61
 Side 2 forced transition at x/c =  1.0000   67

   5   rms: 0.1789E-05   max: -.1028E-04   D at   61  1
       a = 10.500      CL =  2.0518
      Cm = -0.2333     CD =  0.02515   =>   CDf =  0.00500    CDp =  0.02014
 plradd ia,ip,cpol           32           0  2.67231313E-04

 Point added to stored polar  1
 Point written to save file  ch10sm_Re400k.base.pol                          
 Dump file unspecified or not available
 Calculating wake trajectory ...
 Calculating source influence matrix ...

 Solving BL system ...

 Side 1  free  transition at x/c =  0.4951   61
 Side 2 forced transition at x/c =  1.0000   67

   1   rms: 0.3787E-01   max: -.2107E+00   D at   62  1   RLX: 0.816
       a = 10.750      CL =  2.0545
      Cm = -0.2306     CD =  0.02616   =>   CDf =  0.00501    CDp =  0.02115

 Side 1  free  transition at x/c =  0.4873   60
 Side 2 forced transition at x/c =  1.0000   67

   2   rms: 0.1034E-01   max: -.6667E-01   D at   60  1
       a = 10.750      CL =  2.0509
      Cm = -0.2296     CD =  0.02669   =>   CDf =  0.00499    CDp =  0.02170

 Side 1  free  transition at x/c =  0.4840   60
 Side 2 forced transition at x/c =  1.0000   67

   3   rms: 0.1309E-02   max: -.1088E-01   C at   60  1
       a = 10.750      CL =  2.0514
      Cm = -0.2297     CD =  0.02663   =>   CDf =  0.00496    CDp =  0.02167

 Side 1  free  transition at x/c =  0.4843   60
 Side 2 forced transition at x/c =  1.0000   67

   4   rms: 0.5252E-04   max: -.3079E-03   D at   79  2
       a = 10.750      CL =  2.0515
      Cm = -0.2297     CD =  0.02663   =>   CDf =  0.00495    CDp =  0.02168
 plradd ia,ip,cpol           33           0  2.67231313E-04

 Point added to stored polar  1
 Point written to save file  ch10sm_Re400k.base.pol                          
 Dump file unspecified or not available
 Calculating wake trajectory ...
 Calculating source influence matrix ...

 Solving BL system ...

 Side 1  free  transition at x/c =  0.4843   60
 Side 2 forced transition at x/c =  1.0000   67

   1   rms: 0.3721E-01   max: -.1435E+00   D at   61  1   RLX: 0.775
       a = 11.000      CL =  2.0509
      Cm = -0.2270     CD =  0.02791   =>   CDf =  0.00496    CDp =  0.02296

 Side 1  free  transition at x/c =  0.4755   59
 Side 2 forced transition at x/c =  1.0000   67

   2   rms: 0.8154E-02   max: -.6868E-01   C at   59  1
       a = 11.000      CL =  2.0519
      Cm = -0.2263     CD =  0.02816   =>   CDf =  0.00501    CDp =  0.02315

 Side 1  free  transition at x/c =  0.4737   59
 Side 2 forced transition at x/c =  1.0000   67

   3   rms: 0.7296E-03   max: -.4538E-02   D at   83  1
       a = 11.000      CL =  2.0523
      Cm = -0.2264     CD =  0.02812   =>   CDf =  0.00495    CDp =  0.02318

 Side 1  free  transition at x/c =  0.4737   59
 Side 2 forced transition at x/c =  1.0000   67

   4   rms: 0.3132E-04   max: -.2308E-03   D at   79  2
       a = 11.000      CL =  2.0523
      Cm = -0.2264     CD =  0.02812   =>   CDf =  0.00495    CDp =  0.02318
 plradd ia,ip,cpol           34           0  2.67231313E-04

 Point added to stored polar  1
 Point written to save file  ch10sm_Re400k.base.pol                          
 Dump file unspecified or not available
 Calculating wake trajectory ...
 Calculating source influence matrix ...

 Solving BL system ...

 Side 1  free  transition at x/c =  0.4737   59
 Side 2 forced transition at x/c =  1.0000   67

   1   rms: 0.3748E-01   max: 0.1532E+00   D at   80  1   RLX: 0.742
       a = 11.250      CL =  2.0511
      Cm = -0.2239     CD =  0.02953   =>   CDf =  0.00495    CDp =  0.02458

 Side 1  free  transition at x/c =  0.4634   59
 Side 2 forced transition at x/c =  1.0000   67

   2   rms: 0.8388E-02   max: -.8819E-01   D at   59  1
       a = 11.250      CL =  2.0513
      Cm = -0.2230     CD =  0.02985   =>   CDf =  0.00497    CDp =  0.02488

 Side 1  free  transition at x/c =  0.4623   59
 Side 2 forced transition at x/c =  1.0000   67

   3   rms: 0.1974E-03   max: 0.2082E-02   C at   59  1
       a = 11.250      CL =  2.0513
      Cm = -0.2229     CD =  0.02983   =>   CDf =  0.00494    CDp =  0.02490

 Side 1  free  transition at x/c =  0.4623   59
 Side 2 forced transition at x/c =  1.0000   67

   4   rms: 0.3645E-05   max: 0.1773E-04   C at   67  2
       a = 11.250      CL =  2.0513
      Cm = -0.2229     CD =  0.02983   =>   CDf =  0.00494    CDp =  0.02489
 plradd ia,ip,cpol           35           0  2.67231313E-04

 Point added to stored polar  1
 Point written to save file  ch10sm_Re400k.base.pol                          
 Dump file unspecified or not available
 Calculating wake trajectory ...
 Calculating source influence matrix ...

 Solving BL system ...

 Side 1  free  transition at x/c =  0.4623   59
 Side 2 forced transition at x/c =  1.0000   67

   1   rms: 0.3776E-01   max: -.2148E+00   D at   60  1   RLX: 0.715
       a = 11.500      CL =  2.0526
      Cm = -0.2207     CD =  0.03097   =>   CDf =  0.00494    CDp =  0.02603

 Side 1  free  transition at x/c =  0.4542   58
 Side 2 forced transition at x/c =  1.0000   67

   2   rms: 0.1512E-01   max: 0.8658E-01   D at   81  1
       a = 11.500      CL =  2.0488
      Cm = -0.2196     CD =  0.03188   =>   CDf =  0.00490    CDp =  0.02698

 Side 1  free  transition at x/c =  0.4495   58
 Side 2 forced transition at x/c =  1.0000   67

   3   rms: 0.1764E-02   max: -.2057E-01   C at   58  1
       a = 11.500      CL =  2.0488
      Cm = -0.2196     CD =  0.03179   =>   CDf =  0.00490    CDp =  0.02689

 Side 1  free  transition at x/c =  0.4500   58
 Side 2 forced transition at x/c =  1.0000   67

   4   rms: 0.1031E-03   max: -.5750E-03   D at   79  2
       a = 11.500      CL =  2.0489
      Cm = -0.2196     CD =  0.03179   =>   CDf =  0.00489    CDp =  0.02690

 Side 1  free  transition at x/c =  0.4500   58
 Side 2 forced transition at x/c =  1.0000   67

   5   rms: 0.4394E-05   max: -.2274E-04   D at   80  2
       a = 11.500      CL =  2.0489
      Cm = -0.2196     CD =  0.03179   =>   CDf =  0.00489    CDp =  0.02690
 plradd ia,ip,cpol           36           0  2.67231313E-04

 Point added to stored polar  1
 Point written to save file  ch10sm_Re400k.base.pol                          
 Dump file unspecified or not available
 Calculating wake trajectory ...
 Calculating source influence matrix ...

 Solving BL system ...

 Side 1  free  transition at x/c =  0.4500   58
 Side 2 forced transition at x/c =  1.0000   67

   1   rms: 0.3821E-01   max: 0.2030E+00   C at   58  1   RLX: 0.682
       a = 11.750      CL =  2.0482
      Cm = -0.2174     CD =  0.03315   =>   CDf =  0.00489    CDp =  0.02826

 Side 1  free  transition at x/c =  0.4421   57
 Side 2 forced transition at x/c =  1.0000   67

   2   rms: 0.1263E-01   max: 0.6268E-01   D at   80  1
       a = 11.750      CL =  2.0472
      Cm = -0.2165     CD =  0.03386   =>   CDf =  0.00489    CDp =  0.02897

 Side 1  free  transition at x/c =  0.4370   57
 Side 2 forced transition at x/c =  1.0000   67

   3   rms: 0.1477E-02   max: -.2147E-01   C at   57  1
       a = 11.750      CL =  2.0468
      Cm = -0.2164     CD =  0.03381   =>   CDf =  0.00487    CDp =  0.02894

 Side 1  free  transition at x/c =  0.4376   57
 Side 2 forced transition at x/c =  1.0000   67

   4   rms: 0.4218E-04   max: -.2158E-03   D at   59  1
       a = 11.750      CL =  2.0468
      Cm = -0.2164     CD =  0.03381   =>   CDf =  0.00486    CDp =  0.02895
 plradd ia,ip,cpol           37           0  2.67231313E-04

 Point added to stored polar  1
 Point written to save file  ch10sm_Re400k.base.pol                          
 Dump file unspecified or not available
 Calculating wake trajectory ...
 Calculating source influence matrix ...

 Solving BL system ...

 Side 1  free  transition at x/c =  0.4376   57
 Side 2 forced transition at x/c =  1.0000   67

   1   rms: 0.3804E-01   max: 0.2001E+00   C at   57  1   RLX: 0.654
       a = 12.000      CL =  2.0454
      Cm = -0.2143     CD =  0.03528   =>   CDf =  0.00486    CDp =  0.03041

 Side 1  free  transition at x/c =  0.4287   56
 Side 2 forced transition at x/c =  1.0000   67

   2   rms: 0.1259E-01   max: 0.5980E-01   D at   79  1
       a = 12.000      CL =  2.0444
      Cm = -0.2133     CD =  0.03604   =>   CDf =  0.00490    CDp =  0.03114

 Side 1  free  transition at x/c =  0.4240   56
 Side 2 forced transition at x/c =  1.0000   67

   3   rms: 0.1350E-02   max: -.1812E-01   C at   56  1
       a = 12.000      CL =  2.0437
      Cm = -0.2131     CD =  0.03601   =>   CDf =  0.00486    CDp =  0.03115

 Side 1  free  transition at x/c =  0.4246   56
 Side 2 forced transition at x/c =  1.0000   67

   4   rms: 0.1375E-04   max: 0.2267E-03   D at   80  2
       a = 12.000      CL =  2.0437
      Cm = -0.2131     CD =  0.03601   =>   CDf =  0.00485    CDp =  0.03116
 plradd ia,ip,cpol           38           0  3.00103166E-05

 Point added to stored polar  1
 Point written to save file  ch10sm_Re400k.base.pol                          
 Dump file unspecified or not available
 Calculating wake trajectory ...
 Calculating source influence matrix ...

 Solving BL system ...

 Side 1  free  transition at x/c =  0.4246   56
 Side 2 forced transition at x/c =  1.0000   67

   1   rms: 0.3788E-01   max: 0.1970E+00   C at   56  1   RLX: 0.628
       a = 12.250      CL =  2.0422
      Cm = -0.2113     CD =  0.03752   =>   CDf =  0.00447    CDp =  0.03305

 Side 1  free  transition at x/c =  0.4146   56
 Side 2 forced transition at x/c =  1.0000   66

   2   rms: 0.1436E-01   max: 0.7480E-01   T at    2  1
       a = 12.250      CL =  2.0396
      Cm = -0.2100     CD =  0.03845   =>   CDf =  0.00490    CDp =  0.03356

 Side 1  free  transition at x/c =  0.4102   56
 Side 2 forced transition at x/c =  1.0000   66

   3   rms: 0.1486E-02   max: -.1597E-01   C at   56  1
       a = 12.250      CL =  2.0386
      Cm = -0.2099     CD =  0.03844   =>   CDf =  0.00485    CDp =  0.03359

 Side 1  free  transition at x/c =  0.4107   56
 Side 2 forced transition at x/c =  1.0000   66

   4   rms: 0.1910E-04   max: -.1982E-03   C at   56  1
       a = 12.250      CL =  2.0386
      Cm = -0.2099     CD =  0.03844   =>   CDf =  0.00484    CDp =  0.03360
 plradd ia,ip,cpol           39           0  3.00103166E-05

 Point added to stored polar  1
 Point written to save file  ch10sm_Re400k.base.pol                          
 Dump file unspecified or not available
 Calculating wake trajectory ...
 Calculating source influence matrix ...

 Solving BL system ...

 Side 1  free  transition at x/c =  0.4107   56
 Side 2 forced transition at x/c =  1.0000   66

   1   rms: 0.3745E-01   max: 0.2058E+00   C at   56  1   RLX: 0.603
       a = 12.500      CL =  2.0373
      Cm = -0.2082     CD =  0.03996   =>   CDf =  0.00484    CDp =  0.03511

 Side 1  free  transition at x/c =  0.3999   55
 Side 2 forced transition at x/c =  1.0000   66

   2   rms: 0.1456E-01   max: 0.7497E-01   D at   78  1
       a = 12.500      CL =  2.0337
      Cm = -0.2068     CD =  0.04108   =>   CDf =  0.00491    CDp =  0.03617

 MRCHDU: Convergence failed at  55  side 1    Res =  0.7380E-05
 Side 1  free  transition at x/c =  0.3952   55
 Side 2 forced transition at x/c =  1.0000   66

   3   rms: 0.2048E-02   max: -.1915E-01   C at   55  1
       a = 12.500      CL =  2.0322
      Cm = -0.2066     CD =  0.04111   =>   CDf =  0.00486    CDp =  0.03625

 Side 1  free  transition at x/c =  0.3960   55
 Side 2 forced transition at x/c =  1.0000   66

   4   rms: 0.5657E-04   max: 0.4373E-03   D at   80  2
       a = 12.500      CL =  2.0321
      Cm = -0.2066     CD =  0.04110   =>   CDf =  0.00485    CDp =  0.03625
 plradd ia,ip,cpol           40           0  3.00103166E-05

 Point added to stored polar  1
 Point written to save file  ch10sm_Re400k.base.pol                          
 Dump file unspecified or not available
 Calculating wake trajectory ...
 Calculating source influence matrix ...

 Solving BL system ...

 Side 1  free  transition at x/c =  0.3960   55
 Side 2 forced transition at x/c =  1.0000   66

   1   rms: 0.3823E-01   max: 0.2444E+00   C at   55  1   RLX: 0.579
       a = 12.750      CL =  2.0305
      Cm = -0.2051     CD =  0.04268   =>   CDf =  0.00485    CDp =  0.03783

 Side 1  free  transition at x/c =  0.3849   54
 Side 2 forced transition at x/c =  1.0000   66

   2   rms: 0.1509E-01   max: 0.7694E-01   D at   77  1
       a = 12.750      CL =  2.0267
      Cm = -0.2036     CD =  0.04389   =>   CDf =  0.00492    CDp =  0.03897

 Side 1  free  transition at x/c =  0.3795   54
 Side 2 forced transition at x/c =  1.0000   66

   3   rms: 0.2873E-02   max: -.2698E-01   C at   54  1
       a = 12.750      CL =  2.0245
      Cm = -0.2034     CD =  0.04396   =>   CDf =  0.00488    CDp =  0.03909

 Side 1  free  transition at x/c =  0.3805   54
 Side 2 forced transition at x/c =  1.0000   66

   4   rms: 0.1101E-03   max: -.9928E-03   C at   54  1
       a = 12.750      CL =  2.0245
      Cm = -0.2034     CD =  0.04395   =>   CDf =  0.00486    CDp =  0.03909

 Side 1  free  transition at x/c =  0.3806   54
 Side 2 forced transition at x/c =  1.0000   66

   5   rms: 0.1200E-05   max: 0.9651E-05   D at   80  2
       a = 12.750      CL =  2.0245
      Cm = -0.2034     CD =  0.04395   =>   CDf =  0.00486    CDp =  0.03909
 plradd ia,ip,cpol           41           0  3.00103166E-05

 Point added to stored polar  1
 Point written to save file  ch10sm_Re400k.base.pol                          
 Dump file unspecified or not available
 Calculating wake trajectory ...
 Calculating source influence matrix ...

 Solving BL system ...

 Side 1  free  transition at x/c =  0.3806   54
 Side 2 forced transition at x/c =  1.0000   66

   1   rms: 0.3913E-01   max: 0.2930E+00   C at   54  1   RLX: 0.555
       a = 13.000      CL =  2.0222
      Cm = -0.2019     CD =  0.04560   =>   CDf =  0.00487    CDp =  0.04073

 Side 1  free  transition at x/c =  0.3689   53
 Side 2 forced transition at x/c =  1.0000   66

   2   rms: 0.1616E-01   max: 0.8225E-01   D at   76  1
       a = 13.000      CL =  2.0178
      Cm = -0.2004     CD =  0.04698   =>   CDf =  0.00494    CDp =  0.04204

 Side 1  free  transition at x/c =  0.3619   53
 Side 2 forced transition at x/c =  1.0000   66

   3   rms: 0.4402E-02   max: -.4880E-01   C at   53  1
       a = 13.000      CL =  2.0149
      Cm = -0.2001     CD =  0.04711   =>   CDf =  0.00491    CDp =  0.04220

 Side 1  free  transition at x/c =  0.3637   53
 Side 2 forced transition at x/c =  1.0000   66

   4   rms: 0.2194E-03   max: -.2544E-02   C at   53  1
       a = 13.000      CL =  2.0147
      Cm = -0.2001     CD =  0.04709   =>   CDf =  0.00489    CDp =  0.04220

 Side 1  free  transition at x/c =  0.3638   53
 Side 2 forced transition at x/c =  1.0000   66

   5   rms: 0.1354E-05   max: -.1662E-04   C at   53  1
       a = 13.000      CL =  2.0147
      Cm = -0.2001     CD =  0.04709   =>   CDf =  0.00489    CDp =  0.04221
 plradd ia,ip,cpol           42           0  3.00103166E-05

 Point added to stored polar  1
 Point written to save file  ch10sm_Re400k.base.pol                          
 Dump file unspecified or not available
 Calculating wake trajectory ...
 Calculating source influence matrix ...

 Solving BL system ...

 Side 1  free  transition at x/c =  0.3638   53
 Side 2 forced transition at x/c =  1.0000   66

   1   rms: 0.4209E-01   max: 0.3827E+00   C at   53  1   RLX: 0.531
       a = 13.250      CL =  2.0107
      Cm = -0.1986     CD =  0.04890   =>   CDf =  0.00489    CDp =  0.04401

 Side 1  free  transition at x/c =  0.3529   52
 Side 2 forced transition at x/c =  1.0000   66

   2   rms: 0.1699E-01   max: 0.8342E-01   D at   75  1
       a = 13.250      CL =  2.0069
      Cm = -0.1972     CD =  0.05032   =>   CDf =  0.00495    CDp =  0.04537

 Side 1  free  transition at x/c =  0.3440   52
 Side 2 forced transition at x/c =  1.0000   66

   3   rms: 0.5452E-02   max: -.7038E-01   C at   52  1
       a = 13.250      CL =  2.0036
      Cm = -0.1969     CD =  0.05048   =>   CDf =  0.00496    CDp =  0.04552

 Side 1  free  transition at x/c =  0.3462   52
 Side 2 forced transition at x/c =  1.0000   66

   4   rms: 0.3205E-03   max: -.4306E-02   C at   52  1
       a = 13.250      CL =  2.0034
      Cm = -0.1969     CD =  0.05046   =>   CDf =  0.00492    CDp =  0.04554

 Side 1  free  transition at x/c =  0.3464   52
 Side 2 forced transition at x/c =  1.0000   66

   5   rms: 0.1563E-05   max: 0.1484E-04   C at   66  2
       a = 13.250      CL =  2.0034
      Cm = -0.1969     CD =  0.05046   =>   CDf =  0.00492    CDp =  0.04554
 plradd ia,ip,cpol           43           0  3.00103166E-05

 Point added to stored polar  1
 Point written to save file  ch10sm_Re400k.base.pol                          
 Dump file unspecified or not available
 Calculating wake trajectory ...
 Calculating source influence matrix ...

 Solving BL system ...

 Side 1  free  transition at x/c =  0.3464   52
 Side 2 forced transition at x/c =  1.0000   66

   1   rms: 0.4513E-01   max: 0.4560E+00   C at   52  1   RLX: 0.508
       a = 13.500      CL =  1.9979
      Cm = -0.1954     CD =  0.05244   =>   CDf =  0.00492    CDp =  0.04751

 Side 1  free  transition at x/c =  0.3366   51
 Side 2 forced transition at x/c =  1.0000   66

   2   rms: 0.1894E-01   max: 0.1535E+00   C at   51  1
       a = 13.500      CL =  1.9945
      Cm = -0.1941     CD =  0.05391   =>   CDf =  0.00497    CDp =  0.04895

 Side 1  free  transition at x/c =  0.3255   51
 Side 2 forced transition at x/c =  1.0000   66

   3   rms: 0.7180E-02   max: -.9498E-01   C at   51  1
       a = 13.500      CL =  1.9907
      Cm = -0.1937     CD =  0.05412   =>   CDf =  0.00503    CDp =  0.04909

 Side 1  free  transition at x/c =  0.3284   51
 Side 2 forced transition at x/c =  1.0000   66

   4   rms: 0.3292E-03   max: -.3999E-02   C at   51  1
       a = 13.500      CL =  1.9905
      Cm = -0.1937     CD =  0.05409   =>   CDf =  0.00497    CDp =  0.04912

 Side 1  free  transition at x/c =  0.3285   51
 Side 2 forced transition at x/c =  1.0000   66

   5   rms: 0.1111E-04   max: 0.6771E-04   C at   51  1
       a = 13.500      CL =  1.9905
      Cm = -0.1937     CD =  0.05409   =>   CDf =  0.00497    CDp =  0.04912
 plradd ia,ip,cpol           44           0  3.00103166E-05

 Point added to stored polar  1
 Point written to save file  ch10sm_Re400k.base.pol                          
 Dump file unspecified or not available
 Calculating wake trajectory ...
 Calculating source influence matrix ...

 Solving BL system ...

 Side 1  free  transition at x/c =  0.3285   51
 Side 2 forced transition at x/c =  1.0000   66

   1   rms: 0.4666E-01   max: 0.4761E+00   C at   51  1   RLX: 0.487
       a = 13.750      CL =  1.9840
      Cm = -0.1922     CD =  0.05619   =>   CDf =  0.00497    CDp =  0.05122

 Side 1  free  transition at x/c =  0.3206   50
 Side 2 forced transition at x/c =  1.0000   66

   2   rms: 0.2127E-01   max: 0.2411E+00   C at   50  1
       a = 13.750      CL =  1.9817
      Cm = -0.1910     CD =  0.05766   =>   CDf =  0.00498    CDp =  0.05267

 Side 1  free  transition at x/c =  0.3089   49
 Side 2 forced transition at x/c =  1.0000   66

   3   rms: 0.7514E-02   max: -.8178E-01   C at   49  1
       a = 13.750      CL =  1.9760
      Cm = -0.1905     CD =  0.05805   =>   CDf =  0.00506    CDp =  0.05298

 Side 1  free  transition at x/c =  0.3123   50
 Side 2 forced transition at x/c =  1.0000   66

   4   rms: 0.2102E-02   max: -.1305E-01   D at   49  1
       a = 13.750      CL =  1.9778
      Cm = -0.1906     CD =  0.05778   =>   CDf =  0.00501    CDp =  0.05277

 Side 1  free  transition at x/c =  0.3116   50
 Side 2 forced transition at x/c =  1.0000   66

   5   rms: 0.1030E-03   max: -.7354E-03   D at   81  2
       a = 13.750      CL =  1.9778
      Cm = -0.1907     CD =  0.05780   =>   CDf =  0.00501    CDp =  0.05278

 Side 1  free  transition at x/c =  0.3116   50
 Side 2 forced transition at x/c =  1.0000   66

   6   rms: 0.2016E-05   max: -.1997E-04   D at   81  2
       a = 13.750      CL =  1.9778
      Cm = -0.1907     CD =  0.05780   =>   CDf =  0.00501    CDp =  0.05278
 plradd ia,ip,cpol           45           0  3.00103166E-05

 Point added to stored polar  1
 Point written to save file  ch10sm_Re400k.base.pol                          
 Dump file unspecified or not available
 Calculating wake trajectory ...
 Calculating source influence matrix ...

 Solving BL system ...

 Side 1  free  transition at x/c =  0.3116   50
 Side 2 forced transition at x/c =  1.0000   66

   1   rms: 0.4710E-01   max: 0.4571E+00   C at   50  1   RLX: 0.467
       a = 14.000      CL =  1.9707
      Cm = -0.1893     CD =  0.05997   =>   CDf =  0.00501    CDp =  0.05496

 Side 1  free  transition at x/c =  0.3047   49
 Side 2 forced transition at x/c =  1.0000   66

   2   rms: 0.2366E-01   max: 0.3089E+00   C at   49  1
       a = 14.000      CL =  1.9687
      Cm = -0.1882     CD =  0.06149   =>   CDf =  0.00501    CDp =  0.05648

 Side 1  free  transition at x/c =  0.2920   48
 Side 2 forced transition at x/c =  1.0000   66

   3   rms: 0.6146E-02   max: -.8597E-01   C at   48  1
       a = 14.000      CL =  1.9647
      Cm = -0.1878     CD =  0.06167   =>   CDf =  0.00508    CDp =  0.05659

 Side 1  free  transition at x/c =  0.2947   49
 Side 2 forced transition at x/c =  1.0000   66

   4   rms: 0.4726E-03   max: -.7607E-02   C at   49  1
       a = 14.000      CL =  1.9645
      Cm = -0.1878     CD =  0.06163   =>   CDf =  0.00506    CDp =  0.05657

 Side 1  free  transition at x/c =  0.2948   49
 Side 2 forced transition at x/c =  1.0000   66

   5   rms: 0.1231E-04   max: 0.1123E-03   C at   49  1
       a = 14.000      CL =  1.9645
      Cm = -0.1878     CD =  0.06163   =>   CDf =  0.00506    CDp =  0.05658
 plradd ia,ip,cpol           46           0  3.00103166E-05

 Point added to stored polar  1
 Point written to save file  ch10sm_Re400k.base.pol                          
 Dump file unspecified or not available
 Calculating wake trajectory ...
 Calculating source influence matrix ...

 Solving BL system ...

 Side 1  free  transition at x/c =  0.2948   49
 Side 2 forced transition at x/c =  1.0000   66

   1   rms: 0.4816E-01   max: 0.4363E+00   C at   49  1   RLX: 0.449
       a = 14.250      CL =  1.9569
      Cm = -0.1865     CD =  0.06390   =>   CDf =  0.00506    CDp =  0.05885

 Side 1  free  transition at x/c =  0.2881   48
 Side 2 forced transition at x/c =  1.0000   66

   2   rms: 0.2677E-01   max: 0.3808E+00   C at   48  1
       a = 14.250      CL =  1.9540
      Cm = -0.1853     CD =  0.06562   =>   CDf =  0.00503    CDp =  0.06058

 Side 1  free  transition at x/c =  0.2749   47
 Side 2 forced transition at x/c =  1.0000   66

   3   rms: 0.3950E-02   max: -.6439E-01   C at   47  1
       a = 14.250      CL =  1.9518
      Cm = -0.1851     CD =  0.06552   =>   CDf =  0.00511    CDp =  0.06041

 Side 1  free  transition at x/c =  0.2768   47
 Side 2 forced transition at x/c =  1.0000   66

   4   rms: 0.2311E-03   max: -.3552E-02   C at   47  1
       a = 14.250      CL =  1.9517
      Cm = -0.1851     CD =  0.06552   =>   CDf =  0.00509    CDp =  0.06043

 Side 1  free  transition at x/c =  0.2769   47
 Side 2 forced transition at x/c =  1.0000   66

   5   rms: 0.4903E-05   max: -.4229E-04   C at   47  1
       a = 14.250      CL =  1.9517
      Cm = -0.1851     CD =  0.06552   =>   CDf =  0.00509    CDp =  0.06043
 plradd ia,ip,cpol           47           0  3.00103166E-05

 Point added to stored polar  1
 Point written to save file  ch10sm_Re400k.base.pol                          
 Dump file unspecified or not available
 Calculating wake trajectory ...
 Calculating source influence matrix ...

 Solving BL system ...

 Side 1  free  transition at x/c =  0.2769   47
 Side 2 forced transition at x/c =  1.0000   66

   1   rms: 0.4289E-01   max: 0.5322E+00   C at   47  1   RLX: 0.437
       a = 14.500      CL =  1.9483
      Cm = -0.1842     CD =  0.06731   =>   CDf =  0.00509    CDp =  0.06221

 Side 1  free  transition at x/c =  0.2657   47
 Side 2 forced transition at x/c =  1.0000   66

   2   rms: 0.2560E-01   max: 0.1798E+00   C at   47  1
       a = 14.500      CL =  1.9363
      Cm = -0.1826     CD =  0.07030   =>   CDf =  0.00516    CDp =  0.06514

 Side 1  free  transition at x/c =  0.2593   46
 Side 2 forced transition at x/c =  1.0000   66

   3   rms: 0.2992E-02   max: 0.4244E-01   C at   46  1
       a = 14.500      CL =  1.9376
      Cm = -0.1825     CD =  0.06962   =>   CDf =  0.00512    CDp =  0.06450

 Side 1  free  transition at x/c =  0.2582   46
 Side 2 forced transition at x/c =  1.0000   66

   4   rms: 0.5744E-04   max: 0.7072E-03   C at   46  1
       a = 14.500      CL =  1.9376
      Cm = -0.1825     CD =  0.06963   =>   CDf =  0.00514    CDp =  0.06449
 plradd ia,ip,cpol           48           0  3.00103166E-05

 Point added to stored polar  1
 Point written to save file  ch10sm_Re400k.base.pol                          
 Dump file unspecified or not available
 Calculating wake trajectory ...
 Calculating source influence matrix ...

 Solving BL system ...

 Side 1  free  transition at x/c =  0.2582   46
 Side 2 forced transition at x/c =  1.0000   66

   1   rms: 0.4810E-01   max: 0.6436E+00   C at   46  1   RLX: 0.420
       a = 14.750      CL =  1.9324
      Cm = -0.1816     CD =  0.07164   =>   CDf =  0.00475    CDp =  0.06689

 Side 1  free  transition at x/c =  0.2486   46
 Side 2 forced transition at x/c =  1.0000   65

   2   rms: 0.5253E-01   max: 0.8041E+00   D at    2  1
       a = 14.750      CL =  1.9255
      Cm = -0.1803     CD =  0.07410   =>   CDf =  0.00519    CDp =  0.06891

 Side 1  free  transition at x/c =  0.2345   45
 Side 2 forced transition at x/c =  1.0000   65

   3   rms: 0.1075E-01   max: -.1761E+00   C at   45  1
       a = 14.750      CL =  1.9194
      Cm = -0.1798     CD =  0.07440   =>   CDf =  0.00526    CDp =  0.06913

 Side 1  free  transition at x/c =  0.2415   46
 Side 2 forced transition at x/c =  1.0000   65

   4   rms: 0.5284E-02   max: 0.9747E-01   C at   46  1
       a = 14.750      CL =  1.9215
      Cm = -0.1799     CD =  0.07403   =>   CDf =  0.00515    CDp =  0.06888

 Side 1  free  transition at x/c =  0.2388   46
 Side 2 forced transition at x/c =  1.0000   65

   5   rms: 0.3564E-03   max: -.6311E-02   C at   46  1
       a = 14.750      CL =  1.9213
      Cm = -0.1799     CD =  0.07407   =>   CDf =  0.00519    CDp =  0.06888

 Side 1  free  transition at x/c =  0.2389   46
 Side 2 forced transition at x/c =  1.0000   65

   6   rms: 0.7982E-05   max: -.8374E-04   C at   46  1
       a = 14.750      CL =  1.9213
      Cm = -0.1799     CD =  0.07407   =>   CDf =  0.00519    CDp =  0.06888
 plradd ia,ip,cpol           49           0  3.00103166E-05

 Point added to stored polar  1
 Point written to save file  ch10sm_Re400k.base.pol                          
 Dump file unspecified or not available
 Calculating wake trajectory ...
 Calculating source influence matrix ...

 Solving BL system ...

 Side 1  free  transition at x/c =  0.2389   46
 Side 2 forced transition at x/c =  1.0000   65

   1   rms: 0.5258E-01   max: 0.6984E+00   C at   46  1   RLX: 0.404
       a = 15.000      CL =  1.9148
      Cm = -0.1791     CD =  0.07629   =>   CDf =  0.00519    CDp =  0.07110

 Side 1  free  transition at x/c =  0.2309   45
 Side 2 forced transition at x/c =  1.0000   65

   2   rms: 0.3171E-01   max: 0.4756E+00   C at   45  1
       a = 15.000      CL =  1.9066
      Cm = -0.1779     CD =  0.07905   =>   CDf =  0.00522    CDp =  0.07384

 Side 1  free  transition at x/c =  0.2154   44
 Side 2 forced transition at x/c =  1.0000   65

   3   rms: 0.6774E-02   max: -.1300E+00   C at   44  1
       a = 15.000      CL =  1.9040
      Cm = -0.1775     CD =  0.07875   =>   CDf =  0.00530    CDp =  0.07345

 Side 1  free  transition at x/c =  0.2187   44
 Side 2 forced transition at x/c =  1.0000   65

   4   rms: 0.6395E-03   max: -.1280E-01   C at   44  1
       a = 15.000      CL =  1.9037
      Cm = -0.1775     CD =  0.07875   =>   CDf =  0.00527    CDp =  0.07348

 Side 1  free  transition at x/c =  0.2191   44
 Side 2 forced transition at x/c =  1.0000   65

   5   rms: 0.6885E-05   max: -.4619E-04   D at   69  1
       a = 15.000      CL =  1.9037
      Cm = -0.1775     CD =  0.07874   =>   CDf =  0.00526    CDp =  0.07348
 plradd ia,ip,cpol           50           0  3.00103166E-05

 Point added to stored polar  1
 Point written to save file  ch10sm_Re400k.base.pol                          
 Dump file unspecified or not available
 Calculating wake trajectory ...
 Calculating source influence matrix ...

 Solving BL system ...

 Side 1  free  transition at x/c =  0.2191   44
 Side 2 forced transition at x/c =  1.0000   65

   1   rms: 0.5178E-01   max: 0.8524E+00   C at   44  1   RLX: 0.392
       a = 15.250      CL =  1.8999
      Cm = -0.1769     CD =  0.08057   =>   CDf =  0.00527    CDp =  0.07531

 Side 1  free  transition at x/c =  0.2061   43
 Side 2 forced transition at x/c =  1.0000   65

   2   rms: 0.2674E-01   max: 0.2974E+00   C at   43  1
       a = 15.250      CL =  1.8892
      Cm = -0.1756     CD =  0.08379   =>   CDf =  0.00536    CDp =  0.07843

 Side 1  free  transition at x/c =  0.1910   42
 Side 2 forced transition at x/c =  1.0000   65

   3   rms: 0.1383E-01   max: -.2792E+00   C at   42  1
       a = 15.250      CL =  1.8837
      Cm = -0.1752     CD =  0.08389   =>   CDf =  0.00543    CDp =  0.07847

 Side 1  free  transition at x/c =  0.2010   43
 Side 2 forced transition at x/c =  1.0000   65

   4   rms: 0.8002E-02   max: 0.1676E+00   C at   43  1
       a = 15.250      CL =  1.8858
      Cm = -0.1752     CD =  0.08352   =>   CDf =  0.00530    CDp =  0.07823

 Side 1  free  transition at x/c =  0.1961   43
 Side 2 forced transition at x/c =  1.0000   65

   5   rms: 0.1614E-02   max: -.3210E-01   C at   43  1
       a = 15.250      CL =  1.8853
      Cm = -0.1752     CD =  0.08360   =>   CDf =  0.00536    CDp =  0.07824

 Side 1  free  transition at x/c =  0.1969   43
 Side 2 forced transition at x/c =  1.0000   65

   6   rms: 0.2861E-04   max: -.3863E-03   C at   43  1
       a = 15.250      CL =  1.8853
      Cm = -0.1752     CD =  0.08360   =>   CDf =  0.00535    CDp =  0.07825
 plradd ia,ip,cpol           51           0  3.00103166E-05

 Point added to stored polar  1
 Point written to save file  ch10sm_Re400k.base.pol                          
 Dump file unspecified or not available
 Calculating wake trajectory ...
 Calculating source influence matrix ...

 Solving BL system ...

 Side 1  free  transition at x/c =  0.1969   43
 Side 2 forced transition at x/c =  1.0000   65

   1   rms: 0.6100E-01   max: 0.9549E+00   C at   43  1   RLX: 0.376
       a = 15.500      CL =  1.8782
      Cm = -0.1746     CD =  0.08591   =>   CDf =  0.00535    CDp =  0.08056

 Side 1  free  transition at x/c =  0.1871   42
 Side 2 forced transition at x/c =  1.0000   65

   2   rms: 0.4022E-01   max: 0.6899E+00   C at   42  1
       a = 15.500      CL =  1.8665
      Cm = -0.1734     CD =  0.08945   =>   CDf =  0.00540    CDp =  0.08406

 Side 1  free  transition at x/c =  0.1670   41
 Side 2 forced transition at x/c =  1.0000   65

   3   rms: 0.1058E-01   max: -.2106E+00   C at   41  1
       a = 15.500      CL =  1.8642
      Cm = -0.1731     CD =  0.08891   =>   CDf =  0.00553    CDp =  0.08338

 Side 1  free  transition at x/c =  0.1718   41
 Side 2 forced transition at x/c =  1.0000   65

   4   rms: 0.1066E-02   max: -.2300E-01   C at   41  1
       a = 15.500      CL =  1.8640
      Cm = -0.1730     CD =  0.08891   =>   CDf =  0.00547    CDp =  0.08344

 Side 1  free  transition at x/c =  0.1724   41
 Side 2 forced transition at x/c =  1.0000   65

   5   rms: 0.3612E-04   max: 0.6320E-03   C at   41  1
       a = 15.500      CL =  1.8640
      Cm = -0.1731     CD =  0.08891   =>   CDf =  0.00546    CDp =  0.08345
 plradd ia,ip,cpol           52           0  3.00103166E-05

 Point added to stored polar  1
 Point written to save file  ch10sm_Re400k.base.pol                          
 Dump file unspecified or not available
 Calculating wake trajectory ...
 Calculating source influence matrix ...

 Solving BL system ...

 Side 1  free  transition at x/c =  0.1724   41
 Side 2 forced transition at x/c =  1.0000   65

   1   rms: 0.7137E-01   max: 0.1326E+01   C at   41  1   RLX: 0.363
       a = 15.750      CL =  1.8573
      Cm = -0.1725     CD =  0.09120   =>   CDf =  0.00546    CDp =  0.08574

 Side 1  free  transition at x/c =  0.1596   40
 Side 2 forced transition at x/c =  1.0000   65

   2   rms: 0.4280E-01   max: 0.7362E+00   C at   40  1
       a = 15.750      CL =  1.8427
      Cm = -0.1714     CD =  0.09534   =>   CDf =  0.00555    CDp =  0.08979

 Side 1  free  transition at x/c =  0.1399   39
 Side 2 forced transition at x/c =  1.0000   65

   3   rms: 0.1195E-01   max: -.2451E+00   C at   39  1
       a = 15.750      CL =  1.8409
      Cm = -0.1711     CD =  0.09457   =>   CDf =  0.00567    CDp =  0.08889

 Side 1  free  transition at x/c =  0.1452   39
 Side 2 forced transition at x/c =  1.0000   65

   4   rms: 0.1040E-02   max: -.2202E-01   C at   39  1
       a = 15.750      CL =  1.8408
      Cm = -0.1711     CD =  0.09454   =>   CDf =  0.00560    CDp =  0.08894

 Side 1  free  transition at x/c =  0.1457   39
 Side 2 forced transition at x/c =  1.0000   65

   5   rms: 0.8479E-04   max: 0.1751E-02   C at   39  1
       a = 15.750      CL =  1.8408
      Cm = -0.1711     CD =  0.09455   =>   CDf =  0.00560    CDp =  0.08895
 plradd ia,ip,cpol           53           0  3.00103166E-05

 Point added to stored polar  1
 Point written to save file  ch10sm_Re400k.base.pol                          
 Dump file unspecified or not available
 Calculating wake trajectory ...
 Calculating source influence matrix ...

 Solving BL system ...

 Side 1  free  transition at x/c =  0.1457   39
 Side 2 forced transition at x/c =  1.0000   65

   1   rms: 0.8360E-01   max: 0.1641E+01   C at   39  1   RLX: 0.349
       a = 16.000      CL =  1.8332
      Cm = -0.1706     CD =  0.09700   =>   CDf =  0.00560    CDp =  0.09140

 Side 1  free  transition at x/c =  0.1321   38
 Side 2 forced transition at x/c =  1.0000   65

   2   rms: 0.4986E-01   max: 0.9234E+00   C at   38  1
       a = 16.000      CL =  1.8171
      Cm = -0.1696     CD =  0.10147   =>   CDf =  0.00570    CDp =  0.09577

 Side 1  free  transition at x/c =  0.1114   36
 Side 2 forced transition at x/c =  1.0000   65

   3   rms: 0.1755E-01   max: -.3998E+00   C at   36  1
       a = 16.000      CL =  1.8151
      Cm = -0.1693     CD =  0.10062   =>   CDf =  0.00584    CDp =  0.09478

 Side 1  free  transition at x/c =  0.1190   37
 Side 2 forced transition at x/c =  1.0000   65

   4   rms: 0.5946E-02   max: 0.1370E+00   C at   37  1
       a = 16.000      CL =  1.8156
      Cm = -0.1693     CD =  0.10051   =>   CDf =  0.00574    CDp =  0.09477

 Side 1  free  transition at x/c =  0.1164   37
 Side 2 forced transition at x/c =  1.0000   65

   5   rms: 0.7478E-03   max: -.1677E-01   C at   37  1
       a = 16.000      CL =  1.8156
      Cm = -0.1692     CD =  0.10052   =>   CDf =  0.00577    CDp =  0.09475

 Side 1  free  transition at x/c =  0.1167   37
 Side 2 forced transition at x/c =  1.0000   65

   6   rms: 0.1559E-04   max: 0.2700E-03   C at   37  1
       a = 16.000      CL =  1.8156
      Cm = -0.1692     CD =  0.10052   =>   CDf =  0.00577    CDp =  0.09475
 plradd ia,ip,cpol           54           0  3.00103166E-05

 Point added to stored polar  1
 Point written to save file  ch10sm_Re400k.base.pol                          
 Dump file unspecified or not available

.OPERva   c>  
 Polar accumulation disabled

.OPERv   c>  
 XFOIL   c>  
 XFOIL   c>  