
 ===================================================
  XFOIL Version 6.99
  Copyright (C) 2000   Mark Drela, Harold Youngren

  This software comes with ABSOLUTELY NO WARRANTY,
    subject to the GNU General Public License.

  Caveat computor
 ===================================================

 File  xfoil.def  not found

   QUIT    Exit program

  .OPER    Direct operating point(s)
  .MDES    Complex mapping design routine
  .QDES    Surface speed design routine
  .GDES    Geometry design routine

   SAVE f  Write airfoil to labeled coordinate file
   PSAV f  Write airfoil to plain coordinate file
   ISAV f  Write airfoil to ISES coordinate file
   MSAV f  Write airfoil to MSES coordinate file
   REVE    Reverse written-airfoil node ordering

   LOAD f  Read buffer airfoil from coordinate file
   NACA i  Set NACA 4,5-digit airfoil and buffer airfoil
   INTE    Set buffer airfoil by interpolating two airfoils
   NORM    Buffer airfoil normalization toggle
   XYCM rr Change CM reference location, currently  0.25000 0.00000

   BEND    Display structural properties of current airfoil

   PCOP    Set current-airfoil panel nodes directly from buffer airfoil points
   PANE    Set current-airfoil panel nodes ( 160 ) based on curvature
  .PPAR    Show/change paneling

  .PLOP    Plotting options

   WDEF f  Write  current-settings file
   RDEF f  Reread current-settings file
   NAME s  Specify new airfoil name
   NINC    Increment name version number

   Z       Zoom    | (available in all menus)
   U       Unzoom  | 

 XFOIL   c>  
 Labeled airfoil file.  Name:  CH10 (smoothed)                                 

 Number of input coordinate points:  79
 Counterclockwise ordering
 Max thickness =     0.128374  at x =   0.306
 Max camber    =     0.101937  at x =   0.493

  LE  x,y  =  -0.00000   0.00021  |   Chord =   1.00000
  TE  x,y  =   1.00000  -0.00000  |

 Current airfoil nodes set from buffer airfoil nodes (  79 )

 XFOIL   c>  
 XFOIL   c>  
 Blunt trailing edge.  Gap =  0.00011

 Paneling parameters used...
   Number of panel nodes       160
   Panel bunching parameter    1.000
   TE/LE panel density ratio   0.150
   Refined-area/LE panel density ratio    0.200
   Top    side refined area x/c limits  1.000 1.000
   Bottom side refined area x/c limits  1.000 1.000

 XFOIL   c>  
.OPERi   c>  
 Xtr/c     =  1.0000    top    side
 Xtr/c     =  1.0000    bottom side
 Ncrit     =    9.00   ( 0.070 % turb. level )
 Vacc      =  0.0100

 Klag  =  5.6000     Uxwt  =    1.00
 A     =  6.7000     B     =  0.7500       KCt = 0.01485
 CtiniK=  1.8000     CtiniX=  3.3000

..VPAR   c>  
..VPAR   c>  
.OPERi   c>  
 M  =    0.0000
 Re =    200000

.OPERv   c>  
.OPERv   c>  
.OPERv   c>  
 Polar  1 newly created for accumulation
 Airfoil archived with polar: CH10 (smoothed)                                 

Enter  polar save filename  OR  <return> for no file   s>  
 New polar save file available

Enter  polar dump filename  OR  <return> for no file   s>  
 Polar dump file will NOT be written

 Polar accumulation enabled

.OPERva   c>   Calculating unit vorticity distributions ...
 Calculating wake trajectory ...
 Calculating source influence matrix ...

 Solving BL system ...

 Initializing BL ...
    side            1  ...
 MRCHUE: Inverse mode at  51     Hk =   3.800
 MRCHUE: Inverse mode at  52     Hk =   4.305
 MRCHUE: Inverse mode at  53     Hk =   4.799
 MRCHUE: Inverse mode at  54     Hk =   5.284
 MRCHUE: Inverse mode at  55     Hk =   5.760
 MRCHUE: Inverse mode at  56     Hk =   6.231
 MRCHUE: Inverse mode at  57     Hk =   6.696
 MRCHUE: Inverse mode at  58     Hk =   7.158
 MRCHUE: Inverse mode at  59     Hk =   7.615
 MRCHUE: Inverse mode at  60     Hk =   8.069
 MRCHUE: Inverse mode at  61     Hk =   8.518
 MRCHUE: Inverse mode at  62     Hk =   8.965
 MRCHUE: Inverse mode at  63     Hk =   9.409
 MRCHUE: Inverse mode at  64     Hk =   8.773
 MRCHUE: Inverse mode at  65     Hk =   6.946
 MRCHUE: Inverse mode at  66     Hk =   5.719
 MRCHUE: Inverse mode at  67     Hk =   4.782
 MRCHUE: Inverse mode at  68     Hk =   4.024
 MRCHUE: Inverse mode at  69     Hk =   3.389
 MRCHUE: Inverse mode at  70     Hk =   2.847
 MRCHUE: Inverse mode at  71     Hk =   2.500
 MRCHUE: Inverse mode at  72     Hk =   2.500
 MRCHUE: Inverse mode at  73     Hk =   2.500
 MRCHUE: Inverse mode at  74     Hk =   2.500
 MRCHUE: Inverse mode at  75     Hk =   2.500
 MRCHUE: Inverse mode at  76     Hk =   2.500
 MRCHUE: Inverse mode at  77     Hk =   2.500
 MRCHUE: Inverse mode at  78     Hk =   2.500
 MRCHUE: Convergence failed at  79  side 1    Res =  0.2297E+02
    side            2  ...
 MRCHUE: Inverse mode at  15     Hk =   3.858
 MRCHUE: Inverse mode at  16     Hk =   4.476
 MRCHUE: Inverse mode at  17     Hk =   5.082
 MRCHUE: Inverse mode at  18     Hk =   5.699
 MRCHUE: Convergence failed at  19  side 2    Res =  0.5779E+01
 MRCHUE: Inverse mode at  20     Hk =   6.427
 MRCHUE: Inverse mode at  21     Hk =   7.226
 MRCHUE: Inverse mode at  22     Hk =   8.123
 MRCHUE: Inverse mode at  23     Hk =   9.135
 MRCHUE: Inverse mode at  24     Hk =   7.787
 MRCHUE: Inverse mode at  25     Hk =   3.158
 MRCHUE: Inverse mode at  26     Hk =   2.500
 MRCHUE: Inverse mode at  27     Hk =   2.500
 MRCHUE: Inverse mode at  28     Hk =   2.500
 MRCHUE: Inverse mode at  29     Hk =   2.500
 MRCHUE: Inverse mode at  30     Hk =   2.500
 MRCHUE: Convergence failed at  83  side 2    Res =  0.1959E+01

 MRCHDU: Convergence failed at  79  side 1    Res =  0.2474E+02
 MRCHDU: Convergence failed at  25  side 2    Res =  0.3375E+01
 MRCHDU: Convergence failed at  26  side 2    Res =  0.5286E+01
 MRCHDU: Convergence failed at  27  side 2    Res =  0.9881E+01
 MRCHDU: Convergence failed at  28  side 2    Res =  0.3051E+02
 MRCHDU: Convergence failed at  29  side 2    Res =  0.4735E+02
 MRCHDU: Convergence failed at  30  side 2    Res =  0.6996E+02
 MRCHDU: Convergence failed at  31  side 2    Res =  0.6243E+02
 MRCHDU: Convergence failed at  32  side 2    Res =  0.2298E+02
 MRCHDU: Convergence failed at  33  side 2    Res =  0.2909E+02
 MRCHDU: Convergence failed at  34  side 2    Res =  0.1470E+02
 MRCHDU: Convergence failed at  35  side 2    Res =  0.1661E+02
 MRCHDU: Convergence failed at  36  side 2    Res =  0.3105E+02
 MRCHDU: Convergence failed at  37  side 2    Res =  0.3304E+02
 MRCHDU: Convergence failed at  38  side 2    Res =  0.3445E+02
 MRCHDU: Convergence failed at  39  side 2    Res =  0.3465E+02
 MRCHDU: Convergence failed at  40  side 2    Res =  0.3384E+02
 MRCHDU: Convergence failed at  41  side 2    Res =  0.9262E+02
 MRCHDU: Convergence failed at  42  side 2    Res =  0.9928E+02
 MRCHDU: Convergence failed at  43  side 2    Res =  0.1227E+03
 MRCHDU: Convergence failed at  44  side 2    Res =  0.1021E+03
 MRCHDU: Convergence failed at  45  side 2    Res =  0.8820E+02
 MRCHDU: Convergence failed at  46  side 2    Res =  0.7744E+02
 MRCHDU: Convergence failed at  47  side 2    Res =  0.9763E+02
 MRCHDU: Convergence failed at  48  side 2    Res =  0.8438E+02
 MRCHDU: Convergence failed at  49  side 2    Res =  0.7474E+02
 MRCHDU: Convergence failed at  50  side 2    Res =  0.6702E+02
 MRCHDU: Convergence failed at  51  side 2    Res =  0.2405E+02
 MRCHDU: Convergence failed at  52  side 2    Res =  0.3069E+02
 MRCHDU: Convergence failed at  53  side 2    Res =  0.4394E+02
 MRCHDU: Convergence failed at  54  side 2    Res =  0.4654E+02
 MRCHDU: Convergence failed at  55  side 2    Res =  0.4904E+02
 MRCHDU: Convergence failed at  56  side 2    Res =  0.5159E+02
 MRCHDU: Convergence failed at  57  side 2    Res =  0.5402E+02
 MRCHDU: Convergence failed at  58  side 2    Res =  0.5622E+02
 MRCHDU: Convergence failed at  59  side 2    Res =  0.5799E+02
 MRCHDU: Convergence failed at  60  side 2    Res =  0.5984E+02
 MRCHDU: Convergence failed at  61  side 2    Res =  0.6082E+02
 MRCHDU: Convergence failed at  62  side 2    Res =  0.6095E+02
 MRCHDU: Convergence failed at  63  side 2    Res =  0.6020E+02
 MRCHDU: Convergence failed at  64  side 2    Res =  0.5901E+02
 MRCHDU: Convergence failed at  65  side 2    Res =  0.5823E+02
 MRCHDU: Convergence failed at  66  side 2    Res =  0.1267E+03
 MRCHDU: Convergence failed at  67  side 2    Res =  0.1283E+03
 MRCHDU: Convergence failed at  68  side 2    Res =  0.1294E+03
 MRCHDU: Convergence failed at  69  side 2    Res =  0.1333E+03
 MRCHDU: Convergence failed at  70  side 2    Res =  0.1362E+03
 MRCHDU: Convergence failed at  71  side 2    Res =  0.1374E+03
 MRCHDU: Convergence failed at  72  side 2    Res =  0.1377E+03
 MRCHDU: Convergence failed at  73  side 2    Res =  0.1386E+03
 MRCHDU: Convergence failed at  74  side 2    Res =  0.1358E+03
 MRCHDU: Convergence failed at  75  side 2    Res =  0.1308E+03
 MRCHDU: Convergence failed at  76  side 2    Res =  0.1241E+03
 MRCHDU: Convergence failed at  77  side 2    Res =  0.1216E+03
 MRCHDU: Convergence failed at  78  side 2    Res =  0.1167E+03
 MRCHDU: Convergence failed at  79  side 2    Res =  0.1804E+03
 MRCHDU: Convergence failed at  80  side 2    Res =  0.5786E+02
 MRCHDU: Convergence failed at  81  side 2    Res =  0.2361E+02
 MRCHDU: Convergence failed at  82  side 2    Res =  0.2282E+02
 MRCHDU: Convergence failed at  83  side 2    Res =  0.7102E+02
 MRCHDU: Convergence failed at  85  side 2    Res =  0.2443E-01
 Side 1  free  transition at x/c =  0.7923   64
 Side 2  free  transition at x/c =  0.0687   24

   1   rms: 0.2053E+01   max: 0.8704E+01   T at   24  2   RLX: 0.155
       a = -4.000      CL = -0.2872
      Cm =  0.0509     CD =  0.00508   =>   CDf =  0.00453    CDp =  0.00055

 MRCHDU: Convergence failed at  24  side 2    Res =  0.7915E+01
 MRCHDU: Convergence failed at  41  side 2    Res =  0.2934E+00
 MRCHDU: Convergence failed at  42  side 2    Res =  0.2643E+00
 MRCHDU: Convergence failed at  43  side 2    Res =  0.2356E+00
 MRCHDU: Convergence failed at  44  side 2    Res =  0.2084E+00
 MRCHDU: Convergence failed at  45  side 2    Res =  0.1794E+00
 MRCHDU: Convergence failed at  46  side 2    Res =  0.1468E+00
 MRCHDU: Convergence failed at  47  side 2    Res =  0.1185E+00
 MRCHDU: Convergence failed at  48  side 2    Res =  0.9132E-01
 MRCHDU: Convergence failed at  49  side 2    Res =  0.3811E-04
 MRCHDU: Convergence failed at  85  side 2    Res =  0.1985E+00
 MRCHDU: Convergence failed at  86  side 2    Res =  0.5484E+00
 MRCHDU: Convergence failed at  87  side 2    Res =  0.7257E+00
 MRCHDU: Convergence failed at  88  side 2    Res =  0.8445E+00
 MRCHDU: Convergence failed at  89  side 2    Res =  0.9304E+00
 MRCHDU: Convergence failed at  90  side 2    Res =  0.9958E+00
 MRCHDU: Convergence failed at  91  side 2    Res =  0.1047E+01
 MRCHDU: Convergence failed at  92  side 2    Res =  0.1086E+01
 MRCHDU: Convergence failed at  93  side 2    Res =  0.1116E+01
 MRCHDU: Convergence failed at  94  side 2    Res =  0.1137E+01
 MRCHDU: Convergence failed at  95  side 2    Res =  0.1149E+01
 MRCHDU: Convergence failed at  96  side 2    Res =  0.1153E+01
 MRCHDU: Convergence failed at  97  side 2    Res =  0.1148E+01
 MRCHDU: Convergence failed at  98  side 2    Res =  0.1133E+01
 MRCHDU: Convergence failed at  99  side 2    Res =  0.1108E+01
 MRCHDU: Convergence failed at 100  side 2    Res =  0.1071E+01
 MRCHDU: Convergence failed at 101  side 2    Res =  0.1022E+01
 MRCHDU: Convergence failed at 102  side 2    Res =  0.9604E+00
 MRCHDU: Convergence failed at 103  side 2    Res =  0.8839E+00
 MRCHDU: Convergence failed at 104  side 2    Res =  0.7919E+00
 MRCHDU: Convergence failed at 105  side 2    Res =  0.6836E+00
 Side 1  free  transition at x/c =  0.7986   65
 Side 2  free  transition at x/c =  0.0580   23

   2   rms: 0.1580E+01   max: 0.1543E+02   T at   23  2   RLX: 0.049
       a = -4.000      CL =  0.0345
      Cm = -0.0498     CD =  0.01176   =>   CDf =  0.00532    CDp =  0.00645

 MRCHDU: Convergence failed at  48  side 2    Res =  0.1554E+00
 MRCHDU: Convergence failed at  49  side 2    Res =  0.7732E+00
 Side 1  free  transition at x/c =  0.7983   65
 Side 2  free  transition at x/c =  0.0538   23
 idif Ue xi dudx           1  0.15634251      3.61299515E-03   43.272270    
 Uenew xinew           2  3.36073451E-02  7.76648521E-04

   3   rms: 0.4168E+00   max: 0.1485E+01   D at   19  2   RLX: 0.431
       a = -4.000      CL =  0.3315
      Cm = -0.1598     CD =  0.03908   =>   CDf =  0.00482    CDp =  0.03426

 Side 1  free  transition at x/c =  0.7970   63
 Side 2  free  transition at x/c =  0.1077   28

   4   rms: 0.7249E+01   max: -.5264E+02   T at   28  2   RLX: 0.009
       a = -4.000      CL =  0.3775
      Cm = -0.1772     CD =  0.04337   =>   CDf =  0.00461    CDp =  0.03876

 Side 1  free  transition at x/c =  0.8002   65
 Side 2  free  transition at x/c =  0.1146   27
 idif Ue xi dudx           1  0.13897061      3.30686569E-03   42.024876    
 Uenew xinew           2  1.97735056E-02  4.70519066E-04

   5   rms: 0.8382E+01   max: -.7460E+02   T at   27  2   RLX: 0.007
       a = -4.000      CL =  0.3489
      Cm = -0.1769     CD =  0.04331   =>   CDf =  0.00468    CDp =  0.03863

 MRCHDU: Convergence failed at  35  side 2    Res =  0.2083E+03
 MRCHDU: Convergence failed at  36  side 2    Res =  0.1938E+03
 MRCHDU: Convergence failed at  37  side 2    Res =  0.3113E+03
 MRCHDU: Convergence failed at  38  side 2    Res =  0.2242E+03
 MRCHDU: Convergence failed at  39  side 2    Res =  0.1594E+03
 MRCHDU: Convergence failed at  40  side 2    Res =  0.1371E+03
 MRCHDU: Convergence failed at  41  side 2    Res =  0.9477E+02
 MRCHDU: Convergence failed at  42  side 2    Res =  0.2397E+04
 MRCHDU: Convergence failed at  43  side 2    Res =  0.5491E+02
 MRCHDU: Convergence failed at  44  side 2    Res =  0.5584E+02
 MRCHDU: Convergence failed at  45  side 2    Res =  0.2479E+03
 MRCHDU: Convergence failed at  46  side 2    Res =  0.1799E+03
 MRCHDU: Convergence failed at  47  side 2    Res =  0.7787E+03
 MRCHDU: Convergence failed at  48  side 2    Res =  0.1937E+03
 MRCHDU: Convergence failed at  49  side 2    Res =  0.6686E+02
 MRCHDU: Convergence failed at  50  side 2    Res =  0.5531E+02
 MRCHDU: Convergence failed at  51  side 2    Res =  0.1764E+03
 MRCHDU: Convergence failed at  52  side 2    Res =  0.2083E+03
 MRCHDU: Convergence failed at  53  side 2    Res =  0.1059E+03
 MRCHDU: Convergence failed at  54  side 2    Res =  0.8957E+02
 MRCHDU: Convergence failed at  55  side 2    Res =  0.3836E+03
 MRCHDU: Convergence failed at  56  side 2    Res =  0.7822E+03
 MRCHDU: Convergence failed at  57  side 2    Res =  0.1658E+03
 MRCHDU: Convergence failed at  58  side 2    Res =  0.7965E+02
 MRCHDU: Convergence failed at  59  side 2    Res =  0.6304E+02
 MRCHDU: Convergence failed at  60  side 2    Res =  0.6687E+02
 MRCHDU: Convergence failed at  61  side 2    Res =  0.1164E+03
 MRCHDU: Convergence failed at  62  side 2    Res =  0.9766E+03
 MRCHDU: Convergence failed at  63  side 2    Res =  0.2564E+03
 MRCHDU: Convergence failed at  64  side 2    Res =  0.2625E+03
 MRCHDU: Convergence failed at  65  side 2    Res =  0.4498E+03
 MRCHDU: Convergence failed at  66  side 2    Res =  0.8321E+03
 MRCHDU: Convergence failed at  67  side 2    Res =  0.8398E+02
 MRCHDU: Convergence failed at  68  side 2    Res =  0.1999E+03
 MRCHDU: Convergence failed at  69  side 2    Res =  0.8008E+03
 MRCHDU: Convergence failed at  70  side 2    Res =  0.9875E+02
 MRCHDU: Convergence failed at  71  side 2    Res =  0.2967E+03
 MRCHDU: Convergence failed at  72  side 2    Res =  0.1310E+04
 MRCHDU: Convergence failed at  73  side 2    Res =  0.1380E+03
 MRCHDU: Convergence failed at  74  side 2    Res =  0.8889E+02
 MRCHDU: Convergence failed at  75  side 2    Res =  0.7975E+02
 MRCHDU: Convergence failed at  76  side 2    Res =  0.3200E+03
 MRCHDU: Convergence failed at  77  side 2    Res =  0.8452E+03
 MRCHDU: Convergence failed at  78  side 2    Res =  0.3332E+03
 MRCHDU: Convergence failed at  79  side 2    Res =  0.3256E+03
 MRCHDU: Convergence failed at  80  side 2    Res =  0.2516E+03
 MRCHDU: Convergence failed at  81  side 2    Res =  0.4165E+03
 MRCHDU: Convergence failed at  82  side 2    Res =  0.1266E+03
 MRCHDU: Convergence failed at  83  side 2    Res =  0.3053E+03
 MRCHDU: Convergence failed at  84  side 2    Res =  0.8342E+02
 Side 1  free  transition at x/c =  0.7999   64
 Side 2  free  transition at x/c =  0.2193   34

   6   rms: 0.2004E+01   max: 0.3189E+02   T at   34  2   RLX: 0.018
       a = -4.000      CL = -0.3432
      Cm =  0.0755     CD =  0.00997   =>   CDf =  0.00421    CDp =  0.00576

 Side 1  free  transition at x/c =  0.7998   64
 Side 2  free  transition at x/c =  0.2305   35

   7   rms: 0.1768E+01   max: -.3194E+02   T at   35  2   RLX: 0.016
       a = -4.000      CL = -0.1843
      Cm =  0.0112     CD =  0.04815   =>   CDf =  0.00452    CDp =  0.04363

 Side 1  free  transition at x/c =  0.8005   64
 Side 2  free  transition at x/c =  0.2274   35

   8   rms: 0.8383E+00   max: 0.6091E+01   T at   35  2   RLX: 0.190
       a = -4.000      CL = -0.1111
      Cm = -0.0187     CD =  0.06191   =>   CDf =  0.00452    CDp =  0.05738

 MRCHDU: Convergence failed at  98  side 2    Res =  0.8236E+00
 Side 1  free  transition at x/c =  0.8088   64
 Side 2  free  transition at x/c =  0.0852   26

   9   rms: 0.7235E+01   max: -.7972E+02   T at   27  2   RLX: 0.006
       a = -4.000      CL = -0.0943
      Cm = -0.0101     CD =  0.08687   =>   CDf =  0.00475    CDp =  0.08212

 Side 1  free  transition at x/c =  0.8093   64
 Side 2  free  transition at x/c =  0.0848   26

  10   rms: 0.1756E+01   max: -.3402E+02   T at   27  2   RLX: 0.015
       a = -4.000      CL = -0.0876
      Cm = -0.0105     CD =  0.08972   =>   CDf =  0.00476    CDp =  0.08496

 Side 1  free  transition at x/c =  0.8103   64
 Side 2  free  transition at x/c =  0.0840   26

  11   rms: 0.9394E+00   max: -.1517E+02   T at   27  2   RLX: 0.033
       a = -4.000      CL = -0.0603
      Cm = -0.0172     CD =  0.09193   =>   CDf =  0.00478    CDp =  0.08715

 Side 1  free  transition at x/c =  0.8123   64
 Side 2  free  transition at x/c =  0.0824   26

  12   rms: 0.7672E+00   max: 0.5665E+01   T at   26  2   RLX: 0.168
       a = -4.000      CL =  0.0688
      Cm = -0.0519     CD =  0.09075   =>   CDf =  0.00484    CDp =  0.08592

 MRCHDU: Convergence failed at  66  side 1    Res =  0.3737E+01
 MRCHDU: Convergence failed at  67  side 1    Res =  0.7088E+02
 MRCHDU: Convergence failed at  68  side 1    Res =  0.6813E+01
 MRCHDU: Convergence failed at  69  side 1    Res =  0.7788E+01
 MRCHDU: Convergence failed at  70  side 1    Res =  0.1476E+02
 MRCHDU: Convergence failed at  71  side 1    Res =  0.2247E+02
 MRCHDU: Convergence failed at  72  side 1    Res =  0.3154E+02
 MRCHDU: Convergence failed at  73  side 1    Res =  0.3982E+02
 MRCHDU: Convergence failed at  74  side 1    Res =  0.4697E+02
 MRCHDU: Convergence failed at  75  side 1    Res =  0.5201E+02
 MRCHDU: Convergence failed at  76  side 1    Res =  0.4264E+02
 MRCHDU: Convergence failed at  77  side 1    Res =  0.2560E+02
 MRCHDU: Convergence failed at  78  side 1    Res =  0.1847E+02
 MRCHDU: Convergence failed at  28  side 2    Res =  0.5998E-01
 Side 1  free  transition at x/c =  0.8342   66
 Side 2  free  transition at x/c =  0.0747   26

  13   rms: 0.2630E+01   max: -.1633E+02   T at   29  2   RLX: 0.031
       a = -4.000      CL =  0.1881
      Cm = -0.1213     CD =  0.12466   =>   CDf =  0.00453    CDp =  0.12013

 MRCHDU: Convergence failed at  28  side 2    Res =  0.2424E+00
 MRCHDU: Convergence failed at  29  side 2    Res =  0.9117E+00
 MRCHDU: Convergence failed at  30  side 2    Res =  0.6087E+00
 MRCHDU: Convergence failed at  31  side 2    Res =  0.4579E+00
 MRCHDU: Convergence failed at  32  side 2    Res =  0.5345E-01
 Side 1  free  transition at x/c =  0.8347   66
 Side 2  free  transition at x/c =  0.0732   26

  14   rms: 0.6916E+01   max: -.5106E+02   T at   35  2   RLX: 0.010
       a = -4.000      CL =  0.1693
      Cm = -0.1054     CD =  0.13718   =>   CDf =  0.00552    CDp =  0.13166

 Side 1  free  transition at x/c =  0.8357   66
 Side 2  free  transition at x/c =  0.0733   26

  15   rms: 0.1103E+02   max: 0.1289E+03   C at   32  2   RLX: 0.005
       a = -4.000      CL =  0.1686
      Cm = -0.1055     CD =  0.14435   =>   CDf =  0.00554    CDp =  0.13881

 Side 1  free  transition at x/c =  0.8357   66
 Side 2  free  transition at x/c =  0.0730   26

  16   rms: 0.3144E+01   max: -.4319E+02   T at   28  2   RLX: 0.012
       a = -4.000      CL =  0.1693
      Cm = -0.1061     CD =  0.15590   =>   CDf =  0.00553    CDp =  0.15037

 Side 1  free  transition at x/c =  0.8366   66
 Side 2  free  transition at x/c =  0.0725   26

  17   rms: 0.2694E+01   max: -.3532E+02   T at   30  2   RLX: 0.014
       a = -4.000      CL =  0.1671
      Cm = -0.1064     CD =  0.16865   =>   CDf =  0.00554    CDp =  0.16311

 Side 1  free  transition at x/c =  0.8383   66
 Side 2  free  transition at x/c =  0.0718   26

  18   rms: 0.4069E+01   max: 0.8691E+02   T at   29  2   RLX: 0.017
       a = -4.000      CL =  0.1561
      Cm = -0.1059     CD =  0.18806   =>   CDf =  0.00555    CDp =  0.18251

 Side 1  free  transition at x/c =  0.8419   66
 Side 2  free  transition at x/c =  0.0710   26

  19   rms: 0.1492E+03   max: 0.2302E+04   T at   27  2   RLX: 0.000
       a = -4.000      CL =  0.1282
      Cm = -0.0959     CD =  0.24136   =>   CDf =  0.00559    CDp =  0.23577

 MRCHDU: Convergence failed at  35  side 2    Res =  0.1670E-01
 Side 1  free  transition at x/c =  0.8405   66
 Side 2  free  transition at x/c =  0.0709   25

  20   rms: 0.3878E+01   max: 0.2714E+02   T at   29  2   RLX: 0.025
       a = -4.000      CL =  0.0905
      Cm = -0.0947     CD =  0.23861   =>   CDf =  0.00558    CDp =  0.23302

 Side 1  free  transition at x/c =  0.8644   68
 Side 2  free  transition at x/c =  0.0660   25

  21   rms: 0.1599E+01   max: 0.1132E+02   T at   25  2   RLX: 0.071
       a = -4.000      CL =  0.0164
      Cm = -0.0843     CD =  0.17035   =>   CDf =  0.00572    CDp =  0.16464

 Side 1  free  transition at x/c =  0.8875   69
 Side 2  free  transition at x/c =  0.0592   25

  22   rms: 0.1619E+01   max: 0.1381E+02   T at   27  2   RLX: 0.059
       a = -4.000      CL =  0.0526
      Cm = -0.0982     CD =  0.18092   =>   CDf =  0.00589    CDp =  0.17503

 Side 1  free  transition at x/c =  0.8974   70
 Side 2  free  transition at x/c =  0.0586   25

  23   rms: 0.5900E+01   max: -.1240E+03   T at   29  2   RLX: 0.004
       a = -4.000      CL =  0.0480
      Cm = -0.0988     CD =  0.30019   =>   CDf =  0.00581    CDp =  0.29439

 Side 1  free  transition at x/c =  0.8981   70
 Side 2  free  transition at x/c =  0.0586   25

  24   rms: 0.5403E+01   max: -.1012E+03   T at   29  2   RLX: 0.005
       a = -4.000      CL =  0.0441
      Cm = -0.0985     CD =  0.30661   =>   CDf =  0.00580    CDp =  0.30082

 Side 1  free  transition at x/c =  0.8987   70
 Side 2  free  transition at x/c =  0.0586   24

  25   rms: 0.3464E+01   max: 0.3110E+02   T at   31  2   RLX: 0.023
       a = -4.000      CL =  0.0415
      Cm = -0.0978     CD =  0.31624   =>   CDf =  0.00581    CDp =  0.31043

 Side 1  free  transition at x/c =  0.8996   70
 Side 2  free  transition at x/c =  0.0584   24

  26   rms: 0.2543E+01   max: 0.1126E+02   D at  106  2   RLX: 0.096
       a = -4.000      CL =  0.0598
      Cm = -0.1032     CD =  0.32689   =>   CDf =  0.00578    CDp =  0.32111

 MRCHDU: Convergence failed at  99  side 2    Res =  0.1269E+01
 MRCHDU: Convergence failed at 100  side 2    Res =  0.2285E+02
 MRCHDU: Convergence failed at 101  side 2    Res =  0.4918E+01
 MRCHDU: Convergence failed at 102  side 2    Res =  0.5044E+01
 MRCHDU: Convergence failed at 103  side 2    Res =  0.4302E+01
 MRCHDU: Convergence failed at 104  side 2    Res =  0.4367E+01
 MRCHDU: Convergence failed at 105  side 2    Res =  0.4070E+01
 MRCHDU: Convergence failed at 106  side 2    Res =  0.3006E+01
 Side 1  free  transition at x/c =  0.8900   69
 Side 2  free  transition at x/c =  0.0583   24

  27   rms: 0.3447E+01   max: -.1218E+02   C at   75  2   RLX: 0.041
       a = -4.000      CL =  0.0464
      Cm = -0.0921     CD =  0.12944   =>   CDf =  0.00565    CDp =  0.12379

 Side 1  free  transition at x/c =  0.9037   70
 Side 2  free  transition at x/c =  0.0582   24

  28   rms: 0.7024E+01   max: -.2470E+02   C at   71  2   RLX: 0.020
       a = -4.000      CL =  0.0559
      Cm = -0.0947     CD =  0.13427   =>   CDf =  0.00560    CDp =  0.12866

 Side 1  free  transition at x/c =  0.9048   70
 Side 2  free  transition at x/c =  0.0580   24

  29   rms: 0.7578E+02   max: -.2629E+03   C at   36  2   RLX: 0.002
       a = -4.000      CL =  0.0517
      Cm = -0.0930     CD =  0.14030   =>   CDf =  0.00560    CDp =  0.13470

 Side 1  free  transition at x/c =  0.9042   70
 Side 2  free  transition at x/c =  0.0577   24

  30   rms: 0.4301E+01   max: -.1629E+02   C at   66  2   RLX: 0.031
       a = -4.000      CL =  0.0654
      Cm = -0.0963     CD =  0.15525   =>   CDf =  0.00574    CDp =  0.14951

 Side 1  free  transition at x/c =  0.9096   71
 Side 2  free  transition at x/c =  0.0574   24

  31   rms: 0.1521E+02   max: 0.5355E+02   C at   36  2   RLX: 0.028
       a = -4.000      CL =  0.0765
      Cm = -0.0989     CD =  0.16183   =>   CDf =  0.00569    CDp =  0.15614

 Side 1  free  transition at x/c =  0.9092   71
 Side 2  free  transition at x/c =  0.0576   24

  32   rms: 0.2072E+02   max: -.7785E+02   C at   35  2   RLX: 0.006
       a = -4.000      CL =  0.0793
      Cm = -0.0994     CD =  0.19000   =>   CDf =  0.00567    CDp =  0.18433

 Side 1  free  transition at x/c =  0.9097   71
 Side 2  free  transition at x/c =  0.0575   24

  33   rms: 0.4021E+02   max: -.1441E+03   C at   35  2   RLX: 0.003
       a = -4.000      CL =  0.0808
      Cm = -0.0996     CD =  0.19172   =>   CDf =  0.00566    CDp =  0.18605

 Side 1  free  transition at x/c =  0.9099   71
 Side 2  free  transition at x/c =  0.0574   24

  34   rms: 0.6577E+02   max: -.2265E+03   C at   75  2   RLX: 0.002
       a = -4.000      CL =  0.0814
      Cm = -0.0997     CD =  0.19240   =>   CDf =  0.00566    CDp =  0.18674

 Side 1  free  transition at x/c =  0.9101   71
 Side 2  free  transition at x/c =  0.0573   24

  35   rms: 0.1085E+03   max: -.3822E+03   C at   35  2   RLX: 0.001
       a = -4.000      CL =  0.0814
      Cm = -0.0996     CD =  0.19320   =>   CDf =  0.00566    CDp =  0.18754

 Side 1  free  transition at x/c =  0.9102   71
 Side 2  free  transition at x/c =  0.0573   24

  36   rms: 0.1197E+03   max: -.4284E+03   C at   35  2   RLX: 0.001
       a = -4.000      CL =  0.0810
      Cm = -0.0994     CD =  0.19351   =>   CDf =  0.00566    CDp =  0.18786

 Side 1  free  transition at x/c =  0.9102   71
 Side 2  free  transition at x/c =  0.0572   24

  37   rms: 0.3184E+03   max: -.1166E+04   C at   36  2   RLX: 0.000
       a = -4.000      CL =  0.0808
      Cm = -0.0994     CD =  0.19408   =>   CDf =  0.00565    CDp =  0.18843

 Side 1  free  transition at x/c =  0.9103   71
 Side 2  free  transition at x/c =  0.0571   24

  38   rms: 0.2160E+03   max: 0.8044E+03   C at   35  2   RLX: 0.002
       a = -4.000      CL =  0.0799
      Cm = -0.0990     CD =  0.19379   =>   CDf =  0.00565    CDp =  0.18813

 Side 1  free  transition at x/c =  0.9104   71
 Side 2  free  transition at x/c =  0.0570   24

  39   rms: 0.1239E+03   max: -.4411E+03   C at   35  2   RLX: 0.001
       a = -4.000      CL =  0.0795
      Cm = -0.0988     CD =  0.19454   =>   CDf =  0.00565    CDp =  0.18889

 Side 1  free  transition at x/c =  0.9105   71
 Side 2  free  transition at x/c =  0.0569   24

  40   rms: 0.1644E+03   max: -.5984E+03   C at   35  2   RLX: 0.001
       a = -4.000      CL =  0.0792
      Cm = -0.0987     CD =  0.19495   =>   CDf =  0.00564    CDp =  0.18931

 Side 1  free  transition at x/c =  0.9105   71
 Side 2  free  transition at x/c =  0.0569   24

  41   rms: 0.1529E+03   max: -.5692E+03   C at   36  2   RLX: 0.001
       a = -4.000      CL =  0.0789
      Cm = -0.0986     CD =  0.19509   =>   CDf =  0.00564    CDp =  0.18945

 Side 1  free  transition at x/c =  0.9106   71
 Side 2  free  transition at x/c =  0.0568   24

  42   rms: 0.2219E+03   max: -.8393E+03   C at   36  2   RLX: 0.001
       a = -4.000      CL =  0.0786
      Cm = -0.0985     CD =  0.19530   =>   CDf =  0.00564    CDp =  0.18966

 Side 1  free  transition at x/c =  0.9106   71
 Side 2  free  transition at x/c =  0.0568   24

  43   rms: 0.2658E+03   max: -.1014E+04   C at   81  2   RLX: 0.000
       a = -4.000      CL =  0.0784
      Cm = -0.0984     CD =  0.19544   =>   CDf =  0.00564    CDp =  0.18980

 Side 1  free  transition at x/c =  0.9106   71
 Side 2  free  transition at x/c =  0.0568   24

  44   rms: 0.9445E+02   max: -.7467E+03   C at   82  2   RLX: 0.001
       a = -4.000      CL =  0.0785
      Cm = -0.0984     CD =  0.19380   =>   CDf =  0.00564    CDp =  0.18816

 Side 1  free  transition at x/c =  0.9107   71
 Side 2  free  transition at x/c =  0.0568   24

  45   rms: 0.3137E+03   max: -.1206E+04   C at   81  2   RLX: 0.000
       a = -4.000      CL =  0.0784
      Cm = -0.0984     CD =  0.19569   =>   CDf =  0.00563    CDp =  0.19005

 Side 1  free  transition at x/c =  0.9107   71
 Side 2  free  transition at x/c =  0.0567   24

  46   rms: 0.3892E+03   max: -.1494E+04   C at   84  2   RLX: 0.000
       a = -4.000      CL =  0.0783
      Cm = -0.0984     CD =  0.19575   =>   CDf =  0.00563    CDp =  0.19012

 Side 1  free  transition at x/c =  0.9107   71
 Side 2  free  transition at x/c =  0.0567   24

  47   rms: 0.4605E+03   max: -.1769E+04   C at   81  2   RLX: 0.000
       a = -4.000      CL =  0.0782
      Cm = -0.0983     CD =  0.19579   =>   CDf =  0.00563    CDp =  0.19016

 Side 1  free  transition at x/c =  0.9107   71
 Side 2  free  transition at x/c =  0.0567   24

  48   rms: 0.3804E+03   max: -.1461E+04   C at   84  2   RLX: 0.000
       a = -4.000      CL =  0.0781
      Cm = -0.0983     CD =  0.19577   =>   CDf =  0.00563    CDp =  0.19014

 Side 1  free  transition at x/c =  0.9108   71
 Side 2  free  transition at x/c =  0.0567   24

  49   rms: 0.3530E+03   max: -.1356E+04   C at   81  2   RLX: 0.000
       a = -4.000      CL =  0.0779
      Cm = -0.0982     CD =  0.19578   =>   CDf =  0.00563    CDp =  0.19015

 Side 1  free  transition at x/c =  0.9108   71
 Side 2  free  transition at x/c =  0.0567   24

  50   rms: 0.5367E+03   max: -.2062E+04   C at   83  2   RLX: 0.000
       a = -4.000      CL =  0.0778
      Cm = -0.0982     CD =  0.19585   =>   CDf =  0.00563    CDp =  0.19022

 Side 1  free  transition at x/c =  0.9108   71
 Side 2  free  transition at x/c =  0.0566   24

  51   rms: 0.5780E+03   max: -.2220E+04   C at   84  2   RLX: 0.000
       a = -4.000      CL =  0.0777
      Cm = -0.0982     CD =  0.19589   =>   CDf =  0.00563    CDp =  0.19027

 Side 1  free  transition at x/c =  0.9108   71
 Side 2  free  transition at x/c =  0.0566   24

  52   rms: 0.6069E+03   max: -.2330E+04   C at   82  2   RLX: 0.000
       a = -4.000      CL =  0.0777
      Cm = -0.0981     CD =  0.19591   =>   CDf =  0.00563    CDp =  0.19028

 Side 1  free  transition at x/c =  0.9108   71
 Side 2  free  transition at x/c =  0.0566   24

  53   rms: 0.7086E+03   max: -.2720E+04   C at   81  2   RLX: 0.000
       a = -4.000      CL =  0.0776
      Cm = -0.0981     CD =  0.19594   =>   CDf =  0.00563    CDp =  0.19031

 Side 1  free  transition at x/c =  0.9108   71
 Side 2  free  transition at x/c =  0.0566   24

  54   rms: 0.6423E+03   max: -.2467E+04   C at   82  2   RLX: 0.000
       a = -4.000      CL =  0.0775
      Cm = -0.0981     CD =  0.19594   =>   CDf =  0.00563    CDp =  0.19032

 Side 1  free  transition at x/c =  0.9108   71
 Side 2  free  transition at x/c =  0.0566   24

  55   rms: 0.4724E+03   max: -.1814E+04   C at   80  2   RLX: 0.000
       a = -4.000      CL =  0.0774
      Cm = -0.0981     CD =  0.19593   =>   CDf =  0.00563    CDp =  0.19030

 Side 1  free  transition at x/c =  0.9109   71
 Side 2  free  transition at x/c =  0.0566   24

  56   rms: 0.1032E+04   max: -.3961E+04   C at   82  2   RLX: 0.000
       a = -4.000      CL =  0.0774
      Cm = -0.0980     CD =  0.19600   =>   CDf =  0.00563    CDp =  0.19038

 MRCHDU: Convergence failed at  35  side 2    Res =  0.6406E-05
 Side 1  free  transition at x/c =  0.9109   71
 Side 2  free  transition at x/c =  0.0566   24

  57   rms: 0.9599E+03   max: -.3686E+04   C at   84  2   RLX: 0.000
       a = -4.000      CL =  0.0773
      Cm = -0.0980     CD =  0.19601   =>   CDf =  0.00563    CDp =  0.19038

 Side 1  free  transition at x/c =  0.9109   71
 Side 2  free  transition at x/c =  0.0566   24

  58   rms: 0.1142E+04   max: -.4383E+04   C at   80  2   RLX: 0.000
       a = -4.000      CL =  0.0773
      Cm = -0.0980     CD =  0.19602   =>   CDf =  0.00563    CDp =  0.19039

 MRCHDU: Convergence failed at  35  side 2    Res =  0.4118E-01
 Side 1  free  transition at x/c =  0.9109   71
 Side 2  free  transition at x/c =  0.0566   24

  59   rms: 0.1048E+04   max: -.4023E+04   C at   82  2   RLX: 0.000
       a = -4.000      CL =  0.0772
      Cm = -0.0980     CD =  0.19602   =>   CDf =  0.00563    CDp =  0.19039

 MRCHDU: Convergence failed at  35  side 2    Res =  0.9298E-01
 Side 1  free  transition at x/c =  0.9109   71
 Side 2  free  transition at x/c =  0.0565   24

  60   rms: 0.5983E+03   max: -.2302E+04   C at   84  2   RLX: 0.000
       a = -4.000      CL =  0.0771
      Cm = -0.0980     CD =  0.19599   =>   CDf =  0.00563    CDp =  0.19036

 MRCHDU: Convergence failed at  35  side 2    Res =  0.1444E+00
 Side 1  free  transition at x/c =  0.9109   71
 Side 2  free  transition at x/c =  0.0565   24

  61   rms: 0.6026E+01   max: -.2627E+02   C at   35  2   RLX: 0.019
       a = -4.000      CL =  0.0848
      Cm = -0.0997     CD =  0.20605   =>   CDf =  0.00563    CDp =  0.20042

 MRCHDU: Convergence failed at  35  side 2    Res =  0.5442E-02
 Side 1  free  transition at x/c =  0.9125   71
 Side 2  free  transition at x/c =  0.0559   24

  62   rms: 0.2050E+02   max: 0.7983E+02   T at   24  2   RLX: 0.008
       a = -4.000      CL =  0.0531
      Cm = -0.0929     CD =  0.37402   =>   CDf =  0.00558    CDp =  0.36844

 MRCHDU: Convergence failed at  33  side 2    Res =  0.8085E-01
 Side 1  free  transition at x/c =  0.9204   71
 Side 2  free  transition at x/c =  0.0523   24

  63   rms: 0.1235E+02   max: -.5619E+02   C at   34  2   RLX: 0.009
       a = -4.000      CL =  0.1079
      Cm = -0.1086     CD =  0.58479   =>   CDf =  0.00532    CDp =  0.57948

 MRCHDU: Convergence failed at  33  side 2    Res =  0.5855E-01
 MRCHDU: Convergence failed at  34  side 2    Res =  0.2288E+00
 MRCHDU: Convergence failed at  35  side 2    Res =  0.8086E-01
 Side 1  free  transition at x/c =  0.9189   71
 Side 2  free  transition at x/c =  0.0537   24

  64   rms: 0.8290E+01   max: 0.5739E+02   C at   71  1   RLX: 0.010
       a = -4.000      CL =  0.1839
      Cm = -0.1256     CD =  0.58820   =>   CDf =  0.00539    CDp =  0.58282

 MRCHDU: Convergence failed at  33  side 2    Res =  0.6806E-01
 MRCHDU: Convergence failed at  34  side 2    Res =  0.7774E-01
 MRCHDU: Convergence failed at  35  side 2    Res =  0.8375E-01
 Side 1  free  transition at x/c =  0.9158   71
 Side 2  free  transition at x/c =  0.0560   24

  65   rms: 0.2212E+02   max: -.7465E+02   T at   84  2   RLX: 0.007
       a = -4.000      CL =  0.2086
      Cm = -0.1271     CD =  0.47551   =>   CDf =  0.00555    CDp =  0.46996

 MRCHDU: Convergence failed at  33  side 2    Res =  0.6583E-01
 MRCHDU: Convergence failed at  34  side 2    Res =  0.8023E-01
 MRCHDU: Convergence failed at  35  side 2    Res =  0.3429E-01
 Side 1  free  transition at x/c =  0.9165   71
 Side 2  free  transition at x/c =  0.0563   24

  66   rms: 0.6152E+02   max: 0.2437E+03   T at   84  2   RLX: 0.003
       a = -4.000      CL =  0.1187
      Cm = -0.1115     CD =  0.90827   =>   CDf =  0.00556    CDp =  0.90271

 MRCHDU: Convergence failed at  33  side 2    Res =  0.7618E-01
 MRCHDU: Convergence failed at  34  side 2    Res =  0.1371E+00
 MRCHDU: Convergence failed at  35  side 2    Res =  0.2272E+00
 Side 1  free  transition at x/c =  0.9204   71
 Side 2  free  transition at x/c =  0.0524   24

  67   rms: 0.2949E+01   max: -.1100E+02   C at   71  1   RLX: 0.045
       a = -4.000      CL =  0.0759
      Cm = -0.0962     CD =  0.43990   =>   CDf =  0.00530    CDp =  0.43460

 MRCHDU: Convergence failed at  33  side 2    Res =  0.1593E+00
 MRCHDU: Convergence failed at  34  side 2    Res =  0.2651E+00
 MRCHDU: Convergence failed at  35  side 2    Res =  0.1052E+00
 MRCHDU: Convergence failed at 103  side 2    Res =  0.1018E+01
 MRCHDU: Convergence failed at 104  side 2    Res =  0.2687E+01
 MRCHDU: Convergence failed at 105  side 2    Res =  0.2102E+02
 MRCHDU: Convergence failed at 106  side 2    Res =  0.6775E+01
 Side 1  free  transition at x/c =  0.9179   71
 Side 2  free  transition at x/c =  0.0506   24
 idif Ue xi dudx           1  0.13135593      3.58772278E-03   36.612617    
 Uenew xinew           2  1.61619801E-02  4.41431999E-04

  68   rms: 0.1563E+01   max: 0.1004E+02   T at   24  2   RLX: 0.069
       a = -4.000      CL =  0.0389
      Cm = -0.0931     CD =  0.43902   =>   CDf =  0.00557    CDp =  0.43345

 MRCHDU: Convergence failed at  35  side 2    Res =  0.7992E+00
 MRCHDU: Convergence failed at  36  side 2    Res =  0.9658E+00
 MRCHDU: Convergence failed at 101  side 2    Res =  0.1018E+01
 MRCHDU: Convergence failed at 102  side 2    Res =  0.1754E+01
 MRCHDU: Convergence failed at 103  side 2    Res =  0.2493E+01
 MRCHDU: Convergence failed at 104  side 2    Res =  0.3011E+01
 MRCHDU: Convergence failed at 105  side 2    Res =  0.3206E+01
 MRCHDU: Convergence failed at 106  side 2    Res =  0.3128E+01
 MRCHDU: Convergence failed at 107  side 2    Res =  0.2293E+01
 Side 1  free  transition at x/c =  0.9498   72
 Side 2  free  transition at x/c =  0.0481   24

  69   rms: 0.2286E+01   max: -.1134E+02   T at   85  2   RLX: 0.044
       a = -4.000      CL =  0.0284
      Cm = -0.0874     CD =  0.41327   =>   CDf =  0.00552    CDp =  0.40774

 Side 1  free  transition at x/c =  0.9580   73
 Side 2  free  transition at x/c =  0.0480   24

  70   rms: 0.1196E+01   max: 0.9871E+01   C at   36  2   RLX: 0.152
       a = -4.000      CL =  0.0353
      Cm = -0.0833     CD =  0.25142   =>   CDf =  0.00539    CDp =  0.24603

 MRCHDU: Convergence failed at 101  side 2    Res =  0.3549E+01
 MRCHDU: Convergence failed at 102  side 2    Res =  0.2084E+02
 MRCHDU: Convergence failed at 103  side 2    Res =  0.1325E+02
 MRCHDU: Convergence failed at 104  side 2    Res =  0.2310E+03
 MRCHDU: Convergence failed at 105  side 2    Res =  0.1390E+02
 MRCHDU: Convergence failed at 106  side 2    Res =  0.8826E+01
 MRCHDU: Convergence failed at 107  side 2    Res =  0.5622E+01
 Side 1  free  transition at x/c =  0.9553   73
 Side 2  free  transition at x/c =  0.0476   24

  71   rms: 0.1431E+01   max: -.1761E+02   T at   26  2   RLX: 0.028
       a = -4.000      CL =  0.0188
      Cm = -0.0811     CD =  0.48333   =>   CDf =  0.00523    CDp =  0.47810

 Side 1  free  transition at x/c =  0.9616   73
 Side 2  free  transition at x/c =  0.0467   24

  72   rms: 0.1114E+02   max: -.1422E+03   C at   73  1   RLX: 0.004
       a = -4.000      CL = -0.0011
      Cm = -0.0760     CD =  0.54913   =>   CDf =  0.00512    CDp =  0.54400

 Side 1  free  transition at x/c =  0.9629   73
 Side 2  free  transition at x/c =  0.0462   24

  73   rms: 0.2582E+02   max: -.3523E+03   C at   73  1   RLX: 0.001
       a = -4.000      CL = -0.0070
      Cm = -0.0745     CD =  0.58258   =>   CDf =  0.00510    CDp =  0.57748

 Side 1  free  transition at x/c =  0.9638   73
 Side 2  free  transition at x/c =  0.0460   24

  74   rms: 0.3596E+02   max: -.4752E+03   C at   73  1   RLX: 0.001
       a = -4.000      CL = -0.0100
      Cm = -0.0738     CD =  0.58667   =>   CDf =  0.00509    CDp =  0.58158

 Side 1  free  transition at x/c =  0.9644   73
 Side 2  free  transition at x/c =  0.0459   24

  75   rms: 0.4479E+02   max: -.5773E+03   C at   73  1   RLX: 0.001
       a = -4.000      CL = -0.0127
      Cm = -0.0733     CD =  0.58938   =>   CDf =  0.00508    CDp =  0.58430

 Side 1  free  transition at x/c =  0.9610   73
 Side 2  free  transition at x/c =  0.0458   24

  76   rms: 0.2739E+01   max: -.1950E+02   T at   73  1   RLX: 0.026
       a = -4.000      CL = -0.0513
      Cm = -0.0674     CD =  0.55518   =>   CDf =  0.00521    CDp =  0.54997

 MRCHDU: Convergence failed at  34  side 2    Res =  0.3386E+01
 Side 1 forced transition at x/c =  1.0000   77
 Side 2  free  transition at x/c =  0.0434   24

  77   rms: 0.1708E+02   max: -.1483E+03   C at   34  2   RLX: 0.003
       a = -4.000      CL = -0.0831
      Cm = -0.0593     CD =  0.67018   =>   CDf =  0.00495    CDp =  0.66523

 MRCHDU: Convergence failed at  35  side 2    Res =  0.1411E-01
 Side 1 forced transition at x/c =  1.0000   77
 Side 2  free  transition at x/c =  0.0422   24

  78   rms: 0.6183E+01   max: -.9045E+02   C at   34  2   RLX: 0.006
       a = -4.000      CL = -0.0987
      Cm = -0.0571     CD =  0.73094   =>   CDf =  0.00505    CDp =  0.72588

 MRCHDU: Convergence failed at  35  side 2    Res =  0.9046E-02
 Side 1 forced transition at x/c =  1.0000   77
 Side 2  free  transition at x/c =  0.0416   24

  79   rms: 0.7275E+01   max: -.1529E+03   C at   34  2   RLX: 0.003
       a = -4.000      CL = -0.1040
      Cm = -0.0558     CD =  0.78219   =>   CDf =  0.00510    CDp =  0.77709

 MRCHDU: Convergence failed at  35  side 2    Res =  0.4696E-02
 Side 1 forced transition at x/c =  1.0000   77
 Side 2  free  transition at x/c =  0.0415   24

  80   rms: 0.2559E+01   max: -.3038E+02   C at   34  2   RLX: 0.016
       a = -4.000      CL = -0.1270
      Cm = -0.0508     CD =  0.77300   =>   CDf =  0.00510    CDp =  0.76790

 MRCHDU: Convergence failed at  35  side 2    Res =  0.1867E-02
 MRCHDU: Convergence failed at 101  side 2    Res =  0.1024E+01
 MRCHDU: Convergence failed at 102  side 2    Res =  0.1231E+01
 MRCHDU: Convergence failed at 103  side 2    Res =  0.1420E+01
 MRCHDU: Convergence failed at 104  side 2    Res =  0.1536E+01
 MRCHDU: Convergence failed at 105  side 2    Res =  0.2466E+01
 MRCHDU: Convergence failed at 106  side 2    Res =  0.6857E+02
 MRCHDU: Convergence failed at 107  side 2    Res =  0.1429E+01
 Side 1 forced transition at x/c =  1.0000   77
 Side 2  free  transition at x/c =  0.0409   24

  81   rms: 0.2260E+03   max: -.1283E+04   C at   84  2   RLX: 0.000
       a = -4.000      CL = -0.1242
      Cm = -0.0518     CD =  0.66797   =>   CDf =  0.00511    CDp =  0.66286

 MRCHDU: Convergence failed at  35  side 2    Res =  0.2059E-02
 Side 1 forced transition at x/c =  1.0000   77
 Side 2  free  transition at x/c =  0.0410   24

  82   rms: 0.8052E+01   max: 0.1052E+03   C at   82  2   RLX: 0.014
       a = -4.000      CL = -0.1395
      Cm = -0.0486     CD =  0.63065   =>   CDf =  0.00513    CDp =  0.62552

 Side 1 forced transition at x/c =  1.0000   77
 Side 2  free  transition at x/c =  0.0406   24

  83   rms: 0.9823E+02   max: 0.5718E+03   C at   83  2   RLX: 0.003
       a = -4.000      CL = -0.1484
      Cm = -0.0457     CD =  0.73108   =>   CDf =  0.00512    CDp =  0.72596

 Side 1 forced transition at x/c =  1.0000   77
 Side 2  free  transition at x/c =  0.0406   24

  84   rms: 0.2153E+03   max: -.1290E+04   C at   83  2   RLX: 0.000
       a = -4.000      CL = -0.1443
      Cm = -0.0474     CD =  0.72869   =>   CDf =  0.00510    CDp =  0.72359

 Side 1 forced transition at x/c =  1.0000   77
 Side 2  free  transition at x/c =  0.0406   24

  85   rms: 0.3878E+03   max: -.2237E+04   C at   83  2   RLX: 0.000
       a = -4.000      CL = -0.1425
      Cm = -0.0480     CD =  0.73222   =>   CDf =  0.00513    CDp =  0.72709

 Side 1 forced transition at x/c =  1.0000   77
 Side 2  free  transition at x/c =  0.0406   24

  86   rms: 0.2009E+03   max: 0.1136E+04   C at   83  2   RLX: 0.001
       a = -4.000      CL = -0.1464
      Cm = -0.0470     CD =  0.73563   =>   CDf =  0.00514    CDp =  0.73049

 Side 1 forced transition at x/c =  1.0000   77
 Side 2  free  transition at x/c =  0.0405   24

  87   rms: 0.3360E+02   max: -.1920E+03   C at   83  2   RLX: 0.003
       a = -4.000      CL = -0.1474
      Cm = -0.0471     CD =  0.71885   =>   CDf =  0.00513    CDp =  0.71372

 Side 1 forced transition at x/c =  1.0000   77
 Side 2  free  transition at x/c =  0.0405   24

  88   rms: 0.4071E+03   max: -.2304E+04   C at   83  2   RLX: 0.000
       a = -4.000      CL = -0.1467
      Cm = -0.0473     CD =  0.73211   =>   CDf =  0.00514    CDp =  0.72697

 Side 1 forced transition at x/c =  1.0000   77
 Side 2  free  transition at x/c =  0.0405   24

  89   rms: 0.1706E+04   max: 0.9499E+04   C at   83  2   RLX: 0.000
       a = -4.000      CL = -0.1484
      Cm = -0.0469     CD =  0.73516   =>   CDf =  0.00515    CDp =  0.73002

 Side 1 forced transition at x/c =  1.0000   77
 Side 2  free  transition at x/c =  0.0405   24

  90   rms: 0.4739E+02   max: -.2709E+03   C at   83  2   RLX: 0.002
       a = -4.000      CL = -0.1479
      Cm = -0.0472     CD =  0.72378   =>   CDf =  0.00514    CDp =  0.71864

 Side 1 forced transition at x/c =  1.0000   77
 Side 2  free  transition at x/c =  0.0405   24

  91   rms: 0.4869E+02   max: 0.2751E+03   C at   83  2   RLX: 0.005
       a = -4.000      CL = -0.1643
      Cm = -0.0441     CD =  0.72565   =>   CDf =  0.00515    CDp =  0.72050

 Side 1 forced transition at x/c =  1.0000   77
 Side 2  free  transition at x/c =  0.0402   24

  92   rms: 0.3531E+02   max: -.2067E+03   C at   83  2   RLX: 0.002
       a = -4.000      CL = -0.1664
      Cm = -0.0438     CD =  0.69036   =>   CDf =  0.00516    CDp =  0.68519

 Side 1 forced transition at x/c =  1.0000   77
 Side 2  free  transition at x/c =  0.0402   24

  93   rms: 0.7789E+02   max: -.4439E+03   C at   83  2   RLX: 0.001
       a = -4.000      CL = -0.1653
      Cm = -0.0442     CD =  0.70011   =>   CDf =  0.00517    CDp =  0.69494

 Side 1 forced transition at x/c =  1.0000   77
 Side 2  free  transition at x/c =  0.0402   24

  94   rms: 0.1235E+03   max: -.6953E+03   C at   83  2   RLX: 0.001
       a = -4.000      CL = -0.1650
      Cm = -0.0443     CD =  0.70359   =>   CDf =  0.00518    CDp =  0.69842

 Side 1 forced transition at x/c =  1.0000   77
 Side 2  free  transition at x/c =  0.0402   24

  95   rms: 0.3877E+03   max: -.2161E+04   C at   83  2   RLX: 0.000
       a = -4.000      CL = -0.1648
      Cm = -0.0444     CD =  0.70646   =>   CDf =  0.00518    CDp =  0.70128

 Side 1 forced transition at x/c =  1.0000   77
 Side 2  free  transition at x/c =  0.0402   24

  96   rms: 0.1382E+04   max: -.7658E+04   C at   83  2   RLX: 0.000
       a = -4.000      CL = -0.1648
      Cm = -0.0444     CD =  0.70728   =>   CDf =  0.00518    CDp =  0.70210

 Side 1 forced transition at x/c =  1.0000   77
 Side 2  free  transition at x/c =  0.0402   24

  97   rms: 0.9233E+04   max: -.5108E+05   C at   83  2   RLX: 0.000
       a = -4.000      CL = -0.1648
      Cm = -0.0444     CD =  0.70755   =>   CDf =  0.00518    CDp =  0.70238

 Side 1 forced transition at x/c =  1.0000   77
 Side 2  free  transition at x/c =  0.0402   24

  98   rms: 0.1676E+05   max: 0.9326E+05   C at   83  2   RLX: 0.000
       a = -4.000      CL = -0.1648
      Cm = -0.0444     CD =  0.70753   =>   CDf =  0.00518    CDp =  0.70236

 Side 1 forced transition at x/c =  1.0000   77
 Side 2  free  transition at x/c =  0.0402   24

  99   rms: 0.1050E+04   max: -.5819E+04   C at   83  2   RLX: 0.000
       a = -4.000      CL = -0.1647
      Cm = -0.0444     CD =  0.70743   =>   CDf =  0.00518    CDp =  0.70226

 Side 1 forced transition at x/c =  1.0000   77
 Side 2  free  transition at x/c =  0.0402   24

 100   rms: 0.6319E+04   max: -.3496E+05   C at   83  2   RLX: 0.000
       a = -4.000      CL = -0.1647
      Cm = -0.0444     CD =  0.70778   =>   CDf =  0.00518    CDp =  0.70260

 Side 1 forced transition at x/c =  1.0000   77
 Side 2  free  transition at x/c =  0.0402   24

 101   rms: 0.2255E+05   max: 0.1254E+06   C at   83  2   RLX: 0.000
       a = -4.000      CL = -0.1647
      Cm = -0.0444     CD =  0.70779   =>   CDf =  0.00518    CDp =  0.70261

 Side 1 forced transition at x/c =  1.0000   77
 Side 2  free  transition at x/c =  0.0402   24

 102   rms: 0.9845E+03   max: -.5457E+04   C at   83  2   RLX: 0.000
       a = -4.000      CL = -0.1647
      Cm = -0.0444     CD =  0.70767   =>   CDf =  0.00518    CDp =  0.70250

 Side 1 forced transition at x/c =  1.0000   77
 Side 2  free  transition at x/c =  0.0402   24

 103   rms: 0.4404E+04   max: -.2437E+05   C at   83  2   RLX: 0.000
       a = -4.000      CL = -0.1647
      Cm = -0.0444     CD =  0.70800   =>   CDf =  0.00518    CDp =  0.70283

 Side 1 forced transition at x/c =  1.0000   77
 Side 2  free  transition at x/c =  0.0402   24

 104   rms: 0.2890E+05   max: 0.1605E+06   C at   83  2   RLX: 0.000
       a = -4.000      CL = -0.1647
      Cm = -0.0444     CD =  0.70804   =>   CDf =  0.00518    CDp =  0.70287

 Side 1 forced transition at x/c =  1.0000   77
 Side 2  free  transition at x/c =  0.0402   24

 105   rms: 0.8392E+03   max: -.4657E+04   C at   83  2   RLX: 0.000
       a = -4.000      CL = -0.1646
      Cm = -0.0444     CD =  0.70789   =>   CDf =  0.00518    CDp =  0.70271

 Side 1 forced transition at x/c =  1.0000   77
 Side 2  free  transition at x/c =  0.0402   24

 106   rms: 0.3874E+04   max: -.2143E+05   C at   83  2   RLX: 0.000
       a = -4.000      CL = -0.1646
      Cm = -0.0445     CD =  0.70832   =>   CDf =  0.00518    CDp =  0.70315

 Side 1 forced transition at x/c =  1.0000   77
 Side 2  free  transition at x/c =  0.0402   24

 107   rms: 0.5163E+05   max: 0.2865E+06   C at   83  2   RLX: 0.000
       a = -4.000      CL = -0.1646
      Cm = -0.0444     CD =  0.70836   =>   CDf =  0.00518    CDp =  0.70319

 Side 1 forced transition at x/c =  1.0000   77
 Side 2  free  transition at x/c =  0.0402   24

 108   rms: 0.6805E+03   max: -.3784E+04   C at   83  2   RLX: 0.000
       a = -4.000      CL = -0.1645
      Cm = -0.0445     CD =  0.70814   =>   CDf =  0.00518    CDp =  0.70296

 Side 1 forced transition at x/c =  1.0000   77
 Side 2  free  transition at x/c =  0.0402   24

 109   rms: 0.3052E+04   max: -.1689E+05   C at   83  2   RLX: 0.000
       a = -4.000      CL = -0.1645
      Cm = -0.0445     CD =  0.70870   =>   CDf =  0.00518    CDp =  0.70352

 Side 1 forced transition at x/c =  1.0000   77
 Side 2  free  transition at x/c =  0.0402   24

 110   rms: 0.3507E+06   max: 0.1945E+07   C at   83  2   RLX: 0.000
       a = -4.000      CL = -0.1645
      Cm = -0.0444     CD =  0.70878   =>   CDf =  0.00518    CDp =  0.70360

 Side 1 forced transition at x/c =  1.0000   77
 Side 2  free  transition at x/c =  0.0402   24

 111   rms: 0.5908E+03   max: -.3284E+04   C at   83  2   RLX: 0.000
       a = -4.000      CL = -0.1644
      Cm = -0.0445     CD =  0.70853   =>   CDf =  0.00518    CDp =  0.70335

 Side 1 forced transition at x/c =  1.0000   77
 Side 2  free  transition at x/c =  0.0402   24

 112   rms: 0.2255E+04   max: -.1249E+05   C at   83  2   RLX: 0.000
       a = -4.000      CL = -0.1644
      Cm = -0.0445     CD =  0.70909   =>   CDf =  0.00518    CDp =  0.70391

 Side 1 forced transition at x/c =  1.0000   77
 Side 2  free  transition at x/c =  0.0402   24

 113   rms: 0.7451E+05   max: -.4131E+06   C at   83  2   RLX: 0.000
       a = -4.000      CL = -0.1644
      Cm = -0.0445     CD =  0.70929   =>   CDf =  0.00518    CDp =  0.70411

 MRCHDU: Convergence failed at  24  side 2    Res =  0.9473E-05
 Side 1 forced transition at x/c =  1.0000   77
 Side 2  free  transition at x/c =  0.0402   24

 114   rms: 0.1170E+05   max: 0.6552E+05   C at   83  2   RLX: 0.000
       a = -4.000      CL = -0.1644
      Cm = -0.0445     CD =  0.70919   =>   CDf =  0.00518    CDp =  0.70402

 Side 1 forced transition at x/c =  1.0000   77
 Side 2  free  transition at x/c =  0.0402   24

 115   rms: 0.1942E+04   max: -.1075E+05   C at   83  2   RLX: 0.000
       a = -4.000      CL = -0.1644
      Cm = -0.0445     CD =  0.70921   =>   CDf =  0.00518    CDp =  0.70404

 Side 1 forced transition at x/c =  1.0000   77
 Side 2  free  transition at x/c =  0.0402   24

 116   rms: 0.2181E+05   max: -.1209E+06   C at   83  2   RLX: 0.000
       a = -4.000      CL = -0.1644
      Cm = -0.0445     CD =  0.70942   =>   CDf =  0.00518    CDp =  0.70424

 Side 1 forced transition at x/c =  1.0000   77
 Side 2  free  transition at x/c =  0.0402   24

 117   rms: 0.1104E+05   max: 0.6172E+05   C at   83  2   RLX: 0.000
       a = -4.000      CL = -0.1644
      Cm = -0.0445     CD =  0.70932   =>   CDf =  0.00518    CDp =  0.70415

 Side 1 forced transition at x/c =  1.0000   77
 Side 2  free  transition at x/c =  0.0402   24

 118   rms: 0.1735E+04   max: -.9607E+04   C at   83  2   RLX: 0.000
       a = -4.000      CL = -0.1643
      Cm = -0.0445     CD =  0.70936   =>   CDf =  0.00518    CDp =  0.70418

 Side 1 forced transition at x/c =  1.0000   77
 Side 2  free  transition at x/c =  0.0402   24

 119   rms: 0.1321E+05   max: -.7316E+05   C at   83  2   RLX: 0.000
       a = -4.000      CL = -0.1643
      Cm = -0.0445     CD =  0.70958   =>   CDf =  0.00518    CDp =  0.70440

 Side 1 forced transition at x/c =  1.0000   77
 Side 2  free  transition at x/c =  0.0402   24

 120   rms: 0.1458E+05   max: 0.8137E+05   C at   83  2   RLX: 0.000
       a = -4.000      CL = -0.1643
      Cm = -0.0445     CD =  0.70952   =>   CDf =  0.00518    CDp =  0.70434

 Side 1 forced transition at x/c =  1.0000   77
 Side 2  free  transition at x/c =  0.0402   24

 121   rms: 0.1419E+04   max: -.7860E+04   C at   83  2   RLX: 0.000
       a = -4.000      CL = -0.1643
      Cm = -0.0445     CD =  0.70951   =>   CDf =  0.00518    CDp =  0.70433

 Side 1 forced transition at x/c =  1.0000   77
 Side 2  free  transition at x/c =  0.0402   24

 122   rms: 0.8136E+04   max: -.4505E+05   C at   83  2   RLX: 0.000
       a = -4.000      CL = -0.1643
      Cm = -0.0445     CD =  0.70976   =>   CDf =  0.00518    CDp =  0.70459

 Side 1 forced transition at x/c =  1.0000   77
 Side 2  free  transition at x/c =  0.0402   24

 123   rms: 0.1472E+05   max: 0.8204E+05   C at   83  2   RLX: 0.000
       a = -4.000      CL = -0.1643
      Cm = -0.0445     CD =  0.70971   =>   CDf =  0.00518    CDp =  0.70454

 Side 1 forced transition at x/c =  1.0000   77
 Side 2  free  transition at x/c =  0.0402   24

 124   rms: 0.1268E+04   max: -.7024E+04   C at   83  2   RLX: 0.000
       a = -4.000      CL = -0.1642
      Cm = -0.0445     CD =  0.70972   =>   CDf =  0.00518    CDp =  0.70455

 Side 1 forced transition at x/c =  1.0000   77
 Side 2  free  transition at x/c =  0.0402   24

 125   rms: 0.7354E+04   max: -.4070E+05   C at   83  2   RLX: 0.000
       a = -4.000      CL = -0.1642
      Cm = -0.0445     CD =  0.70998   =>   CDf =  0.00518    CDp =  0.70481

 Side 1 forced transition at x/c =  1.0000   77
 Side 2  free  transition at x/c =  0.0402   24

 126   rms: 0.1898E+05   max: 0.1057E+06   C at   83  2   RLX: 0.000
       a = -4.000      CL = -0.1642
      Cm = -0.0445     CD =  0.70995   =>   CDf =  0.00518    CDp =  0.70477

 Side 1 forced transition at x/c =  1.0000   77
 Side 2  free  transition at x/c =  0.0402   24

 127   rms: 0.1073E+04   max: -.5946E+04   C at   83  2   RLX: 0.000
       a = -4.000      CL = -0.1642
      Cm = -0.0445     CD =  0.70990   =>   CDf =  0.00518    CDp =  0.70472

 Side 1 forced transition at x/c =  1.0000   77
 Side 2  free  transition at x/c =  0.0402   24

 128   rms: 0.4943E+04   max: -.2736E+05   C at   83  2   RLX: 0.000
       a = -4.000      CL = -0.1641
      Cm = -0.0445     CD =  0.71019   =>   CDf =  0.00517    CDp =  0.70502

 Side 1 forced transition at x/c =  1.0000   77
 Side 2  free  transition at x/c =  0.0402   24

 129   rms: 0.2502E+05   max: 0.1391E+06   C at   83  2   RLX: 0.000
       a = -4.000      CL = -0.1641
      Cm = -0.0445     CD =  0.71021   =>   CDf =  0.00517    CDp =  0.70503

 Side 1 forced transition at x/c =  1.0000   77
 Side 2  free  transition at x/c =  0.0402   24

 130   rms: 0.8024E+03   max: -.4450E+04   C at   83  2   RLX: 0.000
       a = -4.000      CL = -0.1641
      Cm = -0.0445     CD =  0.71007   =>   CDf =  0.00517    CDp =  0.70489

 Side 1 forced transition at x/c =  1.0000   77
 Side 2  free  transition at x/c =  0.0402   24

 131   rms: 0.4551E+04   max: -.2518E+05   C at   83  2   RLX: 0.000
       a = -4.000      CL = -0.1641
      Cm = -0.0445     CD =  0.71049   =>   CDf =  0.00517    CDp =  0.70531

 Side 1 forced transition at x/c =  1.0000   77
 Side 2  free  transition at x/c =  0.0402   24

 132   rms: 0.2974E+05   max: 0.1653E+06   C at   83  2   RLX: 0.000
       a = -4.000      CL = -0.1641
      Cm = -0.0445     CD =  0.71049   =>   CDf =  0.00517    CDp =  0.70532

 Side 1 forced transition at x/c =  1.0000   77
 Side 2  free  transition at x/c =  0.0402   24

 133   rms: 0.7998E+03   max: -.4439E+04   C at   83  2   RLX: 0.000
       a = -4.000      CL = -0.1640
      Cm = -0.0445     CD =  0.71039   =>   CDf =  0.00517    CDp =  0.70522

 Side 1 forced transition at x/c =  1.0000   77
 Side 2  free  transition at x/c =  0.0402   24

 134   rms: 0.3426E+04   max: -.1896E+05   C at   83  2   RLX: 0.000
       a = -4.000      CL = -0.1640
      Cm = -0.0446     CD =  0.71082   =>   CDf =  0.00517    CDp =  0.70564

 Side 1 forced transition at x/c =  1.0000   77
 Side 2  free  transition at x/c =  0.0402   24

 135   rms: 0.6401E+05   max: 0.3554E+06   C at   83  2   RLX: 0.000
       a = -4.000      CL = -0.1640
      Cm = -0.0445     CD =  0.71086   =>   CDf =  0.00517    CDp =  0.70569

 Side 1 forced transition at x/c =  1.0000   77
 Side 2  free  transition at x/c =  0.0402   24

 136   rms: 0.7116E+03   max: -.3952E+04   C at   83  2   RLX: 0.000
       a = -4.000      CL = -0.1639
      Cm = -0.0446     CD =  0.71072   =>   CDf =  0.00517    CDp =  0.70554

 Side 1 forced transition at x/c =  1.0000   77
 Side 2  free  transition at x/c =  0.0402   24

 137   rms: 0.3158E+04   max: -.1748E+05   C at   83  2   RLX: 0.000
       a = -4.000      CL = -0.1639
      Cm = -0.0446     CD =  0.71115   =>   CDf =  0.00517    CDp =  0.70598

 Side 1 forced transition at x/c =  1.0000   77
 Side 2  free  transition at x/c =  0.0402   24

 138   rms: 0.7302E+06   max: 0.4052E+07   C at   83  2   RLX: 0.000
       a = -4.000      CL = -0.1639
      Cm = -0.0446     CD =  0.71122   =>   CDf =  0.00517    CDp =  0.70604

 Side 1 forced transition at x/c =  1.0000   77
 Side 2  free  transition at x/c =  0.0402   24

 139   rms: 0.5918E+03   max: -.3292E+04   C at   83  2   RLX: 0.000
       a = -4.000      CL = -0.1639
      Cm = -0.0446     CD =  0.71103   =>   CDf =  0.00517    CDp =  0.70585

 Side 1 forced transition at x/c =  1.0000   77
 Side 2  free  transition at x/c =  0.0402   24

 140   rms: 0.2864E+04   max: -.1586E+05   C at   83  2   RLX: 0.000
       a = -4.000      CL = -0.1638
      Cm = -0.0446     CD =  0.71157   =>   CDf =  0.00517    CDp =  0.70640

 Side 1 forced transition at x/c =  1.0000   77
 Side 2  free  transition at x/c =  0.0402   24

 141   rms: 0.7783E+05   max: -.4317E+06   C at   83  2   RLX: 0.000
       a = -4.000      CL = -0.1638
      Cm = -0.0446     CD =  0.71172   =>   CDf =  0.00517    CDp =  0.70654

 Side 1 forced transition at x/c =  1.0000   77
 Side 2  free  transition at x/c =  0.0402   24

 142   rms: 0.1108E+05   max: 0.6215E+05   C at   83  2   RLX: 0.000
       a = -4.000      CL = -0.1638
      Cm = -0.0446     CD =  0.71161   =>   CDf =  0.00517    CDp =  0.70644

 Side 1 forced transition at x/c =  1.0000   77
 Side 2  free  transition at x/c =  0.0402   24

 143   rms: 0.2225E+04   max: -.1232E+05   C at   83  2   RLX: 0.000
       a = -4.000      CL = -0.1638
      Cm = -0.0446     CD =  0.71167   =>   CDf =  0.00517    CDp =  0.70650

 Side 1 forced transition at x/c =  1.0000   77
 Side 2  free  transition at x/c =  0.0402   24

 144   rms: 0.2698E+05   max: -.1495E+06   C at   83  2   RLX: 0.000
       a = -4.000      CL = -0.1638
      Cm = -0.0446     CD =  0.71185   =>   CDf =  0.00517    CDp =  0.70668

 Side 1 forced transition at x/c =  1.0000   77
 Side 2  free  transition at x/c =  0.0402   24

 145   rms: 0.1235E+05   max: 0.6910E+05   C at   83  2   RLX: 0.000
       a = -4.000      CL = -0.1638
      Cm = -0.0446     CD =  0.71177   =>   CDf =  0.00517    CDp =  0.70660

 Side 1 forced transition at x/c =  1.0000   77
 Side 2  free  transition at x/c =  0.0402   24

 146   rms: 0.1754E+04   max: -.9715E+04   C at   83  2   RLX: 0.000
       a = -4.000      CL = -0.1638
      Cm = -0.0446     CD =  0.71180   =>   CDf =  0.00517    CDp =  0.70663

 Side 1 forced transition at x/c =  1.0000   77
 Side 2  free  transition at x/c =  0.0402   24

 147   rms: 0.1453E+05   max: -.8053E+05   C at   83  2   RLX: 0.000
       a = -4.000      CL = -0.1638
      Cm = -0.0446     CD =  0.71199   =>   CDf =  0.00517    CDp =  0.70682

 Side 1 forced transition at x/c =  1.0000   77
 Side 2  free  transition at x/c =  0.0402   24

 148   rms: 0.1321E+05   max: 0.7380E+05   C at   83  2   RLX: 0.000
       a = -4.000      CL = -0.1637
      Cm = -0.0446     CD =  0.71192   =>   CDf =  0.00517    CDp =  0.70674

 Side 1 forced transition at x/c =  1.0000   77
 Side 2  free  transition at x/c =  0.0402   24

 149   rms: 0.1378E+04   max: -.7637E+04   C at   83  2   RLX: 0.000
       a = -4.000      CL = -0.1637
      Cm = -0.0446     CD =  0.71194   =>   CDf =  0.00517    CDp =  0.70676

 Side 1 forced transition at x/c =  1.0000   77
 Side 2  free  transition at x/c =  0.0402   24

 150   rms: 0.9350E+04   max: -.5179E+05   C at   83  2   RLX: 0.000
       a = -4.000      CL = -0.1637
      Cm = -0.0446     CD =  0.71220   =>   CDf =  0.00517    CDp =  0.70703

 Side 1 forced transition at x/c =  1.0000   77
 Side 2  free  transition at x/c =  0.0402   24

 151   rms: 0.1368E+05   max: 0.7632E+05   C at   83  2   RLX: 0.000
       a = -4.000      CL = -0.1637
      Cm = -0.0446     CD =  0.71214   =>   CDf =  0.00517    CDp =  0.70697

 Side 1 forced transition at x/c =  1.0000   77
 Side 2  free  transition at x/c =  0.0402   24

 152   rms: 0.1380E+04   max: -.7647E+04   C at   83  2   RLX: 0.000
       a = -4.000      CL = -0.1637
      Cm = -0.0446     CD =  0.71218   =>   CDf =  0.00517    CDp =  0.70700

 Side 1 forced transition at x/c =  1.0000   77
 Side 2  free  transition at x/c =  0.0402   24

 153   rms: 0.8095E+04   max: -.4483E+05   C at   83  2   RLX: 0.000
       a = -4.000      CL = -0.1636
      Cm = -0.0446     CD =  0.71243   =>   CDf =  0.00517    CDp =  0.70726

 Side 1 forced transition at x/c =  1.0000   77
 Side 2  free  transition at x/c =  0.0402   24

 154   rms: 0.1971E+05   max: 0.1098E+06   C at   83  2   RLX: 0.000
       a = -4.000      CL = -0.1636
      Cm = -0.0446     CD =  0.71239   =>   CDf =  0.00517    CDp =  0.70722

 Side 1 forced transition at x/c =  1.0000   77
 Side 2  free  transition at x/c =  0.0402   24

 155   rms: 0.1051E+04   max: -.5828E+04   C at   83  2   RLX: 0.000
       a = -4.000      CL = -0.1636
      Cm = -0.0446     CD =  0.71234   =>   CDf =  0.00517    CDp =  0.70717

 Side 1 forced transition at x/c =  1.0000   77
 Side 2  free  transition at x/c =  0.0402   24

 156   rms: 0.6243E+04   max: -.3456E+05   C at   83  2   RLX: 0.000
       a = -4.000      CL = -0.1636
      Cm = -0.0446     CD =  0.71271   =>   CDf =  0.00517    CDp =  0.70754

 Side 1 forced transition at x/c =  1.0000   77
 Side 2  free  transition at x/c =  0.0402   24

 157   rms: 0.2367E+05   max: 0.1318E+06   C at   83  2   RLX: 0.000
       a = -4.000      CL = -0.1636
      Cm = -0.0446     CD =  0.71269   =>   CDf =  0.00517    CDp =  0.70752

 Side 1 forced transition at x/c =  1.0000   77
 Side 2  free  transition at x/c =  0.0402   24

 158   rms: 0.7765E+03   max: -.4322E+04   C at   83  2   RLX: 0.000
       a = -4.000      CL = -0.1635
      Cm = -0.0446     CD =  0.71253   =>   CDf =  0.00517    CDp =  0.70736

 Side 1 forced transition at x/c =  1.0000   77
 Side 2  free  transition at x/c =  0.0402   24

 159   rms: 0.4849E+04   max: -.2684E+05   C at   83  2   RLX: 0.000
       a = -4.000      CL = -0.1635
      Cm = -0.0447     CD =  0.71303   =>   CDf =  0.00517    CDp =  0.70786

 Side 1 forced transition at x/c =  1.0000   77
 Side 2  free  transition at x/c =  0.0402   24

 160   rms: 0.2874E+05   max: 0.1599E+06   C at   83  2   RLX: 0.000
       a = -4.000      CL = -0.1635
      Cm = -0.0446     CD =  0.71303   =>   CDf =  0.00517    CDp =  0.70786

 Side 1 forced transition at x/c =  1.0000   77
 Side 2  free  transition at x/c =  0.0402   24

 161   rms: 0.8502E+03   max: -.4715E+04   C at   83  2   RLX: 0.000
       a = -4.000      CL = -0.1635
      Cm = -0.0447     CD =  0.71296   =>   CDf =  0.00517    CDp =  0.70778

 Side 1 forced transition at x/c =  1.0000   77
 Side 2  free  transition at x/c =  0.0402   24

 162   rms: 0.4466E+04   max: -.2472E+05   C at   83  2   RLX: 0.000
       a = -4.000      CL = -0.1634
      Cm = -0.0447     CD =  0.71337   =>   CDf =  0.00517    CDp =  0.70819

 Side 1 forced transition at x/c =  1.0000   77
 Side 2  free  transition at x/c =  0.0402   24

 163   rms: 0.5083E+05   max: 0.2825E+06   C at   83  2   RLX: 0.000
       a = -4.000      CL = -0.1634
      Cm = -0.0447     CD =  0.71339   =>   CDf =  0.00517    CDp =  0.70822

 Side 1 forced transition at x/c =  1.0000   77
 Side 2  free  transition at x/c =  0.0402   24

 164   rms: 0.7367E+03   max: -.4090E+04   C at   83  2   RLX: 0.000
       a = -4.000      CL = -0.1634
      Cm = -0.0447     CD =  0.71328   =>   CDf =  0.00517    CDp =  0.70811

 Side 1 forced transition at x/c =  1.0000   77
 Side 2  free  transition at x/c =  0.0402   24

 165   rms: 0.3348E+04   max: -.1853E+05   C at   83  2   RLX: 0.000
       a = -4.000      CL = -0.1633
      Cm = -0.0447     CD =  0.71374   =>   CDf =  0.00517    CDp =  0.70856

 Side 1 forced transition at x/c =  1.0000   77
 Side 2  free  transition at x/c =  0.0402   24

 166   rms: 0.1070E+06   max: 0.5941E+06   C at   83  2   RLX: 0.000
       a = -4.000      CL = -0.1634
      Cm = -0.0447     CD =  0.71378   =>   CDf =  0.00517    CDp =  0.70860

 Side 1 forced transition at x/c =  1.0000   77
 Side 2  free  transition at x/c =  0.0402   24

 167   rms: 0.4851E+03   max: -.2702E+04   C at   83  2   RLX: 0.000
       a = -4.000      CL = -0.1633
      Cm = -0.0447     CD =  0.71341   =>   CDf =  0.00517    CDp =  0.70823

 MRCHDU: Convergence failed at  24  side 2    Res =  0.9174E-05
 Side 1 forced transition at x/c =  1.0000   77
 Side 2  free  transition at x/c =  0.0402   24

 168   rms: 0.3052E+04   max: -.1689E+05   C at   83  2   RLX: 0.000
       a = -4.000      CL = -0.1633
      Cm = -0.0447     CD =  0.71422   =>   CDf =  0.00517    CDp =  0.70905

 Side 1 forced transition at x/c =  1.0000   77
 Side 2  free  transition at x/c =  0.0402   24

 169   rms: 0.2984E+06   max: -.1656E+07   C at   83  2   RLX: 0.000
       a = -4.000      CL = -0.1633
      Cm = -0.0447     CD =  0.71438   =>   CDf =  0.00517    CDp =  0.70921

 Side 1 forced transition at x/c =  1.0000   77
 Side 2  free  transition at x/c =  0.0402   24

 170   rms: 0.1137E+05   max: 0.6382E+05   C at   84  2   RLX: 0.000
       a = -4.000      CL = -0.1633
      Cm = -0.0447     CD =  0.71427   =>   CDf =  0.00517    CDp =  0.70909

 Side 1 forced transition at x/c =  1.0000   77
 Side 2  free  transition at x/c =  0.0402   24

 171   rms: 0.2301E+04   max: -.1274E+05   C at   83  2   RLX: 0.000
       a = -4.000      CL = -0.1632
      Cm = -0.0447     CD =  0.71432   =>   CDf =  0.00517    CDp =  0.70915

 Side 1 forced transition at x/c =  1.0000   77
 Side 2  free  transition at x/c =  0.0402   24

 172   rms: 0.3515E+05   max: -.1949E+06   C at   83  2   RLX: 0.000
       a = -4.000      CL = -0.1632
      Cm = -0.0447     CD =  0.71454   =>   CDf =  0.00517    CDp =  0.70936

 Side 1 forced transition at x/c =  1.0000   77
 Side 2  free  transition at x/c =  0.0402   24

 173   rms: 0.1061E+05   max: 0.5946E+05   C at   83  2   RLX: 0.000
       a = -4.000      CL = -0.1632
      Cm = -0.0447     CD =  0.71443   =>   CDf =  0.00517    CDp =  0.70925

 Side 1 forced transition at x/c =  1.0000   77
 Side 2  free  transition at x/c =  0.0402   24

 174   rms: 0.1991E+04   max: -.1102E+05   C at   83  2   RLX: 0.000
       a = -4.000      CL = -0.1632
      Cm = -0.0447     CD =  0.71452   =>   CDf =  0.00517    CDp =  0.70934

 Side 1 forced transition at x/c =  1.0000   77
 Side 2  free  transition at x/c =  0.0402   24

 175   rms: 0.1987E+05   max: -.1101E+06   C at   83  2   RLX: 0.000
       a = -4.000      CL = -0.1632
      Cm = -0.0447     CD =  0.71471   =>   CDf =  0.00517    CDp =  0.70954

 Side 1 forced transition at x/c =  1.0000   77
 Side 2  free  transition at x/c =  0.0402   24

 176   rms: 0.1168E+05   max: 0.6530E+05   C at   83  2   RLX: 0.000
       a = -4.000      CL = -0.1632
      Cm = -0.0447     CD =  0.71461   =>   CDf =  0.00517    CDp =  0.70944

 Side 1 forced transition at x/c =  1.0000   77
 Side 2  free  transition at x/c =  0.0402   24

 177   rms: 0.1597E+04   max: -.8850E+04   C at   83  2   RLX: 0.000
       a = -4.000      CL = -0.1632
      Cm = -0.0447     CD =  0.71467   =>   CDf =  0.00517    CDp =  0.70949

 Side 1 forced transition at x/c =  1.0000   77
 Side 2  free  transition at x/c =  0.0402   24

 178   rms: 0.1183E+05   max: -.6557E+05   C at   83  2   RLX: 0.000
       a = -4.000      CL = -0.1632
      Cm = -0.0447     CD =  0.71492   =>   CDf =  0.00517    CDp =  0.70975

 Side 1 forced transition at x/c =  1.0000   77
 Side 2  free  transition at x/c =  0.0402   24

 179   rms: 0.1469E+05   max: 0.8205E+05   C at   83  2   RLX: 0.000
       a = -4.000      CL = -0.1632
      Cm = -0.0447     CD =  0.71485   =>   CDf =  0.00517    CDp =  0.70967

 Side 1 forced transition at x/c =  1.0000   77
 Side 2  free  transition at x/c =  0.0402   24

 180   rms: 0.1408E+04   max: -.7808E+04   C at   83  2   RLX: 0.000
       a = -4.000      CL = -0.1631
      Cm = -0.0447     CD =  0.71488   =>   CDf =  0.00517    CDp =  0.70971

 Side 1 forced transition at x/c =  1.0000   77
 Side 2  free  transition at x/c =  0.0402   24

 181   rms: 0.7359E+04   max: -.4077E+05   C at   83  2   RLX: 0.000
       a = -4.000      CL = -0.1631
      Cm = -0.0447     CD =  0.71513   =>   CDf =  0.00517    CDp =  0.70996

 Side 1 forced transition at x/c =  1.0000   77
 Side 2  free  transition at x/c =  0.0402   24

 182   rms: 0.1555E+05   max: 0.8669E+05   C at   83  2   RLX: 0.000
       a = -4.000      CL = -0.1631
      Cm = -0.0447     CD =  0.71509   =>   CDf =  0.00517    CDp =  0.70991

 Side 1 forced transition at x/c =  1.0000   77
 Side 2  free  transition at x/c =  0.0402   24

 183   rms: 0.1192E+04   max: -.6614E+04   C at   83  2   RLX: 0.000
       a = -4.000      CL = -0.1631
      Cm = -0.0447     CD =  0.71511   =>   CDf =  0.00517    CDp =  0.70994

 Side 1 forced transition at x/c =  1.0000   77
 Side 2  free  transition at x/c =  0.0402   24

 184   rms: 0.6442E+04   max: -.3568E+05   C at   83  2   RLX: 0.000
       a = -4.000      CL = -0.1630
      Cm = -0.0447     CD =  0.71540   =>   CDf =  0.00517    CDp =  0.71023

 Side 1 forced transition at x/c =  1.0000   77
 Side 2  free  transition at x/c =  0.0402   24

 185   rms: 0.2158E+05   max: 0.1202E+06   C at   83  2   RLX: 0.000
       a = -4.000      CL = -0.1630
      Cm = -0.0447     CD =  0.71537   =>   CDf =  0.00517    CDp =  0.71019

 Side 1 forced transition at x/c =  1.0000   77
 Side 2  free  transition at x/c =  0.0402   24

 186   rms: 0.1070E+04   max: -.5932E+04   C at   83  2   RLX: 0.000
       a = -4.000      CL = -0.1630
      Cm = -0.0448     CD =  0.71535   =>   CDf =  0.00517    CDp =  0.71018

 Side 1 forced transition at x/c =  1.0000   77
 Side 2  free  transition at x/c =  0.0402   24

 187   rms: 0.5574E+04   max: -.3086E+05   C at   83  2   RLX: 0.000
       a = -4.000      CL = -0.1630
      Cm = -0.0448     CD =  0.71570   =>   CDf =  0.00517    CDp =  0.71052

 Side 1 forced transition at x/c =  1.0000   77
 Side 2  free  transition at x/c =  0.0402   24

 188   rms: 0.2890E+05   max: 0.1609E+06   C at   83  2   RLX: 0.000
       a = -4.000      CL = -0.1630
      Cm = -0.0447     CD =  0.71569   =>   CDf =  0.00517    CDp =  0.71052

 Side 1 forced transition at x/c =  1.0000   77
 Side 2  free  transition at x/c =  0.0402   24

 189   rms: 0.9083E+03   max: -.5040E+04   C at   83  2   RLX: 0.000
       a = -4.000      CL = -0.1629
      Cm = -0.0448     CD =  0.71565   =>   CDf =  0.00517    CDp =  0.71047

 Side 1 forced transition at x/c =  1.0000   77
 Side 2  free  transition at x/c =  0.0402   24

 190   rms: 0.4667E+04   max: -.2584E+05   C at   83  2   RLX: 0.000
       a = -4.000      CL = -0.1629
      Cm = -0.0448     CD =  0.71599   =>   CDf =  0.00517    CDp =  0.71081

 Side 1 forced transition at x/c =  1.0000   77
 Side 2  free  transition at x/c =  0.0402   24

 191   rms: 0.3572E+05   max: 0.1987E+06   C at   83  2   RLX: 0.000
       a = -4.000      CL = -0.1629
      Cm = -0.0448     CD =  0.71599   =>   CDf =  0.00517    CDp =  0.71082

 Side 1 forced transition at x/c =  1.0000   77
 Side 2  free  transition at x/c =  0.0402   24

 192   rms: 0.8525E+03   max: -.4726E+04   C at   83  2   RLX: 0.000
       a = -4.000      CL = -0.1629
      Cm = -0.0448     CD =  0.71600   =>   CDf =  0.00517    CDp =  0.71083

 Side 1 forced transition at x/c =  1.0000   77
 Side 2  free  transition at x/c =  0.0402   24

 193   rms: 0.3838E+04   max: -.2125E+05   C at   83  2   RLX: 0.000
       a = -4.000      CL = -0.1628
      Cm = -0.0448     CD =  0.71630   =>   CDf =  0.00517    CDp =  0.71113

 Side 1 forced transition at x/c =  1.0000   77
 Side 2  free  transition at x/c =  0.0402   24

 194   rms: 0.4644E+05   max: 0.2580E+06   C at   83  2   RLX: 0.000
       a = -4.000      CL = -0.1628
      Cm = -0.0448     CD =  0.71631   =>   CDf =  0.00517    CDp =  0.71114

 Side 1 forced transition at x/c =  1.0000   77
 Side 2  free  transition at x/c =  0.0402   24

 195   rms: 0.7211E+03   max: -.4002E+04   C at   83  2   RLX: 0.000
       a = -4.000      CL = -0.1628
      Cm = -0.0448     CD =  0.71622   =>   CDf =  0.00517    CDp =  0.71105

 Side 1 forced transition at x/c =  1.0000   77
 Side 2  free  transition at x/c =  0.0402   24

 196   rms: 0.3887E+04   max: -.2152E+05   C at   83  2   RLX: 0.000
       a = -4.000      CL = -0.1627
      Cm = -0.0448     CD =  0.71664   =>   CDf =  0.00517    CDp =  0.71147

 MRCHDU: Convergence failed at  24  side 2    Res =  0.9633E-05
 Side 1 forced transition at x/c =  1.0000   77
 Side 2  free  transition at x/c =  0.0402   24

 197   rms: 0.6240E+05   max: 0.3465E+06   C at   83  2   RLX: 0.000
       a = -4.000      CL = -0.1627
      Cm = -0.0448     CD =  0.71668   =>   CDf =  0.00517    CDp =  0.71150

 Side 1 forced transition at x/c =  1.0000   77
 Side 2  free  transition at x/c =  0.0402   24

 198   rms: 0.7336E+03   max: -.4082E+04   C at   83  2   RLX: 0.000
       a = -4.000      CL = -0.1627
      Cm = -0.0448     CD =  0.71666   =>   CDf =  0.00517    CDp =  0.71148

 Side 1 forced transition at x/c =  1.0000   77
 Side 2  free  transition at x/c =  0.0402   24

 199   rms: 0.3720E+04   max: -.2059E+05   C at   83  2   RLX: 0.000
       a = -4.000      CL = -0.1626
      Cm = -0.0448     CD =  0.71708   =>   CDf =  0.00517    CDp =  0.71191

 Side 1 forced transition at x/c =  1.0000   77
 Side 2  free  transition at x/c =  0.0402   24

 200   rms: 0.1012E+06   max: 0.5619E+06   C at   83  2   RLX: 0.000
       a = -4.000      CL = -0.1627
      Cm = -0.0448     CD =  0.71712   =>   CDf =  0.00517    CDp =  0.71195

 Side 1 forced transition at x/c =  1.0000   77
 Side 2  free  transition at x/c =  0.0402   24

 201   rms: 0.7743E+03   max: -.4295E+04   C at   83  2   RLX: 0.000
       a = -4.000      CL = -0.1626
      Cm = -0.0448     CD =  0.71722   =>   CDf =  0.00517    CDp =  0.71204

 Side 1 forced transition at x/c =  1.0000   77
 Side 2  free  transition at x/c =  0.0402   24

 202   rms: 0.3400E+04   max: -.1880E+05   C at   83  2   RLX: 0.000
       a = -4.000      CL = -0.1626
      Cm = -0.0448     CD =  0.71756   =>   CDf =  0.00517    CDp =  0.71239

 Side 1 forced transition at x/c =  1.0000   77
 Side 2  free  transition at x/c =  0.0402   24

 203   rms: 0.1565E+06   max: 0.8681E+06   C at   83  2   RLX: 0.000
       a = -4.000      CL = -0.1626
      Cm = -0.0448     CD =  0.71763   =>   CDf =  0.00517    CDp =  0.71246

 Side 1 forced transition at x/c =  1.0000   77
 Side 2  free  transition at x/c =  0.0402   24

 204   rms: 0.7411E+03   max: -.4119E+04   C at   83  2   RLX: 0.000
       a = -4.000      CL = -0.1625
      Cm = -0.0448     CD =  0.71779   =>   CDf =  0.00517    CDp =  0.71261

 Side 1 forced transition at x/c =  1.0000   77
 Side 2  free  transition at x/c =  0.0402   24

 205   rms: 0.3988E+04   max: -.2206E+05   C at   83  2   RLX: 0.000
       a = -4.000      CL = -0.1625
      Cm = -0.0449     CD =  0.71817   =>   CDf =  0.00517    CDp =  0.71300

 Side 1 forced transition at x/c =  1.0000   77
 Side 2  free  transition at x/c =  0.0402   24

 206   rms: 0.1875E+06   max: 0.1039E+07   C at   83  2   RLX: 0.000
       a = -4.000      CL = -0.1625
      Cm = -0.0448     CD =  0.71823   =>   CDf =  0.00517    CDp =  0.71306

 Side 1 forced transition at x/c =  1.0000   77
 Side 2  free  transition at x/c =  0.0402   24

 207   rms: 0.8820E+03   max: -.4904E+04   C at   83  2   RLX: 0.000
       a = -4.000      CL = -0.1624
      Cm = -0.0449     CD =  0.71850   =>   CDf =  0.00517    CDp =  0.71332

 Side 1 forced transition at x/c =  1.0000   77
 Side 2  free  transition at x/c =  0.0402   24

 208   rms: 0.4308E+04   max: -.2382E+05   C at   83  2   RLX: 0.000
       a = -4.000      CL = -0.1624
      Cm = -0.0449     CD =  0.71891   =>   CDf =  0.00517    CDp =  0.71373

 Side 1 forced transition at x/c =  1.0000   77
 Side 2  free  transition at x/c =  0.0402   24

 209   rms: 0.1325E+06   max: 0.7344E+06   C at   83  2   RLX: 0.000
       a = -4.000      CL = -0.1624
      Cm = -0.0449     CD =  0.71897   =>   CDf =  0.00517    CDp =  0.71379

 Side 1 forced transition at x/c =  1.0000   77
 Side 2  free  transition at x/c =  0.0402   24

 210   rms: 0.9085E+03   max: -.5041E+04   C at   83  2   RLX: 0.000
       a = -4.000      CL = -0.1623
      Cm = -0.0449     CD =  0.71933   =>   CDf =  0.00517    CDp =  0.71415

 Side 1 forced transition at x/c =  1.0000   77
 Side 2  free  transition at x/c =  0.0402   24

 211   rms: 0.4224E+04   max: -.2334E+05   C at   83  2   RLX: 0.000
       a = -4.000      CL = -0.1623
      Cm = -0.0449     CD =  0.71972   =>   CDf =  0.00517    CDp =  0.71455

 Side 1 forced transition at x/c =  1.0000   77
 Side 2  free  transition at x/c =  0.0402   24

 212   rms: 0.8033E+05   max: 0.4450E+06   C at   83  2   RLX: 0.000
       a = -4.000      CL = -0.1623
      Cm = -0.0449     CD =  0.71979   =>   CDf =  0.00517    CDp =  0.71462

 Side 1 forced transition at x/c =  1.0000   77
 Side 2  free  transition at x/c =  0.0402   24

 213   rms: 0.1022E+04   max: -.5665E+04   C at   83  2   RLX: 0.000
       a = -4.000      CL = -0.1622
      Cm = -0.0449     CD =  0.72025   =>   CDf =  0.00517    CDp =  0.71508

 Side 1 forced transition at x/c =  1.0000   77
 Side 2  free  transition at x/c =  0.0402   24

 214   rms: 0.5058E+04   max: -.2794E+05   C at   83  2   RLX: 0.000
       a = -4.000      CL = -0.1622
      Cm = -0.0449     CD =  0.72063   =>   CDf =  0.00517    CDp =  0.71546

 Side 1 forced transition at x/c =  1.0000   77
 Side 2  free  transition at x/c =  0.0402   24

 215   rms: 0.5962E+05   max: 0.3301E+06   C at   83  2   RLX: 0.000
       a = -4.000      CL = -0.1622
      Cm = -0.0449     CD =  0.72070   =>   CDf =  0.00517    CDp =  0.71553

 Side 1 forced transition at x/c =  1.0000   77
 Side 2  free  transition at x/c =  0.0402   24

 216   rms: 0.1114E+04   max: -.6179E+04   C at   83  2   RLX: 0.000
       a = -4.000      CL = -0.1621
      Cm = -0.0450     CD =  0.72124   =>   CDf =  0.00517    CDp =  0.71607

 Side 1 forced transition at x/c =  1.0000   77
 Side 2  free  transition at x/c =  0.0402   24

 217   rms: 0.5996E+04   max: -.3313E+05   C at   83  2   RLX: 0.000
       a = -4.000      CL = -0.1621
      Cm = -0.0450     CD =  0.72164   =>   CDf =  0.00517    CDp =  0.71646

 Side 1 forced transition at x/c =  1.0000   77
 Side 2  free  transition at x/c =  0.0402   24

 218   rms: 0.3640E+05   max: 0.2015E+06   C at   83  2   RLX: 0.000
       a = -4.000      CL = -0.1621
      Cm = -0.0450     CD =  0.72170   =>   CDf =  0.00517    CDp =  0.71652

 Side 1 forced transition at x/c =  1.0000   77
 Side 2  free  transition at x/c =  0.0402   24

 219   rms: 0.1200E+04   max: -.6650E+04   C at   83  2   RLX: 0.000
       a = -4.000      CL = -0.1620
      Cm = -0.0450     CD =  0.72229   =>   CDf =  0.00517    CDp =  0.71712

 Side 1 forced transition at x/c =  1.0000   77
 Side 2  free  transition at x/c =  0.0402   24

 220   rms: 0.8402E+04   max: -.4640E+05   C at   83  2   RLX: 0.000
       a = -4.000      CL = -0.1620
      Cm = -0.0450     CD =  0.72275   =>   CDf =  0.00517    CDp =  0.71758

 Side 1 forced transition at x/c =  1.0000   77
 Side 2  free  transition at x/c =  0.0402   24

 221   rms: 0.2915E+05   max: 0.1613E+06   C at   83  2   RLX: 0.000
       a = -4.000      CL = -0.1620
      Cm = -0.0450     CD =  0.72280   =>   CDf =  0.00517    CDp =  0.71763

 Side 1 forced transition at x/c =  1.0000   77
 Side 2  free  transition at x/c =  0.0402   24

 222   rms: 0.1319E+04   max: -.7315E+04   C at   83  2   RLX: 0.000
       a = -4.000      CL = -0.1619
      Cm = -0.0450     CD =  0.72345   =>   CDf =  0.00517    CDp =  0.71828

 Side 1 forced transition at x/c =  1.0000   77
 Side 2  free  transition at x/c =  0.0402   24

 223   rms: 0.1026E+05   max: -.5666E+05   C at   83  2   RLX: 0.000
       a = -4.000      CL = -0.1618
      Cm = -0.0451     CD =  0.72398   =>   CDf =  0.00517    CDp =  0.71880

 Side 1 forced transition at x/c =  1.0000   77
 Side 2  free  transition at x/c =  0.0402   24

 224   rms: 0.2318E+05   max: 0.1283E+06   C at   83  2   RLX: 0.000
       a = -4.000      CL = -0.1618
      Cm = -0.0450     CD =  0.72403   =>   CDf =  0.00517    CDp =  0.71886

 Side 1 forced transition at x/c =  1.0000   77
 Side 2  free  transition at x/c =  0.0402   24

 225   rms: 0.1705E+04   max: -.9450E+04   C at   83  2   RLX: 0.000
       a = -4.000      CL = -0.1617
      Cm = -0.0451     CD =  0.72478   =>   CDf =  0.00517    CDp =  0.71960

 Side 1 forced transition at x/c =  1.0000   77
 Side 2  free  transition at x/c =  0.0402   24

 226   rms: 0.1602E+05   max: -.8843E+05   C at   83  2   RLX: 0.000
       a = -4.000      CL = -0.1617
      Cm = -0.0451     CD =  0.72529   =>   CDf =  0.00517    CDp =  0.72012

 Side 1 forced transition at x/c =  1.0000   77
 Side 2  free  transition at x/c =  0.0402   24

 227   rms: 0.1932E+05   max: 0.1068E+06   C at   83  2   RLX: 0.000
       a = -4.000      CL = -0.1617
      Cm = -0.0451     CD =  0.72535   =>   CDf =  0.00517    CDp =  0.72017

 Side 1 forced transition at x/c =  1.0000   77
 Side 2  free  transition at x/c =  0.0402   24

 228   rms: 0.1893E+04   max: -.1050E+05   C at   83  2   RLX: 0.000
       a = -4.000      CL = -0.1616
      Cm = -0.0451     CD =  0.72614   =>   CDf =  0.00517    CDp =  0.72097

 Side 1 forced transition at x/c =  1.0000   77
 Side 2  free  transition at x/c =  0.0402   24

 229   rms: 0.2665E+05   max: -.1471E+06   C at   83  2   RLX: 0.000
       a = -4.000      CL = -0.1616
      Cm = -0.0451     CD =  0.72670   =>   CDf =  0.00518    CDp =  0.72152

 Side 1 forced transition at x/c =  1.0000   77
 Side 2  free  transition at x/c =  0.0402   24

 230   rms: 0.1637E+05   max: 0.9053E+05   C at   83  2   RLX: 0.000
       a = -4.000      CL = -0.1616
      Cm = -0.0451     CD =  0.72674   =>   CDf =  0.00518    CDp =  0.72156

 Side 1 forced transition at x/c =  1.0000   77
 Side 2  free  transition at x/c =  0.0402   24

 231   rms: 0.2108E+04   max: -.1168E+05   C at   83  2   RLX: 0.000
       a = -4.000      CL = -0.1615
      Cm = -0.0452     CD =  0.72760   =>   CDf =  0.00518    CDp =  0.72243

 Side 1 forced transition at x/c =  1.0000   77
 Side 2  free  transition at x/c =  0.0402   24

 232   rms: 0.5123E+05   max: -.2827E+06   C at   83  2   RLX: 0.000
       a = -4.000      CL = -0.1614
      Cm = -0.0452     CD =  0.72816   =>   CDf =  0.00518    CDp =  0.72299

 Side 1 forced transition at x/c =  1.0000   77
 Side 2  free  transition at x/c =  0.0402   24

 233   rms: 0.1642E+05   max: 0.9078E+05   C at   83  2   RLX: 0.000
       a = -4.000      CL = -0.1615
      Cm = -0.0452     CD =  0.72821   =>   CDf =  0.00518    CDp =  0.72303

 Side 1 forced transition at x/c =  1.0000   77
 Side 2  free  transition at x/c =  0.0402   24

 234   rms: 0.2604E+04   max: -.1443E+05   C at   83  2   RLX: 0.000
       a = -4.000      CL = -0.1613
      Cm = -0.0452     CD =  0.72913   =>   CDf =  0.00518    CDp =  0.72395

 Side 1 forced transition at x/c =  1.0000   77
 Side 2  free  transition at x/c =  0.0402   24

 235   rms: 0.5742E+06   max: -.3168E+07   C at   83  2   RLX: 0.000
       a = -4.000      CL = -0.1613
      Cm = -0.0452     CD =  0.72971   =>   CDf =  0.00518    CDp =  0.72454

 Side 1 forced transition at x/c =  1.0000   77
 Side 2  free  transition at x/c =  0.0402   24

 236   rms: 0.1455E+05   max: 0.8045E+05   C at   83  2   RLX: 0.000
       a = -4.000      CL = -0.1613
      Cm = -0.0452     CD =  0.72976   =>   CDf =  0.00518    CDp =  0.72458

 Side 1 forced transition at x/c =  1.0000   77
 Side 2  free  transition at x/c =  0.0402   24

 237   rms: 0.2725E+04   max: -.1511E+05   C at   83  2   RLX: 0.000
       a = -4.000      CL = -0.1612
      Cm = -0.0453     CD =  0.73071   =>   CDf =  0.00518    CDp =  0.72554

 Side 1 forced transition at x/c =  1.0000   77
 Side 2  free  transition at x/c =  0.0402   24

 238   rms: 0.1072E+06   max: 0.5913E+06   C at   83  2   RLX: 0.000
       a = -4.000      CL = -0.1613
      Cm = -0.0452     CD =  0.73123   =>   CDf =  0.00518    CDp =  0.72605

 Side 1 forced transition at x/c =  1.0000   77
 Side 2  free  transition at x/c =  0.0402   24

 239   rms: 0.7135E+03   max: -.3998E+04   C at   83  2   RLX: 0.000
       a = -4.000      CL = -0.1609
      Cm = -0.0453     CD =  0.73361   =>   CDf =  0.00518    CDp =  0.72843

 Side 1 forced transition at x/c =  1.0000   77
 Side 2  free  transition at x/c =  0.0402   24

 240   rms: 0.4793E+04   max: -.2655E+05   C at   83  2   RLX: 0.000
       a = -4.000      CL = -0.1608
      Cm = -0.0454     CD =  0.73514   =>   CDf =  0.00518    CDp =  0.72997

 Side 1 forced transition at x/c =  1.0000   77
 Side 2  free  transition at x/c =  0.0402   24

 241   rms: 0.2757E+05   max: 0.1521E+06   C at   83  2   RLX: 0.000
       a = -4.000      CL = -0.1609
      Cm = -0.0453     CD =  0.73555   =>   CDf =  0.00518    CDp =  0.73037

 Side 1 forced transition at x/c =  1.0000   77
 Side 2  free  transition at x/c =  0.0402   24

 242   rms: 0.7636E+03   max: -.4274E+04   C at   83  2   RLX: 0.000
       a = -4.000      CL = -0.1605
      Cm = -0.0455     CD =  0.73787   =>   CDf =  0.00518    CDp =  0.73269

 Side 1 forced transition at x/c =  1.0000   77
 Side 2  free  transition at x/c =  0.0402   24

 243   rms: 0.6107E+04   max: -.3383E+05   C at   83  2   RLX: 0.000
       a = -4.000      CL = -0.1604
      Cm = -0.0455     CD =  0.73936   =>   CDf =  0.00518    CDp =  0.73418

 Side 1 forced transition at x/c =  1.0000   77
 Side 2  free  transition at x/c =  0.0402   24

 244   rms: 0.2388E+05   max: 0.1318E+06   C at   83  2   RLX: 0.000
       a = -4.000      CL = -0.1605
      Cm = -0.0455     CD =  0.73971   =>   CDf =  0.00518    CDp =  0.73453

 Side 1 forced transition at x/c =  1.0000   77
 Side 2  free  transition at x/c =  0.0402   24

 245   rms: 0.8104E+03   max: -.4535E+04   C at   83  2   RLX: 0.000
       a = -4.000      CL = -0.1602
      Cm = -0.0456     CD =  0.74194   =>   CDf =  0.00518    CDp =  0.73676

 Side 1 forced transition at x/c =  1.0000   77
 Side 2  free  transition at x/c =  0.0402   24

 246   rms: 0.6131E+04   max: -.3395E+05   C at   83  2   RLX: 0.000
       a = -4.000      CL = -0.1601
      Cm = -0.0457     CD =  0.74337   =>   CDf =  0.00518    CDp =  0.73819

 Side 1 forced transition at x/c =  1.0000   77
 Side 2  free  transition at x/c =  0.0402   24

 247   rms: 0.2657E+05   max: 0.1466E+06   C at   83  2   RLX: 0.000
       a = -4.000      CL = -0.1601
      Cm = -0.0456     CD =  0.74366   =>   CDf =  0.00518    CDp =  0.73848

 Side 1 forced transition at x/c =  1.0000   77
 Side 2  free  transition at x/c =  0.0402   24

 248   rms: 0.8894E+03   max: -.4977E+04   C at   83  2   RLX: 0.000
       a = -4.000      CL = -0.1598
      Cm = -0.0457     CD =  0.74581   =>   CDf =  0.00518    CDp =  0.74063

 Side 1 forced transition at x/c =  1.0000   77
 Side 2  free  transition at x/c =  0.0402   24

 249   rms: 0.5531E+04   max: -.3062E+05   C at   83  2   RLX: 0.000
       a = -4.000      CL = -0.1597
      Cm = -0.0458     CD =  0.74716   =>   CDf =  0.00518    CDp =  0.74198

 Side 1 forced transition at x/c =  1.0000   77
 Side 2  free  transition at x/c =  0.0402   24

 250   rms: 0.2768E+05   max: 0.1527E+06   C at   83  2   RLX: 0.000
       a = -4.000      CL = -0.1598
      Cm = -0.0457     CD =  0.74742   =>   CDf =  0.00518    CDp =  0.74224

 Side 1 forced transition at x/c =  1.0000   77
 Side 2  free  transition at x/c =  0.0402   24

 251   rms: 0.9091E+03   max: -.5088E+04   C at   83  2   RLX: 0.000
       a = -4.000      CL = -0.1595
      Cm = -0.0458     CD =  0.74947   =>   CDf =  0.00518    CDp =  0.74428

 Side 1 forced transition at x/c =  1.0000   77
 Side 2  free  transition at x/c =  0.0402   24

 252   rms: 0.5888E+04   max: -.3258E+05   C at   83  2   RLX: 0.000
       a = -4.000      CL = -0.1594
      Cm = -0.0459     CD =  0.75084   =>   CDf =  0.00518    CDp =  0.74566

 Side 1 forced transition at x/c =  1.0000   77
 Side 2  free  transition at x/c =  0.0402   24

 253   rms: 0.3321E+05   max: 0.1833E+06   C at   83  2   RLX: 0.000
       a = -4.000      CL = -0.1595
      Cm = -0.0458     CD =  0.75108   =>   CDf =  0.00518    CDp =  0.74589

 Side 1 forced transition at x/c =  1.0000   77
 Side 2  free  transition at x/c =  0.0402   24

 254   rms: 0.8697E+03   max: -.4864E+04   C at   83  2   RLX: 0.000
       a = -4.000      CL = -0.1592
      Cm = -0.0460     CD =  0.75302   =>   CDf =  0.00518    CDp =  0.74784

 Side 1 forced transition at x/c =  1.0000   77
 Side 2  free  transition at x/c =  0.0402   24

 255   rms: 0.5637E+04   max: -.3119E+05   C at   83  2   RLX: 0.000
       a = -4.000      CL = -0.1591
      Cm = -0.0460     CD =  0.75434   =>   CDf =  0.00518    CDp =  0.74915

 Side 1 forced transition at x/c =  1.0000   77
 Side 2  free  transition at x/c =  0.0402   24

 256   rms: 0.2925E+05   max: 0.1614E+06   C at   83  2   RLX: 0.000
       a = -4.000      CL = -0.1592
      Cm = -0.0459     CD =  0.75453   =>   CDf =  0.00519    CDp =  0.74935

 Side 1 forced transition at x/c =  1.0000   77
 Side 2  free  transition at x/c =  0.0402   24

 257   rms: 0.7805E+03   max: -.4363E+04   C at   83  2   RLX: 0.000
       a = -4.000      CL = -0.1589
      Cm = -0.0461     CD =  0.75637   =>   CDf =  0.00518    CDp =  0.75118

 Side 1 forced transition at x/c =  1.0000   77
 Side 2  free  transition at x/c =  0.0402   24

 258   rms: 0.5330E+04   max: -.2949E+05   C at   83  2   RLX: 0.000
       a = -4.000      CL = -0.1588
      Cm = -0.0461     CD =  0.75769   =>   CDf =  0.00519    CDp =  0.75251

 Side 1 forced transition at x/c =  1.0000   77
 Side 2  free  transition at x/c =  0.0402   24

 259   rms: 0.3458E+05   max: 0.1908E+06   C at   83  2   RLX: 0.000
       a = -4.000      CL = -0.1589
      Cm = -0.0460     CD =  0.75787   =>   CDf =  0.00519    CDp =  0.75269

 Side 1 forced transition at x/c =  1.0000   77
 Side 2  free  transition at x/c =  0.0402   24

 260   rms: 0.8590E+03   max: -.4792E+04   C at   83  2   RLX: 0.000
       a = -4.000      CL = -0.1586
      Cm = -0.0462     CD =  0.75969   =>   CDf =  0.00519    CDp =  0.75450

 Side 1 forced transition at x/c =  1.0000   77
 Side 2  free  transition at x/c =  0.0402   24

 261   rms: 0.5224E+04   max: -.2891E+05   C at   83  2   RLX: 0.000
       a = -4.000      CL = -0.1585
      Cm = -0.0462     CD =  0.76088   =>   CDf =  0.00519    CDp =  0.75569

 Side 1 forced transition at x/c =  1.0000   77
 Side 2  free  transition at x/c =  0.0402   24

 262   rms: 0.3321E+05   max: 0.1833E+06   C at   83  2   RLX: 0.000
       a = -4.000      CL = -0.1586
      Cm = -0.0461     CD =  0.76105   =>   CDf =  0.00519    CDp =  0.75586

 Side 1 forced transition at x/c =  1.0000   77
 Side 2  free  transition at x/c =  0.0402   24

 263   rms: 0.9215E+03   max: -.5144E+04   C at   83  2   RLX: 0.000
       a = -4.000      CL = -0.1583
      Cm = -0.0463     CD =  0.76284   =>   CDf =  0.00519    CDp =  0.75765

 Side 1 forced transition at x/c =  1.0000   77
 Side 2  free  transition at x/c =  0.0402   24

 264   rms: 0.5443E+04   max: -.3011E+05   C at   83  2   RLX: 0.000
       a = -4.000      CL = -0.1582
      Cm = -0.0463     CD =  0.76402   =>   CDf =  0.00519    CDp =  0.75883

 Side 1 forced transition at x/c =  1.0000   77
 Side 2  free  transition at x/c =  0.0402   24

 265   rms: 0.3350E+05   max: 0.1849E+06   C at   83  2   RLX: 0.000
       a = -4.000      CL = -0.1583
      Cm = -0.0462     CD =  0.76416   =>   CDf =  0.00519    CDp =  0.75897

 Side 1 forced transition at x/c =  1.0000   77
 Side 2  free  transition at x/c =  0.0402   24

 266   rms: 0.9845E+03   max: -.5493E+04   C at   83  2   RLX: 0.000
       a = -4.000      CL = -0.1580
      Cm = -0.0463     CD =  0.76594   =>   CDf =  0.00519    CDp =  0.76075

 Side 1 forced transition at x/c =  1.0000   77
 Side 2  free  transition at x/c =  0.0402   24

 267   rms: 0.5206E+04   max: -.2881E+05   C at   83  2   RLX: 0.000
       a = -4.000      CL = -0.1580
      Cm = -0.0464     CD =  0.76700   =>   CDf =  0.00519    CDp =  0.76181

 Side 1 forced transition at x/c =  1.0000   77
 Side 2  free  transition at x/c =  0.0402   24

 268   rms: 0.3509E+05   max: 0.1937E+06   C at   83  2   RLX: 0.000
       a = -4.000      CL = -0.1580
      Cm = -0.0463     CD =  0.76713   =>   CDf =  0.00519    CDp =  0.76194

 Side 1 forced transition at x/c =  1.0000   77
 Side 2  free  transition at x/c =  0.0402   24

 269   rms: 0.9671E+03   max: -.5393E+04   C at   83  2   RLX: 0.000
       a = -4.000      CL = -0.1578
      Cm = -0.0464     CD =  0.76888   =>   CDf =  0.00519    CDp =  0.76369

 Side 1 forced transition at x/c =  1.0000   77
 Side 2  free  transition at x/c =  0.0402   24

 270   rms: 0.5748E+04   max: -.3179E+05   C at   83  2   RLX: 0.000
       a = -4.000      CL = -0.1577
      Cm = -0.0465     CD =  0.76996   =>   CDf =  0.00519    CDp =  0.76477

 Side 1 forced transition at x/c =  1.0000   77
 Side 2  free  transition at x/c =  0.0402   24

 271   rms: 0.3380E+05   max: 0.1867E+06   C at   83  2   RLX: 0.000
       a = -4.000      CL = -0.1578
      Cm = -0.0464     CD =  0.77006   =>   CDf =  0.00519    CDp =  0.76487

 Side 1 forced transition at x/c =  1.0000   77
 Side 2  free  transition at x/c =  0.0402   24

 272   rms: 0.9601E+03   max: -.5352E+04   C at   83  2   RLX: 0.000
       a = -4.000      CL = -0.1575
      Cm = -0.0465     CD =  0.77173   =>   CDf =  0.00519    CDp =  0.76654

 Side 1 forced transition at x/c =  1.0000   77
 Side 2  free  transition at x/c =  0.0402   24

 273   rms: 0.5482E+04   max: -.3033E+05   C at   83  2   RLX: 0.000
       a = -4.000      CL = -0.1575
      Cm = -0.0466     CD =  0.77281   =>   CDf =  0.00519    CDp =  0.76762

 Side 1 forced transition at x/c =  1.0000   77
 Side 2  free  transition at x/c =  0.0402   24

 274   rms: 0.3202E+05   max: 0.1768E+06   C at   83  2   RLX: 0.000
       a = -4.000      CL = -0.1575
      Cm = -0.0465     CD =  0.77289   =>   CDf =  0.00519    CDp =  0.76770

 Side 1 forced transition at x/c =  1.0000   77
 Side 2  free  transition at x/c =  0.0402   24

 275   rms: 0.1013E+04   max: -.5646E+04   C at   83  2   RLX: 0.000
       a = -4.000      CL = -0.1573
      Cm = -0.0466     CD =  0.77455   =>   CDf =  0.00519    CDp =  0.76936

 Side 1 forced transition at x/c =  1.0000   77
 Side 2  free  transition at x/c =  0.0402   24

 276   rms: 0.5459E+04   max: -.3021E+05   C at   83  2   RLX: 0.000
       a = -4.000      CL = -0.1572
      Cm = -0.0466     CD =  0.77557   =>   CDf =  0.00519    CDp =  0.77038

 Side 1 forced transition at x/c =  1.0000   77
 Side 2  free  transition at x/c =  0.0402   24

 277   rms: 0.3348E+05   max: 0.1849E+06   C at   83  2   RLX: 0.000
       a = -4.000      CL = -0.1573
      Cm = -0.0466     CD =  0.77566   =>   CDf =  0.00519    CDp =  0.77047

 Side 1 forced transition at x/c =  1.0000   77
 Side 2  free  transition at x/c =  0.0402   24

 278   rms: 0.1019E+04   max: -.5685E+04   C at   83  2   RLX: 0.000
       a = -4.000      CL = -0.1570
      Cm = -0.0467     CD =  0.77729   =>   CDf =  0.00519    CDp =  0.77210

 Side 1 forced transition at x/c =  1.0000   77
 Side 2  free  transition at x/c =  0.0402   24

 279   rms: 0.4850E+04   max: -.2684E+05   C at   83  2   RLX: 0.000
       a = -4.000      CL = -0.1570
      Cm = -0.0467     CD =  0.77831   =>   CDf =  0.00519    CDp =  0.77312

 Side 1 forced transition at x/c =  1.0000   77
 Side 2  free  transition at x/c =  0.0402   24

 280   rms: 0.3247E+05   max: 0.1794E+06   C at   83  2   RLX: 0.000
       a = -4.000      CL = -0.1570
      Cm = -0.0467     CD =  0.77838   =>   CDf =  0.00519    CDp =  0.77319

 Side 1 forced transition at x/c =  1.0000   77
 Side 2  free  transition at x/c =  0.0402   24

 281   rms: 0.9613E+03   max: -.5359E+04   C at   83  2   RLX: 0.000
       a = -4.000      CL = -0.1568
      Cm = -0.0468     CD =  0.77994   =>   CDf =  0.00519    CDp =  0.77475

 Side 1 forced transition at x/c =  1.0000   77
 Side 2  free  transition at x/c =  0.0402   24

 282   rms: 0.5732E+04   max: -.3171E+05   C at   83  2   RLX: 0.000
       a = -4.000      CL = -0.1567
      Cm = -0.0468     CD =  0.78101   =>   CDf =  0.00519    CDp =  0.77581

 Side 1 forced transition at x/c =  1.0000   77
 Side 2  free  transition at x/c =  0.0402   24

 283   rms: 0.2837E+05   max: 0.1567E+06   C at   83  2   RLX: 0.000
       a = -4.000      CL = -0.1568
      Cm = -0.0468     CD =  0.78104   =>   CDf =  0.00519    CDp =  0.77585

 Side 1 forced transition at x/c =  1.0000   77
 Side 2  free  transition at x/c =  0.0402   24

 284   rms: 0.8871E+03   max: -.4946E+04   C at   83  2   RLX: 0.000
       a = -4.000      CL = -0.1566
      Cm = -0.0468     CD =  0.78253   =>   CDf =  0.00519    CDp =  0.77733

 Side 1 forced transition at x/c =  1.0000   77
 Side 2  free  transition at x/c =  0.0402   24

 285   rms: 0.6272E+04   max: -.3469E+05   C at   83  2   RLX: 0.000
       a = -4.000      CL = -0.1565
      Cm = -0.0469     CD =  0.78366   =>   CDf =  0.00519    CDp =  0.77846

 Side 1 forced transition at x/c =  1.0000   77
 Side 2  free  transition at x/c =  0.0402   24

 286   rms: 0.2650E+05   max: 0.1464E+06   C at   83  2   RLX: 0.000
       a = -4.000      CL = -0.1565
      Cm = -0.0468     CD =  0.78368   =>   CDf =  0.00520    CDp =  0.77848

 Side 1 forced transition at x/c =  1.0000   77
 Side 2  free  transition at x/c =  0.0402   24

 287   rms: 0.9412E+03   max: -.5245E+04   C at   83  2   RLX: 0.000
       a = -4.000      CL = -0.1563
      Cm = -0.0469     CD =  0.78519   =>   CDf =  0.00519    CDp =  0.78000

 Side 1 forced transition at x/c =  1.0000   77
 Side 2  free  transition at x/c =  0.0402   24

 288   rms: 0.5532E+04   max: -.3060E+05   C at   83  2   RLX: 0.000
       a = -4.000      CL = -0.1563
      Cm = -0.0470     CD =  0.78629   =>   CDf =  0.00520    CDp =  0.78109

 Side 1 forced transition at x/c =  1.0000   77
 Side 2  free  transition at x/c =  0.0402   24

 289   rms: 0.2880E+05   max: 0.1591E+06   C at   83  2   RLX: 0.000
       a = -4.000      CL = -0.1563
      Cm = -0.0469     CD =  0.78631   =>   CDf =  0.00520    CDp =  0.78111

 Side 1 forced transition at x/c =  1.0000   77
 Side 2  free  transition at x/c =  0.0402   24

 290   rms: 0.9748E+03   max: -.5437E+04   C at   83  2   RLX: 0.000
       a = -4.000      CL = -0.1561
      Cm = -0.0470     CD =  0.78783   =>   CDf =  0.00520    CDp =  0.78263

 Side 1 forced transition at x/c =  1.0000   77
 Side 2  free  transition at x/c =  0.0402   24

 291   rms: 0.5497E+04   max: -.3041E+05   C at   83  2   RLX: 0.000
       a = -4.000      CL = -0.1561
      Cm = -0.0470     CD =  0.78883   =>   CDf =  0.00520    CDp =  0.78363

 Side 1 forced transition at x/c =  1.0000   77
 Side 2  free  transition at x/c =  0.0402   24

 292   rms: 0.3224E+05   max: 0.1781E+06   C at   83  2   RLX: 0.000
       a = -4.000      CL = -0.1561
      Cm = -0.0470     CD =  0.78884   =>   CDf =  0.00520    CDp =  0.78364

 Side 1 forced transition at x/c =  1.0000   77
 Side 2  free  transition at x/c =  0.0402   24

 293   rms: 0.1037E+04   max: -.5782E+04   C at   83  2   RLX: 0.000
       a = -4.000      CL = -0.1559
      Cm = -0.0471     CD =  0.79036   =>   CDf =  0.00520    CDp =  0.78516

 Side 1 forced transition at x/c =  1.0000   77
 Side 2  free  transition at x/c =  0.0402   24

 294   rms: 0.5870E+04   max: -.3247E+05   C at   83  2   RLX: 0.000
       a = -4.000      CL = -0.1558
      Cm = -0.0471     CD =  0.79134   =>   CDf =  0.00520    CDp =  0.78614

 Side 1 forced transition at x/c =  1.0000   77
 Side 2  free  transition at x/c =  0.0402   24

 295   rms: 0.2702E+05   max: 0.1493E+06   C at   83  2   RLX: 0.000
       a = -4.000      CL = -0.1559
      Cm = -0.0471     CD =  0.79133   =>   CDf =  0.00520    CDp =  0.78613

 Side 1 forced transition at x/c =  1.0000   77
 Side 2  free  transition at x/c =  0.0402   24

 296   rms: 0.1005E+04   max: -.5600E+04   C at   83  2   RLX: 0.000
       a = -4.000      CL = -0.1557
      Cm = -0.0471     CD =  0.79284   =>   CDf =  0.00520    CDp =  0.78764

 Side 1 forced transition at x/c =  1.0000   77
 Side 2  free  transition at x/c =  0.0402   24

 297   rms: 0.5680E+04   max: -.3142E+05   C at   83  2   RLX: 0.000
       a = -4.000      CL = -0.1556
      Cm = -0.0472     CD =  0.79384   =>   CDf =  0.00520    CDp =  0.78864

 Side 1 forced transition at x/c =  1.0000   77
 Side 2  free  transition at x/c =  0.0402   24

 298   rms: 0.2852E+05   max: 0.1576E+06   C at   83  2   RLX: 0.000
       a = -4.000      CL = -0.1557
      Cm = -0.0471     CD =  0.79384   =>   CDf =  0.00520    CDp =  0.78864

 Side 1 forced transition at x/c =  1.0000   77
 Side 2  free  transition at x/c =  0.0402   24

 299   rms: 0.9614E+03   max: -.5360E+04   C at   83  2   RLX: 0.000
       a = -4.000      CL = -0.1555
      Cm = -0.0472     CD =  0.79531   =>   CDf =  0.00520    CDp =  0.79011

 Side 1 forced transition at x/c =  1.0000   77
 Side 2  free  transition at x/c =  0.0402   24

 300   rms: 0.6039E+04   max: -.3340E+05   C at   83  2   RLX: 0.000
       a = -4.000      CL = -0.1554
      Cm = -0.0472     CD =  0.79627   =>   CDf =  0.00520    CDp =  0.79107

 Side 1 forced transition at x/c =  1.0000   77
 Side 2  free  transition at x/c =  0.0402   24

 301   rms: 0.2767E+05   max: 0.1529E+06   C at   83  2   RLX: 0.000
       a = -4.000      CL = -0.1555
      Cm = -0.0472     CD =  0.79626   =>   CDf =  0.00520    CDp =  0.79106

 Side 1 forced transition at x/c =  1.0000   77
 Side 2  free  transition at x/c =  0.0402   24

 302   rms: 0.1080E+04   max: -.6012E+04   C at   83  2   RLX: 0.000
       a = -4.000      CL = -0.1553
      Cm = -0.0473     CD =  0.79778   =>   CDf =  0.00520    CDp =  0.79258

 Side 1 forced transition at x/c =  1.0000   77
 Side 2  free  transition at x/c =  0.0402   24

 303   rms: 0.6077E+04   max: -.3361E+05   C at   83  2   RLX: 0.000
       a = -4.000      CL = -0.1552
      Cm = -0.0473     CD =  0.79871   =>   CDf =  0.00520    CDp =  0.79351

 MRCHDU: Convergence failed at  24  side 2    Res =  0.8314E-05
 Side 1 forced transition at x/c =  1.0000   77
 Side 2  free  transition at x/c =  0.0402   24

 304   rms: 0.2861E+05   max: 0.1581E+06   C at   83  2   RLX: 0.000
       a = -4.000      CL = -0.1553
      Cm = -0.0473     CD =  0.79869   =>   CDf =  0.00520    CDp =  0.79349

 Side 1 forced transition at x/c =  1.0000   77
 Side 2  free  transition at x/c =  0.0402   24

 305   rms: 0.9944E+03   max: -.5542E+04   C at   83  2   RLX: 0.000
       a = -4.000      CL = -0.1551
      Cm = -0.0473     CD =  0.80015   =>   CDf =  0.00520    CDp =  0.79495
 VISCAL:  Convergence failed
 Calculating wake trajectory ...
 Calculating source influence matrix ...

 Solving BL system ...

 Side 1 forced transition at x/c =  1.0000   77
 Side 2  free  transition at x/c =  0.0402   24

   1   rms: 0.5640E+04   max: -.3120E+05   C at   83  2   RLX: 0.000
       a = -3.500      CL = -0.1567
      Cm = -0.0474     CD =  0.80116   =>   CDf =  0.00521    CDp =  0.79595

 Side 1 forced transition at x/c =  1.0000   77
 Side 2  free  transition at x/c =  0.0402   24

   2   rms: 0.2603E+05   max: 0.1439E+06   C at   83  2   RLX: 0.000
       a = -3.500      CL = -0.1567
      Cm = -0.0473     CD =  0.80111   =>   CDf =  0.00521    CDp =  0.79591

 Side 1 forced transition at x/c =  1.0000   77
 Side 2  free  transition at x/c =  0.0402   24

   3   rms: 0.9537E+03   max: -.5312E+04   C at   83  2   RLX: 0.000
       a = -3.500      CL = -0.1565
      Cm = -0.0474     CD =  0.80256   =>   CDf =  0.00521    CDp =  0.79735

 Side 1 forced transition at x/c =  1.0000   77
 Side 2  free  transition at x/c =  0.0402   24

   4   rms: 0.5500E+04   max: -.3043E+05   C at   83  2   RLX: 0.000
       a = -3.500      CL = -0.1565
      Cm = -0.0474     CD =  0.80357   =>   CDf =  0.00521    CDp =  0.79836

 Side 1 forced transition at x/c =  1.0000   77
 Side 2  free  transition at x/c =  0.0402   24

   5   rms: 0.3185E+05   max: 0.1760E+06   C at   83  2   RLX: 0.000
       a = -3.500      CL = -0.1565
      Cm = -0.0474     CD =  0.80353   =>   CDf =  0.00521    CDp =  0.79832

 Side 1 forced transition at x/c =  1.0000   77
 Side 2  free  transition at x/c =  0.0402   24

   6   rms: 0.9254E+03   max: -.5155E+04   C at   83  2   RLX: 0.000
       a = -3.500      CL = -0.1564
      Cm = -0.0475     CD =  0.80495   =>   CDf =  0.00521    CDp =  0.79974

 Side 1 forced transition at x/c =  1.0000   77
 Side 2  free  transition at x/c =  0.0402   24

   7   rms: 0.5395E+04   max: -.2985E+05   C at   83  2   RLX: 0.000
       a = -3.500      CL = -0.1563
      Cm = -0.0475     CD =  0.80598   =>   CDf =  0.00521    CDp =  0.80077

 Side 1 forced transition at x/c =  1.0000   77
 Side 2  free  transition at x/c =  0.0402   24

   8   rms: 0.2906E+05   max: 0.1607E+06   C at   83  2   RLX: 0.000
       a = -3.500      CL = -0.1563
      Cm = -0.0475     CD =  0.80593   =>   CDf =  0.00521    CDp =  0.80072

 Side 1 forced transition at x/c =  1.0000   77
 Side 2  free  transition at x/c =  0.0402   24

   9   rms: 0.1120E+04   max: -.6241E+04   C at   83  2   RLX: 0.000
       a = -3.500      CL = -0.1562
      Cm = -0.0475     CD =  0.80741   =>   CDf =  0.00521    CDp =  0.80221

 Side 1 forced transition at x/c =  1.0000   77
 Side 2  free  transition at x/c =  0.0402   24

  10   rms: 0.5767E+04   max: -.3190E+05   C at   83  2   RLX: 0.000
       a = -3.500      CL = -0.1561
      Cm = -0.0476     CD =  0.80836   =>   CDf =  0.00521    CDp =  0.80315

 Side 1 forced transition at x/c =  1.0000   77
 Side 2  free  transition at x/c =  0.0402   24

  11   rms: 0.2963E+05   max: 0.1638E+06   C at   83  2   RLX: 0.000
       a = -3.500      CL = -0.1561
      Cm = -0.0475     CD =  0.80831   =>   CDf =  0.00521    CDp =  0.80310

 Side 1 forced transition at x/c =  1.0000   77
 Side 2  free  transition at x/c =  0.0402   24

  12   rms: 0.1025E+04   max: -.5709E+04   C at   83  2   RLX: 0.000
       a = -3.500      CL = -0.1560
      Cm = -0.0476     CD =  0.80975   =>   CDf =  0.00521    CDp =  0.80454

 Side 1 forced transition at x/c =  1.0000   77
 Side 2  free  transition at x/c =  0.0402   24

  13   rms: 0.7722E+04   max: -.4270E+05   C at   83  2   RLX: 0.000
       a = -3.500      CL = -0.1559
      Cm = -0.0476     CD =  0.81072   =>   CDf =  0.00521    CDp =  0.80551

 Side 1 forced transition at x/c =  1.0000   77
 Side 2  free  transition at x/c =  0.0402   24

  14   rms: 0.2842E+05   max: 0.1571E+06   C at   83  2   RLX: 0.000
       a = -3.500      CL = -0.1560
      Cm = -0.0476     CD =  0.81065   =>   CDf =  0.00521    CDp =  0.80544

 Side 1 forced transition at x/c =  1.0000   77
 Side 2  free  transition at x/c =  0.0402   24

  15   rms: 0.1200E+04   max: -.6684E+04   C at   83  2   RLX: 0.000
       a = -3.500      CL = -0.1558
      Cm = -0.0477     CD =  0.81217   =>   CDf =  0.00521    CDp =  0.80696

 Side 1 forced transition at x/c =  1.0000   77
 Side 2  free  transition at x/c =  0.0402   24

  16   rms: 0.6379E+04   max: -.3528E+05   C at   83  2   RLX: 0.000
       a = -3.500      CL = -0.1557
      Cm = -0.0477     CD =  0.81306   =>   CDf =  0.00521    CDp =  0.80785

 Side 1 forced transition at x/c =  1.0000   77
 Side 2  free  transition at x/c =  0.0402   24

  17   rms: 0.3002E+05   max: 0.1660E+06   C at   83  2   RLX: 0.000
       a = -3.500      CL = -0.1558
      Cm = -0.0477     CD =  0.81299   =>   CDf =  0.00521    CDp =  0.80778

 MRCHDU: Convergence failed at  24  side 2    Res =  0.8627E-05
 Side 1 forced transition at x/c =  1.0000   77
 Side 2  free  transition at x/c =  0.0402   24

  18   rms: 0.1053E+04   max: -.5872E+04   C at   83  2   RLX: 0.000
       a = -3.500      CL = -0.1556
      Cm = -0.0477     CD =  0.81443   =>   CDf =  0.00521    CDp =  0.80922

 Side 1 forced transition at x/c =  1.0000   77
 Side 2  free  transition at x/c =  0.0402   24

  19   rms: 0.7451E+04   max: -.4121E+05   C at   83  2   RLX: 0.000
       a = -3.500      CL = -0.1556
      Cm = -0.0477     CD =  0.81542   =>   CDf =  0.00521    CDp =  0.81020

 Side 1 forced transition at x/c =  1.0000   77
 Side 2  free  transition at x/c =  0.0402   24

  20   rms: 0.2806E+05   max: 0.1552E+06   C at   83  2   RLX: 0.000
       a = -3.500      CL = -0.1556
      Cm = -0.0477     CD =  0.81533   =>   CDf =  0.00521    CDp =  0.81012

 Side 1 forced transition at x/c =  1.0000   77
 Side 2  free  transition at x/c =  0.0402   24

  21   rms: 0.1201E+04   max: -.6687E+04   C at   83  2   RLX: 0.000
       a = -3.500      CL = -0.1555
      Cm = -0.0478     CD =  0.81684   =>   CDf =  0.00521    CDp =  0.81163

 Side 1 forced transition at x/c =  1.0000   77
 Side 2  free  transition at x/c =  0.0402   24

  22   rms: 0.7378E+04   max: -.4081E+05   C at   83  2   RLX: 0.000
       a = -3.500      CL = -0.1554
      Cm = -0.0478     CD =  0.81776   =>   CDf =  0.00521    CDp =  0.81255

 Side 1 forced transition at x/c =  1.0000   77
 Side 2  free  transition at x/c =  0.0402   24

  23   rms: 0.3065E+05   max: 0.1695E+06   C at   83  2   RLX: 0.000
       a = -3.500      CL = -0.1554
      Cm = -0.0478     CD =  0.81767   =>   CDf =  0.00521    CDp =  0.81245

 Side 1 forced transition at x/c =  1.0000   77
 Side 2  free  transition at x/c =  0.0402   24

  24   rms: 0.1179E+04   max: -.6563E+04   C at   83  2   RLX: 0.000
       a = -3.500      CL = -0.1553
      Cm = -0.0478     CD =  0.81914   =>   CDf =  0.00521    CDp =  0.81393

 Side 1 forced transition at x/c =  1.0000   77
 Side 2  free  transition at x/c =  0.0402   24

  25   rms: 0.7119E+04   max: -.3937E+05   C at   83  2   RLX: 0.000
       a = -3.500      CL = -0.1552
      Cm = -0.0479     CD =  0.82015   =>   CDf =  0.00521    CDp =  0.81494

 Side 1 forced transition at x/c =  1.0000   77
 Side 2  free  transition at x/c =  0.0402   24

  26   rms: 0.2929E+05   max: 0.1620E+06   C at   83  2   RLX: 0.000
       a = -3.500      CL = -0.1553
      Cm = -0.0478     CD =  0.82005   =>   CDf =  0.00521    CDp =  0.81484

 Side 1 forced transition at x/c =  1.0000   77
 Side 2  free  transition at x/c =  0.0402   24

  27   rms: 0.1301E+04   max: -.7246E+04   C at   83  2   RLX: 0.000
       a = -3.500      CL = -0.1551
      Cm = -0.0479     CD =  0.82155   =>   CDf =  0.00521    CDp =  0.81633

 Side 1 forced transition at x/c =  1.0000   77
 Side 2  free  transition at x/c =  0.0402   24

  28   rms: 0.7294E+04   max: -.4034E+05   C at   83  2   RLX: 0.000
       a = -3.500      CL = -0.1550
      Cm = -0.0479     CD =  0.82255   =>   CDf =  0.00521    CDp =  0.81734

 Side 1 forced transition at x/c =  1.0000   77
 Side 2  free  transition at x/c =  0.0402   24

  29   rms: 0.2796E+05   max: 0.1547E+06   C at   83  2   RLX: 0.000
       a = -3.500      CL = -0.1551
      Cm = -0.0479     CD =  0.82246   =>   CDf =  0.00521    CDp =  0.81725

 Side 1 forced transition at x/c =  1.0000   77
 Side 2  free  transition at x/c =  0.0402   24

  30   rms: 0.1185E+04   max: -.6592E+04   C at   83  2   RLX: 0.000
       a = -3.500      CL = -0.1549
      Cm = -0.0480     CD =  0.82393   =>   CDf =  0.00521    CDp =  0.81872

 MRCHDU: Convergence failed at  24  side 2    Res =  0.8761E-05
 Side 1 forced transition at x/c =  1.0000   77
 Side 2  free  transition at x/c =  0.0402   24

  31   rms: 0.6701E+04   max: -.3707E+05   C at   83  2   RLX: 0.000
       a = -3.500      CL = -0.1549
      Cm = -0.0480     CD =  0.82492   =>   CDf =  0.00521    CDp =  0.81970

 Side 1 forced transition at x/c =  1.0000   77
 Side 2  free  transition at x/c =  0.0402   24

  32   rms: 0.2777E+05   max: 0.1536E+06   C at   83  2   RLX: 0.000
       a = -3.500      CL = -0.1549
      Cm = -0.0480     CD =  0.82481   =>   CDf =  0.00521    CDp =  0.81960

 Side 1 forced transition at x/c =  1.0000   77
 Side 2  free  transition at x/c =  0.0402   24

  33   rms: 0.1168E+04   max: -.6503E+04   C at   83  2   RLX: 0.000
       a = -3.500      CL = -0.1547
      Cm = -0.0480     CD =  0.82629   =>   CDf =  0.00521    CDp =  0.82108

 Side 1 forced transition at x/c =  1.0000   77
 Side 2  free  transition at x/c =  0.0402   24

  34   rms: 0.7328E+04   max: -.4053E+05   C at   83  2   RLX: 0.000
       a = -3.500      CL = -0.1547
      Cm = -0.0480     CD =  0.82730   =>   CDf =  0.00521    CDp =  0.82209

 Side 1 forced transition at x/c =  1.0000   77
 Side 2  free  transition at x/c =  0.0402   24

  35   rms: 0.3153E+05   max: 0.1744E+06   C at   83  2   RLX: 0.000
       a = -3.500      CL = -0.1547
      Cm = -0.0480     CD =  0.82719   =>   CDf =  0.00521    CDp =  0.82198

 Side 1 forced transition at x/c =  1.0000   77
 Side 2  free  transition at x/c =  0.0402   24

  36   rms: 0.1103E+04   max: -.6149E+04   C at   83  2   RLX: 0.000
       a = -3.500      CL = -0.1546
      Cm = -0.0481     CD =  0.82865   =>   CDf =  0.00521    CDp =  0.82343

 Side 1 forced transition at x/c =  1.0000   77
 Side 2  free  transition at x/c =  0.0402   24

  37   rms: 0.6954E+04   max: -.3847E+05   C at   83  2   RLX: 0.000
       a = -3.500      CL = -0.1545
      Cm = -0.0481     CD =  0.82967   =>   CDf =  0.00521    CDp =  0.82445

 Side 1 forced transition at x/c =  1.0000   77
 Side 2  free  transition at x/c =  0.0402   24

  38   rms: 0.3111E+05   max: 0.1721E+06   C at   83  2   RLX: 0.000
       a = -3.500      CL = -0.1546
      Cm = -0.0481     CD =  0.82955   =>   CDf =  0.00522    CDp =  0.82434

 Side 1 forced transition at x/c =  1.0000   77
 Side 2  free  transition at x/c =  0.0402   24

  39   rms: 0.1111E+04   max: -.6186E+04   C at   83  2   RLX: 0.000
       a = -3.500      CL = -0.1544
      Cm = -0.0481     CD =  0.83100   =>   CDf =  0.00521    CDp =  0.82579

 Side 1 forced transition at x/c =  1.0000   77
 Side 2  free  transition at x/c =  0.0402   24

  40   rms: 0.6835E+04   max: -.3782E+05   C at   83  2   RLX: 0.000
       a = -3.500      CL = -0.1544
      Cm = -0.0482     CD =  0.83205   =>   CDf =  0.00522    CDp =  0.82683

 Side 1 forced transition at x/c =  1.0000   77
 Side 2  free  transition at x/c =  0.0402   24

  41   rms: 0.2753E+05   max: 0.1523E+06   C at   83  2   RLX: 0.000
       a = -3.500      CL = -0.1544
      Cm = -0.0481     CD =  0.83194   =>   CDf =  0.00522    CDp =  0.82673

 Side 1 forced transition at x/c =  1.0000   77
 Side 2  free  transition at x/c =  0.0402   24

  42   rms: 0.1269E+04   max: -.7070E+04   C at   83  2   RLX: 0.000
       a = -3.500      CL = -0.1543
      Cm = -0.0482     CD =  0.83343   =>   CDf =  0.00522    CDp =  0.82822

 Side 1 forced transition at x/c =  1.0000   77
 Side 2  free  transition at x/c =  0.0402   24

  43   rms: 0.7353E+04   max: -.4068E+05   C at   83  2   RLX: 0.000
       a = -3.500      CL = -0.1542
      Cm = -0.0482     CD =  0.83447   =>   CDf =  0.00522    CDp =  0.82925

 Side 1 forced transition at x/c =  1.0000   77
 Side 2  free  transition at x/c =  0.0402   24

  44   rms: 0.3139E+05   max: 0.1737E+06   C at   83  2   RLX: 0.000
       a = -3.500      CL = -0.1542
      Cm = -0.0482     CD =  0.83433   =>   CDf =  0.00522    CDp =  0.82912

 Side 1 forced transition at x/c =  1.0000   77
 Side 2  free  transition at x/c =  0.0402   24

  45   rms: 0.1253E+04   max: -.6976E+04   C at   83  2   RLX: 0.000
       a = -3.500      CL = -0.1541
      Cm = -0.0482     CD =  0.83584   =>   CDf =  0.00522    CDp =  0.83062

 Side 1 forced transition at x/c =  1.0000   77
 Side 2  free  transition at x/c =  0.0402   24

  46   rms: 0.9322E+04   max: -.5155E+05   C at   83  2   RLX: 0.000
       a = -3.500      CL = -0.1541
      Cm = -0.0483     CD =  0.83683   =>   CDf =  0.00522    CDp =  0.83162

 Side 1 forced transition at x/c =  1.0000   77
 Side 2  free  transition at x/c =  0.0402   24

  47   rms: 0.2972E+05   max: 0.1644E+06   C at   83  2   RLX: 0.000
       a = -3.500      CL = -0.1541
      Cm = -0.0482     CD =  0.83669   =>   CDf =  0.00522    CDp =  0.83147

 Side 1 forced transition at x/c =  1.0000   77
 Side 2  free  transition at x/c =  0.0402   24

  48   rms: 0.1417E+04   max: -.7888E+04   C at   83  2   RLX: 0.000
       a = -3.500      CL = -0.1539
      Cm = -0.0483     CD =  0.83823   =>   CDf =  0.00522    CDp =  0.83301

 Side 1 forced transition at x/c =  1.0000   77
 Side 2  free  transition at x/c =  0.0402   24

  49   rms: 0.8126E+04   max: -.4495E+05   C at   83  2   RLX: 0.000
       a = -3.500      CL = -0.1539
      Cm = -0.0483     CD =  0.83921   =>   CDf =  0.00522    CDp =  0.83399

 Side 1 forced transition at x/c =  1.0000   77
 Side 2  free  transition at x/c =  0.0402   24

  50   rms: 0.2745E+05   max: 0.1519E+06   C at   83  2   RLX: 0.000
       a = -3.500      CL = -0.1539
      Cm = -0.0483     CD =  0.83906   =>   CDf =  0.00522    CDp =  0.83384

 Side 1 forced transition at x/c =  1.0000   77
 Side 2  free  transition at x/c =  0.0402   24

  51   rms: 0.1533E+04   max: -.8535E+04   C at   83  2   RLX: 0.000
       a = -3.500      CL = -0.1537
      Cm = -0.0484     CD =  0.84064   =>   CDf =  0.00522    CDp =  0.83543

 Side 1 forced transition at x/c =  1.0000   77
 Side 2  free  transition at x/c =  0.0402   24

  52   rms: 0.8517E+04   max: -.4711E+05   C at   83  2   RLX: 0.000
       a = -3.500      CL = -0.1537
      Cm = -0.0484     CD =  0.84160   =>   CDf =  0.00522    CDp =  0.83638

 Side 1 forced transition at x/c =  1.0000   77
 Side 2  free  transition at x/c =  0.0402   24

  53   rms: 0.2363E+05   max: 0.1308E+06   C at   83  2   RLX: 0.000
       a = -3.500      CL = -0.1537
      Cm = -0.0484     CD =  0.84143   =>   CDf =  0.00522    CDp =  0.83621

 Side 1 forced transition at x/c =  1.0000   77
 Side 2  free  transition at x/c =  0.0402   24

  54   rms: 0.1337E+04   max: -.7446E+04   C at   83  2   RLX: 0.000
       a = -3.500      CL = -0.1536
      Cm = -0.0484     CD =  0.84300   =>   CDf =  0.00522    CDp =  0.83778

 Side 1 forced transition at x/c =  1.0000   77
 Side 2  free  transition at x/c =  0.0402   24

  55   rms: 0.8174E+04   max: -.4522E+05   C at   83  2   RLX: 0.000
       a = -3.500      CL = -0.1536
      Cm = -0.0484     CD =  0.84395   =>   CDf =  0.00522    CDp =  0.83873

 Side 1 forced transition at x/c =  1.0000   77
 Side 2  free  transition at x/c =  0.0402   24

  56   rms: 0.2822E+05   max: 0.1561E+06   C at   83  2   RLX: 0.000
       a = -3.500      CL = -0.1536
      Cm = -0.0484     CD =  0.84379   =>   CDf =  0.00522    CDp =  0.83857

 MRCHDU: Convergence failed at  24  side 2    Res =  0.8487E-05
 Side 1 forced transition at x/c =  1.0000   77
 Side 2  free  transition at x/c =  0.0402   24

  57   rms: 0.1285E+04   max: -.7153E+04   C at   83  2   RLX: 0.000
       a = -3.500      CL = -0.1534
      Cm = -0.0485     CD =  0.84533   =>   CDf =  0.00522    CDp =  0.84011

 Side 1 forced transition at x/c =  1.0000   77
 Side 2  free  transition at x/c =  0.0402   24

  58   rms: 0.9380E+04   max: -.5189E+05   C at   83  2   RLX: 0.000
       a = -3.500      CL = -0.1534
      Cm = -0.0485     CD =  0.84636   =>   CDf =  0.00522    CDp =  0.84114

 Side 1 forced transition at x/c =  1.0000   77
 Side 2  free  transition at x/c =  0.0402   24

  59   rms: 0.2933E+05   max: 0.1623E+06   C at   83  2   RLX: 0.000
       a = -3.500      CL = -0.1534
      Cm = -0.0485     CD =  0.84619   =>   CDf =  0.00522    CDp =  0.84097

 Side 1 forced transition at x/c =  1.0000   77
 Side 2  free  transition at x/c =  0.0402   24

  60   rms: 0.1297E+04   max: -.7224E+04   C at   83  2   RLX: 0.000
       a = -3.500      CL = -0.1533
      Cm = -0.0485     CD =  0.84774   =>   CDf =  0.00522    CDp =  0.84252

 Side 1 forced transition at x/c =  1.0000   77
 Side 2  free  transition at x/c =  0.0402   24

  61   rms: 0.9109E+04   max: -.5038E+05   C at   83  2   RLX: 0.000
       a = -3.500      CL = -0.1533
      Cm = -0.0485     CD =  0.84871   =>   CDf =  0.00522    CDp =  0.84349

 Side 1 forced transition at x/c =  1.0000   77
 Side 2  free  transition at x/c =  0.0402   24

  62   rms: 0.2919E+05   max: 0.1615E+06   C at   83  2   RLX: 0.000
       a = -3.500      CL = -0.1533
      Cm = -0.0485     CD =  0.84854   =>   CDf =  0.00522    CDp =  0.84332

 Side 1 forced transition at x/c =  1.0000   77
 Side 2  free  transition at x/c =  0.0402   24

  63   rms: 0.1325E+04   max: -.7378E+04   C at   83  2   RLX: 0.000
       a = -3.500      CL = -0.1531
      Cm = -0.0486     CD =  0.85010   =>   CDf =  0.00522    CDp =  0.84488

 Side 1 forced transition at x/c =  1.0000   77
 Side 2  free  transition at x/c =  0.0402   24

  64   rms: 0.9063E+04   max: -.5013E+05   C at   83  2   RLX: 0.000
       a = -3.500      CL = -0.1531
      Cm = -0.0486     CD =  0.85113   =>   CDf =  0.00522    CDp =  0.84590

 Side 1 forced transition at x/c =  1.0000   77
 Side 2  free  transition at x/c =  0.0402   24

  65   rms: 0.3116E+05   max: 0.1725E+06   C at   83  2   RLX: 0.000
       a = -3.500      CL = -0.1531
      Cm = -0.0486     CD =  0.85095   =>   CDf =  0.00522    CDp =  0.84573

 Side 1 forced transition at x/c =  1.0000   77
 Side 2  free  transition at x/c =  0.0402   24

  66   rms: 0.1360E+04   max: -.7577E+04   C at   83  2   RLX: 0.000
       a = -3.500      CL = -0.1530
      Cm = -0.0486     CD =  0.85252   =>   CDf =  0.00522    CDp =  0.84730

 Side 1 forced transition at x/c =  1.0000   77
 Side 2  free  transition at x/c =  0.0402   24

  67   rms: 0.8861E+04   max: -.4902E+05   C at   83  2   RLX: 0.000
       a = -3.500      CL = -0.1529
      Cm = -0.0487     CD =  0.85354   =>   CDf =  0.00522    CDp =  0.84832

 MRCHDU: Convergence failed at  24  side 2    Res =  0.8550E-05
 Side 1 forced transition at x/c =  1.0000   77
 Side 2  free  transition at x/c =  0.0402   24

  68   rms: 0.2983E+05   max: 0.1651E+06   C at   83  2   RLX: 0.000
       a = -3.500      CL = -0.1530
      Cm = -0.0486     CD =  0.85336   =>   CDf =  0.00522    CDp =  0.84814

 Side 1 forced transition at x/c =  1.0000   77
 Side 2  free  transition at x/c =  0.0402   24

  69   rms: 0.1618E+04   max: -.9003E+04   C at   83  2   RLX: 0.000
       a = -3.500      CL = -0.1528
      Cm = -0.0487     CD =  0.85501   =>   CDf =  0.00522    CDp =  0.84979

 Side 1 forced transition at x/c =  1.0000   77
 Side 2  free  transition at x/c =  0.0402   24

  70   rms: 0.9455E+04   max: -.5230E+05   C at   83  2   RLX: 0.000
       a = -3.500      CL = -0.1528
      Cm = -0.0487     CD =  0.85596   =>   CDf =  0.00522    CDp =  0.85073

 Side 1 forced transition at x/c =  1.0000   77
 Side 2  free  transition at x/c =  0.0402   24

  71   rms: 0.3063E+05   max: 0.1695E+06   C at   83  2   RLX: 0.000
       a = -3.500      CL = -0.1528
      Cm = -0.0487     CD =  0.85577   =>   CDf =  0.00522    CDp =  0.85055

 Side 1 forced transition at x/c =  1.0000   77
 Side 2  free  transition at x/c =  0.0402   24

  72   rms: 0.1423E+04   max: -.7922E+04   C at   83  2   RLX: 0.000
       a = -3.500      CL = -0.1527
      Cm = -0.0487     CD =  0.85736   =>   CDf =  0.00522    CDp =  0.85214

 Side 1 forced transition at x/c =  1.0000   77
 Side 2  free  transition at x/c =  0.0402   24

  73   rms: 0.9703E+04   max: -.5365E+05   C at   83  2   RLX: 0.000
       a = -3.500      CL = -0.1526
      Cm = -0.0488     CD =  0.85839   =>   CDf =  0.00522    CDp =  0.85316

 Side 1 forced transition at x/c =  1.0000   77
 Side 2  free  transition at x/c =  0.0402   24

  74   rms: 0.3442E+05   max: 0.1905E+06   C at   83  2   RLX: 0.000
       a = -3.500      CL = -0.1526
      Cm = -0.0487     CD =  0.85820   =>   CDf =  0.00522    CDp =  0.85298

 Side 1 forced transition at x/c =  1.0000   77
 Side 2  free  transition at x/c =  0.0402   24

  75   rms: 0.1622E+04   max: -.9030E+04   C at   83  2   RLX: 0.000
       a = -3.500      CL = -0.1525
      Cm = -0.0488     CD =  0.85985   =>   CDf =  0.00522    CDp =  0.85462

 Side 1 forced transition at x/c =  1.0000   77
 Side 2  free  transition at x/c =  0.0402   24

  76   rms: 0.1056E+05   max: -.5841E+05   C at   83  2   RLX: 0.000
       a = -3.500      CL = -0.1524
      Cm = -0.0488     CD =  0.86083   =>   CDf =  0.00522    CDp =  0.85561

 Side 1 forced transition at x/c =  1.0000   77
 Side 2  free  transition at x/c =  0.0402   24

  77   rms: 0.3205E+05   max: 0.1774E+06   C at   83  2   RLX: 0.000
       a = -3.500      CL = -0.1525
      Cm = -0.0488     CD =  0.86065   =>   CDf =  0.00522    CDp =  0.85542

 Side 1 forced transition at x/c =  1.0000   77
 Side 2  free  transition at x/c =  0.0402   24

  78   rms: 0.1450E+04   max: -.8076E+04   C at   83  2   RLX: 0.000
       a = -3.500      CL = -0.1523
      Cm = -0.0488     CD =  0.86227   =>   CDf =  0.00522    CDp =  0.85704

 Side 1 forced transition at x/c =  1.0000   77
 Side 2  free  transition at x/c =  0.0402   24

  79   rms: 0.8724E+04   max: -.4824E+05   C at   83  2   RLX: 0.000
       a = -3.500      CL = -0.1523
      Cm = -0.0489     CD =  0.86331   =>   CDf =  0.00522    CDp =  0.85809

 Side 1 forced transition at x/c =  1.0000   77
 Side 2  free  transition at x/c =  0.0402   24

  80   rms: 0.3348E+05   max: 0.1853E+06   C at   83  2   RLX: 0.000
       a = -3.500      CL = -0.1523
      Cm = -0.0488     CD =  0.86312   =>   CDf =  0.00522    CDp =  0.85790

 Side 1 forced transition at x/c =  1.0000   77
 Side 2  free  transition at x/c =  0.0402   24

  81   rms: 0.1416E+04   max: -.7881E+04   C at   83  2   RLX: 0.000
       a = -3.500      CL = -0.1522
      Cm = -0.0489     CD =  0.86474   =>   CDf =  0.00522    CDp =  0.85952

 Side 1 forced transition at x/c =  1.0000   77
 Side 2  free  transition at x/c =  0.0402   24

  82   rms: 0.9353E+04   max: -.5172E+05   C at   83  2   RLX: 0.000
       a = -3.500      CL = -0.1521
      Cm = -0.0489     CD =  0.86578   =>   CDf =  0.00522    CDp =  0.86056

 Side 1 forced transition at x/c =  1.0000   77
 Side 2  free  transition at x/c =  0.0402   24

  83   rms: 0.3449E+05   max: 0.1909E+06   C at   83  2   RLX: 0.000
       a = -3.500      CL = -0.1522
      Cm = -0.0489     CD =  0.86559   =>   CDf =  0.00522    CDp =  0.86036

 Side 1 forced transition at x/c =  1.0000   77
 Side 2  free  transition at x/c =  0.0402   24

  84   rms: 0.1482E+04   max: -.8255E+04   C at   83  2   RLX: 0.000
       a = -3.500      CL = -0.1520
      Cm = -0.0490     CD =  0.86724   =>   CDf =  0.00522    CDp =  0.86202

 Side 1 forced transition at x/c =  1.0000   77
 Side 2  free  transition at x/c =  0.0402   24

  85   rms: 0.1036E+05   max: -.5727E+05   C at   83  2   RLX: 0.000
       a = -3.500      CL = -0.1520
      Cm = -0.0490     CD =  0.86830   =>   CDf =  0.00523    CDp =  0.86307

 Side 1 forced transition at x/c =  1.0000   77
 Side 2  free  transition at x/c =  0.0402   24

  86   rms: 0.3303E+05   max: 0.1829E+06   C at   83  2   RLX: 0.000
       a = -3.500      CL = -0.1520
      Cm = -0.0490     CD =  0.86809   =>   CDf =  0.00523    CDp =  0.86287

 Side 1 forced transition at x/c =  1.0000   77
 Side 2  free  transition at x/c =  0.0402   24

  87   rms: 0.1474E+04   max: -.8209E+04   C at   83  2   RLX: 0.000
       a = -3.500      CL = -0.1519
      Cm = -0.0490     CD =  0.86977   =>   CDf =  0.00523    CDp =  0.86454

 Side 1 forced transition at x/c =  1.0000   77
 Side 2  free  transition at x/c =  0.0402   24

  88   rms: 0.1013E+05   max: -.5603E+05   C at   83  2   RLX: 0.000
       a = -3.500      CL = -0.1518
      Cm = -0.0490     CD =  0.87080   =>   CDf =  0.00523    CDp =  0.86558

 Side 1 forced transition at x/c =  1.0000   77
 Side 2  free  transition at x/c =  0.0402   24

  89   rms: 0.3397E+05   max: 0.1881E+06   C at   83  2   RLX: 0.000
       a = -3.500      CL = -0.1518
      Cm = -0.0490     CD =  0.87058   =>   CDf =  0.00523    CDp =  0.86535

 Side 1 forced transition at x/c =  1.0000   77
 Side 2  free  transition at x/c =  0.0402   24

  90   rms: 0.1464E+04   max: -.8149E+04   C at   83  2   RLX: 0.000
       a = -3.500      CL = -0.1517
      Cm = -0.0491     CD =  0.87226   =>   CDf =  0.00523    CDp =  0.86704

 Side 1 forced transition at x/c =  1.0000   77
 Side 2  free  transition at x/c =  0.0402   24

  91   rms: 0.8998E+04   max: -.4977E+05   C at   83  2   RLX: 0.000
       a = -3.500      CL = -0.1517
      Cm = -0.0491     CD =  0.87333   =>   CDf =  0.00523    CDp =  0.86810

 Side 1 forced transition at x/c =  1.0000   77
 Side 2  free  transition at x/c =  0.0402   24

  92   rms: 0.3771E+05   max: 0.2088E+06   C at   83  2   RLX: 0.000
       a = -3.500      CL = -0.1517
      Cm = -0.0491     CD =  0.87312   =>   CDf =  0.00523    CDp =  0.86789

 Side 1 forced transition at x/c =  1.0000   77
 Side 2  free  transition at x/c =  0.0402   24

  93   rms: 0.1494E+04   max: -.8319E+04   C at   83  2   RLX: 0.000
       a = -3.500      CL = -0.1515
      Cm = -0.0491     CD =  0.87480   =>   CDf =  0.00523    CDp =  0.86958

 Side 1 forced transition at x/c =  1.0000   77
 Side 2  free  transition at x/c =  0.0402   24

  94   rms: 0.9294E+04   max: -.5141E+05   C at   83  2   RLX: 0.000
       a = -3.500      CL = -0.1515
      Cm = -0.0491     CD =  0.87583   =>   CDf =  0.00523    CDp =  0.87060

 Side 1 forced transition at x/c =  1.0000   77
 Side 2  free  transition at x/c =  0.0402   24

  95   rms: 0.3382E+05   max: 0.1873E+06   C at   83  2   RLX: 0.000
       a = -3.500      CL = -0.1515
      Cm = -0.0491     CD =  0.87560   =>   CDf =  0.00523    CDp =  0.87038

 Side 1 forced transition at x/c =  1.0000   77
 Side 2  free  transition at x/c =  0.0402   24

  96   rms: 0.1374E+04   max: -.7652E+04   C at   83  2   RLX: 0.000
       a = -3.500      CL = -0.1514
      Cm = -0.0492     CD =  0.87729   =>   CDf =  0.00523    CDp =  0.87207

 Side 1 forced transition at x/c =  1.0000   77
 Side 2  free  transition at x/c =  0.0402   24

  97   rms: 0.8443E+04   max: -.4670E+05   C at   83  2   RLX: 0.000
       a = -3.500      CL = -0.1514
      Cm = -0.0492     CD =  0.87834   =>   CDf =  0.00523    CDp =  0.87311

 Side 1 forced transition at x/c =  1.0000   77
 Side 2  free  transition at x/c =  0.0402   24

  98   rms: 0.3561E+05   max: 0.1972E+06   C at   83  2   RLX: 0.000
       a = -3.500      CL = -0.1514
      Cm = -0.0492     CD =  0.87812   =>   CDf =  0.00523    CDp =  0.87289

 Side 1 forced transition at x/c =  1.0000   77
 Side 2  free  transition at x/c =  0.0402   24

  99   rms: 0.1367E+04   max: -.7613E+04   C at   83  2   RLX: 0.000
       a = -3.500      CL = -0.1513
      Cm = -0.0492     CD =  0.87982   =>   CDf =  0.00523    CDp =  0.87460

 Side 1 forced transition at x/c =  1.0000   77
 Side 2  free  transition at x/c =  0.0402   24

 100   rms: 0.9144E+04   max: -.5057E+05   C at   83  2   RLX: 0.000
       a = -3.500      CL = -0.1512
      Cm = -0.0492     CD =  0.88085   =>   CDf =  0.00523    CDp =  0.87563

 Side 1 forced transition at x/c =  1.0000   77
 Side 2  free  transition at x/c =  0.0402   24

 101   rms: 0.3546E+05   max: 0.1963E+06   C at   83  2   RLX: 0.000
       a = -3.500      CL = -0.1512
      Cm = -0.0492     CD =  0.88062   =>   CDf =  0.00523    CDp =  0.87540

 Side 1 forced transition at x/c =  1.0000   77
 Side 2  free  transition at x/c =  0.0402   24

 102   rms: 0.1354E+04   max: -.7541E+04   C at   83  2   RLX: 0.000
       a = -3.500      CL = -0.1511
      Cm = -0.0493     CD =  0.88234   =>   CDf =  0.00523    CDp =  0.87711

 Side 1 forced transition at x/c =  1.0000   77
 Side 2  free  transition at x/c =  0.0402   24

 103   rms: 0.6360E+04   max: -.3518E+05   C at   83  2   RLX: 0.000
       a = -3.500      CL = -0.1511
      Cm = -0.0493     CD =  0.88336   =>   CDf =  0.00523    CDp =  0.87813

 Side 1 forced transition at x/c =  1.0000   77
 Side 2  free  transition at x/c =  0.0402   24

 104   rms: 0.3648E+05   max: 0.2020E+06   C at   83  2   RLX: 0.000
       a = -3.500      CL = -0.1511
      Cm = -0.0493     CD =  0.88316   =>   CDf =  0.00523    CDp =  0.87793

 Side 1 forced transition at x/c =  1.0000   77
 Side 2  free  transition at x/c =  0.0402   24

 105   rms: 0.1515E+04   max: -.8440E+04   C at   83  2   RLX: 0.000
       a = -3.500      CL = -0.1510
      Cm = -0.0493     CD =  0.88490   =>   CDf =  0.00523    CDp =  0.87967

 Side 1 forced transition at x/c =  1.0000   77
 Side 2  free  transition at x/c =  0.0402   24

 106   rms: 0.8542E+04   max: -.4724E+05   C at   83  2   RLX: 0.000
       a = -3.500      CL = -0.1509
      Cm = -0.0493     CD =  0.88596   =>   CDf =  0.00523    CDp =  0.88073

 Side 1 forced transition at x/c =  1.0000   77
 Side 2  free  transition at x/c =  0.0402   24

 107   rms: 0.3881E+05   max: 0.2149E+06   C at   83  2   RLX: 0.000
       a = -3.500      CL = -0.1510
      Cm = -0.0493     CD =  0.88573   =>   CDf =  0.00523    CDp =  0.88050

 Side 1 forced transition at x/c =  1.0000   77
 Side 2  free  transition at x/c =  0.0403   24

 108   rms: 0.1497E+04   max: -.8333E+04   C at   83  2   RLX: 0.000
       a = -3.500      CL = -0.1508
      Cm = -0.0494     CD =  0.88749   =>   CDf =  0.00523    CDp =  0.88226

 Side 1 forced transition at x/c =  1.0000   77
 Side 2  free  transition at x/c =  0.0403   24

 109   rms: 0.9634E+04   max: -.5328E+05   C at   83  2   RLX: 0.000
       a = -3.500      CL = -0.1508
      Cm = -0.0494     CD =  0.88855   =>   CDf =  0.00523    CDp =  0.88332

 Side 1 forced transition at x/c =  1.0000   77
 Side 2  free  transition at x/c =  0.0403   24

 110   rms: 0.3646E+05   max: 0.2019E+06   C at   83  2   RLX: 0.000
       a = -3.500      CL = -0.1508
      Cm = -0.0494     CD =  0.88831   =>   CDf =  0.00523    CDp =  0.88308

 Side 1 forced transition at x/c =  1.0000   77
 Side 2  free  transition at x/c =  0.0403   24

 111   rms: 0.1329E+04   max: -.7404E+04   C at   83  2   RLX: 0.000
       a = -3.500      CL = -0.1507
      Cm = -0.0494     CD =  0.89003   =>   CDf =  0.00523    CDp =  0.88480

 Side 1 forced transition at x/c =  1.0000   77
 Side 2  free  transition at x/c =  0.0403   24

 112   rms: 0.7959E+04   max: -.4403E+05   C at   83  2   RLX: 0.000
       a = -3.500      CL = -0.1506
      Cm = -0.0494     CD =  0.89116   =>   CDf =  0.00523    CDp =  0.88593

 Side 1 forced transition at x/c =  1.0000   77
 Side 2  free  transition at x/c =  0.0403   24

 113   rms: 0.4093E+05   max: 0.2267E+06   C at   83  2   RLX: 0.000
       a = -3.500      CL = -0.1507
      Cm = -0.0494     CD =  0.89092   =>   CDf =  0.00523    CDp =  0.88569

 Side 1 forced transition at x/c =  1.0000   77
 Side 2  free  transition at x/c =  0.0403   24

 114   rms: 0.1454E+04   max: -.8103E+04   C at   83  2   RLX: 0.000
       a = -3.500      CL = -0.1505
      Cm = -0.0495     CD =  0.89269   =>   CDf =  0.00523    CDp =  0.88746

 Side 1 forced transition at x/c =  1.0000   77
 Side 2  free  transition at x/c =  0.0403   24

 115   rms: 0.9183E+04   max: -.5079E+05   C at   83  2   RLX: 0.000
       a = -3.500      CL = -0.1505
      Cm = -0.0495     CD =  0.89377   =>   CDf =  0.00523    CDp =  0.88853

 Side 1 forced transition at x/c =  1.0000   77
 Side 2  free  transition at x/c =  0.0403   24

 116   rms: 0.4371E+05   max: 0.2421E+06   C at   83  2   RLX: 0.000
       a = -3.500      CL = -0.1505
      Cm = -0.0495     CD =  0.89354   =>   CDf =  0.00523    CDp =  0.88830

 Side 1 forced transition at x/c =  1.0000   77
 Side 2  free  transition at x/c =  0.0403   24

 117   rms: 0.1437E+04   max: -.7996E+04   C at   83  2   RLX: 0.000
       a = -3.500      CL = -0.1504
      Cm = -0.0495     CD =  0.89532   =>   CDf =  0.00523    CDp =  0.89009

 Side 1 forced transition at x/c =  1.0000   77
 Side 2  free  transition at x/c =  0.0403   24

 118   rms: 0.7791E+04   max: -.4310E+05   C at   83  2   RLX: 0.000
       a = -3.500      CL = -0.1503
      Cm = -0.0495     CD =  0.89639   =>   CDf =  0.00523    CDp =  0.89116

 Side 1 forced transition at x/c =  1.0000   77
 Side 2  free  transition at x/c =  0.0403   24

 119   rms: 0.3922E+05   max: 0.2172E+06   C at   83  2   RLX: 0.000
       a = -3.500      CL = -0.1504
      Cm = -0.0495     CD =  0.89614   =>   CDf =  0.00523    CDp =  0.89091

 Side 1 forced transition at x/c =  1.0000   77
 Side 2  free  transition at x/c =  0.0403   24

 120   rms: 0.1368E+04   max: -.7618E+04   C at   83  2   RLX: 0.000
       a = -3.500      CL = -0.1502
      Cm = -0.0496     CD =  0.89793   =>   CDf =  0.00523    CDp =  0.89269

 Side 1 forced transition at x/c =  1.0000   77
 Side 2  free  transition at x/c =  0.0403   24

 121   rms: 0.8802E+04   max: -.4868E+05   C at   83  2   RLX: 0.000
       a = -3.500      CL = -0.1502
      Cm = -0.0496     CD =  0.89906   =>   CDf =  0.00523    CDp =  0.89383

 Side 1 forced transition at x/c =  1.0000   77
 Side 2  free  transition at x/c =  0.0403   24

 122   rms: 0.4316E+05   max: 0.2390E+06   C at   83  2   RLX: 0.000
       a = -3.500      CL = -0.1502
      Cm = -0.0496     CD =  0.89879   =>   CDf =  0.00523    CDp =  0.89355

 Side 1 forced transition at x/c =  1.0000   77
 Side 2  free  transition at x/c =  0.0403   24

 123   rms: 0.1426E+04   max: -.7940E+04   C at   83  2   RLX: 0.000
       a = -3.500      CL = -0.1501
      Cm = -0.0496     CD =  0.90060   =>   CDf =  0.00523    CDp =  0.89537

 Side 1 forced transition at x/c =  1.0000   77
 Side 2  free  transition at x/c =  0.0403   24

 124   rms: 0.7960E+04   max: -.4404E+05   C at   83  2   RLX: 0.000
       a = -3.500      CL = -0.1501
      Cm = -0.0496     CD =  0.90174   =>   CDf =  0.00523    CDp =  0.89651

 Side 1 forced transition at x/c =  1.0000   77
 Side 2  free  transition at x/c =  0.0403   24

 125   rms: 0.4409E+05   max: 0.2442E+06   C at   83  2   RLX: 0.000
       a = -3.500      CL = -0.1501
      Cm = -0.0496     CD =  0.90147   =>   CDf =  0.00523    CDp =  0.89624

 Side 1 forced transition at x/c =  1.0000   77
 Side 2  free  transition at x/c =  0.0403   24

 126   rms: 0.1525E+04   max: -.8493E+04   C at   83  2   RLX: 0.000
       a = -3.500      CL = -0.1499
      Cm = -0.0497     CD =  0.90333   =>   CDf =  0.00523    CDp =  0.89810

 Side 1 forced transition at x/c =  1.0000   77
 Side 2  free  transition at x/c =  0.0403   24

 127   rms: 0.7820E+04   max: -.4326E+05   C at   83  2   RLX: 0.000
       a = -3.500      CL = -0.1499
      Cm = -0.0497     CD =  0.90445   =>   CDf =  0.00523    CDp =  0.89922

 Side 1 forced transition at x/c =  1.0000   77
 Side 2  free  transition at x/c =  0.0403   24

 128   rms: 0.4359E+05   max: 0.2415E+06   C at   83  2   RLX: 0.000
       a = -3.500      CL = -0.1499
      Cm = -0.0497     CD =  0.90418   =>   CDf =  0.00523    CDp =  0.89895

 Side 1 forced transition at x/c =  1.0000   77
 Side 2  free  transition at x/c =  0.0403   24

 129   rms: 0.1452E+04   max: -.8078E+04   C at   83  2   RLX: 0.000
       a = -3.500      CL = -0.1498
      Cm = -0.0497     CD =  0.90603   =>   CDf =  0.00523    CDp =  0.90080

 Side 1 forced transition at x/c =  1.0000   77
 Side 2  free  transition at x/c =  0.0403   24

 130   rms: 0.8339E+04   max: -.4613E+05   C at   83  2   RLX: 0.000
       a = -3.500      CL = -0.1498
      Cm = -0.0497     CD =  0.90715   =>   CDf =  0.00523    CDp =  0.90192

 Side 1 forced transition at x/c =  1.0000   77
 Side 2  free  transition at x/c =  0.0403   24

 131   rms: 0.4768E+05   max: 0.2641E+06   C at   83  2   RLX: 0.000
       a = -3.500      CL = -0.1498
      Cm = -0.0497     CD =  0.90687   =>   CDf =  0.00523    CDp =  0.90163

 MRCHDU: Convergence failed at  24  side 2    Res =  0.8462E-05
 Side 1 forced transition at x/c =  1.0000   77
 Side 2  free  transition at x/c =  0.0403   24

 132   rms: 0.1420E+04   max: -.7907E+04   C at   83  2   RLX: 0.000
       a = -3.500      CL = -0.1496
      Cm = -0.0498     CD =  0.90873   =>   CDf =  0.00523    CDp =  0.90350

 Side 1 forced transition at x/c =  1.0000   77
 Side 2  free  transition at x/c =  0.0403   24

 133   rms: 0.8395E+04   max: -.4644E+05   C at   83  2   RLX: 0.000
       a = -3.500      CL = -0.1496
      Cm = -0.0498     CD =  0.90987   =>   CDf =  0.00523    CDp =  0.90464

 Side 1 forced transition at x/c =  1.0000   77
 Side 2  free  transition at x/c =  0.0403   24

 134   rms: 0.4825E+05   max: 0.2673E+06   C at   83  2   RLX: 0.000
       a = -3.500      CL = -0.1496
      Cm = -0.0498     CD =  0.90959   =>   CDf =  0.00523    CDp =  0.90435

 Side 1 forced transition at x/c =  1.0000   77
 Side 2  free  transition at x/c =  0.0403   24

 135   rms: 0.1394E+04   max: -.7762E+04   C at   83  2   RLX: 0.000
       a = -3.500      CL = -0.1495
      Cm = -0.0498     CD =  0.91143   =>   CDf =  0.00523    CDp =  0.90619

 Side 1 forced transition at x/c =  1.0000   77
 Side 2  free  transition at x/c =  0.0403   24

 136   rms: 0.8235E+04   max: -.4556E+05   C at   83  2   RLX: 0.000
       a = -3.500      CL = -0.1494
      Cm = -0.0498     CD =  0.91261   =>   CDf =  0.00523    CDp =  0.90738

 Side 1 forced transition at x/c =  1.0000   77
 Side 2  free  transition at x/c =  0.0403   24

 137   rms: 0.4977E+05   max: 0.2758E+06   C at   83  2   RLX: 0.000
       a = -3.500      CL = -0.1495
      Cm = -0.0498     CD =  0.91234   =>   CDf =  0.00524    CDp =  0.90710

 Side 1 forced transition at x/c =  1.0000   77
 Side 2  free  transition at x/c =  0.0403   24

 138   rms: 0.1350E+04   max: -.7512E+04   C at   83  2   RLX: 0.000
       a = -3.500      CL = -0.1493
      Cm = -0.0499     CD =  0.91419   =>   CDf =  0.00523    CDp =  0.90896

 Side 1 forced transition at x/c =  1.0000   77
 Side 2  free  transition at x/c =  0.0403   24

 139   rms: 0.7628E+04   max: -.4219E+05   C at   83  2   RLX: 0.000
       a = -3.500      CL = -0.1493
      Cm = -0.0499     CD =  0.91538   =>   CDf =  0.00524    CDp =  0.91014

 Side 1 forced transition at x/c =  1.0000   77
 Side 2  free  transition at x/c =  0.0403   24

 140   rms: 0.5318E+05   max: 0.2946E+06   C at   83  2   RLX: 0.000
       a = -3.500      CL = -0.1493
      Cm = -0.0499     CD =  0.91509   =>   CDf =  0.00524    CDp =  0.90985

 Side 1 forced transition at x/c =  1.0000   77
 Side 2  free  transition at x/c =  0.0403   24

 141   rms: 0.1600E+04   max: -.8910E+04   C at   83  2   RLX: 0.000
       a = -3.500      CL = -0.1492
      Cm = -0.0499     CD =  0.91703   =>   CDf =  0.00524    CDp =  0.91180

 Side 1 forced transition at x/c =  1.0000   77
 Side 2  free  transition at x/c =  0.0403   24

 142   rms: 0.7557E+04   max: -.4182E+05   C at   83  2   RLX: 0.000
       a = -3.500      CL = -0.1491
      Cm = -0.0499     CD =  0.91816   =>   CDf =  0.00524    CDp =  0.91292

 Side 1 forced transition at x/c =  1.0000   77
 Side 2  free  transition at x/c =  0.0403   24

 143   rms: 0.5548E+05   max: 0.3074E+06   C at   83  2   RLX: 0.000
       a = -3.500      CL = -0.1492
      Cm = -0.0499     CD =  0.91788   =>   CDf =  0.00524    CDp =  0.91264

 Side 1 forced transition at x/c =  1.0000   77
 Side 2  free  transition at x/c =  0.0403   24

 144   rms: 0.1445E+04   max: -.8049E+04   C at   83  2   RLX: 0.000
       a = -3.500      CL = -0.1490
      Cm = -0.0500     CD =  0.91977   =>   CDf =  0.00524    CDp =  0.91453

 Side 1 forced transition at x/c =  1.0000   77
 Side 2  free  transition at x/c =  0.0403   24

 145   rms: 0.8142E+04   max: -.4505E+05   C at   83  2   RLX: 0.000
       a = -3.500      CL = -0.1490
      Cm = -0.0500     CD =  0.92101   =>   CDf =  0.00524    CDp =  0.91577

 Side 1 forced transition at x/c =  1.0000   77
 Side 2  free  transition at x/c =  0.0403   24

 146   rms: 0.6042E+05   max: 0.3347E+06   C at   83  2   RLX: 0.000
       a = -3.500      CL = -0.1490
      Cm = -0.0500     CD =  0.92072   =>   CDf =  0.00524    CDp =  0.91548

 Side 1 forced transition at x/c =  1.0000   77
 Side 2  free  transition at x/c =  0.0403   24

 147   rms: 0.1587E+04   max: -.8837E+04   C at   83  2   RLX: 0.000
       a = -3.500      CL = -0.1489
      Cm = -0.0500     CD =  0.92271   =>   CDf =  0.00524    CDp =  0.91747

 Side 1 forced transition at x/c =  1.0000   77
 Side 2  free  transition at x/c =  0.0403   24

 148   rms: 0.7578E+04   max: -.4194E+05   C at   83  2   RLX: 0.000
       a = -3.500      CL = -0.1488
      Cm = -0.0500     CD =  0.92383   =>   CDf =  0.00524    CDp =  0.91859

 Side 1 forced transition at x/c =  1.0000   77
 Side 2  free  transition at x/c =  0.0403   24

 149   rms: 0.5833E+05   max: 0.3232E+06   C at   83  2   RLX: 0.000
       a = -3.500      CL = -0.1489
      Cm = -0.0500     CD =  0.92353   =>   CDf =  0.00524    CDp =  0.91829

 Side 1 forced transition at x/c =  1.0000   77
 Side 2  free  transition at x/c =  0.0403   24

 150   rms: 0.1580E+04   max: -.8795E+04   C at   83  2   RLX: 0.000
       a = -3.500      CL = -0.1487
      Cm = -0.0501     CD =  0.92554   =>   CDf =  0.00524    CDp =  0.92030

 Side 1 forced transition at x/c =  1.0000   77
 Side 2  free  transition at x/c =  0.0403   24

 151   rms: 0.6724E+04   max: -.3722E+05   C at   83  2   RLX: 0.000
       a = -3.500      CL = -0.1487
      Cm = -0.0501     CD =  0.92664   =>   CDf =  0.00524    CDp =  0.92140

 Side 1 forced transition at x/c =  1.0000   77
 Side 2  free  transition at x/c =  0.0403   24

 152   rms: 0.5481E+05   max: 0.3037E+06   C at   83  2   RLX: 0.000
       a = -3.500      CL = -0.1487
      Cm = -0.0501     CD =  0.92634   =>   CDf =  0.00524    CDp =  0.92110

 Side 1 forced transition at x/c =  1.0000   77
 Side 2  free  transition at x/c =  0.0403   24

 153   rms: 0.1232E+04   max: -.6865E+04   C at   83  2   RLX: 0.000
       a = -3.500      CL = -0.1486
      Cm = -0.0501     CD =  0.92826   =>   CDf =  0.00524    CDp =  0.92302

 Side 1 forced transition at x/c =  1.0000   77
 Side 2  free  transition at x/c =  0.0403   24

 154   rms: 0.7865E+04   max: -.4353E+05   C at   83  2   RLX: 0.000
       a = -3.500      CL = -0.1485
      Cm = -0.0501     CD =  0.92946   =>   CDf =  0.00524    CDp =  0.92422

 Side 1 forced transition at x/c =  1.0000   77
 Side 2  free  transition at x/c =  0.0403   24

 155   rms: 0.6497E+05   max: 0.3600E+06   C at   83  2   RLX: 0.000
       a = -3.500      CL = -0.1486
      Cm = -0.0501     CD =  0.92913   =>   CDf =  0.00524    CDp =  0.92390

 Side 1 forced transition at x/c =  1.0000   77
 Side 2  free  transition at x/c =  0.0403   24

 156   rms: 0.1169E+04   max: -.6516E+04   C at   83  2   RLX: 0.000
       a = -3.500      CL = -0.1485
      Cm = -0.0502     CD =  0.93103   =>   CDf =  0.00524    CDp =  0.92579

 Side 1 forced transition at x/c =  1.0000   77
 Side 2  free  transition at x/c =  0.0403   24

 157   rms: 0.7553E+04   max: -.4180E+05   C at   83  2   RLX: 0.000
       a = -3.500      CL = -0.1484
      Cm = -0.0502     CD =  0.93229   =>   CDf =  0.00524    CDp =  0.92705

 Side 1 forced transition at x/c =  1.0000   77
 Side 2  free  transition at x/c =  0.0403   24

 158   rms: 0.6225E+05   max: 0.3450E+06   C at   83  2   RLX: 0.000
       a = -3.500      CL = -0.1484
      Cm = -0.0502     CD =  0.93197   =>   CDf =  0.00524    CDp =  0.92673

 Side 1 forced transition at x/c =  1.0000   77
 Side 2  free  transition at x/c =  0.0403   24

 159   rms: 0.1501E+04   max: -.8360E+04   C at   83  2   RLX: 0.000
       a = -3.500      CL = -0.1483
      Cm = -0.0502     CD =  0.93399   =>   CDf =  0.00524    CDp =  0.92875

 Side 1 forced transition at x/c =  1.0000   77
 Side 2  free  transition at x/c =  0.0403   24

 160   rms: 0.8214E+04   max: -.4546E+05   C at   83  2   RLX: 0.000
       a = -3.500      CL = -0.1483
      Cm = -0.0502     CD =  0.93519   =>   CDf =  0.00524    CDp =  0.92995

 Side 1 forced transition at x/c =  1.0000   77
 Side 2  free  transition at x/c =  0.0403   24

 161   rms: 0.7292E+05   max: 0.4041E+06   C at   83  2   RLX: 0.000
       a = -3.500      CL = -0.1483
      Cm = -0.0502     CD =  0.93487   =>   CDf =  0.00524    CDp =  0.92963

 Side 1 forced transition at x/c =  1.0000   77
 Side 2  free  transition at x/c =  0.0403   24

 162   rms: 0.1356E+04   max: -.7551E+04   C at   83  2   RLX: 0.000
       a = -3.500      CL = -0.1482
      Cm = -0.0503     CD =  0.93688   =>   CDf =  0.00524    CDp =  0.93164

 Side 1 forced transition at x/c =  1.0000   77
 Side 2  free  transition at x/c =  0.0403   24

 163   rms: 0.6468E+04   max: -.3579E+05   C at   83  2   RLX: 0.000
       a = -3.500      CL = -0.1481
      Cm = -0.0503     CD =  0.93811   =>   CDf =  0.00524    CDp =  0.93287

 Side 1 forced transition at x/c =  1.0000   77
 Side 2  free  transition at x/c =  0.0403   24

 164   rms: 0.7052E+05   max: 0.3908E+06   C at   83  2   RLX: 0.000
       a = -3.500      CL = -0.1481
      Cm = -0.0503     CD =  0.93779   =>   CDf =  0.00524    CDp =  0.93255

 Side 1 forced transition at x/c =  1.0000   77
 Side 2  free  transition at x/c =  0.0403   24

 165   rms: 0.1296E+04   max: -.7227E+04   C at   83  2   RLX: 0.000
       a = -3.500      CL = -0.1480
      Cm = -0.0503     CD =  0.93980   =>   CDf =  0.00524    CDp =  0.93456

 Side 1 forced transition at x/c =  1.0000   77
 Side 2  free  transition at x/c =  0.0403   24

 166   rms: 0.7069E+04   max: -.3910E+05   C at   83  2   RLX: 0.000
       a = -3.500      CL = -0.1480
      Cm = -0.0503     CD =  0.94101   =>   CDf =  0.00524    CDp =  0.93577

 Side 1 forced transition at x/c =  1.0000   77
 Side 2  free  transition at x/c =  0.0403   24

 167   rms: 0.7673E+05   max: 0.4253E+06   C at   83  2   RLX: 0.000
       a = -3.500      CL = -0.1480
      Cm = -0.0503     CD =  0.94067   =>   CDf =  0.00524    CDp =  0.93543

 Side 1 forced transition at x/c =  1.0000   77
 Side 2  free  transition at x/c =  0.0403   24

 168   rms: 0.1263E+04   max: -.7037E+04   C at   83  2   RLX: 0.000
       a = -3.500      CL = -0.1479
      Cm = -0.0504     CD =  0.94270   =>   CDf =  0.00524    CDp =  0.93746

 Side 1 forced transition at x/c =  1.0000   77
 Side 2  free  transition at x/c =  0.0403   24

 169   rms: 0.6382E+04   max: -.3531E+05   C at   83  2   RLX: 0.000
       a = -3.500      CL = -0.1478
      Cm = -0.0504     CD =  0.94391   =>   CDf =  0.00524    CDp =  0.93867

 Side 1 forced transition at x/c =  1.0000   77
 Side 2  free  transition at x/c =  0.0403   24

 170   rms: 0.8327E+05   max: 0.4615E+06   C at   83  2   RLX: 0.000
       a = -3.500      CL = -0.1479
      Cm = -0.0503     CD =  0.94360   =>   CDf =  0.00524    CDp =  0.93836

 Side 1 forced transition at x/c =  1.0000   77
 Side 2  free  transition at x/c =  0.0403   24

 171   rms: 0.1152E+04   max: -.6415E+04   C at   83  2   RLX: 0.000
       a = -3.500      CL = -0.1478
      Cm = -0.0504     CD =  0.94556   =>   CDf =  0.00524    CDp =  0.94032

 Side 1 forced transition at x/c =  1.0000   77
 Side 2  free  transition at x/c =  0.0403   24

 172   rms: 0.7335E+04   max: -.4059E+05   C at   83  2   RLX: 0.000
       a = -3.500      CL = -0.1477
      Cm = -0.0504     CD =  0.94691   =>   CDf =  0.00524    CDp =  0.94167

 Side 1 forced transition at x/c =  1.0000   77
 Side 2  free  transition at x/c =  0.0403   24

 173   rms: 0.8611E+05   max: 0.4773E+06   C at   83  2   RLX: 0.000
       a = -3.500      CL = -0.1477
      Cm = -0.0504     CD =  0.94657   =>   CDf =  0.00524    CDp =  0.94132

 Side 1 forced transition at x/c =  1.0000   77
 Side 2  free  transition at x/c =  0.0403   24

 174   rms: 0.1291E+04   max: -.7191E+04   C at   83  2   RLX: 0.000
       a = -3.500      CL = -0.1476
      Cm = -0.0504     CD =  0.94862   =>   CDf =  0.00524    CDp =  0.94338

 Side 1 forced transition at x/c =  1.0000   77
 Side 2  free  transition at x/c =  0.0403   24

 175   rms: 0.5929E+04   max: -.3281E+05   C at   83  2   RLX: 0.000
       a = -3.500      CL = -0.1476
      Cm = -0.0505     CD =  0.94988   =>   CDf =  0.00524    CDp =  0.94464

 Side 1 forced transition at x/c =  1.0000   77
 Side 2  free  transition at x/c =  0.0403   24

 176   rms: 0.8634E+05   max: 0.4786E+06   C at   83  2   RLX: 0.000
       a = -3.500      CL = -0.1476
      Cm = -0.0504     CD =  0.94954   =>   CDf =  0.00524    CDp =  0.94430

 Side 1 forced transition at x/c =  1.0000   77
 Side 2  free  transition at x/c =  0.0403   24

 177   rms: 0.1350E+04   max: -.7520E+04   C at   83  2   RLX: 0.000
       a = -3.500      CL = -0.1475
      Cm = -0.0505     CD =  0.95166   =>   CDf =  0.00524    CDp =  0.94641

 Side 1 forced transition at x/c =  1.0000   77
 Side 2  free  transition at x/c =  0.0403   24

 178   rms: 0.6660E+04   max: -.3686E+05   C at   83  2   RLX: 0.000
       a = -3.500      CL = -0.1474
      Cm = -0.0505     CD =  0.95287   =>   CDf =  0.00524    CDp =  0.94763

 Side 1 forced transition at x/c =  1.0000   77
 Side 2  free  transition at x/c =  0.0403   24

 179   rms: 0.9650E+05   max: 0.5349E+06   C at   83  2   RLX: 0.000
       a = -3.500      CL = -0.1474
      Cm = -0.0505     CD =  0.95254   =>   CDf =  0.00524    CDp =  0.94730

 Side 1 forced transition at x/c =  1.0000   77
 Side 2  free  transition at x/c =  0.0403   24

 180   rms: 0.1218E+04   max: -.6788E+04   C at   83  2   RLX: 0.000
       a = -3.500      CL = -0.1473
      Cm = -0.0505     CD =  0.95461   =>   CDf =  0.00524    CDp =  0.94937

 Side 1 forced transition at x/c =  1.0000   77
 Side 2  free  transition at x/c =  0.0403   24

 181   rms: 0.6425E+04   max: -.3556E+05   C at   83  2   RLX: 0.000
       a = -3.500      CL = -0.1473
      Cm = -0.0506     CD =  0.95594   =>   CDf =  0.00524    CDp =  0.95070

 Side 1 forced transition at x/c =  1.0000   77
 Side 2  free  transition at x/c =  0.0403   24

 182   rms: 0.1044E+06   max: 0.5789E+06   C at   83  2   RLX: 0.000
       a = -3.500      CL = -0.1473
      Cm = -0.0505     CD =  0.95560   =>   CDf =  0.00524    CDp =  0.95035

 Side 1 forced transition at x/c =  1.0000   77
 Side 2  free  transition at x/c =  0.0403   24

 183   rms: 0.1125E+04   max: -.6270E+04   C at   83  2   RLX: 0.000
       a = -3.500      CL = -0.1472
      Cm = -0.0506     CD =  0.95761   =>   CDf =  0.00524    CDp =  0.95237

 Side 1 forced transition at x/c =  1.0000   77
 Side 2  free  transition at x/c =  0.0403   24

 184   rms: 0.6718E+04   max: -.3718E+05   C at   83  2   RLX: 0.000
       a = -3.500      CL = -0.1471
      Cm = -0.0506     CD =  0.95905   =>   CDf =  0.00524    CDp =  0.95380

 Side 1 forced transition at x/c =  1.0000   77
 Side 2  free  transition at x/c =  0.0403   24

 185   rms: 0.1112E+06   max: 0.6162E+06   C at   83  2   RLX: 0.000
       a = -3.500      CL = -0.1472
      Cm = -0.0506     CD =  0.95869   =>   CDf =  0.00524    CDp =  0.95345

 Side 1 forced transition at x/c =  1.0000   77
 Side 2  free  transition at x/c =  0.0403   24

 186   rms: 0.1079E+04   max: -.6020E+04   C at   83  2   RLX: 0.000
       a = -3.500      CL = -0.1470
      Cm = -0.0506     CD =  0.96072   =>   CDf =  0.00524    CDp =  0.95547

 Side 1 forced transition at x/c =  1.0000   77
 Side 2  free  transition at x/c =  0.0403   24

 187   rms: 0.6227E+04   max: -.3446E+05   C at   83  2   RLX: 0.000
       a = -3.500      CL = -0.1470
      Cm = -0.0507     CD =  0.96216   =>   CDf =  0.00524    CDp =  0.95692

 Side 1 forced transition at x/c =  1.0000   77
 Side 2  free  transition at x/c =  0.0403   24

 188   rms: 0.1010E+06   max: 0.5597E+06   C at   83  2   RLX: 0.000
       a = -3.500      CL = -0.1470
      Cm = -0.0506     CD =  0.96180   =>   CDf =  0.00524    CDp =  0.95656

 Side 1 forced transition at x/c =  1.0000   77
 Side 2  free  transition at x/c =  0.0403   24

 189   rms: 0.1062E+04   max: -.5932E+04   C at   83  2   RLX: 0.000
       a = -3.500      CL = -0.1469
      Cm = -0.0507     CD =  0.96380   =>   CDf =  0.00524    CDp =  0.95855

 Side 1 forced transition at x/c =  1.0000   77
 Side 2  free  transition at x/c =  0.0403   24

 190   rms: 0.6470E+04   max: -.3580E+05   C at   83  2   RLX: 0.000
       a = -3.500      CL = -0.1469
      Cm = -0.0507     CD =  0.96540   =>   CDf =  0.00524    CDp =  0.96015

 Side 1 forced transition at x/c =  1.0000   77
 Side 2  free  transition at x/c =  0.0403   24

 191   rms: 0.1331E+06   max: 0.7380E+06   C at   83  2   RLX: 0.000
       a = -3.500      CL = -0.1469
      Cm = -0.0507     CD =  0.96503   =>   CDf =  0.00524    CDp =  0.95978

 Side 1 forced transition at x/c =  1.0000   77
 Side 2  free  transition at x/c =  0.0403   24

 192   rms: 0.1124E+04   max: -.6268E+04   C at   83  2   RLX: 0.000
       a = -3.500      CL = -0.1468
      Cm = -0.0507     CD =  0.96714   =>   CDf =  0.00524    CDp =  0.96190

 Side 1 forced transition at x/c =  1.0000   77
 Side 2  free  transition at x/c =  0.0403   24

 193   rms: 0.5960E+04   max: -.3299E+05   C at   83  2   RLX: 0.000
       a = -3.500      CL = -0.1467
      Cm = -0.0508     CD =  0.96859   =>   CDf =  0.00524    CDp =  0.96334

 Side 1 forced transition at x/c =  1.0000   77
 Side 2  free  transition at x/c =  0.0403   24

 194   rms: 0.1495E+06   max: 0.8286E+06   C at   83  2   RLX: 0.000
       a = -3.500      CL = -0.1467
      Cm = -0.0507     CD =  0.96821   =>   CDf =  0.00524    CDp =  0.96297

 Side 1 forced transition at x/c =  1.0000   77
 Side 2  free  transition at x/c =  0.0403   24

 195   rms: 0.1253E+04   max: -.6985E+04   C at   83  2   RLX: 0.000
       a = -3.500      CL = -0.1466
      Cm = -0.0508     CD =  0.97039   =>   CDf =  0.00524    CDp =  0.96514

 Side 1 forced transition at x/c =  1.0000   77
 Side 2  free  transition at x/c =  0.0403   24

 196   rms: 0.5678E+04   max: -.3143E+05   C at   83  2   RLX: 0.000
       a = -3.500      CL = -0.1466
      Cm = -0.0508     CD =  0.97180   =>   CDf =  0.00525    CDp =  0.96656

 Side 1 forced transition at x/c =  1.0000   77
 Side 2  free  transition at x/c =  0.0403   24

 197   rms: 0.1636E+06   max: 0.9069E+06   C at   83  2   RLX: 0.000
       a = -3.500      CL = -0.1466
      Cm = -0.0508     CD =  0.97145   =>   CDf =  0.00525    CDp =  0.96620

 Side 1 forced transition at x/c =  1.0000   77
 Side 2  free  transition at x/c =  0.0403   24

 198   rms: 0.1164E+04   max: -.6486E+04   C at   83  2   RLX: 0.000
       a = -3.500      CL = -0.1465
      Cm = -0.0508     CD =  0.97363   =>   CDf =  0.00525    CDp =  0.96838

 Side 1 forced transition at x/c =  1.0000   77
 Side 2  free  transition at x/c =  0.0403   24

 199   rms: 0.6220E+04   max: -.3443E+05   C at   83  2   RLX: 0.000
       a = -3.500      CL = -0.1464
      Cm = -0.0509     CD =  0.97504   =>   CDf =  0.00525    CDp =  0.96980

 Side 1 forced transition at x/c =  1.0000   77
 Side 2  free  transition at x/c =  0.0403   24

 200   rms: 0.2194E+06   max: 0.1216E+07   C at   83  2   RLX: 0.000
       a = -3.500      CL = -0.1464
      Cm = -0.0508     CD =  0.97467   =>   CDf =  0.00525    CDp =  0.96942

 Side 1 forced transition at x/c =  1.0000   77
 Side 2  free  transition at x/c =  0.0403   24

 201   rms: 0.1161E+04   max: -.6471E+04   C at   83  2   RLX: 0.000
       a = -3.500      CL = -0.1463
      Cm = -0.0509     CD =  0.97688   =>   CDf =  0.00525    CDp =  0.97163

 Side 1 forced transition at x/c =  1.0000   77
 Side 2  free  transition at x/c =  0.0403   24

 202   rms: 0.4802E+04   max: -.2660E+05   C at   83  2   RLX: 0.000
       a = -3.500      CL = -0.1463
      Cm = -0.0509     CD =  0.97830   =>   CDf =  0.00525    CDp =  0.97305

 Side 1 forced transition at x/c =  1.0000   77
 Side 2  free  transition at x/c =  0.0403   24

 203   rms: 0.2549E+06   max: 0.1413E+07   C at   83  2   RLX: 0.000
       a = -3.500      CL = -0.1463
      Cm = -0.0509     CD =  0.97795   =>   CDf =  0.00525    CDp =  0.97270

 Side 1 forced transition at x/c =  1.0000   77
 Side 2  free  transition at x/c =  0.0403   24

 204   rms: 0.1290E+04   max: -.7192E+04   C at   83  2   RLX: 0.000
       a = -3.500      CL = -0.1462
      Cm = -0.0509     CD =  0.98025   =>   CDf =  0.00525    CDp =  0.97500

 Side 1 forced transition at x/c =  1.0000   77
 Side 2  free  transition at x/c =  0.0403   24

 205   rms: 0.5717E+04   max: -.3165E+05   C at   83  2   RLX: 0.000
       a = -3.500      CL = -0.1461
      Cm = -0.0509     CD =  0.98156   =>   CDf =  0.00525    CDp =  0.97631

 Side 1 forced transition at x/c =  1.0000   77
 Side 2  free  transition at x/c =  0.0403   24

 206   rms: 0.3274E+06   max: 0.1816E+07   C at   83  2   RLX: 0.000
       a = -3.500      CL = -0.1462
      Cm = -0.0509     CD =  0.98117   =>   CDf =  0.00525    CDp =  0.97593

 Side 1 forced transition at x/c =  1.0000   77
 Side 2  free  transition at x/c =  0.0403   24

 207   rms: 0.1080E+04   max: -.6014E+04   C at   83  2   RLX: 0.000
       a = -3.500      CL = -0.1460
      Cm = -0.0510     CD =  0.98339   =>   CDf =  0.00525    CDp =  0.97814

 Side 1 forced transition at x/c =  1.0000   77
 Side 2  free  transition at x/c =  0.0403   24

 208   rms: 0.5436E+04   max: -.3010E+05   C at   83  2   RLX: 0.000
       a = -3.500      CL = -0.1460
      Cm = -0.0510     CD =  0.98491   =>   CDf =  0.00525    CDp =  0.97966

 Side 1 forced transition at x/c =  1.0000   77
 Side 2  free  transition at x/c =  0.0403   24

 209   rms: 0.4552E+06   max: 0.2524E+07   C at   83  2   RLX: 0.000
       a = -3.500      CL = -0.1460
      Cm = -0.0510     CD =  0.98451   =>   CDf =  0.00525    CDp =  0.97926

 Side 1 forced transition at x/c =  1.0000   77
 Side 2  free  transition at x/c =  0.0403   24

 210   rms: 0.1030E+04   max: -.5745E+04   C at   83  2   RLX: 0.000
       a = -3.500      CL = -0.1459
      Cm = -0.0510     CD =  0.98672   =>   CDf =  0.00525    CDp =  0.98147

 Side 1 forced transition at x/c =  1.0000   77
 Side 2  free  transition at x/c =  0.0403   24

 211   rms: 0.4714E+04   max: -.2610E+05   C at   83  2   RLX: 0.000
       a = -3.500      CL = -0.1459
      Cm = -0.0510     CD =  0.98814   =>   CDf =  0.00525    CDp =  0.98289

 Side 1 forced transition at x/c =  1.0000   77
 Side 2  free  transition at x/c =  0.0403   24

 212   rms: 0.6257E+06   max: 0.3470E+07   C at   83  2   RLX: 0.000
       a = -3.500      CL = -0.1459
      Cm = -0.0510     CD =  0.98773   =>   CDf =  0.00525    CDp =  0.98248

 Side 1 forced transition at x/c =  1.0000   77
 Side 2  free  transition at x/c =  0.0403   24

 213   rms: 0.1214E+04   max: -.6764E+04   C at   83  2   RLX: 0.000
       a = -3.500      CL = -0.1458
      Cm = -0.0511     CD =  0.99007   =>   CDf =  0.00525    CDp =  0.98482

 Side 1 forced transition at x/c =  1.0000   77
 Side 2  free  transition at x/c =  0.0403   24

 214   rms: 0.5525E+04   max: -.3059E+05   C at   83  2   RLX: 0.000
       a = -3.500      CL = -0.1457
      Cm = -0.0511     CD =  0.99145   =>   CDf =  0.00525    CDp =  0.98621

 Side 1 forced transition at x/c =  1.0000   77
 Side 2  free  transition at x/c =  0.0403   24

 215   rms: 0.1342E+07   max: 0.7445E+07   C at   83  2   RLX: 0.000
       a = -3.500      CL = -0.1457
      Cm = -0.0511     CD =  0.99102   =>   CDf =  0.00525    CDp =  0.98578

 Side 1 forced transition at x/c =  1.0000   77
 Side 2  free  transition at x/c =  0.0403   24

 216   rms: 0.1152E+04   max: -.6426E+04   C at   83  2   RLX: 0.000
       a = -3.500      CL = -0.1456
      Cm = -0.0511     CD =  0.99335   =>   CDf =  0.00525    CDp =  0.98810

 Side 1 forced transition at x/c =  1.0000   77
 Side 2  free  transition at x/c =  0.0403   24

 217   rms: 0.4939E+04   max: -.2734E+05   C at   83  2   RLX: 0.000
       a = -3.500      CL = -0.1456
      Cm = -0.0511     CD =  0.99476   =>   CDf =  0.00525    CDp =  0.98951

 Side 1 forced transition at x/c =  1.0000   77
 Side 2  free  transition at x/c =  0.0403   24

 218   rms: 0.5343E+07   max: -.2963E+08   C at   83  2   RLX: 0.000
       a = -3.500      CL = -0.1456
      Cm = -0.0511     CD =  0.99525   =>   CDf =  0.00525    CDp =  0.99000

 Side 1 forced transition at x/c =  1.0000   77
 Side 2  free  transition at x/c =  0.0403   24

 219   rms: 0.2179E+05   max: 0.1220E+06   C at   83  2   RLX: 0.000
       a = -3.500      CL = -0.1456
      Cm = -0.0511     CD =  0.99496   =>   CDf =  0.00525    CDp =  0.98971

 Side 1 forced transition at x/c =  1.0000   77
 Side 2  free  transition at x/c =  0.0403   24

 220   rms: 0.4863E+04   max: -.2693E+05   C at   83  2   RLX: 0.000
       a = -3.500      CL = -0.1455
      Cm = -0.0511     CD =  0.99595   =>   CDf =  0.00525    CDp =  0.99070

 Side 1 forced transition at x/c =  1.0000   77
 Side 2  free  transition at x/c =  0.0403   24

 221   rms: 0.1371E+06   max: -.7601E+06   C at   83  2   RLX: 0.000
       a = -3.500      CL = -0.1455
      Cm = -0.0512     CD =  0.99646   =>   CDf =  0.00525    CDp =  0.99121

 Side 1 forced transition at x/c =  1.0000   77
 Side 2  free  transition at x/c =  0.0403   24

 222   rms: 0.1864E+05   max: 0.1042E+06   C at   83  2   RLX: 0.000
       a = -3.500      CL = -0.1455
      Cm = -0.0511     CD =  0.99614   =>   CDf =  0.00525    CDp =  0.99089

 Side 1 forced transition at x/c =  1.0000   77
 Side 2  free  transition at x/c =  0.0403   24

 223   rms: 0.4281E+04   max: -.2370E+05   C at   83  2   RLX: 0.000
       a = -3.500      CL = -0.1455
      Cm = -0.0512     CD =  0.99721   =>   CDf =  0.00525    CDp =  0.99196

 Side 1 forced transition at x/c =  1.0000   77
 Side 2  free  transition at x/c =  0.0403   24

 224   rms: 0.7995E+05   max: -.4431E+06   C at   83  2   RLX: 0.000
       a = -3.500      CL = -0.1455
      Cm = -0.0512     CD =  0.99776   =>   CDf =  0.00525    CDp =  0.99251

 Side 1 forced transition at x/c =  1.0000   77
 Side 2  free  transition at x/c =  0.0403   24

 225   rms: 0.2577E+05   max: 0.1440E+06   C at   83  2   RLX: 0.000
       a = -3.500      CL = -0.1455
      Cm = -0.0512     CD =  0.99747   =>   CDf =  0.00525    CDp =  0.99222

 Side 1 forced transition at x/c =  1.0000   77
 Side 2  free  transition at x/c =  0.0403   24

 226   rms: 0.3990E+04   max: -.2210E+05   C at   83  2   RLX: 0.000
       a = -3.500      CL = -0.1454
      Cm = -0.0512     CD =  0.99857   =>   CDf =  0.00525    CDp =  0.99333

 Side 1 forced transition at x/c =  1.0000   77
 Side 2  free  transition at x/c =  0.0403   24

 227   rms: 0.4651E+05   max: -.2577E+06   C at   83  2   RLX: 0.000
       a = -3.500      CL = -0.1454
      Cm = -0.0512     CD =  0.99917   =>   CDf =  0.00525    CDp =  0.99392

 Side 1 forced transition at x/c =  1.0000   77
 Side 2  free  transition at x/c =  0.0403   24

 228   rms: 0.2600E+05   max: 0.1452E+06   C at   83  2   RLX: 0.000
       a = -3.500      CL = -0.1454
      Cm = -0.0512     CD =  0.99886   =>   CDf =  0.00525    CDp =  0.99361

 Side 1 forced transition at x/c =  1.0000   77
 Side 2  free  transition at x/c =  0.0403   24

 229   rms: 0.3478E+04   max: -.1927E+05   C at   83  2   RLX: 0.000
       a = -3.500      CL = -0.1453
      Cm = -0.0512     CD =  1.00004   =>   CDf =  0.00525    CDp =  0.99479

 Side 1 forced transition at x/c =  1.0000   77
 Side 2  free  transition at x/c =  0.0403   24

 230   rms: 0.3750E+05   max: -.2077E+06   C at   83  2   RLX: 0.000
       a = -3.500      CL = -0.1453
      Cm = -0.0512     CD =  1.00067   =>   CDf =  0.00525    CDp =  0.99542

 Side 1 forced transition at x/c =  1.0000   77
 Side 2  free  transition at x/c =  0.0403   24

 231   rms: 0.2682E+05   max: 0.1497E+06   C at   83  2   RLX: 0.000
       a = -3.500      CL = -0.1453
      Cm = -0.0512     CD =  1.00035   =>   CDf =  0.00525    CDp =  0.99510

 Side 1 forced transition at x/c =  1.0000   77
 Side 2  free  transition at x/c =  0.0403   24

 232   rms: 0.3793E+04   max: -.2101E+05   C at   83  2   RLX: 0.000
       a = -3.500      CL = -0.1453
      Cm = -0.0512     CD =  1.00163   =>   CDf =  0.00525    CDp =  0.99638

 Side 1 forced transition at x/c =  1.0000   77
 Side 2  free  transition at x/c =  0.0403   24

 233   rms: 0.2623E+05   max: -.1453E+06   C at   83  2   RLX: 0.000
       a = -3.500      CL = -0.1453
      Cm = -0.0512     CD =  1.00227   =>   CDf =  0.00525    CDp =  0.99702

 Side 1 forced transition at x/c =  1.0000   77
 Side 2  free  transition at x/c =  0.0403   24

 234   rms: 0.2324E+05   max: 0.1296E+06   C at   83  2   RLX: 0.000
       a = -3.500      CL = -0.1453
      Cm = -0.0512     CD =  1.00192   =>   CDf =  0.00525    CDp =  0.99667

 Side 1 forced transition at x/c =  1.0000   77
 Side 2  free  transition at x/c =  0.0403   24

 235   rms: 0.2828E+04   max: -.1568E+05   C at   83  2   RLX: 0.000
       a = -3.500      CL = -0.1452
      Cm = -0.0512     CD =  1.00323   =>   CDf =  0.00525    CDp =  0.99798

 Side 1 forced transition at x/c =  1.0000   77
 Side 2  free  transition at x/c =  0.0403   24

 236   rms: 0.2444E+05   max: -.1353E+06   C at   83  2   RLX: 0.000
       a = -3.500      CL = -0.1452
      Cm = -0.0513     CD =  1.00397   =>   CDf =  0.00525    CDp =  0.99872

 Side 1 forced transition at x/c =  1.0000   77
 Side 2  free  transition at x/c =  0.0403   24

 237   rms: 0.2983E+05   max: 0.1663E+06   C at   83  2   RLX: 0.000
       a = -3.500      CL = -0.1452
      Cm = -0.0512     CD =  1.00363   =>   CDf =  0.00525    CDp =  0.99838

 Side 1 forced transition at x/c =  1.0000   77
 Side 2  free  transition at x/c =  0.0403   24

 238   rms: 0.2700E+04   max: -.1497E+05   C at   83  2   RLX: 0.000
       a = -3.500      CL = -0.1451
      Cm = -0.0513     CD =  1.00499   =>   CDf =  0.00525    CDp =  0.99974

 Side 1 forced transition at x/c =  1.0000   77
 Side 2  free  transition at x/c =  0.0403   24

 239   rms: 0.1839E+05   max: -.1018E+06   C at   83  2   RLX: 0.000
       a = -3.500      CL = -0.1451
      Cm = -0.0513     CD =  1.00574   =>   CDf =  0.00525    CDp =  1.00049

 Side 1 forced transition at x/c =  1.0000   77
 Side 2  free  transition at x/c =  0.0403   24

 240   rms: 0.3122E+05   max: 0.1740E+06   C at   83  2   RLX: 0.000
       a = -3.500      CL = -0.1451
      Cm = -0.0513     CD =  1.00540   =>   CDf =  0.00525    CDp =  1.00015

 Side 1 forced transition at x/c =  1.0000   77
 Side 2  free  transition at x/c =  0.0403   24

 241   rms: 0.2800E+04   max: -.1552E+05   C at   83  2   RLX: 0.000
       a = -3.500      CL = -0.1450
      Cm = -0.0513     CD =  1.00685   =>   CDf =  0.00525    CDp =  1.00160

 Side 1 forced transition at x/c =  1.0000   77
 Side 2  free  transition at x/c =  0.0403   24

 242   rms: 0.1584E+05   max: -.8772E+05   C at   83  2   RLX: 0.000
       a = -3.500      CL = -0.1450
      Cm = -0.0513     CD =  1.00765   =>   CDf =  0.00525    CDp =  1.00240

 Side 1 forced transition at x/c =  1.0000   77
 Side 2  free  transition at x/c =  0.0403   24

 243   rms: 0.3082E+05   max: 0.1717E+06   C at   83  2   RLX: 0.000
       a = -3.500      CL = -0.1450
      Cm = -0.0513     CD =  1.00729   =>   CDf =  0.00525    CDp =  1.00204

 Side 1 forced transition at x/c =  1.0000   77
 Side 2  free  transition at x/c =  0.0403   24

 244   rms: 0.2542E+04   max: -.1409E+05   C at   83  2   RLX: 0.000
       a = -3.500      CL = -0.1450
      Cm = -0.0513     CD =  1.00880   =>   CDf =  0.00525    CDp =  1.00355

 Side 1 forced transition at x/c =  1.0000   77
 Side 2  free  transition at x/c =  0.0403   24

 245   rms: 0.1528E+05   max: -.8463E+05   C at   83  2   RLX: 0.000
       a = -3.500      CL = -0.1449
      Cm = -0.0513     CD =  1.00965   =>   CDf =  0.00525    CDp =  1.00440

 Side 1 forced transition at x/c =  1.0000   77
 Side 2  free  transition at x/c =  0.0403   24

 246   rms: 0.3420E+05   max: 0.1904E+06   C at   83  2   RLX: 0.000
       a = -3.500      CL = -0.1449
      Cm = -0.0513     CD =  1.00929   =>   CDf =  0.00525    CDp =  1.00404

 Side 1 forced transition at x/c =  1.0000   77
 Side 2  free  transition at x/c =  0.0403   24

 247   rms: 0.2079E+04   max: -.1153E+05   C at   83  2   RLX: 0.000
       a = -3.500      CL = -0.1449
      Cm = -0.0514     CD =  1.01082   =>   CDf =  0.00525    CDp =  1.00557

 Side 1 forced transition at x/c =  1.0000   77
 Side 2  free  transition at x/c =  0.0403   24

 248   rms: 0.1405E+05   max: -.7778E+05   C at   83  2   RLX: 0.000
       a = -3.500      CL = -0.1449
      Cm = -0.0514     CD =  1.01172   =>   CDf =  0.00525    CDp =  1.00646

 Side 1 forced transition at x/c =  1.0000   77
 Side 2  free  transition at x/c =  0.0403   24

 249   rms: 0.3425E+05   max: 0.1906E+06   C at   83  2   RLX: 0.000
       a = -3.500      CL = -0.1449
      Cm = -0.0513     CD =  1.01134   =>   CDf =  0.00525    CDp =  1.00609

 Side 1 forced transition at x/c =  1.0000   77
 Side 2  free  transition at x/c =  0.0403   24

 250   rms: 0.2216E+04   max: -.1230E+05   C at   83  2   RLX: 0.000
       a = -3.500      CL = -0.1448
      Cm = -0.0514     CD =  1.01297   =>   CDf =  0.00525    CDp =  1.00772

 Side 1 forced transition at x/c =  1.0000   77
 Side 2  free  transition at x/c =  0.0403   24

 251   rms: 0.1359E+05   max: -.7524E+05   C at   83  2   RLX: 0.000
       a = -3.500      CL = -0.1448
      Cm = -0.0514     CD =  1.01385   =>   CDf =  0.00525    CDp =  1.00859

 Side 1 forced transition at x/c =  1.0000   77
 Side 2  free  transition at x/c =  0.0403   24

 252   rms: 0.4080E+05   max: 0.2270E+06   C at   83  2   RLX: 0.000
       a = -3.500      CL = -0.1448
      Cm = -0.0514     CD =  1.01347   =>   CDf =  0.00525    CDp =  1.00821

 Side 1 forced transition at x/c =  1.0000   77
 Side 2  free  transition at x/c =  0.0403   24

 253   rms: 0.2012E+04   max: -.1116E+05   C at   83  2   RLX: 0.000
       a = -3.500      CL = -0.1447
      Cm = -0.0514     CD =  1.01513   =>   CDf =  0.00525    CDp =  1.00988

 Side 1 forced transition at x/c =  1.0000   77
 Side 2  free  transition at x/c =  0.0403   24

 254   rms: 0.1209E+05   max: -.6695E+05   C at   83  2   RLX: 0.000
       a = -3.500      CL = -0.1447
      Cm = -0.0514     CD =  1.01607   =>   CDf =  0.00525    CDp =  1.01082

 Side 1 forced transition at x/c =  1.0000   77
 Side 2  free  transition at x/c =  0.0403   24

 255   rms: 0.3975E+05   max: 0.2211E+06   C at   83  2   RLX: 0.000
       a = -3.500      CL = -0.1447
      Cm = -0.0514     CD =  1.01568   =>   CDf =  0.00525    CDp =  1.01042

 MRCHDU: Convergence failed at  24  side 2    Res =  0.8263E-05
 Side 1 forced transition at x/c =  1.0000   77
 Side 2  free  transition at x/c =  0.0403   24

 256   rms: 0.1787E+04   max: -.9912E+04   C at   83  2   RLX: 0.000
       a = -3.500      CL = -0.1446
      Cm = -0.0514     CD =  1.01736   =>   CDf =  0.00525    CDp =  1.01211

 Side 1 forced transition at x/c =  1.0000   77
 Side 2  free  transition at x/c =  0.0403   24

 257   rms: 0.9845E+04   max: -.5451E+05   C at   83  2   RLX: 0.000
       a = -3.500      CL = -0.1446
      Cm = -0.0514     CD =  1.01835   =>   CDf =  0.00525    CDp =  1.01310

 Side 1 forced transition at x/c =  1.0000   77
 Side 2  free  transition at x/c =  0.0403   24

 258   rms: 0.5029E+05   max: 0.2797E+06   C at   83  2   RLX: 0.000
       a = -3.500      CL = -0.1446
      Cm = -0.0514     CD =  1.01797   =>   CDf =  0.00525    CDp =  1.01272

 Side 1 forced transition at x/c =  1.0000   77
 Side 2  free  transition at x/c =  0.0403   24

 259   rms: 0.1780E+04   max: -.9886E+04   C at   83  2   RLX: 0.000
       a = -3.500      CL = -0.1445
      Cm = -0.0515     CD =  1.01972   =>   CDf =  0.00525    CDp =  1.01447

 Side 1 forced transition at x/c =  1.0000   77
 Side 2  free  transition at x/c =  0.0403   24

 260   rms: 0.9940E+04   max: -.5504E+05   C at   83  2   RLX: 0.000
       a = -3.500      CL = -0.1445
      Cm = -0.0515     CD =  1.02073   =>   CDf =  0.00525    CDp =  1.01547

 Side 1 forced transition at x/c =  1.0000   77
 Side 2  free  transition at x/c =  0.0403   24

 261   rms: 0.4860E+05   max: 0.2703E+06   C at   83  2   RLX: 0.000
       a = -3.500      CL = -0.1445
      Cm = -0.0515     CD =  1.02032   =>   CDf =  0.00525    CDp =  1.01507

 Side 1 forced transition at x/c =  1.0000   77
 Side 2  free  transition at x/c =  0.0403   24

 262   rms: 0.1842E+04   max: -.1024E+05   C at   83  2   RLX: 0.000
       a = -3.500      CL = -0.1444
      Cm = -0.0515     CD =  1.02217   =>   CDf =  0.00525    CDp =  1.01691

 Side 1 forced transition at x/c =  1.0000   77
 Side 2  free  transition at x/c =  0.0403   24

 263   rms: 0.8975E+04   max: -.4969E+05   C at   83  2   RLX: 0.000
       a = -3.500      CL = -0.1444
      Cm = -0.0515     CD =  1.02320   =>   CDf =  0.00525    CDp =  1.01795

 Side 1 forced transition at x/c =  1.0000   77
 Side 2  free  transition at x/c =  0.0403   24

 264   rms: 0.5085E+05   max: 0.2827E+06   C at   83  2   RLX: 0.000
       a = -3.500      CL = -0.1444
      Cm = -0.0515     CD =  1.02279   =>   CDf =  0.00525    CDp =  1.01754

 Side 1 forced transition at x/c =  1.0000   77
 Side 2  free  transition at x/c =  0.0403   24

 265   rms: 0.1586E+04   max: -.8821E+04   C at   83  2   RLX: 0.000
       a = -3.500      CL = -0.1443
      Cm = -0.0515     CD =  1.02465   =>   CDf =  0.00525    CDp =  1.01939

 Side 1 forced transition at x/c =  1.0000   77
 Side 2  free  transition at x/c =  0.0403   24

 266   rms: 0.8527E+04   max: -.4721E+05   C at   83  2   RLX: 0.000
       a = -3.500      CL = -0.1443
      Cm = -0.0515     CD =  1.02572   =>   CDf =  0.00525    CDp =  1.02047

 Side 1 forced transition at x/c =  1.0000   77
 Side 2  free  transition at x/c =  0.0403   24

 267   rms: 0.6285E+05   max: 0.3494E+06   C at   83  2   RLX: 0.000
       a = -3.500      CL = -0.1443
      Cm = -0.0515     CD =  1.02529   =>   CDf =  0.00525    CDp =  1.02004

 Side 1 forced transition at x/c =  1.0000   77
 Side 2  free  transition at x/c =  0.0403   24

 268   rms: 0.1563E+04   max: -.8696E+04   C at   83  2   RLX: 0.000
       a = -3.500      CL = -0.1442
      Cm = -0.0516     CD =  1.02720   =>   CDf =  0.00525    CDp =  1.02194

 Side 1 forced transition at x/c =  1.0000   77
 Side 2  free  transition at x/c =  0.0403   24

 269   rms: 0.7896E+04   max: -.4371E+05   C at   83  2   RLX: 0.000
       a = -3.500      CL = -0.1442
      Cm = -0.0516     CD =  1.02834   =>   CDf =  0.00525    CDp =  1.02308

 Side 1 forced transition at x/c =  1.0000   77
 Side 2  free  transition at x/c =  0.0403   24

 270   rms: 0.6735E+05   max: 0.3744E+06   C at   83  2   RLX: 0.000
       a = -3.500      CL = -0.1442
      Cm = -0.0516     CD =  1.02791   =>   CDf =  0.00525    CDp =  1.02266

 Side 1 forced transition at x/c =  1.0000   77
 Side 2  free  transition at x/c =  0.0403   24

 271   rms: 0.1408E+04   max: -.7831E+04   C at   83  2   RLX: 0.000
       a = -3.500      CL = -0.1441
      Cm = -0.0516     CD =  1.02983   =>   CDf =  0.00525    CDp =  1.02458

 Side 1 forced transition at x/c =  1.0000   77
 Side 2  free  transition at x/c =  0.0403   24

 272   rms: 0.7667E+04   max: -.4246E+05   C at   83  2   RLX: 0.000
       a = -3.500      CL = -0.1441
      Cm = -0.0516     CD =  1.03100   =>   CDf =  0.00525    CDp =  1.02575

 Side 1 forced transition at x/c =  1.0000   77
 Side 2  free  transition at x/c =  0.0403   24

 273   rms: 0.8098E+05   max: 0.4501E+06   C at   83  2   RLX: 0.000
       a = -3.500      CL = -0.1441
      Cm = -0.0516     CD =  1.03055   =>   CDf =  0.00525    CDp =  1.02530

 Side 1 forced transition at x/c =  1.0000   77
 Side 2  free  transition at x/c =  0.0403   24

 274   rms: 0.1602E+04   max: -.8909E+04   C at   83  2   RLX: 0.000
       a = -3.500      CL = -0.1440
      Cm = -0.0516     CD =  1.03259   =>   CDf =  0.00525    CDp =  1.02733

 Side 1 forced transition at x/c =  1.0000   77
 Side 2  free  transition at x/c =  0.0403   24

 275   rms: 0.7881E+04   max: -.4364E+05   C at   83  2   RLX: 0.000
       a = -3.500      CL = -0.1440
      Cm = -0.0516     CD =  1.03377   =>   CDf =  0.00525    CDp =  1.02851

 MRCHDU: Convergence failed at  24  side 2    Res =  0.7869E-05
 MRCHDU: Convergence failed at  83  side 2    Res =  0.9380E-05
 Side 1 forced transition at x/c =  1.0000   77
 Side 2  free  transition at x/c =  0.0403   24

 276   rms: 0.8782E+05   max: 0.4881E+06   C at   83  2   RLX: 0.000
       a = -3.500      CL = -0.1440
      Cm = -0.0516     CD =  1.03333   =>   CDf =  0.00525    CDp =  1.02807

 Side 1 forced transition at x/c =  1.0000   77
 Side 2  free  transition at x/c =  0.0403   24

 277   rms: 0.1407E+04   max: -.7833E+04   C at   83  2   RLX: 0.000
       a = -3.500      CL = -0.1439
      Cm = -0.0517     CD =  1.03536   =>   CDf =  0.00525    CDp =  1.03010

 Side 1 forced transition at x/c =  1.0000   77
 Side 2  free  transition at x/c =  0.0403   24

 278   rms: 0.7307E+04   max: -.4046E+05   C at   83  2   RLX: 0.000
       a = -3.500      CL = -0.1439
      Cm = -0.0517     CD =  1.03659   =>   CDf =  0.00525    CDp =  1.03134

 Side 1 forced transition at x/c =  1.0000   77
 Side 2  free  transition at x/c =  0.0403   24

 279   rms: 0.1135E+06   max: 0.6308E+06   C at   83  2   RLX: 0.000
       a = -3.500      CL = -0.1439
      Cm = -0.0517     CD =  1.03614   =>   CDf =  0.00525    CDp =  1.03089

 Side 1 forced transition at x/c =  1.0000   77
 Side 2  free  transition at x/c =  0.0403   24

 280   rms: 0.1336E+04   max: -.7437E+04   C at   83  2   RLX: 0.000
       a = -3.500      CL = -0.1438
      Cm = -0.0517     CD =  1.03822   =>   CDf =  0.00525    CDp =  1.03296

 Side 1 forced transition at x/c =  1.0000   77
 Side 2  free  transition at x/c =  0.0403   24

 281   rms: 0.7105E+04   max: -.3935E+05   C at   83  2   RLX: 0.000
       a = -3.500      CL = -0.1438
      Cm = -0.0517     CD =  1.03949   =>   CDf =  0.00525    CDp =  1.03423

 Side 1 forced transition at x/c =  1.0000   77
 Side 2  free  transition at x/c =  0.0403   24

 282   rms: 0.1310E+06   max: 0.7278E+06   C at   83  2   RLX: 0.000
       a = -3.500      CL = -0.1438
      Cm = -0.0517     CD =  1.03902   =>   CDf =  0.00526    CDp =  1.03377

 Side 1 forced transition at x/c =  1.0000   77
 Side 2  free  transition at x/c =  0.0403   24

 283   rms: 0.1407E+04   max: -.7836E+04   C at   83  2   RLX: 0.000
       a = -3.500      CL = -0.1437
      Cm = -0.0517     CD =  1.04118   =>   CDf =  0.00525    CDp =  1.03593

 MRCHDU: Convergence failed at  24  side 2    Res =  0.7877E-05
 Side 1 forced transition at x/c =  1.0000   77
 Side 2  free  transition at x/c =  0.0403   24

 284   rms: 0.6202E+04   max: -.3435E+05   C at   83  2   RLX: 0.000
       a = -3.500      CL = -0.1437
      Cm = -0.0517     CD =  1.04246   =>   CDf =  0.00526    CDp =  1.03720

 Side 1 forced transition at x/c =  1.0000   77
 Side 2  free  transition at x/c =  0.0403   24

 285   rms: 0.1854E+06   max: 0.1030E+07   C at   83  2   RLX: 0.000
       a = -3.500      CL = -0.1437
      Cm = -0.0517     CD =  1.04201   =>   CDf =  0.00526    CDp =  1.03675

 Side 1 forced transition at x/c =  1.0000   77
 Side 2  free  transition at x/c =  0.0403   24

 286   rms: 0.1376E+04   max: -.7675E+04   C at   83  2   RLX: 0.000
       a = -3.500      CL = -0.1436
      Cm = -0.0518     CD =  1.04419   =>   CDf =  0.00526    CDp =  1.03894

 Side 1 forced transition at x/c =  1.0000   77
 Side 2  free  transition at x/c =  0.0403   24

 287   rms: 0.7258E+04   max: -.4020E+05   C at   83  2   RLX: 0.000
       a = -3.500      CL = -0.1436
      Cm = -0.0518     CD =  1.04554   =>   CDf =  0.00526    CDp =  1.04028

 Side 1 forced transition at x/c =  1.0000   77
 Side 2  free  transition at x/c =  0.0403   24

 288   rms: 0.2471E+06   max: 0.1373E+07   C at   83  2   RLX: 0.000
       a = -3.500      CL = -0.1436
      Cm = -0.0518     CD =  1.04505   =>   CDf =  0.00526    CDp =  1.03980

 Side 1 forced transition at x/c =  1.0000   77
 Side 2  free  transition at x/c =  0.0403   24

 289   rms: 0.1476E+04   max: -.8216E+04   C at   83  2   RLX: 0.000
       a = -3.500      CL = -0.1435
      Cm = -0.0518     CD =  1.04737   =>   CDf =  0.00526    CDp =  1.04212

 Side 1 forced transition at x/c =  1.0000   77
 Side 2  free  transition at x/c =  0.0403   24

 290   rms: 0.6951E+04   max: -.3849E+05   C at   83  2   RLX: 0.000
       a = -3.500      CL = -0.1434
      Cm = -0.0518     CD =  1.04864   =>   CDf =  0.00526    CDp =  1.04339

 Side 1 forced transition at x/c =  1.0000   77
 Side 2  free  transition at x/c =  0.0403   24

 291   rms: 0.3994E+06   max: 0.2219E+07   C at   83  2   RLX: 0.000
       a = -3.500      CL = -0.1434
      Cm = -0.0518     CD =  1.04815   =>   CDf =  0.00526    CDp =  1.04289

 Side 1 forced transition at x/c =  1.0000   77
 Side 2  free  transition at x/c =  0.0403   24

 292   rms: 0.1417E+04   max: -.7883E+04   C at   83  2   RLX: 0.000
       a = -3.500      CL = -0.1433
      Cm = -0.0518     CD =  1.05050   =>   CDf =  0.00526    CDp =  1.04524

 Side 1 forced transition at x/c =  1.0000   77
 Side 2  free  transition at x/c =  0.0403   24

 293   rms: 0.6197E+04   max: -.3431E+05   C at   83  2   RLX: 0.000
       a = -3.500      CL = -0.1433
      Cm = -0.0519     CD =  1.05175   =>   CDf =  0.00526    CDp =  1.04650

 Side 1 forced transition at x/c =  1.0000   77
 Side 2  free  transition at x/c =  0.0403   24

 294   rms: 0.9710E+06   max: 0.5394E+07   C at   83  2   RLX: 0.000
       a = -3.500      CL = -0.1433
      Cm = -0.0518     CD =  1.05125   =>   CDf =  0.00526    CDp =  1.04600

 Side 1 forced transition at x/c =  1.0000   77
 Side 2  free  transition at x/c =  0.0403   24

 295   rms: 0.1260E+04   max: -.7022E+04   C at   83  2   RLX: 0.000
       a = -3.500      CL = -0.1432
      Cm = -0.0519     CD =  1.05360   =>   CDf =  0.00526    CDp =  1.04834

 Side 1 forced transition at x/c =  1.0000   77
 Side 2  free  transition at x/c =  0.0403   24

 296   rms: 0.6470E+04   max: -.3584E+05   C at   83  2   RLX: 0.000
       a = -3.500      CL = -0.1432
      Cm = -0.0519     CD =  1.05488   =>   CDf =  0.00526    CDp =  1.04962

 Side 1 forced transition at x/c =  1.0000   77
 Side 2  free  transition at x/c =  0.0403   24

 297   rms: 0.3599E+07   max: -.1999E+08   C at   83  2   RLX: 0.000
       a = -3.500      CL = -0.1432
      Cm = -0.0519     CD =  1.05535   =>   CDf =  0.00526    CDp =  1.05009

 MRCHDU: Convergence failed at  24  side 2    Res =  0.7964E-05
 Side 1 forced transition at x/c =  1.0000   77
 Side 2  free  transition at x/c =  0.0403   24

 298   rms: 0.2325E+05   max: 0.1306E+06   C at   83  2   RLX: 0.000
       a = -3.500      CL = -0.1432
      Cm = -0.0519     CD =  1.05503   =>   CDf =  0.00526    CDp =  1.04977

 Side 1 forced transition at x/c =  1.0000   77
 Side 2  free  transition at x/c =  0.0403   24

 299   rms: 0.5606E+04   max: -.3105E+05   C at   83  2   RLX: 0.000
       a = -3.500      CL = -0.1432
      Cm = -0.0519     CD =  1.05603   =>   CDf =  0.00526    CDp =  1.05078

 MRCHDU: Convergence failed at  24  side 2    Res =  0.7719E-05
 MRCHDU: Convergence failed at  83  side 2    Res =  0.5018E-05
 Side 1 forced transition at x/c =  1.0000   77
 Side 2  free  transition at x/c =  0.0403   24

 300   rms: 0.1430E+06   max: -.7937E+06   C at   83  2   RLX: 0.000
       a = -3.500      CL = -0.1432
      Cm = -0.0519     CD =  1.05651   =>   CDf =  0.00526    CDp =  1.05125

 Side 1 forced transition at x/c =  1.0000   77
 Side 2  free  transition at x/c =  0.0403   24

 301   rms: 0.2630E+05   max: 0.1475E+06   C at   83  2   RLX: 0.000
       a = -3.500      CL = -0.1431
      Cm = -0.0519     CD =  1.05621   =>   CDf =  0.00526    CDp =  1.05095

 Side 1 forced transition at x/c =  1.0000   77
 Side 2  free  transition at x/c =  0.0403   24

 302   rms: 0.4572E+04   max: -.2532E+05   C at   83  2   RLX: 0.000
       a = -3.500      CL = -0.1431
      Cm = -0.0519     CD =  1.05728   =>   CDf =  0.00526    CDp =  1.05202

 Side 1 forced transition at x/c =  1.0000   77
 Side 2  free  transition at x/c =  0.0403   24

 303   rms: 0.7147E+05   max: -.3966E+06   C at   83  2   RLX: 0.000
       a = -3.500      CL = -0.1431
      Cm = -0.0519     CD =  1.05781   =>   CDf =  0.00526    CDp =  1.05255

 Side 1 forced transition at x/c =  1.0000   77
 Side 2  free  transition at x/c =  0.0403   24

 304   rms: 0.2598E+05   max: 0.1455E+06   C at   83  2   RLX: 0.000
       a = -3.500      CL = -0.1431
      Cm = -0.0519     CD =  1.05748   =>   CDf =  0.00526    CDp =  1.05222

 Side 1 forced transition at x/c =  1.0000   77
 Side 2  free  transition at x/c =  0.0403   24

 305   rms: 0.3978E+04   max: -.2204E+05   C at   83  2   RLX: 0.000
       a = -3.500      CL = -0.1431
      Cm = -0.0519     CD =  1.05861   =>   CDf =  0.00526    CDp =  1.05335
 VISCAL:  Convergence failed
 Calculating wake trajectory ...
 Calculating source influence matrix ...

 Solving BL system ...

 Side 1 forced transition at x/c =  1.0000   77
 Side 2  free  transition at x/c =  0.0403   24

   1   rms: 0.3664E+05   max: -.2033E+06   C at   83  2   RLX: 0.000
       a = -3.000      CL = -0.1447
      Cm = -0.0519     CD =  1.05917   =>   CDf =  0.00526    CDp =  1.05391

 Side 1 forced transition at x/c =  1.0000   77
 Side 2  free  transition at x/c =  0.0403   24

   2   rms: 0.2413E+05   max: 0.1351E+06   C at   83  2   RLX: 0.000
       a = -3.000      CL = -0.1447
      Cm = -0.0519     CD =  1.05883   =>   CDf =  0.00526    CDp =  1.05356

 Side 1 forced transition at x/c =  1.0000   77
 Side 2  free  transition at x/c =  0.0403   24

   3   rms: 0.3181E+04   max: -.1762E+05   C at   83  2   RLX: 0.000
       a = -3.000      CL = -0.1447
      Cm = -0.0520     CD =  1.06001   =>   CDf =  0.00526    CDp =  1.05475

 Side 1 forced transition at x/c =  1.0000   77
 Side 2  free  transition at x/c =  0.0403   24

   4   rms: 0.2848E+05   max: -.1579E+06   C at   83  2   RLX: 0.000
       a = -3.000      CL = -0.1446
      Cm = -0.0520     CD =  1.06063   =>   CDf =  0.00526    CDp =  1.05537

 Side 1 forced transition at x/c =  1.0000   77
 Side 2  free  transition at x/c =  0.0403   24

   5   rms: 0.2798E+05   max: 0.1565E+06   C at   83  2   RLX: 0.000
       a = -3.000      CL = -0.1446
      Cm = -0.0520     CD =  1.06029   =>   CDf =  0.00526    CDp =  1.05503

 Side 1 forced transition at x/c =  1.0000   77
 Side 2  free  transition at x/c =  0.0403   24

   6   rms: 0.2283E+04   max: -.1265E+05   C at   83  2   RLX: 0.000
       a = -3.000      CL = -0.1446
      Cm = -0.0520     CD =  1.06147   =>   CDf =  0.00526    CDp =  1.05621

 Side 1 forced transition at x/c =  1.0000   77
 Side 2  free  transition at x/c =  0.0403   24

   7   rms: 0.1985E+05   max: -.1100E+06   C at   83  2   RLX: 0.000
       a = -3.000      CL = -0.1446
      Cm = -0.0520     CD =  1.06222   =>   CDf =  0.00526    CDp =  1.05696

 Side 1 forced transition at x/c =  1.0000   77
 Side 2  free  transition at x/c =  0.0403   24

   8   rms: 0.3075E+05   max: 0.1719E+06   C at   83  2   RLX: 0.000
       a = -3.000      CL = -0.1446
      Cm = -0.0520     CD =  1.06186   =>   CDf =  0.00526    CDp =  1.05659

 Side 1 forced transition at x/c =  1.0000   77
 Side 2  free  transition at x/c =  0.0403   24

   9   rms: 0.3284E+04   max: -.1819E+05   C at   83  2   RLX: 0.000
       a = -3.000      CL = -0.1445
      Cm = -0.0520     CD =  1.06325   =>   CDf =  0.00526    CDp =  1.05798

 Side 1 forced transition at x/c =  1.0000   77
 Side 2  free  transition at x/c =  0.0403   24

  10   rms: 0.1739E+05   max: -.9642E+05   C at   83  2   RLX: 0.000
       a = -3.000      CL = -0.1445
      Cm = -0.0520     CD =  1.06395   =>   CDf =  0.00526    CDp =  1.05868

 Side 1 forced transition at x/c =  1.0000   77
 Side 2  free  transition at x/c =  0.0403   24

  11   rms: 0.3486E+05   max: 0.1947E+06   C at   83  2   RLX: 0.000
       a = -3.000      CL = -0.1445
      Cm = -0.0520     CD =  1.06359   =>   CDf =  0.00526    CDp =  1.05832

 Side 1 forced transition at x/c =  1.0000   77
 Side 2  free  transition at x/c =  0.0403   24

  12   rms: 0.2173E+04   max: -.1205E+05   C at   83  2   RLX: 0.000
       a = -3.000      CL = -0.1445
      Cm = -0.0520     CD =  1.06495   =>   CDf =  0.00526    CDp =  1.05968

 Side 1 forced transition at x/c =  1.0000   77
 Side 2  free  transition at x/c =  0.0403   24

  13   rms: 0.1396E+05   max: -.7738E+05   C at   83  2   RLX: 0.000
       a = -3.000      CL = -0.1445
      Cm = -0.0520     CD =  1.06574   =>   CDf =  0.00526    CDp =  1.06048

 Side 1 forced transition at x/c =  1.0000   77
 Side 2  free  transition at x/c =  0.0403   24

  14   rms: 0.3738E+05   max: 0.2087E+06   C at   83  2   RLX: 0.000
       a = -3.000      CL = -0.1445
      Cm = -0.0520     CD =  1.06536   =>   CDf =  0.00526    CDp =  1.06010

 Side 1 forced transition at x/c =  1.0000   77
 Side 2  free  transition at x/c =  0.0403   24

  15   rms: 0.2376E+04   max: -.1319E+05   C at   83  2   RLX: 0.000
       a = -3.000      CL = -0.1444
      Cm = -0.0520     CD =  1.06684   =>   CDf =  0.00526    CDp =  1.06158

 Side 1 forced transition at x/c =  1.0000   77
 Side 2  free  transition at x/c =  0.0403   24

  16   rms: 0.1111E+05   max: -.6160E+05   C at   83  2   RLX: 0.000
       a = -3.000      CL = -0.1444
      Cm = -0.0520     CD =  1.06764   =>   CDf =  0.00526    CDp =  1.06237

 Side 1 forced transition at x/c =  1.0000   77
 Side 2  free  transition at x/c =  0.0403   24

  17   rms: 0.3557E+05   max: 0.1985E+06   C at   83  2   RLX: 0.000
       a = -3.000      CL = -0.1444
      Cm = -0.0520     CD =  1.06725   =>   CDf =  0.00526    CDp =  1.06198

 Side 1 forced transition at x/c =  1.0000   77
 Side 2  free  transition at x/c =  0.0403   24

  18   rms: 0.2125E+04   max: -.1179E+05   C at   83  2   RLX: 0.000
       a = -3.000      CL = -0.1444
      Cm = -0.0521     CD =  1.06879   =>   CDf =  0.00526    CDp =  1.06352

 Side 1 forced transition at x/c =  1.0000   77
 Side 2  free  transition at x/c =  0.0403   24

  19   rms: 0.1059E+05   max: -.5870E+05   C at   83  2   RLX: 0.000
       a = -3.000      CL = -0.1443
      Cm = -0.0521     CD =  1.06967   =>   CDf =  0.00526    CDp =  1.06440

 Side 1 forced transition at x/c =  1.0000   77
 Side 2  free  transition at x/c =  0.0403   24

  20   rms: 0.4319E+05   max: 0.2409E+06   C at   83  2   RLX: 0.000
       a = -3.000      CL = -0.1443
      Cm = -0.0521     CD =  1.06927   =>   CDf =  0.00526    CDp =  1.06401

 Side 1 forced transition at x/c =  1.0000   77
 Side 2  free  transition at x/c =  0.0403   24

  21   rms: 0.2010E+04   max: -.1115E+05   C at   83  2   RLX: 0.000
       a = -3.000      CL = -0.1443
      Cm = -0.0521     CD =  1.07089   =>   CDf =  0.00526    CDp =  1.06562

 Side 1 forced transition at x/c =  1.0000   77
 Side 2  free  transition at x/c =  0.0403   24

  22   rms: 0.1024E+05   max: -.5672E+05   C at   83  2   RLX: 0.000
       a = -3.000      CL = -0.1443
      Cm = -0.0521     CD =  1.07179   =>   CDf =  0.00526    CDp =  1.06653

 Side 1 forced transition at x/c =  1.0000   77
 Side 2  free  transition at x/c =  0.0403   24

  23   rms: 0.5568E+05   max: 0.3104E+06   C at   83  2   RLX: 0.000
       a = -3.000      CL = -0.1443
      Cm = -0.0521     CD =  1.07140   =>   CDf =  0.00527    CDp =  1.06613

 Side 1 forced transition at x/c =  1.0000   77
 Side 2  free  transition at x/c =  0.0403   24

  24   rms: 0.2186E+04   max: -.1212E+05   C at   83  2   RLX: 0.000
       a = -3.000      CL = -0.1442
      Cm = -0.0521     CD =  1.07312   =>   CDf =  0.00526    CDp =  1.06786

 Side 1 forced transition at x/c =  1.0000   77
 Side 2  free  transition at x/c =  0.0403   24

  25   rms: 0.9446E+04   max: -.5234E+05   C at   83  2   RLX: 0.000
       a = -3.000      CL = -0.1442
      Cm = -0.0521     CD =  1.07402   =>   CDf =  0.00527    CDp =  1.06876

 Side 1 forced transition at x/c =  1.0000   77
 Side 2  free  transition at x/c =  0.0403   24

  26   rms: 0.5754E+05   max: 0.3207E+06   C at   83  2   RLX: 0.000
       a = -3.000      CL = -0.1442
      Cm = -0.0521     CD =  1.07362   =>   CDf =  0.00527    CDp =  1.06836

 Side 1 forced transition at x/c =  1.0000   77
 Side 2  free  transition at x/c =  0.0403   24

  27   rms: 0.1971E+04   max: -.1093E+05   C at   83  2   RLX: 0.000
       a = -3.000      CL = -0.1441
      Cm = -0.0521     CD =  1.07541   =>   CDf =  0.00527    CDp =  1.07015

 Side 1 forced transition at x/c =  1.0000   77
 Side 2  free  transition at x/c =  0.0403   24

  28   rms: 0.1024E+05   max: -.5674E+05   C at   83  2   RLX: 0.000
       a = -3.000      CL = -0.1441
      Cm = -0.0521     CD =  1.07634   =>   CDf =  0.00527    CDp =  1.07107

 Side 1 forced transition at x/c =  1.0000   77
 Side 2  free  transition at x/c =  0.0403   24

  29   rms: 0.6395E+05   max: 0.3563E+06   C at   83  2   RLX: 0.000
       a = -3.000      CL = -0.1441
      Cm = -0.0521     CD =  1.07590   =>   CDf =  0.00527    CDp =  1.07063

 Side 1 forced transition at x/c =  1.0000   77
 Side 2  free  transition at x/c =  0.0403   24

  30   rms: 0.1627E+04   max: -.9022E+04   C at   83  2   RLX: 0.000
       a = -3.000      CL = -0.1440
      Cm = -0.0522     CD =  1.07769   =>   CDf =  0.00527    CDp =  1.07242

 Side 1 forced transition at x/c =  1.0000   77
 Side 2  free  transition at x/c =  0.0403   24

  31   rms: 0.1003E+05   max: -.5556E+05   C at   83  2   RLX: 0.000
       a = -3.000      CL = -0.1440
      Cm = -0.0522     CD =  1.07872   =>   CDf =  0.00527    CDp =  1.07345

 Side 1 forced transition at x/c =  1.0000   77
 Side 2  free  transition at x/c =  0.0403   24

  32   rms: 0.8363E+05   max: 0.4658E+06   C at   83  2   RLX: 0.000
       a = -3.000      CL = -0.1440
      Cm = -0.0522     CD =  1.07827   =>   CDf =  0.00527    CDp =  1.07301

 Side 1 forced transition at x/c =  1.0000   77
 Side 2  free  transition at x/c =  0.0403   24

  33   rms: 0.1541E+04   max: -.8555E+04   C at   83  2   RLX: 0.000
       a = -3.000      CL = -0.1439
      Cm = -0.0522     CD =  1.08012   =>   CDf =  0.00527    CDp =  1.07485

 Side 1 forced transition at x/c =  1.0000   77
 Side 2  free  transition at x/c =  0.0403   24

  34   rms: 0.7115E+04   max: -.3942E+05   C at   83  2   RLX: 0.000
       a = -3.000      CL = -0.1439
      Cm = -0.0522     CD =  1.08116   =>   CDf =  0.00527    CDp =  1.07589

 Side 1 forced transition at x/c =  1.0000   77
 Side 2  free  transition at x/c =  0.0403   24

  35   rms: 0.9514E+05   max: 0.5297E+06   C at   83  2   RLX: 0.000
       a = -3.000      CL = -0.1439
      Cm = -0.0522     CD =  1.08072   =>   CDf =  0.00527    CDp =  1.07546

 Side 1 forced transition at x/c =  1.0000   77
 Side 2  free  transition at x/c =  0.0403   24

  36   rms: 0.1374E+04   max: -.7632E+04   C at   83  2   RLX: 0.000
       a = -3.000      CL = -0.1439
      Cm = -0.0522     CD =  1.08259   =>   CDf =  0.00527    CDp =  1.07732

 Side 1 forced transition at x/c =  1.0000   77
 Side 2  free  transition at x/c =  0.0403   24

  37   rms: 0.8819E+04   max: -.4886E+05   C at   83  2   RLX: 0.000
       a = -3.000      CL = -0.1438
      Cm = -0.0522     CD =  1.08371   =>   CDf =  0.00527    CDp =  1.07845

 Side 1 forced transition at x/c =  1.0000   77
 Side 2  free  transition at x/c =  0.0403   24

  38   rms: 0.1153E+06   max: 0.6419E+06   C at   83  2   RLX: 0.000
       a = -3.000      CL = -0.1438
      Cm = -0.0522     CD =  1.08325   =>   CDf =  0.00527    CDp =  1.07798

 Side 1 forced transition at x/c =  1.0000   77
 Side 2  free  transition at x/c =  0.0403   24

  39   rms: 0.1606E+04   max: -.8914E+04   C at   83  2   RLX: 0.000
       a = -3.000      CL = -0.1438
      Cm = -0.0522     CD =  1.08528   =>   CDf =  0.00527    CDp =  1.08002

 Side 1 forced transition at x/c =  1.0000   77
 Side 2  free  transition at x/c =  0.0403   24

  40   rms: 0.7874E+04   max: -.4362E+05   C at   83  2   RLX: 0.000
       a = -3.000      CL = -0.1437
      Cm = -0.0523     CD =  1.08638   =>   CDf =  0.00527    CDp =  1.08111

 Side 1 forced transition at x/c =  1.0000   77
 Side 2  free  transition at x/c =  0.0403   24

  41   rms: 0.1544E+06   max: 0.8596E+06   C at   83  2   RLX: 0.000
       a = -3.000      CL = -0.1437
      Cm = -0.0522     CD =  1.08590   =>   CDf =  0.00527    CDp =  1.08064

 Side 1 forced transition at x/c =  1.0000   77
 Side 2  free  transition at x/c =  0.0403   24

  42   rms: 0.1282E+04   max: -.7119E+04   C at   83  2   RLX: 0.000
       a = -3.000      CL = -0.1437
      Cm = -0.0523     CD =  1.08789   =>   CDf =  0.00527    CDp =  1.08263

 Side 1 forced transition at x/c =  1.0000   77
 Side 2  free  transition at x/c =  0.0403   24

  43   rms: 0.6993E+04   max: -.3873E+05   C at   83  2   RLX: 0.000
       a = -3.000      CL = -0.1436
      Cm = -0.0523     CD =  1.08910   =>   CDf =  0.00527    CDp =  1.08383

 Side 1 forced transition at x/c =  1.0000   77
 Side 2  free  transition at x/c =  0.0403   24

  44   rms: 0.2327E+06   max: 0.1295E+07   C at   83  2   RLX: 0.000
       a = -3.000      CL = -0.1437
      Cm = -0.0523     CD =  1.08863   =>   CDf =  0.00527    CDp =  1.08336

 Side 1 forced transition at x/c =  1.0000   77
 Side 2  free  transition at x/c =  0.0403   24

  45   rms: 0.1442E+04   max: -.8008E+04   C at   83  2   RLX: 0.000
       a = -3.000      CL = -0.1436
      Cm = -0.0523     CD =  1.09076   =>   CDf =  0.00527    CDp =  1.08549

 Side 1 forced transition at x/c =  1.0000   77
 Side 2  free  transition at x/c =  0.0403   24

  46   rms: 0.8091E+04   max: -.4482E+05   C at   83  2   RLX: 0.000
       a = -3.000      CL = -0.1435
      Cm = -0.0523     CD =  1.09199   =>   CDf =  0.00527    CDp =  1.08673

 Side 1 forced transition at x/c =  1.0000   77
 Side 2  free  transition at x/c =  0.0403   24

  47   rms: 0.5807E+06   max: 0.3231E+07   C at   83  2   RLX: 0.000
       a = -3.000      CL = -0.1436
      Cm = -0.0523     CD =  1.09149   =>   CDf =  0.00527    CDp =  1.08622

 Side 1 forced transition at x/c =  1.0000   77
 Side 2  free  transition at x/c =  0.0403   24

  48   rms: 0.1246E+04   max: -.6923E+04   C at   83  2   RLX: 0.000
       a = -3.000      CL = -0.1435
      Cm = -0.0523     CD =  1.09360   =>   CDf =  0.00527    CDp =  1.08833

 Side 1 forced transition at x/c =  1.0000   77
 Side 2  free  transition at x/c =  0.0403   24

  49   rms: 0.7171E+04   max: -.3972E+05   C at   83  2   RLX: 0.000
       a = -3.000      CL = -0.1434
      Cm = -0.0523     CD =  1.09490   =>   CDf =  0.00527    CDp =  1.08963

 Side 1 forced transition at x/c =  1.0000   77
 Side 2  free  transition at x/c =  0.0403   24

  50   rms: 0.2971E+07   max: -.1653E+08   C at   83  2   RLX: 0.000
       a = -3.000      CL = -0.1434
      Cm = -0.0524     CD =  1.09533   =>   CDf =  0.00527    CDp =  1.09006

 Side 1 forced transition at x/c =  1.0000   77
 Side 2  free  transition at x/c =  0.0403   24

  51   rms: 0.2707E+05   max: 0.1525E+06   C at   83  2   RLX: 0.000
       a = -3.000      CL = -0.1434
      Cm = -0.0523     CD =  1.09503   =>   CDf =  0.00527    CDp =  1.08976

 Side 1 forced transition at x/c =  1.0000   77
 Side 2  free  transition at x/c =  0.0403   24

  52   rms: 0.5030E+04   max: -.2786E+05   C at   83  2   RLX: 0.000
       a = -3.000      CL = -0.1434
      Cm = -0.0524     CD =  1.09595   =>   CDf =  0.00527    CDp =  1.09069

 Side 1 forced transition at x/c =  1.0000   77
 Side 2  free  transition at x/c =  0.0403   24

  53   rms: 0.1323E+06   max: -.7357E+06   C at   83  2   RLX: 0.000
       a = -3.000      CL = -0.1434
      Cm = -0.0524     CD =  1.09645   =>   CDf =  0.00527    CDp =  1.09118

 Side 1 forced transition at x/c =  1.0000   77
 Side 2  free  transition at x/c =  0.0403   24

  54   rms: 0.3009E+05   max: 0.1692E+06   C at   83  2   RLX: 0.000
       a = -3.000      CL = -0.1434
      Cm = -0.0524     CD =  1.09614   =>   CDf =  0.00527    CDp =  1.09087

 Side 1 forced transition at x/c =  1.0000   77
 Side 2  free  transition at x/c =  0.0403   24

  55   rms: 0.3698E+04   max: -.2050E+05   C at   83  2   RLX: 0.000
       a = -3.000      CL = -0.1434
      Cm = -0.0524     CD =  1.09709   =>   CDf =  0.00527    CDp =  1.09182

 Side 1 forced transition at x/c =  1.0000   77
 Side 2  free  transition at x/c =  0.0403   24

  56   rms: 0.6909E+05   max: -.3839E+06   C at   83  2   RLX: 0.000
       a = -3.000      CL = -0.1434
      Cm = -0.0524     CD =  1.09768   =>   CDf =  0.00527    CDp =  1.09241

 Side 1 forced transition at x/c =  1.0000   77
 Side 2  free  transition at x/c =  0.0403   24

  57   rms: 0.2713E+05   max: 0.1524E+06   C at   83  2   RLX: 0.000
       a = -3.000      CL = -0.1433
      Cm = -0.0524     CD =  1.09735   =>   CDf =  0.00527    CDp =  1.09208

 Side 1 forced transition at x/c =  1.0000   77
 Side 2  free  transition at x/c =  0.0403   24

  58   rms: 0.3690E+04   max: -.2044E+05   C at   83  2   RLX: 0.000
       a = -3.000      CL = -0.1433
      Cm = -0.0524     CD =  1.09841   =>   CDf =  0.00527    CDp =  1.09314

 Side 1 forced transition at x/c =  1.0000   77
 Side 2  free  transition at x/c =  0.0403   24

  59   rms: 0.4572E+05   max: -.2539E+06   C at   83  2   RLX: 0.000
       a = -3.000      CL = -0.1433
      Cm = -0.0524     CD =  1.09901   =>   CDf =  0.00527    CDp =  1.09374

 Side 1 forced transition at x/c =  1.0000   77
 Side 2  free  transition at x/c =  0.0403   24

  60   rms: 0.2933E+05   max: 0.1646E+06   C at   83  2   RLX: 0.000
       a = -3.000      CL = -0.1433
      Cm = -0.0524     CD =  1.09867   =>   CDf =  0.00527    CDp =  1.09340

 Side 1 forced transition at x/c =  1.0000   77
 Side 2  free  transition at x/c =  0.0403   24

  61   rms: 0.2645E+04   max: -.1467E+05   C at   83  2   RLX: 0.000
       a = -3.000      CL = -0.1433
      Cm = -0.0524     CD =  1.09973   =>   CDf =  0.00527    CDp =  1.09447

 Side 1 forced transition at x/c =  1.0000   77
 Side 2  free  transition at x/c =  0.0403   24

  62   rms: 0.3085E+05   max: -.1712E+06   C at   83  2   RLX: 0.000
       a = -3.000      CL = -0.1433
      Cm = -0.0524     CD =  1.10042   =>   CDf =  0.00527    CDp =  1.09515

 Side 1 forced transition at x/c =  1.0000   77
 Side 2  free  transition at x/c =  0.0403   24

  63   rms: 0.3041E+05   max: 0.1705E+06   C at   83  2   RLX: 0.000
       a = -3.000      CL = -0.1433
      Cm = -0.0524     CD =  1.10006   =>   CDf =  0.00527    CDp =  1.09479

 Side 1 forced transition at x/c =  1.0000   77
 Side 2  free  transition at x/c =  0.0403   24

  64   rms: 0.2973E+04   max: -.1647E+05   C at   83  2   RLX: 0.000
       a = -3.000      CL = -0.1432
      Cm = -0.0524     CD =  1.10128   =>   CDf =  0.00527    CDp =  1.09601

 Side 1 forced transition at x/c =  1.0000   77
 Side 2  free  transition at x/c =  0.0403   24

  65   rms: 0.2563E+05   max: -.1422E+06   C at   83  2   RLX: 0.000
       a = -3.000      CL = -0.1432
      Cm = -0.0524     CD =  1.10198   =>   CDf =  0.00527    CDp =  1.09672

 Side 1 forced transition at x/c =  1.0000   77
 Side 2  free  transition at x/c =  0.0403   24

  66   rms: 0.3148E+05   max: 0.1762E+06   C at   83  2   RLX: 0.000
       a = -3.000      CL = -0.1432
      Cm = -0.0524     CD =  1.10161   =>   CDf =  0.00527    CDp =  1.09634

 Side 1 forced transition at x/c =  1.0000   77
 Side 2  free  transition at x/c =  0.0403   24

  67   rms: 0.2682E+04   max: -.1486E+05   C at   83  2   RLX: 0.000
       a = -3.000      CL = -0.1432
      Cm = -0.0524     CD =  1.10290   =>   CDf =  0.00527    CDp =  1.09763

 Side 1 forced transition at x/c =  1.0000   77
 Side 2  free  transition at x/c =  0.0403   24

  68   rms: 0.1851E+05   max: -.1027E+06   C at   83  2   RLX: 0.000
       a = -3.000      CL = -0.1432
      Cm = -0.0524     CD =  1.10362   =>   CDf =  0.00527    CDp =  1.09835

 Side 1 forced transition at x/c =  1.0000   77
 Side 2  free  transition at x/c =  0.0403   24

  69   rms: 0.2916E+05   max: 0.1632E+06   C at   83  2   RLX: 0.000
       a = -3.000      CL = -0.1432
      Cm = -0.0524     CD =  1.10323   =>   CDf =  0.00527    CDp =  1.09796

 Side 1 forced transition at x/c =  1.0000   77
 Side 2  free  transition at x/c =  0.0403   24

  70   rms: 0.2546E+04   max: -.1411E+05   C at   83  2   RLX: 0.000
       a = -3.000      CL = -0.1431
      Cm = -0.0524     CD =  1.10461   =>   CDf =  0.00527    CDp =  1.09934

 Side 1 forced transition at x/c =  1.0000   77
 Side 2  free  transition at x/c =  0.0403   24

  71   rms: 0.1320E+05   max: -.7325E+05   C at   83  2   RLX: 0.000
       a = -3.000      CL = -0.1431
      Cm = -0.0525     CD =  1.10540   =>   CDf =  0.00527    CDp =  1.10013

 Side 1 forced transition at x/c =  1.0000   77
 Side 2  free  transition at x/c =  0.0403   24

  72   rms: 0.3561E+05   max: 0.1991E+06   C at   83  2   RLX: 0.000
       a = -3.000      CL = -0.1431
      Cm = -0.0524     CD =  1.10502   =>   CDf =  0.00527    CDp =  1.09975

 Side 1 forced transition at x/c =  1.0000   77
 Side 2  free  transition at x/c =  0.0403   24

  73   rms: 0.2177E+04   max: -.1208E+05   C at   83  2   RLX: 0.000
       a = -3.000      CL = -0.1430
      Cm = -0.0525     CD =  1.10644   =>   CDf =  0.00527    CDp =  1.10117

 Side 1 forced transition at x/c =  1.0000   77
 Side 2  free  transition at x/c =  0.0403   24

  74   rms: 0.1589E+05   max: -.8812E+05   C at   83  2   RLX: 0.000
       a = -3.000      CL = -0.1430
      Cm = -0.0525     CD =  1.10734   =>   CDf =  0.00527    CDp =  1.10207

 Side 1 forced transition at x/c =  1.0000   77
 Side 2  free  transition at x/c =  0.0403   24

  75   rms: 0.3663E+05   max: 0.2047E+06   C at   83  2   RLX: 0.000
       a = -3.000      CL = -0.1430
      Cm = -0.0525     CD =  1.10692   =>   CDf =  0.00527    CDp =  1.10165

 Side 1 forced transition at x/c =  1.0000   77
 Side 2  free  transition at x/c =  0.0403   24

  76   rms: 0.1995E+04   max: -.1107E+05   C at   83  2   RLX: 0.000
       a = -3.000      CL = -0.1430
      Cm = -0.0525     CD =  1.10842   =>   CDf =  0.00527    CDp =  1.10315

 Side 1 forced transition at x/c =  1.0000   77
 Side 2  free  transition at x/c =  0.0403   24

  77   rms: 0.1343E+05   max: -.7445E+05   C at   83  2   RLX: 0.000
       a = -3.000      CL = -0.1430
      Cm = -0.0525     CD =  1.10935   =>   CDf =  0.00527    CDp =  1.10408

 Side 1 forced transition at x/c =  1.0000   77
 Side 2  free  transition at x/c =  0.0403   24

  78   rms: 0.4313E+05   max: 0.2409E+06   C at   83  2   RLX: 0.000
       a = -3.000      CL = -0.1430
      Cm = -0.0525     CD =  1.10893   =>   CDf =  0.00527    CDp =  1.10366

 Side 1 forced transition at x/c =  1.0000   77
 Side 2  free  transition at x/c =  0.0403   24

  79   rms: 0.1828E+04   max: -.1015E+05   C at   83  2   RLX: 0.000
       a = -3.000      CL = -0.1429
      Cm = -0.0525     CD =  1.11049   =>   CDf =  0.00527    CDp =  1.10522

 Side 1 forced transition at x/c =  1.0000   77
 Side 2  free  transition at x/c =  0.0403   24

  80   rms: 0.1204E+05   max: -.6673E+05   C at   83  2   RLX: 0.000
       a = -3.000      CL = -0.1429
      Cm = -0.0525     CD =  1.11150   =>   CDf =  0.00527    CDp =  1.10623

 Side 1 forced transition at x/c =  1.0000   77
 Side 2  free  transition at x/c =  0.0403   24

  81   rms: 0.4754E+05   max: 0.2654E+06   C at   83  2   RLX: 0.000
       a = -3.000      CL = -0.1429
      Cm = -0.0525     CD =  1.11105   =>   CDf =  0.00527    CDp =  1.10579

 Side 1 forced transition at x/c =  1.0000   77
 Side 2  free  transition at x/c =  0.0403   24

  82   rms: 0.1773E+04   max: -.9847E+04   C at   83  2   RLX: 0.000
       a = -3.000      CL = -0.1428
      Cm = -0.0525     CD =  1.11270   =>   CDf =  0.00527    CDp =  1.10743

 Side 1 forced transition at x/c =  1.0000   77
 Side 2  free  transition at x/c =  0.0403   24

  83   rms: 0.1137E+05   max: -.6302E+05   C at   83  2   RLX: 0.000
       a = -3.000      CL = -0.1428
      Cm = -0.0525     CD =  1.11375   =>   CDf =  0.00527    CDp =  1.10848

 Side 1 forced transition at x/c =  1.0000   77
 Side 2  free  transition at x/c =  0.0403   24

  84   rms: 0.5289E+05   max: 0.2951E+06   C at   83  2   RLX: 0.000
       a = -3.000      CL = -0.1428
      Cm = -0.0525     CD =  1.11331   =>   CDf =  0.00527    CDp =  1.10804

 Side 1 forced transition at x/c =  1.0000   77
 Side 2  free  transition at x/c =  0.0403   24

  85   rms: 0.1678E+04   max: -.9314E+04   C at   83  2   RLX: 0.000
       a = -3.000      CL = -0.1428
      Cm = -0.0526     CD =  1.11504   =>   CDf =  0.00527    CDp =  1.10977

 Side 1 forced transition at x/c =  1.0000   77
 Side 2  free  transition at x/c =  0.0403   24

  86   rms: 0.9488E+04   max: -.5260E+05   C at   83  2   RLX: 0.000
       a = -3.000      CL = -0.1427
      Cm = -0.0526     CD =  1.11609   =>   CDf =  0.00527    CDp =  1.11082

 Side 1 forced transition at x/c =  1.0000   77
 Side 2  free  transition at x/c =  0.0403   24

  87   rms: 0.6164E+05   max: 0.3438E+06   C at   83  2   RLX: 0.000
       a = -3.000      CL = -0.1428
      Cm = -0.0525     CD =  1.11562   =>   CDf =  0.00527    CDp =  1.11035

 Side 1 forced transition at x/c =  1.0000   77
 Side 2  free  transition at x/c =  0.0403   24

  88   rms: 0.1419E+04   max: -.7883E+04   C at   83  2   RLX: 0.000
       a = -3.000      CL = -0.1427
      Cm = -0.0526     CD =  1.11735   =>   CDf =  0.00527    CDp =  1.11208

 Side 1 forced transition at x/c =  1.0000   77
 Side 2  free  transition at x/c =  0.0403   24

  89   rms: 0.7831E+04   max: -.4341E+05   C at   83  2   RLX: 0.000
       a = -3.000      CL = -0.1427
      Cm = -0.0526     CD =  1.11855   =>   CDf =  0.00527    CDp =  1.11328

 Side 1 forced transition at x/c =  1.0000   77
 Side 2  free  transition at x/c =  0.0403   24

  90   rms: 0.9759E+05   max: 0.5441E+06   C at   83  2   RLX: 0.000
       a = -3.000      CL = -0.1427
      Cm = -0.0526     CD =  1.11810   =>   CDf =  0.00527    CDp =  1.11283

 Side 1 forced transition at x/c =  1.0000   77
 Side 2  free  transition at x/c =  0.0403   24

  91   rms: 0.2037E+04   max: -.1130E+05   C at   83  2   RLX: 0.000
       a = -3.000      CL = -0.1426
      Cm = -0.0526     CD =  1.12012   =>   CDf =  0.00527    CDp =  1.11485

 Side 1 forced transition at x/c =  1.0000   77
 Side 2  free  transition at x/c =  0.0403   24

  92   rms: 0.7967E+04   max: -.4416E+05   C at   83  2   RLX: 0.000
       a = -3.000      CL = -0.1426
      Cm = -0.0526     CD =  1.12112   =>   CDf =  0.00527    CDp =  1.11585

 Side 1 forced transition at x/c =  1.0000   77
 Side 2  free  transition at x/c =  0.0403   24

  93   rms: 0.1218E+06   max: 0.6791E+06   C at   83  2   RLX: 0.000
       a = -3.000      CL = -0.1426
      Cm = -0.0526     CD =  1.12065   =>   CDf =  0.00527    CDp =  1.11538

 Side 1 forced transition at x/c =  1.0000   77
 Side 2  free  transition at x/c =  0.0403   24

  94   rms: 0.1394E+04   max: -.7741E+04   C at   83  2   RLX: 0.000
       a = -3.000      CL = -0.1425
      Cm = -0.0526     CD =  1.12255   =>   CDf =  0.00527    CDp =  1.11728

 Side 1 forced transition at x/c =  1.0000   77
 Side 2  free  transition at x/c =  0.0403   24

  95   rms: 0.7199E+04   max: -.3990E+05   C at   83  2   RLX: 0.000
       a = -3.000      CL = -0.1425
      Cm = -0.0526     CD =  1.12372   =>   CDf =  0.00527    CDp =  1.11844

 Side 1 forced transition at x/c =  1.0000   77
 Side 2  free  transition at x/c =  0.0403   24

  96   rms: 0.1986E+06   max: 0.1106E+07   C at   83  2   RLX: 0.000
       a = -3.000      CL = -0.1425
      Cm = -0.0526     CD =  1.12323   =>   CDf =  0.00527    CDp =  1.11796

 Side 1 forced transition at x/c =  1.0000   77
 Side 2  free  transition at x/c =  0.0403   24

  97   rms: 0.1333E+04   max: -.7399E+04   C at   83  2   RLX: 0.000
       a = -3.000      CL = -0.1424
      Cm = -0.0527     CD =  1.12521   =>   CDf =  0.00527    CDp =  1.11994

 Side 1 forced transition at x/c =  1.0000   77
 Side 2  free  transition at x/c =  0.0403   24

  98   rms: 0.7352E+04   max: -.4075E+05   C at   83  2   RLX: 0.000
       a = -3.000      CL = -0.1424
      Cm = -0.0527     CD =  1.12644   =>   CDf =  0.00527    CDp =  1.12117

 Side 1 forced transition at x/c =  1.0000   77
 Side 2  free  transition at x/c =  0.0403   24

  99   rms: 0.3378E+06   max: 0.1882E+07   C at   83  2   RLX: 0.000
       a = -3.000      CL = -0.1424
      Cm = -0.0526     CD =  1.12594   =>   CDf =  0.00527    CDp =  1.12067

 Side 1 forced transition at x/c =  1.0000   77
 Side 2  free  transition at x/c =  0.0403   24

 100   rms: 0.1421E+04   max: -.7892E+04   C at   83  2   RLX: 0.000
       a = -3.000      CL = -0.1423
      Cm = -0.0527     CD =  1.12805   =>   CDf =  0.00527    CDp =  1.12278

 Side 1 forced transition at x/c =  1.0000   77
 Side 2  free  transition at x/c =  0.0403   24

 101   rms: 0.4938E+04   max: -.2738E+05   C at   83  2   RLX: 0.000
       a = -3.000      CL = -0.1423
      Cm = -0.0527     CD =  1.12919   =>   CDf =  0.00527    CDp =  1.12392

 Side 1 forced transition at x/c =  1.0000   77
 Side 2  free  transition at x/c =  0.0403   24

 102   rms: 0.2003E+07   max: 0.1116E+08   C at   83  2   RLX: 0.000
       a = -3.000      CL = -0.1423
      Cm = -0.0527     CD =  1.12872   =>   CDf =  0.00527    CDp =  1.12345

 Side 1 forced transition at x/c =  1.0000   77
 Side 2  free  transition at x/c =  0.0403   24

 103   rms: 0.1152E+04   max: -.6403E+04   C at   83  2   RLX: 0.000
       a = -3.000      CL = -0.1422
      Cm = -0.0527     CD =  1.13076   =>   CDf =  0.00527    CDp =  1.12549

 Side 1 forced transition at x/c =  1.0000   77
 Side 2  free  transition at x/c =  0.0403   24

 104   rms: 0.5849E+04   max: -.3243E+05   C at   83  2   RLX: 0.000
       a = -3.000      CL = -0.1422
      Cm = -0.0527     CD =  1.13212   =>   CDf =  0.00527    CDp =  1.12685

 Side 1 forced transition at x/c =  1.0000   77
 Side 2  free  transition at x/c =  0.0403   24

 105   rms: 0.5579E+06   max: -.3106E+07   C at   83  2   RLX: 0.000
       a = -3.000      CL = -0.1422
      Cm = -0.0527     CD =  1.13259   =>   CDf =  0.00527    CDp =  1.12732

 Side 1 forced transition at x/c =  1.0000   77
 Side 2  free  transition at x/c =  0.0403   24

 106   rms: 0.2428E+05   max: 0.1370E+06   C at   83  2   RLX: 0.000
       a = -3.000      CL = -0.1422
      Cm = -0.0527     CD =  1.13227   =>   CDf =  0.00527    CDp =  1.12700

 Side 1 forced transition at x/c =  1.0000   77
 Side 2  free  transition at x/c =  0.0403   24

 107   rms: 0.4722E+04   max: -.2618E+05   C at   83  2   RLX: 0.000
       a = -3.000      CL = -0.1422
      Cm = -0.0527     CD =  1.13320   =>   CDf =  0.00527    CDp =  1.12793

 Side 1 forced transition at x/c =  1.0000   77
 Side 2  free  transition at x/c =  0.0403   24

 108   rms: 0.1110E+06   max: -.6176E+06   C at   83  2   RLX: 0.000
       a = -3.000      CL = -0.1422
      Cm = -0.0527     CD =  1.13369   =>   CDf =  0.00527    CDp =  1.12842

 Side 1 forced transition at x/c =  1.0000   77
 Side 2  free  transition at x/c =  0.0403   24

 109   rms: 0.2542E+05   max: 0.1432E+06   C at   83  2   RLX: 0.000
       a = -3.000      CL = -0.1422
      Cm = -0.0527     CD =  1.13336   =>   CDf =  0.00527    CDp =  1.12808

 Side 1 forced transition at x/c =  1.0000   77
 Side 2  free  transition at x/c =  0.0403   24

 110   rms: 0.3915E+04   max: -.2170E+05   C at   83  2   RLX: 0.000
       a = -3.000      CL = -0.1421
      Cm = -0.0527     CD =  1.13434   =>   CDf =  0.00527    CDp =  1.12907

 Side 1 forced transition at x/c =  1.0000   77
 Side 2  free  transition at x/c =  0.0403   24

 111   rms: 0.4552E+05   max: -.2531E+06   C at   83  2   RLX: 0.000
       a = -3.000      CL = -0.1421
      Cm = -0.0527     CD =  1.13491   =>   CDf =  0.00527    CDp =  1.12964

 Side 1 forced transition at x/c =  1.0000   77
 Side 2  free  transition at x/c =  0.0403   24

 112   rms: 0.3093E+05   max: 0.1740E+06   C at   83  2   RLX: 0.000
       a = -3.000      CL = -0.1421
      Cm = -0.0527     CD =  1.13457   =>   CDf =  0.00527    CDp =  1.12930

 Side 1 forced transition at x/c =  1.0000   77
 Side 2  free  transition at x/c =  0.0403   24

 113   rms: 0.3273E+04   max: -.1815E+05   C at   83  2   RLX: 0.000
       a = -3.000      CL = -0.1421
      Cm = -0.0528     CD =  1.13561   =>   CDf =  0.00527    CDp =  1.13034

 Side 1 forced transition at x/c =  1.0000   77
 Side 2  free  transition at x/c =  0.0403   24

 114   rms: 0.3794E+05   max: -.2109E+06   C at   83  2   RLX: 0.000
       a = -3.000      CL = -0.1421
      Cm = -0.0528     CD =  1.13623   =>   CDf =  0.00527    CDp =  1.13096

 Side 1 forced transition at x/c =  1.0000   77
 Side 2  free  transition at x/c =  0.0403   24

 115   rms: 0.2932E+05   max: 0.1647E+06   C at   83  2   RLX: 0.000
       a = -3.000      CL = -0.1421
      Cm = -0.0528     CD =  1.13587   =>   CDf =  0.00527    CDp =  1.13060

 Side 1 forced transition at x/c =  1.0000   77
 Side 2  free  transition at x/c =  0.0403   24

 116   rms: 0.2703E+04   max: -.1498E+05   C at   83  2   RLX: 0.000
       a = -3.000      CL = -0.1421
      Cm = -0.0528     CD =  1.13697   =>   CDf =  0.00527    CDp =  1.13170

 Side 1 forced transition at x/c =  1.0000   77
 Side 2  free  transition at x/c =  0.0403   24

 117   rms: 0.2759E+05   max: -.1533E+06   C at   83  2   RLX: 0.000
       a = -3.000      CL = -0.1421
      Cm = -0.0528     CD =  1.13766   =>   CDf =  0.00527    CDp =  1.13239

 Side 1 forced transition at x/c =  1.0000   77
 Side 2  free  transition at x/c =  0.0403   24

 118   rms: 0.2787E+05   max: 0.1564E+06   C at   83  2   RLX: 0.000
       a = -3.000      CL = -0.1420
      Cm = -0.0528     CD =  1.13728   =>   CDf =  0.00527    CDp =  1.13200

 Side 1 forced transition at x/c =  1.0000   77
 Side 2  free  transition at x/c =  0.0403   24

 119   rms: 0.2718E+04   max: -.1507E+05   C at   83  2   RLX: 0.000
       a = -3.000      CL = -0.1420
      Cm = -0.0528     CD =  1.13850   =>   CDf =  0.00527    CDp =  1.13323

 Side 1 forced transition at x/c =  1.0000   77
 Side 2  free  transition at x/c =  0.0403   24

 120   rms: 0.1851E+05   max: -.1028E+06   C at   83  2   RLX: 0.000
       a = -3.000      CL = -0.1420
      Cm = -0.0528     CD =  1.13923   =>   CDf =  0.00527    CDp =  1.13396

 Side 1 forced transition at x/c =  1.0000   77
 Side 2  free  transition at x/c =  0.0403   24

 121   rms: 0.2859E+05   max: 0.1603E+06   C at   83  2   RLX: 0.000
       a = -3.000      CL = -0.1420
      Cm = -0.0528     CD =  1.13882   =>   CDf =  0.00527    CDp =  1.13355

 Side 1 forced transition at x/c =  1.0000   77
 Side 2  free  transition at x/c =  0.0403   24

 122   rms: 0.2392E+04   max: -.1326E+05   C at   83  2   RLX: 0.000
       a = -3.000      CL = -0.1420
      Cm = -0.0528     CD =  1.14011   =>   CDf =  0.00527    CDp =  1.13484

 Side 1 forced transition at x/c =  1.0000   77
 Side 2  free  transition at x/c =  0.0403   24

 123   rms: 0.1681E+05   max: -.9335E+05   C at   83  2   RLX: 0.000
       a = -3.000      CL = -0.1420
      Cm = -0.0528     CD =  1.14090   =>   CDf =  0.00527    CDp =  1.13562

 Side 1 forced transition at x/c =  1.0000   77
 Side 2  free  transition at x/c =  0.0403   24

 124   rms: 0.3365E+05   max: 0.1885E+06   C at   83  2   RLX: 0.000
       a = -3.000      CL = -0.1420
      Cm = -0.0528     CD =  1.14050   =>   CDf =  0.00527    CDp =  1.13523

 Side 1 forced transition at x/c =  1.0000   77
 Side 2  free  transition at x/c =  0.0403   24

 125   rms: 0.2684E+04   max: -.1488E+05   C at   83  2   RLX: 0.000
       a = -3.000      CL = -0.1419
      Cm = -0.0528     CD =  1.14195   =>   CDf =  0.00527    CDp =  1.13668

 Side 1 forced transition at x/c =  1.0000   77
 Side 2  free  transition at x/c =  0.0403   24

 126   rms: 0.1852E+05   max: -.1028E+06   C at   83  2   RLX: 0.000
       a = -3.000      CL = -0.1419
      Cm = -0.0528     CD =  1.14278   =>   CDf =  0.00527    CDp =  1.13751

 Side 1 forced transition at x/c =  1.0000   77
 Side 2  free  transition at x/c =  0.0403   24

 127   rms: 0.3914E+05   max: 0.2191E+06   C at   83  2   RLX: 0.000
       a = -3.000      CL = -0.1419
      Cm = -0.0528     CD =  1.14235   =>   CDf =  0.00527    CDp =  1.13708

 Side 1 forced transition at x/c =  1.0000   77
 Side 2  free  transition at x/c =  0.0403   24

 128   rms: 0.2246E+04   max: -.1245E+05   C at   83  2   RLX: 0.000
       a = -3.000      CL = -0.1418
      Cm = -0.0528     CD =  1.14383   =>   CDf =  0.00527    CDp =  1.13856

 Side 1 forced transition at x/c =  1.0000   77
 Side 2  free  transition at x/c =  0.0403   24

 129   rms: 0.1450E+05   max: -.8048E+05   C at   83  2   RLX: 0.000
       a = -3.000      CL = -0.1418
      Cm = -0.0528     CD =  1.14471   =>   CDf =  0.00527    CDp =  1.13944

 Side 1 forced transition at x/c =  1.0000   77
 Side 2  free  transition at x/c =  0.0403   24

 130   rms: 0.4344E+05   max: 0.2430E+06   C at   83  2   RLX: 0.000
       a = -3.000      CL = -0.1418
      Cm = -0.0528     CD =  1.14428   =>   CDf =  0.00527    CDp =  1.13901

 Side 1 forced transition at x/c =  1.0000   77
 Side 2  free  transition at x/c =  0.0403   24

 131   rms: 0.1718E+04   max: -.9532E+04   C at   83  2   RLX: 0.000
       a = -3.000      CL = -0.1418
      Cm = -0.0529     CD =  1.14575   =>   CDf =  0.00527    CDp =  1.14048

 Side 1 forced transition at x/c =  1.0000   77
 Side 2  free  transition at x/c =  0.0403   24

 132   rms: 0.1213E+05   max: -.6731E+05   C at   83  2   RLX: 0.000
       a = -3.000      CL = -0.1418
      Cm = -0.0529     CD =  1.14671   =>   CDf =  0.00527    CDp =  1.14144

 Side 1 forced transition at x/c =  1.0000   77
 Side 2  free  transition at x/c =  0.0403   24

 133   rms: 0.4740E+05   max: 0.2650E+06   C at   83  2   RLX: 0.000
       a = -3.000      CL = -0.1418
      Cm = -0.0528     CD =  1.14625   =>   CDf =  0.00527    CDp =  1.14098

 Side 1 forced transition at x/c =  1.0000   77
 Side 2  free  transition at x/c =  0.0403   24

 134   rms: 0.2035E+04   max: -.1130E+05   C at   83  2   RLX: 0.000
       a = -3.000      CL = -0.1417
      Cm = -0.0529     CD =  1.14792   =>   CDf =  0.00527    CDp =  1.14265

 Side 1 forced transition at x/c =  1.0000   77
 Side 2  free  transition at x/c =  0.0403   24

 135   rms: 0.1105E+05   max: -.6128E+05   C at   83  2   RLX: 0.000
       a = -3.000      CL = -0.1417
      Cm = -0.0529     CD =  1.14890   =>   CDf =  0.00527    CDp =  1.14362

 Side 1 forced transition at x/c =  1.0000   77
 Side 2  free  transition at x/c =  0.0403   24

 136   rms: 0.5792E+05   max: 0.3236E+06   C at   83  2   RLX: 0.000
       a = -3.000      CL = -0.1417
      Cm = -0.0529     CD =  1.14843   =>   CDf =  0.00527    CDp =  1.14316

 Side 1 forced transition at x/c =  1.0000   77
 Side 2  free  transition at x/c =  0.0403   24

 137   rms: 0.1802E+04   max: -.9996E+04   C at   83  2   RLX: 0.000
       a = -3.000      CL = -0.1416
      Cm = -0.0529     CD =  1.15015   =>   CDf =  0.00527    CDp =  1.14488

 Side 1 forced transition at x/c =  1.0000   77
 Side 2  free  transition at x/c =  0.0403   24

 138   rms: 0.1044E+05   max: -.5788E+05   C at   83  2   RLX: 0.000
       a = -3.000      CL = -0.1416
      Cm = -0.0529     CD =  1.15122   =>   CDf =  0.00527    CDp =  1.14595

 Side 1 forced transition at x/c =  1.0000   77
 Side 2  free  transition at x/c =  0.0403   24

 139   rms: 0.7656E+05   max: 0.4275E+06   C at   83  2   RLX: 0.000
       a = -3.000      CL = -0.1416
      Cm = -0.0529     CD =  1.15075   =>   CDf =  0.00527    CDp =  1.14548

 Side 1 forced transition at x/c =  1.0000   77
 Side 2  free  transition at x/c =  0.0403   24

 140   rms: 0.1821E+04   max: -.1010E+05   C at   83  2   RLX: 0.000
       a = -3.000      CL = -0.1416
      Cm = -0.0529     CD =  1.15259   =>   CDf =  0.00527    CDp =  1.14732

 Side 1 forced transition at x/c =  1.0000   77
 Side 2  free  transition at x/c =  0.0403   24

 141   rms: 0.9217E+04   max: -.5112E+05   C at   83  2   RLX: 0.000
       a = -3.000      CL = -0.1415
      Cm = -0.0529     CD =  1.15366   =>   CDf =  0.00527    CDp =  1.14838

 MRCHDU: Convergence failed at  24  side 2    Res =  0.7218E-05
 Side 1 forced transition at x/c =  1.0000   77
 Side 2  free  transition at x/c =  0.0403   24

 142   rms: 0.9524E+05   max: 0.5316E+06   C at   83  2   RLX: 0.000
       a = -3.000      CL = -0.1415
      Cm = -0.0529     CD =  1.15318   =>   CDf =  0.00527    CDp =  1.14791

 Side 1 forced transition at x/c =  1.0000   77
 Side 2  free  transition at x/c =  0.0403   24

 143   rms: 0.1609E+04   max: -.8940E+04   C at   83  2   RLX: 0.000
       a = -3.000      CL = -0.1415
      Cm = -0.0529     CD =  1.15506   =>   CDf =  0.00527    CDp =  1.14978

 Side 1 forced transition at x/c =  1.0000   77
 Side 2  free  transition at x/c =  0.0403   24

 144   rms: 0.8365E+04   max: -.4638E+05   C at   83  2   RLX: 0.000
       a = -3.000      CL = -0.1415
      Cm = -0.0530     CD =  1.15624   =>   CDf =  0.00527    CDp =  1.15097

 Side 1 forced transition at x/c =  1.0000   77
 Side 2  free  transition at x/c =  0.0403   24

 145   rms: 0.1660E+06   max: 0.9263E+06   C at   83  2   RLX: 0.000
       a = -3.000      CL = -0.1415
      Cm = -0.0529     CD =  1.15575   =>   CDf =  0.00527    CDp =  1.15047

 Side 1 forced transition at x/c =  1.0000   77
 Side 2  free  transition at x/c =  0.0403   24

 146   rms: 0.1526E+04   max: -.8474E+04   C at   83  2   RLX: 0.000
       a = -3.000      CL = -0.1414
      Cm = -0.0530     CD =  1.15770   =>   CDf =  0.00527    CDp =  1.15243

 Side 1 forced transition at x/c =  1.0000   77
 Side 2  free  transition at x/c =  0.0403   24

 147   rms: 0.6631E+04   max: -.3677E+05   C at   83  2   RLX: 0.000
       a = -3.000      CL = -0.1414
      Cm = -0.0530     CD =  1.15892   =>   CDf =  0.00527    CDp =  1.15365

 Side 1 forced transition at x/c =  1.0000   77
 Side 2  free  transition at x/c =  0.0403   24

 148   rms: 0.2319E+06   max: 0.1293E+07   C at   83  2   RLX: 0.000
       a = -3.000      CL = -0.1414
      Cm = -0.0530     CD =  1.15845   =>   CDf =  0.00527    CDp =  1.15317

 Side 1 forced transition at x/c =  1.0000   77
 Side 2  free  transition at x/c =  0.0403   24

 149   rms: 0.1237E+04   max: -.6863E+04   C at   83  2   RLX: 0.000
       a = -3.000      CL = -0.1413
      Cm = -0.0530     CD =  1.16036   =>   CDf =  0.00527    CDp =  1.15508

 Side 1 forced transition at x/c =  1.0000   77
 Side 2  free  transition at x/c =  0.0403   24

 150   rms: 0.7454E+04   max: -.4133E+05   C at   83  2   RLX: 0.000
       a = -3.000      CL = -0.1413
      Cm = -0.0530     CD =  1.16177   =>   CDf =  0.00527    CDp =  1.15649

 Side 1 forced transition at x/c =  1.0000   77
 Side 2  free  transition at x/c =  0.0403   24

 151   rms: 0.6011E+06   max: 0.3352E+07   C at   83  2   RLX: 0.000
       a = -3.000      CL = -0.1413
      Cm = -0.0530     CD =  1.16124   =>   CDf =  0.00527    CDp =  1.15597

 Side 1 forced transition at x/c =  1.0000   77
 Side 2  free  transition at x/c =  0.0403   24

 152   rms: 0.1548E+04   max: -.8602E+04   C at   83  2   RLX: 0.000
       a = -3.000      CL = -0.1412
      Cm = -0.0530     CD =  1.16344   =>   CDf =  0.00527    CDp =  1.15816

 Side 1 forced transition at x/c =  1.0000   77
 Side 2  free  transition at x/c =  0.0403   24

 153   rms: 0.8043E+04   max: -.4459E+05   C at   83  2   RLX: 0.000
       a = -3.000      CL = -0.1412
      Cm = -0.0530     CD =  1.16466   =>   CDf =  0.00527    CDp =  1.15939

 Side 1 forced transition at x/c =  1.0000   77
 Side 2  free  transition at x/c =  0.0403   24

 154   rms: 0.6812E+06   max: -.3797E+07   C at   83  2   RLX: 0.000
       a = -3.000      CL = -0.1412
      Cm = -0.0530     CD =  1.16509   =>   CDf =  0.00527    CDp =  1.15982

 Side 1 forced transition at x/c =  1.0000   77
 Side 2  free  transition at x/c =  0.0403   24

 155   rms: 0.2816E+05   max: 0.1592E+06   C at   83  2   RLX: 0.000
       a = -3.000      CL = -0.1412
      Cm = -0.0530     CD =  1.16477   =>   CDf =  0.00527    CDp =  1.15950

 Side 1 forced transition at x/c =  1.0000   77
 Side 2  free  transition at x/c =  0.0403   24

 156   rms: 0.5229E+04   max: -.2898E+05   C at   83  2   RLX: 0.000
       a = -3.000      CL = -0.1412
      Cm = -0.0530     CD =  1.16569   =>   CDf =  0.00527    CDp =  1.16041

 Side 1 forced transition at x/c =  1.0000   77
 Side 2  free  transition at x/c =  0.0403   24

 157   rms: 0.9170E+05   max: -.5108E+06   C at   83  2   RLX: 0.000
       a = -3.000      CL = -0.1412
      Cm = -0.0530     CD =  1.16620   =>   CDf =  0.00527    CDp =  1.16093

 Side 1 forced transition at x/c =  1.0000   77
 Side 2  free  transition at x/c =  0.0403   24

 158   rms: 0.2638E+05   max: 0.1489E+06   C at   83  2   RLX: 0.000
       a = -3.000      CL = -0.1412
      Cm = -0.0530     CD =  1.16586   =>   CDf =  0.00527    CDp =  1.16059

 Side 1 forced transition at x/c =  1.0000   77
 Side 2  free  transition at x/c =  0.0403   24

 159   rms: 0.5147E+04   max: -.2853E+05   C at   83  2   RLX: 0.000
       a = -3.000      CL = -0.1411
      Cm = -0.0531     CD =  1.16690   =>   CDf =  0.00527    CDp =  1.16162

 Side 1 forced transition at x/c =  1.0000   77
 Side 2  free  transition at x/c =  0.0403   24

 160   rms: 0.5178E+05   max: -.2882E+06   C at   83  2   RLX: 0.000
       a = -3.000      CL = -0.1411
      Cm = -0.0531     CD =  1.16742   =>   CDf =  0.00527    CDp =  1.16214

 MRCHDU: Convergence failed at  83  side 2    Res =  0.6651E-05
 Side 1 forced transition at x/c =  1.0000   77
 Side 2  free  transition at x/c =  0.0403   24

 161   rms: 0.2692E+05   max: 0.1517E+06   C at   83  2   RLX: 0.000
       a = -3.000      CL = -0.1411
      Cm = -0.0530     CD =  1.16707   =>   CDf =  0.00527    CDp =  1.16179

 MRCHDU: Convergence failed at  24  side 2    Res =  0.7872E-05
 Side 1 forced transition at x/c =  1.0000   77
 Side 2  free  transition at x/c =  0.0403   24

 162   rms: 0.4015E+04   max: -.2227E+05   C at   83  2   RLX: 0.000
       a = -3.000      CL = -0.1411
      Cm = -0.0531     CD =  1.16816   =>   CDf =  0.00527    CDp =  1.16289

 Side 1 forced transition at x/c =  1.0000   77
 Side 2  free  transition at x/c =  0.0403   24

 163   rms: 0.3942E+05   max: -.2193E+06   C at   83  2   RLX: 0.000
       a = -3.000      CL = -0.1411
      Cm = -0.0531     CD =  1.16877   =>   CDf =  0.00527    CDp =  1.16350

 Side 1 forced transition at x/c =  1.0000   77
 Side 2  free  transition at x/c =  0.0403   24

 164   rms: 0.3236E+05   max: 0.1820E+06   C at   83  2   RLX: 0.000
       a = -3.000      CL = -0.1411
      Cm = -0.0531     CD =  1.16843   =>   CDf =  0.00527    CDp =  1.16316

 Side 1 forced transition at x/c =  1.0000   77
 Side 2  free  transition at x/c =  0.0403   24

 165   rms: 0.3207E+04   max: -.1779E+05   C at   83  2   RLX: 0.000
       a = -3.000      CL = -0.1410
      Cm = -0.0531     CD =  1.16956   =>   CDf =  0.00527    CDp =  1.16428

 MRCHDU: Convergence failed at  24  side 2    Res =  0.7943E-05
 Side 1 forced transition at x/c =  1.0000   77
 Side 2  free  transition at x/c =  0.0403   24

 166   rms: 0.2839E+05   max: -.1578E+06   C at   83  2   RLX: 0.000
       a = -3.000      CL = -0.1410
      Cm = -0.0531     CD =  1.17023   =>   CDf =  0.00527    CDp =  1.16495

 Side 1 forced transition at x/c =  1.0000   77
 Side 2  free  transition at x/c =  0.0403   24

 167   rms: 0.3033E+05   max: 0.1704E+06   C at   83  2   RLX: 0.000
       a = -3.000      CL = -0.1410
      Cm = -0.0531     CD =  1.16984   =>   CDf =  0.00527    CDp =  1.16456

 Side 1 forced transition at x/c =  1.0000   77
 Side 2  free  transition at x/c =  0.0403   24

 168   rms: 0.3515E+04   max: -.1949E+05   C at   83  2   RLX: 0.000
       a = -3.000      CL = -0.1410
      Cm = -0.0531     CD =  1.17113   =>   CDf =  0.00527    CDp =  1.16586

 Side 1 forced transition at x/c =  1.0000   77
 Side 2  free  transition at x/c =  0.0403   24

 169   rms: 0.2141E+05   max: -.1190E+06   C at   83  2   RLX: 0.000
       a = -3.000      CL = -0.1410
      Cm = -0.0531     CD =  1.17185   =>   CDf =  0.00527    CDp =  1.16657

 Side 1 forced transition at x/c =  1.0000   77
 Side 2  free  transition at x/c =  0.0403   24

 170   rms: 0.3968E+05   max: 0.2228E+06   C at   83  2   RLX: 0.000
       a = -3.000      CL = -0.1410
      Cm = -0.0531     CD =  1.17147   =>   CDf =  0.00527    CDp =  1.16619

 Side 1 forced transition at x/c =  1.0000   77
 Side 2  free  transition at x/c =  0.0403   24

 171   rms: 0.3514E+04   max: -.1947E+05   C at   83  2   RLX: 0.000
       a = -3.000      CL = -0.1409
      Cm = -0.0531     CD =  1.17287   =>   CDf =  0.00527    CDp =  1.16760

 Side 1 forced transition at x/c =  1.0000   77
 Side 2  free  transition at x/c =  0.0403   24

 172   rms: 0.1729E+05   max: -.9602E+05   C at   83  2   RLX: 0.000
       a = -3.000      CL = -0.1409
      Cm = -0.0531     CD =  1.17359   =>   CDf =  0.00527    CDp =  1.16831

 Side 1 forced transition at x/c =  1.0000   77
 Side 2  free  transition at x/c =  0.0403   24

 173   rms: 0.4250E+05   max: 0.2383E+06   C at   83  2   RLX: 0.000
       a = -3.000      CL = -0.1409
      Cm = -0.0531     CD =  1.17320   =>   CDf =  0.00527    CDp =  1.16792

 Side 1 forced transition at x/c =  1.0000   77
 Side 2  free  transition at x/c =  0.0403   24

 174   rms: 0.2433E+04   max: -.1350E+05   C at   83  2   RLX: 0.000
       a = -3.000      CL = -0.1409
      Cm = -0.0531     CD =  1.17459   =>   CDf =  0.00527    CDp =  1.16931

 Side 1 forced transition at x/c =  1.0000   77
 Side 2  free  transition at x/c =  0.0403   24

 175   rms: 0.1491E+05   max: -.8278E+05   C at   83  2   RLX: 0.000
       a = -3.000      CL = -0.1409
      Cm = -0.0531     CD =  1.17545   =>   CDf =  0.00527    CDp =  1.17018

 MRCHDU: Convergence failed at  24  side 2    Res =  0.7641E-05
 Side 1 forced transition at x/c =  1.0000   77
 Side 2  free  transition at x/c =  0.0403   24

 176   rms: 0.4165E+05   max: 0.2334E+06   C at   83  2   RLX: 0.000
       a = -3.000      CL = -0.1409
      Cm = -0.0531     CD =  1.17503   =>   CDf =  0.00528    CDp =  1.16976

 Side 1 forced transition at x/c =  1.0000   77
 Side 2  free  transition at x/c =  0.0403   24

 177   rms: 0.2317E+04   max: -.1286E+05   C at   83  2   RLX: 0.000
       a = -3.000      CL = -0.1408
      Cm = -0.0531     CD =  1.17653   =>   CDf =  0.00527    CDp =  1.17126

 Side 1 forced transition at x/c =  1.0000   77
 Side 2  free  transition at x/c =  0.0403   24

 178   rms: 0.1280E+05   max: -.7109E+05   C at   83  2   RLX: 0.000
       a = -3.000      CL = -0.1408
      Cm = -0.0531     CD =  1.17745   =>   CDf =  0.00528    CDp =  1.17217

 Side 1 forced transition at x/c =  1.0000   77
 Side 2  free  transition at x/c =  0.0403   24

 179   rms: 0.5038E+05   max: 0.2821E+06   C at   83  2   RLX: 0.000
       a = -3.000      CL = -0.1408
      Cm = -0.0531     CD =  1.17701   =>   CDf =  0.00528    CDp =  1.17174

 Side 1 forced transition at x/c =  1.0000   77
 Side 2  free  transition at x/c =  0.0403   24

 180   rms: 0.2540E+04   max: -.1409E+05   C at   83  2   RLX: 0.000
       a = -3.000      CL = -0.1408
      Cm = -0.0532     CD =  1.17868   =>   CDf =  0.00528    CDp =  1.17341

 Side 1 forced transition at x/c =  1.0000   77
 Side 2  free  transition at x/c =  0.0403   24

 181   rms: 0.1217E+05   max: -.6756E+05   C at   83  2   RLX: 0.000
       a = -3.000      CL = -0.1407
      Cm = -0.0532     CD =  1.17960   =>   CDf =  0.00528    CDp =  1.17433

 Side 1 forced transition at x/c =  1.0000   77
 Side 2  free  transition at x/c =  0.0403   24

 182   rms: 0.7364E+05   max: 0.4120E+06   C at   83  2   RLX: 0.000
       a = -3.000      CL = -0.1407
      Cm = -0.0532     CD =  1.17915   =>   CDf =  0.00528    CDp =  1.17388

 Side 1 forced transition at x/c =  1.0000   77
 Side 2  free  transition at x/c =  0.0403   24

 183   rms: 0.1724E+04   max: -.9567E+04   C at   83  2   RLX: 0.000
       a = -3.000      CL = -0.1407
      Cm = -0.0532     CD =  1.18075   =>   CDf =  0.00528    CDp =  1.17548

 Side 1 forced transition at x/c =  1.0000   77
 Side 2  free  transition at x/c =  0.0403   24

 184   rms: 0.1114E+05   max: -.6184E+05   C at   83  2   RLX: 0.000
       a = -3.000      CL = -0.1407
      Cm = -0.0532     CD =  1.18186   =>   CDf =  0.00528    CDp =  1.17658

 Side 1 forced transition at x/c =  1.0000   77
 Side 2  free  transition at x/c =  0.0403   24

 185   rms: 0.7743E+05   max: 0.4330E+06   C at   83  2   RLX: 0.000
       a = -3.000      CL = -0.1407
      Cm = -0.0532     CD =  1.18139   =>   CDf =  0.00528    CDp =  1.17612

 Side 1 forced transition at x/c =  1.0000   77
 Side 2  free  transition at x/c =  0.0403   24

 186   rms: 0.2090E+04   max: -.1159E+05   C at   83  2   RLX: 0.000
       a = -3.000      CL = -0.1406
      Cm = -0.0532     CD =  1.18322   =>   CDf =  0.00528    CDp =  1.17795

 Side 1 forced transition at x/c =  1.0000   77
 Side 2  free  transition at x/c =  0.0403   24

 187   rms: 0.8772E+04   max: -.4867E+05   C at   83  2   RLX: 0.000
       a = -3.000      CL = -0.1406
      Cm = -0.0532     CD =  1.18424   =>   CDf =  0.00528    CDp =  1.17897

 Side 1 forced transition at x/c =  1.0000   77
 Side 2  free  transition at x/c =  0.0403   24

 188   rms: 0.1207E+06   max: 0.6747E+06   C at   83  2   RLX: 0.000
       a = -3.000      CL = -0.1406
      Cm = -0.0532     CD =  1.18377   =>   CDf =  0.00528    CDp =  1.17850

 Side 1 forced transition at x/c =  1.0000   77
 Side 2  free  transition at x/c =  0.0403   24

 189   rms: 0.1827E+04   max: -.1014E+05   C at   83  2   RLX: 0.000
       a = -3.000      CL = -0.1405
      Cm = -0.0532     CD =  1.18565   =>   CDf =  0.00528    CDp =  1.18038

 Side 1 forced transition at x/c =  1.0000   77
 Side 2  free  transition at x/c =  0.0403   24

 190   rms: 0.8220E+04   max: -.4560E+05   C at   83  2   RLX: 0.000
       a = -3.000      CL = -0.1405
      Cm = -0.0532     CD =  1.18674   =>   CDf =  0.00528    CDp =  1.18146

 Side 1 forced transition at x/c =  1.0000   77
 Side 2  free  transition at x/c =  0.0403   24

 191   rms: 0.1556E+06   max: 0.8690E+06   C at   83  2   RLX: 0.000
       a = -3.000      CL = -0.1405
      Cm = -0.0532     CD =  1.18625   =>   CDf =  0.00528    CDp =  1.18097

 Side 1 forced transition at x/c =  1.0000   77
 Side 2  free  transition at x/c =  0.0403   24

 192   rms: 0.1516E+04   max: -.8428E+04   C at   83  2   RLX: 0.000
       a = -3.000      CL = -0.1405
      Cm = -0.0532     CD =  1.18813   =>   CDf =  0.00528    CDp =  1.18285

 Side 1 forced transition at x/c =  1.0000   77
 Side 2  free  transition at x/c =  0.0403   24

 193   rms: 0.6330E+04   max: -.3512E+05   C at   83  2   RLX: 0.000
       a = -3.000      CL = -0.1405
      Cm = -0.0533     CD =  1.18931   =>   CDf =  0.00528    CDp =  1.18404

 Side 1 forced transition at x/c =  1.0000   77
 Side 2  free  transition at x/c =  0.0403   24

 194   rms: 0.2379E+06   max: 0.1328E+07   C at   83  2   RLX: 0.000
       a = -3.000      CL = -0.1405
      Cm = -0.0532     CD =  1.18882   =>   CDf =  0.00528    CDp =  1.18354

 Side 1 forced transition at x/c =  1.0000   77
 Side 2  free  transition at x/c =  0.0403   24

 195   rms: 0.1342E+04   max: -.7454E+04   C at   83  2   RLX: 0.000
       a = -3.000      CL = -0.1404
      Cm = -0.0533     CD =  1.19074   =>   CDf =  0.00528    CDp =  1.18546

 Side 1 forced transition at x/c =  1.0000   77
 Side 2  free  transition at x/c =  0.0403   24

 196   rms: 0.6454E+04   max: -.3579E+05   C at   83  2   RLX: 0.000
       a = -3.000      CL = -0.1404
      Cm = -0.0533     CD =  1.19202   =>   CDf =  0.00528    CDp =  1.18674

 Side 1 forced transition at x/c =  1.0000   77
 Side 2  free  transition at x/c =  0.0403   24

 197   rms: 0.1514E+07   max: 0.8452E+07   C at   83  2   RLX: 0.000
       a = -3.000      CL = -0.1404
      Cm = -0.0533     CD =  1.19150   =>   CDf =  0.00528    CDp =  1.18623

 Side 1 forced transition at x/c =  1.0000   77
 Side 2  free  transition at x/c =  0.0403   24

 198   rms: 0.1617E+04   max: -.8979E+04   C at   83  2   RLX: 0.000
       a = -3.000      CL = -0.1403
      Cm = -0.0533     CD =  1.19367   =>   CDf =  0.00528    CDp =  1.18840

 Side 1 forced transition at x/c =  1.0000   77
 Side 2  free  transition at x/c =  0.0403   24

 199   rms: 0.6280E+04   max: -.3483E+05   C at   83  2   RLX: 0.000
       a = -3.000      CL = -0.1403
      Cm = -0.0533     CD =  1.19492   =>   CDf =  0.00528    CDp =  1.18964

 Side 1 forced transition at x/c =  1.0000   77
 Side 2  free  transition at x/c =  0.0403   24

 200   rms: 0.4175E+06   max: -.2329E+07   C at   83  2   RLX: 0.000
       a = -3.000      CL = -0.1403
      Cm = -0.0533     CD =  1.19536   =>   CDf =  0.00528    CDp =  1.19009

 Side 1 forced transition at x/c =  1.0000   77
 Side 2  free  transition at x/c =  0.0403   24

 201   rms: 0.2769E+05   max: 0.1568E+06   C at   84  2   RLX: 0.000
       a = -3.000      CL = -0.1403
      Cm = -0.0533     CD =  1.19505   =>   CDf =  0.00528    CDp =  1.18977

 Side 1 forced transition at x/c =  1.0000   77
 Side 2  free  transition at x/c =  0.0403   24

 202   rms: 0.4969E+04   max: -.2755E+05   C at   83  2   RLX: 0.000
       a = -3.000      CL = -0.1403
      Cm = -0.0533     CD =  1.19593   =>   CDf =  0.00528    CDp =  1.19065

 Side 1 forced transition at x/c =  1.0000   77
 Side 2  free  transition at x/c =  0.0403   24

 203   rms: 0.7333E+05   max: -.4087E+06   C at   83  2   RLX: 0.000
       a = -3.000      CL = -0.1403
      Cm = -0.0533     CD =  1.19643   =>   CDf =  0.00528    CDp =  1.19115

 Side 1 forced transition at x/c =  1.0000   77
 Side 2  free  transition at x/c =  0.0403   24

 204   rms: 0.3019E+05   max: 0.1706E+06   C at   83  2   RLX: 0.000
       a = -3.000      CL = -0.1403
      Cm = -0.0533     CD =  1.19611   =>   CDf =  0.00528    CDp =  1.19083

 Side 1 forced transition at x/c =  1.0000   77
 Side 2  free  transition at x/c =  0.0403   24

 205   rms: 0.4874E+04   max: -.2702E+05   C at   83  2   RLX: 0.000
       a = -3.000      CL = -0.1402
      Cm = -0.0533     CD =  1.19711   =>   CDf =  0.00528    CDp =  1.19183

 Side 1 forced transition at x/c =  1.0000   77
 Side 2  free  transition at x/c =  0.0403   24

 206   rms: 0.6143E+05   max: -.3421E+06   C at   83  2   RLX: 0.000
       a = -3.000      CL = -0.1402
      Cm = -0.0533     CD =  1.19765   =>   CDf =  0.00528    CDp =  1.19237

 Side 1 forced transition at x/c =  1.0000   77
 Side 2  free  transition at x/c =  0.0403   24

 207   rms: 0.3313E+05   max: 0.1870E+06   C at   83  2   RLX: 0.000
       a = -3.000      CL = -0.1402
      Cm = -0.0533     CD =  1.19730   =>   CDf =  0.00528    CDp =  1.19202

 Side 1 forced transition at x/c =  1.0000   77
 Side 2  free  transition at x/c =  0.0403   24

 208   rms: 0.4464E+04   max: -.2474E+05   C at   83  2   RLX: 0.000
       a = -3.000      CL = -0.1402
      Cm = -0.0533     CD =  1.19839   =>   CDf =  0.00528    CDp =  1.19311

 Side 1 forced transition at x/c =  1.0000   77
 Side 2  free  transition at x/c =  0.0403   24

 209   rms: 0.3427E+05   max: -.1907E+06   C at   83  2   RLX: 0.000
       a = -3.000      CL = -0.1402
      Cm = -0.0533     CD =  1.19901   =>   CDf =  0.00528    CDp =  1.19373

 Side 1 forced transition at x/c =  1.0000   77
 Side 2  free  transition at x/c =  0.0403   24

 210   rms: 0.3740E+05   max: 0.2107E+06   C at   83  2   RLX: 0.000
       a = -3.000      CL = -0.1402
      Cm = -0.0533     CD =  1.19865   =>   CDf =  0.00528    CDp =  1.19338

 Side 1 forced transition at x/c =  1.0000   77
 Side 2  free  transition at x/c =  0.0403   24

 211   rms: 0.3458E+04   max: -.1919E+05   C at   83  2   RLX: 0.000
       a = -3.000      CL = -0.1401
      Cm = -0.0533     CD =  1.19980   =>   CDf =  0.00528    CDp =  1.19452

 Side 1 forced transition at x/c =  1.0000   77
 Side 2  free  transition at x/c =  0.0403   24

 212   rms: 0.2718E+05   max: -.1512E+06   C at   83  2   RLX: 0.000
       a = -3.000      CL = -0.1401
      Cm = -0.0534     CD =  1.20049   =>   CDf =  0.00528    CDp =  1.19521

 Side 1 forced transition at x/c =  1.0000   77
 Side 2  free  transition at x/c =  0.0403   24

 213   rms: 0.3615E+05   max: 0.2034E+06   C at   83  2   RLX: 0.000
       a = -3.000      CL = -0.1401
      Cm = -0.0533     CD =  1.20011   =>   CDf =  0.00528    CDp =  1.19483

 Side 1 forced transition at x/c =  1.0000   77
 Side 2  free  transition at x/c =  0.0403   24

 214   rms: 0.3339E+04   max: -.1850E+05   C at   83  2   RLX: 0.000
       a = -3.000      CL = -0.1401
      Cm = -0.0534     CD =  1.20137   =>   CDf =  0.00528    CDp =  1.19609

 Side 1 forced transition at x/c =  1.0000   77
 Side 2  free  transition at x/c =  0.0403   24

 215   rms: 0.2153E+05   max: -.1197E+06   C at   83  2   RLX: 0.000
       a = -3.000      CL = -0.1401
      Cm = -0.0534     CD =  1.20210   =>   CDf =  0.00528    CDp =  1.19682

 Side 1 forced transition at x/c =  1.0000   77
 Side 2  free  transition at x/c =  0.0403   24

 216   rms: 0.4045E+05   max: 0.2273E+06   C at   83  2   RLX: 0.000
       a = -3.000      CL = -0.1401
      Cm = -0.0534     CD =  1.20171   =>   CDf =  0.00528    CDp =  1.19643

 Side 1 forced transition at x/c =  1.0000   77
 Side 2  free  transition at x/c =  0.0403   24

 217   rms: 0.2889E+04   max: -.1603E+05   C at   83  2   RLX: 0.000
       a = -3.000      CL = -0.1400
      Cm = -0.0534     CD =  1.20304   =>   CDf =  0.00528    CDp =  1.19777

 Side 1 forced transition at x/c =  1.0000   77
 Side 2  free  transition at x/c =  0.0403   24

 218   rms: 0.1629E+05   max: -.9051E+05   C at   83  2   RLX: 0.000
       a = -3.000      CL = -0.1400
      Cm = -0.0534     CD =  1.20387   =>   CDf =  0.00528    CDp =  1.19859

 Side 1 forced transition at x/c =  1.0000   77
 Side 2  free  transition at x/c =  0.0403   24

 219   rms: 0.4782E+05   max: 0.2685E+06   C at   83  2   RLX: 0.000
       a = -3.000      CL = -0.1400
      Cm = -0.0534     CD =  1.20347   =>   CDf =  0.00528    CDp =  1.19819

 Side 1 forced transition at x/c =  1.0000   77
 Side 2  free  transition at x/c =  0.0403   24

 220   rms: 0.3073E+04   max: -.1704E+05   C at   83  2   RLX: 0.000
       a = -3.000      CL = -0.1400
      Cm = -0.0534     CD =  1.20497   =>   CDf =  0.00528    CDp =  1.19970

 Side 1 forced transition at x/c =  1.0000   77
 Side 2  free  transition at x/c =  0.0403   24

 221   rms: 0.1567E+05   max: -.8701E+05   C at   83  2   RLX: 0.000
       a = -3.000      CL = -0.1400
      Cm = -0.0534     CD =  1.20576   =>   CDf =  0.00528    CDp =  1.20048

 Side 1 forced transition at x/c =  1.0000   77
 Side 2  free  transition at x/c =  0.0403   24

 222   rms: 0.5806E+05   max: 0.3256E+06   C at   83  2   RLX: 0.000
       a = -3.000      CL = -0.1400
      Cm = -0.0534     CD =  1.20535   =>   CDf =  0.00528    CDp =  1.20007

 Side 1 forced transition at x/c =  1.0000   77
 Side 2  free  transition at x/c =  0.0403   24

 223   rms: 0.1723E+04   max: -.9559E+04   C at   83  2   RLX: 0.000
       a = -3.000      CL = -0.1399
      Cm = -0.0534     CD =  1.20670   =>   CDf =  0.00528    CDp =  1.20143

 Side 1 forced transition at x/c =  1.0000   77
 Side 2  free  transition at x/c =  0.0403   24

 224   rms: 0.1155E+05   max: -.6417E+05   C at   83  2   RLX: 0.000
       a = -3.000      CL = -0.1399
      Cm = -0.0534     CD =  1.20774   =>   CDf =  0.00528    CDp =  1.20246

 Side 1 forced transition at x/c =  1.0000   77
 Side 2  free  transition at x/c =  0.0403   24

 225   rms: 0.5558E+05   max: 0.3114E+06   C at   83  2   RLX: 0.000
       a = -3.000      CL = -0.1399
      Cm = -0.0534     CD =  1.20730   =>   CDf =  0.00528    CDp =  1.20202

 Side 1 forced transition at x/c =  1.0000   77
 Side 2  free  transition at x/c =  0.0403   24

 226   rms: 0.1990E+04   max: -.1105E+05   C at   83  2   RLX: 0.000
       a = -3.000      CL = -0.1399
      Cm = -0.0534     CD =  1.20888   =>   CDf =  0.00528    CDp =  1.20360

 Side 1 forced transition at x/c =  1.0000   77
 Side 2  free  transition at x/c =  0.0403   24

 227   rms: 0.1067E+05   max: -.5921E+05   C at   83  2   RLX: 0.000
       a = -3.000      CL = -0.1399
      Cm = -0.0534     CD =  1.20997   =>   CDf =  0.00528    CDp =  1.20469

 Side 1 forced transition at x/c =  1.0000   77
 Side 2  free  transition at x/c =  0.0403   24

 228   rms: 0.6746E+05   max: 0.3777E+06   C at   83  2   RLX: 0.000
       a = -3.000      CL = -0.1399
      Cm = -0.0534     CD =  1.20952   =>   CDf =  0.00528    CDp =  1.20425

 Side 1 forced transition at x/c =  1.0000   77
 Side 2  free  transition at x/c =  0.0403   24

 229   rms: 0.2531E+04   max: -.1405E+05   C at   83  2   RLX: 0.000
       a = -3.000      CL = -0.1398
      Cm = -0.0534     CD =  1.21135   =>   CDf =  0.00528    CDp =  1.20608

 Side 1 forced transition at x/c =  1.0000   77
 Side 2  free  transition at x/c =  0.0403   24

 230   rms: 0.1160E+05   max: -.6436E+05   C at   83  2   RLX: 0.000
       a = -3.000      CL = -0.1398
      Cm = -0.0535     CD =  1.21236   =>   CDf =  0.00528    CDp =  1.20708

 Side 1 forced transition at x/c =  1.0000   77
 Side 2  free  transition at x/c =  0.0403   24

 231   rms: 0.9870E+05   max: 0.5523E+06   C at   83  2   RLX: 0.000
       a = -3.000      CL = -0.1398
      Cm = -0.0534     CD =  1.21189   =>   CDf =  0.00528    CDp =  1.20661

 Side 1 forced transition at x/c =  1.0000   77
 Side 2  free  transition at x/c =  0.0403   24

 232   rms: 0.1559E+04   max: -.8657E+04   C at   83  2   RLX: 0.000
       a = -3.000      CL = -0.1397
      Cm = -0.0535     CD =  1.21357   =>   CDf =  0.00528    CDp =  1.20830

 Side 1 forced transition at x/c =  1.0000   77
 Side 2  free  transition at x/c =  0.0403   24

 233   rms: 0.1027E+05   max: -.5703E+05   C at   83  2   RLX: 0.000
       a = -3.000      CL = -0.1397
      Cm = -0.0535     CD =  1.21481   =>   CDf =  0.00528    CDp =  1.20953

 Side 1 forced transition at x/c =  1.0000   77
 Side 2  free  transition at x/c =  0.0403   24

 234   rms: 0.1346E+06   max: 0.7526E+06   C at   83  2   RLX: 0.000
       a = -3.000      CL = -0.1397
      Cm = -0.0535     CD =  1.21431   =>   CDf =  0.00528    CDp =  1.20903

 Side 1 forced transition at x/c =  1.0000   77
 Side 2  free  transition at x/c =  0.0403   24

 235   rms: 0.1623E+04   max: -.9006E+04   C at   83  2   RLX: 0.000
       a = -3.000      CL = -0.1397
      Cm = -0.0535     CD =  1.21616   =>   CDf =  0.00528    CDp =  1.21089

 Side 1 forced transition at x/c =  1.0000   77
 Side 2  free  transition at x/c =  0.0403   24

 236   rms: 0.7714E+04   max: -.4280E+05   C at   83  2   RLX: 0.000
       a = -3.000      CL = -0.1396
      Cm = -0.0535     CD =  1.21735   =>   CDf =  0.00528    CDp =  1.21207

 Side 1 forced transition at x/c =  1.0000   77
 Side 2  free  transition at x/c =  0.0403   24

 237   rms: 0.1968E+06   max: 0.1100E+07   C at   83  2   RLX: 0.000
       a = -3.000      CL = -0.1396
      Cm = -0.0535     CD =  1.21685   =>   CDf =  0.00528    CDp =  1.21157

 Side 1 forced transition at x/c =  1.0000   77
 Side 2  free  transition at x/c =  0.0403   24

 238   rms: 0.1864E+04   max: -.1036E+05   C at   83  2   RLX: 0.000
       a = -3.000      CL = -0.1396
      Cm = -0.0535     CD =  1.21892   =>   CDf =  0.00528    CDp =  1.21364

 Side 1 forced transition at x/c =  1.0000   77
 Side 2  free  transition at x/c =  0.0403   24

 239   rms: 0.8588E+04   max: -.4765E+05   C at   83  2   RLX: 0.000
       a = -3.000      CL = -0.1396
      Cm = -0.0535     CD =  1.22016   =>   CDf =  0.00528    CDp =  1.21488

 Side 1 forced transition at x/c =  1.0000   77
 Side 2  free  transition at x/c =  0.0403   24

 240   rms: 0.1505E+08   max: 0.8406E+08   C at   83  2   RLX: 0.000
       a = -3.000      CL = -0.1396
      Cm = -0.0535     CD =  1.21963   =>   CDf =  0.00528    CDp =  1.21435

 Side 1 forced transition at x/c =  1.0000   77
 Side 2  free  transition at x/c =  0.0403   24

 241   rms: 0.1127E+04   max: -.6262E+04   C at   83  2   RLX: 0.000
       a = -3.000      CL = -0.1395
      Cm = -0.0535     CD =  1.22143   =>   CDf =  0.00528    CDp =  1.21615

 Side 1 forced transition at x/c =  1.0000   77
 Side 2  free  transition at x/c =  0.0403   24

 242   rms: 0.7131E+04   max: -.3956E+05   C at   83  2   RLX: 0.000
       a = -3.000      CL = -0.1395
      Cm = -0.0535     CD =  1.22296   =>   CDf =  0.00528    CDp =  1.21768

 Side 1 forced transition at x/c =  1.0000   77
 Side 2  free  transition at x/c =  0.0403   24

 243   rms: 0.3113E+06   max: -.1738E+07   C at   83  2   RLX: 0.000
       a = -3.000      CL = -0.1395
      Cm = -0.0535     CD =  1.22343   =>   CDf =  0.00528    CDp =  1.21815

 Side 1 forced transition at x/c =  1.0000   77
 Side 2  free  transition at x/c =  0.0403   24

 244   rms: 0.3171E+05   max: 0.1799E+06   C at   84  2   RLX: 0.000
       a = -3.000      CL = -0.1395
      Cm = -0.0535     CD =  1.22312   =>   CDf =  0.00528    CDp =  1.21784

 Side 1 forced transition at x/c =  1.0000   77
 Side 2  free  transition at x/c =  0.0403   24

 245   rms: 0.6135E+04   max: -.3403E+05   C at   83  2   RLX: 0.000
       a = -3.000      CL = -0.1395
      Cm = -0.0536     CD =  1.22404   =>   CDf =  0.00528    CDp =  1.21876

 Side 1 forced transition at x/c =  1.0000   77
 Side 2  free  transition at x/c =  0.0403   24

 246   rms: 0.8894E+05   max: -.4961E+06   C at   83  2   RLX: 0.000
       a = -3.000      CL = -0.1395
      Cm = -0.0536     CD =  1.22454   =>   CDf =  0.00528    CDp =  1.21926

 Side 1 forced transition at x/c =  1.0000   77
 Side 2  free  transition at x/c =  0.0403   24

 247   rms: 0.3265E+05   max: 0.1848E+06   C at   83  2   RLX: 0.000
       a = -3.000      CL = -0.1394
      Cm = -0.0536     CD =  1.22421   =>   CDf =  0.00528    CDp =  1.21894

 Side 1 forced transition at x/c =  1.0000   77
 Side 2  free  transition at x/c =  0.0403   24

 248   rms: 0.4808E+04   max: -.2667E+05   C at   83  2   RLX: 0.000
       a = -3.000      CL = -0.1394
      Cm = -0.0536     CD =  1.22520   =>   CDf =  0.00528    CDp =  1.21992

 Side 1 forced transition at x/c =  1.0000   77
 Side 2  free  transition at x/c =  0.0403   24

 249   rms: 0.4216E+05   max: -.2350E+06   C at   83  2   RLX: 0.000
       a = -3.000      CL = -0.1394
      Cm = -0.0536     CD =  1.22576   =>   CDf =  0.00528    CDp =  1.22048

 Side 1 forced transition at x/c =  1.0000   77
 Side 2  free  transition at x/c =  0.0403   24

 250   rms: 0.3948E+05   max: 0.2231E+06   C at   83  2   RLX: 0.000
       a = -3.000      CL = -0.1394
      Cm = -0.0536     CD =  1.22543   =>   CDf =  0.00528    CDp =  1.22015

 Side 1 forced transition at x/c =  1.0000   77
 Side 2  free  transition at x/c =  0.0403   24

 251   rms: 0.4574E+04   max: -.2536E+05   C at   83  2   RLX: 0.000
       a = -3.000      CL = -0.1394
      Cm = -0.0536     CD =  1.22652   =>   CDf =  0.00528    CDp =  1.22124

 Side 1 forced transition at x/c =  1.0000   77
 Side 2  free  transition at x/c =  0.0403   24

 252   rms: 0.3054E+05   max: -.1701E+06   C at   83  2   RLX: 0.000
       a = -3.000      CL = -0.1394
      Cm = -0.0536     CD =  1.22714   =>   CDf =  0.00528    CDp =  1.22186

 Side 1 forced transition at x/c =  1.0000   77
 Side 2  free  transition at x/c =  0.0403   24

 253   rms: 0.3467E+05   max: 0.1956E+06   C at   83  2   RLX: 0.000
       a = -3.000      CL = -0.1394
      Cm = -0.0536     CD =  1.22678   =>   CDf =  0.00528    CDp =  1.22150

 Side 1 forced transition at x/c =  1.0000   77
 Side 2  free  transition at x/c =  0.0403   24

 254   rms: 0.4487E+04   max: -.2488E+05   C at   83  2   RLX: 0.000
       a = -3.000      CL = -0.1393
      Cm = -0.0536     CD =  1.22801   =>   CDf =  0.00528    CDp =  1.22273

 Side 1 forced transition at x/c =  1.0000   77
 Side 2  free  transition at x/c =  0.0403   24

 255   rms: 0.3009E+05   max: -.1675E+06   C at   83  2   RLX: 0.000
       a = -3.000      CL = -0.1393
      Cm = -0.0536     CD =  1.22867   =>   CDf =  0.00528    CDp =  1.22339

 Side 1 forced transition at x/c =  1.0000   77
 Side 2  free  transition at x/c =  0.0403   24

 256   rms: 0.4197E+05   max: 0.2364E+06   C at   83  2   RLX: 0.000
       a = -3.000      CL = -0.1393
      Cm = -0.0536     CD =  1.22829   =>   CDf =  0.00528    CDp =  1.22301

 Side 1 forced transition at x/c =  1.0000   77
 Side 2  free  transition at x/c =  0.0403   24

 257   rms: 0.3532E+04   max: -.1958E+05   C at   83  2   RLX: 0.000
       a = -3.000      CL = -0.1393
      Cm = -0.0536     CD =  1.22957   =>   CDf =  0.00528    CDp =  1.22430

 Side 1 forced transition at x/c =  1.0000   77
 Side 2  free  transition at x/c =  0.0403   24

 258   rms: 0.2123E+05   max: -.1181E+06   C at   83  2   RLX: 0.000
       a = -3.000      CL = -0.1393
      Cm = -0.0536     CD =  1.23030   =>   CDf =  0.00528    CDp =  1.22502

 Side 1 forced transition at x/c =  1.0000   77
 Side 2  free  transition at x/c =  0.0403   24

 259   rms: 0.4786E+05   max: 0.2692E+06   C at   83  2   RLX: 0.000
       a = -3.000      CL = -0.1393
      Cm = -0.0536     CD =  1.22993   =>   CDf =  0.00528    CDp =  1.22465

 Side 1 forced transition at x/c =  1.0000   77
 Side 2  free  transition at x/c =  0.0403   24

 260   rms: 0.3231E+04   max: -.1792E+05   C at   83  2   RLX: 0.000
       a = -3.000      CL = -0.1392
      Cm = -0.0536     CD =  1.23132   =>   CDf =  0.00528    CDp =  1.22604

 Side 1 forced transition at x/c =  1.0000   77
 Side 2  free  transition at x/c =  0.0403   24

 261   rms: 0.1746E+05   max: -.9708E+05   C at   83  2   RLX: 0.000
       a = -3.000      CL = -0.1392
      Cm = -0.0536     CD =  1.23213   =>   CDf =  0.00528    CDp =  1.22685

 Side 1 forced transition at x/c =  1.0000   77
 Side 2  free  transition at x/c =  0.0403   24

 262   rms: 0.4983E+05   max: 0.2800E+06   C at   83  2   RLX: 0.000
       a = -3.000      CL = -0.1392
      Cm = -0.0536     CD =  1.23172   =>   CDf =  0.00528    CDp =  1.22644

 Side 1 forced transition at x/c =  1.0000   77
 Side 2  free  transition at x/c =  0.0403   24

 263   rms: 0.2662E+04   max: -.1477E+05   C at   83  2   RLX: 0.000
       a = -3.000      CL = -0.1392
      Cm = -0.0536     CD =  1.23318   =>   CDf =  0.00528    CDp =  1.22791

 Side 1 forced transition at x/c =  1.0000   77
 Side 2  free  transition at x/c =  0.0403   24

 264   rms: 0.1543E+05   max: -.8572E+05   C at   83  2   RLX: 0.000
       a = -3.000      CL = -0.1392
      Cm = -0.0536     CD =  1.23404   =>   CDf =  0.00528    CDp =  1.22876

 Side 1 forced transition at x/c =  1.0000   77
 Side 2  free  transition at x/c =  0.0403   24

 265   rms: 0.5734E+05   max: 0.3219E+06   C at   83  2   RLX: 0.000
       a = -3.000      CL = -0.1392
      Cm = -0.0536     CD =  1.23362   =>   CDf =  0.00528    CDp =  1.22834

 Side 1 forced transition at x/c =  1.0000   77
 Side 2  free  transition at x/c =  0.0403   24

 266   rms: 0.2514E+04   max: -.1395E+05   C at   83  2   RLX: 0.000
       a = -3.000      CL = -0.1391
      Cm = -0.0537     CD =  1.23519   =>   CDf =  0.00528    CDp =  1.22991

 Side 1 forced transition at x/c =  1.0000   77
 Side 2  free  transition at x/c =  0.0403   24

 267   rms: 0.1386E+05   max: -.7699E+05   C at   83  2   RLX: 0.000
       a = -3.000      CL = -0.1391
      Cm = -0.0537     CD =  1.23615   =>   CDf =  0.00528    CDp =  1.23087

 Side 1 forced transition at x/c =  1.0000   77
 Side 2  free  transition at x/c =  0.0403   24

 268   rms: 0.7625E+05   max: 0.4276E+06   C at   83  2   RLX: 0.000
       a = -3.000      CL = -0.1391
      Cm = -0.0536     CD =  1.23570   =>   CDf =  0.00528    CDp =  1.23042

 Side 1 forced transition at x/c =  1.0000   77
 Side 2  free  transition at x/c =  0.0403   24

 269   rms: 0.2267E+04   max: -.1259E+05   C at   83  2   RLX: 0.000
       a = -3.000      CL = -0.1390
      Cm = -0.0537     CD =  1.23736   =>   CDf =  0.00528    CDp =  1.23208

 Side 1 forced transition at x/c =  1.0000   77
 Side 2  free  transition at x/c =  0.0403   24

 270   rms: 0.1087E+05   max: -.6040E+05   C at   83  2   RLX: 0.000
       a = -3.000      CL = -0.1390
      Cm = -0.0537     CD =  1.23841   =>   CDf =  0.00528    CDp =  1.23314

 Side 1 forced transition at x/c =  1.0000   77
 Side 2  free  transition at x/c =  0.0403   24

 271   rms: 0.9646E+05   max: 0.5405E+06   C at   83  2   RLX: 0.000
       a = -3.000      CL = -0.1390
      Cm = -0.0537     CD =  1.23796   =>   CDf =  0.00528    CDp =  1.23268

 Side 1 forced transition at x/c =  1.0000   77
 Side 2  free  transition at x/c =  0.0403   24

 272   rms: 0.1685E+04   max: -.9357E+04   C at   83  2   RLX: 0.000
       a = -3.000      CL = -0.1390
      Cm = -0.0537     CD =  1.23958   =>   CDf =  0.00528    CDp =  1.23430

 Side 1 forced transition at x/c =  1.0000   77
 Side 2  free  transition at x/c =  0.0403   24

 273   rms: 0.8688E+04   max: -.4826E+05   C at   83  2   RLX: 0.000
       a = -3.000      CL = -0.1390
      Cm = -0.0537     CD =  1.24074   =>   CDf =  0.00528    CDp =  1.23546

 Side 1 forced transition at x/c =  1.0000   77
 Side 2  free  transition at x/c =  0.0403   24

 274   rms: 0.1094E+06   max: 0.6127E+06   C at   83  2   RLX: 0.000
       a = -3.000      CL = -0.1390
      Cm = -0.0537     CD =  1.24028   =>   CDf =  0.00528    CDp =  1.23500

 Side 1 forced transition at x/c =  1.0000   77
 Side 2  free  transition at x/c =  0.0403   24

 275   rms: 0.2212E+04   max: -.1227E+05   C at   83  2   RLX: 0.000
       a = -3.000      CL = -0.1389
      Cm = -0.0537     CD =  1.24222   =>   CDf =  0.00528    CDp =  1.23694

 Side 1 forced transition at x/c =  1.0000   77
 Side 2  free  transition at x/c =  0.0403   24

 276   rms: 0.1049E+05   max: -.5822E+05   C at   83  2   RLX: 0.000
       a = -3.000      CL = -0.1389
      Cm = -0.0537     CD =  1.24332   =>   CDf =  0.00528    CDp =  1.23804

 Side 1 forced transition at x/c =  1.0000   77
 Side 2  free  transition at x/c =  0.0403   24

 277   rms: 0.2944E+06   max: 0.1647E+07   C at   83  2   RLX: 0.000
       a = -3.000      CL = -0.1389
      Cm = -0.0537     CD =  1.24284   =>   CDf =  0.00528    CDp =  1.23756

 Side 1 forced transition at x/c =  1.0000   77
 Side 2  free  transition at x/c =  0.0403   24

 278   rms: 0.1873E+04   max: -.1039E+05   C at   83  2   RLX: 0.000
       a = -3.000      CL = -0.1388
      Cm = -0.0537     CD =  1.24480   =>   CDf =  0.00528    CDp =  1.23952

 Side 1 forced transition at x/c =  1.0000   77
 Side 2  free  transition at x/c =  0.0403   24

 279   rms: 0.8528E+04   max: -.4735E+05   C at   83  2   RLX: 0.000
       a = -3.000      CL = -0.1388
      Cm = -0.0537     CD =  1.24603   =>   CDf =  0.00528    CDp =  1.24075

 Side 1 forced transition at x/c =  1.0000   77
 Side 2  free  transition at x/c =  0.0403   24

 280   rms: 0.9264E+07   max: 0.5182E+08   C at   83  2   RLX: 0.000
       a = -3.000      CL = -0.1388
      Cm = -0.0537     CD =  1.24554   =>   CDf =  0.00528    CDp =  1.24026

 Side 1 forced transition at x/c =  1.0000   77
 Side 2  free  transition at x/c =  0.0403   24

 281   rms: 0.1724E+04   max: -.9572E+04   C at   83  2   RLX: 0.000
       a = -3.000      CL = -0.1387
      Cm = -0.0538     CD =  1.24760   =>   CDf =  0.00528    CDp =  1.24232

 Side 1 forced transition at x/c =  1.0000   77
 Side 2  free  transition at x/c =  0.0403   24

 282   rms: 0.6328E+04   max: -.3511E+05   C at   83  2   RLX: 0.000
       a = -3.000      CL = -0.1387
      Cm = -0.0538     CD =  1.24888   =>   CDf =  0.00528    CDp =  1.24360

 Side 1 forced transition at x/c =  1.0000   77
 Side 2  free  transition at x/c =  0.0403   24

 283   rms: 0.2836E+06   max: -.1585E+07   C at   83  2   RLX: 0.000
       a = -3.000      CL = -0.1387
      Cm = -0.0538     CD =  1.24933   =>   CDf =  0.00528    CDp =  1.24405

 Side 1 forced transition at x/c =  1.0000   77
 Side 2  free  transition at x/c =  0.0403   24

 284   rms: 0.3246E+05   max: 0.1845E+06   C at   84  2   RLX: 0.000
       a = -3.000      CL = -0.1387
      Cm = -0.0538     CD =  1.24902   =>   CDf =  0.00528    CDp =  1.24374

 Side 1 forced transition at x/c =  1.0000   77
 Side 2  free  transition at x/c =  0.0403   24

 285   rms: 0.4739E+04   max: -.2629E+05   C at   83  2   RLX: 0.000
       a = -3.000      CL = -0.1387
      Cm = -0.0538     CD =  1.24986   =>   CDf =  0.00528    CDp =  1.24458

 Side 1 forced transition at x/c =  1.0000   77
 Side 2  free  transition at x/c =  0.0403   24

 286   rms: 0.9591E+05   max: -.5355E+06   C at   83  2   RLX: 0.000
       a = -3.000      CL = -0.1387
      Cm = -0.0538     CD =  1.25040   =>   CDf =  0.00528    CDp =  1.24512

 Side 1 forced transition at x/c =  1.0000   77
 Side 2  free  transition at x/c =  0.0403   24

 287   rms: 0.3023E+05   max: 0.1714E+06   C at   84  2   RLX: 0.000
       a = -3.000      CL = -0.1387
      Cm = -0.0538     CD =  1.25006   =>   CDf =  0.00528    CDp =  1.24478

 Side 1 forced transition at x/c =  1.0000   77
 Side 2  free  transition at x/c =  0.0403   24

 288   rms: 0.3636E+04   max: -.2019E+05   C at   83  2   RLX: 0.000
       a = -3.000      CL = -0.1387
      Cm = -0.0538     CD =  1.25095   =>   CDf =  0.00528    CDp =  1.24567

 Side 1 forced transition at x/c =  1.0000   77
 Side 2  free  transition at x/c =  0.0403   24

 289   rms: 0.5168E+05   max: -.2883E+06   C at   83  2   RLX: 0.000
       a = -3.000      CL = -0.1387
      Cm = -0.0538     CD =  1.25157   =>   CDf =  0.00528    CDp =  1.24629

 Side 1 forced transition at x/c =  1.0000   77
 Side 2  free  transition at x/c =  0.0403   24

 290   rms: 0.3217E+05   max: 0.1820E+06   C at   83  2   RLX: 0.000
       a = -3.000      CL = -0.1387
      Cm = -0.0538     CD =  1.25121   =>   CDf =  0.00528    CDp =  1.24593

 Side 1 forced transition at x/c =  1.0000   77
 Side 2  free  transition at x/c =  0.0403   24

 291   rms: 0.2817E+04   max: -.1563E+05   C at   83  2   RLX: 0.000
       a = -3.000      CL = -0.1387
      Cm = -0.0538     CD =  1.25214   =>   CDf =  0.00528    CDp =  1.24685

 Side 1 forced transition at x/c =  1.0000   77
 Side 2  free  transition at x/c =  0.0403   24

 292   rms: 0.2985E+05   max: -.1664E+06   C at   83  2   RLX: 0.000
       a = -3.000      CL = -0.1387
      Cm = -0.0538     CD =  1.25284   =>   CDf =  0.00528    CDp =  1.24756

 Side 1 forced transition at x/c =  1.0000   77
 Side 2  free  transition at x/c =  0.0403   24

 293   rms: 0.3809E+05   max: 0.2151E+06   C at   83  2   RLX: 0.000
       a = -3.000      CL = -0.1386
      Cm = -0.0538     CD =  1.25248   =>   CDf =  0.00528    CDp =  1.24720

 Side 1 forced transition at x/c =  1.0000   77
 Side 2  free  transition at x/c =  0.0403   24

 294   rms: 0.3244E+04   max: -.1800E+05   C at   83  2   RLX: 0.000
       a = -3.000      CL = -0.1386
      Cm = -0.0538     CD =  1.25358   =>   CDf =  0.00528    CDp =  1.24830

 Side 1 forced transition at x/c =  1.0000   77
 Side 2  free  transition at x/c =  0.0403   24

 295   rms: 0.1660E+05   max: -.9247E+05   C at   83  2   RLX: 0.000
       a = -3.000      CL = -0.1386
      Cm = -0.0538     CD =  1.25428   =>   CDf =  0.00528    CDp =  1.24900

 Side 1 forced transition at x/c =  1.0000   77
 Side 2  free  transition at x/c =  0.0403   24

 296   rms: 0.4810E+05   max: 0.2713E+06   C at   83  2   RLX: 0.000
       a = -3.000      CL = -0.1386
      Cm = -0.0538     CD =  1.25393   =>   CDf =  0.00528    CDp =  1.24865

 Side 1 forced transition at x/c =  1.0000   77
 Side 2  free  transition at x/c =  0.0403   24

 297   rms: 0.3299E+04   max: -.1830E+05   C at   83  2   RLX: 0.000
       a = -3.000      CL = -0.1386
      Cm = -0.0538     CD =  1.25518   =>   CDf =  0.00528    CDp =  1.24989

 Side 1 forced transition at x/c =  1.0000   77
 Side 2  free  transition at x/c =  0.0403   24

 298   rms: 0.1662E+05   max: -.9249E+05   C at   83  2   RLX: 0.000
       a = -3.000      CL = -0.1386
      Cm = -0.0538     CD =  1.25589   =>   CDf =  0.00528    CDp =  1.25061

 Side 1 forced transition at x/c =  1.0000   77
 Side 2  free  transition at x/c =  0.0403   24

 299   rms: 0.4840E+05   max: 0.2726E+06   C at   83  2   RLX: 0.000
       a = -3.000      CL = -0.1386
      Cm = -0.0538     CD =  1.25551   =>   CDf =  0.00528    CDp =  1.25023

 Side 1 forced transition at x/c =  1.0000   77
 Side 2  free  transition at x/c =  0.0403   24

 300   rms: 0.3250E+04   max: -.1802E+05   C at   83  2   RLX: 0.000
       a = -3.000      CL = -0.1385
      Cm = -0.0538     CD =  1.25689   =>   CDf =  0.00528    CDp =  1.25161

 Side 1 forced transition at x/c =  1.0000   77
 Side 2  free  transition at x/c =  0.0403   24

 301   rms: 0.1344E+05   max: -.7477E+05   C at   83  2   RLX: 0.000
       a = -3.000      CL = -0.1385
      Cm = -0.0538     CD =  1.25767   =>   CDf =  0.00528    CDp =  1.25239

 Side 1 forced transition at x/c =  1.0000   77
 Side 2  free  transition at x/c =  0.0403   24

 302   rms: 0.3491E+05   max: 0.1963E+06   C at   83  2   RLX: 0.000
       a = -3.000      CL = -0.1385
      Cm = -0.0538     CD =  1.25725   =>   CDf =  0.00528    CDp =  1.25197

 Side 1 forced transition at x/c =  1.0000   77
 Side 2  free  transition at x/c =  0.0403   24

 303   rms: 0.1968E+04   max: -.1093E+05   C at   83  2   RLX: 0.000
       a = -3.000      CL = -0.1385
      Cm = -0.0538     CD =  1.25855   =>   CDf =  0.00528    CDp =  1.25327

 Side 1 forced transition at x/c =  1.0000   77
 Side 2  free  transition at x/c =  0.0403   24

 304   rms: 0.1471E+05   max: -.8177E+05   C at   83  2   RLX: 0.000
       a = -3.000      CL = -0.1385
      Cm = -0.0538     CD =  1.25960   =>   CDf =  0.00528    CDp =  1.25432

 Side 1 forced transition at x/c =  1.0000   77
 Side 2  free  transition at x/c =  0.0403   24

 305   rms: 0.6408E+05   max: 0.3600E+06   C at   83  2   RLX: 0.000
       a = -3.000      CL = -0.1385
      Cm = -0.0538     CD =  1.25916   =>   CDf =  0.00528    CDp =  1.25388
 VISCAL:  Convergence failed
 Calculating wake trajectory ...
 Calculating source influence matrix ...

 Solving BL system ...

 Side 1 forced transition at x/c =  1.0000   77
 Side 2  free  transition at x/c =  0.0403   24

   1   rms: 0.2321E+04   max: -.1288E+05   C at   83  2   RLX: 0.000
       a = -2.500      CL = -0.1401
      Cm = -0.0539     CD =  1.26068   =>   CDf =  0.00529    CDp =  1.25540

 Side 1 forced transition at x/c =  1.0000   77
 Side 2  free  transition at x/c =  0.0403   24

   2   rms: 0.1158E+05   max: -.6437E+05   C at   83  2   RLX: 0.000
       a = -2.500      CL = -0.1401
      Cm = -0.0539     CD =  1.26165   =>   CDf =  0.00529    CDp =  1.25636

 Side 1 forced transition at x/c =  1.0000   77
 Side 2  free  transition at x/c =  0.0403   24

   3   rms: 0.5349E+05   max: 0.3002E+06   C at   83  2   RLX: 0.000
       a = -2.500      CL = -0.1401
      Cm = -0.0539     CD =  1.26118   =>   CDf =  0.00529    CDp =  1.25590

 Side 1 forced transition at x/c =  1.0000   77
 Side 2  free  transition at x/c =  0.0403   24

   4   rms: 0.1804E+04   max: -.1002E+05   C at   83  2   RLX: 0.000
       a = -2.500      CL = -0.1400
      Cm = -0.0539     CD =  1.26271   =>   CDf =  0.00529    CDp =  1.25742

 Side 1 forced transition at x/c =  1.0000   77
 Side 2  free  transition at x/c =  0.0403   24

   5   rms: 0.1201E+05   max: -.6672E+05   C at   83  2   RLX: 0.000
       a = -2.500      CL = -0.1400
      Cm = -0.0539     CD =  1.26381   =>   CDf =  0.00529    CDp =  1.25853

 Side 1 forced transition at x/c =  1.0000   77
 Side 2  free  transition at x/c =  0.0403   24

   6   rms: 0.7415E+05   max: 0.4158E+06   C at   83  2   RLX: 0.000
       a = -2.500      CL = -0.1400
      Cm = -0.0539     CD =  1.26334   =>   CDf =  0.00529    CDp =  1.25805

 Side 1 forced transition at x/c =  1.0000   77
 Side 2  free  transition at x/c =  0.0403   24

   7   rms: 0.2012E+04   max: -.1117E+05   C at   83  2   RLX: 0.000
       a = -2.500      CL = -0.1400
      Cm = -0.0539     CD =  1.26508   =>   CDf =  0.00529    CDp =  1.25979

 Side 1 forced transition at x/c =  1.0000   77
 Side 2  free  transition at x/c =  0.0403   24

   8   rms: 0.1082E+05   max: -.6012E+05   C at   83  2   RLX: 0.000
       a = -2.500      CL = -0.1399
      Cm = -0.0539     CD =  1.26626   =>   CDf =  0.00529    CDp =  1.26098

 Side 1 forced transition at x/c =  1.0000   77
 Side 2  free  transition at x/c =  0.0403   24

   9   rms: 0.9020E+05   max: 0.5055E+06   C at   83  2   RLX: 0.000
       a = -2.500      CL = -0.1399
      Cm = -0.0539     CD =  1.26576   =>   CDf =  0.00529    CDp =  1.26048

 Side 1 forced transition at x/c =  1.0000   77
 Side 2  free  transition at x/c =  0.0403   24

  10   rms: 0.2005E+04   max: -.1113E+05   C at   83  2   RLX: 0.000
       a = -2.500      CL = -0.1399
      Cm = -0.0539     CD =  1.26766   =>   CDf =  0.00529    CDp =  1.26237

 Side 1 forced transition at x/c =  1.0000   77
 Side 2  free  transition at x/c =  0.0403   24

  11   rms: 0.7894E+04   max: -.4384E+05   C at   83  2   RLX: 0.000
       a = -2.500      CL = -0.1399
      Cm = -0.0539     CD =  1.26881   =>   CDf =  0.00529    CDp =  1.26352

 MRCHDU: Convergence failed at  24  side 2    Res =  0.7436E-05
 Side 1 forced transition at x/c =  1.0000   77
 Side 2  free  transition at x/c =  0.0403   24

  12   rms: 0.1725E+06   max: 0.9657E+06   C at   83  2   RLX: 0.000
       a = -2.500      CL = -0.1399
      Cm = -0.0539     CD =  1.26833   =>   CDf =  0.00529    CDp =  1.26304

 Side 1 forced transition at x/c =  1.0000   77
 Side 2  free  transition at x/c =  0.0403   24

  13   rms: 0.1802E+04   max: -.1000E+05   C at   83  2   RLX: 0.000
       a = -2.500      CL = -0.1398
      Cm = -0.0539     CD =  1.27030   =>   CDf =  0.00529    CDp =  1.26501

 Side 1 forced transition at x/c =  1.0000   77
 Side 2  free  transition at x/c =  0.0403   24

  14   rms: 0.7631E+04   max: -.4238E+05   C at   83  2   RLX: 0.000
       a = -2.500      CL = -0.1398
      Cm = -0.0539     CD =  1.27142   =>   CDf =  0.00529    CDp =  1.26614

 Side 1 forced transition at x/c =  1.0000   77
 Side 2  free  transition at x/c =  0.0403   24

  15   rms: 0.7137E+06   max: 0.3994E+07   C at   83  2   RLX: 0.000
       a = -2.500      CL = -0.1398
      Cm = -0.0539     CD =  1.27092   =>   CDf =  0.00529    CDp =  1.26563

 Side 1 forced transition at x/c =  1.0000   77
 Side 2  free  transition at x/c =  0.0403   24

  16   rms: 0.1917E+04   max: -.1064E+05   C at   83  2   RLX: 0.000
       a = -2.500      CL = -0.1397
      Cm = -0.0540     CD =  1.27308   =>   CDf =  0.00529    CDp =  1.26779

 Side 1 forced transition at x/c =  1.0000   77
 Side 2  free  transition at x/c =  0.0403   24

  17   rms: 0.5891E+04   max: -.3271E+05   C at   83  2   RLX: 0.000
       a = -2.500      CL = -0.1397
      Cm = -0.0540     CD =  1.27426   =>   CDf =  0.00529    CDp =  1.26898

 Side 1 forced transition at x/c =  1.0000   77
 Side 2  free  transition at x/c =  0.0403   24

  18   rms: 0.3663E+06   max: -.2049E+07   C at   83  2   RLX: 0.000
       a = -2.500      CL = -0.1397
      Cm = -0.0540     CD =  1.27474   =>   CDf =  0.00529    CDp =  1.26945

 Side 1 forced transition at x/c =  1.0000   77
 Side 2  free  transition at x/c =  0.0403   24

  19   rms: 0.2786E+05   max: 0.1585E+06   C at   84  2   RLX: 0.000
       a = -2.500      CL = -0.1397
      Cm = -0.0540     CD =  1.27440   =>   CDf =  0.00529    CDp =  1.26912

 Side 1 forced transition at x/c =  1.0000   77
 Side 2  free  transition at x/c =  0.0403   24

  20   rms: 0.6123E+04   max: -.3398E+05   C at   83  2   RLX: 0.000
       a = -2.500      CL = -0.1397
      Cm = -0.0540     CD =  1.27532   =>   CDf =  0.00529    CDp =  1.27003

 Side 1 forced transition at x/c =  1.0000   77
 Side 2  free  transition at x/c =  0.0403   24

  21   rms: 0.1002E+06   max: -.5599E+06   C at   83  2   RLX: 0.000
       a = -2.500      CL = -0.1397
      Cm = -0.0540     CD =  1.27585   =>   CDf =  0.00529    CDp =  1.27056

 Side 1 forced transition at x/c =  1.0000   77
 Side 2  free  transition at x/c =  0.0403   24

  22   rms: 0.3113E+05   max: 0.1767E+06   C at   84  2   RLX: 0.000
       a = -2.500      CL = -0.1397
      Cm = -0.0540     CD =  1.27550   =>   CDf =  0.00529    CDp =  1.27022

 Side 1 forced transition at x/c =  1.0000   77
 Side 2  free  transition at x/c =  0.0403   24

  23   rms: 0.4022E+04   max: -.2233E+05   C at   83  2   RLX: 0.000
       a = -2.500      CL = -0.1397
      Cm = -0.0540     CD =  1.27643   =>   CDf =  0.00529    CDp =  1.27114

 Side 1 forced transition at x/c =  1.0000   77
 Side 2  free  transition at x/c =  0.0403   24

  24   rms: 0.6418E+05   max: -.3582E+06   C at   83  2   RLX: 0.000
       a = -2.500      CL = -0.1397
      Cm = -0.0540     CD =  1.27702   =>   CDf =  0.00529    CDp =  1.27173

 Side 1 forced transition at x/c =  1.0000   77
 Side 2  free  transition at x/c =  0.0403   24

  25   rms: 0.2239E+05   max: 0.1268E+06   C at   83  2   RLX: 0.000
       a = -2.500      CL = -0.1397
      Cm = -0.0540     CD =  1.27660   =>   CDf =  0.00529    CDp =  1.27131

 Side 1 forced transition at x/c =  1.0000   77
 Side 2  free  transition at x/c =  0.0403   24

  26   rms: 0.5701E+04   max: -.3163E+05   C at   83  2   RLX: 0.000
       a = -2.500      CL = -0.1396
      Cm = -0.0540     CD =  1.27779   =>   CDf =  0.00529    CDp =  1.27251

 Side 1 forced transition at x/c =  1.0000   77
 Side 2  free  transition at x/c =  0.0403   24

  27   rms: 0.3974E+05   max: -.2216E+06   C at   83  2   RLX: 0.000
       a = -2.500      CL = -0.1396
      Cm = -0.0540     CD =  1.27837   =>   CDf =  0.00529    CDp =  1.27308

 Side 1 forced transition at x/c =  1.0000   77
 Side 2  free  transition at x/c =  0.0403   24

  28   rms: 0.3844E+05   max: 0.2173E+06   C at   83  2   RLX: 0.000
       a = -2.500      CL = -0.1396
      Cm = -0.0540     CD =  1.27801   =>   CDf =  0.00529    CDp =  1.27272

 Side 1 forced transition at x/c =  1.0000   77
 Side 2  free  transition at x/c =  0.0403   24

  29   rms: 0.3673E+04   max: -.2038E+05   C at   83  2   RLX: 0.000
       a = -2.500      CL = -0.1396
      Cm = -0.0540     CD =  1.27917   =>   CDf =  0.00529    CDp =  1.27388

 Side 1 forced transition at x/c =  1.0000   77
 Side 2  free  transition at x/c =  0.0403   24

  30   rms: 0.2134E+05   max: -.1189E+06   C at   83  2   RLX: 0.000
       a = -2.500      CL = -0.1396
      Cm = -0.0540     CD =  1.27985   =>   CDf =  0.00529    CDp =  1.27456

 Side 1 forced transition at x/c =  1.0000   77
 Side 2  free  transition at x/c =  0.0403   24

  31   rms: 0.3774E+05   max: 0.2130E+06   C at   83  2   RLX: 0.000
       a = -2.500      CL = -0.1396
      Cm = -0.0540     CD =  1.27946   =>   CDf =  0.00529    CDp =  1.27417

 Side 1 forced transition at x/c =  1.0000   77
 Side 2  free  transition at x/c =  0.0403   24

  32   rms: 0.3010E+04   max: -.1671E+05   C at   83  2   RLX: 0.000
       a = -2.500      CL = -0.1395
      Cm = -0.0540     CD =  1.28069   =>   CDf =  0.00529    CDp =  1.27540

 Side 1 forced transition at x/c =  1.0000   77
 Side 2  free  transition at x/c =  0.0403   24

  33   rms: 0.2311E+05   max: -.1287E+06   C at   83  2   RLX: 0.000
       a = -2.500      CL = -0.1395
      Cm = -0.0540     CD =  1.28146   =>   CDf =  0.00529    CDp =  1.27618

 Side 1 forced transition at x/c =  1.0000   77
 Side 2  free  transition at x/c =  0.0403   24

  34   rms: 0.4399E+05   max: 0.2479E+06   C at   83  2   RLX: 0.000
       a = -2.500      CL = -0.1395
      Cm = -0.0540     CD =  1.28105   =>   CDf =  0.00529    CDp =  1.27576

 Side 1 forced transition at x/c =  1.0000   77
 Side 2  free  transition at x/c =  0.0403   24

  35   rms: 0.2637E+04   max: -.1465E+05   C at   83  2   RLX: 0.000
       a = -2.500      CL = -0.1395
      Cm = -0.0540     CD =  1.28236   =>   CDf =  0.00529    CDp =  1.27708

 Side 1 forced transition at x/c =  1.0000   77
 Side 2  free  transition at x/c =  0.0403   24

  36   rms: 0.1649E+05   max: -.9174E+05   C at   83  2   RLX: 0.000
       a = -2.500      CL = -0.1395
      Cm = -0.0540     CD =  1.28318   =>   CDf =  0.00529    CDp =  1.27790

 Side 1 forced transition at x/c =  1.0000   77
 Side 2  free  transition at x/c =  0.0403   24

  37   rms: 0.3031E+05   max: 0.1706E+06   C at   83  2   RLX: 0.000
       a = -2.500      CL = -0.1395
      Cm = -0.0540     CD =  1.28271   =>   CDf =  0.00529    CDp =  1.27742

 Side 1 forced transition at x/c =  1.0000   77
 Side 2  free  transition at x/c =  0.0403   24

  38   rms: 0.2643E+04   max: -.1466E+05   C at   83  2   RLX: 0.000
       a = -2.500      CL = -0.1395
      Cm = -0.0540     CD =  1.28420   =>   CDf =  0.00529    CDp =  1.27891

 Side 1 forced transition at x/c =  1.0000   77
 Side 2  free  transition at x/c =  0.0403   24

  39   rms: 0.1195E+05   max: -.6651E+05   C at   83  2   RLX: 0.000
       a = -2.500      CL = -0.1395
      Cm = -0.0540     CD =  1.28506   =>   CDf =  0.00529    CDp =  1.27977

 Side 1 forced transition at x/c =  1.0000   77
 Side 2  free  transition at x/c =  0.0403   24

  40   rms: 0.5276E+05   max: 0.2966E+06   C at   83  2   RLX: 0.000
       a = -2.500      CL = -0.1394
      Cm = -0.0540     CD =  1.28461   =>   CDf =  0.00529    CDp =  1.27932

 Side 1 forced transition at x/c =  1.0000   77
 Side 2  free  transition at x/c =  0.0403   24

  41   rms: 0.2986E+04   max: -.1657E+05   C at   83  2   RLX: 0.000
       a = -2.500      CL = -0.1394
      Cm = -0.0541     CD =  1.28630   =>   CDf =  0.00529    CDp =  1.28101

 Side 1 forced transition at x/c =  1.0000   77
 Side 2  free  transition at x/c =  0.0403   24

  42   rms: 0.1297E+05   max: -.7211E+05   C at   83  2   RLX: 0.000
       a = -2.500      CL = -0.1394
      Cm = -0.0541     CD =  1.28717   =>   CDf =  0.00529    CDp =  1.28188

 Side 1 forced transition at x/c =  1.0000   77
 Side 2  free  transition at x/c =  0.0403   24

  43   rms: 0.8142E+05   max: 0.4573E+06   C at   83  2   RLX: 0.000
       a = -2.500      CL = -0.1394
      Cm = -0.0540     CD =  1.28671   =>   CDf =  0.00529    CDp =  1.28143

 Side 1 forced transition at x/c =  1.0000   77
 Side 2  free  transition at x/c =  0.0403   24

  44   rms: 0.2433E+04   max: -.1351E+05   C at   83  2   RLX: 0.000
       a = -2.500      CL = -0.1393
      Cm = -0.0541     CD =  1.28844   =>   CDf =  0.00529    CDp =  1.28315

 Side 1 forced transition at x/c =  1.0000   77
 Side 2  free  transition at x/c =  0.0403   24

  45   rms: 0.1115E+05   max: -.6197E+05   C at   83  2   RLX: 0.000
       a = -2.500      CL = -0.1393
      Cm = -0.0541     CD =  1.28947   =>   CDf =  0.00529    CDp =  1.28418

 Side 1 forced transition at x/c =  1.0000   77
 Side 2  free  transition at x/c =  0.0403   24

  46   rms: 0.1202E+06   max: 0.6744E+06   C at   83  2   RLX: 0.000
       a = -2.500      CL = -0.1393
      Cm = -0.0541     CD =  1.28899   =>   CDf =  0.00529    CDp =  1.28371

 Side 1 forced transition at x/c =  1.0000   77
 Side 2  free  transition at x/c =  0.0403   24

  47   rms: 0.2208E+04   max: -.1226E+05   C at   83  2   RLX: 0.000
       a = -2.500      CL = -0.1393
      Cm = -0.0541     CD =  1.29083   =>   CDf =  0.00529    CDp =  1.28554

 MRCHDU: Convergence failed at  24  side 2    Res =  0.7328E-05
 Side 1 forced transition at x/c =  1.0000   77
 Side 2  free  transition at x/c =  0.0403   24

  48   rms: 0.7772E+04   max: -.4317E+05   C at   83  2   RLX: 0.000
       a = -2.500      CL = -0.1393
      Cm = -0.0541     CD =  1.29186   =>   CDf =  0.00529    CDp =  1.28658

 Side 1 forced transition at x/c =  1.0000   77
 Side 2  free  transition at x/c =  0.0403   24

  49   rms: 0.1966E+06   max: 0.1102E+07   C at   83  2   RLX: 0.000
       a = -2.500      CL = -0.1392
      Cm = -0.0541     CD =  1.29139   =>   CDf =  0.00529    CDp =  1.28610

 Side 1 forced transition at x/c =  1.0000   77
 Side 2  free  transition at x/c =  0.0403   24

  50   rms: 0.1759E+04   max: -.9765E+04   C at   83  2   RLX: 0.000
       a = -2.500      CL = -0.1392
      Cm = -0.0541     CD =  1.29323   =>   CDf =  0.00529    CDp =  1.28795

 Side 1 forced transition at x/c =  1.0000   77
 Side 2  free  transition at x/c =  0.0403   24

  51   rms: 0.5864E+04   max: -.3257E+05   C at   83  2   RLX: 0.000
       a = -2.500      CL = -0.1392
      Cm = -0.0541     CD =  1.29434   =>   CDf =  0.00529    CDp =  1.28905

 Side 1 forced transition at x/c =  1.0000   77
 Side 2  free  transition at x/c =  0.0403   24

  52   rms: 0.5847E+06   max: 0.3276E+07   C at   83  2   RLX: 0.000
       a = -2.500      CL = -0.1392
      Cm = -0.0541     CD =  1.29390   =>   CDf =  0.00529    CDp =  1.28861

 Side 1 forced transition at x/c =  1.0000   77
 Side 2  free  transition at x/c =  0.0403   24

  53   rms: 0.1535E+04   max: -.8518E+04   C at   83  2   RLX: 0.000
       a = -2.500      CL = -0.1391
      Cm = -0.0541     CD =  1.29577   =>   CDf =  0.00529    CDp =  1.29048

 Side 1 forced transition at x/c =  1.0000   77
 Side 2  free  transition at x/c =  0.0403   24

  54   rms: 0.5652E+04   max: -.3139E+05   C at   83  2   RLX: 0.000
       a = -2.500      CL = -0.1391
      Cm = -0.0541     CD =  1.29696   =>   CDf =  0.00529    CDp =  1.29167

 Side 1 forced transition at x/c =  1.0000   77
 Side 2  free  transition at x/c =  0.0403   24

  55   rms: 0.7054E+06   max: -.3949E+07   C at   83  2   RLX: 0.000
       a = -2.500      CL = -0.1391
      Cm = -0.0541     CD =  1.29744   =>   CDf =  0.00529    CDp =  1.29215

 Side 1 forced transition at x/c =  1.0000   77
 Side 2  free  transition at x/c =  0.0403   24

  56   rms: 0.2119E+05   max: 0.1208E+06   C at   84  2   RLX: 0.000
       a = -2.500      CL = -0.1391
      Cm = -0.0541     CD =  1.29706   =>   CDf =  0.00529    CDp =  1.29178

 Side 1 forced transition at x/c =  1.0000   77
 Side 2  free  transition at x/c =  0.0403   24

  57   rms: 0.5987E+04   max: -.3325E+05   C at   83  2   RLX: 0.000
       a = -2.500      CL = -0.1391
      Cm = -0.0541     CD =  1.29799   =>   CDf =  0.00529    CDp =  1.29270

 Side 1 forced transition at x/c =  1.0000   77
 Side 2  free  transition at x/c =  0.0403   24

  58   rms: 0.6853E+05   max: -.3832E+06   C at   83  2   RLX: 0.000
       a = -2.500      CL = -0.1391
      Cm = -0.0541     CD =  1.29845   =>   CDf =  0.00529    CDp =  1.29316

 Side 1 forced transition at x/c =  1.0000   77
 Side 2  free  transition at x/c =  0.0403   24

  59   rms: 0.3742E+05   max: 0.2128E+06   C at   84  2   RLX: 0.000
       a = -2.500      CL = -0.1391
      Cm = -0.0541     CD =  1.29814   =>   CDf =  0.00529    CDp =  1.29285

 Side 1 forced transition at x/c =  1.0000   77
 Side 2  free  transition at x/c =  0.0403   24

  60   rms: 0.5436E+04   max: -.3016E+05   C at   83  2   RLX: 0.000
       a = -2.500      CL = -0.1391
      Cm = -0.0541     CD =  1.29911   =>   CDf =  0.00529    CDp =  1.29382

 Side 1 forced transition at x/c =  1.0000   77
 Side 2  free  transition at x/c =  0.0403   24

  61   rms: 0.4560E+05   max: -.2547E+06   C at   83  2   RLX: 0.000
       a = -2.500      CL = -0.1391
      Cm = -0.0542     CD =  1.29962   =>   CDf =  0.00529    CDp =  1.29433

 Side 1 forced transition at x/c =  1.0000   77
 Side 2  free  transition at x/c =  0.0403   24

  62   rms: 0.3631E+05   max: 0.2060E+06   C at   84  2   RLX: 0.000
       a = -2.500      CL = -0.1391
      Cm = -0.0541     CD =  1.29929   =>   CDf =  0.00529    CDp =  1.29400

 Side 1 forced transition at x/c =  1.0000   77
 Side 2  free  transition at x/c =  0.0403   24

  63   rms: 0.4642E+04   max: -.2575E+05   C at   83  2   RLX: 0.000
       a = -2.500      CL = -0.1391
      Cm = -0.0542     CD =  1.30035   =>   CDf =  0.00529    CDp =  1.29506

 Side 1 forced transition at x/c =  1.0000   77
 Side 2  free  transition at x/c =  0.0403   24

  64   rms: 0.3542E+05   max: -.1976E+06   C at   83  2   RLX: 0.000
       a = -2.500      CL = -0.1391
      Cm = -0.0542     CD =  1.30093   =>   CDf =  0.00529    CDp =  1.29564

 Side 1 forced transition at x/c =  1.0000   77
 Side 2  free  transition at x/c =  0.0403   24

  65   rms: 0.3605E+05   max: 0.2040E+06   C at   83  2   RLX: 0.000
       a = -2.500      CL = -0.1390
      Cm = -0.0542     CD =  1.30056   =>   CDf =  0.00529    CDp =  1.29527

 Side 1 forced transition at x/c =  1.0000   77
 Side 2  free  transition at x/c =  0.0403   24

  66   rms: 0.4056E+04   max: -.2251E+05   C at   83  2   RLX: 0.000
       a = -2.500      CL = -0.1390
      Cm = -0.0542     CD =  1.30173   =>   CDf =  0.00529    CDp =  1.29644

 Side 1 forced transition at x/c =  1.0000   77
 Side 2  free  transition at x/c =  0.0403   24

  67   rms: 0.1838E+05   max: -.1025E+06   C at   83  2   RLX: 0.000
       a = -2.500      CL = -0.1390
      Cm = -0.0542     CD =  1.30235   =>   CDf =  0.00529    CDp =  1.29706

 Side 1 forced transition at x/c =  1.0000   77
 Side 2  free  transition at x/c =  0.0403   24

  68   rms: 0.2913E+05   max: 0.1646E+06   C at   83  2   RLX: 0.000
       a = -2.500      CL = -0.1390
      Cm = -0.0542     CD =  1.30194   =>   CDf =  0.00529    CDp =  1.29665

 Side 1 forced transition at x/c =  1.0000   77
 Side 2  free  transition at x/c =  0.0403   24

  69   rms: 0.3278E+04   max: -.1819E+05   C at   83  2   RLX: 0.000
       a = -2.500      CL = -0.1390
      Cm = -0.0542     CD =  1.30320   =>   CDf =  0.00529    CDp =  1.29791

 Side 1 forced transition at x/c =  1.0000   77
 Side 2  free  transition at x/c =  0.0403   24

  70   rms: 0.1603E+05   max: -.8932E+05   C at   83  2   RLX: 0.000
       a = -2.500      CL = -0.1390
      Cm = -0.0542     CD =  1.30391   =>   CDf =  0.00529    CDp =  1.29863

 Side 1 forced transition at x/c =  1.0000   77
 Side 2  free  transition at x/c =  0.0403   24

  71   rms: 0.4588E+05   max: 0.2589E+06   C at   83  2   RLX: 0.000
       a = -2.500      CL = -0.1390
      Cm = -0.0542     CD =  1.30351   =>   CDf =  0.00529    CDp =  1.29822

 Side 1 forced transition at x/c =  1.0000   77
 Side 2  free  transition at x/c =  0.0403   24

  72   rms: 0.3274E+04   max: -.1819E+05   C at   83  2   RLX: 0.000
       a = -2.500      CL = -0.1389
      Cm = -0.0542     CD =  1.30491   =>   CDf =  0.00529    CDp =  1.29962

 Side 1 forced transition at x/c =  1.0000   77
 Side 2  free  transition at x/c =  0.0403   24

  73   rms: 0.1590E+05   max: -.8852E+05   C at   83  2   RLX: 0.000
       a = -2.500      CL = -0.1389
      Cm = -0.0542     CD =  1.30572   =>   CDf =  0.00529    CDp =  1.30043

 Side 1 forced transition at x/c =  1.0000   77
 Side 2  free  transition at x/c =  0.0403   24

  74   rms: 0.4832E+05   max: 0.2722E+06   C at   83  2   RLX: 0.000
       a = -2.500      CL = -0.1389
      Cm = -0.0542     CD =  1.30530   =>   CDf =  0.00529    CDp =  1.30001

 Side 1 forced transition at x/c =  1.0000   77
 Side 2  free  transition at x/c =  0.0403   24

  75   rms: 0.2672E+04   max: -.1483E+05   C at   83  2   RLX: 0.000
       a = -2.500      CL = -0.1389
      Cm = -0.0542     CD =  1.30674   =>   CDf =  0.00529    CDp =  1.30145

 Side 1 forced transition at x/c =  1.0000   77
 Side 2  free  transition at x/c =  0.0403   24

  76   rms: 0.1169E+05   max: -.6504E+05   C at   83  2   RLX: 0.000
       a = -2.500      CL = -0.1389
      Cm = -0.0542     CD =  1.30761   =>   CDf =  0.00529    CDp =  1.30232

 Side 1 forced transition at x/c =  1.0000   77
 Side 2  free  transition at x/c =  0.0403   24

  77   rms: 0.5774E+05   max: 0.3249E+06   C at   83  2   RLX: 0.000
       a = -2.500      CL = -0.1389
      Cm = -0.0542     CD =  1.30717   =>   CDf =  0.00529    CDp =  1.30188

 Side 1 forced transition at x/c =  1.0000   77
 Side 2  free  transition at x/c =  0.0403   24

  78   rms: 0.2094E+04   max: -.1162E+05   C at   83  2   RLX: 0.000
       a = -2.500      CL = -0.1388
      Cm = -0.0542     CD =  1.30864   =>   CDf =  0.00529    CDp =  1.30335

 Side 1 forced transition at x/c =  1.0000   77
 Side 2  free  transition at x/c =  0.0403   24

  79   rms: 0.8932E+04   max: -.4971E+05   C at   83  2   RLX: 0.000
       a = -2.500      CL = -0.1388
      Cm = -0.0542     CD =  1.30970   =>   CDf =  0.00529    CDp =  1.30441

 Side 1 forced transition at x/c =  1.0000   77
 Side 2  free  transition at x/c =  0.0403   24

  80   rms: 0.8790E+05   max: 0.4941E+06   C at   83  2   RLX: 0.000
       a = -2.500      CL = -0.1388
      Cm = -0.0542     CD =  1.30927   =>   CDf =  0.00529    CDp =  1.30398

 Side 1 forced transition at x/c =  1.0000   77
 Side 2  free  transition at x/c =  0.0403   24

  81   rms: 0.2010E+04   max: -.1117E+05   C at   83  2   RLX: 0.000
       a = -2.500      CL = -0.1388
      Cm = -0.0542     CD =  1.31087   =>   CDf =  0.00529    CDp =  1.30558

 Side 1 forced transition at x/c =  1.0000   77
 Side 2  free  transition at x/c =  0.0403   24

  82   rms: 0.9631E+04   max: -.5355E+05   C at   83  2   RLX: 0.000
       a = -2.500      CL = -0.1388
      Cm = -0.0542     CD =  1.31197   =>   CDf =  0.00529    CDp =  1.30668

 Side 1 forced transition at x/c =  1.0000   77
 Side 2  free  transition at x/c =  0.0403   24

  83   rms: 0.1265E+06   max: 0.7106E+06   C at   83  2   RLX: 0.000
       a = -2.500      CL = -0.1388
      Cm = -0.0542     CD =  1.31152   =>   CDf =  0.00529    CDp =  1.30623

 Side 1 forced transition at x/c =  1.0000   77
 Side 2  free  transition at x/c =  0.0403   24

  84   rms: 0.2115E+04   max: -.1176E+05   C at   83  2   RLX: 0.000
       a = -2.500      CL = -0.1387
      Cm = -0.0543     CD =  1.31330   =>   CDf =  0.00529    CDp =  1.30801

 Side 1 forced transition at x/c =  1.0000   77
 Side 2  free  transition at x/c =  0.0403   24

  85   rms: 0.8362E+04   max: -.4648E+05   C at   83  2   RLX: 0.000
       a = -2.500      CL = -0.1387
      Cm = -0.0543     CD =  1.31441   =>   CDf =  0.00529    CDp =  1.30912

 Side 1 forced transition at x/c =  1.0000   77
 Side 2  free  transition at x/c =  0.0403   24

  86   rms: 0.2222E+06   max: 0.1247E+07   C at   83  2   RLX: 0.000
       a = -2.500      CL = -0.1387
      Cm = -0.0542     CD =  1.31393   =>   CDf =  0.00529    CDp =  1.30864

 Side 1 forced transition at x/c =  1.0000   77
 Side 2  free  transition at x/c =  0.0403   24

  87   rms: 0.1723E+04   max: -.9561E+04   C at   83  2   RLX: 0.000
       a = -2.500      CL = -0.1387
      Cm = -0.0543     CD =  1.31574   =>   CDf =  0.00529    CDp =  1.31045

 Side 1 forced transition at x/c =  1.0000   77
 Side 2  free  transition at x/c =  0.0403   24

  88   rms: 0.8289E+04   max: -.4607E+05   C at   83  2   RLX: 0.000
       a = -2.500      CL = -0.1387
      Cm = -0.0543     CD =  1.31697   =>   CDf =  0.00529    CDp =  1.31168

 Side 1 forced transition at x/c =  1.0000   77
 Side 2  free  transition at x/c =  0.0403   24

  89   rms: 0.2533E+07   max: 0.1420E+08   C at   83  2   RLX: 0.000
       a = -2.500      CL = -0.1386
      Cm = -0.0543     CD =  1.31646   =>   CDf =  0.00529    CDp =  1.31117

 Side 1 forced transition at x/c =  1.0000   77
 Side 2  free  transition at x/c =  0.0403   24

  90   rms: 0.1116E+04   max: -.6211E+04   C at   83  2   RLX: 0.000
       a = -2.500      CL = -0.1386
      Cm = -0.0543     CD =  1.31801   =>   CDf =  0.00529    CDp =  1.31272

 Side 1 forced transition at x/c =  1.0000   77
 Side 2  free  transition at x/c =  0.0403   24

  91   rms: 0.5456E+04   max: -.3032E+05   C at   83  2   RLX: 0.000
       a = -2.500      CL = -0.1386
      Cm = -0.0543     CD =  1.31946   =>   CDf =  0.00529    CDp =  1.31417

 Side 1 forced transition at x/c =  1.0000   77
 Side 2  free  transition at x/c =  0.0403   24

  92   rms: 0.3234E+06   max: -.1812E+07   C at   83  2   RLX: 0.000
       a = -2.500      CL = -0.1386
      Cm = -0.0543     CD =  1.31991   =>   CDf =  0.00529    CDp =  1.31462

 Side 1 forced transition at x/c =  1.0000   77
 Side 2  free  transition at x/c =  0.0403   24

  93   rms: 0.2281E+05   max: 0.1301E+06   C at   84  2   RLX: 0.000
       a = -2.500      CL = -0.1386
      Cm = -0.0543     CD =  1.31955   =>   CDf =  0.00529    CDp =  1.31426

 Side 1 forced transition at x/c =  1.0000   77
 Side 2  free  transition at x/c =  0.0403   24

  94   rms: 0.5186E+04   max: -.2880E+05   C at   83  2   RLX: 0.000
       a = -2.500      CL = -0.1386
      Cm = -0.0543     CD =  1.32042   =>   CDf =  0.00529    CDp =  1.31513

 Side 1 forced transition at x/c =  1.0000   77
 Side 2  free  transition at x/c =  0.0403   24

  95   rms: 0.7447E+05   max: -.4166E+06   C at   83  2   RLX: 0.000
       a = -2.500      CL = -0.1386
      Cm = -0.0543     CD =  1.32094   =>   CDf =  0.00529    CDp =  1.31565

 Side 1 forced transition at x/c =  1.0000   77
 Side 2  free  transition at x/c =  0.0403   24

  96   rms: 0.2730E+05   max: 0.1554E+06   C at   84  2   RLX: 0.000
       a = -2.500      CL = -0.1386
      Cm = -0.0543     CD =  1.32060   =>   CDf =  0.00529    CDp =  1.31531

 Side 1 forced transition at x/c =  1.0000   77
 Side 2  free  transition at x/c =  0.0403   24

  97   rms: 0.4546E+04   max: -.2525E+05   C at   83  2   RLX: 0.000
       a = -2.500      CL = -0.1386
      Cm = -0.0543     CD =  1.32155   =>   CDf =  0.00529    CDp =  1.31626

 Side 1 forced transition at x/c =  1.0000   77
 Side 2  free  transition at x/c =  0.0403   24

  98   rms: 0.5540E+05   max: -.3096E+06   C at   83  2   RLX: 0.000
       a = -2.500      CL = -0.1386
      Cm = -0.0543     CD =  1.32212   =>   CDf =  0.00529    CDp =  1.31683

 Side 1 forced transition at x/c =  1.0000   77
 Side 2  free  transition at x/c =  0.0403   24

  99   rms: 0.3019E+05   max: 0.1714E+06   C at   84  2   RLX: 0.000
       a = -2.500      CL = -0.1386
      Cm = -0.0543     CD =  1.32175   =>   CDf =  0.00529    CDp =  1.31646

 Side 1 forced transition at x/c =  1.0000   77
 Side 2  free  transition at x/c =  0.0403   24

 100   rms: 0.4431E+04   max: -.2459E+05   C at   83  2   RLX: 0.000
       a = -2.500      CL = -0.1385
      Cm = -0.0543     CD =  1.32283   =>   CDf =  0.00529    CDp =  1.31754

 Side 1 forced transition at x/c =  1.0000   77
 Side 2  free  transition at x/c =  0.0403   24

 101   rms: 0.2737E+05   max: -.1528E+06   C at   83  2   RLX: 0.000
       a = -2.500      CL = -0.1385
      Cm = -0.0543     CD =  1.32344   =>   CDf =  0.00529    CDp =  1.31815

 Side 1 forced transition at x/c =  1.0000   77
 Side 2  free  transition at x/c =  0.0403   24

 102   rms: 0.2638E+05   max: 0.1494E+06   C at   83  2   RLX: 0.000
       a = -2.500      CL = -0.1385
      Cm = -0.0543     CD =  1.32304   =>   CDf =  0.00529    CDp =  1.31775

 Side 1 forced transition at x/c =  1.0000   77
 Side 2  free  transition at x/c =  0.0403   24

 103   rms: 0.4326E+04   max: -.2400E+05   C at   83  2   RLX: 0.000
       a = -2.500      CL = -0.1385
      Cm = -0.0543     CD =  1.32426   =>   CDf =  0.00529    CDp =  1.31897

 Side 1 forced transition at x/c =  1.0000   77
 Side 2  free  transition at x/c =  0.0403   24

 104   rms: 0.2395E+05   max: -.1336E+06   C at   83  2   RLX: 0.000
       a = -2.500      CL = -0.1385
      Cm = -0.0543     CD =  1.32490   =>   CDf =  0.00529    CDp =  1.31961

 Side 1 forced transition at x/c =  1.0000   77
 Side 2  free  transition at x/c =  0.0403   24

 105   rms: 0.4208E+05   max: 0.2379E+06   C at   83  2   RLX: 0.000
       a = -2.500      CL = -0.1385
      Cm = -0.0543     CD =  1.32453   =>   CDf =  0.00529    CDp =  1.31924

 Side 1 forced transition at x/c =  1.0000   77
 Side 2  free  transition at x/c =  0.0403   24

 106   rms: 0.2628E+04   max: -.1459E+05   C at   83  2   RLX: 0.000
       a = -2.500      CL = -0.1385
      Cm = -0.0543     CD =  1.32568   =>   CDf =  0.00529    CDp =  1.32039

 Side 1 forced transition at x/c =  1.0000   77
 Side 2  free  transition at x/c =  0.0403   24

 107   rms: 0.1828E+05   max: -.1018E+06   C at   83  2   RLX: 0.000
       a = -2.500      CL = -0.1385
      Cm = -0.0543     CD =  1.32651   =>   CDf =  0.00529    CDp =  1.32121

 Side 1 forced transition at x/c =  1.0000   77
 Side 2  free  transition at x/c =  0.0403   24

 108   rms: 0.6762E+05   max: 0.3817E+06   C at   83  2   RLX: 0.000
       a = -2.500      CL = -0.1385
      Cm = -0.0543     CD =  1.32613   =>   CDf =  0.00529    CDp =  1.32084

 Side 1 forced transition at x/c =  1.0000   77
 Side 2  free  transition at x/c =  0.0403   24

 109   rms: 0.2385E+04   max: -.1325E+05   C at   83  2   RLX: 0.000
       a = -2.500      CL = -0.1384
      Cm = -0.0543     CD =  1.32736   =>   CDf =  0.00529    CDp =  1.32207

 Side 1 forced transition at x/c =  1.0000   77
 Side 2  free  transition at x/c =  0.0403   24

 110   rms: 0.1396E+05   max: -.7773E+05   C at   83  2   RLX: 0.000
       a = -2.500      CL = -0.1384
      Cm = -0.0543     CD =  1.32825   =>   CDf =  0.00529    CDp =  1.32296

 MRCHDU: Convergence failed at  24  side 2    Res =  0.7365E-05
 Side 1 forced transition at x/c =  1.0000   77
 Side 2  free  transition at x/c =  0.0403   24

 111   rms: 0.5551E+05   max: 0.3129E+06   C at   83  2   RLX: 0.000
       a = -2.500      CL = -0.1384
      Cm = -0.0543     CD =  1.32783   =>   CDf =  0.00529    CDp =  1.32254

 Side 1 forced transition at x/c =  1.0000   77
 Side 2  free  transition at x/c =  0.0403   24

 112   rms: 0.1846E+04   max: -.1027E+05   C at   83  2   RLX: 0.000
       a = -2.500      CL = -0.1384
      Cm = -0.0544     CD =  1.32908   =>   CDf =  0.00529    CDp =  1.32379

 Side 1 forced transition at x/c =  1.0000   77
 Side 2  free  transition at x/c =  0.0403   24

 113   rms: 0.1251E+05   max: -.6963E+05   C at   83  2   RLX: 0.000
       a = -2.500      CL = -0.1384
      Cm = -0.0544     CD =  1.33019   =>   CDf =  0.00529    CDp =  1.32490

 Side 1 forced transition at x/c =  1.0000   77
 Side 2  free  transition at x/c =  0.0403   24

 114   rms: 0.6586E+05   max: 0.3708E+06   C at   83  2   RLX: 0.000
       a = -2.500      CL = -0.1384
      Cm = -0.0544     CD =  1.32974   =>   CDf =  0.00529    CDp =  1.32445

 Side 1 forced transition at x/c =  1.0000   77
 Side 2  free  transition at x/c =  0.0403   24

 115   rms: 0.2205E+04   max: -.1224E+05   C at   83  2   RLX: 0.000
       a = -2.500      CL = -0.1384
      Cm = -0.0544     CD =  1.33126   =>   CDf =  0.00529    CDp =  1.32597

 Side 1 forced transition at x/c =  1.0000   77
 Side 2  free  transition at x/c =  0.0403   24

 116   rms: 0.1235E+05   max: -.6868E+05   C at   83  2   RLX: 0.000
       a = -2.500      CL = -0.1384
      Cm = -0.0544     CD =  1.33231   =>   CDf =  0.00529    CDp =  1.32702

 Side 1 forced transition at x/c =  1.0000   77
 Side 2  free  transition at x/c =  0.0403   24

 117   rms: 0.8302E+05   max: 0.4668E+06   C at   83  2   RLX: 0.000
       a = -2.500      CL = -0.1383
      Cm = -0.0544     CD =  1.33183   =>   CDf =  0.00529    CDp =  1.32654

 Side 1 forced transition at x/c =  1.0000   77
 Side 2  free  transition at x/c =  0.0403   24

 118   rms: 0.1742E+04   max: -.9698E+04   C at   83  2   RLX: 0.000
       a = -2.500      CL = -0.1383
      Cm = -0.0544     CD =  1.33335   =>   CDf =  0.00529    CDp =  1.32806

 MRCHDU: Convergence failed at  24  side 2    Res =  0.7495E-05
 Side 1 forced transition at x/c =  1.0000   77
 Side 2  free  transition at x/c =  0.0403   24

 119   rms: 0.9129E+04   max: -.5079E+05   C at   83  2   RLX: 0.000
       a = -2.500      CL = -0.1383
      Cm = -0.0544     CD =  1.33451   =>   CDf =  0.00529    CDp =  1.32922

 Side 1 forced transition at x/c =  1.0000   77
 Side 2  free  transition at x/c =  0.0403   24

 120   rms: 0.1703E+06   max: 0.9566E+06   C at   83  2   RLX: 0.000
       a = -2.500      CL = -0.1383
      Cm = -0.0544     CD =  1.33405   =>   CDf =  0.00529    CDp =  1.32876

 Side 1 forced transition at x/c =  1.0000   77
 Side 2  free  transition at x/c =  0.0403   24

 121   rms: 0.2368E+04   max: -.1314E+05   C at   83  2   RLX: 0.000
       a = -2.500      CL = -0.1383
      Cm = -0.0544     CD =  1.33595   =>   CDf =  0.00529    CDp =  1.33065

 Side 1 forced transition at x/c =  1.0000   77
 Side 2  free  transition at x/c =  0.0403   24

 122   rms: 0.1024E+05   max: -.5694E+05   C at   83  2   RLX: 0.000
       a = -2.500      CL = -0.1382
      Cm = -0.0544     CD =  1.33705   =>   CDf =  0.00529    CDp =  1.33176

 Side 1 forced transition at x/c =  1.0000   77
 Side 2  free  transition at x/c =  0.0403   24

 123   rms: 0.4540E+06   max: 0.2548E+07   C at   83  2   RLX: 0.000
       a = -2.500      CL = -0.1382
      Cm = -0.0544     CD =  1.33654   =>   CDf =  0.00529    CDp =  1.33125

 Side 1 forced transition at x/c =  1.0000   77
 Side 2  free  transition at x/c =  0.0403   24

 124   rms: 0.1446E+04   max: -.8020E+04   C at   83  2   RLX: 0.000
       a = -2.500      CL = -0.1382
      Cm = -0.0544     CD =  1.33824   =>   CDf =  0.00529    CDp =  1.33295

 Side 1 forced transition at x/c =  1.0000   77
 Side 2  free  transition at x/c =  0.0403   24

 125   rms: 0.7983E+04   max: -.4437E+05   C at   83  2   RLX: 0.000
       a = -2.500      CL = -0.1382
      Cm = -0.0544     CD =  1.33957   =>   CDf =  0.00529    CDp =  1.33428

 Side 1 forced transition at x/c =  1.0000   77
 Side 2  free  transition at x/c =  0.0403   24

 126   rms: 0.5627E+06   max: -.3156E+07   C at   83  2   RLX: 0.000
       a = -2.500      CL = -0.1382
      Cm = -0.0544     CD =  1.34001   =>   CDf =  0.00529    CDp =  1.33472

 Side 1 forced transition at x/c =  1.0000   77
 Side 2  free  transition at x/c =  0.0403   24

 127   rms: 0.2517E+05   max: 0.1439E+06   C at   84  2   RLX: 0.000
       a = -2.500      CL = -0.1382
      Cm = -0.0544     CD =  1.33967   =>   CDf =  0.00529    CDp =  1.33438

 Side 1 forced transition at x/c =  1.0000   77
 Side 2  free  transition at x/c =  0.0403   24

 128   rms: 0.7742E+04   max: -.4300E+05   C at   83  2   RLX: 0.000
       a = -2.500      CL = -0.1382
      Cm = -0.0544     CD =  1.34056   =>   CDf =  0.00529    CDp =  1.33527

 Side 1 forced transition at x/c =  1.0000   77
 Side 2  free  transition at x/c =  0.0403   24

 129   rms: 0.7519E+05   max: -.4211E+06   C at   83  2   RLX: 0.000
       a = -2.500      CL = -0.1382
      Cm = -0.0544     CD =  1.34101   =>   CDf =  0.00529    CDp =  1.33572

 MRCHDU: Convergence failed at  24  side 2    Res =  0.7118E-05
 Side 1 forced transition at x/c =  1.0000   77
 Side 2  free  transition at x/c =  0.0403   24

 130   rms: 0.3263E+05   max: 0.1860E+06   C at   84  2   RLX: 0.000
       a = -2.500      CL = -0.1382
      Cm = -0.0544     CD =  1.34068   =>   CDf =  0.00529    CDp =  1.33539

 Side 1 forced transition at x/c =  1.0000   77
 Side 2  free  transition at x/c =  0.0403   24

 131   rms: 0.5764E+04   max: -.3203E+05   C at   83  2   RLX: 0.000
       a = -2.500      CL = -0.1381
      Cm = -0.0544     CD =  1.34163   =>   CDf =  0.00529    CDp =  1.33634

 Side 1 forced transition at x/c =  1.0000   77
 Side 2  free  transition at x/c =  0.0403   24

 132   rms: 0.5089E+05   max: -.2846E+06   C at   83  2   RLX: 0.000
       a = -2.500      CL = -0.1381
      Cm = -0.0544     CD =  1.34216   =>   CDf =  0.00529    CDp =  1.33687

 Side 1 forced transition at x/c =  1.0000   77
 Side 2  free  transition at x/c =  0.0403   24

 133   rms: 0.2665E+05   max: 0.1515E+06   C at   84  2   RLX: 0.000
       a = -2.500      CL = -0.1381
      Cm = -0.0544     CD =  1.34179   =>   CDf =  0.00529    CDp =  1.33650

 Side 1 forced transition at x/c =  1.0000   77
 Side 2  free  transition at x/c =  0.0403   24

 134   rms: 0.3727E+04   max: -.2070E+05   C at   83  2   RLX: 0.000
       a = -2.500      CL = -0.1381
      Cm = -0.0544     CD =  1.34275   =>   CDf =  0.00529    CDp =  1.33746

 Side 1 forced transition at x/c =  1.0000   77
 Side 2  free  transition at x/c =  0.0403   24

 135   rms: 0.2844E+05   max: -.1589E+06   C at   83  2   RLX: 0.000
       a = -2.500      CL = -0.1381
      Cm = -0.0544     CD =  1.34335   =>   CDf =  0.00529    CDp =  1.33806

 Side 1 forced transition at x/c =  1.0000   77
 Side 2  free  transition at x/c =  0.0403   24

 136   rms: 0.3294E+05   max: 0.1869E+06   C at   84  2   RLX: 0.000
       a = -2.500      CL = -0.1381
      Cm = -0.0544     CD =  1.34297   =>   CDf =  0.00529    CDp =  1.33768

 Side 1 forced transition at x/c =  1.0000   77
 Side 2  free  transition at x/c =  0.0403   24

 137   rms: 0.2831E+04   max: -.1574E+05   C at   83  2   RLX: 0.000
       a = -2.500      CL = -0.1381
      Cm = -0.0545     CD =  1.34396   =>   CDf =  0.00529    CDp =  1.33867

 Side 1 forced transition at x/c =  1.0000   77
 Side 2  free  transition at x/c =  0.0403   24

 138   rms: 0.3051E+05   max: -.1703E+06   C at   83  2   RLX: 0.000
       a = -2.500      CL = -0.1381
      Cm = -0.0545     CD =  1.34477   =>   CDf =  0.00529    CDp =  1.33948

 Side 1 forced transition at x/c =  1.0000   77
 Side 2  free  transition at x/c =  0.0403   24

 139   rms: 0.5114E+05   max: 0.2896E+06   C at   83  2   RLX: 0.000
       a = -2.500      CL = -0.1381
      Cm = -0.0544     CD =  1.34439   =>   CDf =  0.00529    CDp =  1.33910

 Side 1 forced transition at x/c =  1.0000   77
 Side 2  free  transition at x/c =  0.0403   24

 140   rms: 0.3326E+04   max: -.1845E+05   C at   83  2   RLX: 0.000
       a = -2.500      CL = -0.1381
      Cm = -0.0545     CD =  1.34559   =>   CDf =  0.00529    CDp =  1.34030

 Side 1 forced transition at x/c =  1.0000   77
 Side 2  free  transition at x/c =  0.0403   24

 141   rms: 0.1760E+05   max: -.9815E+05   C at   83  2   RLX: 0.000
       a = -2.500      CL = -0.1381
      Cm = -0.0545     CD =  1.34631   =>   CDf =  0.00529    CDp =  1.34102

 Side 1 forced transition at x/c =  1.0000   77
 Side 2  free  transition at x/c =  0.0403   24

 142   rms: 0.5154E+05   max: 0.2913E+06   C at   83  2   RLX: 0.000
       a = -2.500      CL = -0.1380
      Cm = -0.0545     CD =  1.34593   =>   CDf =  0.00529    CDp =  1.34064

 Side 1 forced transition at x/c =  1.0000   77
 Side 2  free  transition at x/c =  0.0403   24

 143   rms: 0.2859E+04   max: -.1586E+05   C at   83  2   RLX: 0.000
       a = -2.500      CL = -0.1380
      Cm = -0.0545     CD =  1.34723   =>   CDf =  0.00529    CDp =  1.34193

 Side 1 forced transition at x/c =  1.0000   77
 Side 2  free  transition at x/c =  0.0403   24

 144   rms: 0.1319E+05   max: -.7348E+05   C at   83  2   RLX: 0.000
       a = -2.500      CL = -0.1380
      Cm = -0.0545     CD =  1.34799   =>   CDf =  0.00529    CDp =  1.34270

 Side 1 forced transition at x/c =  1.0000   77
 Side 2  free  transition at x/c =  0.0403   24

 145   rms: 0.4342E+05   max: 0.2450E+06   C at   83  2   RLX: 0.000
       a = -2.500      CL = -0.1380
      Cm = -0.0545     CD =  1.34758   =>   CDf =  0.00529    CDp =  1.34229

 Side 1 forced transition at x/c =  1.0000   77
 Side 2  free  transition at x/c =  0.0403   24

 146   rms: 0.2531E+04   max: -.1404E+05   C at   83  2   RLX: 0.000
       a = -2.500      CL = -0.1380
      Cm = -0.0545     CD =  1.34903   =>   CDf =  0.00529    CDp =  1.34374

 Side 1 forced transition at x/c =  1.0000   77
 Side 2  free  transition at x/c =  0.0403   24

 147   rms: 0.1306E+05   max: -.7274E+05   C at   83  2   RLX: 0.000
       a = -2.500      CL = -0.1380
      Cm = -0.0545     CD =  1.34991   =>   CDf =  0.00529    CDp =  1.34462

 Side 1 forced transition at x/c =  1.0000   77
 Side 2  free  transition at x/c =  0.0403   24

 148   rms: 0.5780E+05   max: 0.3257E+06   C at   83  2   RLX: 0.000
       a = -2.500      CL = -0.1380
      Cm = -0.0545     CD =  1.34947   =>   CDf =  0.00529    CDp =  1.34418

 Side 1 forced transition at x/c =  1.0000   77
 Side 2  free  transition at x/c =  0.0403   24

 149   rms: 0.2614E+04   max: -.1452E+05   C at   83  2   RLX: 0.000
       a = -2.500      CL = -0.1379
      Cm = -0.0545     CD =  1.35106   =>   CDf =  0.00529    CDp =  1.34577

 Side 1 forced transition at x/c =  1.0000   77
 Side 2  free  transition at x/c =  0.0403   24

 150   rms: 0.1091E+05   max: -.6074E+05   C at   83  2   RLX: 0.000
       a = -2.500      CL = -0.1379
      Cm = -0.0545     CD =  1.35199   =>   CDf =  0.00529    CDp =  1.34670

 Side 1 forced transition at x/c =  1.0000   77
 Side 2  free  transition at x/c =  0.0403   24

 151   rms: 0.9195E+05   max: 0.5175E+06   C at   83  2   RLX: 0.000
       a = -2.500      CL = -0.1379
      Cm = -0.0545     CD =  1.35154   =>   CDf =  0.00529    CDp =  1.34625

 Side 1 forced transition at x/c =  1.0000   77
 Side 2  free  transition at x/c =  0.0403   24

 152   rms: 0.2579E+04   max: -.1433E+05   C at   83  2   RLX: 0.000
       a = -2.500      CL = -0.1379
      Cm = -0.0545     CD =  1.35328   =>   CDf =  0.00529    CDp =  1.34799

 Side 1 forced transition at x/c =  1.0000   77
 Side 2  free  transition at x/c =  0.0403   24

 153   rms: 0.7790E+04   max: -.4333E+05   C at   83  2   RLX: 0.000
       a = -2.500      CL = -0.1379
      Cm = -0.0545     CD =  1.35420   =>   CDf =  0.00529    CDp =  1.34891

 Side 1 forced transition at x/c =  1.0000   77
 Side 2  free  transition at x/c =  0.0403   24

 154   rms: 0.1672E+06   max: 0.9402E+06   C at   83  2   RLX: 0.000
       a = -2.500      CL = -0.1379
      Cm = -0.0545     CD =  1.35376   =>   CDf =  0.00529    CDp =  1.34847

 Side 1 forced transition at x/c =  1.0000   77
 Side 2  free  transition at x/c =  0.0403   24

 155   rms: 0.1686E+04   max: -.9347E+04   C at   83  2   RLX: 0.000
       a = -2.500      CL = -0.1378
      Cm = -0.0545     CD =  1.35537   =>   CDf =  0.00529    CDp =  1.35008

 Side 1 forced transition at x/c =  1.0000   77
 Side 2  free  transition at x/c =  0.0403   24

 156   rms: 0.9647E+04   max: -.5365E+05   C at   83  2   RLX: 0.000
       a = -2.500      CL = -0.1378
      Cm = -0.0545     CD =  1.35660   =>   CDf =  0.00529    CDp =  1.35130

 Side 1 forced transition at x/c =  1.0000   77
 Side 2  free  transition at x/c =  0.0403   24

 157   rms: 0.4048E+06   max: 0.2274E+07   C at   83  2   RLX: 0.000
       a = -2.500      CL = -0.1378
      Cm = -0.0545     CD =  1.35608   =>   CDf =  0.00529    CDp =  1.35079

 Side 1 forced transition at x/c =  1.0000   77
 Side 2  free  transition at x/c =  0.0403   24

 158   rms: 0.2037E+04   max: -.1131E+05   C at   83  2   RLX: 0.000
       a = -2.500      CL = -0.1378
      Cm = -0.0545     CD =  1.35802   =>   CDf =  0.00529    CDp =  1.35273

 Side 1 forced transition at x/c =  1.0000   77
 Side 2  free  transition at x/c =  0.0403   24

 159   rms: 0.5951E+04   max: -.3307E+05   C at   83  2   RLX: 0.000
       a = -2.500      CL = -0.1378
      Cm = -0.0546     CD =  1.35914   =>   CDf =  0.00529    CDp =  1.35385

 Side 1 forced transition at x/c =  1.0000   77
 Side 2  free  transition at x/c =  0.0403   24

 160   rms: 0.3950E+06   max: -.2217E+07   C at   83  2   RLX: 0.000
       a = -2.500      CL = -0.1378
      Cm = -0.0546     CD =  1.35957   =>   CDf =  0.00529    CDp =  1.35428

 Side 1 forced transition at x/c =  1.0000   77
 Side 2  free  transition at x/c =  0.0403   24

 161   rms: 0.3585E+05   max: 0.2053E+06   C at   84  2   RLX: 0.000
       a = -2.500      CL = -0.1378
      Cm = -0.0545     CD =  1.35928   =>   CDf =  0.00529    CDp =  1.35399

 Side 1 forced transition at x/c =  1.0000   77
 Side 2  free  transition at x/c =  0.0403   24

 162   rms: 0.5416E+04   max: -.3008E+05   C at   83  2   RLX: 0.000
       a = -2.500      CL = -0.1378
      Cm = -0.0546     CD =  1.36007   =>   CDf =  0.00529    CDp =  1.35477

 Side 1 forced transition at x/c =  1.0000   77
 Side 2  free  transition at x/c =  0.0403   24

 163   rms: 0.1004E+06   max: -.5627E+06   C at   83  2   RLX: 0.000
       a = -2.500      CL = -0.1378
      Cm = -0.0546     CD =  1.36055   =>   CDf =  0.00529    CDp =  1.35526

 Side 1 forced transition at x/c =  1.0000   77
 Side 2  free  transition at x/c =  0.0403   24

 164   rms: 0.3299E+05   max: 0.1883E+06   C at   84  2   RLX: 0.000
       a = -2.500      CL = -0.1377
      Cm = -0.0546     CD =  1.36022   =>   CDf =  0.00529    CDp =  1.35493

 Side 1 forced transition at x/c =  1.0000   77
 Side 2  free  transition at x/c =  0.0403   24

 165   rms: 0.4476E+04   max: -.2486E+05   C at   83  2   RLX: 0.000
       a = -2.500      CL = -0.1377
      Cm = -0.0546     CD =  1.36109   =>   CDf =  0.00529    CDp =  1.35580

 Side 1 forced transition at x/c =  1.0000   77
 Side 2  free  transition at x/c =  0.0403   24

 166   rms: 0.6710E+05   max: -.3754E+06   C at   83  2   RLX: 0.000
       a = -2.500      CL = -0.1377
      Cm = -0.0546     CD =  1.36165   =>   CDf =  0.00529    CDp =  1.35635

 Side 1 forced transition at x/c =  1.0000   77
 Side 2  free  transition at x/c =  0.0403   24

 167   rms: 0.4070E+05   max: 0.2316E+06   C at   84  2   RLX: 0.000
       a = -2.500      CL = -0.1377
      Cm = -0.0546     CD =  1.36131   =>   CDf =  0.00529    CDp =  1.35602

 MRCHDU: Convergence failed at  24  side 2    Res =  0.7130E-05
 Side 1 forced transition at x/c =  1.0000   77
 Side 2  free  transition at x/c =  0.0403   24

 168   rms: 0.3082E+04   max: -.1712E+05   C at   83  2   RLX: 0.000
       a = -2.500      CL = -0.1377
      Cm = -0.0546     CD =  1.36217   =>   CDf =  0.00529    CDp =  1.35687

 Side 1 forced transition at x/c =  1.0000   77
 Side 2  free  transition at x/c =  0.0403   24

 169   rms: 0.3415E+05   max: -.1909E+06   C at   83  2   RLX: 0.000
       a = -2.500      CL = -0.1377
      Cm = -0.0546     CD =  1.36287   =>   CDf =  0.00529    CDp =  1.35758

 Side 1 forced transition at x/c =  1.0000   77
 Side 2  free  transition at x/c =  0.0403   24

 170   rms: 0.4229E+05   max: 0.2401E+06   C at   84  2   RLX: 0.000
       a = -2.500      CL = -0.1377
      Cm = -0.0546     CD =  1.36251   =>   CDf =  0.00529    CDp =  1.35722

 Side 1 forced transition at x/c =  1.0000   77
 Side 2  free  transition at x/c =  0.0403   24

 171   rms: 0.3637E+04   max: -.2020E+05   C at   83  2   RLX: 0.000
       a = -2.500      CL = -0.1377
      Cm = -0.0546     CD =  1.36360   =>   CDf =  0.00529    CDp =  1.35831

 Side 1 forced transition at x/c =  1.0000   77
 Side 2  free  transition at x/c =  0.0403   24

 172   rms: 0.3083E+05   max: -.1721E+06   C at   83  2   RLX: 0.000
       a = -2.500      CL = -0.1377
      Cm = -0.0546     CD =  1.36433   =>   CDf =  0.00529    CDp =  1.35904

 Side 1 forced transition at x/c =  1.0000   77
 Side 2  free  transition at x/c =  0.0403   24

 173   rms: 0.4390E+05   max: 0.2488E+06   C at   83  2   RLX: 0.000
       a = -2.500      CL = -0.1377
      Cm = -0.0546     CD =  1.36396   =>   CDf =  0.00529    CDp =  1.35866

 Side 1 forced transition at x/c =  1.0000   77
 Side 2  free  transition at x/c =  0.0403   24

 174   rms: 0.4210E+04   max: -.2336E+05   C at   83  2   RLX: 0.000
       a = -2.500      CL = -0.1376
      Cm = -0.0546     CD =  1.36526   =>   CDf =  0.00529    CDp =  1.35997

 Side 1 forced transition at x/c =  1.0000   77
 Side 2  free  transition at x/c =  0.0403   24

 175   rms: 0.2042E+05   max: -.1139E+06   C at   83  2   RLX: 0.000
       a = -2.500      CL = -0.1376
      Cm = -0.0546     CD =  1.36596   =>   CDf =  0.00529    CDp =  1.36067

 Side 1 forced transition at x/c =  1.0000   77
 Side 2  free  transition at x/c =  0.0403   24

 176   rms: 0.3969E+05   max: 0.2245E+06   C at   83  2   RLX: 0.000
       a = -2.500      CL = -0.1376
      Cm = -0.0546     CD =  1.36555   =>   CDf =  0.00529    CDp =  1.36025

 Side 1 forced transition at x/c =  1.0000   77
 Side 2  free  transition at x/c =  0.0403   24

 177   rms: 0.3281E+04   max: -.1821E+05   C at   83  2   RLX: 0.000
       a = -2.500      CL = -0.1376
      Cm = -0.0546     CD =  1.36693   =>   CDf =  0.00529    CDp =  1.36163

 MRCHDU: Convergence failed at  24  side 2    Res =  0.7206E-05
 Side 1 forced transition at x/c =  1.0000   77
 Side 2  free  transition at x/c =  0.0403   24

 178   rms: 0.1327E+05   max: -.7395E+05   C at   83  2   RLX: 0.000
       a = -2.500      CL = -0.1376
      Cm = -0.0546     CD =  1.36770   =>   CDf =  0.00529    CDp =  1.36241

 Side 1 forced transition at x/c =  1.0000   77
 Side 2  free  transition at x/c =  0.0403   24

 179   rms: 0.5975E+05   max: 0.3374E+06   C at   83  2   RLX: 0.000
       a = -2.500      CL = -0.1376
      Cm = -0.0546     CD =  1.36732   =>   CDf =  0.00529    CDp =  1.36202

 MRCHDU: Convergence failed at  24  side 2    Res =  0.8227E-05
 Side 1 forced transition at x/c =  1.0000   77
 Side 2  free  transition at x/c =  0.0403   24

 180   rms: 0.2652E+04   max: -.1473E+05   C at   83  2   RLX: 0.000
       a = -2.500      CL = -0.1376
      Cm = -0.0546     CD =  1.36873   =>   CDf =  0.00529    CDp =  1.36344

 Side 1 forced transition at x/c =  1.0000   77
 Side 2  free  transition at x/c =  0.0403   24

 181   rms: 0.1511E+05   max: -.8418E+05   C at   83  2   RLX: 0.000
       a = -2.500      CL = -0.1376
      Cm = -0.0546     CD =  1.36970   =>   CDf =  0.00529    CDp =  1.36440

 Side 1 forced transition at x/c =  1.0000   77
 Side 2  free  transition at x/c =  0.0403   24

 182   rms: 0.7450E+05   max: 0.4200E+06   C at   83  2   RLX: 0.000
       a = -2.500      CL = -0.1375
      Cm = -0.0546     CD =  1.36924   =>   CDf =  0.00529    CDp =  1.36395

 Side 1 forced transition at x/c =  1.0000   77
 Side 2  free  transition at x/c =  0.0403   24

 183   rms: 0.2165E+04   max: -.1202E+05   C at   83  2   RLX: 0.000
       a = -2.500      CL = -0.1375
      Cm = -0.0546     CD =  1.37071   =>   CDf =  0.00529    CDp =  1.36542

 Side 1 forced transition at x/c =  1.0000   77
 Side 2  free  transition at x/c =  0.0403   24

 184   rms: 0.1152E+05   max: -.6413E+05   C at   83  2   RLX: 0.000
       a = -2.500      CL = -0.1375
      Cm = -0.0546     CD =  1.37179   =>   CDf =  0.00529    CDp =  1.36649

 Side 1 forced transition at x/c =  1.0000   77
 Side 2  free  transition at x/c =  0.0403   24

 185   rms: 0.1146E+06   max: 0.6451E+06   C at   83  2   RLX: 0.000
       a = -2.500      CL = -0.1375
      Cm = -0.0546     CD =  1.37134   =>   CDf =  0.00529    CDp =  1.36605

 Side 1 forced transition at x/c =  1.0000   77
 Side 2  free  transition at x/c =  0.0403   24

 186   rms: 0.2030E+04   max: -.1126E+05   C at   83  2   RLX: 0.000
       a = -2.500      CL = -0.1375
      Cm = -0.0546     CD =  1.37293   =>   CDf =  0.00529    CDp =  1.36764

 Side 1 forced transition at x/c =  1.0000   77
 Side 2  free  transition at x/c =  0.0403   24

 187   rms: 0.1273E+05   max: -.7083E+05   C at   83  2   RLX: 0.000
       a = -2.500      CL = -0.1375
      Cm = -0.0546     CD =  1.37415   =>   CDf =  0.00529    CDp =  1.36885

 Side 1 forced transition at x/c =  1.0000   77
 Side 2  free  transition at x/c =  0.0403   24

 188   rms: 0.2964E+06   max: 0.1667E+07   C at   83  2   RLX: 0.000
       a = -2.500      CL = -0.1374
      Cm = -0.0546     CD =  1.37366   =>   CDf =  0.00529    CDp =  1.36837

 Side 1 forced transition at x/c =  1.0000   77
 Side 2  free  transition at x/c =  0.0403   24

 189   rms: 0.2207E+04   max: -.1222E+05   C at   83  2   RLX: 0.000
       a = -2.500      CL = -0.1374
      Cm = -0.0547     CD =  1.37550   =>   CDf =  0.00529    CDp =  1.37021

 Side 1 forced transition at x/c =  1.0000   77
 Side 2  free  transition at x/c =  0.0403   24

 190   rms: 0.8217E+04   max: -.4567E+05   C at   83  2   RLX: 0.000
       a = -2.500      CL = -0.1374
      Cm = -0.0547     CD =  1.37659   =>   CDf =  0.00529    CDp =  1.37130

 Side 1 forced transition at x/c =  1.0000   77
 Side 2  free  transition at x/c =  0.0403   24

 191   rms: 0.6341E+07   max: -.3563E+08   C at   83  2   RLX: 0.000
       a = -2.500      CL = -0.1374
      Cm = -0.0547     CD =  1.37699   =>   CDf =  0.00529    CDp =  1.37170

 Side 1 forced transition at x/c =  1.0000   77
 Side 2  free  transition at x/c =  0.0403   24

 192   rms: 0.3762E+05   max: 0.2159E+06   C at   84  2   RLX: 0.000
       a = -2.500      CL = -0.1374
      Cm = -0.0547     CD =  1.37672   =>   CDf =  0.00529    CDp =  1.37142

 Side 1 forced transition at x/c =  1.0000   77
 Side 2  free  transition at x/c =  0.0403   24

 193   rms: 0.8787E+04   max: -.4884E+05   C at   83  2   RLX: 0.000
       a = -2.500      CL = -0.1374
      Cm = -0.0547     CD =  1.37754   =>   CDf =  0.00529    CDp =  1.37225

 Side 1 forced transition at x/c =  1.0000   77
 Side 2  free  transition at x/c =  0.0403   24

 194   rms: 0.1283E+06   max: -.7198E+06   C at   83  2   RLX: 0.000
       a = -2.500      CL = -0.1374
      Cm = -0.0547     CD =  1.37795   =>   CDf =  0.00529    CDp =  1.37266

 Side 1 forced transition at x/c =  1.0000   77
 Side 2  free  transition at x/c =  0.0403   24

 195   rms: 0.3581E+05   max: 0.2048E+06   C at   84  2   RLX: 0.000
       a = -2.500      CL = -0.1374
      Cm = -0.0547     CD =  1.37765   =>   CDf =  0.00529    CDp =  1.37236

 Side 1 forced transition at x/c =  1.0000   77
 Side 2  free  transition at x/c =  0.0403   24

 196   rms: 0.6792E+04   max: -.3776E+05   C at   83  2   RLX: 0.000
       a = -2.500      CL = -0.1373
      Cm = -0.0547     CD =  1.37856   =>   CDf =  0.00529    CDp =  1.37327

 Side 1 forced transition at x/c =  1.0000   77
 Side 2  free  transition at x/c =  0.0403   24

 197   rms: 0.5466E+05   max: -.3062E+06   C at   83  2   RLX: 0.000
       a = -2.500      CL = -0.1373
      Cm = -0.0547     CD =  1.37904   =>   CDf =  0.00529    CDp =  1.37374

 Side 1 forced transition at x/c =  1.0000   77
 Side 2  free  transition at x/c =  0.0403   24

 198   rms: 0.3287E+05   max: 0.1875E+06   C at   84  2   RLX: 0.000
       a = -2.500      CL = -0.1373
      Cm = -0.0547     CD =  1.37870   =>   CDf =  0.00529    CDp =  1.37340

 Side 1 forced transition at x/c =  1.0000   77
 Side 2  free  transition at x/c =  0.0403   24

 199   rms: 0.4731E+04   max: -.2626E+05   C at   83  2   RLX: 0.000
       a = -2.500      CL = -0.1373
      Cm = -0.0547     CD =  1.37968   =>   CDf =  0.00529    CDp =  1.37439

 Side 1 forced transition at x/c =  1.0000   77
 Side 2  free  transition at x/c =  0.0403   24

 200   rms: 0.4448E+05   max: -.2488E+06   C at   83  2   RLX: 0.000
       a = -2.500      CL = -0.1373
      Cm = -0.0547     CD =  1.38028   =>   CDf =  0.00529    CDp =  1.37499

 Side 1 forced transition at x/c =  1.0000   77
 Side 2  free  transition at x/c =  0.0403   24

 201   rms: 0.3707E+05   max: 0.2109E+06   C at   84  2   RLX: 0.000
       a = -2.500      CL = -0.1373
      Cm = -0.0547     CD =  1.37993   =>   CDf =  0.00529    CDp =  1.37464

 Side 1 forced transition at x/c =  1.0000   77
 Side 2  free  transition at x/c =  0.0403   24

 202   rms: 0.4438E+04   max: -.2464E+05   C at   83  2   RLX: 0.000
       a = -2.500      CL = -0.1373
      Cm = -0.0547     CD =  1.38103   =>   CDf =  0.00529    CDp =  1.37573

 Side 1 forced transition at x/c =  1.0000   77
 Side 2  free  transition at x/c =  0.0403   24

 203   rms: 0.3280E+05   max: -.1833E+06   C at   83  2   RLX: 0.000
       a = -2.500      CL = -0.1373
      Cm = -0.0547     CD =  1.38167   =>   CDf =  0.00529    CDp =  1.37637

 Side 1 forced transition at x/c =  1.0000   77
 Side 2  free  transition at x/c =  0.0403   24

 204   rms: 0.5504E+05   max: 0.3124E+06   C at   84  2   RLX: 0.000
       a = -2.500      CL = -0.1373
      Cm = -0.0547     CD =  1.38132   =>   CDf =  0.00529    CDp =  1.37603

 Side 1 forced transition at x/c =  1.0000   77
 Side 2  free  transition at x/c =  0.0403   24

 205   rms: 0.3572E+04   max: -.1982E+05   C at   83  2   RLX: 0.000
       a = -2.500      CL = -0.1372
      Cm = -0.0547     CD =  1.38247   =>   CDf =  0.00529    CDp =  1.37718

 Side 1 forced transition at x/c =  1.0000   77
 Side 2  free  transition at x/c =  0.0403   24

 206   rms: 0.2718E+05   max: -.1517E+06   C at   83  2   RLX: 0.000
       a = -2.500      CL = -0.1373
      Cm = -0.0547     CD =  1.38316   =>   CDf =  0.00529    CDp =  1.37787

 Side 1 forced transition at x/c =  1.0000   77
 Side 2  free  transition at x/c =  0.0403   24

 207   rms: 0.7019E+05   max: 0.3976E+06   C at   83  2   RLX: 0.000
       a = -2.500      CL = -0.1372
      Cm = -0.0547     CD =  1.38279   =>   CDf =  0.00529    CDp =  1.37750

 Side 1 forced transition at x/c =  1.0000   77
 Side 2  free  transition at x/c =  0.0403   24

 208   rms: 0.3513E+04   max: -.1952E+05   C at   83  2   RLX: 0.000
       a = -2.500      CL = -0.1372
      Cm = -0.0547     CD =  1.38408   =>   CDf =  0.00529    CDp =  1.37879

 Side 1 forced transition at x/c =  1.0000   77
 Side 2  free  transition at x/c =  0.0403   24

 209   rms: 0.1965E+05   max: -.1096E+06   C at   83  2   RLX: 0.000
       a = -2.500      CL = -0.1372
      Cm = -0.0547     CD =  1.38487   =>   CDf =  0.00529    CDp =  1.37957

 Side 1 forced transition at x/c =  1.0000   77
 Side 2  free  transition at x/c =  0.0403   24

 210   rms: 0.6752E+05   max: 0.3818E+06   C at   83  2   RLX: 0.000
       a = -2.500      CL = -0.1372
      Cm = -0.0547     CD =  1.38447   =>   CDf =  0.00529    CDp =  1.37917

 Side 1 forced transition at x/c =  1.0000   77
 Side 2  free  transition at x/c =  0.0403   24

 211   rms: 0.3115E+04   max: -.1730E+05   C at   83  2   RLX: 0.000
       a = -2.500      CL = -0.1372
      Cm = -0.0547     CD =  1.38589   =>   CDf =  0.00529    CDp =  1.38060

 Side 1 forced transition at x/c =  1.0000   77
 Side 2  free  transition at x/c =  0.0403   24

 212   rms: 0.1148E+05   max: -.6395E+05   C at   83  2   RLX: 0.000
       a = -2.500      CL = -0.1372
      Cm = -0.0547     CD =  1.38670   =>   CDf =  0.00529    CDp =  1.38141

 Side 1 forced transition at x/c =  1.0000   77
 Side 2  free  transition at x/c =  0.0403   24

 213   rms: 0.8210E+05   max: 0.4634E+06   C at   83  2   RLX: 0.000
       a = -2.500      CL = -0.1371
      Cm = -0.0547     CD =  1.38629   =>   CDf =  0.00529    CDp =  1.38100

 Side 1 forced transition at x/c =  1.0000   77
 Side 2  free  transition at x/c =  0.0403   24

 214   rms: 0.2315E+04   max: -.1286E+05   C at   83  2   RLX: 0.000
       a = -2.500      CL = -0.1371
      Cm = -0.0547     CD =  1.38773   =>   CDf =  0.00529    CDp =  1.38243

 Side 1 forced transition at x/c =  1.0000   77
 Side 2  free  transition at x/c =  0.0403   24

 215   rms: 0.1134E+05   max: -.6318E+05   C at   83  2   RLX: 0.000
       a = -2.500      CL = -0.1371
      Cm = -0.0547     CD =  1.38874   =>   CDf =  0.00529    CDp =  1.38345

 Side 1 forced transition at x/c =  1.0000   77
 Side 2  free  transition at x/c =  0.0403   24

 216   rms: 0.1289E+06   max: 0.7268E+06   C at   83  2   RLX: 0.000
       a = -2.500      CL = -0.1371
      Cm = -0.0547     CD =  1.38831   =>   CDf =  0.00529    CDp =  1.38301

 Side 1 forced transition at x/c =  1.0000   77
 Side 2  free  transition at x/c =  0.0403   24

 217   rms: 0.2625E+04   max: -.1458E+05   C at   83  2   RLX: 0.000
       a = -2.500      CL = -0.1371
      Cm = -0.0548     CD =  1.38999   =>   CDf =  0.00529    CDp =  1.38470

 Side 1 forced transition at x/c =  1.0000   77
 Side 2  free  transition at x/c =  0.0403   24

 218   rms: 0.1345E+05   max: -.7486E+05   C at   83  2   RLX: 0.000
       a = -2.500      CL = -0.1371
      Cm = -0.0548     CD =  1.39102   =>   CDf =  0.00529    CDp =  1.38572

 Side 1 forced transition at x/c =  1.0000   77
 Side 2  free  transition at x/c =  0.0403   24

 219   rms: 0.3187E+06   max: 0.1794E+07   C at   83  2   RLX: 0.000
       a = -2.500      CL = -0.1370
      Cm = -0.0548     CD =  1.39056   =>   CDf =  0.00529    CDp =  1.38526

 Side 1 forced transition at x/c =  1.0000   77
 Side 2  free  transition at x/c =  0.0403   24

 220   rms: 0.2182E+04   max: -.1212E+05   C at   83  2   RLX: 0.000
       a = -2.500      CL = -0.1370
      Cm = -0.0548     CD =  1.39230   =>   CDf =  0.00529    CDp =  1.38701

 Side 1 forced transition at x/c =  1.0000   77
 Side 2  free  transition at x/c =  0.0403   24

 221   rms: 0.8350E+04   max: -.4650E+05   C at   83  2   RLX: 0.000
       a = -2.500      CL = -0.1370
      Cm = -0.0548     CD =  1.39340   =>   CDf =  0.00529    CDp =  1.38811

 Side 1 forced transition at x/c =  1.0000   77
 Side 2  free  transition at x/c =  0.0403   24

 222   rms: 0.1024E+07   max: -.5759E+07   C at   83  2   RLX: 0.000
       a = -2.500      CL = -0.1370
      Cm = -0.0548     CD =  1.39380   =>   CDf =  0.00529    CDp =  1.38851

 Side 1 forced transition at x/c =  1.0000   77
 Side 2  free  transition at x/c =  0.0403   24

 223   rms: 0.3259E+05   max: 0.1874E+06   C at   84  2   RLX: 0.000
       a = -2.500      CL = -0.1370
      Cm = -0.0548     CD =  1.39351   =>   CDf =  0.00529    CDp =  1.38821

 Side 1 forced transition at x/c =  1.0000   77
 Side 2  free  transition at x/c =  0.0403   24

 224   rms: 0.8311E+04   max: -.4622E+05   C at   83  2   RLX: 0.000
       a = -2.500      CL = -0.1370
      Cm = -0.0548     CD =  1.39432   =>   CDf =  0.00529    CDp =  1.38902

 Side 1 forced transition at x/c =  1.0000   77
 Side 2  free  transition at x/c =  0.0403   24

 225   rms: 0.1317E+06   max: -.7392E+06   C at   83  2   RLX: 0.000
       a = -2.500      CL = -0.1370
      Cm = -0.0548     CD =  1.39475   =>   CDf =  0.00529    CDp =  1.38946

 Side 1 forced transition at x/c =  1.0000   77
 Side 2  free  transition at x/c =  0.0403   24

 226   rms: 0.4218E+05   max: 0.2416E+06   C at   84  2   RLX: 0.000
       a = -2.500      CL = -0.1370
      Cm = -0.0548     CD =  1.39447   =>   CDf =  0.00529    CDp =  1.38917

 Side 1 forced transition at x/c =  1.0000   77
 Side 2  free  transition at x/c =  0.0403   24

 227   rms: 0.7554E+04   max: -.4199E+05   C at   83  2   RLX: 0.000
       a = -2.500      CL = -0.1369
      Cm = -0.0548     CD =  1.39538   =>   CDf =  0.00529    CDp =  1.39009

 Side 1 forced transition at x/c =  1.0000   77
 Side 2  free  transition at x/c =  0.0403   24

 228   rms: 0.7234E+05   max: -.4054E+06   C at   83  2   RLX: 0.000
       a = -2.500      CL = -0.1370
      Cm = -0.0548     CD =  1.39586   =>   CDf =  0.00529    CDp =  1.39056

 Side 1 forced transition at x/c =  1.0000   77
 Side 2  free  transition at x/c =  0.0403   24

 229   rms: 0.3833E+05   max: 0.2189E+06   C at   84  2   RLX: 0.000
       a = -2.500      CL = -0.1369
      Cm = -0.0548     CD =  1.39554   =>   CDf =  0.00529    CDp =  1.39024

 Side 1 forced transition at x/c =  1.0000   77
 Side 2  free  transition at x/c =  0.0403   24

 230   rms: 0.6226E+04   max: -.3457E+05   C at   83  2   RLX: 0.000
       a = -2.500      CL = -0.1369
      Cm = -0.0548     CD =  1.39655   =>   CDf =  0.00529    CDp =  1.39126

 MRCHDU: Convergence failed at  24  side 2    Res =  0.7536E-05
 Side 1 forced transition at x/c =  1.0000   77
 Side 2  free  transition at x/c =  0.0403   24

 231   rms: 0.3395E+05   max: -.1900E+06   C at   83  2   RLX: 0.000
       a = -2.500      CL = -0.1369
      Cm = -0.0548     CD =  1.39707   =>   CDf =  0.00529    CDp =  1.39178

 MRCHDU: Convergence failed at  24  side 2    Res =  0.6917E-05
 Side 1 forced transition at x/c =  1.0000   77
 Side 2  free  transition at x/c =  0.0403   24

 232   rms: 0.4281E+05   max: 0.2438E+06   C at   84  2   RLX: 0.000
       a = -2.500      CL = -0.1369
      Cm = -0.0548     CD =  1.39674   =>   CDf =  0.00529    CDp =  1.39145

 Side 1 forced transition at x/c =  1.0000   77
 Side 2  free  transition at x/c =  0.0403   24

 233   rms: 0.3252E+04   max: -.1808E+05   C at   83  2   RLX: 0.000
       a = -2.500      CL = -0.1369
      Cm = -0.0548     CD =  1.39767   =>   CDf =  0.00529    CDp =  1.39238

 Side 1 forced transition at x/c =  1.0000   77
 Side 2  free  transition at x/c =  0.0403   24

 234   rms: 0.2789E+05   max: -.1559E+06   C at   83  2   RLX: 0.000
       a = -2.500      CL = -0.1369
      Cm = -0.0548     CD =  1.39837   =>   CDf =  0.00529    CDp =  1.39307

 Side 1 forced transition at x/c =  1.0000   77
 Side 2  free  transition at x/c =  0.0403   24

 235   rms: 0.4298E+05   max: 0.2441E+06   C at   84  2   RLX: 0.000
       a = -2.500      CL = -0.1369
      Cm = -0.0548     CD =  1.39800   =>   CDf =  0.00529    CDp =  1.39271

 Side 1 forced transition at x/c =  1.0000   77
 Side 2  free  transition at x/c =  0.0403   24

 236   rms: 0.5066E+04   max: -.2810E+05   C at   83  2   RLX: 0.000
       a = -2.500      CL = -0.1369
      Cm = -0.0548     CD =  1.39927   =>   CDf =  0.00529    CDp =  1.39397

 Side 1 forced transition at x/c =  1.0000   77
 Side 2  free  transition at x/c =  0.0403   24

 237   rms: 0.2479E+05   max: -.1384E+06   C at   83  2   RLX: 0.000
       a = -2.500      CL = -0.1369
      Cm = -0.0548     CD =  1.39993   =>   CDf =  0.00529    CDp =  1.39463

 Side 1 forced transition at x/c =  1.0000   77
 Side 2  free  transition at x/c =  0.0403   24

 238   rms: 0.3382E+05   max: 0.1917E+06   C at   83  2   RLX: 0.000
       a = -2.500      CL = -0.1368
      Cm = -0.0548     CD =  1.39949   =>   CDf =  0.00529    CDp =  1.39420

 Side 1 forced transition at x/c =  1.0000   77
 Side 2  free  transition at x/c =  0.0403   24

 239   rms: 0.3879E+04   max: -.2152E+05   C at   83  2   RLX: 0.000
       a = -2.500      CL = -0.1368
      Cm = -0.0548     CD =  1.40086   =>   CDf =  0.00529    CDp =  1.39557

 Side 1 forced transition at x/c =  1.0000   77
 Side 2  free  transition at x/c =  0.0403   24

 240   rms: 0.1473E+05   max: -.8219E+05   C at   83  2   RLX: 0.000
       a = -2.500      CL = -0.1368
      Cm = -0.0548     CD =  1.40161   =>   CDf =  0.00529    CDp =  1.39632

 Side 1 forced transition at x/c =  1.0000   77
 Side 2  free  transition at x/c =  0.0403   24

 241   rms: 0.7203E+05   max: 0.4076E+06   C at   83  2   RLX: 0.000
       a = -2.500      CL = -0.1368
      Cm = -0.0548     CD =  1.40124   =>   CDf =  0.00529    CDp =  1.39595

 Side 1 forced transition at x/c =  1.0000   77
 Side 2  free  transition at x/c =  0.0403   24

 242   rms: 0.3273E+04   max: -.1818E+05   C at   83  2   RLX: 0.000
       a = -2.500      CL = -0.1368
      Cm = -0.0548     CD =  1.40267   =>   CDf =  0.00529    CDp =  1.39737

 Side 1 forced transition at x/c =  1.0000   77
 Side 2  free  transition at x/c =  0.0403   24

 243   rms: 0.1582E+05   max: -.8824E+05   C at   83  2   RLX: 0.000
       a = -2.500      CL = -0.1368
      Cm = -0.0548     CD =  1.40348   =>   CDf =  0.00529    CDp =  1.39818

 MRCHDU: Convergence failed at  24  side 2    Res =  0.6973E-05
 Side 1 forced transition at x/c =  1.0000   77
 Side 2  free  transition at x/c =  0.0403   24

 244   rms: 0.1045E+06   max: 0.5906E+06   C at   83  2   RLX: 0.000
       a = -2.500      CL = -0.1368
      Cm = -0.0548     CD =  1.40308   =>   CDf =  0.00529    CDp =  1.39779

 Side 1 forced transition at x/c =  1.0000   77
 Side 2  free  transition at x/c =  0.0403   24

 245   rms: 0.3302E+04   max: -.1835E+05   C at   83  2   RLX: 0.000
       a = -2.500      CL = -0.1367
      Cm = -0.0549     CD =  1.40468   =>   CDf =  0.00529    CDp =  1.39938

 Side 1 forced transition at x/c =  1.0000   77
 Side 2  free  transition at x/c =  0.0403   24

 246   rms: 0.1441E+05   max: -.8031E+05   C at   83  2   RLX: 0.000
       a = -2.500      CL = -0.1367
      Cm = -0.0549     CD =  1.40558   =>   CDf =  0.00529    CDp =  1.40028

 Side 1 forced transition at x/c =  1.0000   77
 Side 2  free  transition at x/c =  0.0403   24

 247   rms: 0.1765E+06   max: 0.9958E+06   C at   83  2   RLX: 0.000
       a = -2.500      CL = -0.1367
      Cm = -0.0548     CD =  1.40514   =>   CDf =  0.00529    CDp =  1.39985

 Side 1 forced transition at x/c =  1.0000   77
 Side 2  free  transition at x/c =  0.0403   24

 248   rms: 0.1459E+04   max: -.8094E+04   C at   83  2   RLX: 0.000
       a = -2.500      CL = -0.1367
      Cm = -0.0549     CD =  1.40632   =>   CDf =  0.00529    CDp =  1.40102

 Side 1 forced transition at x/c =  1.0000   77
 Side 2  free  transition at x/c =  0.0403   24

 249   rms: 0.1221E+05   max: -.6801E+05   C at   83  2   RLX: 0.000
       a = -2.500      CL = -0.1367
      Cm = -0.0549     CD =  1.40765   =>   CDf =  0.00529    CDp =  1.40236

 Side 1 forced transition at x/c =  1.0000   77
 Side 2  free  transition at x/c =  0.0403   24

 250   rms: 0.5732E+06   max: 0.3229E+07   C at   83  2   RLX: 0.000
       a = -2.500      CL = -0.1367
      Cm = -0.0549     CD =  1.40718   =>   CDf =  0.00529    CDp =  1.40189

 Side 1 forced transition at x/c =  1.0000   77
 Side 2  free  transition at x/c =  0.0403   24

 251   rms: 0.1918E+04   max: -.1065E+05   C at   83  2   RLX: 0.000
       a = -2.500      CL = -0.1366
      Cm = -0.0549     CD =  1.40881   =>   CDf =  0.00529    CDp =  1.40351

 Side 1 forced transition at x/c =  1.0000   77
 Side 2  free  transition at x/c =  0.0403   24

 252   rms: 0.8961E+04   max: -.4991E+05   C at   83  2   RLX: 0.000
       a = -2.500      CL = -0.1366
      Cm = -0.0549     CD =  1.41000   =>   CDf =  0.00529    CDp =  1.40471

 Side 1 forced transition at x/c =  1.0000   77
 Side 2  free  transition at x/c =  0.0403   24

 253   rms: 0.4341E+06   max: -.2443E+07   C at   83  2   RLX: 0.000
       a = -2.500      CL = -0.1367
      Cm = -0.0549     CD =  1.41037   =>   CDf =  0.00529    CDp =  1.40508

 Side 1 forced transition at x/c =  1.0000   77
 Side 2  free  transition at x/c =  0.0403   24

 254   rms: 0.3766E+05   max: 0.2167E+06   C at   84  2   RLX: 0.000
       a = -2.500      CL = -0.1366
      Cm = -0.0549     CD =  1.41010   =>   CDf =  0.00529    CDp =  1.40481

 Side 1 forced transition at x/c =  1.0000   77
 Side 2  free  transition at x/c =  0.0403   24

 255   rms: 0.7919E+04   max: -.4405E+05   C at   83  2   RLX: 0.000
       a = -2.500      CL = -0.1366
      Cm = -0.0549     CD =  1.41090   =>   CDf =  0.00529    CDp =  1.40560

 Side 1 forced transition at x/c =  1.0000   77
 Side 2  free  transition at x/c =  0.0403   24

 256   rms: 0.1080E+06   max: -.6064E+06   C at   83  2   RLX: 0.000
       a = -2.500      CL = -0.1366
      Cm = -0.0549     CD =  1.41131   =>   CDf =  0.00529    CDp =  1.40602

 Side 1 forced transition at x/c =  1.0000   77
 Side 2  free  transition at x/c =  0.0403   24

 257   rms: 0.3018E+05   max: 0.1730E+06   C at   84  2   RLX: 0.000
       a = -2.500      CL = -0.1366
      Cm = -0.0549     CD =  1.41098   =>   CDf =  0.00529    CDp =  1.40569

 Side 1 forced transition at x/c =  1.0000   77
 Side 2  free  transition at x/c =  0.0403   24

 258   rms: 0.7031E+04   max: -.3909E+05   C at   83  2   RLX: 0.000
       a = -2.500      CL = -0.1366
      Cm = -0.0549     CD =  1.41189   =>   CDf =  0.00529    CDp =  1.40660

 Side 1 forced transition at x/c =  1.0000   77
 Side 2  free  transition at x/c =  0.0403   24

 259   rms: 0.4932E+05   max: -.2766E+06   C at   83  2   RLX: 0.000
       a = -2.500      CL = -0.1366
      Cm = -0.0549     CD =  1.41235   =>   CDf =  0.00529    CDp =  1.40705

 Side 1 forced transition at x/c =  1.0000   77
 Side 2  free  transition at x/c =  0.0403   24

 260   rms: 0.4340E+05   max: 0.2481E+06   C at   84  2   RLX: 0.000
       a = -2.500      CL = -0.1366
      Cm = -0.0549     CD =  1.41203   =>   CDf =  0.00529    CDp =  1.40674

 Side 1 forced transition at x/c =  1.0000   77
 Side 2  free  transition at x/c =  0.0403   24

 261   rms: 0.4981E+04   max: -.2767E+05   C at   83  2   RLX: 0.000
       a = -2.500      CL = -0.1366
      Cm = -0.0549     CD =  1.41297   =>   CDf =  0.00529    CDp =  1.40767

 Side 1 forced transition at x/c =  1.0000   77
 Side 2  free  transition at x/c =  0.0403   24

 262   rms: 0.3533E+05   max: -.1979E+06   C at   83  2   RLX: 0.000
       a = -2.500      CL = -0.1366
      Cm = -0.0549     CD =  1.41351   =>   CDf =  0.00529    CDp =  1.40821

 Side 1 forced transition at x/c =  1.0000   77
 Side 2  free  transition at x/c =  0.0403   24

 263   rms: 0.3943E+05   max: 0.2247E+06   C at   84  2   RLX: 0.000
       a = -2.500      CL = -0.1366
      Cm = -0.0549     CD =  1.41316   =>   CDf =  0.00529    CDp =  1.40786

 Side 1 forced transition at x/c =  1.0000   77
 Side 2  free  transition at x/c =  0.0403   24

 264   rms: 0.4859E+04   max: -.2699E+05   C at   83  2   RLX: 0.000
       a = -2.500      CL = -0.1365
      Cm = -0.0549     CD =  1.41425   =>   CDf =  0.00529    CDp =  1.40896

 Side 1 forced transition at x/c =  1.0000   77
 Side 2  free  transition at x/c =  0.0403   24

 265   rms: 0.2219E+05   max: -.1241E+06   C at   83  2   RLX: 0.000
       a = -2.500      CL = -0.1366
      Cm = -0.0549     CD =  1.41482   =>   CDf =  0.00529    CDp =  1.40953

 Side 1 forced transition at x/c =  1.0000   77
 Side 2  free  transition at x/c =  0.0403   24

 266   rms: 0.5957E+05   max: 0.3386E+06   C at   84  2   RLX: 0.000
       a = -2.500      CL = -0.1365
      Cm = -0.0549     CD =  1.41449   =>   CDf =  0.00529    CDp =  1.40919

 Side 1 forced transition at x/c =  1.0000   77
 Side 2  free  transition at x/c =  0.0403   24

 267   rms: 0.3436E+04   max: -.1911E+05   C at   83  2   RLX: 0.000
       a = -2.500      CL = -0.1365
      Cm = -0.0549     CD =  1.41560   =>   CDf =  0.00529    CDp =  1.41030

 Side 1 forced transition at x/c =  1.0000   77
 Side 2  free  transition at x/c =  0.0403   24

 268   rms: 0.1800E+05   max: -.1006E+06   C at   83  2   RLX: 0.000
       a = -2.500      CL = -0.1365
      Cm = -0.0549     CD =  1.41633   =>   CDf =  0.00530    CDp =  1.41104

 Side 1 forced transition at x/c =  1.0000   77
 Side 2  free  transition at x/c =  0.0403   24

 269   rms: 0.7545E+05   max: 0.4280E+06   C at   83  2   RLX: 0.000
       a = -2.500      CL = -0.1365
      Cm = -0.0549     CD =  1.41598   =>   CDf =  0.00530    CDp =  1.41068

 Side 1 forced transition at x/c =  1.0000   77
 Side 2  free  transition at x/c =  0.0403   24

 270   rms: 0.2441E+04   max: -.1355E+05   C at   83  2   RLX: 0.000
       a = -2.500      CL = -0.1365
      Cm = -0.0549     CD =  1.41705   =>   CDf =  0.00530    CDp =  1.41176

 Side 1 forced transition at x/c =  1.0000   77
 Side 2  free  transition at x/c =  0.0403   24

 271   rms: 0.1442E+05   max: -.8045E+05   C at   83  2   RLX: 0.000
       a = -2.500      CL = -0.1365
      Cm = -0.0549     CD =  1.41793   =>   CDf =  0.00530    CDp =  1.41263

 MRCHDU: Convergence failed at  83  side 2    Res =  0.6233E-05
 Side 1 forced transition at x/c =  1.0000   77
 Side 2  free  transition at x/c =  0.0403   24

 272   rms: 0.1035E+06   max: 0.5863E+06   C at   83  2   RLX: 0.000
       a = -2.500      CL = -0.1365
      Cm = -0.0549     CD =  1.41756   =>   CDf =  0.00530    CDp =  1.41227

 MRCHDU: Convergence failed at  24  side 2    Res =  0.7201E-05
 Side 1 forced transition at x/c =  1.0000   77
 Side 2  free  transition at x/c =  0.0403   24

 273   rms: 0.2437E+04   max: -.1353E+05   C at   83  2   RLX: 0.000
       a = -2.500      CL = -0.1365
      Cm = -0.0549     CD =  1.41882   =>   CDf =  0.00530    CDp =  1.41352

 Side 1 forced transition at x/c =  1.0000   77
 Side 2  free  transition at x/c =  0.0403   24

 274   rms: 0.1303E+05   max: -.7265E+05   C at   83  2   RLX: 0.000
       a = -2.500      CL = -0.1365
      Cm = -0.0549     CD =  1.41973   =>   CDf =  0.00530    CDp =  1.41443

 Side 1 forced transition at x/c =  1.0000   77
 Side 2  free  transition at x/c =  0.0403   24

 275   rms: 0.9951E+05   max: 0.5625E+06   C at   83  2   RLX: 0.000
       a = -2.500      CL = -0.1364
      Cm = -0.0549     CD =  1.41933   =>   CDf =  0.00530    CDp =  1.41404

 Side 1 forced transition at x/c =  1.0000   77
 Side 2  free  transition at x/c =  0.0403   24

 276   rms: 0.2495E+04   max: -.1384E+05   C at   83  2   RLX: 0.000
       a = -2.500      CL = -0.1364
      Cm = -0.0549     CD =  1.42080   =>   CDf =  0.00530    CDp =  1.41550

 Side 1 forced transition at x/c =  1.0000   77
 Side 2  free  transition at x/c =  0.0403   24

 277   rms: 0.1372E+05   max: -.7641E+05   C at   83  2   RLX: 0.000
       a = -2.500      CL = -0.1364
      Cm = -0.0549     CD =  1.42182   =>   CDf =  0.00530    CDp =  1.41653

 Side 1 forced transition at x/c =  1.0000   77
 Side 2  free  transition at x/c =  0.0403   24

 278   rms: 0.1696E+06   max: 0.9573E+06   C at   83  2   RLX: 0.000
       a = -2.500      CL = -0.1364
      Cm = -0.0549     CD =  1.42138   =>   CDf =  0.00530    CDp =  1.41608

 Side 1 forced transition at x/c =  1.0000   77
 Side 2  free  transition at x/c =  0.0403   24

 279   rms: 0.2624E+04   max: -.1458E+05   C at   83  2   RLX: 0.000
       a = -2.500      CL = -0.1364
      Cm = -0.0550     CD =  1.42305   =>   CDf =  0.00530    CDp =  1.41775

 Side 1 forced transition at x/c =  1.0000   77
 Side 2  free  transition at x/c =  0.0403   24

 280   rms: 0.1145E+05   max: -.6376E+05   C at   83  2   RLX: 0.000
       a = -2.500      CL = -0.1364
      Cm = -0.0550     CD =  1.42406   =>   CDf =  0.00530    CDp =  1.41876

 Side 1 forced transition at x/c =  1.0000   77
 Side 2  free  transition at x/c =  0.0403   24

 281   rms: 0.9771E+06   max: 0.5507E+07   C at   83  2   RLX: 0.000
       a = -2.500      CL = -0.1363
      Cm = -0.0550     CD =  1.42362   =>   CDf =  0.00530    CDp =  1.41832

 Side 1 forced transition at x/c =  1.0000   77
 Side 2  free  transition at x/c =  0.0403   24

 282   rms: 0.1371E+04   max: -.7627E+04   C at   83  2   RLX: 0.000
       a = -2.500      CL = -0.1363
      Cm = -0.0550     CD =  1.42491   =>   CDf =  0.00530    CDp =  1.41961

 Side 1 forced transition at x/c =  1.0000   77
 Side 2  free  transition at x/c =  0.0403   24

 283   rms: 0.1099E+05   max: -.6118E+05   C at   83  2   RLX: 0.000
       a = -2.500      CL = -0.1363
      Cm = -0.0550     CD =  1.42638   =>   CDf =  0.00530    CDp =  1.42109

 Side 1 forced transition at x/c =  1.0000   77
 Side 2  free  transition at x/c =  0.0403   24

 284   rms: 0.3773E+06   max: -.2124E+07   C at   83  2   RLX: 0.000
       a = -2.500      CL = -0.1363
      Cm = -0.0550     CD =  1.42673   =>   CDf =  0.00530    CDp =  1.42143

 Side 1 forced transition at x/c =  1.0000   77
 Side 2  free  transition at x/c =  0.0403   24

 285   rms: 0.2834E+05   max: 0.1631E+06   C at   84  2   RLX: 0.000
       a = -2.500      CL = -0.1363
      Cm = -0.0550     CD =  1.42642   =>   CDf =  0.00530    CDp =  1.42113

 Side 1 forced transition at x/c =  1.0000   77
 Side 2  free  transition at x/c =  0.0403   24

 286   rms: 0.8071E+04   max: -.4492E+05   C at   83  2   RLX: 0.000
       a = -2.500      CL = -0.1363
      Cm = -0.0550     CD =  1.42725   =>   CDf =  0.00530    CDp =  1.42196

 Side 1 forced transition at x/c =  1.0000   77
 Side 2  free  transition at x/c =  0.0403   24

 287   rms: 0.1055E+06   max: -.5926E+06   C at   83  2   RLX: 0.000
       a = -2.500      CL = -0.1363
      Cm = -0.0550     CD =  1.42768   =>   CDf =  0.00530    CDp =  1.42239

 Side 1 forced transition at x/c =  1.0000   77
 Side 2  free  transition at x/c =  0.0403   24

 288   rms: 0.3598E+05   max: 0.2064E+06   C at   84  2   RLX: 0.000
       a = -2.500      CL = -0.1363
      Cm = -0.0550     CD =  1.42738   =>   CDf =  0.00530    CDp =  1.42208

 Side 1 forced transition at x/c =  1.0000   77
 Side 2  free  transition at x/c =  0.0403   24

 289   rms: 0.5083E+04   max: -.2828E+05   C at   83  2   RLX: 0.000
       a = -2.500      CL = -0.1363
      Cm = -0.0550     CD =  1.42820   =>   CDf =  0.00530    CDp =  1.42290

 Side 1 forced transition at x/c =  1.0000   77
 Side 2  free  transition at x/c =  0.0403   24

 290   rms: 0.4320E+05   max: -.2423E+06   C at   83  2   RLX: 0.000
       a = -2.500      CL = -0.1363
      Cm = -0.0550     CD =  1.42875   =>   CDf =  0.00530    CDp =  1.42346

 Side 1 forced transition at x/c =  1.0000   77
 Side 2  free  transition at x/c =  0.0403   24

 291   rms: 0.5362E+05   max: 0.3066E+06   C at   84  2   RLX: 0.000
       a = -2.500      CL = -0.1363
      Cm = -0.0550     CD =  1.42845   =>   CDf =  0.00530    CDp =  1.42316

 Side 1 forced transition at x/c =  1.0000   77
 Side 2  free  transition at x/c =  0.0403   24

 292   rms: 0.3626E+04   max: -.2013E+05   C at   83  2   RLX: 0.000
       a = -2.500      CL = -0.1363
      Cm = -0.0550     CD =  1.42928   =>   CDf =  0.00530    CDp =  1.42398

 Side 1 forced transition at x/c =  1.0000   77
 Side 2  free  transition at x/c =  0.0403   24

 293   rms: 0.2627E+05   max: -.1472E+06   C at   83  2   RLX: 0.000
       a = -2.500      CL = -0.1363
      Cm = -0.0550     CD =  1.42991   =>   CDf =  0.00530    CDp =  1.42461

 Side 1 forced transition at x/c =  1.0000   77
 Side 2  free  transition at x/c =  0.0403   24

 294   rms: 0.5282E+05   max: 0.3012E+06   C at   84  2   RLX: 0.000
       a = -2.500      CL = -0.1363
      Cm = -0.0550     CD =  1.42960   =>   CDf =  0.00530    CDp =  1.42430

 Side 1 forced transition at x/c =  1.0000   77
 Side 2  free  transition at x/c =  0.0403   24

 295   rms: 0.4212E+04   max: -.2339E+05   C at   83  2   RLX: 0.000
       a = -2.500      CL = -0.1363
      Cm = -0.0550     CD =  1.43064   =>   CDf =  0.00530    CDp =  1.42534

 Side 1 forced transition at x/c =  1.0000   77
 Side 2  free  transition at x/c =  0.0403   24

 296   rms: 0.2398E+05   max: -.1342E+06   C at   83  2   RLX: 0.000
       a = -2.500      CL = -0.1363
      Cm = -0.0550     CD =  1.43131   =>   CDf =  0.00530    CDp =  1.42601

 Side 1 forced transition at x/c =  1.0000   77
 Side 2  free  transition at x/c =  0.0403   24

 297   rms: 0.6408E+05   max: 0.3645E+06   C at   84  2   RLX: 0.000
       a = -2.500      CL = -0.1362
      Cm = -0.0550     CD =  1.43097   =>   CDf =  0.00530    CDp =  1.42568

 Side 1 forced transition at x/c =  1.0000   77
 Side 2  free  transition at x/c =  0.0403   24

 298   rms: 0.4056E+04   max: -.2252E+05   C at   83  2   RLX: 0.000
       a = -2.500      CL = -0.1362
      Cm = -0.0550     CD =  1.43216   =>   CDf =  0.00530    CDp =  1.42687

 Side 1 forced transition at x/c =  1.0000   77
 Side 2  free  transition at x/c =  0.0403   24

 299   rms: 0.2227E+05   max: -.1244E+06   C at   83  2   RLX: 0.000
       a = -2.500      CL = -0.1362
      Cm = -0.0550     CD =  1.43288   =>   CDf =  0.00530    CDp =  1.42758

 Side 1 forced transition at x/c =  1.0000   77
 Side 2  free  transition at x/c =  0.0403   24

 300   rms: 0.7308E+05   max: 0.4147E+06   C at   83  2   RLX: 0.000
       a = -2.500      CL = -0.1362
      Cm = -0.0550     CD =  1.43252   =>   CDf =  0.00530    CDp =  1.42722

 Side 1 forced transition at x/c =  1.0000   77
 Side 2  free  transition at x/c =  0.0403   24

 301   rms: 0.3239E+04   max: -.1796E+05   C at   83  2   RLX: 0.000
       a = -2.500      CL = -0.1362
      Cm = -0.0550     CD =  1.43377   =>   CDf =  0.00530    CDp =  1.42848

 Side 1 forced transition at x/c =  1.0000   77
 Side 2  free  transition at x/c =  0.0403   24

 302   rms: 0.1339E+05   max: -.7477E+05   C at   83  2   RLX: 0.000
       a = -2.500      CL = -0.1362
      Cm = -0.0550     CD =  1.43456   =>   CDf =  0.00530    CDp =  1.42926

 Side 1 forced transition at x/c =  1.0000   77
 Side 2  free  transition at x/c =  0.0403   24

 303   rms: 0.9064E+05   max: 0.5134E+06   C at   83  2   RLX: 0.000
       a = -2.500      CL = -0.1362
      Cm = -0.0550     CD =  1.43418   =>   CDf =  0.00530    CDp =  1.42889

 MRCHDU: Convergence failed at  24  side 2    Res =  0.7135E-05
 Side 1 forced transition at x/c =  1.0000   77
 Side 2  free  transition at x/c =  0.0403   24

 304   rms: 0.3238E+04   max: -.1797E+05   C at   83  2   RLX: 0.000
       a = -2.500      CL = -0.1361
      Cm = -0.0550     CD =  1.43563   =>   CDf =  0.00530    CDp =  1.43033

 Side 1 forced transition at x/c =  1.0000   77
 Side 2  free  transition at x/c =  0.0403   24

 305   rms: 0.1577E+05   max: -.8793E+05   C at   83  2   RLX: 0.000
       a = -2.500      CL = -0.1361
      Cm = -0.0550     CD =  1.43653   =>   CDf =  0.00530    CDp =  1.43124
 VISCAL:  Convergence failed

 Sequence halted since previous  4 points did not converge
 Last-converged  alpha =   0.000    CL =   0.00000

.OPERva   c>   Calculating wake trajectory ...
 Calculating source influence matrix ...

 Solving BL system ...

 Side 1 forced transition at x/c =  1.0000   77
 Side 2  free  transition at x/c =  0.0403   24

   1   rms: 0.3504E+07   max: -.1981E+08   C at   83  2   RLX: 0.000
       a = 10.000      CL = -0.1734
      Cm = -0.0550     CD =  1.43682   =>   CDf =  0.00531    CDp =  1.43151

 Side 1 forced transition at x/c =  1.0000   77
 Side 2  free  transition at x/c =  0.0403   24

   2   rms: 0.9762E+04   max: -.5683E+05   C at   84  2   RLX: 0.000
       a = 10.000      CL = -0.1735
      Cm = -0.0550     CD =  1.43673   =>   CDf =  0.00531    CDp =  1.43142

 MRCHDU: Convergence failed at  24  side 2    Res =  0.7209E-05
 Side 1 forced transition at x/c =  1.0000   77
 Side 2  free  transition at x/c =  0.0403   24

   3   rms: 0.9849E+04   max: -.6006E+05   C at   84  2   RLX: 0.000
       a = 10.000      CL = -0.1735
      Cm = -0.0550     CD =  1.43668   =>   CDf =  0.00531    CDp =  1.43137

 Side 1 forced transition at x/c =  1.0000   77
 Side 2  free  transition at x/c =  0.0403   24

   4   rms: 0.2542E+04   max: -.1705E+05   C at   85  2   RLX: 0.000
       a = 10.000      CL = -0.1735
      Cm = -0.0550     CD =  1.43625   =>   CDf =  0.00531    CDp =  1.43094

 Side 1 forced transition at x/c =  1.0000   77
 Side 2  free  transition at x/c =  0.0403   24

   5   rms: 0.1638E+05   max: -.1190E+06   C at   85  2   RLX: 0.000
       a = 10.000      CL = -0.1735
      Cm = -0.0550     CD =  1.43644   =>   CDf =  0.00531    CDp =  1.43113

 Side 1 forced transition at x/c =  1.0000   77
 Side 2  free  transition at x/c =  0.0403   24

   6   rms: 0.6570E+04   max: -.5575E+05   C at   84  2   RLX: 0.000
       a = 10.000      CL = -0.1735
      Cm = -0.0550     CD =  1.43631   =>   CDf =  0.00531    CDp =  1.43100

 Side 1 forced transition at x/c =  1.0000   77
 Side 2  free  transition at x/c =  0.0403   24

   7   rms: 0.1353E+05   max: -.1347E+06   C at   85  2   RLX: 0.000
       a = 10.000      CL = -0.1735
      Cm = -0.0550     CD =  1.43632   =>   CDf =  0.00531    CDp =  1.43101

 Side 1 forced transition at x/c =  1.0000   77
 Side 2  free  transition at x/c =  0.0403   24

   8   rms: 0.3107E+04   max: -.3830E+05   C at   85  2   RLX: 0.000
       a = 10.000      CL = -0.1735
      Cm = -0.0550     CD =  1.43612   =>   CDf =  0.00531    CDp =  1.43081

 Side 1 forced transition at x/c =  1.0000   77
 Side 2  free  transition at x/c =  0.0403   24

   9   rms: 0.1068E+05   max: -.1448E+06   C at   85  2   RLX: 0.000
       a = 10.000      CL = -0.1735
      Cm = -0.0550     CD =  1.43618   =>   CDf =  0.00531    CDp =  1.43088

 Side 1 forced transition at x/c =  1.0000   77
 Side 2  free  transition at x/c =  0.0403   24

  10   rms: 0.1241E+05   max: -.1823E+06   C at   85  2   RLX: 0.000
       a = 10.000      CL = -0.1735
      Cm = -0.0550     CD =  1.43615   =>   CDf =  0.00531    CDp =  1.43084

 Side 1 forced transition at x/c =  1.0000   77
 Side 2  free  transition at x/c =  0.0403   24

  11   rms: 0.1474E+05   max: -.2253E+06   C at   85  2   RLX: 0.000
       a = 10.000      CL = -0.1735
      Cm = -0.0550     CD =  1.43613   =>   CDf =  0.00531    CDp =  1.43082

 Side 1 forced transition at x/c =  1.0000   77
 Side 2  free  transition at x/c =  0.0403   24

  12   rms: 0.2491E+04   max: 0.3728E+05   C at   85  2   RLX: 0.000
       a = 10.000      CL = -0.1736
      Cm = -0.0550     CD =  1.43547   =>   CDf =  0.00531    CDp =  1.43016

 Side 1 forced transition at x/c =  1.0000   77
 Side 2  free  transition at x/c =  0.0403   24

  13   rms: 0.1030E+05   max: -.1465E+06   C at   85  2   RLX: 0.000
       a = 10.000      CL = -0.1736
      Cm = -0.0550     CD =  1.43576   =>   CDf =  0.00531    CDp =  1.43045

 Side 1 forced transition at x/c =  1.0000   77
 Side 2  free  transition at x/c =  0.0403   24

  14   rms: 0.9217E+04   max: -.1391E+06   C at   84  2   RLX: 0.000
       a = 10.000      CL = -0.1736
      Cm = -0.0550     CD =  1.43572   =>   CDf =  0.00531    CDp =  1.43041

 Side 1 forced transition at x/c =  1.0000   77
 Side 2  free  transition at x/c =  0.0403   24

  15   rms: 0.1244E+05   max: -.1922E+06   C at   84  2   RLX: 0.000
       a = 10.000      CL = -0.1736
      Cm = -0.0550     CD =  1.43570   =>   CDf =  0.00531    CDp =  1.43039

 Side 1 forced transition at x/c =  1.0000   77
 Side 2  free  transition at x/c =  0.0403   24

  16   rms: 0.1386E+05   max: -.2162E+06   C at   84  2   RLX: 0.000
       a = 10.000      CL = -0.1736
      Cm = -0.0550     CD =  1.43568   =>   CDf =  0.00531    CDp =  1.43037

 Side 1 forced transition at x/c =  1.0000   77
 Side 2  free  transition at x/c =  0.0403   24

  17   rms: 0.1170E+05   max: -.1831E+06   C at   85  2   RLX: 0.000
       a = 10.000      CL = -0.1736
      Cm = -0.0550     CD =  1.43564   =>   CDf =  0.00531    CDp =  1.43033

 MRCHDU: Convergence failed at  83  side 2    Res =  0.3995E-04
 Side 1 forced transition at x/c =  1.0000   77
 Side 2  free  transition at x/c =  0.0403   24

  18   rms: 0.8326E+04   max: -.1304E+06   C at   84  2   RLX: 0.000
       a = 10.000      CL = -0.1736
      Cm = -0.0550     CD =  1.43559   =>   CDf =  0.00531    CDp =  1.43028

 Side 1 forced transition at x/c =  1.0000   77
 Side 2  free  transition at x/c =  0.0403   24

  19   rms: 0.1983E+05   max: -.3107E+06   C at   84  2   RLX: 0.000
       a = 10.000      CL = -0.1736
      Cm = -0.0550     CD =  1.43560   =>   CDf =  0.00531    CDp =  1.43029

 MRCHDU: Convergence failed at  83  side 2    Res =  0.4263E-04
 Side 1 forced transition at x/c =  1.0000   77
 Side 2  free  transition at x/c =  0.0403   24

  20   rms: 0.2075E+05   max: -.3250E+06   C at   84  2   RLX: 0.000
       a = 10.000      CL = -0.1736
      Cm = -0.0550     CD =  1.43558   =>   CDf =  0.00531    CDp =  1.43027

 MRCHDU: Convergence failed at  24  side 2    Res =  0.7084E-05
 Side 1 forced transition at x/c =  1.0000   77
 Side 2  free  transition at x/c =  0.0403   24

  21   rms: 0.6215E+04   max: -.9722E+05   C at   84  2   RLX: 0.000
       a = 10.000      CL = -0.1736
      Cm = -0.0550     CD =  1.43551   =>   CDf =  0.00531    CDp =  1.43020

 Side 1 forced transition at x/c =  1.0000   77
 Side 2  free  transition at x/c =  0.0403   24

  22   rms: 0.6619E+04   max: -.1036E+06   C at   84  2   RLX: 0.000
       a = 10.000      CL = -0.1736
      Cm = -0.0550     CD =  1.43546   =>   CDf =  0.00531    CDp =  1.43015

 MRCHDU: Convergence failed at  83  side 2    Res =  0.2638E-01
 Side 1 forced transition at x/c =  1.0000   77
 Side 2  free  transition at x/c =  0.0403   24

  23   rms: 0.3896E+04   max: 0.6074E+05   C at   85  2   RLX: 0.000
       a = 10.000      CL = -0.1736
      Cm = -0.0550     CD =  1.43508   =>   CDf =  0.00531    CDp =  1.42977

 MRCHDU: Convergence failed at  83  side 2    Res =  0.4376E-04
 Side 1 forced transition at x/c =  1.0000   77
 Side 2  free  transition at x/c =  0.0403   24

  24   rms: 0.3910E+05   max: -.6128E+06   C at   85  2   RLX: 0.000
       a = 10.000      CL = -0.1736
      Cm = -0.0550     CD =  1.43528   =>   CDf =  0.00531    CDp =  1.42997

 Side 1 forced transition at x/c =  1.0000   77
 Side 2  free  transition at x/c =  0.0403   24

  25   rms: 0.1901E+05   max: -.2978E+06   C at   84  2   RLX: 0.000
       a = 10.000      CL = -0.1736
      Cm = -0.0550     CD =  1.43526   =>   CDf =  0.00531    CDp =  1.42995

 Side 1 forced transition at x/c =  1.0000   77
 Side 2  free  transition at x/c =  0.0403   24

  26   rms: 0.1299E+05   max: -.2034E+06   C at   84  2   RLX: 0.000
       a = 10.000      CL = -0.1736
      Cm = -0.0550     CD =  1.43524   =>   CDf =  0.00531    CDp =  1.42993

 MRCHDU: Convergence failed at  83  side 2    Res =  0.4596E-01
 Side 1 forced transition at x/c =  1.0000   77
 Side 2  free  transition at x/c =  0.0403   24

  27   rms: 0.8649E+04   max: -.1354E+06   C at   84  2   RLX: 0.000
       a = 10.000      CL = -0.1736
      Cm = -0.0550     CD =  1.43519   =>   CDf =  0.00531    CDp =  1.42988

 MRCHDU: Convergence failed at  83  side 2    Res =  0.9742E-01
 Side 1 forced transition at x/c =  1.0000   77
 Side 2  free  transition at x/c =  0.0403   24

  28   rms: 0.3394E+05   max: -.5319E+06   C at   84  2   RLX: 0.000
       a = 10.000      CL = -0.1736
      Cm = -0.0550     CD =  1.43521   =>   CDf =  0.00531    CDp =  1.42990

 MRCHDU: Convergence failed at  83  side 2    Res =  0.1492E+00
 Side 1 forced transition at x/c =  1.0000   77
 Side 2  free  transition at x/c =  0.0403   24

  29   rms: 0.3225E+01   max: -.5943E+02   C at   34  2   RLX: 0.008
       a = 10.000      CL = -0.1810
      Cm = -0.0527     CD =  1.50327   =>   CDf =  0.00531    CDp =  1.49796

 Side 1 forced transition at x/c =  1.0000   77
 Side 2  free  transition at x/c =  0.0404   24

  30   rms: 0.6055E+01   max: -.1496E+03   C at   34  2   RLX: 0.003
       a = 10.000      CL = -0.1863
      Cm = -0.0512     CD =  1.56755   =>   CDf =  0.00531    CDp =  1.56223

 Side 1 forced transition at x/c =  1.0000   77
 Side 2  free  transition at x/c =  0.0404   24

  31   rms: 0.3304E+01   max: -.4479E+02   T at   26  2   RLX: 0.011
       a = 10.000      CL = -0.1762
      Cm = -0.0524     CD =  1.49211   =>   CDf =  0.00532    CDp =  1.48679

 MRCHDU: Convergence failed at  28  side 2    Res =  0.1143E-02
 MRCHDU: Convergence failed at  29  side 2    Res =  0.1483E-01
 MRCHDU: Convergence failed at  30  side 2    Res =  0.2457E-02
 MRCHDU: Convergence failed at  31  side 2    Res =  0.8469E-03
 MRCHDU: Convergence failed at  32  side 2    Res =  0.4126E-03
 MRCHDU: Convergence failed at  33  side 2    Res =  0.3538E-03
 MRCHDU: Convergence failed at  34  side 2    Res =  0.3080E+00
 Side 1 forced transition at x/c =  1.0000   77
 Side 2  free  transition at x/c =  0.0407   24

  32   rms: 0.3185E+01   max: -.2349E+02   T at   85  2   RLX: 0.021
       a = 10.000      CL = -0.2413
      Cm = -0.0347     CD =  1.52030   =>   CDf =  0.00533    CDp =  1.51498

 MRCHDU: Convergence failed at  28  side 2    Res =  0.2076E-01
 MRCHDU: Convergence failed at  29  side 2    Res =  0.1203E-01
 MRCHDU: Convergence failed at  30  side 2    Res =  0.1994E-02
 MRCHDU: Convergence failed at  31  side 2    Res =  0.6541E-03
 MRCHDU: Convergence failed at  32  side 2    Res =  0.3002E-03
 MRCHDU: Convergence failed at  33  side 2    Res =  0.2521E-03
 Side 1 forced transition at x/c =  1.0000   77
 Side 2  free  transition at x/c =  0.0405   24

  33   rms: 0.3487E+01   max: 0.3296E+02   C at   34  2   RLX: 0.032
       a = 10.000      CL = -0.2924
      Cm = -0.0227     CD =  1.68604   =>   CDf =  0.00538    CDp =  1.68066

 MRCHDU: Convergence failed at  28  side 2    Res =  0.8530E-01
 MRCHDU: Convergence failed at  29  side 2    Res =  0.9409E-02
 MRCHDU: Convergence failed at  30  side 2    Res =  0.1793E-02
 MRCHDU: Convergence failed at  31  side 2    Res =  0.5967E-03
 MRCHDU: Convergence failed at  32  side 2    Res =  0.2804E-03
 MRCHDU: Convergence failed at  33  side 2    Res =  0.2481E-03
 MRCHDU: Convergence failed at 101  side 2    Res =  0.9041E+00
 MRCHDU: Convergence failed at 102  side 2    Res =  0.1757E+01
 MRCHDU: Convergence failed at 103  side 2    Res =  0.1631E+01
 MRCHDU: Convergence failed at 104  side 2    Res =  0.7692E+01
 MRCHDU: Convergence failed at 105  side 2    Res =  0.9782E+00
 Side 1 forced transition at x/c =  1.0000   77
 Side 2  free  transition at x/c =  0.0403   24

  34   rms: 0.6894E+01   max: -.9769E+02   C at   82  2   RLX: 0.005
       a = 10.000      CL = -0.2922
      Cm = -0.0238     CD =  2.67175   =>   CDf =  0.00545    CDp =  2.66630

 Side 1 forced transition at x/c =  1.0000   77
 Side 2  free  transition at x/c =  0.0403   24

  35   rms: 0.4036E+01   max: -.5619E+02   T at   26  2   RLX: 0.009
       a = 10.000      CL = -0.2688
      Cm = -0.0306     CD =  1.62552   =>   CDf =  0.00545    CDp =  1.62007

 MRCHDU: Convergence failed at  26  side 2    Res =  0.4994E-02
 MRCHDU: Convergence failed at  27  side 2    Res =  0.1493E+00
 MRCHDU: Convergence failed at  28  side 2    Res =  0.5912E-01
 MRCHDU: Convergence failed at  29  side 2    Res =  0.7237E-02
 MRCHDU: Convergence failed at  30  side 2    Res =  0.1548E-02
 MRCHDU: Convergence failed at  31  side 2    Res =  0.5427E-03
 MRCHDU: Convergence failed at  32  side 2    Res =  0.2557E-03
 MRCHDU: Convergence failed at  33  side 2    Res =  0.2295E-03
 Side 1 forced transition at x/c =  1.0000   77
 Side 2  free  transition at x/c =  0.0407   24

  36   rms: 0.4160E+04   max: 0.5881E+05   T at   32  2   RLX: 0.000
       a = 10.000      CL = -0.2948
      Cm = -0.0212     CD =  3.34139   =>   CDf =  0.00546    CDp =  3.33593

 MRCHDU: Convergence failed at  26  side 2    Res =  0.5091E-02
 MRCHDU: Convergence failed at  27  side 2    Res =  0.5651E-01
 MRCHDU: Convergence failed at  28  side 2    Res =  0.2616E-01
 MRCHDU: Convergence failed at  29  side 2    Res =  0.1335E-01
 MRCHDU: Convergence failed at  30  side 2    Res =  0.3279E-02
 MRCHDU: Convergence failed at  31  side 2    Res =  0.1428E-02
 MRCHDU: Convergence failed at  32  side 2    Res =  0.8425E-03
 MRCHDU: Convergence failed at  33  side 2    Res =  0.8624E-03
 Side 1 forced transition at x/c =  1.0000   77
 Side 2  free  transition at x/c =  0.0407   24

  37   rms: 0.3552E+01   max: -.5722E+02   C at   82  2   RLX: 0.009
       a = 10.000      CL = -0.3007
      Cm = -0.0205     CD =  2.21954   =>   CDf =  0.00547    CDp =  2.21407

 MRCHDU: Convergence failed at  26  side 2    Res =  0.4624E-02
 MRCHDU: Convergence failed at  27  side 2    Res =  0.5757E-01
 MRCHDU: Convergence failed at  28  side 2    Res =  0.2639E-01
 MRCHDU: Convergence failed at  29  side 2    Res =  0.1320E-01
 MRCHDU: Convergence failed at  30  side 2    Res =  0.3184E-02
 MRCHDU: Convergence failed at  31  side 2    Res =  0.1376E-02
 MRCHDU: Convergence failed at  32  side 2    Res =  0.7787E-03
 MRCHDU: Convergence failed at  33  side 2    Res =  0.7612E-03
 MRCHDU: Convergence failed at  83  side 2    Res =  0.2730E-01
 Side 1 forced transition at x/c =  1.0000   77
 Side 2  free  transition at x/c =  0.0407   24

  38   rms: 0.2044E+01   max: 0.2244E+02   C at   83  2   RLX: 0.024
       a = 10.000      CL = -0.3269
      Cm = -0.0132     CD =  1.97089   =>   CDf =  0.00548    CDp =  1.96541

 MRCHDU: Convergence failed at  26  side 2    Res =  0.3457E-02
 MRCHDU: Convergence failed at  27  side 2    Res =  0.5992E-01
 MRCHDU: Convergence failed at  28  side 2    Res =  0.2592E-01
 MRCHDU: Convergence failed at  29  side 2    Res =  0.1086E-01
 MRCHDU: Convergence failed at  30  side 2    Res =  0.2056E-02
 MRCHDU: Convergence failed at  31  side 2    Res =  0.8153E-03
 MRCHDU: Convergence failed at  32  side 2    Res =  0.3736E-03
 MRCHDU: Convergence failed at  33  side 2    Res =  0.3027E-03
 MRCHDU: Convergence failed at  83  side 2    Res =  0.4545E+00
 Side 1 forced transition at x/c =  1.0000   77
 Side 2  free  transition at x/c =  0.0408   24

  39   rms: 0.8858E+01   max: -.1180E+03   T at   32  2   RLX: 0.004
       a = 10.000      CL = -0.3334
      Cm = -0.0109     CD =  2.74940   =>   CDf =  0.00548    CDp =  2.74391

 MRCHDU: Convergence failed at  26  side 2    Res =  0.3292E-02
 MRCHDU: Convergence failed at  27  side 2    Res =  0.5943E-01
 MRCHDU: Convergence failed at  28  side 2    Res =  0.2374E-01
 MRCHDU: Convergence failed at  29  side 2    Res =  0.6905E-02
 MRCHDU: Convergence failed at  30  side 2    Res =  0.1107E-02
 MRCHDU: Convergence failed at  31  side 2    Res =  0.3829E-03
 MRCHDU: Convergence failed at  32  side 2    Res =  0.1490E-03
 MRCHDU: Convergence failed at  33  side 2    Res =  0.1170E-03
 MRCHDU: Convergence failed at  80  side 2    Res =  0.3134E-01
 MRCHDU: Convergence failed at  81  side 2    Res =  0.4447E-02
 MRCHDU: Convergence failed at  82  side 2    Res =  0.4504E-02
 MRCHDU: Convergence failed at  83  side 2    Res =  0.3146E-01
 MRCHDU: Convergence failed at  85  side 2    Res =  0.2184E-01
 Side 1 forced transition at x/c =  1.0000   77
 Side 2  free  transition at x/c =  0.0408   24

  40   rms: 0.1214E+02   max: 0.1333E+03   T at   29  2   RLX: 0.011
       a = 10.000      CL = -0.3432
      Cm = -0.0093     CD =  5.18174   =>   CDf =  0.00549    CDp =  5.17625

 MRCHDU: Convergence failed at  26  side 2    Res =  0.2513E-02
 MRCHDU: Convergence failed at  27  side 2    Res =  0.6744E-01
 MRCHDU: Convergence failed at  28  side 2    Res =  0.4068E-01
 MRCHDU: Convergence failed at  29  side 2    Res =  0.3442E-01
 MRCHDU: Convergence failed at  30  side 2    Res =  0.2905E-02
 MRCHDU: Convergence failed at  31  side 2    Res =  0.1305E-02
 MRCHDU: Convergence failed at  32  side 2    Res =  0.5653E-03
 MRCHDU: Convergence failed at  33  side 2    Res =  0.4196E-03
 MRCHDU: Convergence failed at  34  side 2    Res =  0.1184E+00
 MRCHDU: Convergence failed at  35  side 2    Res =  0.5028E+00
 MRCHDU: Convergence failed at  82  side 2    Res =  0.2835E-02
 MRCHDU: Convergence failed at  83  side 2    Res =  0.2281E+00
 MRCHDU: Convergence failed at  85  side 2    Res =  0.3106E-01
 Side 1 forced transition at x/c =  1.0000   77
 Side 2  free  transition at x/c =  0.0408   24

  41   rms: 0.1600E+01   max: -.1349E+02   C at   83  2   RLX: 0.037
       a = 10.000      CL = -0.3813
      Cm =  0.0011     CD =  2.59922   =>   CDf =  0.00553    CDp =  2.59369

 MRCHDU: Convergence failed at  26  side 2    Res =  0.1062E-02
 MRCHDU: Convergence failed at  27  side 2    Res =  0.7203E-01
 MRCHDU: Convergence failed at  28  side 2    Res =  0.4130E-01
 MRCHDU: Convergence failed at  29  side 2    Res =  0.2929E-01
 MRCHDU: Convergence failed at  30  side 2    Res =  0.2625E-02
 MRCHDU: Convergence failed at  31  side 2    Res =  0.8795E-03
 MRCHDU: Convergence failed at  32  side 2    Res =  0.3464E-03
 MRCHDU: Convergence failed at  33  side 2    Res =  0.2729E-03
 MRCHDU: Convergence failed at  34  side 2    Res =  0.5040E-01
 MRCHDU: Convergence failed at  35  side 2    Res =  0.2156E-01
 MRCHDU: Convergence failed at  36  side 2    Res =  0.7424E-01
 MRCHDU: Convergence failed at  80  side 2    Res =  0.1239E-01
 MRCHDU: Convergence failed at  81  side 2    Res =  0.8148E-02
 MRCHDU: Convergence failed at  82  side 2    Res =  0.7836E-02
 MRCHDU: Convergence failed at  83  side 2    Res =  0.1353E-01
 MRCHDU: Convergence failed at  84  side 2    Res =  0.1351E+00
 MRCHDU: Convergence failed at  85  side 2    Res =  0.4845E-02
 MRCHDU: Convergence failed at 102  side 2    Res =  0.1203E+01
 MRCHDU: Convergence failed at 103  side 2    Res =  0.1655E+01
 MRCHDU: Convergence failed at 104  side 2    Res =  0.1250E+01
 MRCHDU: Convergence failed at 105  side 2    Res =  0.2681E+01
 Side 1 forced transition at x/c =  1.0000   77
 Side 2  free  transition at x/c =  0.0410   24

  42   rms: 0.5308E+02   max: 0.9015E+03   C at   37  2   RLX: 0.002
       a = 10.000      CL = -0.3883
      Cm =  0.0043     CD =  6.79808   =>   CDf =  0.00556    CDp =  6.79251

 MRCHDU: Convergence failed at  26  side 2    Res =  0.9993E-03
 MRCHDU: Convergence failed at  27  side 2    Res =  0.7227E-01
 MRCHDU: Convergence failed at  28  side 2    Res =  0.4130E-01
 MRCHDU: Convergence failed at  29  side 2    Res =  0.2875E-01
 MRCHDU: Convergence failed at  30  side 2    Res =  0.2528E-02
 MRCHDU: Convergence failed at  31  side 2    Res =  0.8527E-03
 MRCHDU: Convergence failed at  32  side 2    Res =  0.3329E-03
 MRCHDU: Convergence failed at  33  side 2    Res =  0.2598E-03
 MRCHDU: Convergence failed at  34  side 2    Res =  0.3265E-01
 MRCHDU: Convergence failed at  35  side 2    Res =  0.9949E-02
 MRCHDU: Convergence failed at  36  side 2    Res =  0.1067E+00
 Side 1 forced transition at x/c =  1.0000   77
 Side 2  free  transition at x/c =  0.0410   24

  43   rms: 0.4678E+01   max: -.2273E+02   T at   30  2   RLX: 0.022
       a = 10.000      CL = -0.3981
      Cm =  0.0050     CD = 13.01633   =>   CDf =  0.00557    CDp = 13.01077

 MRCHDU: Convergence failed at  26  side 2    Res =  0.2872E-03
 MRCHDU: Convergence failed at  27  side 2    Res =  0.7430E-01
 MRCHDU: Convergence failed at  28  side 2    Res =  0.4075E-01
 MRCHDU: Convergence failed at  29  side 2    Res =  0.1928E-01
 MRCHDU: Convergence failed at  30  side 2    Res =  0.1254E-02
 MRCHDU: Convergence failed at  31  side 2    Res =  0.3512E-03
 MRCHDU: Convergence failed at  32  side 2    Res =  0.1396E-03
 MRCHDU: Convergence failed at  33  side 2    Res =  0.1310E-03
 Side 1 forced transition at x/c =  1.0000   77
 Side 2  free  transition at x/c =  0.0411   24

  44   rms: 0.3383E+02   max: -.2334E+03   T at   81  2   RLX: 0.002
       a = 10.000      CL = -0.4061
      Cm =  0.0089     CD = 42.07600   =>   CDf =  0.00561    CDp = 42.07039

 MRCHDU: Convergence failed at  26  side 2    Res =  0.2278E-03
 MRCHDU: Convergence failed at  27  side 2    Res =  0.7455E-01
 MRCHDU: Convergence failed at  28  side 2    Res =  0.4044E-01
 MRCHDU: Convergence failed at  29  side 2    Res =  0.1798E-01
 MRCHDU: Convergence failed at  30  side 2    Res =  0.1189E-02
 MRCHDU: Convergence failed at  31  side 2    Res =  0.3255E-03
 MRCHDU: Convergence failed at  32  side 2    Res =  0.1275E-03
 MRCHDU: Convergence failed at  33  side 2    Res =  0.1206E-03
 Side 1 forced transition at x/c =  1.0000   77
 Side 2  free  transition at x/c =  0.0411   24

  45   rms: 0.2279E+02   max: 0.1208E+03   C at   39  2   RLX: 0.006
       a = 10.000      CL = -0.4099
      Cm =  0.0099     CD =146.75618   =>   CDf =  0.00563    CDp =146.75055

 MRCHDU: Convergence failed at  27  side 2    Res =  0.7505E-01
 MRCHDU: Convergence failed at  28  side 2    Res =  0.3999E-01
 MRCHDU: Convergence failed at  29  side 2    Res =  0.1531E-01
 MRCHDU: Convergence failed at  30  side 2    Res =  0.1087E-02
 MRCHDU: Convergence failed at  31  side 2    Res =  0.2703E-03
 MRCHDU: Convergence failed at  32  side 2    Res =  0.9916E-04
 MRCHDU: Convergence failed at  33  side 2    Res =  0.9746E-04
 Side 1 forced transition at x/c =  1.0000   77
 Side 2  free  transition at x/c =  0.0412   24

  46   rms: 0.1020E+02   max: -.6885E+02   T at   85  2   RLX: 0.007
       a = 10.000      CL = -0.4093
      Cm =  0.0082     CD =350.68533   =>   CDf =  0.00565    CDp =350.67969

 MRCHDU: Convergence failed at  27  side 2    Res =  0.7482E-01
 MRCHDU: Convergence failed at  28  side 2    Res =  0.3827E-01
 MRCHDU: Convergence failed at  29  side 2    Res =  0.1020E-01
 MRCHDU: Convergence failed at  30  side 2    Res =  0.7948E-03
 MRCHDU: Convergence failed at  31  side 2    Res =  0.1832E-03
 MRCHDU: Convergence failed at  32  side 2    Res =  0.6517E-04
 MRCHDU: Convergence failed at  33  side 2    Res =  0.6713E-04
 Side 1 forced transition at x/c =  1.0000   77
 Side 2  free  transition at x/c =  0.0412   24

  47   rms: 0.3713E+02   max: 0.3787E+03   T at   29  2   RLX: 0.002
       a = 10.000      CL = -0.4148
      Cm =  0.0105     CD =*********   =>   CDf =  0.00566    CDp =*********

 MRCHDU: Convergence failed at  27  side 2    Res =  0.7585E-01
 MRCHDU: Convergence failed at  28  side 2    Res =  0.4925E-01
 MRCHDU: Convergence failed at  29  side 2    Res =  0.3639E-01
 MRCHDU: Convergence failed at  30  side 2    Res =  0.1329E-02
 MRCHDU: Convergence failed at  31  side 2    Res =  0.3852E-03
 MRCHDU: Convergence failed at  32  side 2    Res =  0.1478E-03
 MRCHDU: Convergence failed at  33  side 2    Res =  0.1345E-03
 MRCHDU: Convergence failed at  34  side 2    Res =  0.3827E+00
 MRCHDU: Convergence failed at  35  side 2    Res =  0.1588E-01
 MRCHDU: Convergence failed at  36  side 2    Res =  0.4785E-02
 Side 1 forced transition at x/c =  1.0000   77
 Side 2  free  transition at x/c =  0.0412   24

  48   rms: 0.2431E+02   max: -.2870E+03   T at   30  2   RLX: 0.002
       a = 10.000      CL = -0.4079
      Cm =  0.0071     CD =*********   =>   CDf =  0.00568    CDp =*********

 MRCHDU: Convergence failed at  27  side 2    Res =  0.7535E-01
 MRCHDU: Convergence failed at  28  side 2    Res =  0.4873E-01
 MRCHDU: Convergence failed at  29  side 2    Res =  0.2072E-01
 MRCHDU: Convergence failed at  30  side 2    Res =  0.6637E-03
 MRCHDU: Convergence failed at  31  side 2    Res =  0.1576E-03
 MRCHDU: Convergence failed at  32  side 2    Res =  0.5653E-04
 MRCHDU: Convergence failed at  33  side 2    Res =  0.5898E-04
 Side 1 forced transition at x/c =  1.0000   77
 Side 2  free  transition at x/c =  0.0413   24

  49   rms: 0.4689E+02   max: -.4580E+03   T at   29  2   RLX: 0.001
       a = 10.000      CL = -0.4134
      Cm =  0.0098     CD =*********   =>   CDf =  0.00568    CDp =*********

 MRCHDU: Convergence failed at  27  side 2    Res =  0.7513E-01
 MRCHDU: Convergence failed at  28  side 2    Res =  0.4492E-01
 MRCHDU: Convergence failed at  29  side 2    Res =  0.6953E-02
 MRCHDU: Convergence failed at  30  side 2    Res =  0.3512E-03
 MRCHDU: Convergence failed at  31  side 2    Res =  0.5859E-04
 MRCHDU: Convergence failed at  32  side 2    Res =  0.1847E-04
 MRCHDU: Convergence failed at  33  side 2    Res =  0.2786E-04
 MRCHDU: Convergence failed at  35  side 2    Res =  0.7124E-02
 MRCHDU: Convergence failed at  36  side 2    Res =  0.1631E-02
 Side 1 forced transition at x/c =  1.0000   77
 Side 2  free  transition at x/c =  0.0413   24

  50   rms: 0.2165E+03   max: -.3723E+04   T at   85  2   RLX: 0.000
       a = 10.000      CL = -0.4149
      Cm =  0.0106     CD =*********   =>   CDf =  0.00569    CDp =*********

 MRCHDU: Convergence failed at  27  side 2    Res =  0.7532E-01
 MRCHDU: Convergence failed at  28  side 2    Res =  0.4783E-01
 MRCHDU: Convergence failed at  29  side 2    Res =  0.9126E-02
 MRCHDU: Convergence failed at  30  side 2    Res =  0.3820E-03
 MRCHDU: Convergence failed at  31  side 2    Res =  0.6686E-04
 MRCHDU: Convergence failed at  32  side 2    Res =  0.2151E-04
 MRCHDU: Convergence failed at  33  side 2    Res =  0.3046E-04
 MRCHDU: Convergence failed at  35  side 2    Res =  0.1389E-02
 MRCHDU: Convergence failed at  36  side 2    Res =  0.1553E-02
 Side 1 forced transition at x/c =  1.0000   77
 Side 2  free  transition at x/c =  0.0413   24

  51   rms: 0.1579E+03   max: 0.1741E+04   T at   29  2   RLX: 0.000
       a = 10.000      CL = -0.4153
      Cm =  0.0105     CD =*********   =>   CDf =  0.00569    CDp =*********

 MRCHDU: Convergence failed at  27  side 2    Res =  0.7502E-01
 MRCHDU: Convergence failed at  28  side 2    Res =  0.5729E-01
 MRCHDU: Convergence failed at  29  side 2    Res =  0.2260E-01
 MRCHDU: Convergence failed at  30  side 2    Res =  0.4709E-03
 MRCHDU: Convergence failed at  31  side 2    Res =  0.1017E-03
 MRCHDU: Convergence failed at  32  side 2    Res =  0.3582E-04
 MRCHDU: Convergence failed at  33  side 2    Res =  0.4224E-04
 MRCHDU: Convergence failed at  34  side 2    Res =  0.6005E-02
 MRCHDU: Convergence failed at  35  side 2    Res =  0.1867E-02
 MRCHDU: Convergence failed at  36  side 2    Res =  0.1039E-02
 Side 1 forced transition at x/c =  1.0000   77
 Side 2  free  transition at x/c =  0.0413   24

  52   rms: 0.2222E+03   max: -.2946E+04   T at   85  2   RLX: 0.000
       a = 10.000      CL = -0.4151
      Cm =  0.0103     CD =*********   =>   CDf =  0.00569    CDp =*********

 MRCHDU: Convergence failed at  27  side 2    Res =  0.7428E-01
 MRCHDU: Convergence failed at  28  side 2    Res =  0.5696E-01
 MRCHDU: Convergence failed at  29  side 2    Res =  0.1873E-01
 MRCHDU: Convergence failed at  30  side 2    Res =  0.4451E-03
 MRCHDU: Convergence failed at  31  side 2    Res =  0.9162E-04
 MRCHDU: Convergence failed at  32  side 2    Res =  0.3082E-04
 MRCHDU: Convergence failed at  33  side 2    Res =  0.3752E-04
 MRCHDU: Convergence failed at  34  side 2    Res =  0.2881E-01
 MRCHDU: Convergence failed at  35  side 2    Res =  0.2465E-02
 MRCHDU: Convergence failed at  36  side 2    Res =  0.1182E-02
 Side 1 forced transition at x/c =  1.0000   77
 Side 2  free  transition at x/c =  0.0413   24

  53   rms: 0.1172E+03   max: -.1705E+04   T at   85  2   RLX: 0.000
       a = 10.000      CL = -0.4153
      Cm =  0.0104     CD =*********   =>   CDf =  0.00569    CDp =*********

 MRCHDU: Convergence failed at  27  side 2    Res =  0.7406E-01
 MRCHDU: Convergence failed at  28  side 2    Res =  0.5556E-01
 MRCHDU: Convergence failed at  29  side 2    Res =  0.1356E-01
 MRCHDU: Convergence failed at  30  side 2    Res =  0.4042E-03
 MRCHDU: Convergence failed at  31  side 2    Res =  0.7568E-04
 MRCHDU: Convergence failed at  32  side 2    Res =  0.2442E-04
 MRCHDU: Convergence failed at  33  side 2    Res =  0.3234E-04
 MRCHDU: Convergence failed at  34  side 2    Res =  0.2312E+00
 MRCHDU: Convergence failed at  35  side 2    Res =  0.2528E-02
 MRCHDU: Convergence failed at  36  side 2    Res =  0.1053E-02
 MRCHDU: Convergence failed at  75  side 2    Res =  0.9174E-02
 MRCHDU: Convergence failed at  76  side 2    Res =  0.1028E-02
 MRCHDU: Convergence failed at  77  side 2    Res =  0.4444E-03
 MRCHDU: Convergence failed at  78  side 2    Res =  0.1878E-03
 MRCHDU: Convergence failed at  79  side 2    Res =  0.1561E-03
 MRCHDU: Convergence failed at  80  side 2    Res =  0.1032E-03
 MRCHDU: Convergence failed at  81  side 2    Res =  0.2645E-04
 MRCHDU: Convergence failed at  82  side 2    Res =  0.6669E-04
 MRCHDU: Convergence failed at  83  side 2    Res =  0.4800E-04
 MRCHDU: Convergence failed at  84  side 2    Res =  0.1089E-03
 Side 1 forced transition at x/c =  1.0000   77
 Side 2  free  transition at x/c =  0.0413   24

  54   rms: 0.1703E+03   max: -.2441E+04   T at   85  2   RLX: 0.000
       a = 10.000      CL = -0.4162
      Cm =  0.0108     CD =*********   =>   CDf =  0.00569    CDp =*********

 MRCHDU: Convergence failed at  27  side 2    Res =  0.7403E-01
 MRCHDU: Convergence failed at  28  side 2    Res =  0.5521E-01
 MRCHDU: Convergence failed at  29  side 2    Res =  0.1279E-01
 MRCHDU: Convergence failed at  30  side 2    Res =  0.3982E-03
 MRCHDU: Convergence failed at  31  side 2    Res =  0.7369E-04
 MRCHDU: Convergence failed at  32  side 2    Res =  0.2362E-04
 MRCHDU: Convergence failed at  33  side 2    Res =  0.3166E-04
 Side 1 forced transition at x/c =  1.0000   77
 Side 2  free  transition at x/c =  0.0413   24

  55   rms: 0.2502E+03   max: -.2513E+04   T at   81  2   RLX: 0.000
       a = 10.000      CL = -0.4181
      Cm =  0.0116     CD =*********   =>   CDf =  0.00569    CDp =*********

 MRCHDU: Convergence failed at  27  side 2    Res =  0.7395E-01
 MRCHDU: Convergence failed at  28  side 2    Res =  0.5577E-01
 MRCHDU: Convergence failed at  29  side 2    Res =  0.1372E-01
 MRCHDU: Convergence failed at  30  side 2    Res =  0.4053E-03
 MRCHDU: Convergence failed at  31  side 2    Res =  0.7638E-04
 MRCHDU: Convergence failed at  32  side 2    Res =  0.2437E-04
 MRCHDU: Convergence failed at  33  side 2    Res =  0.3203E-04
 Side 1 forced transition at x/c =  1.0000   77
 Side 2  free  transition at x/c =  0.0413   24

  56   rms: 0.4160E+03   max: -.6551E+04   T at   81  2   RLX: 0.000
       a = 10.000      CL = -0.4181
      Cm =  0.0116     CD =*********   =>   CDf =  0.00569    CDp =*********

 MRCHDU: Convergence failed at  27  side 2    Res =  0.7385E-01
 MRCHDU: Convergence failed at  28  side 2    Res =  0.5610E-01
 MRCHDU: Convergence failed at  29  side 2    Res =  0.1431E-01
 MRCHDU: Convergence failed at  30  side 2    Res =  0.4094E-03
 MRCHDU: Convergence failed at  31  side 2    Res =  0.7793E-04
 MRCHDU: Convergence failed at  32  side 2    Res =  0.2497E-04
 MRCHDU: Convergence failed at  33  side 2    Res =  0.3252E-04
 Side 1 forced transition at x/c =  1.0000   77
 Side 2  free  transition at x/c =  0.0413   24

  57   rms: 0.3368E+03   max: -.4800E+04   T at   81  2   RLX: 0.000
       a = 10.000      CL = -0.4185
      Cm =  0.0119     CD =*********   =>   CDf =  0.00569    CDp =*********

 MRCHDU: Convergence failed at  27  side 2    Res =  0.7376E-01
 MRCHDU: Convergence failed at  28  side 2    Res =  0.5642E-01
 MRCHDU: Convergence failed at  29  side 2    Res =  0.1499E-01
 MRCHDU: Convergence failed at  30  side 2    Res =  0.4139E-03
 MRCHDU: Convergence failed at  31  side 2    Res =  0.7961E-04
 MRCHDU: Convergence failed at  32  side 2    Res =  0.2568E-04
 MRCHDU: Convergence failed at  33  side 2    Res =  0.3314E-04
 Side 1 forced transition at x/c =  1.0000   77
 Side 2  free  transition at x/c =  0.0413   24

  58   rms: 0.1508E+03   max: -.1315E+04   T at   80  2   RLX: 0.000
       a = 10.000      CL = -0.4184
      Cm =  0.0120     CD =*********   =>   CDf =  0.00569    CDp =*********

 MRCHDU: Convergence failed at  27  side 2    Res =  0.7367E-01
 MRCHDU: Convergence failed at  28  side 2    Res =  0.5541E-01
 MRCHDU: Convergence failed at  29  side 2    Res =  0.1253E-01
 MRCHDU: Convergence failed at  30  side 2    Res =  0.3964E-03
 MRCHDU: Convergence failed at  31  side 2    Res =  0.7279E-04
 MRCHDU: Convergence failed at  32  side 2    Res =  0.2365E-04
 MRCHDU: Convergence failed at  33  side 2    Res =  0.3202E-04
 Side 1 forced transition at x/c =  1.0000   77
 Side 2  free  transition at x/c =  0.0413   24

  59   rms: 0.3165E+03   max: -.5370E+04   T at   83  2   RLX: 0.000
       a = 10.000      CL = -0.4180
      Cm =  0.0118     CD =*********   =>   CDf =  0.00569    CDp =*********

 MRCHDU: Convergence failed at  27  side 2    Res =  0.7373E-01
 MRCHDU: Convergence failed at  28  side 2    Res =  0.5502E-01
 MRCHDU: Convergence failed at  29  side 2    Res =  0.1190E-01
 MRCHDU: Convergence failed at  30  side 2    Res =  0.3910E-03
 MRCHDU: Convergence failed at  31  side 2    Res =  0.7097E-04
 MRCHDU: Convergence failed at  32  side 2    Res =  0.2300E-04
 MRCHDU: Convergence failed at  33  side 2    Res =  0.3152E-04
 Side 1 forced transition at x/c =  1.0000   77
 Side 2  free  transition at x/c =  0.0413   24

  60   rms: 0.1447E+04   max: -.2656E+05   T at   83  2   RLX: 0.000
       a = 10.000      CL = -0.4180
      Cm =  0.0118     CD =*********   =>   CDf =  0.00569    CDp =*********

 MRCHDU: Convergence failed at  27  side 2    Res =  0.7376E-01
 MRCHDU: Convergence failed at  28  side 2    Res =  0.5510E-01
 MRCHDU: Convergence failed at  29  side 2    Res =  0.1203E-01
 MRCHDU: Convergence failed at  30  side 2    Res =  0.3921E-03
 MRCHDU: Convergence failed at  31  side 2    Res =  0.7133E-04
 MRCHDU: Convergence failed at  32  side 2    Res =  0.2313E-04
 MRCHDU: Convergence failed at  33  side 2    Res =  0.3161E-04
 Side 1 forced transition at x/c =  1.0000   77
 Side 2  free  transition at x/c =  0.0413   24

  61   rms: 0.8772E+03   max: 0.8665E+04   T at   80  2   RLX: 0.000
       a = 10.000      CL = -0.4183
      Cm =  0.0119     CD =*********   =>   CDf =  0.00569    CDp =*********

 MRCHDU: Convergence failed at  27  side 2    Res =  0.7362E-01
 MRCHDU: Convergence failed at  28  side 2    Res =  0.5625E-01
 MRCHDU: Convergence failed at  29  side 2    Res =  0.1391E-01
 MRCHDU: Convergence failed at  30  side 2    Res =  0.4073E-03
 MRCHDU: Convergence failed at  31  side 2    Res =  0.7611E-04
 MRCHDU: Convergence failed at  32  side 2    Res =  0.2504E-04
 MRCHDU: Convergence failed at  33  side 2    Res =  0.3327E-04
 Side 1 forced transition at x/c =  1.0000   77
 Side 2  free  transition at x/c =  0.0413   24

  62   rms: 0.6098E+03   max: -.7067E+04   T at   81  2   RLX: 0.000
       a = 10.000      CL = -0.4183
      Cm =  0.0119     CD =*********   =>   CDf =  0.00569    CDp =*********

 MRCHDU: Convergence failed at  27  side 2    Res =  0.7353E-01
 MRCHDU: Convergence failed at  28  side 2    Res =  0.5577E-01
 MRCHDU: Convergence failed at  29  side 2    Res =  0.1282E-01
 MRCHDU: Convergence failed at  30  side 2    Res =  0.3984E-03
 MRCHDU: Convergence failed at  31  side 2    Res =  0.7312E-04
 MRCHDU: Convergence failed at  32  side 2    Res =  0.2392E-04
 MRCHDU: Convergence failed at  33  side 2    Res =  0.3238E-04
 Side 1 forced transition at x/c =  1.0000   77
 Side 2  free  transition at x/c =  0.0413   24

  63   rms: 0.2629E+03   max: 0.2154E+04   T at   82  2   RLX: 0.000
       a = 10.000      CL = -0.4185
      Cm =  0.0119     CD =*********   =>   CDf =  0.00569    CDp =*********

 MRCHDU: Convergence failed at  27  side 2    Res =  0.7313E-01
 MRCHDU: Convergence failed at  28  side 2    Res =  0.5792E-01
 MRCHDU: Convergence failed at  29  side 2    Res =  0.1666E-01
 MRCHDU: Convergence failed at  30  side 2    Res =  0.4225E-03
 MRCHDU: Convergence failed at  31  side 2    Res =  0.8343E-04
 MRCHDU: Convergence failed at  32  side 2    Res =  0.2783E-04
 MRCHDU: Convergence failed at  33  side 2    Res =  0.3538E-04
 Side 1 forced transition at x/c =  1.0000   77
 Side 2  free  transition at x/c =  0.0413   24

  64   rms: 0.4686E+03   max: -.6500E+04   T at   80  2   RLX: 0.000
       a = 10.000      CL = -0.4181
      Cm =  0.0118     CD =*********   =>   CDf =  0.00569    CDp =*********

 MRCHDU: Convergence failed at  27  side 2    Res =  0.7287E-01
 MRCHDU: Convergence failed at  28  side 2    Res =  0.5744E-01
 MRCHDU: Convergence failed at  29  side 2    Res =  0.1501E-01
 MRCHDU: Convergence failed at  30  side 2    Res =  0.4112E-03
 MRCHDU: Convergence failed at  31  side 2    Res =  0.7880E-04
 MRCHDU: Convergence failed at  32  side 2    Res =  0.2610E-04
 MRCHDU: Convergence failed at  33  side 2    Res =  0.3410E-04
 Side 1 forced transition at x/c =  1.0000   77
 Side 2  free  transition at x/c =  0.0413   24

  65   rms: 0.3578E+03   max: -.4693E+04   T at   79  2   RLX: 0.000
       a = 10.000      CL = -0.4184
      Cm =  0.0120     CD =*********   =>   CDf =  0.00569    CDp =*********

 MRCHDU: Convergence failed at  27  side 2    Res =  0.7282E-01
 MRCHDU: Convergence failed at  28  side 2    Res =  0.5703E-01
 MRCHDU: Convergence failed at  29  side 2    Res =  0.1399E-01
 MRCHDU: Convergence failed at  30  side 2    Res =  0.4047E-03
 MRCHDU: Convergence failed at  31  side 2    Res =  0.7597E-04
 MRCHDU: Convergence failed at  32  side 2    Res =  0.2510E-04
 MRCHDU: Convergence failed at  33  side 2    Res =  0.3339E-04
 Side 1 forced transition at x/c =  1.0000   77
 Side 2  free  transition at x/c =  0.0413   24

  66   rms: 0.7690E+03   max: 0.6070E+04   C at   36  2   RLX: 0.000
       a = 10.000      CL = -0.4175
      Cm =  0.0114     CD =*********   =>   CDf =  0.00569    CDp =*********

 MRCHDU: Convergence failed at  27  side 2    Res =  0.7284E-01
 MRCHDU: Convergence failed at  28  side 2    Res =  0.5501E-01
 MRCHDU: Convergence failed at  29  side 2    Res =  0.9875E-02
 MRCHDU: Convergence failed at  30  side 2    Res =  0.3677E-03
 MRCHDU: Convergence failed at  31  side 2    Res =  0.6368E-04
 MRCHDU: Convergence failed at  32  side 2    Res =  0.2029E-04
 MRCHDU: Convergence failed at  33  side 2    Res =  0.2935E-04
 MRCHDU: Convergence failed at  74  side 2    Res =  0.1055E+01
 Side 1 forced transition at x/c =  1.0000   77
 Side 2  free  transition at x/c =  0.0413   24

  67   rms: 0.1928E+03   max: 0.2438E+04   T at   79  2   RLX: 0.000
       a = 10.000      CL = -0.4190
      Cm =  0.0117     CD =*********   =>   CDf =  0.00569    CDp =*********

 MRCHDU: Convergence failed at  27  side 2    Res =  0.7611E-01
 MRCHDU: Convergence failed at  28  side 2    Res =  0.5770E-01
 MRCHDU: Convergence failed at  29  side 2    Res =  0.1290E-01
 MRCHDU: Convergence failed at  30  side 2    Res =  0.3934E-03
 MRCHDU: Convergence failed at  31  side 2    Res =  0.7193E-04
 MRCHDU: Convergence failed at  32  side 2    Res =  0.2333E-04
 MRCHDU: Convergence failed at  33  side 2    Res =  0.3181E-04
 Side 1 forced transition at x/c =  1.0000   77
 Side 2  free  transition at x/c =  0.0413   24

  68   rms: 0.5070E+03   max: -.4536E+04   T at  107  2   RLX: 0.000
       a = 10.000      CL = -0.4190
      Cm =  0.0116     CD =*********   =>   CDf =  0.00569    CDp =*********

 MRCHDU: Convergence failed at  27  side 2    Res =  0.8521E-01
 MRCHDU: Convergence failed at  28  side 2    Res =  0.5939E-01
 MRCHDU: Convergence failed at  29  side 2    Res =  0.1549E-01
 MRCHDU: Convergence failed at  30  side 2    Res =  0.4143E-03
 MRCHDU: Convergence failed at  31  side 2    Res =  0.7826E-04
 MRCHDU: Convergence failed at  32  side 2    Res =  0.2597E-04
 MRCHDU: Convergence failed at  33  side 2    Res =  0.3416E-04
 Side 1 forced transition at x/c =  1.0000   77
 Side 2  free  transition at x/c =  0.0413   24

  69   rms: 0.1870E+04   max: -.1960E+05   T at  107  2   RLX: 0.000
       a = 10.000      CL = -0.4194
      Cm =  0.0117     CD =+Infinity   =>   CDf =  0.00569    CDp =+Infinity

 MRCHDU: Convergence failed at  27  side 2    Res =  0.9259E-01
 MRCHDU: Convergence failed at  28  side 2    Res =  0.5979E-01
 MRCHDU: Convergence failed at  29  side 2    Res =  0.1573E-01
 MRCHDU: Convergence failed at  30  side 2    Res =  0.4164E-03
 MRCHDU: Convergence failed at  31  side 2    Res =  0.7878E-04
 MRCHDU: Convergence failed at  32  side 2    Res =  0.2613E-04
 MRCHDU: Convergence failed at  33  side 2    Res =  0.3427E-04
 Side 1 forced transition at x/c =  1.0000   77
 Side 2  free  transition at x/c =  0.0413   24

  70   rms: 0.6186E+03   max: -.1342E+05   T at   83  2   RLX: 0.000
       a = 10.000      CL = -0.4194
      Cm =  0.0116     CD =+Infinity   =>   CDf =  0.00568    CDp =+Infinity

 MRCHDU: Convergence failed at  27  side 2    Res =  0.1015E+00
 MRCHDU: Convergence failed at  28  side 2    Res =  0.1317E+00
 MRCHDU: Convergence failed at  29  side 2    Res =  0.5453E-01
 MRCHDU: Convergence failed at  30  side 2    Res =  0.7371E-03
 MRCHDU: Convergence failed at  31  side 2    Res =  0.8453E-04
 MRCHDU: Convergence failed at  32  side 2    Res =  0.2641E-04
 MRCHDU: Convergence failed at  33  side 2    Res =  0.3516E-04
 Side 1 forced transition at x/c =  1.0000   77
 Side 2  free  transition at x/c =  0.0413   24

  71   rms: 0.1572E+04   max: -.3089E+05   T at   83  2   RLX: 0.000
       a = 10.000      CL = -0.4274
      Cm =  0.0139     CD =+Infinity   =>   CDf =  0.00567    CDp =+Infinity

 MRCHDU: Convergence failed at  27  side 2    Res =  0.7655E-01
 MRCHDU: Convergence failed at  28  side 2    Res =  0.2260E-01
 MRCHDU: Convergence failed at  29  side 2    Res =  0.1083E-01
 MRCHDU: Convergence failed at  30  side 2    Res =  0.4007E-03
 MRCHDU: Convergence failed at  31  side 2    Res =  0.8078E-04
 MRCHDU: Convergence failed at  32  side 2    Res =  0.2700E-04
 MRCHDU: Convergence failed at  33  side 2    Res =  0.3483E-04
 Side 1 forced transition at x/c =  1.0000   77
 Side 2  free  transition at x/c =  0.0413   24

  72   rms: 0.8347E+03   max: -.1831E+05   T at   83  2   RLX: 0.000
       a = 10.000      CL = -0.4219
      Cm =  0.0123     CD =+Infinity   =>   CDf =  0.00568    CDp =+Infinity

 MRCHDU: Convergence failed at  27  side 2    Res =  0.7326E-01
 MRCHDU: Convergence failed at  28  side 2    Res =  0.2304E-01
 MRCHDU: Convergence failed at  29  side 2    Res =  0.1093E-01
 MRCHDU: Convergence failed at  30  side 2    Res =  0.4029E-03
 MRCHDU: Convergence failed at  31  side 2    Res =  0.8075E-04
 MRCHDU: Convergence failed at  32  side 2    Res =  0.2693E-04
 MRCHDU: Convergence failed at  33  side 2    Res =  0.3476E-04
 Side 1 forced transition at x/c =  1.0000   77
 Side 2  free  transition at x/c =  0.0413   24

  73   rms: 0.9985E+03   max: 0.1866E+05   T at   82  2   RLX: 0.000
       a = 10.000      CL = -0.4219
      Cm =  0.0123     CD =+Infinity   =>   CDf =  0.00568    CDp =+Infinity

 MRCHDU: Convergence failed at  27  side 2    Res =  0.7277E-01
 MRCHDU: Convergence failed at  28  side 2    Res =  0.2206E-01
 MRCHDU: Convergence failed at  29  side 2    Res =  0.9466E-02
 MRCHDU: Convergence failed at  30  side 2    Res =  0.3797E-03
 MRCHDU: Convergence failed at  31  side 2    Res =  0.7233E-04
 MRCHDU: Convergence failed at  32  side 2    Res =  0.2367E-04
 MRCHDU: Convergence failed at  33  side 2    Res =  0.3212E-04
 Side 1 forced transition at x/c =  1.0000   77
 Side 2  free  transition at x/c =  0.0413   24

  74   rms: 0.1938E+05   max: 0.5051E+06   T at   83  2   RLX: 0.000
       a = 10.000      CL = -0.4219
      Cm =  0.0124     CD =+Infinity   =>   CDf =  0.00568    CDp =+Infinity

 MRCHDU: Convergence failed at  27  side 2    Res =  0.7289E-01
 MRCHDU: Convergence failed at  28  side 2    Res =  0.2241E-01
 MRCHDU: Convergence failed at  29  side 2    Res =  0.9920E-02
 MRCHDU: Convergence failed at  30  side 2    Res =  0.3866E-03
 MRCHDU: Convergence failed at  31  side 2    Res =  0.7461E-04
 MRCHDU: Convergence failed at  32  side 2    Res =  0.2458E-04
 MRCHDU: Convergence failed at  33  side 2    Res =  0.3290E-04
 Side 1 forced transition at x/c =  1.0000   77
 Side 2  free  transition at x/c =  0.0413   24

  75   rms: 0.1715E+04   max: -.3274E+05   T at   83  2   RLX: 0.000
       a = 10.000      CL = -0.4221
      Cm =  0.0125     CD =+Infinity   =>   CDf =  0.00568    CDp =+Infinity

 MRCHDU: Convergence failed at  27  side 2    Res =  0.7278E-01
 MRCHDU: Convergence failed at  28  side 2    Res =  0.2208E-01
 MRCHDU: Convergence failed at  29  side 2    Res =  0.9481E-02
 MRCHDU: Convergence failed at  30  side 2    Res =  0.3798E-03
 MRCHDU: Convergence failed at  31  side 2    Res =  0.7231E-04
 MRCHDU: Convergence failed at  32  side 2    Res =  0.2373E-04
 MRCHDU: Convergence failed at  33  side 2    Res =  0.3222E-04
 Side 1 forced transition at x/c =  1.0000   77
 Side 2  free  transition at x/c =  0.0413   24

  76   rms: 0.4652E+03   max: 0.7476E+04   T at   83  2   RLX: 0.000
       a = 10.000      CL = -0.4236
      Cm =  0.0127     CD =+Infinity   =>   CDf =  0.00568    CDp =+Infinity

 MRCHDU: Convergence failed at  27  side 2    Res =  0.7471E-01
 MRCHDU: Convergence failed at  28  side 2    Res =  0.2984E-01
 MRCHDU: Convergence failed at  29  side 2    Res =  0.2203E-01
 MRCHDU: Convergence failed at  30  side 2    Res =  0.4906E-03
 MRCHDU: Convergence failed at  31  side 2    Res =  0.1223E-03
 MRCHDU: Convergence failed at  32  side 2    Res =  0.4404E-04
 MRCHDU: Convergence failed at  33  side 2    Res =  0.4794E-04
 MRCHDU: Convergence failed at  34  side 2    Res =  0.1067E-01
 MRCHDU: Convergence failed at  35  side 2    Res =  0.2799E-02
 MRCHDU: Convergence failed at  36  side 2    Res =  0.1479E-02
 Side 1 forced transition at x/c =  1.0000   77
 Side 2  free  transition at x/c =  0.0413   24

  77   rms: 0.1899E+05   max: -.1739E+06   T at   79  2   RLX: 0.000
       a = 10.000      CL = -0.4219
      Cm =  0.0116     CD =+Infinity   =>   CDf =  0.00568    CDp =+Infinity

 MRCHDU: Convergence failed at  27  side 2    Res =  0.7449E-01
 MRCHDU: Convergence failed at  28  side 2    Res =  0.3271E-01
 MRCHDU: Convergence failed at  29  side 2    Res =  0.3523E-01
 MRCHDU: Convergence failed at  30  side 2    Res =  0.5944E-03
 MRCHDU: Convergence failed at  31  side 2    Res =  0.1755E-03
 MRCHDU: Convergence failed at  32  side 2    Res =  0.6853E-04
 MRCHDU: Convergence failed at  33  side 2    Res =  0.6844E-04
 MRCHDU: Convergence failed at  34  side 2    Res =  0.3420E-02
 MRCHDU: Convergence failed at  35  side 2    Res =  0.1863E-02
 MRCHDU: Convergence failed at  36  side 2    Res =  0.1220E-02
 Side 1 forced transition at x/c =  1.0000   77
 Side 2  free  transition at x/c =  0.0413   24

  78   rms: 0.1145E+06   max: 0.1201E+07   T at   32  2   RLX: 0.000
       a = 10.000      CL = -0.4235
      Cm =  0.0120     CD =+Infinity   =>   CDf =  0.00568    CDp =+Infinity

 MRCHDU: Convergence failed at  27  side 2    Res =  0.7403E-01
 MRCHDU: Convergence failed at  28  side 2    Res =  0.3613E-01
 MRCHDU: Convergence failed at  29  side 2    Res =  0.8603E-01
 MRCHDU: Convergence failed at  30  side 2    Res =  0.8614E-03
 MRCHDU: Convergence failed at  31  side 2    Res =  0.3311E-03
 MRCHDU: Convergence failed at  32  side 2    Res =  0.1488E-03
 MRCHDU: Convergence failed at  33  side 2    Res =  0.1461E-03
 MRCHDU: Convergence failed at  34  side 2    Res =  0.2028E-02
 MRCHDU: Convergence failed at  35  side 2    Res =  0.1710E-02
 MRCHDU: Convergence failed at  36  side 2    Res =  0.1459E-02
 MRCHDU: Convergence failed at  37  side 2    Res =  0.2198E-01
 Side 1 forced transition at x/c =  1.0000   77
 Side 2  free  transition at x/c =  0.0413   24

  79   rms: 0.4334E+04   max: 0.5615E+05   T at   83  2   RLX: 0.000
       a = 10.000      CL = -0.4178
      Cm =  0.0092     CD =+Infinity   =>   CDf =  0.00567    CDp =+Infinity

 MRCHDU: Convergence failed at  27  side 2    Res =  0.7355E-01
 MRCHDU: Convergence failed at  28  side 2    Res =  0.3625E-01
 MRCHDU: Convergence failed at  29  side 2    Res =  0.8670E-01
 MRCHDU: Convergence failed at  30  side 2    Res =  0.8662E-03
 MRCHDU: Convergence failed at  31  side 2    Res =  0.3347E-03
 MRCHDU: Convergence failed at  32  side 2    Res =  0.1508E-03
 MRCHDU: Convergence failed at  33  side 2    Res =  0.1476E-03
 MRCHDU: Convergence failed at  34  side 2    Res =  0.2020E-02
 MRCHDU: Convergence failed at  35  side 2    Res =  0.1712E-02
 MRCHDU: Convergence failed at  36  side 2    Res =  0.1466E-02
 MRCHDU: Convergence failed at  37  side 2    Res =  0.2251E-01
 Side 1 forced transition at x/c =  1.0000   77
 Side 2  free  transition at x/c =  0.0413   24

  80   rms: 0.4795E+03   max: -.5169E+04   T at   83  2   RLX: 0.000
       a = 10.000      CL = -0.4180
      Cm =  0.0092     CD =+Infinity   =>   CDf =  0.00567    CDp =+Infinity

 MRCHDU: Convergence failed at  27  side 2    Res =  0.7333E-01
 MRCHDU: Convergence failed at  28  side 2    Res =  0.3636E-01
 MRCHDU: Convergence failed at  29  side 2    Res =  0.9555E-01
 MRCHDU: Convergence failed at  30  side 2    Res =  0.9831E-03
 MRCHDU: Convergence failed at  31  side 2    Res =  0.3823E-03
 MRCHDU: Convergence failed at  32  side 2    Res =  0.1780E-03
 MRCHDU: Convergence failed at  33  side 2    Res =  0.1834E-03
 MRCHDU: Convergence failed at  34  side 2    Res =  0.1717E-02
 MRCHDU: Convergence failed at  35  side 2    Res =  0.1604E-02
 MRCHDU: Convergence failed at  36  side 2    Res =  0.1456E-02
 MRCHDU: Convergence failed at  37  side 2    Res =  0.1361E-01
 Side 1 forced transition at x/c =  1.0000   77
 Side 2  free  transition at x/c =  0.0413   24

  81   rms: 0.1099E+05   max: -.1243E+06   T at   79  2   RLX: 0.000
       a = 10.000      CL = -0.4170
      Cm =  0.0088     CD =+Infinity   =>   CDf =  0.00567    CDp =+Infinity

 MRCHDU: Convergence failed at  27  side 2    Res =  0.7324E-01
 MRCHDU: Convergence failed at  28  side 2    Res =  0.3638E-01
 MRCHDU: Convergence failed at  29  side 2    Res =  0.9543E-01
 MRCHDU: Convergence failed at  30  side 2    Res =  0.9802E-03
 MRCHDU: Convergence failed at  31  side 2    Res =  0.3812E-03
 MRCHDU: Convergence failed at  32  side 2    Res =  0.1773E-03
 MRCHDU: Convergence failed at  33  side 2    Res =  0.1825E-03
 MRCHDU: Convergence failed at  34  side 2    Res =  0.1714E-02
 MRCHDU: Convergence failed at  35  side 2    Res =  0.1598E-02
 MRCHDU: Convergence failed at  36  side 2    Res =  0.1450E-02
 MRCHDU: Convergence failed at  37  side 2    Res =  0.1328E-01
 MRCHDU: Convergence failed at  74  side 2    Res =  0.5767E-01
 Side 1 forced transition at x/c =  1.0000   77
 Side 2  free  transition at x/c =  0.0413   24

  82   rms: 0.2428E+04   max: 0.5587E+05   T at   83  2   RLX: 0.000
       a = 10.000      CL = -0.4168
      Cm =  0.0087     CD =+Infinity   =>   CDf =  0.00567    CDp =+Infinity

 MRCHDU: Convergence failed at  27  side 2    Res =  0.7319E-01
 MRCHDU: Convergence failed at  28  side 2    Res =  0.3641E-01
 MRCHDU: Convergence failed at  29  side 2    Res =  0.9549E-01
 MRCHDU: Convergence failed at  30  side 2    Res =  0.9789E-03
 MRCHDU: Convergence failed at  31  side 2    Res =  0.3799E-03
 MRCHDU: Convergence failed at  32  side 2    Res =  0.1759E-03
 MRCHDU: Convergence failed at  33  side 2    Res =  0.1806E-03
 MRCHDU: Convergence failed at  34  side 2    Res =  0.1725E-02
 MRCHDU: Convergence failed at  35  side 2    Res =  0.1610E-02
 MRCHDU: Convergence failed at  36  side 2    Res =  0.1458E-02
 MRCHDU: Convergence failed at  37  side 2    Res =  0.1418E-01
 Side 1 forced transition at x/c =  1.0000   77
 Side 2  free  transition at x/c =  0.0413   24

  83   rms: 0.2880E+04   max: 0.3133E+05   T at   83  2   RLX: 0.000
       a = 10.000      CL = -0.4169
      Cm =  0.0086     CD =+Infinity   =>   CDf =  0.00567    CDp =+Infinity

 MRCHDU: Convergence failed at  27  side 2    Res =  0.7315E-01
 MRCHDU: Convergence failed at  28  side 2    Res =  0.3643E-01
 MRCHDU: Convergence failed at  29  side 2    Res =  0.9816E-01
 MRCHDU: Convergence failed at  30  side 2    Res =  0.1003E-02
 MRCHDU: Convergence failed at  31  side 2    Res =  0.3890E-03
 MRCHDU: Convergence failed at  32  side 2    Res =  0.1845E-03
 MRCHDU: Convergence failed at  33  side 2    Res =  0.1959E-03
 MRCHDU: Convergence failed at  34  side 2    Res =  0.1712E-02
 MRCHDU: Convergence failed at  35  side 2    Res =  0.1629E-02
 MRCHDU: Convergence failed at  36  side 2    Res =  0.1481E-02
 MRCHDU: Convergence failed at  37  side 2    Res =  0.1345E-01
 Side 1 forced transition at x/c =  1.0000   77
 Side 2  free  transition at x/c =  0.0413   24

  84   rms: 0.1359E+04   max: -.1982E+05   T at  107  2   RLX: 0.000
       a = 10.000      CL = -0.4169
      Cm =  0.0084     CD =+Infinity   =>   CDf =  0.00567    CDp =+Infinity

 MRCHDU: Convergence failed at  27  side 2    Res =  0.7311E-01
 MRCHDU: Convergence failed at  28  side 2    Res =  0.3644E-01
 MRCHDU: Convergence failed at  29  side 2    Res =  0.1005E+00
 MRCHDU: Convergence failed at  30  side 2    Res =  0.1595E-02
 MRCHDU: Convergence failed at  31  side 2    Res =  0.4563E-03
 MRCHDU: Convergence failed at  32  side 2    Res =  0.2053E-03
 MRCHDU: Convergence failed at  33  side 2    Res =  0.2139E-03
 MRCHDU: Convergence failed at  34  side 2    Res =  0.1728E-02
 MRCHDU: Convergence failed at  35  side 2    Res =  0.1694E-02
 MRCHDU: Convergence failed at  36  side 2    Res =  0.1557E-02
 MRCHDU: Convergence failed at  37  side 2    Res =  0.1483E-01
 Side 1 forced transition at x/c =  1.0000   77
 Side 2  free  transition at x/c =  0.0413   24

  85   rms: 0.4726E+03   max: 0.8618E+04   T at   83  2   RLX: 0.000
       a = 10.000      CL = -0.4241
      Cm =  0.0109     CD =+Infinity   =>   CDf =  0.00566    CDp =+Infinity

 MRCHDU: Convergence failed at  27  side 2    Res =  0.7305E-01
 MRCHDU: Convergence failed at  28  side 2    Res =  0.3650E-01
 MRCHDU: Convergence failed at  29  side 2    Res =  0.3678E-01
 MRCHDU: Convergence failed at  30  side 2    Res =  0.1314E-02
 MRCHDU: Convergence failed at  31  side 2    Res =  0.4255E-03
 MRCHDU: Convergence failed at  32  side 2    Res =  0.2056E-03
 MRCHDU: Convergence failed at  33  side 2    Res =  0.2337E-03
 MRCHDU: Convergence failed at  34  side 2    Res =  0.1513E-02
 MRCHDU: Convergence failed at  35  side 2    Res =  0.1557E-02
 MRCHDU: Convergence failed at  36  side 2    Res =  0.1462E-02
 MRCHDU: Convergence failed at  37  side 2    Res =  0.9946E-02
 Side 1 forced transition at x/c =  1.0000   77
 Side 2  free  transition at x/c =  0.0413   24

  86   rms: 0.1218E+04   max: 0.2079E+05   T at  107  2   RLX: 0.000
       a = 10.000      CL = -0.4211
      Cm =  0.0100     CD =+Infinity   =>   CDf =  0.00567    CDp =+Infinity

 MRCHDU: Convergence failed at  27  side 2    Res =  0.7305E-01
 MRCHDU: Convergence failed at  28  side 2    Res =  0.3642E-01
 MRCHDU: Convergence failed at  29  side 2    Res =  0.3599E-01
 MRCHDU: Convergence failed at  30  side 2    Res =  0.1279E-02
 MRCHDU: Convergence failed at  31  side 2    Res =  0.4128E-03
 MRCHDU: Convergence failed at  32  side 2    Res =  0.1986E-03
 MRCHDU: Convergence failed at  33  side 2    Res =  0.2243E-03
 MRCHDU: Convergence failed at  34  side 2    Res =  0.1474E-02
 MRCHDU: Convergence failed at  35  side 2    Res =  0.1490E-02
 MRCHDU: Convergence failed at  36  side 2    Res =  0.1387E-02
 MRCHDU: Convergence failed at  37  side 2    Res =  0.7738E-02
 Side 1 forced transition at x/c =  1.0000   77
 Side 2  free  transition at x/c =  0.0413   24

  87   rms: 0.6057E+03   max: 0.8505E+04   T at   78  2   RLX: 0.000
       a = 10.000      CL = -0.4201
      Cm =  0.0094     CD =+Infinity   =>   CDf =  0.00568    CDp =+Infinity

 MRCHDU: Convergence failed at  27  side 2    Res =  0.7301E-01
 MRCHDU: Convergence failed at  28  side 2    Res =  0.3652E-01
 MRCHDU: Convergence failed at  29  side 2    Res =  0.3684E-01
 MRCHDU: Convergence failed at  30  side 2    Res =  0.1315E-02
 MRCHDU: Convergence failed at  31  side 2    Res =  0.4273E-03
 MRCHDU: Convergence failed at  32  side 2    Res =  0.2064E-03
 MRCHDU: Convergence failed at  33  side 2    Res =  0.2333E-03
 MRCHDU: Convergence failed at  34  side 2    Res =  0.1516E-02
 MRCHDU: Convergence failed at  35  side 2    Res =  0.1561E-02
 MRCHDU: Convergence failed at  36  side 2    Res =  0.1460E-02
 MRCHDU: Convergence failed at  37  side 2    Res =  0.9533E-02
 Side 1 forced transition at x/c =  1.0000   77
 Side 2  free  transition at x/c =  0.0413   24

  88   rms: 0.1885E+04   max: -.1931E+05   T at  107  2   RLX: 0.000
       a = 10.000      CL = -0.4207
      Cm =  0.0096     CD =+Infinity   =>   CDf =  0.00567    CDp =+Infinity

 MRCHDU: Convergence failed at  27  side 2    Res =  0.7299E-01
 MRCHDU: Convergence failed at  28  side 2    Res =  0.3655E-01
 MRCHDU: Convergence failed at  29  side 2    Res =  0.3720E-01
 MRCHDU: Convergence failed at  30  side 2    Res =  0.1330E-02
 MRCHDU: Convergence failed at  31  side 2    Res =  0.4332E-03
 MRCHDU: Convergence failed at  32  side 2    Res =  0.2097E-03
 MRCHDU: Convergence failed at  33  side 2    Res =  0.2374E-03
 MRCHDU: Convergence failed at  34  side 2    Res =  0.1534E-02
 MRCHDU: Convergence failed at  35  side 2    Res =  0.1591E-02
 MRCHDU: Convergence failed at  36  side 2    Res =  0.1493E-02
 MRCHDU: Convergence failed at  37  side 2    Res =  0.1073E-01
 Side 1 forced transition at x/c =  1.0000   77
 Side 2  free  transition at x/c =  0.0413   24

  89   rms: 0.3011E+03   max: -.4619E+04   T at  107  2   RLX: 0.000
       a = 10.000      CL = -0.4210
      Cm =  0.0096     CD =+Infinity   =>   CDf =  0.00567    CDp =+Infinity

 MRCHDU: Convergence failed at  27  side 2    Res =  0.7292E-01
 MRCHDU: Convergence failed at  28  side 2    Res =  0.3666E-01
 MRCHDU: Convergence failed at  29  side 2    Res =  0.3822E-01
 MRCHDU: Convergence failed at  30  side 2    Res =  0.1374E-02
 MRCHDU: Convergence failed at  31  side 2    Res =  0.4493E-03
 MRCHDU: Convergence failed at  32  side 2    Res =  0.2227E-03
 MRCHDU: Convergence failed at  33  side 2    Res =  0.2601E-03
 MRCHDU: Convergence failed at  34  side 2    Res =  0.1475E-02
 MRCHDU: Convergence failed at  35  side 2    Res =  0.1585E-02
 MRCHDU: Convergence failed at  36  side 2    Res =  0.1510E-02
 MRCHDU: Convergence failed at  37  side 2    Res =  0.1058E-01
 Side 1 forced transition at x/c =  1.0000   77
 Side 2  free  transition at x/c =  0.0413   24

  90   rms: 0.3554E+03   max: 0.3305E+04   T at   85  2   RLX: 0.000
       a = 10.000      CL = -0.4220
      Cm =  0.0101     CD =+Infinity   =>   CDf =  0.00567    CDp =+Infinity

 MRCHDU: Convergence failed at  27  side 2    Res =  0.7281E-01
 MRCHDU: Convergence failed at  28  side 2    Res =  0.3657E-01
 MRCHDU: Convergence failed at  29  side 2    Res =  0.3667E-01
 MRCHDU: Convergence failed at  30  side 2    Res =  0.1288E-02
 MRCHDU: Convergence failed at  31  side 2    Res =  0.4255E-03
 MRCHDU: Convergence failed at  32  side 2    Res =  0.2059E-03
 MRCHDU: Convergence failed at  33  side 2    Res =  0.2275E-03
 MRCHDU: Convergence failed at  34  side 2    Res =  0.1619E-02
 MRCHDU: Convergence failed at  35  side 2    Res =  0.1666E-02
 MRCHDU: Convergence failed at  36  side 2    Res =  0.1518E-02
 MRCHDU: Convergence failed at  37  side 2    Res =  0.1023E-01
 Side 1 forced transition at x/c =  1.0000   77
 Side 2  free  transition at x/c =  0.0413   24

  91   rms: 0.1427E+04   max: 0.2311E+05   T at   85  2   RLX: 0.000
       a = 10.000      CL = -0.4220
      Cm =  0.0103     CD =+Infinity   =>   CDf =  0.00567    CDp =+Infinity

 MRCHDU: Convergence failed at  27  side 2    Res =  0.7281E-01
 MRCHDU: Convergence failed at  28  side 2    Res =  0.3650E-01
 MRCHDU: Convergence failed at  29  side 2    Res =  0.3608E-01
 MRCHDU: Convergence failed at  30  side 2    Res =  0.1266E-02
 MRCHDU: Convergence failed at  31  side 2    Res =  0.4160E-03
 MRCHDU: Convergence failed at  32  side 2    Res =  0.2004E-03
 MRCHDU: Convergence failed at  33  side 2    Res =  0.2208E-03
 MRCHDU: Convergence failed at  34  side 2    Res =  0.1567E-02
 MRCHDU: Convergence failed at  35  side 2    Res =  0.1598E-02
 MRCHDU: Convergence failed at  36  side 2    Res =  0.1450E-02
 MRCHDU: Convergence failed at  37  side 2    Res =  0.8285E-02
 Side 1 forced transition at x/c =  1.0000   77
 Side 2  free  transition at x/c =  0.0413   24

  92   rms: 0.4120E+04   max: 0.7824E+05   T at   85  2   RLX: 0.000
       a = 10.000      CL = -0.4214
      Cm =  0.0101     CD =+Infinity   =>   CDf =  0.00567    CDp =+Infinity

 MRCHDU: Convergence failed at  27  side 2    Res =  0.7284E-01
 MRCHDU: Convergence failed at  28  side 2    Res =  0.3644E-01
 MRCHDU: Convergence failed at  29  side 2    Res =  0.3559E-01
 MRCHDU: Convergence failed at  30  side 2    Res =  0.1245E-02
 MRCHDU: Convergence failed at  31  side 2    Res =  0.4080E-03
 MRCHDU: Convergence failed at  32  side 2    Res =  0.1953E-03
 MRCHDU: Convergence failed at  33  side 2    Res =  0.2136E-03
 MRCHDU: Convergence failed at  34  side 2    Res =  0.1550E-02
 MRCHDU: Convergence failed at  35  side 2    Res =  0.1560E-02
 MRCHDU: Convergence failed at  36  side 2    Res =  0.1410E-02
 MRCHDU: Convergence failed at  37  side 2    Res =  0.7476E-02
 Side 1 forced transition at x/c =  1.0000   77
 Side 2  free  transition at x/c =  0.0413   24

  93   rms: 0.1597E+04   max: -.3095E+05   T at   85  2   RLX: 0.000
       a = 10.000      CL = -0.4211
      Cm =  0.0100     CD =+Infinity   =>   CDf =  0.00568    CDp =+Infinity

 MRCHDU: Convergence failed at  27  side 2    Res =  0.7285E-01
 MRCHDU: Convergence failed at  28  side 2    Res =  0.3644E-01
 MRCHDU: Convergence failed at  29  side 2    Res =  0.3557E-01
 MRCHDU: Convergence failed at  30  side 2    Res =  0.1245E-02
 MRCHDU: Convergence failed at  31  side 2    Res =  0.4082E-03
 MRCHDU: Convergence failed at  32  side 2    Res =  0.1951E-03
 MRCHDU: Convergence failed at  33  side 2    Res =  0.2129E-03
 MRCHDU: Convergence failed at  34  side 2    Res =  0.1559E-02
 MRCHDU: Convergence failed at  35  side 2    Res =  0.1566E-02
 MRCHDU: Convergence failed at  36  side 2    Res =  0.1414E-02
 MRCHDU: Convergence failed at  37  side 2    Res =  0.7566E-02
 Side 1 forced transition at x/c =  1.0000   77
 Side 2  free  transition at x/c =  0.0413   24

  94   rms: 0.1401E+04   max: -.2567E+05   T at   85  2   RLX: 0.000
       a = 10.000      CL = -0.4210
      Cm =  0.0099     CD =+Infinity   =>   CDf =  0.00567    CDp =+Infinity

 MRCHDU: Convergence failed at  27  side 2    Res =  0.7284E-01
 MRCHDU: Convergence failed at  28  side 2    Res =  0.3647E-01
 MRCHDU: Convergence failed at  29  side 2    Res =  0.3584E-01
 MRCHDU: Convergence failed at  30  side 2    Res =  0.1256E-02
 MRCHDU: Convergence failed at  31  side 2    Res =  0.4122E-03
 MRCHDU: Convergence failed at  32  side 2    Res =  0.1974E-03
 MRCHDU: Convergence failed at  33  side 2    Res =  0.2158E-03
 MRCHDU: Convergence failed at  34  side 2    Res =  0.1573E-02
 MRCHDU: Convergence failed at  35  side 2    Res =  0.1590E-02
 MRCHDU: Convergence failed at  36  side 2    Res =  0.1437E-02
 MRCHDU: Convergence failed at  37  side 2    Res =  0.8054E-02
 Side 1 forced transition at x/c =  1.0000   77
 Side 2  free  transition at x/c =  0.0413   24

  95   rms: 0.3987E+04   max: -.6915E+05   T at   85  2   RLX: 0.000
       a = 10.000      CL = -0.4211
      Cm =  0.0099     CD =+Infinity   =>   CDf =  0.00567    CDp =+Infinity

 MRCHDU: Convergence failed at  27  side 2    Res =  0.7281E-01
 MRCHDU: Convergence failed at  28  side 2    Res =  0.3652E-01
 MRCHDU: Convergence failed at  29  side 2    Res =  0.3621E-01
 MRCHDU: Convergence failed at  30  side 2    Res =  0.1270E-02
 MRCHDU: Convergence failed at  31  side 2    Res =  0.4179E-03
 MRCHDU: Convergence failed at  32  side 2    Res =  0.2008E-03
 MRCHDU: Convergence failed at  33  side 2    Res =  0.2203E-03
 MRCHDU: Convergence failed at  34  side 2    Res =  0.1582E-02
 MRCHDU: Convergence failed at  35  side 2    Res =  0.1614E-02
 MRCHDU: Convergence failed at  36  side 2    Res =  0.1465E-02
 MRCHDU: Convergence failed at  37  side 2    Res =  0.8717E-02
 Side 1 forced transition at x/c =  1.0000   77
 Side 2  free  transition at x/c =  0.0413   24

  96   rms: 0.1622E+04   max: 0.2730E+05   T at   85  2   RLX: 0.000
       a = 10.000      CL = -0.4215
      Cm =  0.0101     CD =+Infinity   =>   CDf =  0.00567    CDp =+Infinity

 MRCHDU: Convergence failed at  27  side 2    Res =  0.7281E-01
 MRCHDU: Convergence failed at  28  side 2    Res =  0.3648E-01
 MRCHDU: Convergence failed at  29  side 2    Res =  0.3574E-01
 MRCHDU: Convergence failed at  30  side 2    Res =  0.1252E-02
 MRCHDU: Convergence failed at  31  side 2    Res =  0.4115E-03
 MRCHDU: Convergence failed at  32  side 2    Res =  0.1962E-03
 MRCHDU: Convergence failed at  33  side 2    Res =  0.2129E-03
 MRCHDU: Convergence failed at  34  side 2    Res =  0.1582E-02
 MRCHDU: Convergence failed at  35  side 2    Res =  0.1592E-02
 MRCHDU: Convergence failed at  36  side 2    Res =  0.1438E-02
 MRCHDU: Convergence failed at  37  side 2    Res =  0.8147E-02
 Side 1 forced transition at x/c =  1.0000   77
 Side 2  free  transition at x/c =  0.0413   24

  97   rms: 0.2664E+04   max: -.4789E+05   T at   85  2   RLX: 0.000
       a = 10.000      CL = -0.4211
      Cm =  0.0099     CD =+Infinity   =>   CDf =  0.00567    CDp =+Infinity

 MRCHDU: Convergence failed at  27  side 2    Res =  0.7279E-01
 MRCHDU: Convergence failed at  28  side 2    Res =  0.3651E-01
 MRCHDU: Convergence failed at  29  side 2    Res =  0.3599E-01
 MRCHDU: Convergence failed at  30  side 2    Res =  0.1262E-02
 MRCHDU: Convergence failed at  31  side 2    Res =  0.4157E-03
 MRCHDU: Convergence failed at  32  side 2    Res =  0.1985E-03
 MRCHDU: Convergence failed at  33  side 2    Res =  0.2155E-03
 MRCHDU: Convergence failed at  34  side 2    Res =  0.1597E-02
 MRCHDU: Convergence failed at  35  side 2    Res =  0.1614E-02
 MRCHDU: Convergence failed at  36  side 2    Res =  0.1461E-02
 MRCHDU: Convergence failed at  37  side 2    Res =  0.8733E-02
 Side 1 forced transition at x/c =  1.0000   77
 Side 2  free  transition at x/c =  0.0413   24

  98   rms: 0.2761E+03   max: 0.4445E+04   T at   85  2   RLX: 0.000
       a = 10.000      CL = -0.4219
      Cm =  0.0102     CD =+Infinity   =>   CDf =  0.00567    CDp =+Infinity

 MRCHDU: Convergence failed at  27  side 2    Res =  0.7272E-01
 MRCHDU: Convergence failed at  28  side 2    Res =  0.3652E-01
 MRCHDU: Convergence failed at  29  side 2    Res =  0.3546E-01
 MRCHDU: Convergence failed at  30  side 2    Res =  0.1244E-02
 MRCHDU: Convergence failed at  31  side 2    Res =  0.4106E-03
 MRCHDU: Convergence failed at  32  side 2    Res =  0.2012E-03
 MRCHDU: Convergence failed at  33  side 2    Res =  0.2236E-03
 MRCHDU: Convergence failed at  34  side 2    Res =  0.1565E-02
 MRCHDU: Convergence failed at  35  side 2    Res =  0.1613E-02
 MRCHDU: Convergence failed at  36  side 2    Res =  0.1463E-02
 MRCHDU: Convergence failed at  37  side 2    Res =  0.8339E-02
 Side 1 forced transition at x/c =  1.0000   77
 Side 2  free  transition at x/c =  0.0413   24

  99   rms: 0.7842E+03   max: -.1369E+05   T at   85  2   RLX: 0.000
       a = 10.000      CL = -0.4213
      Cm =  0.0099     CD =+Infinity   =>   CDf =  0.00567    CDp =+Infinity

 MRCHDU: Convergence failed at  27  side 2    Res =  0.7266E-01
 MRCHDU: Convergence failed at  28  side 2    Res =  0.3658E-01
 MRCHDU: Convergence failed at  29  side 2    Res =  0.3584E-01
 MRCHDU: Convergence failed at  30  side 2    Res =  0.1259E-02
 MRCHDU: Convergence failed at  31  side 2    Res =  0.4167E-03
 MRCHDU: Convergence failed at  32  side 2    Res =  0.2049E-03
 MRCHDU: Convergence failed at  33  side 2    Res =  0.2288E-03
 MRCHDU: Convergence failed at  34  side 2    Res =  0.1576E-02
 MRCHDU: Convergence failed at  35  side 2    Res =  0.1638E-02
 MRCHDU: Convergence failed at  36  side 2    Res =  0.1491E-02
 MRCHDU: Convergence failed at  37  side 2    Res =  0.9041E-02
 Side 1 forced transition at x/c =  1.0000   77
 Side 2  free  transition at x/c =  0.0413   24

 100   rms: 0.3126E+03   max: -.4868E+04   T at   85  2   RLX: 0.000
       a = 10.000      CL = -0.4215
      Cm =  0.0099     CD =+Infinity   =>   CDf =  0.00567    CDp =+Infinity

 MRCHDU: Convergence failed at  27  side 2    Res =  0.7257E-01
 MRCHDU: Convergence failed at  28  side 2    Res =  0.3663E-01
 MRCHDU: Convergence failed at  29  side 2    Res =  0.3603E-01
 MRCHDU: Convergence failed at  30  side 2    Res =  0.1259E-02
 MRCHDU: Convergence failed at  31  side 2    Res =  0.4201E-03
 MRCHDU: Convergence failed at  32  side 2    Res =  0.2052E-03
 MRCHDU: Convergence failed at  33  side 2    Res =  0.2248E-03
 MRCHDU: Convergence failed at  34  side 2    Res =  0.1655E-02
 MRCHDU: Convergence failed at  35  side 2    Res =  0.1703E-02
 MRCHDU: Convergence failed at  36  side 2    Res =  0.1540E-02
 MRCHDU: Convergence failed at  37  side 2    Res =  0.1075E-01
 Side 1 forced transition at x/c =  1.0000   77
 Side 2  free  transition at x/c =  0.0413   24

 101   rms: 0.6941E+03   max: 0.6103E+04   T at  107  2   RLX: 0.000
       a = 10.000      CL = -0.4219
      Cm =  0.0101     CD =+Infinity   =>   CDf =  0.00567    CDp =+Infinity

 MRCHDU: Convergence failed at  27  side 2    Res =  0.7250E-01
 MRCHDU: Convergence failed at  28  side 2    Res =  0.3661E-01
 MRCHDU: Convergence failed at  29  side 2    Res =  0.3548E-01
 MRCHDU: Convergence failed at  30  side 2    Res =  0.1236E-02
 MRCHDU: Convergence failed at  31  side 2    Res =  0.4113E-03
 MRCHDU: Convergence failed at  32  side 2    Res =  0.1983E-03
 MRCHDU: Convergence failed at  33  side 2    Res =  0.2138E-03
 MRCHDU: Convergence failed at  34  side 2    Res =  0.1689E-02
 MRCHDU: Convergence failed at  35  side 2    Res =  0.1708E-02
 MRCHDU: Convergence failed at  36  side 2    Res =  0.1541E-02
 MRCHDU: Convergence failed at  37  side 2    Res =  0.1182E-01
 Side 1 forced transition at x/c =  1.0000   77
 Side 2  free  transition at x/c =  0.0413   24

 102   rms: 0.9067E+03   max: 0.9578E+04   T at  107  2   RLX: 0.000
       a = 10.000      CL = -0.4215
      Cm =  0.0099     CD =+Infinity   =>   CDf =  0.00567    CDp =+Infinity

 MRCHDU: Convergence failed at  27  side 2    Res =  0.7236E-01
 MRCHDU: Convergence failed at  28  side 2    Res =  0.3667E-01
 MRCHDU: Convergence failed at  29  side 2    Res =  0.3552E-01
 MRCHDU: Convergence failed at  30  side 2    Res =  0.1234E-02
 MRCHDU: Convergence failed at  31  side 2    Res =  0.4100E-03
 MRCHDU: Convergence failed at  32  side 2    Res =  0.1970E-03
 MRCHDU: Convergence failed at  33  side 2    Res =  0.2121E-03
 MRCHDU: Convergence failed at  34  side 2    Res =  0.1639E-02
 MRCHDU: Convergence failed at  35  side 2    Res =  0.1673E-02
 MRCHDU: Convergence failed at  36  side 2    Res =  0.1528E-02
 MRCHDU: Convergence failed at  37  side 2    Res =  0.1199E-01
 Side 1 forced transition at x/c =  1.0000   77
 Side 2  free  transition at x/c =  0.0413   24

 103   rms: 0.4126E+04   max: 0.3820E+05   T at   85  2   RLX: 0.000
       a = 10.000      CL = -0.4216
      Cm =  0.0099     CD =+Infinity   =>   CDf =  0.00567    CDp =+Infinity

 MRCHDU: Convergence failed at  27  side 2    Res =  0.7231E-01
 MRCHDU: Convergence failed at  28  side 2    Res =  0.3669E-01
 MRCHDU: Convergence failed at  29  side 2    Res =  0.3574E-01
 MRCHDU: Convergence failed at  30  side 2    Res =  0.1244E-02
 MRCHDU: Convergence failed at  31  side 2    Res =  0.4132E-03
 MRCHDU: Convergence failed at  32  side 2    Res =  0.1986E-03
 MRCHDU: Convergence failed at  33  side 2    Res =  0.2142E-03
 MRCHDU: Convergence failed at  34  side 2    Res =  0.1633E-02
 MRCHDU: Convergence failed at  35  side 2    Res =  0.1675E-02
 MRCHDU: Convergence failed at  36  side 2    Res =  0.1537E-02
 MRCHDU: Convergence failed at  37  side 2    Res =  0.1252E-01
 Side 1 forced transition at x/c =  1.0000   77
 Side 2  free  transition at x/c =  0.0413   24

 104   rms: 0.3400E+04   max: 0.4107E+05   T at   85  2   RLX: 0.000
       a = 10.000      CL = -0.4220
      Cm =  0.0101     CD =+Infinity   =>   CDf =  0.00567    CDp =+Infinity

 MRCHDU: Convergence failed at  27  side 2    Res =  0.7232E-01
 MRCHDU: Convergence failed at  28  side 2    Res =  0.3666E-01
 MRCHDU: Convergence failed at  29  side 2    Res =  0.3554E-01
 MRCHDU: Convergence failed at  30  side 2    Res =  0.1235E-02
 MRCHDU: Convergence failed at  31  side 2    Res =  0.4110E-03
 MRCHDU: Convergence failed at  32  side 2    Res =  0.1962E-03
 MRCHDU: Convergence failed at  33  side 2    Res =  0.2091E-03
 MRCHDU: Convergence failed at  34  side 2    Res =  0.1662E-02
 MRCHDU: Convergence failed at  35  side 2    Res =  0.1689E-02
 MRCHDU: Convergence failed at  36  side 2    Res =  0.1541E-02
 MRCHDU: Convergence failed at  37  side 2    Res =  0.1302E-01
 Side 1 forced transition at x/c =  1.0000   77
 Side 2  free  transition at x/c =  0.0413   24

 105   rms: 0.1759E+05   max: -.3384E+06   T at   85  2   RLX: 0.000
       a = 10.000      CL = -0.4221
      Cm =  0.0101     CD =+Infinity   =>   CDf =  0.00567    CDp =+Infinity

 MRCHDU: Convergence failed at  27  side 2    Res =  0.7232E-01
 MRCHDU: Convergence failed at  28  side 2    Res =  0.3666E-01
 MRCHDU: Convergence failed at  29  side 2    Res =  0.3555E-01
 MRCHDU: Convergence failed at  30  side 2    Res =  0.1235E-02
 MRCHDU: Convergence failed at  31  side 2    Res =  0.4112E-03
 MRCHDU: Convergence failed at  32  side 2    Res =  0.1963E-03
 MRCHDU: Convergence failed at  33  side 2    Res =  0.2093E-03
 MRCHDU: Convergence failed at  34  side 2    Res =  0.1664E-02
 MRCHDU: Convergence failed at  35  side 2    Res =  0.1691E-02
 MRCHDU: Convergence failed at  36  side 2    Res =  0.1543E-02
 MRCHDU: Convergence failed at  37  side 2    Res =  0.1310E-01
 Side 1 forced transition at x/c =  1.0000   77
 Side 2  free  transition at x/c =  0.0413   24

 106   rms: 0.4339E+04   max: 0.6798E+05   T at   85  2   RLX: 0.000
       a = 10.000      CL = -0.4223
      Cm =  0.0102     CD =+Infinity   =>   CDf =  0.00567    CDp =+Infinity

 MRCHDU: Convergence failed at  27  side 2    Res =  0.7234E-01
 MRCHDU: Convergence failed at  28  side 2    Res =  0.3666E-01
 MRCHDU: Convergence failed at  29  side 2    Res =  0.3564E-01
 MRCHDU: Convergence failed at  30  side 2    Res =  0.1240E-02
 MRCHDU: Convergence failed at  31  side 2    Res =  0.4131E-03
 MRCHDU: Convergence failed at  32  side 2    Res =  0.1979E-03
 MRCHDU: Convergence failed at  33  side 2    Res =  0.2116E-03
 MRCHDU: Convergence failed at  34  side 2    Res =  0.1653E-02
 MRCHDU: Convergence failed at  35  side 2    Res =  0.1685E-02
 MRCHDU: Convergence failed at  36  side 2    Res =  0.1540E-02
 MRCHDU: Convergence failed at  37  side 2    Res =  0.1266E-01
 Side 1 forced transition at x/c =  1.0000   77
 Side 2  free  transition at x/c =  0.0413   24

 107   rms: 0.6616E+05   max: -.1279E+07   T at   85  2   RLX: 0.000
       a = 10.000      CL = -0.4222
      Cm =  0.0101     CD =+Infinity   =>   CDf =  0.00567    CDp =+Infinity

 MRCHDU: Convergence failed at  27  side 2    Res =  0.7234E-01
 MRCHDU: Convergence failed at  28  side 2    Res =  0.3666E-01
 MRCHDU: Convergence failed at  29  side 2    Res =  0.3563E-01
 MRCHDU: Convergence failed at  30  side 2    Res =  0.1239E-02
 MRCHDU: Convergence failed at  31  side 2    Res =  0.4130E-03
 MRCHDU: Convergence failed at  32  side 2    Res =  0.1979E-03
 MRCHDU: Convergence failed at  33  side 2    Res =  0.2115E-03
 MRCHDU: Convergence failed at  34  side 2    Res =  0.1654E-02
 MRCHDU: Convergence failed at  35  side 2    Res =  0.1686E-02
 MRCHDU: Convergence failed at  36  side 2    Res =  0.1541E-02
 MRCHDU: Convergence failed at  37  side 2    Res =  0.1271E-01
 Side 1 forced transition at x/c =  1.0000   77
 Side 2  free  transition at x/c =  0.0413   24

 108   rms: 0.1224E+05   max: 0.2118E+06   T at   85  2   RLX: 0.000
       a = 10.000      CL = -0.4223
      Cm =  0.0102     CD =+Infinity   =>   CDf =  0.00567    CDp =+Infinity

 MRCHDU: Convergence failed at  27  side 2    Res =  0.7235E-01
 MRCHDU: Convergence failed at  28  side 2    Res =  0.3666E-01
 MRCHDU: Convergence failed at  29  side 2    Res =  0.3567E-01
 MRCHDU: Convergence failed at  30  side 2    Res =  0.1242E-02
 MRCHDU: Convergence failed at  31  side 2    Res =  0.4137E-03
 MRCHDU: Convergence failed at  32  side 2    Res =  0.1982E-03
 MRCHDU: Convergence failed at  33  side 2    Res =  0.2122E-03
 MRCHDU: Convergence failed at  34  side 2    Res =  0.1648E-02
 MRCHDU: Convergence failed at  35  side 2    Res =  0.1682E-02
 MRCHDU: Convergence failed at  36  side 2    Res =  0.1540E-02
 MRCHDU: Convergence failed at  37  side 2    Res =  0.1262E-01
 Side 1 forced transition at x/c =  1.0000   77
 Side 2  free  transition at x/c =  0.0413   24

 109   rms: 0.2708E+08   max: 0.5202E+09   T at   85  2   RLX: 0.000
       a = 10.000      CL = -0.4223
      Cm =  0.0102     CD =+Infinity   =>   CDf =  0.00567    CDp =+Infinity

 MRCHDU: Convergence failed at  27  side 2    Res =  0.7236E-01
 MRCHDU: Convergence failed at  28  side 2    Res =  0.3666E-01
 MRCHDU: Convergence failed at  29  side 2    Res =  0.3566E-01
 MRCHDU: Convergence failed at  30  side 2    Res =  0.1241E-02
 MRCHDU: Convergence failed at  31  side 2    Res =  0.4137E-03
 MRCHDU: Convergence failed at  32  side 2    Res =  0.1983E-03
 MRCHDU: Convergence failed at  33  side 2    Res =  0.2122E-03
 MRCHDU: Convergence failed at  34  side 2    Res =  0.1650E-02
 MRCHDU: Convergence failed at  35  side 2    Res =  0.1683E-02
 MRCHDU: Convergence failed at  36  side 2    Res =  0.1540E-02
 MRCHDU: Convergence failed at  37  side 2    Res =  0.1263E-01
 Side 1 forced transition at x/c =  1.0000   77
 Side 2  free  transition at x/c =  0.0413   24

 110   rms: 0.5384E+05   max: 0.1040E+07   T at   85  2   RLX: 0.000
       a = 10.000      CL = -0.4222
      Cm =  0.0101     CD =+Infinity   =>   CDf =  0.00567    CDp =+Infinity

 MRCHDU: Convergence failed at  27  side 2    Res =  0.7234E-01
 MRCHDU: Convergence failed at  28  side 2    Res =  0.3666E-01
 MRCHDU: Convergence failed at  29  side 2    Res =  0.3563E-01
 MRCHDU: Convergence failed at  30  side 2    Res =  0.1240E-02
 MRCHDU: Convergence failed at  31  side 2    Res =  0.4135E-03
 MRCHDU: Convergence failed at  32  side 2    Res =  0.1980E-03
 MRCHDU: Convergence failed at  33  side 2    Res =  0.2114E-03
 MRCHDU: Convergence failed at  34  side 2    Res =  0.1653E-02
 MRCHDU: Convergence failed at  35  side 2    Res =  0.1685E-02
 MRCHDU: Convergence failed at  36  side 2    Res =  0.1541E-02
 MRCHDU: Convergence failed at  37  side 2    Res =  0.1276E-01
 Side 1 forced transition at x/c =  1.0000   77
 Side 2  free  transition at x/c =  0.0413   24

 111   rms: 0.5762E+04   max: -.1049E+06   T at   85  2   RLX: 0.000
       a = 10.000      CL = -0.4223
      Cm =  0.0101     CD =+Infinity   =>   CDf =  0.00567    CDp =+Infinity

 MRCHDU: Convergence failed at  27  side 2    Res =  0.7234E-01
 MRCHDU: Convergence failed at  28  side 2    Res =  0.3666E-01
 MRCHDU: Convergence failed at  29  side 2    Res =  0.3567E-01
 MRCHDU: Convergence failed at  30  side 2    Res =  0.1241E-02
 MRCHDU: Convergence failed at  31  side 2    Res =  0.4140E-03
 MRCHDU: Convergence failed at  32  side 2    Res =  0.1982E-03
 MRCHDU: Convergence failed at  33  side 2    Res =  0.2116E-03
 MRCHDU: Convergence failed at  34  side 2    Res =  0.1649E-02
 MRCHDU: Convergence failed at  35  side 2    Res =  0.1681E-02
 MRCHDU: Convergence failed at  36  side 2    Res =  0.1539E-02
 MRCHDU: Convergence failed at  37  side 2    Res =  0.1260E-01
 Side 1 forced transition at x/c =  1.0000   77
 Side 2  free  transition at x/c =  0.0413   24

 112   rms: 0.1454E+04   max: -.2669E+05   T at   85  2   RLX: 0.000
       a = 10.000      CL = -0.4223
      Cm =  0.0102     CD =+Infinity   =>   CDf =  0.00567    CDp =+Infinity

 MRCHDU: Convergence failed at  27  side 2    Res =  0.7235E-01
 MRCHDU: Convergence failed at  28  side 2    Res =  0.3666E-01
 MRCHDU: Convergence failed at  29  side 2    Res =  0.3566E-01
 MRCHDU: Convergence failed at  30  side 2    Res =  0.1238E-02
 MRCHDU: Convergence failed at  31  side 2    Res =  0.4127E-03
 MRCHDU: Convergence failed at  32  side 2    Res =  0.1976E-03
 MRCHDU: Convergence failed at  33  side 2    Res =  0.2110E-03
 MRCHDU: Convergence failed at  34  side 2    Res =  0.1656E-02
 MRCHDU: Convergence failed at  35  side 2    Res =  0.1685E-02
 MRCHDU: Convergence failed at  36  side 2    Res =  0.1539E-02
 MRCHDU: Convergence failed at  37  side 2    Res =  0.1266E-01
 Side 1 forced transition at x/c =  1.0000   77
 Side 2  free  transition at x/c =  0.0413   24

 113   rms: 0.1115E+05   max: -.2042E+06   T at   85  2   RLX: 0.000
       a = 10.000      CL = -0.4224
      Cm =  0.0102     CD =+Infinity   =>   CDf =  0.00567    CDp =+Infinity

 MRCHDU: Convergence failed at  27  side 2    Res =  0.7235E-01
 MRCHDU: Convergence failed at  28  side 2    Res =  0.3665E-01
 MRCHDU: Convergence failed at  29  side 2    Res =  0.3565E-01
 MRCHDU: Convergence failed at  30  side 2    Res =  0.1238E-02
 MRCHDU: Convergence failed at  31  side 2    Res =  0.4126E-03
 MRCHDU: Convergence failed at  32  side 2    Res =  0.1975E-03
 MRCHDU: Convergence failed at  33  side 2    Res =  0.2109E-03
 MRCHDU: Convergence failed at  34  side 2    Res =  0.1657E-02
 MRCHDU: Convergence failed at  35  side 2    Res =  0.1685E-02
 MRCHDU: Convergence failed at  36  side 2    Res =  0.1539E-02
 MRCHDU: Convergence failed at  37  side 2    Res =  0.1269E-01
 Side 1 forced transition at x/c =  1.0000   77
 Side 2  free  transition at x/c =  0.0413   24

 114   rms: 0.1391E+05   max: 0.2689E+06   T at   85  2   RLX: 0.000
       a = 10.000      CL = -0.4223
      Cm =  0.0102     CD =+Infinity   =>   CDf =  0.00567    CDp =+Infinity

 MRCHDU: Convergence failed at  27  side 2    Res =  0.7235E-01
 MRCHDU: Convergence failed at  28  side 2    Res =  0.3665E-01
 MRCHDU: Convergence failed at  29  side 2    Res =  0.3555E-01
 MRCHDU: Convergence failed at  30  side 2    Res =  0.1233E-02
 MRCHDU: Convergence failed at  31  side 2    Res =  0.4110E-03
 MRCHDU: Convergence failed at  32  side 2    Res =  0.1961E-03
 MRCHDU: Convergence failed at  33  side 2    Res =  0.2085E-03
 MRCHDU: Convergence failed at  34  side 2    Res =  0.1669E-02
 MRCHDU: Convergence failed at  35  side 2    Res =  0.1688E-02
 MRCHDU: Convergence failed at  36  side 2    Res =  0.1539E-02
 MRCHDU: Convergence failed at  37  side 2    Res =  0.1282E-01
 MRCHDU: Convergence failed at  74  side 2    Res =  0.7666E-01
 Side 1 forced transition at x/c =  1.0000   77
 Side 2  free  transition at x/c =  0.0413   24

 115   rms: 0.2165E+05   max: 0.1716E+06   T at   85  2   RLX: 0.000
       a = 10.000      CL = -0.4223
      Cm =  0.0101     CD =+Infinity   =>   CDf =  0.00567    CDp =+Infinity

 MRCHDU: Convergence failed at  27  side 2    Res =  0.7233E-01
 MRCHDU: Convergence failed at  28  side 2    Res =  0.3664E-01
 MRCHDU: Convergence failed at  29  side 2    Res =  0.3539E-01
 MRCHDU: Convergence failed at  30  side 2    Res =  0.1227E-02
 MRCHDU: Convergence failed at  31  side 2    Res =  0.4081E-03
 MRCHDU: Convergence failed at  32  side 2    Res =  0.1939E-03
 MRCHDU: Convergence failed at  33  side 2    Res =  0.2056E-03
 MRCHDU: Convergence failed at  34  side 2    Res =  0.1677E-02
 MRCHDU: Convergence failed at  35  side 2    Res =  0.1689E-02
 MRCHDU: Convergence failed at  36  side 2    Res =  0.1535E-02
 MRCHDU: Convergence failed at  37  side 2    Res =  0.1287E-01
 MRCHDU: Convergence failed at  74  side 2    Res =  0.9326E-01
 MRCHDU: Convergence failed at  75  side 2    Res =  0.3220E-02
 MRCHDU: Convergence failed at  76  side 2    Res =  0.7042E-03
 MRCHDU: Convergence failed at  77  side 2    Res =  0.3071E-03
 MRCHDU: Convergence failed at  79  side 2    Res =  0.7350E-05
 MRCHDU: Convergence failed at  80  side 2    Res =  0.5656E-05
 MRCHDU: Convergence failed at  82  side 2    Res =  0.7481E-05
 Side 1 forced transition at x/c =  1.0000   77
 Side 2  free  transition at x/c =  0.0413   24

 116   rms: 0.2910E+04   max: -.7841E+05   T at   80  2   RLX: 0.000
       a = 10.000      CL = -0.4222
      Cm =  0.0101     CD =+Infinity   =>   CDf =  0.00568    CDp =+Infinity

 MRCHDU: Convergence failed at  27  side 2    Res =  0.7233E-01
 MRCHDU: Convergence failed at  28  side 2    Res =  0.3664E-01
 MRCHDU: Convergence failed at  29  side 2    Res =  0.3533E-01
 MRCHDU: Convergence failed at  30  side 2    Res =  0.1225E-02
 MRCHDU: Convergence failed at  31  side 2    Res =  0.4070E-03
 MRCHDU: Convergence failed at  32  side 2    Res =  0.1930E-03
 MRCHDU: Convergence failed at  33  side 2    Res =  0.2042E-03
 MRCHDU: Convergence failed at  34  side 2    Res =  0.1684E-02
 MRCHDU: Convergence failed at  35  side 2    Res =  0.1692E-02
 MRCHDU: Convergence failed at  36  side 2    Res =  0.1536E-02
 MRCHDU: Convergence failed at  37  side 2    Res =  0.1304E-01
 MRCHDU: Convergence failed at  74  side 2    Res =  0.8659E-01
 MRCHDU: Convergence failed at  75  side 2    Res =  0.3221E-02
 MRCHDU: Convergence failed at  76  side 2    Res =  0.7045E-03
 MRCHDU: Convergence failed at  77  side 2    Res =  0.3079E-03
 MRCHDU: Convergence failed at  79  side 2    Res =  0.7341E-05
 MRCHDU: Convergence failed at  82  side 2    Res =  0.7209E-05
 Side 1 forced transition at x/c =  1.0000   77
 Side 2  free  transition at x/c =  0.0413   24

 117   rms: 0.1317E+05   max: -.2487E+06   T at   85  2   RLX: 0.000
       a = 10.000      CL = -0.4222
      Cm =  0.0101     CD =+Infinity   =>   CDf =  0.00567    CDp =+Infinity

 MRCHDU: Convergence failed at  27  side 2    Res =  0.7233E-01
 MRCHDU: Convergence failed at  28  side 2    Res =  0.3664E-01
 MRCHDU: Convergence failed at  29  side 2    Res =  0.3536E-01
 MRCHDU: Convergence failed at  30  side 2    Res =  0.1227E-02
 MRCHDU: Convergence failed at  31  side 2    Res =  0.4075E-03
 MRCHDU: Convergence failed at  32  side 2    Res =  0.1934E-03
 MRCHDU: Convergence failed at  33  side 2    Res =  0.2051E-03
 MRCHDU: Convergence failed at  34  side 2    Res =  0.1682E-02
 MRCHDU: Convergence failed at  35  side 2    Res =  0.1692E-02
 MRCHDU: Convergence failed at  36  side 2    Res =  0.1536E-02
 MRCHDU: Convergence failed at  37  side 2    Res =  0.1298E-01
 MRCHDU: Convergence failed at  74  side 2    Res =  0.9920E-01
 MRCHDU: Convergence failed at  75  side 2    Res =  0.3197E-02
 MRCHDU: Convergence failed at  76  side 2    Res =  0.6954E-03
 MRCHDU: Convergence failed at  77  side 2    Res =  0.3005E-03
 MRCHDU: Convergence failed at  79  side 2    Res =  0.7312E-05
 MRCHDU: Convergence failed at  82  side 2    Res =  0.7032E-05
 Side 1 forced transition at x/c =  1.0000   77
 Side 2  free  transition at x/c =  0.0413   24

 118   rms: 0.5493E+05   max: 0.1046E+07   T at   85  2   RLX: 0.000
       a = 10.000      CL = -0.4221
      Cm =  0.0100     CD =+Infinity   =>   CDf =  0.00567    CDp =+Infinity

 MRCHDU: Convergence failed at  27  side 2    Res =  0.7231E-01
 MRCHDU: Convergence failed at  28  side 2    Res =  0.3666E-01
 MRCHDU: Convergence failed at  29  side 2    Res =  0.3543E-01
 MRCHDU: Convergence failed at  30  side 2    Res =  0.1227E-02
 MRCHDU: Convergence failed at  31  side 2    Res =  0.4079E-03
 MRCHDU: Convergence failed at  32  side 2    Res =  0.1940E-03
 MRCHDU: Convergence failed at  33  side 2    Res =  0.2060E-03
 MRCHDU: Convergence failed at  34  side 2    Res =  0.1676E-02
 MRCHDU: Convergence failed at  35  side 2    Res =  0.1688E-02
 MRCHDU: Convergence failed at  36  side 2    Res =  0.1536E-02
 MRCHDU: Convergence failed at  37  side 2    Res =  0.1293E-01
 MRCHDU: Convergence failed at  74  side 2    Res =  0.1276E+00
 Side 1 forced transition at x/c =  1.0000   77
 Side 2  free  transition at x/c =  0.0413   24

 119   rms: 0.3599E+06   max: -.6702E+07   T at   85  2   RLX: 0.000
       a = 10.000      CL = -0.4222
      Cm =  0.0101     CD =+Infinity   =>   CDf =  0.00567    CDp =+Infinity

 MRCHDU: Convergence failed at  27  side 2    Res =  0.7231E-01
 MRCHDU: Convergence failed at  28  side 2    Res =  0.3665E-01
 MRCHDU: Convergence failed at  29  side 2    Res =  0.3540E-01
 MRCHDU: Convergence failed at  30  side 2    Res =  0.1226E-02
 MRCHDU: Convergence failed at  31  side 2    Res =  0.4076E-03
 MRCHDU: Convergence failed at  32  side 2    Res =  0.1938E-03
 MRCHDU: Convergence failed at  33  side 2    Res =  0.2056E-03
 MRCHDU: Convergence failed at  34  side 2    Res =  0.1683E-02
 MRCHDU: Convergence failed at  35  side 2    Res =  0.1693E-02
 MRCHDU: Convergence failed at  36  side 2    Res =  0.1538E-02
 MRCHDU: Convergence failed at  37  side 2    Res =  0.1309E-01
 MRCHDU: Convergence failed at  74  side 2    Res =  0.7932E-01
 MRCHDU: Convergence failed at  75  side 2    Res =  0.3146E-02
 MRCHDU: Convergence failed at  76  side 2    Res =  0.6789E-03
 MRCHDU: Convergence failed at  77  side 2    Res =  0.2870E-03
 MRCHDU: Convergence failed at  79  side 2    Res =  0.7161E-05
 MRCHDU: Convergence failed at  82  side 2    Res =  0.6109E-05
 Side 1 forced transition at x/c =  1.0000   77
 Side 2  free  transition at x/c =  0.0413   24

 120   rms: 0.4396E+05   max: 0.6767E+06   T at   85  2   RLX: 0.000
       a = 10.000      CL = -0.4223
      Cm =  0.0101     CD =+Infinity   =>   CDf =  0.00567    CDp =+Infinity

 MRCHDU: Convergence failed at  27  side 2    Res =  0.7234E-01
 MRCHDU: Convergence failed at  28  side 2    Res =  0.3663E-01
 MRCHDU: Convergence failed at  29  side 2    Res =  0.3539E-01
 MRCHDU: Convergence failed at  30  side 2    Res =  0.1227E-02
 MRCHDU: Convergence failed at  31  side 2    Res =  0.4081E-03
 MRCHDU: Convergence failed at  32  side 2    Res =  0.1939E-03
 MRCHDU: Convergence failed at  33  side 2    Res =  0.2054E-03
 MRCHDU: Convergence failed at  34  side 2    Res =  0.1682E-02
 MRCHDU: Convergence failed at  35  side 2    Res =  0.1691E-02
 MRCHDU: Convergence failed at  36  side 2    Res =  0.1536E-02
 MRCHDU: Convergence failed at  37  side 2    Res =  0.1292E-01
 MRCHDU: Convergence failed at  74  side 2    Res =  0.3496E-01
 Side 1 forced transition at x/c =  1.0000   77
 Side 2  free  transition at x/c =  0.0413   24

 121   rms: 0.1184E+06   max: -.3201E+07   T at   80  2   RLX: 0.000
       a = 10.000      CL = -0.4223
      Cm =  0.0101     CD =+Infinity   =>   CDf =  0.00567    CDp =+Infinity

 MRCHDU: Convergence failed at  27  side 2    Res =  0.7236E-01
 MRCHDU: Convergence failed at  28  side 2    Res =  0.3663E-01
 MRCHDU: Convergence failed at  29  side 2    Res =  0.3538E-01
 MRCHDU: Convergence failed at  30  side 2    Res =  0.1227E-02
 MRCHDU: Convergence failed at  31  side 2    Res =  0.4081E-03
 MRCHDU: Convergence failed at  32  side 2    Res =  0.1938E-03
 MRCHDU: Convergence failed at  33  side 2    Res =  0.2054E-03
 MRCHDU: Convergence failed at  34  side 2    Res =  0.1682E-02
 MRCHDU: Convergence failed at  35  side 2    Res =  0.1692E-02
 MRCHDU: Convergence failed at  36  side 2    Res =  0.1536E-02
 MRCHDU: Convergence failed at  37  side 2    Res =  0.1293E-01
 MRCHDU: Convergence failed at  74  side 2    Res =  0.3489E-01
 Side 1 forced transition at x/c =  1.0000   77
 Side 2  free  transition at x/c =  0.0413   24

 122   rms: 0.3550E+05   max: -.9494E+06   T at   80  2   RLX: 0.000
       a = 10.000      CL = -0.4223
      Cm =  0.0101     CD =+Infinity   =>   CDf =  0.00567    CDp =+Infinity

 MRCHDU: Convergence failed at  27  side 2    Res =  0.7236E-01
 MRCHDU: Convergence failed at  28  side 2    Res =  0.3662E-01
 MRCHDU: Convergence failed at  29  side 2    Res =  0.3538E-01
 MRCHDU: Convergence failed at  30  side 2    Res =  0.1227E-02
 MRCHDU: Convergence failed at  31  side 2    Res =  0.4080E-03
 MRCHDU: Convergence failed at  32  side 2    Res =  0.1938E-03
 MRCHDU: Convergence failed at  33  side 2    Res =  0.2053E-03
 MRCHDU: Convergence failed at  34  side 2    Res =  0.1682E-02
 MRCHDU: Convergence failed at  35  side 2    Res =  0.1692E-02
 MRCHDU: Convergence failed at  36  side 2    Res =  0.1536E-02
 MRCHDU: Convergence failed at  37  side 2    Res =  0.1293E-01
 MRCHDU: Convergence failed at  74  side 2    Res =  0.4121E-01
 Side 1 forced transition at x/c =  1.0000   77
 Side 2  free  transition at x/c =  0.0413   24

 123   rms: 0.2283E+04   max: 0.3975E+05   T at   85  2   RLX: 0.000
       a = 10.000      CL = -0.4220
      Cm =  0.0099     CD =+Infinity   =>   CDf =  0.00567    CDp =+Infinity

 MRCHDU: Convergence failed at  27  side 2    Res =  0.7232E-01
 MRCHDU: Convergence failed at  28  side 2    Res =  0.3661E-01
 MRCHDU: Convergence failed at  29  side 2    Res =  0.3489E-01
 MRCHDU: Convergence failed at  30  side 2    Res =  0.1211E-02
 MRCHDU: Convergence failed at  31  side 2    Res =  0.4014E-03
 MRCHDU: Convergence failed at  32  side 2    Res =  0.1898E-03
 MRCHDU: Convergence failed at  33  side 2    Res =  0.2003E-03
 MRCHDU: Convergence failed at  34  side 2    Res =  0.1734E-02
 MRCHDU: Convergence failed at  35  side 2    Res =  0.1716E-02
 MRCHDU: Convergence failed at  36  side 2    Res =  0.1550E-02
 MRCHDU: Convergence failed at  37  side 2    Res =  0.1464E-01
 MRCHDU: Convergence failed at  74  side 2    Res =  0.1220E+00
 Side 1 forced transition at x/c =  1.0000   77
 Side 2  free  transition at x/c =  0.0413   24

 124   rms: 0.8107E+04   max: -.1289E+06   T at   85  2   RLX: 0.000
       a = 10.000      CL = -0.4224
      Cm =  0.0101     CD =+Infinity   =>   CDf =  0.00568    CDp =+Infinity

 MRCHDU: Convergence failed at  27  side 2    Res =  0.7233E-01
 MRCHDU: Convergence failed at  28  side 2    Res =  0.3658E-01
 MRCHDU: Convergence failed at  29  side 2    Res =  0.3472E-01
 MRCHDU: Convergence failed at  30  side 2    Res =  0.1207E-02
 MRCHDU: Convergence failed at  31  side 2    Res =  0.3990E-03
 MRCHDU: Convergence failed at  32  side 2    Res =  0.1881E-03
 MRCHDU: Convergence failed at  33  side 2    Res =  0.1980E-03
 MRCHDU: Convergence failed at  34  side 2    Res =  0.1744E-02
 MRCHDU: Convergence failed at  35  side 2    Res =  0.1718E-02
 MRCHDU: Convergence failed at  36  side 2    Res =  0.1548E-02
 MRCHDU: Convergence failed at  37  side 2    Res =  0.1486E-01
 Side 1 forced transition at x/c =  1.0000   77
 Side 2  free  transition at x/c =  0.0413   24

 125   rms: 0.1388E+04   max: 0.2010E+05   T at   85  2   RLX: 0.000
       a = 10.000      CL = -0.4222
      Cm =  0.0100     CD =+Infinity   =>   CDf =  0.00567    CDp =+Infinity

 MRCHDU: Convergence failed at  27  side 2    Res =  0.7231E-01
 MRCHDU: Convergence failed at  28  side 2    Res =  0.3662E-01
 MRCHDU: Convergence failed at  29  side 2    Res =  0.3500E-01
 MRCHDU: Convergence failed at  30  side 2    Res =  0.1213E-02
 MRCHDU: Convergence failed at  31  side 2    Res =  0.4023E-03
 MRCHDU: Convergence failed at  32  side 2    Res =  0.1895E-03
 MRCHDU: Convergence failed at  33  side 2    Res =  0.1990E-03
 MRCHDU: Convergence failed at  34  side 2    Res =  0.1703E-02
 MRCHDU: Convergence failed at  35  side 2    Res =  0.1687E-02
 MRCHDU: Convergence failed at  36  side 2    Res =  0.1529E-02
 MRCHDU: Convergence failed at  37  side 2    Res =  0.1380E-01
 MRCHDU: Convergence failed at  74  side 2    Res =  0.4341E-01
 MRCHDU: Convergence failed at  75  side 2    Res =  0.4111E-02
 MRCHDU: Convergence failed at  76  side 2    Res =  0.8395E-03
 MRCHDU: Convergence failed at  77  side 2    Res =  0.4507E-03
 MRCHDU: Convergence failed at  79  side 2    Res =  0.7369E-05
 MRCHDU: Convergence failed at  82  side 2    Res =  0.5350E-05
 MRCHDU: Convergence failed at  98  side 2    Res =  0.7252E-04
 MRCHDU: Convergence failed at  99  side 2    Res =  0.1414E-03
 MRCHDU: Convergence failed at 100  side 2    Res =  0.5289E-03
 MRCHDU: Convergence failed at 101  side 2    Res =  0.9941E-04
 Side 1 forced transition at x/c =  1.0000   77
 Side 2  free  transition at x/c =  0.0413   24

 126   rms: 0.2956E+06   max: -.6881E+07   T at   81  2   RLX: 0.000
       a = 10.000      CL = -0.4221
      Cm =  0.0099     CD =+Infinity   =>   CDf =  0.00568    CDp =+Infinity

 MRCHDU: Convergence failed at  27  side 2    Res =  0.7229E-01
 MRCHDU: Convergence failed at  28  side 2    Res =  0.3662E-01
 MRCHDU: Convergence failed at  29  side 2    Res =  0.3496E-01
 MRCHDU: Convergence failed at  30  side 2    Res =  0.1212E-02
 MRCHDU: Convergence failed at  31  side 2    Res =  0.4017E-03
 MRCHDU: Convergence failed at  32  side 2    Res =  0.1891E-03
 MRCHDU: Convergence failed at  33  side 2    Res =  0.1986E-03
 MRCHDU: Convergence failed at  34  side 2    Res =  0.1708E-02
 MRCHDU: Convergence failed at  35  side 2    Res =  0.1688E-02
 MRCHDU: Convergence failed at  36  side 2    Res =  0.1529E-02
 MRCHDU: Convergence failed at  37  side 2    Res =  0.1386E-01
 MRCHDU: Convergence failed at  74  side 2    Res =  0.3541E-01
 Side 1 forced transition at x/c =  1.0000   77
 Side 2  free  transition at x/c =  0.0413   24

 127   rms: 0.4375E+05   max: 0.9982E+06   T at   79  2   RLX: 0.000
       a = 10.000      CL = -0.4218
      Cm =  0.0098     CD =+Infinity   =>   CDf =  0.00568    CDp =+Infinity

 MRCHDU: Convergence failed at  27  side 2    Res =  0.7222E-01
 MRCHDU: Convergence failed at  28  side 2    Res =  0.3668E-01
 MRCHDU: Convergence failed at  29  side 2    Res =  0.3522E-01
 MRCHDU: Convergence failed at  30  side 2    Res =  0.1221E-02
 MRCHDU: Convergence failed at  31  side 2    Res =  0.4026E-03
 MRCHDU: Convergence failed at  32  side 2    Res =  0.1897E-03
 MRCHDU: Convergence failed at  33  side 2    Res =  0.2012E-03
 MRCHDU: Convergence failed at  34  side 2    Res =  0.1673E-02
 MRCHDU: Convergence failed at  35  side 2    Res =  0.1673E-02
 MRCHDU: Convergence failed at  36  side 2    Res =  0.1526E-02
 MRCHDU: Convergence failed at  37  side 2    Res =  0.1377E-01
 MRCHDU: Convergence failed at  74  side 2    Res =  0.7182E-01
 MRCHDU: Convergence failed at  75  side 2    Res =  0.3968E-02
 MRCHDU: Convergence failed at  76  side 2    Res =  0.8425E-03
 MRCHDU: Convergence failed at  77  side 2    Res =  0.4624E-03
 MRCHDU: Convergence failed at  79  side 2    Res =  0.8790E-05
 MRCHDU: Convergence failed at  95  side 2    Res =  0.6556E-04
 MRCHDU: Convergence failed at  96  side 2    Res =  0.6182E-04
 MRCHDU: Convergence failed at  97  side 2    Res =  0.1412E-03
 MRCHDU: Convergence failed at  98  side 2    Res =  0.1753E-03
 MRCHDU: Convergence failed at  99  side 2    Res =  0.1570E-03
 MRCHDU: Convergence failed at 100  side 2    Res =  0.5438E-03
 MRCHDU: Convergence failed at 101  side 2    Res =  0.1131E-03
 Side 1 forced transition at x/c =  1.0000   77
 Side 2  free  transition at x/c =  0.0413   24

 128   rms: 0.6122E+05   max: -.1172E+07   T at   79  2   RLX: 0.000
       a = 10.000      CL = -0.4219
      Cm =  0.0098     CD =+Infinity   =>   CDf =  0.00568    CDp =+Infinity

 MRCHDU: Convergence failed at  27  side 2    Res =  0.7218E-01
 MRCHDU: Convergence failed at  28  side 2    Res =  0.3669E-01
 MRCHDU: Convergence failed at  29  side 2    Res =  0.3522E-01
 MRCHDU: Convergence failed at  30  side 2    Res =  0.1221E-02
 MRCHDU: Convergence failed at  31  side 2    Res =  0.4021E-03
 MRCHDU: Convergence failed at  32  side 2    Res =  0.1894E-03
 MRCHDU: Convergence failed at  33  side 2    Res =  0.2011E-03
 MRCHDU: Convergence failed at  34  side 2    Res =  0.1673E-02
 MRCHDU: Convergence failed at  35  side 2    Res =  0.1672E-02
 MRCHDU: Convergence failed at  36  side 2    Res =  0.1525E-02
 MRCHDU: Convergence failed at  37  side 2    Res =  0.1375E-01
 MRCHDU: Convergence failed at  74  side 2    Res =  0.6840E-01
 MRCHDU: Convergence failed at  75  side 2    Res =  0.3991E-02
 MRCHDU: Convergence failed at  76  side 2    Res =  0.8497E-03
 MRCHDU: Convergence failed at  77  side 2    Res =  0.4680E-03
 MRCHDU: Convergence failed at  79  side 2    Res =  0.7158E-05
 MRCHDU: Convergence failed at  93  side 2    Res =  0.4228E-04
 MRCHDU: Convergence failed at  94  side 2    Res =  0.3341E-04
 MRCHDU: Convergence failed at  95  side 2    Res =  0.9358E-04
 MRCHDU: Convergence failed at  96  side 2    Res =  0.6889E-04
 MRCHDU: Convergence failed at  97  side 2    Res =  0.1487E-03
 MRCHDU: Convergence failed at  98  side 2    Res =  0.1831E-03
 MRCHDU: Convergence failed at  99  side 2    Res =  0.1654E-03
 MRCHDU: Convergence failed at 100  side 2    Res =  0.5506E-03
 MRCHDU: Convergence failed at 101  side 2    Res =  0.1203E-03
 Side 1 forced transition at x/c =  1.0000   77
 Side 2  free  transition at x/c =  0.0413   24

 129   rms: 0.3152E+05   max: -.7489E+06   T at   80  2   RLX: 0.000
       a = 10.000      CL = -0.4220
      Cm =  0.0098     CD =+Infinity   =>   CDf =  0.00568    CDp =+Infinity

 MRCHDU: Convergence failed at  27  side 2    Res =  0.7217E-01
 MRCHDU: Convergence failed at  28  side 2    Res =  0.3670E-01
 MRCHDU: Convergence failed at  29  side 2    Res =  0.3523E-01
 MRCHDU: Convergence failed at  30  side 2    Res =  0.1222E-02
 MRCHDU: Convergence failed at  31  side 2    Res =  0.4024E-03
 MRCHDU: Convergence failed at  32  side 2    Res =  0.1898E-03
 MRCHDU: Convergence failed at  33  side 2    Res =  0.2018E-03
 MRCHDU: Convergence failed at  34  side 2    Res =  0.1670E-02
 MRCHDU: Convergence failed at  35  side 2    Res =  0.1674E-02
 MRCHDU: Convergence failed at  36  side 2    Res =  0.1527E-02
 MRCHDU: Convergence failed at  37  side 2    Res =  0.1376E-01
 MRCHDU: Convergence failed at  74  side 2    Res =  0.7555E-01
 MRCHDU: Convergence failed at  75  side 2    Res =  0.3947E-02
 MRCHDU: Convergence failed at  76  side 2    Res =  0.8360E-03
 MRCHDU: Convergence failed at  77  side 2    Res =  0.4571E-03
 MRCHDU: Convergence failed at  79  side 2    Res =  0.6536E-05
 MRCHDU: Convergence failed at  93  side 2    Res =  0.4731E-04
 MRCHDU: Convergence failed at  94  side 2    Res =  0.3379E-04
 MRCHDU: Convergence failed at  95  side 2    Res =  0.9400E-04
 MRCHDU: Convergence failed at  96  side 2    Res =  0.6915E-04
 MRCHDU: Convergence failed at  97  side 2    Res =  0.1500E-03
 MRCHDU: Convergence failed at  98  side 2    Res =  0.1835E-03
 MRCHDU: Convergence failed at  99  side 2    Res =  0.1659E-03
 MRCHDU: Convergence failed at 100  side 2    Res =  0.5510E-03
 MRCHDU: Convergence failed at 101  side 2    Res =  0.1207E-03
 MRCHDU: Convergence failed at 102  side 2    Res =  0.5495E-05
 Side 1 forced transition at x/c =  1.0000   77
 Side 2  free  transition at x/c =  0.0413   24

 130   rms: 0.1038E+06   max: -.2448E+07   T at   81  2   RLX: 0.000
       a = 10.000      CL = -0.4219
      Cm =  0.0098     CD =+Infinity   =>   CDf =  0.00568    CDp =+Infinity

 MRCHDU: Convergence failed at  27  side 2    Res =  0.7214E-01
 MRCHDU: Convergence failed at  28  side 2    Res =  0.3672E-01
 MRCHDU: Convergence failed at  29  side 2    Res =  0.3536E-01
 MRCHDU: Convergence failed at  30  side 2    Res =  0.1227E-02
 MRCHDU: Convergence failed at  31  side 2    Res =  0.4034E-03
 MRCHDU: Convergence failed at  32  side 2    Res =  0.1908E-03
 MRCHDU: Convergence failed at  33  side 2    Res =  0.2039E-03
 MRCHDU: Convergence failed at  34  side 2    Res =  0.1659E-02
 MRCHDU: Convergence failed at  35  side 2    Res =  0.1668E-02
 MRCHDU: Convergence failed at  36  side 2    Res =  0.1525E-02
 MRCHDU: Convergence failed at  37  side 2    Res =  0.1350E-01
 MRCHDU: Convergence failed at  74  side 2    Res =  0.3846E-01
 MRCHDU: Convergence failed at  75  side 2    Res =  0.3924E-02
 MRCHDU: Convergence failed at  76  side 2    Res =  0.8234E-03
 MRCHDU: Convergence failed at  77  side 2    Res =  0.4444E-03
 MRCHDU: Convergence failed at  79  side 2    Res =  0.6489E-05
 MRCHDU: Convergence failed at  91  side 2    Res =  0.6875E-05
 MRCHDU: Convergence failed at  92  side 2    Res =  0.2514E-04
 MRCHDU: Convergence failed at  93  side 2    Res =  0.6024E-04
 MRCHDU: Convergence failed at  94  side 2    Res =  0.3626E-04
 MRCHDU: Convergence failed at  95  side 2    Res =  0.9661E-04
 MRCHDU: Convergence failed at  96  side 2    Res =  0.7206E-04
 MRCHDU: Convergence failed at  97  side 2    Res =  0.1530E-03
 MRCHDU: Convergence failed at  98  side 2    Res =  0.1865E-03
 MRCHDU: Convergence failed at  99  side 2    Res =  0.1692E-03
 MRCHDU: Convergence failed at 100  side 2    Res =  0.5531E-03
 MRCHDU: Convergence failed at 101  side 2    Res =  0.1236E-03
 MRCHDU: Convergence failed at 102  side 2    Res =  0.9011E-05
 Side 1 forced transition at x/c =  1.0000   77
 Side 2  free  transition at x/c =  0.0413   24

 131   rms: 0.1055E+07   max: -.2761E+08   T at   81  2   RLX: 0.000
       a = 10.000      CL = -0.4219
      Cm =  0.0098     CD =+Infinity   =>   CDf =  0.00568    CDp =+Infinity

 MRCHDU: Convergence failed at  27  side 2    Res =  0.7212E-01
 MRCHDU: Convergence failed at  28  side 2    Res =  0.3672E-01
 MRCHDU: Convergence failed at  29  side 2    Res =  0.3536E-01
 MRCHDU: Convergence failed at  30  side 2    Res =  0.1226E-02
 MRCHDU: Convergence failed at  31  side 2    Res =  0.4033E-03
 MRCHDU: Convergence failed at  32  side 2    Res =  0.1907E-03
 MRCHDU: Convergence failed at  33  side 2    Res =  0.2039E-03
 MRCHDU: Convergence failed at  34  side 2    Res =  0.1659E-02
 MRCHDU: Convergence failed at  35  side 2    Res =  0.1668E-02
 MRCHDU: Convergence failed at  36  side 2    Res =  0.1525E-02
 MRCHDU: Convergence failed at  37  side 2    Res =  0.1349E-01
 MRCHDU: Convergence failed at  74  side 2    Res =  0.6610E-01
 MRCHDU: Convergence failed at  75  side 2    Res =  0.3941E-02
 MRCHDU: Convergence failed at  76  side 2    Res =  0.8309E-03
 MRCHDU: Convergence failed at  77  side 2    Res =  0.4520E-03
 MRCHDU: Convergence failed at  79  side 2    Res =  0.6416E-05
 MRCHDU: Convergence failed at  91  side 2    Res =  0.2883E-04
 MRCHDU: Convergence failed at  92  side 2    Res =  0.2618E-04
 MRCHDU: Convergence failed at  93  side 2    Res =  0.6128E-04
 MRCHDU: Convergence failed at  94  side 2    Res =  0.3753E-04
 MRCHDU: Convergence failed at  95  side 2    Res =  0.9780E-04
 MRCHDU: Convergence failed at  96  side 2    Res =  0.7349E-04
 MRCHDU: Convergence failed at  97  side 2    Res =  0.1542E-03
 MRCHDU: Convergence failed at  98  side 2    Res =  0.1877E-03
 MRCHDU: Convergence failed at  99  side 2    Res =  0.1704E-03
 MRCHDU: Convergence failed at 100  side 2    Res =  0.5523E-03
 MRCHDU: Convergence failed at 101  side 2    Res =  0.1248E-03
 MRCHDU: Convergence failed at 102  side 2    Res =  0.1096E-04
 Side 1 forced transition at x/c =  1.0000   77
 Side 2  free  transition at x/c =  0.0413   24

 132   rms: 0.2716E+06   max: -.7267E+07   T at   80  2   RLX: 0.000
       a = 10.000      CL = -0.4219
      Cm =  0.0098     CD =+Infinity   =>   CDf =  0.00568    CDp =+Infinity

 MRCHDU: Convergence failed at  27  side 2    Res =  0.7212E-01
 MRCHDU: Convergence failed at  28  side 2    Res =  0.3672E-01
 MRCHDU: Convergence failed at  29  side 2    Res =  0.3533E-01
 MRCHDU: Convergence failed at  30  side 2    Res =  0.1226E-02
 MRCHDU: Convergence failed at  31  side 2    Res =  0.4031E-03
 MRCHDU: Convergence failed at  32  side 2    Res =  0.1905E-03
 MRCHDU: Convergence failed at  33  side 2    Res =  0.2034E-03
 MRCHDU: Convergence failed at  34  side 2    Res =  0.1662E-02
 MRCHDU: Convergence failed at  35  side 2    Res =  0.1669E-02
 MRCHDU: Convergence failed at  36  side 2    Res =  0.1525E-02
 MRCHDU: Convergence failed at  37  side 2    Res =  0.1350E-01
 MRCHDU: Convergence failed at  74  side 2    Res =  0.7605E-01
 MRCHDU: Convergence failed at  75  side 2    Res =  0.3973E-02
 MRCHDU: Convergence failed at  76  side 2    Res =  0.8417E-03
 MRCHDU: Convergence failed at  77  side 2    Res =  0.4609E-03
 MRCHDU: Convergence failed at  79  side 2    Res =  0.6383E-05
 MRCHDU: Convergence failed at  91  side 2    Res =  0.2457E-04
 MRCHDU: Convergence failed at  92  side 2    Res =  0.2599E-04
 MRCHDU: Convergence failed at  93  side 2    Res =  0.6112E-04
 MRCHDU: Convergence failed at  94  side 2    Res =  0.3731E-04
 MRCHDU: Convergence failed at  95  side 2    Res =  0.9763E-04
 MRCHDU: Convergence failed at  96  side 2    Res =  0.7326E-04
 MRCHDU: Convergence failed at  97  side 2    Res =  0.1540E-03
 MRCHDU: Convergence failed at  98  side 2    Res =  0.1876E-03
 MRCHDU: Convergence failed at  99  side 2    Res =  0.1703E-03
 MRCHDU: Convergence failed at 100  side 2    Res =  0.5528E-03
 MRCHDU: Convergence failed at 101  side 2    Res =  0.1246E-03
 MRCHDU: Convergence failed at 102  side 2    Res =  0.1060E-04
 Side 1 forced transition at x/c =  1.0000   77
 Side 2  free  transition at x/c =  0.0413   24

 133   rms: 0.1107E+06   max: -.2801E+07   T at   81  2   RLX: 0.000
       a = 10.000      CL = -0.4219
      Cm =  0.0098     CD =+Infinity   =>   CDf =  0.00568    CDp =+Infinity

 MRCHDU: Convergence failed at  27  side 2    Res =  0.7212E-01
 MRCHDU: Convergence failed at  28  side 2    Res =  0.3672E-01
 MRCHDU: Convergence failed at  29  side 2    Res =  0.3531E-01
 MRCHDU: Convergence failed at  30  side 2    Res =  0.1223E-02
 MRCHDU: Convergence failed at  31  side 2    Res =  0.4024E-03
 MRCHDU: Convergence failed at  32  side 2    Res =  0.1903E-03
 MRCHDU: Convergence failed at  33  side 2    Res =  0.2033E-03
 MRCHDU: Convergence failed at  34  side 2    Res =  0.1661E-02
 MRCHDU: Convergence failed at  35  side 2    Res =  0.1668E-02
 MRCHDU: Convergence failed at  36  side 2    Res =  0.1526E-02
 MRCHDU: Convergence failed at  37  side 2    Res =  0.1360E-01
 MRCHDU: Convergence failed at  74  side 2    Res =  0.7458E-01
 MRCHDU: Convergence failed at  75  side 2    Res =  0.3970E-02
 MRCHDU: Convergence failed at  76  side 2    Res =  0.8427E-03
 MRCHDU: Convergence failed at  77  side 2    Res =  0.4625E-03
 MRCHDU: Convergence failed at  79  side 2    Res =  0.6180E-05
 MRCHDU: Convergence failed at  91  side 2    Res =  0.3157E-04
 MRCHDU: Convergence failed at  92  side 2    Res =  0.2627E-04
 MRCHDU: Convergence failed at  93  side 2    Res =  0.6136E-04
 MRCHDU: Convergence failed at  94  side 2    Res =  0.3771E-04
 MRCHDU: Convergence failed at  95  side 2    Res =  0.9787E-04
 MRCHDU: Convergence failed at  96  side 2    Res =  0.7362E-04
 MRCHDU: Convergence failed at  97  side 2    Res =  0.1542E-03
 MRCHDU: Convergence failed at  98  side 2    Res =  0.1876E-03
 MRCHDU: Convergence failed at  99  side 2    Res =  0.1704E-03
 MRCHDU: Convergence failed at 100  side 2    Res =  0.5513E-03
 MRCHDU: Convergence failed at 101  side 2    Res =  0.1248E-03
 MRCHDU: Convergence failed at 102  side 2    Res =  0.1126E-04
 Side 1 forced transition at x/c =  1.0000   77
 Side 2  free  transition at x/c =  0.0413   24

 134   rms: 0.5201E+06   max: -.1050E+08   T at   79  2   RLX: 0.000
       a = 10.000      CL = -0.4219
      Cm =  0.0098     CD =+Infinity   =>   CDf =  0.00568    CDp =+Infinity

 MRCHDU: Convergence failed at  27  side 2    Res =  0.7211E-01
 MRCHDU: Convergence failed at  28  side 2    Res =  0.3674E-01
 MRCHDU: Convergence failed at  29  side 2    Res =  0.3552E-01
 MRCHDU: Convergence failed at  30  side 2    Res =  0.1234E-02
 MRCHDU: Convergence failed at  31  side 2    Res =  0.4044E-03
 MRCHDU: Convergence failed at  32  side 2    Res =  0.1922E-03
 MRCHDU: Convergence failed at  33  side 2    Res =  0.2078E-03
 MRCHDU: Convergence failed at  34  side 2    Res =  0.1641E-02
 MRCHDU: Convergence failed at  35  side 2    Res =  0.1660E-02
 MRCHDU: Convergence failed at  36  side 2    Res =  0.1523E-02
 MRCHDU: Convergence failed at  37  side 2    Res =  0.1318E-01
 MRCHDU: Convergence failed at  74  side 2    Res =  0.7194E-01
 MRCHDU: Convergence failed at  75  side 2    Res =  0.4089E-02
 MRCHDU: Convergence failed at  76  side 2    Res =  0.8770E-03
 MRCHDU: Convergence failed at  77  side 2    Res =  0.4892E-03
 MRCHDU: Convergence failed at  91  side 2    Res =  0.3169E-04
 MRCHDU: Convergence failed at  92  side 2    Res =  0.2628E-04
 MRCHDU: Convergence failed at  93  side 2    Res =  0.6135E-04
 MRCHDU: Convergence failed at  94  side 2    Res =  0.3782E-04
 MRCHDU: Convergence failed at  95  side 2    Res =  0.9792E-04
 MRCHDU: Convergence failed at  96  side 2    Res =  0.7365E-04
 MRCHDU: Convergence failed at  97  side 2    Res =  0.1541E-03
 MRCHDU: Convergence failed at  98  side 2    Res =  0.1875E-03
 MRCHDU: Convergence failed at  99  side 2    Res =  0.1704E-03
 MRCHDU: Convergence failed at 100  side 2    Res =  0.5508E-03
 MRCHDU: Convergence failed at 101  side 2    Res =  0.1247E-03
 MRCHDU: Convergence failed at 102  side 2    Res =  0.1135E-04
 Side 1 forced transition at x/c =  1.0000   77
 Side 2  free  transition at x/c =  0.0413   24

 135   rms: 0.1073E+07   max: 0.2578E+08   T at   80  2   RLX: 0.000
       a = 10.000      CL = -0.4219
      Cm =  0.0098     CD =+Infinity   =>   CDf =  0.00568    CDp =+Infinity

 MRCHDU: Convergence failed at  27  side 2    Res =  0.7211E-01
 MRCHDU: Convergence failed at  28  side 2    Res =  0.3674E-01
 MRCHDU: Convergence failed at  29  side 2    Res =  0.3550E-01
 MRCHDU: Convergence failed at  30  side 2    Res =  0.1232E-02
 MRCHDU: Convergence failed at  31  side 2    Res =  0.4040E-03
 MRCHDU: Convergence failed at  32  side 2    Res =  0.1917E-03
 MRCHDU: Convergence failed at  33  side 2    Res =  0.2068E-03
 MRCHDU: Convergence failed at  34  side 2    Res =  0.1643E-02
 MRCHDU: Convergence failed at  35  side 2    Res =  0.1660E-02
 MRCHDU: Convergence failed at  36  side 2    Res =  0.1523E-02
 MRCHDU: Convergence failed at  37  side 2    Res =  0.1324E-01
 MRCHDU: Convergence failed at  74  side 2    Res =  0.6632E-01
 MRCHDU: Convergence failed at  75  side 2    Res =  0.4099E-02
 MRCHDU: Convergence failed at  76  side 2    Res =  0.8824E-03
 MRCHDU: Convergence failed at  77  side 2    Res =  0.4935E-03
 MRCHDU: Convergence failed at  91  side 2    Res =  0.3158E-04
 MRCHDU: Convergence failed at  92  side 2    Res =  0.2624E-04
 MRCHDU: Convergence failed at  93  side 2    Res =  0.6111E-04
 MRCHDU: Convergence failed at  94  side 2    Res =  0.3772E-04
 MRCHDU: Convergence failed at  95  side 2    Res =  0.9743E-04
 MRCHDU: Convergence failed at  96  side 2    Res =  0.7334E-04
 MRCHDU: Convergence failed at  97  side 2    Res =  0.1532E-03
 MRCHDU: Convergence failed at  98  side 2    Res =  0.1863E-03
 MRCHDU: Convergence failed at  99  side 2    Res =  0.1692E-03
 MRCHDU: Convergence failed at 100  side 2    Res =  0.5461E-03
 MRCHDU: Convergence failed at 101  side 2    Res =  0.1238E-03
 MRCHDU: Convergence failed at 102  side 2    Res =  0.1149E-04
 Side 1 forced transition at x/c =  1.0000   77
 Side 2  free  transition at x/c =  0.0413   24

 136   rms: 0.1277E+08   max: -.3371E+09   T at   80  2   RLX: 0.000
       a = 10.000      CL = -0.4219
      Cm =  0.0098     CD =+Infinity   =>   CDf =  0.00568    CDp =+Infinity

 MRCHDU: Convergence failed at  27  side 2    Res =  0.7211E-01
 MRCHDU: Convergence failed at  28  side 2    Res =  0.3674E-01
 MRCHDU: Convergence failed at  29  side 2    Res =  0.3549E-01
 MRCHDU: Convergence failed at  30  side 2    Res =  0.1232E-02
 MRCHDU: Convergence failed at  31  side 2    Res =  0.4039E-03
 MRCHDU: Convergence failed at  32  side 2    Res =  0.1917E-03
 MRCHDU: Convergence failed at  33  side 2    Res =  0.2068E-03
 MRCHDU: Convergence failed at  34  side 2    Res =  0.1640E-02
 MRCHDU: Convergence failed at  35  side 2    Res =  0.1658E-02
 MRCHDU: Convergence failed at  36  side 2    Res =  0.1523E-02
 MRCHDU: Convergence failed at  37  side 2    Res =  0.1330E-01
 MRCHDU: Convergence failed at  74  side 2    Res =  0.6299E-01
 MRCHDU: Convergence failed at  75  side 2    Res =  0.4125E-02
 MRCHDU: Convergence failed at  76  side 2    Res =  0.8891E-03
 MRCHDU: Convergence failed at  77  side 2    Res =  0.4988E-03
 MRCHDU: Convergence failed at  91  side 2    Res =  0.3162E-04
 MRCHDU: Convergence failed at  92  side 2    Res =  0.2627E-04
 MRCHDU: Convergence failed at  93  side 2    Res =  0.6119E-04
 MRCHDU: Convergence failed at  94  side 2    Res =  0.3773E-04
 MRCHDU: Convergence failed at  95  side 2    Res =  0.9758E-04
 MRCHDU: Convergence failed at  96  side 2    Res =  0.7348E-04
 MRCHDU: Convergence failed at  97  side 2    Res =  0.1534E-03
 MRCHDU: Convergence failed at  98  side 2    Res =  0.1866E-03
 MRCHDU: Convergence failed at  99  side 2    Res =  0.1695E-03
 MRCHDU: Convergence failed at 100  side 2    Res =  0.5474E-03
 MRCHDU: Convergence failed at 101  side 2    Res =  0.1241E-03
 MRCHDU: Convergence failed at 102  side 2    Res =  0.1150E-04
 Side 1 forced transition at x/c =  1.0000   77
 Side 2  free  transition at x/c =  0.0413   24

 137   rms: 0.6437E+07   max: 0.1690E+09   T at   80  2   RLX: 0.000
       a = 10.000      CL = -0.4219
      Cm =  0.0098     CD =+Infinity   =>   CDf =  0.00568    CDp =+Infinity

 MRCHDU: Convergence failed at  27  side 2    Res =  0.7212E-01
 MRCHDU: Convergence failed at  28  side 2    Res =  0.3673E-01
 MRCHDU: Convergence failed at  29  side 2    Res =  0.3543E-01
 MRCHDU: Convergence failed at  30  side 2    Res =  0.1230E-02
 MRCHDU: Convergence failed at  31  side 2    Res =  0.4033E-03
 MRCHDU: Convergence failed at  32  side 2    Res =  0.1911E-03
 MRCHDU: Convergence failed at  33  side 2    Res =  0.2057E-03
 MRCHDU: Convergence failed at  34  side 2    Res =  0.1647E-02
 MRCHDU: Convergence failed at  35  side 2    Res =  0.1662E-02
 MRCHDU: Convergence failed at  36  side 2    Res =  0.1524E-02
 MRCHDU: Convergence failed at  37  side 2    Res =  0.1345E-01
 MRCHDU: Convergence failed at  74  side 2    Res =  0.5079E-01
 MRCHDU: Convergence failed at  75  side 2    Res =  0.4178E-02
 MRCHDU: Convergence failed at  76  side 2    Res =  0.9074E-03
 MRCHDU: Convergence failed at  77  side 2    Res =  0.5139E-03
 MRCHDU: Convergence failed at  91  side 2    Res =  0.3146E-04
 MRCHDU: Convergence failed at  92  side 2    Res =  0.2614E-04
 MRCHDU: Convergence failed at  93  side 2    Res =  0.6087E-04
 MRCHDU: Convergence failed at  94  side 2    Res =  0.3753E-04
 MRCHDU: Convergence failed at  95  side 2    Res =  0.9700E-04
 MRCHDU: Convergence failed at  96  side 2    Res =  0.7303E-04
 MRCHDU: Convergence failed at  97  side 2    Res =  0.1524E-03
 MRCHDU: Convergence failed at  98  side 2    Res =  0.1853E-03
 MRCHDU: Convergence failed at  99  side 2    Res =  0.1682E-03
 MRCHDU: Convergence failed at 100  side 2    Res =  0.5429E-03
 MRCHDU: Convergence failed at 101  side 2    Res =  0.1230E-03
 MRCHDU: Convergence failed at 102  side 2    Res =  0.1144E-04
 Side 1 forced transition at x/c =  1.0000   77
 Side 2  free  transition at x/c =  0.0413   24

 138   rms: 0.2101E+09   max: -.5382E+10   T at   81  2   RLX: 0.000
       a = 10.000      CL = -0.4219
      Cm =  0.0098     CD =+Infinity   =>   CDf =  0.00568    CDp =+Infinity

 MRCHDU: Convergence failed at  27  side 2    Res =  0.7212E-01
 MRCHDU: Convergence failed at  28  side 2    Res =  0.3673E-01
 MRCHDU: Convergence failed at  29  side 2    Res =  0.3538E-01
 MRCHDU: Convergence failed at  30  side 2    Res =  0.1227E-02
 MRCHDU: Convergence failed at  31  side 2    Res =  0.4021E-03
 MRCHDU: Convergence failed at  32  side 2    Res =  0.1905E-03
 MRCHDU: Convergence failed at  33  side 2    Res =  0.2051E-03
 MRCHDU: Convergence failed at  34  side 2    Res =  0.1650E-02
 MRCHDU: Convergence failed at  35  side 2    Res =  0.1662E-02
 MRCHDU: Convergence failed at  36  side 2    Res =  0.1524E-02
 MRCHDU: Convergence failed at  37  side 2    Res =  0.1348E-01
 MRCHDU: Convergence failed at  74  side 2    Res =  0.4851E-01
 MRCHDU: Convergence failed at  75  side 2    Res =  0.4177E-02
 MRCHDU: Convergence failed at  76  side 2    Res =  0.9085E-03
 MRCHDU: Convergence failed at  77  side 2    Res =  0.5152E-03
 MRCHDU: Convergence failed at  79  side 2    Res =  0.5205E-05
 MRCHDU: Convergence failed at  91  side 2    Res =  0.3129E-04
 MRCHDU: Convergence failed at  92  side 2    Res =  0.2605E-04
 MRCHDU: Convergence failed at  93  side 2    Res =  0.6054E-04
 MRCHDU: Convergence failed at  94  side 2    Res =  0.3730E-04
 MRCHDU: Convergence failed at  95  side 2    Res =  0.9650E-04
 MRCHDU: Convergence failed at  96  side 2    Res =  0.7263E-04
 MRCHDU: Convergence failed at  97  side 2    Res =  0.1515E-03
 MRCHDU: Convergence failed at  98  side 2    Res =  0.1841E-03
 MRCHDU: Convergence failed at  99  side 2    Res =  0.1671E-03
 MRCHDU: Convergence failed at 100  side 2    Res =  0.5390E-03
 MRCHDU: Convergence failed at 101  side 2    Res =  0.1221E-03
 MRCHDU: Convergence failed at 102  side 2    Res =  0.1136E-04
 Side 1 forced transition at x/c =  1.0000   77
 Side 2  free  transition at x/c =  0.0413   24

 139   rms: 0.1960E+09   max: -.3679E+10   T at   81  2   RLX: 0.000
       a = 10.000      CL = -0.4219
      Cm =  0.0098     CD =+Infinity   =>   CDf =  0.00568    CDp =+Infinity

 MRCHDU: Convergence failed at  27  side 2    Res =  0.7212E-01
 MRCHDU: Convergence failed at  28  side 2    Res =  0.3673E-01
 MRCHDU: Convergence failed at  29  side 2    Res =  0.3539E-01
 MRCHDU: Convergence failed at  30  side 2    Res =  0.1227E-02
 MRCHDU: Convergence failed at  31  side 2    Res =  0.4025E-03
 MRCHDU: Convergence failed at  32  side 2    Res =  0.1906E-03
 MRCHDU: Convergence failed at  33  side 2    Res =  0.2048E-03
 MRCHDU: Convergence failed at  34  side 2    Res =  0.1649E-02
 MRCHDU: Convergence failed at  35  side 2    Res =  0.1662E-02
 MRCHDU: Convergence failed at  36  side 2    Res =  0.1524E-02
 MRCHDU: Convergence failed at  37  side 2    Res =  0.1348E-01
 MRCHDU: Convergence failed at  74  side 2    Res =  0.5461E-01
 MRCHDU: Convergence failed at  75  side 2    Res =  0.4115E-02
 MRCHDU: Convergence failed at  76  side 2    Res =  0.8906E-03
 MRCHDU: Convergence failed at  77  side 2    Res =  0.5009E-03
 MRCHDU: Convergence failed at  79  side 2    Res =  0.5679E-05
 MRCHDU: Convergence failed at  91  side 2    Res =  0.3120E-04
 MRCHDU: Convergence failed at  92  side 2    Res =  0.2602E-04
 MRCHDU: Convergence failed at  93  side 2    Res =  0.6044E-04
 MRCHDU: Convergence failed at  94  side 2    Res =  0.3725E-04
 MRCHDU: Convergence failed at  95  side 2    Res =  0.9633E-04
 MRCHDU: Convergence failed at  96  side 2    Res =  0.7249E-04
 MRCHDU: Convergence failed at  97  side 2    Res =  0.1512E-03
 MRCHDU: Convergence failed at  98  side 2    Res =  0.1837E-03
 MRCHDU: Convergence failed at  99  side 2    Res =  0.1667E-03
 MRCHDU: Convergence failed at 100  side 2    Res =  0.5377E-03
 MRCHDU: Convergence failed at 101  side 2    Res =  0.1218E-03
 MRCHDU: Convergence failed at 102  side 2    Res =  0.1139E-04
 Side 1 forced transition at x/c =  1.0000   77
 Side 2  free  transition at x/c =  0.0413   24

 140   rms: 0.5696E+09   max: -.1483E+11   T at   81  2   RLX: 0.000
       a = 10.000      CL = -0.4219
      Cm =  0.0098     CD =+Infinity   =>   CDf =  0.00568    CDp =+Infinity

 MRCHDU: Convergence failed at  27  side 2    Res =  0.7212E-01
 MRCHDU: Convergence failed at  28  side 2    Res =  0.3673E-01
 MRCHDU: Convergence failed at  29  side 2    Res =  0.3540E-01
 MRCHDU: Convergence failed at  30  side 2    Res =  0.1226E-02
 MRCHDU: Convergence failed at  31  side 2    Res =  0.4025E-03
 MRCHDU: Convergence failed at  32  side 2    Res =  0.1907E-03
 MRCHDU: Convergence failed at  33  side 2    Res =  0.2048E-03
 MRCHDU: Convergence failed at  34  side 2    Res =  0.1654E-02
 MRCHDU: Convergence failed at  35  side 2    Res =  0.1666E-02
 MRCHDU: Convergence failed at  36  side 2    Res =  0.1526E-02
 MRCHDU: Convergence failed at  37  side 2    Res =  0.1351E-01
 MRCHDU: Convergence failed at  74  side 2    Res =  0.5486E-01
 MRCHDU: Convergence failed at  75  side 2    Res =  0.4113E-02
 MRCHDU: Convergence failed at  76  side 2    Res =  0.8891E-03
 MRCHDU: Convergence failed at  77  side 2    Res =  0.4997E-03
 MRCHDU: Convergence failed at  79  side 2    Res =  0.5824E-05
 MRCHDU: Convergence failed at  91  side 2    Res =  0.3106E-04
 MRCHDU: Convergence failed at  92  side 2    Res =  0.2592E-04
 MRCHDU: Convergence failed at  93  side 2    Res =  0.6019E-04
 MRCHDU: Convergence failed at  94  side 2    Res =  0.3708E-04
 MRCHDU: Convergence failed at  95  side 2    Res =  0.9590E-04
 MRCHDU: Convergence failed at  96  side 2    Res =  0.7215E-04
 MRCHDU: Convergence failed at  97  side 2    Res =  0.1505E-03
 MRCHDU: Convergence failed at  98  side 2    Res =  0.1827E-03
 MRCHDU: Convergence failed at  99  side 2    Res =  0.1658E-03
 MRCHDU: Convergence failed at 100  side 2    Res =  0.5345E-03
 MRCHDU: Convergence failed at 101  side 2    Res =  0.1211E-03
 MRCHDU: Convergence failed at 102  side 2    Res =  0.1132E-04
 Side 1 forced transition at x/c =  1.0000   77
 Side 2  free  transition at x/c =  0.0413   24

 141   rms: 0.6260E+10   max: 0.1439E+12   T at   80  2   RLX: 0.000
       a = 10.000      CL = -0.4219
      Cm =  0.0098     CD =+Infinity   =>   CDf =  0.00568    CDp =+Infinity

 MRCHDU: Convergence failed at  27  side 2    Res =  0.7211E-01
 MRCHDU: Convergence failed at  28  side 2    Res =  0.3673E-01
 MRCHDU: Convergence failed at  29  side 2    Res =  0.3540E-01
 MRCHDU: Convergence failed at  30  side 2    Res =  0.1227E-02
 MRCHDU: Convergence failed at  31  side 2    Res =  0.4028E-03
 MRCHDU: Convergence failed at  32  side 2    Res =  0.1908E-03
 MRCHDU: Convergence failed at  33  side 2    Res =  0.2049E-03
 MRCHDU: Convergence failed at  34  side 2    Res =  0.1652E-02
 MRCHDU: Convergence failed at  35  side 2    Res =  0.1664E-02
 MRCHDU: Convergence failed at  36  side 2    Res =  0.1525E-02
 MRCHDU: Convergence failed at  37  side 2    Res =  0.1347E-01
 MRCHDU: Convergence failed at  74  side 2    Res =  0.5549E-01
 MRCHDU: Convergence failed at  75  side 2    Res =  0.4114E-02
 MRCHDU: Convergence failed at  76  side 2    Res =  0.8896E-03
 MRCHDU: Convergence failed at  77  side 2    Res =  0.5000E-03
 MRCHDU: Convergence failed at  79  side 2    Res =  0.5750E-05
 MRCHDU: Convergence failed at  91  side 2    Res =  0.3084E-04
 MRCHDU: Convergence failed at  92  side 2    Res =  0.2575E-04
 MRCHDU: Convergence failed at  93  side 2    Res =  0.5978E-04
 MRCHDU: Convergence failed at  94  side 2    Res =  0.3681E-04
 MRCHDU: Convergence failed at  95  side 2    Res =  0.9521E-04
 MRCHDU: Convergence failed at  96  side 2    Res =  0.7161E-04
 MRCHDU: Convergence failed at  97  side 2    Res =  0.1493E-03
 MRCHDU: Convergence failed at  98  side 2    Res =  0.1812E-03
 MRCHDU: Convergence failed at  99  side 2    Res =  0.1643E-03
 MRCHDU: Convergence failed at 100  side 2    Res =  0.5294E-03
 MRCHDU: Convergence failed at 101  side 2    Res =  0.1199E-03
 MRCHDU: Convergence failed at 102  side 2    Res =  0.1121E-04
 Side 1 forced transition at x/c =  1.0000   77
 Side 2  free  transition at x/c =  0.0413   24

 142   rms: 0.6671E+12   max: -.1802E+14   T at   81  2   RLX: 0.000
       a = 10.000      CL = -0.4219
      Cm =  0.0098     CD =+Infinity   =>   CDf =  0.00568    CDp =+Infinity

 MRCHDU: Convergence failed at  27  side 2    Res =  0.7211E-01
 MRCHDU: Convergence failed at  28  side 2    Res =  0.3673E-01
 MRCHDU: Convergence failed at  29  side 2    Res =  0.3540E-01
 MRCHDU: Convergence failed at  30  side 2    Res =  0.1227E-02
 MRCHDU: Convergence failed at  31  side 2    Res =  0.4028E-03
 MRCHDU: Convergence failed at  32  side 2    Res =  0.1908E-03
 MRCHDU: Convergence failed at  33  side 2    Res =  0.2049E-03
 MRCHDU: Convergence failed at  34  side 2    Res =  0.1652E-02
 MRCHDU: Convergence failed at  35  side 2    Res =  0.1664E-02
 MRCHDU: Convergence failed at  36  side 2    Res =  0.1525E-02
 MRCHDU: Convergence failed at  37  side 2    Res =  0.1347E-01
 MRCHDU: Convergence failed at  74  side 2    Res =  0.5548E-01
 MRCHDU: Convergence failed at  75  side 2    Res =  0.4114E-02
 MRCHDU: Convergence failed at  76  side 2    Res =  0.8896E-03
 MRCHDU: Convergence failed at  77  side 2    Res =  0.5001E-03
 MRCHDU: Convergence failed at  79  side 2    Res =  0.5750E-05
 MRCHDU: Convergence failed at  91  side 2    Res =  0.3084E-04
 MRCHDU: Convergence failed at  92  side 2    Res =  0.2575E-04
 MRCHDU: Convergence failed at  93  side 2    Res =  0.5977E-04
 MRCHDU: Convergence failed at  94  side 2    Res =  0.3681E-04
 MRCHDU: Convergence failed at  95  side 2    Res =  0.9521E-04
 MRCHDU: Convergence failed at  96  side 2    Res =  0.7161E-04
 MRCHDU: Convergence failed at  97  side 2    Res =  0.1493E-03
 MRCHDU: Convergence failed at  98  side 2    Res =  0.1812E-03
 MRCHDU: Convergence failed at  99  side 2    Res =  0.1643E-03
 MRCHDU: Convergence failed at 100  side 2    Res =  0.5294E-03
 MRCHDU: Convergence failed at 101  side 2    Res =  0.1199E-03
 MRCHDU: Convergence failed at 102  side 2    Res =  0.1120E-04
 Side 1 forced transition at x/c =  1.0000   77
 Side 2  free  transition at x/c =  0.0413   24

 143   rms: 0.8605E+11   max: 0.1987E+13   T at   81  2   RLX: 0.000
       a = 10.000      CL = -0.4219
      Cm =  0.0098     CD =+Infinity   =>   CDf =  0.00568    CDp =+Infinity

 MRCHDU: Convergence failed at  27  side 2    Res =  0.7211E-01
 MRCHDU: Convergence failed at  28  side 2    Res =  0.3673E-01
 MRCHDU: Convergence failed at  29  side 2    Res =  0.3541E-01
 MRCHDU: Convergence failed at  30  side 2    Res =  0.1227E-02
 MRCHDU: Convergence failed at  31  side 2    Res =  0.4029E-03
 MRCHDU: Convergence failed at  32  side 2    Res =  0.1909E-03
 MRCHDU: Convergence failed at  33  side 2    Res =  0.2050E-03
 MRCHDU: Convergence failed at  34  side 2    Res =  0.1651E-02
 MRCHDU: Convergence failed at  35  side 2    Res =  0.1664E-02
 MRCHDU: Convergence failed at  36  side 2    Res =  0.1525E-02
 MRCHDU: Convergence failed at  37  side 2    Res =  0.1345E-01
 MRCHDU: Convergence failed at  74  side 2    Res =  0.5525E-01
 MRCHDU: Convergence failed at  75  side 2    Res =  0.4120E-02
 MRCHDU: Convergence failed at  76  side 2    Res =  0.8913E-03
 MRCHDU: Convergence failed at  77  side 2    Res =  0.5014E-03
 MRCHDU: Convergence failed at  79  side 2    Res =  0.5722E-05
 MRCHDU: Convergence failed at  91  side 2    Res =  0.3086E-04
 MRCHDU: Convergence failed at  92  side 2    Res =  0.2577E-04
 MRCHDU: Convergence failed at  93  side 2    Res =  0.5982E-04
 MRCHDU: Convergence failed at  94  side 2    Res =  0.3684E-04
 MRCHDU: Convergence failed at  95  side 2    Res =  0.9529E-04
 MRCHDU: Convergence failed at  96  side 2    Res =  0.7168E-04
 MRCHDU: Convergence failed at  97  side 2    Res =  0.1494E-03
 MRCHDU: Convergence failed at  98  side 2    Res =  0.1814E-03
 MRCHDU: Convergence failed at  99  side 2    Res =  0.1645E-03
 MRCHDU: Convergence failed at 100  side 2    Res =  0.5300E-03
 MRCHDU: Convergence failed at 101  side 2    Res =  0.1200E-03
 MRCHDU: Convergence failed at 102  side 2    Res =  0.1122E-04
 Side 1 forced transition at x/c =  1.0000   77
 Side 2  free  transition at x/c =  0.0413   24

 144   rms: 0.1708E+11   max: 0.3514E+12   T at   80  2   RLX: 0.000
       a = 10.000      CL = -0.4219
      Cm =  0.0098     CD =+Infinity   =>   CDf =  0.00568    CDp =+Infinity

 MRCHDU: Convergence failed at  27  side 2    Res =  0.7211E-01
 MRCHDU: Convergence failed at  28  side 2    Res =  0.3673E-01
 MRCHDU: Convergence failed at  29  side 2    Res =  0.3541E-01
 MRCHDU: Convergence failed at  30  side 2    Res =  0.1227E-02
 MRCHDU: Convergence failed at  31  side 2    Res =  0.4029E-03
 MRCHDU: Convergence failed at  32  side 2    Res =  0.1909E-03
 MRCHDU: Convergence failed at  33  side 2    Res =  0.2050E-03
 MRCHDU: Convergence failed at  34  side 2    Res =  0.1651E-02
 MRCHDU: Convergence failed at  35  side 2    Res =  0.1664E-02
 MRCHDU: Convergence failed at  36  side 2    Res =  0.1525E-02
 MRCHDU: Convergence failed at  37  side 2    Res =  0.1345E-01
 MRCHDU: Convergence failed at  74  side 2    Res =  0.5535E-01
 MRCHDU: Convergence failed at  75  side 2    Res =  0.4119E-02
 MRCHDU: Convergence failed at  76  side 2    Res =  0.8911E-03
 MRCHDU: Convergence failed at  77  side 2    Res =  0.5013E-03
 MRCHDU: Convergence failed at  79  side 2    Res =  0.5725E-05
 MRCHDU: Convergence failed at  91  side 2    Res =  0.3086E-04
 MRCHDU: Convergence failed at  92  side 2    Res =  0.2578E-04
 MRCHDU: Convergence failed at  93  side 2    Res =  0.5982E-04
 MRCHDU: Convergence failed at  94  side 2    Res =  0.3684E-04
 MRCHDU: Convergence failed at  95  side 2    Res =  0.9530E-04
 MRCHDU: Convergence failed at  96  side 2    Res =  0.7168E-04
 MRCHDU: Convergence failed at  97  side 2    Res =  0.1494E-03
 MRCHDU: Convergence failed at  98  side 2    Res =  0.1814E-03
 MRCHDU: Convergence failed at  99  side 2    Res =  0.1645E-03
 MRCHDU: Convergence failed at 100  side 2    Res =  0.5300E-03
 MRCHDU: Convergence failed at 101  side 2    Res =  0.1200E-03
 MRCHDU: Convergence failed at 102  side 2    Res =  0.1122E-04
 Side 1 forced transition at x/c =  1.0000   77
 Side 2  free  transition at x/c =  0.0413   24

 145   rms: 0.1568E+13   max: 0.4075E+14   T at   81  2   RLX: 0.000
       a = 10.000      CL = -0.4219
      Cm =  0.0098     CD =+Infinity   =>   CDf =  0.00568    CDp =+Infinity

 MRCHDU: Convergence failed at  27  side 2    Res =  0.7211E-01
 MRCHDU: Convergence failed at  28  side 2    Res =  0.3674E-01
 MRCHDU: Convergence failed at  29  side 2    Res =  0.3541E-01
 MRCHDU: Convergence failed at  30  side 2    Res =  0.1227E-02
 MRCHDU: Convergence failed at  31  side 2    Res =  0.4029E-03
 MRCHDU: Convergence failed at  32  side 2    Res =  0.1909E-03
 MRCHDU: Convergence failed at  33  side 2    Res =  0.2051E-03
 MRCHDU: Convergence failed at  34  side 2    Res =  0.1651E-02
 MRCHDU: Convergence failed at  35  side 2    Res =  0.1664E-02
 MRCHDU: Convergence failed at  36  side 2    Res =  0.1525E-02
 MRCHDU: Convergence failed at  37  side 2    Res =  0.1345E-01
 MRCHDU: Convergence failed at  74  side 2    Res =  0.5675E-01
 MRCHDU: Convergence failed at  75  side 2    Res =  0.4110E-02
 MRCHDU: Convergence failed at  76  side 2    Res =  0.8882E-03
 MRCHDU: Convergence failed at  77  side 2    Res =  0.4989E-03
 MRCHDU: Convergence failed at  79  side 2    Res =  0.5734E-05
 MRCHDU: Convergence failed at  91  side 2    Res =  0.3088E-04
 MRCHDU: Convergence failed at  92  side 2    Res =  0.2579E-04
 MRCHDU: Convergence failed at  93  side 2    Res =  0.5986E-04
 MRCHDU: Convergence failed at  94  side 2    Res =  0.3687E-04
 MRCHDU: Convergence failed at  95  side 2    Res =  0.9535E-04
 MRCHDU: Convergence failed at  96  side 2    Res =  0.7172E-04
 MRCHDU: Convergence failed at  97  side 2    Res =  0.1495E-03
 MRCHDU: Convergence failed at  98  side 2    Res =  0.1815E-03
 MRCHDU: Convergence failed at  99  side 2    Res =  0.1646E-03
 MRCHDU: Convergence failed at 100  side 2    Res =  0.5304E-03
 MRCHDU: Convergence failed at 101  side 2    Res =  0.1201E-03
 MRCHDU: Convergence failed at 102  side 2    Res =  0.1123E-04
 Side 1 forced transition at x/c =  1.0000   77
 Side 2  free  transition at x/c =  0.0413   24

 146   rms: 0.5034E+11   max: 0.1314E+13   T at   81  2   RLX: 0.000
       a = 10.000      CL = -0.4219
      Cm =  0.0098     CD =+Infinity   =>   CDf =  0.00568    CDp =+Infinity

 MRCHDU: Convergence failed at  27  side 2    Res =  0.7211E-01
 MRCHDU: Convergence failed at  28  side 2    Res =  0.3674E-01
 MRCHDU: Convergence failed at  29  side 2    Res =  0.3541E-01
 MRCHDU: Convergence failed at  30  side 2    Res =  0.1227E-02
 MRCHDU: Convergence failed at  31  side 2    Res =  0.4029E-03
 MRCHDU: Convergence failed at  32  side 2    Res =  0.1909E-03
 MRCHDU: Convergence failed at  33  side 2    Res =  0.2050E-03
 MRCHDU: Convergence failed at  34  side 2    Res =  0.1651E-02
 MRCHDU: Convergence failed at  35  side 2    Res =  0.1664E-02
 MRCHDU: Convergence failed at  36  side 2    Res =  0.1525E-02
 MRCHDU: Convergence failed at  37  side 2    Res =  0.1345E-01
 MRCHDU: Convergence failed at  74  side 2    Res =  0.5667E-01
 MRCHDU: Convergence failed at  75  side 2    Res =  0.4110E-02
 MRCHDU: Convergence failed at  76  side 2    Res =  0.8882E-03
 MRCHDU: Convergence failed at  77  side 2    Res =  0.4989E-03
 MRCHDU: Convergence failed at  79  side 2    Res =  0.5733E-05
 MRCHDU: Convergence failed at  91  side 2    Res =  0.3090E-04
 MRCHDU: Convergence failed at  92  side 2    Res =  0.2580E-04
 MRCHDU: Convergence failed at  93  side 2    Res =  0.5989E-04
 MRCHDU: Convergence failed at  94  side 2    Res =  0.3689E-04
 MRCHDU: Convergence failed at  95  side 2    Res =  0.9541E-04
 MRCHDU: Convergence failed at  96  side 2    Res =  0.7177E-04
 MRCHDU: Convergence failed at  97  side 2    Res =  0.1496E-03
 MRCHDU: Convergence failed at  98  side 2    Res =  0.1816E-03
 MRCHDU: Convergence failed at  99  side 2    Res =  0.1648E-03
 MRCHDU: Convergence failed at 100  side 2    Res =  0.5309E-03
 MRCHDU: Convergence failed at 101  side 2    Res =  0.1202E-03
 MRCHDU: Convergence failed at 102  side 2    Res =  0.1124E-04
 Side 1 forced transition at x/c =  1.0000   77
 Side 2  free  transition at x/c =  0.0413   24

 147   rms: 0.6031E+11   max: -.1532E+13   T at   81  2   RLX: 0.000
       a = 10.000      CL = -0.4219
      Cm =  0.0098     CD =+Infinity   =>   CDf =  0.00568    CDp =+Infinity

 MRCHDU: Convergence failed at  27  side 2    Res =  0.7211E-01
 MRCHDU: Convergence failed at  28  side 2    Res =  0.3674E-01
 MRCHDU: Convergence failed at  29  side 2    Res =  0.3541E-01
 MRCHDU: Convergence failed at  30  side 2    Res =  0.1227E-02
 MRCHDU: Convergence failed at  31  side 2    Res =  0.4029E-03
 MRCHDU: Convergence failed at  32  side 2    Res =  0.1909E-03
 MRCHDU: Convergence failed at  33  side 2    Res =  0.2050E-03
 MRCHDU: Convergence failed at  34  side 2    Res =  0.1652E-02
 MRCHDU: Convergence failed at  35  side 2    Res =  0.1664E-02
 MRCHDU: Convergence failed at  36  side 2    Res =  0.1525E-02
 MRCHDU: Convergence failed at  37  side 2    Res =  0.1346E-01
 MRCHDU: Convergence failed at  74  side 2    Res =  0.5652E-01
 MRCHDU: Convergence failed at  75  side 2    Res =  0.4110E-02
 MRCHDU: Convergence failed at  76  side 2    Res =  0.8881E-03
 MRCHDU: Convergence failed at  77  side 2    Res =  0.4989E-03
 MRCHDU: Convergence failed at  79  side 2    Res =  0.5743E-05
 MRCHDU: Convergence failed at  91  side 2    Res =  0.3089E-04
 MRCHDU: Convergence failed at  92  side 2    Res =  0.2579E-04
 MRCHDU: Convergence failed at  93  side 2    Res =  0.5987E-04
 MRCHDU: Convergence failed at  94  side 2    Res =  0.3687E-04
 MRCHDU: Convergence failed at  95  side 2    Res =  0.9537E-04
 MRCHDU: Convergence failed at  96  side 2    Res =  0.7173E-04
 MRCHDU: Convergence failed at  97  side 2    Res =  0.1496E-03
 MRCHDU: Convergence failed at  98  side 2    Res =  0.1815E-03
 MRCHDU: Convergence failed at  99  side 2    Res =  0.1647E-03
 MRCHDU: Convergence failed at 100  side 2    Res =  0.5306E-03
 MRCHDU: Convergence failed at 101  side 2    Res =  0.1202E-03
 MRCHDU: Convergence failed at 102  side 2    Res =  0.1123E-04
 Side 1 forced transition at x/c =  1.0000   77
 Side 2  free  transition at x/c =  0.0413   24

 148   rms: 0.1772E+11   max: -.4132E+12   T at   80  2   RLX: 0.000
       a = 10.000      CL = -0.4219
      Cm =  0.0098     CD =+Infinity   =>   CDf =  0.00568    CDp =+Infinity

 MRCHDU: Convergence failed at  27  side 2    Res =  0.7211E-01
 MRCHDU: Convergence failed at  28  side 2    Res =  0.3674E-01
 MRCHDU: Convergence failed at  29  side 2    Res =  0.3541E-01
 MRCHDU: Convergence failed at  30  side 2    Res =  0.1227E-02
 MRCHDU: Convergence failed at  31  side 2    Res =  0.4029E-03
 MRCHDU: Convergence failed at  32  side 2    Res =  0.1909E-03
 MRCHDU: Convergence failed at  33  side 2    Res =  0.2050E-03
 MRCHDU: Convergence failed at  34  side 2    Res =  0.1651E-02
 MRCHDU: Convergence failed at  35  side 2    Res =  0.1664E-02
 MRCHDU: Convergence failed at  36  side 2    Res =  0.1525E-02
 MRCHDU: Convergence failed at  37  side 2    Res =  0.1345E-01
 MRCHDU: Convergence failed at  74  side 2    Res =  0.5662E-01
 MRCHDU: Convergence failed at  75  side 2    Res =  0.4111E-02
 MRCHDU: Convergence failed at  76  side 2    Res =  0.8884E-03
 MRCHDU: Convergence failed at  77  side 2    Res =  0.4991E-03
 MRCHDU: Convergence failed at  79  side 2    Res =  0.5731E-05
 MRCHDU: Convergence failed at  91  side 2    Res =  0.3089E-04
 MRCHDU: Convergence failed at  92  side 2    Res =  0.2579E-04
 MRCHDU: Convergence failed at  93  side 2    Res =  0.5987E-04
 MRCHDU: Convergence failed at  94  side 2    Res =  0.3688E-04
 MRCHDU: Convergence failed at  95  side 2    Res =  0.9537E-04
 MRCHDU: Convergence failed at  96  side 2    Res =  0.7174E-04
 MRCHDU: Convergence failed at  97  side 2    Res =  0.1496E-03
 MRCHDU: Convergence failed at  98  side 2    Res =  0.1816E-03
 MRCHDU: Convergence failed at  99  side 2    Res =  0.1647E-03
 MRCHDU: Convergence failed at 100  side 2    Res =  0.5306E-03
 MRCHDU: Convergence failed at 101  side 2    Res =  0.1202E-03
 MRCHDU: Convergence failed at 102  side 2    Res =  0.1123E-04
 Side 1 forced transition at x/c =  1.0000   77
 Side 2  free  transition at x/c =  0.0413   24

 149   rms: 0.2127E+11   max: 0.5191E+12   T at   80  2   RLX: 0.000
       a = 10.000      CL = -0.4219
      Cm =  0.0098     CD =+Infinity   =>   CDf =  0.00568    CDp =+Infinity

 MRCHDU: Convergence failed at  27  side 2    Res =  0.7211E-01
 MRCHDU: Convergence failed at  28  side 2    Res =  0.3674E-01
 MRCHDU: Convergence failed at  29  side 2    Res =  0.3541E-01
 MRCHDU: Convergence failed at  30  side 2    Res =  0.1227E-02
 MRCHDU: Convergence failed at  31  side 2    Res =  0.4029E-03
 MRCHDU: Convergence failed at  32  side 2    Res =  0.1909E-03
 MRCHDU: Convergence failed at  33  side 2    Res =  0.2051E-03
 MRCHDU: Convergence failed at  34  side 2    Res =  0.1651E-02
 MRCHDU: Convergence failed at  35  side 2    Res =  0.1664E-02
 MRCHDU: Convergence failed at  36  side 2    Res =  0.1525E-02
 MRCHDU: Convergence failed at  37  side 2    Res =  0.1345E-01
 MRCHDU: Convergence failed at  74  side 2    Res =  0.5685E-01
 MRCHDU: Convergence failed at  75  side 2    Res =  0.4110E-02
 MRCHDU: Convergence failed at  76  side 2    Res =  0.8880E-03
 MRCHDU: Convergence failed at  77  side 2    Res =  0.4987E-03
 MRCHDU: Convergence failed at  79  side 2    Res =  0.5737E-05
 MRCHDU: Convergence failed at  91  side 2    Res =  0.3088E-04
 MRCHDU: Convergence failed at  92  side 2    Res =  0.2579E-04
 MRCHDU: Convergence failed at  93  side 2    Res =  0.5987E-04
 MRCHDU: Convergence failed at  94  side 2    Res =  0.3687E-04
 MRCHDU: Convergence failed at  95  side 2    Res =  0.9536E-04
 MRCHDU: Convergence failed at  96  side 2    Res =  0.7173E-04
 MRCHDU: Convergence failed at  97  side 2    Res =  0.1496E-03
 MRCHDU: Convergence failed at  98  side 2    Res =  0.1815E-03
 MRCHDU: Convergence failed at  99  side 2    Res =  0.1647E-03
 MRCHDU: Convergence failed at 100  side 2    Res =  0.5305E-03
 MRCHDU: Convergence failed at 101  side 2    Res =  0.1202E-03
 MRCHDU: Convergence failed at 102  side 2    Res =  0.1123E-04
 Side 1 forced transition at x/c =  1.0000   77
 Side 2  free  transition at x/c =  0.0413   24

 150   rms: 0.3037E+11   max: -.7285E+12   T at   81  2   RLX: 0.000
       a = 10.000      CL = -0.4219
      Cm =  0.0098     CD =+Infinity   =>   CDf =  0.00568    CDp =+Infinity

 MRCHDU: Convergence failed at  27  side 2    Res =  0.7211E-01
 MRCHDU: Convergence failed at  28  side 2    Res =  0.3674E-01
 MRCHDU: Convergence failed at  29  side 2    Res =  0.3541E-01
 MRCHDU: Convergence failed at  30  side 2    Res =  0.1227E-02
 MRCHDU: Convergence failed at  31  side 2    Res =  0.4030E-03
 MRCHDU: Convergence failed at  32  side 2    Res =  0.1909E-03
 MRCHDU: Convergence failed at  33  side 2    Res =  0.2051E-03
 MRCHDU: Convergence failed at  34  side 2    Res =  0.1651E-02
 MRCHDU: Convergence failed at  35  side 2    Res =  0.1664E-02
 MRCHDU: Convergence failed at  36  side 2    Res =  0.1525E-02
 MRCHDU: Convergence failed at  37  side 2    Res =  0.1345E-01
 MRCHDU: Convergence failed at  74  side 2    Res =  0.5721E-01
 MRCHDU: Convergence failed at  75  side 2    Res =  0.4108E-02
 MRCHDU: Convergence failed at  76  side 2    Res =  0.8875E-03
 MRCHDU: Convergence failed at  77  side 2    Res =  0.4983E-03
 MRCHDU: Convergence failed at  79  side 2    Res =  0.5738E-05
 MRCHDU: Convergence failed at  91  side 2    Res =  0.3088E-04
 MRCHDU: Convergence failed at  92  side 2    Res =  0.2579E-04
 MRCHDU: Convergence failed at  93  side 2    Res =  0.5986E-04
 MRCHDU: Convergence failed at  94  side 2    Res =  0.3687E-04
 MRCHDU: Convergence failed at  95  side 2    Res =  0.9535E-04
 MRCHDU: Convergence failed at  96  side 2    Res =  0.7172E-04
 MRCHDU: Convergence failed at  97  side 2    Res =  0.1495E-03
 MRCHDU: Convergence failed at  98  side 2    Res =  0.1815E-03
 MRCHDU: Convergence failed at  99  side 2    Res =  0.1646E-03
 MRCHDU: Convergence failed at 100  side 2    Res =  0.5304E-03
 MRCHDU: Convergence failed at 101  side 2    Res =  0.1201E-03
 MRCHDU: Convergence failed at 102  side 2    Res =  0.1123E-04
 Side 1 forced transition at x/c =  1.0000   77
 Side 2  free  transition at x/c =  0.0413   24

 151   rms: 0.1428E+11   max: -.3465E+12   T at   80  2   RLX: 0.000
       a = 10.000      CL = -0.4219
      Cm =  0.0098     CD =+Infinity   =>   CDf =  0.00568    CDp =+Infinity

 MRCHDU: Convergence failed at  27  side 2    Res =  0.7211E-01
 MRCHDU: Convergence failed at  28  side 2    Res =  0.3674E-01
 MRCHDU: Convergence failed at  29  side 2    Res =  0.3541E-01
 MRCHDU: Convergence failed at  30  side 2    Res =  0.1227E-02
 MRCHDU: Convergence failed at  31  side 2    Res =  0.4029E-03
 MRCHDU: Convergence failed at  32  side 2    Res =  0.1909E-03
 MRCHDU: Convergence failed at  33  side 2    Res =  0.2050E-03
 MRCHDU: Convergence failed at  34  side 2    Res =  0.1651E-02
 MRCHDU: Convergence failed at  35  side 2    Res =  0.1664E-02
 MRCHDU: Convergence failed at  36  side 2    Res =  0.1525E-02
 MRCHDU: Convergence failed at  37  side 2    Res =  0.1345E-01
 MRCHDU: Convergence failed at  74  side 2    Res =  0.5666E-01
 MRCHDU: Convergence failed at  75  side 2    Res =  0.4110E-02
 MRCHDU: Convergence failed at  76  side 2    Res =  0.8882E-03
 MRCHDU: Convergence failed at  77  side 2    Res =  0.4989E-03
 MRCHDU: Convergence failed at  79  side 2    Res =  0.5749E-05
 MRCHDU: Convergence failed at  91  side 2    Res =  0.3088E-04
 MRCHDU: Convergence failed at  92  side 2    Res =  0.2579E-04
 MRCHDU: Convergence failed at  93  side 2    Res =  0.5987E-04
 MRCHDU: Convergence failed at  94  side 2    Res =  0.3687E-04
 MRCHDU: Convergence failed at  95  side 2    Res =  0.9536E-04
 MRCHDU: Convergence failed at  96  side 2    Res =  0.7173E-04
 MRCHDU: Convergence failed at  97  side 2    Res =  0.1496E-03
 MRCHDU: Convergence failed at  98  side 2    Res =  0.1815E-03
 MRCHDU: Convergence failed at  99  side 2    Res =  0.1647E-03
 MRCHDU: Convergence failed at 100  side 2    Res =  0.5305E-03
 MRCHDU: Convergence failed at 101  side 2    Res =  0.1202E-03
 MRCHDU: Convergence failed at 102  side 2    Res =  0.1123E-04
 Side 1 forced transition at x/c =  1.0000   77
 Side 2  free  transition at x/c =  0.0413   24

 152   rms: 0.7011E+11   max: 0.1597E+13   T at   81  2   RLX: 0.000
       a = 10.000      CL = -0.4219
      Cm =  0.0098     CD =+Infinity   =>   CDf =  0.00568    CDp =+Infinity

 MRCHDU: Convergence failed at  27  side 2    Res =  0.7211E-01
 MRCHDU: Convergence failed at  28  side 2    Res =  0.3674E-01
 MRCHDU: Convergence failed at  29  side 2    Res =  0.3541E-01
 MRCHDU: Convergence failed at  30  side 2    Res =  0.1227E-02
 MRCHDU: Convergence failed at  31  side 2    Res =  0.4029E-03
 MRCHDU: Convergence failed at  32  side 2    Res =  0.1909E-03
 MRCHDU: Convergence failed at  33  side 2    Res =  0.2050E-03
 MRCHDU: Convergence failed at  34  side 2    Res =  0.1651E-02
 MRCHDU: Convergence failed at  35  side 2    Res =  0.1664E-02
 MRCHDU: Convergence failed at  36  side 2    Res =  0.1525E-02
 MRCHDU: Convergence failed at  37  side 2    Res =  0.1345E-01
 MRCHDU: Convergence failed at  74  side 2    Res =  0.5665E-01
 MRCHDU: Convergence failed at  75  side 2    Res =  0.4110E-02
 MRCHDU: Convergence failed at  76  side 2    Res =  0.8882E-03
 MRCHDU: Convergence failed at  77  side 2    Res =  0.4989E-03
 MRCHDU: Convergence failed at  79  side 2    Res =  0.5749E-05
 MRCHDU: Convergence failed at  91  side 2    Res =  0.3088E-04
 MRCHDU: Convergence failed at  92  side 2    Res =  0.2579E-04
 MRCHDU: Convergence failed at  93  side 2    Res =  0.5987E-04
 MRCHDU: Convergence failed at  94  side 2    Res =  0.3687E-04
 MRCHDU: Convergence failed at  95  side 2    Res =  0.9536E-04
 MRCHDU: Convergence failed at  96  side 2    Res =  0.7173E-04
 MRCHDU: Convergence failed at  97  side 2    Res =  0.1496E-03
 MRCHDU: Convergence failed at  98  side 2    Res =  0.1815E-03
 MRCHDU: Convergence failed at  99  side 2    Res =  0.1647E-03
 MRCHDU: Convergence failed at 100  side 2    Res =  0.5305E-03
 MRCHDU: Convergence failed at 101  side 2    Res =  0.1202E-03
 MRCHDU: Convergence failed at 102  side 2    Res =  0.1123E-04
 Side 1 forced transition at x/c =  1.0000   77
 Side 2  free  transition at x/c =  0.0413   24

 153   rms: 0.2496E+11   max: -.5536E+12   T at   81  2   RLX: 0.000
       a = 10.000      CL = -0.4219
      Cm =  0.0098     CD =+Infinity   =>   CDf =  0.00568    CDp =+Infinity

 MRCHDU: Convergence failed at  27  side 2    Res =  0.7211E-01
 MRCHDU: Convergence failed at  28  side 2    Res =  0.3674E-01
 MRCHDU: Convergence failed at  29  side 2    Res =  0.3541E-01
 MRCHDU: Convergence failed at  30  side 2    Res =  0.1227E-02
 MRCHDU: Convergence failed at  31  side 2    Res =  0.4029E-03
 MRCHDU: Convergence failed at  32  side 2    Res =  0.1909E-03
 MRCHDU: Convergence failed at  33  side 2    Res =  0.2050E-03
 MRCHDU: Convergence failed at  34  side 2    Res =  0.1651E-02
 MRCHDU: Convergence failed at  35  side 2    Res =  0.1664E-02
 MRCHDU: Convergence failed at  36  side 2    Res =  0.1525E-02
 MRCHDU: Convergence failed at  37  side 2    Res =  0.1345E-01
 MRCHDU: Convergence failed at  74  side 2    Res =  0.5669E-01
 MRCHDU: Convergence failed at  75  side 2    Res =  0.4110E-02
 MRCHDU: Convergence failed at  76  side 2    Res =  0.8881E-03
 MRCHDU: Convergence failed at  77  side 2    Res =  0.4988E-03
 MRCHDU: Convergence failed at  79  side 2    Res =  0.5750E-05
 MRCHDU: Convergence failed at  91  side 2    Res =  0.3088E-04
 MRCHDU: Convergence failed at  92  side 2    Res =  0.2579E-04
 MRCHDU: Convergence failed at  93  side 2    Res =  0.5987E-04
 MRCHDU: Convergence failed at  94  side 2    Res =  0.3687E-04
 MRCHDU: Convergence failed at  95  side 2    Res =  0.9536E-04
 MRCHDU: Convergence failed at  96  side 2    Res =  0.7173E-04
 MRCHDU: Convergence failed at  97  side 2    Res =  0.1496E-03
 MRCHDU: Convergence failed at  98  side 2    Res =  0.1815E-03
 MRCHDU: Convergence failed at  99  side 2    Res =  0.1647E-03
 MRCHDU: Convergence failed at 100  side 2    Res =  0.5305E-03
 MRCHDU: Convergence failed at 101  side 2    Res =  0.1202E-03
 MRCHDU: Convergence failed at 102  side 2    Res =  0.1123E-04
 Side 1 forced transition at x/c =  1.0000   77
 Side 2  free  transition at x/c =  0.0413   24

 154   rms: 0.8102E+11   max: -.1886E+13   T at   81  2   RLX: 0.000
       a = 10.000      CL = -0.4219
      Cm =  0.0098     CD =+Infinity   =>   CDf =  0.00568    CDp =+Infinity

 MRCHDU: Convergence failed at  27  side 2    Res =  0.7211E-01
 MRCHDU: Convergence failed at  28  side 2    Res =  0.3674E-01
 MRCHDU: Convergence failed at  29  side 2    Res =  0.3542E-01
 MRCHDU: Convergence failed at  30  side 2    Res =  0.1228E-02
 MRCHDU: Convergence failed at  31  side 2    Res =  0.4031E-03
 MRCHDU: Convergence failed at  32  side 2    Res =  0.1910E-03
 MRCHDU: Convergence failed at  33  side 2    Res =  0.2052E-03
 MRCHDU: Convergence failed at  34  side 2    Res =  0.1651E-02
 MRCHDU: Convergence failed at  35  side 2    Res =  0.1664E-02
 MRCHDU: Convergence failed at  36  side 2    Res =  0.1525E-02
 MRCHDU: Convergence failed at  37  side 2    Res =  0.1344E-01
 MRCHDU: Convergence failed at  74  side 2    Res =  0.5625E-01
 MRCHDU: Convergence failed at  75  side 2    Res =  0.4118E-02
 MRCHDU: Convergence failed at  76  side 2    Res =  0.8907E-03
 MRCHDU: Convergence failed at  77  side 2    Res =  0.5009E-03
 MRCHDU: Convergence failed at  79  side 2    Res =  0.5772E-05
 MRCHDU: Convergence failed at  91  side 2    Res =  0.3083E-04
 MRCHDU: Convergence failed at  92  side 2    Res =  0.2574E-04
 MRCHDU: Convergence failed at  93  side 2    Res =  0.5976E-04
 MRCHDU: Convergence failed at  94  side 2    Res =  0.3681E-04
 MRCHDU: Convergence failed at  95  side 2    Res =  0.9519E-04
 MRCHDU: Convergence failed at  96  side 2    Res =  0.7159E-04
 MRCHDU: Convergence failed at  97  side 2    Res =  0.1492E-03
 MRCHDU: Convergence failed at  98  side 2    Res =  0.1811E-03
 MRCHDU: Convergence failed at  99  side 2    Res =  0.1643E-03
 MRCHDU: Convergence failed at 100  side 2    Res =  0.5292E-03
 MRCHDU: Convergence failed at 101  side 2    Res =  0.1199E-03
 MRCHDU: Convergence failed at 102  side 2    Res =  0.1120E-04
 Side 1 forced transition at x/c =  1.0000   77
 Side 2  free  transition at x/c =  0.0413   24

 155   rms: 0.5683E+11   max: 0.1332E+13   T at   81  2   RLX: 0.000
       a = 10.000      CL = -0.4219
      Cm =  0.0098     CD =+Infinity   =>   CDf =  0.00568    CDp =+Infinity

 MRCHDU: Convergence failed at  27  side 2    Res =  0.7211E-01
 MRCHDU: Convergence failed at  28  side 2    Res =  0.3674E-01
 MRCHDU: Convergence failed at  29  side 2    Res =  0.3542E-01
 MRCHDU: Convergence failed at  30  side 2    Res =  0.1228E-02
 MRCHDU: Convergence failed at  31  side 2    Res =  0.4031E-03
 MRCHDU: Convergence failed at  32  side 2    Res =  0.1910E-03
 MRCHDU: Convergence failed at  33  side 2    Res =  0.2052E-03
 MRCHDU: Convergence failed at  34  side 2    Res =  0.1651E-02
 MRCHDU: Convergence failed at  35  side 2    Res =  0.1664E-02
 MRCHDU: Convergence failed at  36  side 2    Res =  0.1525E-02
 MRCHDU: Convergence failed at  37  side 2    Res =  0.1343E-01
 MRCHDU: Convergence failed at  74  side 2    Res =  0.5633E-01
 MRCHDU: Convergence failed at  75  side 2    Res =  0.4118E-02
 MRCHDU: Convergence failed at  76  side 2    Res =  0.8906E-03
 MRCHDU: Convergence failed at  77  side 2    Res =  0.5008E-03
 MRCHDU: Convergence failed at  79  side 2    Res =  0.5774E-05
 MRCHDU: Convergence failed at  91  side 2    Res =  0.3083E-04
 MRCHDU: Convergence failed at  92  side 2    Res =  0.2575E-04
 MRCHDU: Convergence failed at  93  side 2    Res =  0.5977E-04
 MRCHDU: Convergence failed at  94  side 2    Res =  0.3681E-04
 MRCHDU: Convergence failed at  95  side 2    Res =  0.9519E-04
 MRCHDU: Convergence failed at  96  side 2    Res =  0.7160E-04
 MRCHDU: Convergence failed at  97  side 2    Res =  0.1493E-03
 MRCHDU: Convergence failed at  98  side 2    Res =  0.1811E-03
 MRCHDU: Convergence failed at  99  side 2    Res =  0.1643E-03
 MRCHDU: Convergence failed at 100  side 2    Res =  0.5293E-03
 MRCHDU: Convergence failed at 101  side 2    Res =  0.1199E-03
 MRCHDU: Convergence failed at 102  side 2    Res =  0.1120E-04
 Side 1 forced transition at x/c =  1.0000   77
 Side 2  free  transition at x/c =  0.0413   24

 156   rms: 0.8006E+11   max: -.1898E+13   T at   81  2   RLX: 0.000
       a = 10.000      CL = -0.4219
      Cm =  0.0098     CD =+Infinity   =>   CDf =  0.00568    CDp =+Infinity

 MRCHDU: Convergence failed at  27  side 2    Res =  0.7211E-01
 MRCHDU: Convergence failed at  28  side 2    Res =  0.3674E-01
 MRCHDU: Convergence failed at  29  side 2    Res =  0.3542E-01
 MRCHDU: Convergence failed at  30  side 2    Res =  0.1228E-02
 MRCHDU: Convergence failed at  31  side 2    Res =  0.4031E-03
 MRCHDU: Convergence failed at  32  side 2    Res =  0.1910E-03
 MRCHDU: Convergence failed at  33  side 2    Res =  0.2052E-03
 MRCHDU: Convergence failed at  34  side 2    Res =  0.1650E-02
 MRCHDU: Convergence failed at  35  side 2    Res =  0.1664E-02
 MRCHDU: Convergence failed at  36  side 2    Res =  0.1525E-02
 MRCHDU: Convergence failed at  37  side 2    Res =  0.1343E-01
 MRCHDU: Convergence failed at  74  side 2    Res =  0.5641E-01
 MRCHDU: Convergence failed at  75  side 2    Res =  0.4118E-02
 MRCHDU: Convergence failed at  76  side 2    Res =  0.8907E-03
 MRCHDU: Convergence failed at  77  side 2    Res =  0.5009E-03
 MRCHDU: Convergence failed at  79  side 2    Res =  0.5773E-05
 MRCHDU: Convergence failed at  91  side 2    Res =  0.3083E-04
 MRCHDU: Convergence failed at  92  side 2    Res =  0.2574E-04
 MRCHDU: Convergence failed at  93  side 2    Res =  0.5976E-04
 MRCHDU: Convergence failed at  94  side 2    Res =  0.3681E-04
 MRCHDU: Convergence failed at  95  side 2    Res =  0.9518E-04
 MRCHDU: Convergence failed at  96  side 2    Res =  0.7159E-04
 MRCHDU: Convergence failed at  97  side 2    Res =  0.1492E-03
 MRCHDU: Convergence failed at  98  side 2    Res =  0.1811E-03
 MRCHDU: Convergence failed at  99  side 2    Res =  0.1643E-03
 MRCHDU: Convergence failed at 100  side 2    Res =  0.5292E-03
 MRCHDU: Convergence failed at 101  side 2    Res =  0.1198E-03
 MRCHDU: Convergence failed at 102  side 2    Res =  0.1120E-04
 Side 1 forced transition at x/c =  1.0000   77
 Side 2  free  transition at x/c =  0.0413   24

 157   rms: 0.6938E+11   max: -.1631E+13   T at   81  2   RLX: 0.000
       a = 10.000      CL = -0.4219
      Cm =  0.0098     CD =+Infinity   =>   CDf =  0.00568    CDp =+Infinity

 MRCHDU: Convergence failed at  27  side 2    Res =  0.7211E-01
 MRCHDU: Convergence failed at  28  side 2    Res =  0.3674E-01
 MRCHDU: Convergence failed at  29  side 2    Res =  0.3542E-01
 MRCHDU: Convergence failed at  30  side 2    Res =  0.1228E-02
 MRCHDU: Convergence failed at  31  side 2    Res =  0.4031E-03
 MRCHDU: Convergence failed at  32  side 2    Res =  0.1910E-03
 MRCHDU: Convergence failed at  33  side 2    Res =  0.2052E-03
 MRCHDU: Convergence failed at  34  side 2    Res =  0.1651E-02
 MRCHDU: Convergence failed at  35  side 2    Res =  0.1664E-02
 MRCHDU: Convergence failed at  36  side 2    Res =  0.1525E-02
 MRCHDU: Convergence failed at  37  side 2    Res =  0.1343E-01
 MRCHDU: Convergence failed at  74  side 2    Res =  0.5637E-01
 MRCHDU: Convergence failed at  75  side 2    Res =  0.4118E-02
 MRCHDU: Convergence failed at  76  side 2    Res =  0.8907E-03
 MRCHDU: Convergence failed at  77  side 2    Res =  0.5009E-03
 MRCHDU: Convergence failed at  79  side 2    Res =  0.5771E-05
 MRCHDU: Convergence failed at  91  side 2    Res =  0.3083E-04
 MRCHDU: Convergence failed at  92  side 2    Res =  0.2574E-04
 MRCHDU: Convergence failed at  93  side 2    Res =  0.5976E-04
 MRCHDU: Convergence failed at  94  side 2    Res =  0.3681E-04
 MRCHDU: Convergence failed at  95  side 2    Res =  0.9518E-04
 MRCHDU: Convergence failed at  96  side 2    Res =  0.7159E-04
 MRCHDU: Convergence failed at  97  side 2    Res =  0.1492E-03
 MRCHDU: Convergence failed at  98  side 2    Res =  0.1811E-03
 MRCHDU: Convergence failed at  99  side 2    Res =  0.1643E-03
 MRCHDU: Convergence failed at 100  side 2    Res =  0.5292E-03
 MRCHDU: Convergence failed at 101  side 2    Res =  0.1198E-03
 MRCHDU: Convergence failed at 102  side 2    Res =  0.1120E-04
 Side 1 forced transition at x/c =  1.0000   77
 Side 2  free  transition at x/c =  0.0413   24

 158   rms: 0.1574E+12   max: 0.4141E+13   T at   81  2   RLX: 0.000
       a = 10.000      CL = -0.4219
      Cm =  0.0098     CD =+Infinity   =>   CDf =  0.00568    CDp =+Infinity

 MRCHDU: Convergence failed at  27  side 2    Res =  0.7211E-01
 MRCHDU: Convergence failed at  28  side 2    Res =  0.3674E-01
 MRCHDU: Convergence failed at  29  side 2    Res =  0.3542E-01
 MRCHDU: Convergence failed at  30  side 2    Res =  0.1228E-02
 MRCHDU: Convergence failed at  31  side 2    Res =  0.4031E-03
 MRCHDU: Convergence failed at  32  side 2    Res =  0.1910E-03
 MRCHDU: Convergence failed at  33  side 2    Res =  0.2052E-03
 MRCHDU: Convergence failed at  34  side 2    Res =  0.1651E-02
 MRCHDU: Convergence failed at  35  side 2    Res =  0.1664E-02
 MRCHDU: Convergence failed at  36  side 2    Res =  0.1525E-02
 MRCHDU: Convergence failed at  37  side 2    Res =  0.1343E-01
 MRCHDU: Convergence failed at  74  side 2    Res =  0.5639E-01
 MRCHDU: Convergence failed at  75  side 2    Res =  0.4118E-02
 MRCHDU: Convergence failed at  76  side 2    Res =  0.8907E-03
 MRCHDU: Convergence failed at  77  side 2    Res =  0.5009E-03
 MRCHDU: Convergence failed at  79  side 2    Res =  0.5770E-05
 MRCHDU: Convergence failed at  91  side 2    Res =  0.3083E-04
 MRCHDU: Convergence failed at  92  side 2    Res =  0.2574E-04
 MRCHDU: Convergence failed at  93  side 2    Res =  0.5976E-04
 MRCHDU: Convergence failed at  94  side 2    Res =  0.3681E-04
 MRCHDU: Convergence failed at  95  side 2    Res =  0.9518E-04
 MRCHDU: Convergence failed at  96  side 2    Res =  0.7159E-04
 MRCHDU: Convergence failed at  97  side 2    Res =  0.1492E-03
 MRCHDU: Convergence failed at  98  side 2    Res =  0.1811E-03
 MRCHDU: Convergence failed at  99  side 2    Res =  0.1643E-03
 MRCHDU: Convergence failed at 100  side 2    Res =  0.5292E-03
 MRCHDU: Convergence failed at 101  side 2    Res =  0.1198E-03
 MRCHDU: Convergence failed at 102  side 2    Res =  0.1120E-04
 Side 1 forced transition at x/c =  1.0000   77
 Side 2  free  transition at x/c =  0.0413   24

 159   rms: 0.6238E+11   max: 0.1482E+13   T at   81  2   RLX: 0.000
       a = 10.000      CL = -0.4219
      Cm =  0.0098     CD =+Infinity   =>   CDf =  0.00568    CDp =+Infinity

 MRCHDU: Convergence failed at  27  side 2    Res =  0.7211E-01
 MRCHDU: Convergence failed at  28  side 2    Res =  0.3673E-01
 MRCHDU: Convergence failed at  29  side 2    Res =  0.3541E-01
 MRCHDU: Convergence failed at  30  side 2    Res =  0.1227E-02
 MRCHDU: Convergence failed at  31  side 2    Res =  0.4029E-03
 MRCHDU: Convergence failed at  32  side 2    Res =  0.1910E-03
 MRCHDU: Convergence failed at  33  side 2    Res =  0.2052E-03
 MRCHDU: Convergence failed at  34  side 2    Res =  0.1652E-02
 MRCHDU: Convergence failed at  35  side 2    Res =  0.1664E-02
 MRCHDU: Convergence failed at  36  side 2    Res =  0.1525E-02
 MRCHDU: Convergence failed at  37  side 2    Res =  0.1344E-01
 MRCHDU: Convergence failed at  74  side 2    Res =  0.5598E-01
 MRCHDU: Convergence failed at  75  side 2    Res =  0.4122E-02
 MRCHDU: Convergence failed at  76  side 2    Res =  0.8922E-03
 MRCHDU: Convergence failed at  77  side 2    Res =  0.5022E-03
 MRCHDU: Convergence failed at  79  side 2    Res =  0.5831E-05
 MRCHDU: Convergence failed at  91  side 2    Res =  0.3089E-04
 MRCHDU: Convergence failed at  92  side 2    Res =  0.2579E-04
 MRCHDU: Convergence failed at  93  side 2    Res =  0.5988E-04
 MRCHDU: Convergence failed at  94  side 2    Res =  0.3689E-04
 MRCHDU: Convergence failed at  95  side 2    Res =  0.9539E-04
 MRCHDU: Convergence failed at  96  side 2    Res =  0.7175E-04
 MRCHDU: Convergence failed at  97  side 2    Res =  0.1496E-03
 MRCHDU: Convergence failed at  98  side 2    Res =  0.1816E-03
 MRCHDU: Convergence failed at  99  side 2    Res =  0.1647E-03
 MRCHDU: Convergence failed at 100  side 2    Res =  0.5307E-03
 MRCHDU: Convergence failed at 101  side 2    Res =  0.1202E-03
 MRCHDU: Convergence failed at 102  side 2    Res =  0.1123E-04
 Side 1 forced transition at x/c =  1.0000   77
 Side 2  free  transition at x/c =  0.0413   24

 160   rms: 0.3811E+11   max: 0.9578E+12   T at   81  2   RLX: 0.000
       a = 10.000      CL = -0.4219
      Cm =  0.0098     CD =+Infinity   =>   CDf =  0.00568    CDp =+Infinity

 MRCHDU: Convergence failed at  27  side 2    Res =  0.7211E-01
 MRCHDU: Convergence failed at  28  side 2    Res =  0.3673E-01
 MRCHDU: Convergence failed at  29  side 2    Res =  0.3541E-01
 MRCHDU: Convergence failed at  30  side 2    Res =  0.1227E-02
 MRCHDU: Convergence failed at  31  side 2    Res =  0.4029E-03
 MRCHDU: Convergence failed at  32  side 2    Res =  0.1910E-03
 MRCHDU: Convergence failed at  33  side 2    Res =  0.2052E-03
 MRCHDU: Convergence failed at  34  side 2    Res =  0.1652E-02
 MRCHDU: Convergence failed at  35  side 2    Res =  0.1664E-02
 MRCHDU: Convergence failed at  36  side 2    Res =  0.1525E-02
 MRCHDU: Convergence failed at  37  side 2    Res =  0.1344E-01
 MRCHDU: Convergence failed at  74  side 2    Res =  0.5599E-01
 MRCHDU: Convergence failed at  75  side 2    Res =  0.4123E-02
 MRCHDU: Convergence failed at  76  side 2    Res =  0.8923E-03
 MRCHDU: Convergence failed at  77  side 2    Res =  0.5022E-03
 MRCHDU: Convergence failed at  79  side 2    Res =  0.5838E-05
 MRCHDU: Convergence failed at  91  side 2    Res =  0.3089E-04
 MRCHDU: Convergence failed at  92  side 2    Res =  0.2580E-04
 MRCHDU: Convergence failed at  93  side 2    Res =  0.5989E-04
 MRCHDU: Convergence failed at  94  side 2    Res =  0.3689E-04
 MRCHDU: Convergence failed at  95  side 2    Res =  0.9540E-04
 MRCHDU: Convergence failed at  96  side 2    Res =  0.7176E-04
 MRCHDU: Convergence failed at  97  side 2    Res =  0.1496E-03
 MRCHDU: Convergence failed at  98  side 2    Res =  0.1816E-03
 MRCHDU: Convergence failed at  99  side 2    Res =  0.1647E-03
 MRCHDU: Convergence failed at 100  side 2    Res =  0.5308E-03
 MRCHDU: Convergence failed at 101  side 2    Res =  0.1202E-03
 MRCHDU: Convergence failed at 102  side 2    Res =  0.1124E-04
 Side 1 forced transition at x/c =  1.0000   77
 Side 2  free  transition at x/c =  0.0413   24

 161   rms: 0.3522E+11   max: -.7651E+12   T at   80  2   RLX: 0.000
       a = 10.000      CL = -0.4219
      Cm =  0.0098     CD =+Infinity   =>   CDf =  0.00568    CDp =+Infinity

 MRCHDU: Convergence failed at  27  side 2    Res =  0.7211E-01
 MRCHDU: Convergence failed at  28  side 2    Res =  0.3673E-01
 MRCHDU: Convergence failed at  29  side 2    Res =  0.3541E-01
 MRCHDU: Convergence failed at  30  side 2    Res =  0.1227E-02
 MRCHDU: Convergence failed at  31  side 2    Res =  0.4030E-03
 MRCHDU: Convergence failed at  32  side 2    Res =  0.1910E-03
 MRCHDU: Convergence failed at  33  side 2    Res =  0.2052E-03
 MRCHDU: Convergence failed at  34  side 2    Res =  0.1652E-02
 MRCHDU: Convergence failed at  35  side 2    Res =  0.1664E-02
 MRCHDU: Convergence failed at  36  side 2    Res =  0.1525E-02
 MRCHDU: Convergence failed at  37  side 2    Res =  0.1344E-01
 MRCHDU: Convergence failed at  74  side 2    Res =  0.5598E-01
 MRCHDU: Convergence failed at  75  side 2    Res =  0.4123E-02
 MRCHDU: Convergence failed at  76  side 2    Res =  0.8925E-03
 MRCHDU: Convergence failed at  77  side 2    Res =  0.5024E-03
 MRCHDU: Convergence failed at  79  side 2    Res =  0.5823E-05
 MRCHDU: Convergence failed at  91  side 2    Res =  0.3089E-04
 MRCHDU: Convergence failed at  92  side 2    Res =  0.2580E-04
 MRCHDU: Convergence failed at  93  side 2    Res =  0.5989E-04
 MRCHDU: Convergence failed at  94  side 2    Res =  0.3689E-04
 MRCHDU: Convergence failed at  95  side 2    Res =  0.9540E-04
 MRCHDU: Convergence failed at  96  side 2    Res =  0.7176E-04
 MRCHDU: Convergence failed at  97  side 2    Res =  0.1496E-03
 MRCHDU: Convergence failed at  98  side 2    Res =  0.1816E-03
 MRCHDU: Convergence failed at  99  side 2    Res =  0.1647E-03
 MRCHDU: Convergence failed at 100  side 2    Res =  0.5308E-03
 MRCHDU: Convergence failed at 101  side 2    Res =  0.1202E-03
 MRCHDU: Convergence failed at 102  side 2    Res =  0.1124E-04
 Side 1 forced transition at x/c =  1.0000   77
 Side 2  free  transition at x/c =  0.0413   24

 162   rms: 0.1285E+12   max: -.3474E+13   T at   81  2   RLX: 0.000
       a = 10.000      CL = -0.4219
      Cm =  0.0098     CD =+Infinity   =>   CDf =  0.00568    CDp =+Infinity

 MRCHDU: Convergence failed at  27  side 2    Res =  0.7211E-01
 MRCHDU: Convergence failed at  28  side 2    Res =  0.3673E-01
 MRCHDU: Convergence failed at  29  side 2    Res =  0.3542E-01
 MRCHDU: Convergence failed at  30  side 2    Res =  0.1227E-02
 MRCHDU: Convergence failed at  31  side 2    Res =  0.4030E-03
 MRCHDU: Convergence failed at  32  side 2    Res =  0.1910E-03
 MRCHDU: Convergence failed at  33  side 2    Res =  0.2052E-03
 MRCHDU: Convergence failed at  34  side 2    Res =  0.1652E-02
 MRCHDU: Convergence failed at  35  side 2    Res =  0.1664E-02
 MRCHDU: Convergence failed at  36  side 2    Res =  0.1525E-02
 MRCHDU: Convergence failed at  37  side 2    Res =  0.1343E-01
 MRCHDU: Convergence failed at  74  side 2    Res =  0.5604E-01
 MRCHDU: Convergence failed at  75  side 2    Res =  0.4124E-02
 MRCHDU: Convergence failed at  76  side 2    Res =  0.8926E-03
 MRCHDU: Convergence failed at  77  side 2    Res =  0.5025E-03
 MRCHDU: Convergence failed at  79  side 2    Res =  0.5825E-05
 MRCHDU: Convergence failed at  91  side 2    Res =  0.3088E-04
 MRCHDU: Convergence failed at  92  side 2    Res =  0.2578E-04
 MRCHDU: Convergence failed at  93  side 2    Res =  0.5986E-04
 MRCHDU: Convergence failed at  94  side 2    Res =  0.3687E-04
 MRCHDU: Convergence failed at  95  side 2    Res =  0.9535E-04
 MRCHDU: Convergence failed at  96  side 2    Res =  0.7172E-04
 MRCHDU: Convergence failed at  97  side 2    Res =  0.1495E-03
 MRCHDU: Convergence failed at  98  side 2    Res =  0.1815E-03
 MRCHDU: Convergence failed at  99  side 2    Res =  0.1646E-03
 MRCHDU: Convergence failed at 100  side 2    Res =  0.5305E-03
 MRCHDU: Convergence failed at 101  side 2    Res =  0.1201E-03
 MRCHDU: Convergence failed at 102  side 2    Res =  0.1123E-04
 Side 1 forced transition at x/c =  1.0000   77
 Side 2  free  transition at x/c =  0.0413   24

 163   rms: 0.1291E+12   max: -.3206E+13   T at   81  2   RLX: 0.000
       a = 10.000      CL = -0.4219
      Cm =  0.0098     CD =+Infinity   =>   CDf =  0.00568    CDp =+Infinity

 MRCHDU: Convergence failed at  27  side 2    Res =  0.7211E-01
 MRCHDU: Convergence failed at  28  side 2    Res =  0.3673E-01
 MRCHDU: Convergence failed at  29  side 2    Res =  0.3542E-01
 MRCHDU: Convergence failed at  30  side 2    Res =  0.1227E-02
 MRCHDU: Convergence failed at  31  side 2    Res =  0.4029E-03
 MRCHDU: Convergence failed at  32  side 2    Res =  0.1910E-03
 MRCHDU: Convergence failed at  33  side 2    Res =  0.2052E-03
 MRCHDU: Convergence failed at  34  side 2    Res =  0.1651E-02
 MRCHDU: Convergence failed at  35  side 2    Res =  0.1664E-02
 MRCHDU: Convergence failed at  36  side 2    Res =  0.1525E-02
 MRCHDU: Convergence failed at  37  side 2    Res =  0.1343E-01
 MRCHDU: Convergence failed at  74  side 2    Res =  0.5602E-01
 MRCHDU: Convergence failed at  75  side 2    Res =  0.4125E-02
 MRCHDU: Convergence failed at  76  side 2    Res =  0.8928E-03
 MRCHDU: Convergence failed at  77  side 2    Res =  0.5027E-03
 MRCHDU: Convergence failed at  79  side 2    Res =  0.5839E-05
 MRCHDU: Convergence failed at  91  side 2    Res =  0.3087E-04
 MRCHDU: Convergence failed at  92  side 2    Res =  0.2578E-04
 MRCHDU: Convergence failed at  93  side 2    Res =  0.5984E-04
 MRCHDU: Convergence failed at  94  side 2    Res =  0.3686E-04
 MRCHDU: Convergence failed at  95  side 2    Res =  0.9532E-04
 MRCHDU: Convergence failed at  96  side 2    Res =  0.7170E-04
 MRCHDU: Convergence failed at  97  side 2    Res =  0.1495E-03
 MRCHDU: Convergence failed at  98  side 2    Res =  0.1814E-03
 MRCHDU: Convergence failed at  99  side 2    Res =  0.1646E-03
 MRCHDU: Convergence failed at 100  side 2    Res =  0.5302E-03
 MRCHDU: Convergence failed at 101  side 2    Res =  0.1201E-03
 MRCHDU: Convergence failed at 102  side 2    Res =  0.1122E-04
 Side 1 forced transition at x/c =  1.0000   77
 Side 2  free  transition at x/c =  0.0413   24

 164   rms: 0.1829E+11   max: 0.4811E+12   T at   81  2   RLX: 0.000
       a = 10.000      CL = -0.4219
      Cm =  0.0098     CD =+Infinity   =>   CDf =  0.00568    CDp =+Infinity

 MRCHDU: Convergence failed at  27  side 2    Res =  0.7211E-01
 MRCHDU: Convergence failed at  28  side 2    Res =  0.3673E-01
 MRCHDU: Convergence failed at  29  side 2    Res =  0.3542E-01
 MRCHDU: Convergence failed at  30  side 2    Res =  0.1227E-02
 MRCHDU: Convergence failed at  31  side 2    Res =  0.4030E-03
 MRCHDU: Convergence failed at  32  side 2    Res =  0.1910E-03
 MRCHDU: Convergence failed at  33  side 2    Res =  0.2053E-03
 MRCHDU: Convergence failed at  34  side 2    Res =  0.1651E-02
 MRCHDU: Convergence failed at  35  side 2    Res =  0.1664E-02
 MRCHDU: Convergence failed at  36  side 2    Res =  0.1525E-02
 MRCHDU: Convergence failed at  37  side 2    Res =  0.1343E-01
 MRCHDU: Convergence failed at  74  side 2    Res =  0.5631E-01
 MRCHDU: Convergence failed at  75  side 2    Res =  0.4124E-02
 MRCHDU: Convergence failed at  76  side 2    Res =  0.8925E-03
 MRCHDU: Convergence failed at  77  side 2    Res =  0.5024E-03
 MRCHDU: Convergence failed at  79  side 2    Res =  0.5849E-05
 MRCHDU: Convergence failed at  91  side 2    Res =  0.3087E-04
 MRCHDU: Convergence failed at  92  side 2    Res =  0.2578E-04
 MRCHDU: Convergence failed at  93  side 2    Res =  0.5985E-04
 MRCHDU: Convergence failed at  94  side 2    Res =  0.3686E-04
 MRCHDU: Convergence failed at  95  side 2    Res =  0.9533E-04
 MRCHDU: Convergence failed at  96  side 2    Res =  0.7171E-04
 MRCHDU: Convergence failed at  97  side 2    Res =  0.1495E-03
 MRCHDU: Convergence failed at  98  side 2    Res =  0.1815E-03
 MRCHDU: Convergence failed at  99  side 2    Res =  0.1646E-03
 MRCHDU: Convergence failed at 100  side 2    Res =  0.5303E-03
 MRCHDU: Convergence failed at 101  side 2    Res =  0.1201E-03
 MRCHDU: Convergence failed at 102  side 2    Res =  0.1123E-04
 Side 1 forced transition at x/c =  1.0000   77
 Side 2  free  transition at x/c =  0.0413   24

 165   rms: 0.2335E+11   max: -.5607E+12   T at   80  2   RLX: 0.000
       a = 10.000      CL = -0.4219
      Cm =  0.0098     CD =+Infinity   =>   CDf =  0.00568    CDp =+Infinity

 MRCHDU: Convergence failed at  27  side 2    Res =  0.7211E-01
 MRCHDU: Convergence failed at  28  side 2    Res =  0.3673E-01
 MRCHDU: Convergence failed at  29  side 2    Res =  0.3542E-01
 MRCHDU: Convergence failed at  30  side 2    Res =  0.1227E-02
 MRCHDU: Convergence failed at  31  side 2    Res =  0.4030E-03
 MRCHDU: Convergence failed at  32  side 2    Res =  0.1910E-03
 MRCHDU: Convergence failed at  33  side 2    Res =  0.2053E-03
 MRCHDU: Convergence failed at  34  side 2    Res =  0.1651E-02
 MRCHDU: Convergence failed at  35  side 2    Res =  0.1664E-02
 MRCHDU: Convergence failed at  36  side 2    Res =  0.1525E-02
 MRCHDU: Convergence failed at  37  side 2    Res =  0.1343E-01
 MRCHDU: Convergence failed at  74  side 2    Res =  0.5629E-01
 MRCHDU: Convergence failed at  75  side 2    Res =  0.4124E-02
 MRCHDU: Convergence failed at  76  side 2    Res =  0.8924E-03
 MRCHDU: Convergence failed at  77  side 2    Res =  0.5023E-03
 MRCHDU: Convergence failed at  79  side 2    Res =  0.5850E-05
 MRCHDU: Convergence failed at  91  side 2    Res =  0.3087E-04
 MRCHDU: Convergence failed at  92  side 2    Res =  0.2578E-04
 MRCHDU: Convergence failed at  93  side 2    Res =  0.5985E-04
 MRCHDU: Convergence failed at  94  side 2    Res =  0.3686E-04
 MRCHDU: Convergence failed at  95  side 2    Res =  0.9533E-04
 MRCHDU: Convergence failed at  96  side 2    Res =  0.7171E-04
 MRCHDU: Convergence failed at  97  side 2    Res =  0.1495E-03
 MRCHDU: Convergence failed at  98  side 2    Res =  0.1815E-03
 MRCHDU: Convergence failed at  99  side 2    Res =  0.1646E-03
 MRCHDU: Convergence failed at 100  side 2    Res =  0.5303E-03
 MRCHDU: Convergence failed at 101  side 2    Res =  0.1201E-03
 MRCHDU: Convergence failed at 102  side 2    Res =  0.1122E-04
 Side 1 forced transition at x/c =  1.0000   77
 Side 2  free  transition at x/c =  0.0413   24

 166   rms: 0.6426E+11   max: 0.1475E+13   T at   81  2   RLX: 0.000
       a = 10.000      CL = -0.4219
      Cm =  0.0098     CD =+Infinity   =>   CDf =  0.00568    CDp =+Infinity

 MRCHDU: Convergence failed at  27  side 2    Res =  0.7211E-01
 MRCHDU: Convergence failed at  28  side 2    Res =  0.3674E-01
 MRCHDU: Convergence failed at  29  side 2    Res =  0.3542E-01
 MRCHDU: Convergence failed at  30  side 2    Res =  0.1227E-02
 MRCHDU: Convergence failed at  31  side 2    Res =  0.4030E-03
 MRCHDU: Convergence failed at  32  side 2    Res =  0.1910E-03
 MRCHDU: Convergence failed at  33  side 2    Res =  0.2053E-03
 MRCHDU: Convergence failed at  34  side 2    Res =  0.1651E-02
 MRCHDU: Convergence failed at  35  side 2    Res =  0.1664E-02
 MRCHDU: Convergence failed at  36  side 2    Res =  0.1525E-02
 MRCHDU: Convergence failed at  37  side 2    Res =  0.1343E-01
 MRCHDU: Convergence failed at  74  side 2    Res =  0.5653E-01
 MRCHDU: Convergence failed at  75  side 2    Res =  0.4123E-02
 MRCHDU: Convergence failed at  76  side 2    Res =  0.8922E-03
 MRCHDU: Convergence failed at  77  side 2    Res =  0.5022E-03
 MRCHDU: Convergence failed at  79  side 2    Res =  0.5865E-05
 MRCHDU: Convergence failed at  91  side 2    Res =  0.3088E-04
 MRCHDU: Convergence failed at  92  side 2    Res =  0.2579E-04
 MRCHDU: Convergence failed at  93  side 2    Res =  0.5986E-04
 MRCHDU: Convergence failed at  94  side 2    Res =  0.3687E-04
 MRCHDU: Convergence failed at  95  side 2    Res =  0.9535E-04
 MRCHDU: Convergence failed at  96  side 2    Res =  0.7172E-04
 MRCHDU: Convergence failed at  97  side 2    Res =  0.1495E-03
 MRCHDU: Convergence failed at  98  side 2    Res =  0.1815E-03
 MRCHDU: Convergence failed at  99  side 2    Res =  0.1646E-03
 MRCHDU: Convergence failed at 100  side 2    Res =  0.5305E-03
 MRCHDU: Convergence failed at 101  side 2    Res =  0.1201E-03
 MRCHDU: Convergence failed at 102  side 2    Res =  0.1123E-04
 Side 1 forced transition at x/c =  1.0000   77
 Side 2  free  transition at x/c =  0.0413   24

 167   rms: 0.3514E+11   max: -.5626E+12   T at   81  2   RLX: 0.000
       a = 10.000      CL = -0.4219
      Cm =  0.0098     CD =+Infinity   =>   CDf =  0.00568    CDp =+Infinity

 MRCHDU: Convergence failed at  27  side 2    Res =  0.7211E-01
 MRCHDU: Convergence failed at  28  side 2    Res =  0.3674E-01
 MRCHDU: Convergence failed at  29  side 2    Res =  0.3542E-01
 MRCHDU: Convergence failed at  30  side 2    Res =  0.1227E-02
 MRCHDU: Convergence failed at  31  side 2    Res =  0.4030E-03
 MRCHDU: Convergence failed at  32  side 2    Res =  0.1910E-03
 MRCHDU: Convergence failed at  33  side 2    Res =  0.2053E-03
 MRCHDU: Convergence failed at  34  side 2    Res =  0.1651E-02
 MRCHDU: Convergence failed at  35  side 2    Res =  0.1664E-02
 MRCHDU: Convergence failed at  36  side 2    Res =  0.1525E-02
 MRCHDU: Convergence failed at  37  side 2    Res =  0.1343E-01
 MRCHDU: Convergence failed at  74  side 2    Res =  0.5666E-01
 MRCHDU: Convergence failed at  75  side 2    Res =  0.4122E-02
 MRCHDU: Convergence failed at  76  side 2    Res =  0.8918E-03
 MRCHDU: Convergence failed at  77  side 2    Res =  0.5018E-03
 MRCHDU: Convergence failed at  79  side 2    Res =  0.5869E-05
 MRCHDU: Convergence failed at  91  side 2    Res =  0.3088E-04
 MRCHDU: Convergence failed at  92  side 2    Res =  0.2578E-04
 MRCHDU: Convergence failed at  93  side 2    Res =  0.5986E-04
 MRCHDU: Convergence failed at  94  side 2    Res =  0.3687E-04
 MRCHDU: Convergence failed at  95  side 2    Res =  0.9535E-04
 MRCHDU: Convergence failed at  96  side 2    Res =  0.7172E-04
 MRCHDU: Convergence failed at  97  side 2    Res =  0.1495E-03
 MRCHDU: Convergence failed at  98  side 2    Res =  0.1815E-03
 MRCHDU: Convergence failed at  99  side 2    Res =  0.1646E-03
 MRCHDU: Convergence failed at 100  side 2    Res =  0.5304E-03
 MRCHDU: Convergence failed at 101  side 2    Res =  0.1201E-03
 MRCHDU: Convergence failed at 102  side 2    Res =  0.1123E-04
 Side 1 forced transition at x/c =  1.0000   77
 Side 2  free  transition at x/c =  0.0413   24

 168   rms: 0.5281E+11   max: -.1389E+13   T at   81  2   RLX: 0.000
       a = 10.000      CL = -0.4219
      Cm =  0.0098     CD =+Infinity   =>   CDf =  0.00568    CDp =+Infinity

 MRCHDU: Convergence failed at  27  side 2    Res =  0.7211E-01
 MRCHDU: Convergence failed at  28  side 2    Res =  0.3673E-01
 MRCHDU: Convergence failed at  29  side 2    Res =  0.3542E-01
 MRCHDU: Convergence failed at  30  side 2    Res =  0.1227E-02
 MRCHDU: Convergence failed at  31  side 2    Res =  0.4030E-03
 MRCHDU: Convergence failed at  32  side 2    Res =  0.1910E-03
 MRCHDU: Convergence failed at  33  side 2    Res =  0.2052E-03
 MRCHDU: Convergence failed at  34  side 2    Res =  0.1651E-02
 MRCHDU: Convergence failed at  35  side 2    Res =  0.1664E-02
 MRCHDU: Convergence failed at  36  side 2    Res =  0.1525E-02
 MRCHDU: Convergence failed at  37  side 2    Res =  0.1343E-01
 MRCHDU: Convergence failed at  74  side 2    Res =  0.5658E-01
 MRCHDU: Convergence failed at  75  side 2    Res =  0.4122E-02
 MRCHDU: Convergence failed at  76  side 2    Res =  0.8919E-03
 MRCHDU: Convergence failed at  77  side 2    Res =  0.5019E-03
 MRCHDU: Convergence failed at  79  side 2    Res =  0.5862E-05
 MRCHDU: Convergence failed at  91  side 2    Res =  0.3087E-04
 MRCHDU: Convergence failed at  92  side 2    Res =  0.2578E-04
 MRCHDU: Convergence failed at  93  side 2    Res =  0.5984E-04
 MRCHDU: Convergence failed at  94  side 2    Res =  0.3686E-04
 MRCHDU: Convergence failed at  95  side 2    Res =  0.9531E-04
 MRCHDU: Convergence failed at  96  side 2    Res =  0.7169E-04
 MRCHDU: Convergence failed at  97  side 2    Res =  0.1495E-03
 MRCHDU: Convergence failed at  98  side 2    Res =  0.1814E-03
 MRCHDU: Convergence failed at  99  side 2    Res =  0.1646E-03
 MRCHDU: Convergence failed at 100  side 2    Res =  0.5302E-03
 MRCHDU: Convergence failed at 101  side 2    Res =  0.1201E-03
 MRCHDU: Convergence failed at 102  side 2    Res =  0.1122E-04
 Side 1 forced transition at x/c =  1.0000   77
 Side 2  free  transition at x/c =  0.0413   24

 169   rms: 0.2998E+11   max: -.6612E+12   T at   81  2   RLX: 0.000
       a = 10.000      CL = -0.4219
      Cm =  0.0098     CD =+Infinity   =>   CDf =  0.00568    CDp =+Infinity

 MRCHDU: Convergence failed at  27  side 2    Res =  0.7211E-01
 MRCHDU: Convergence failed at  28  side 2    Res =  0.3673E-01
 MRCHDU: Convergence failed at  29  side 2    Res =  0.3541E-01
 MRCHDU: Convergence failed at  30  side 2    Res =  0.1227E-02
 MRCHDU: Convergence failed at  31  side 2    Res =  0.4029E-03
 MRCHDU: Convergence failed at  32  side 2    Res =  0.1910E-03
 MRCHDU: Convergence failed at  33  side 2    Res =  0.2052E-03
 MRCHDU: Convergence failed at  34  side 2    Res =  0.1652E-02
 MRCHDU: Convergence failed at  35  side 2    Res =  0.1664E-02
 MRCHDU: Convergence failed at  36  side 2    Res =  0.1525E-02
 MRCHDU: Convergence failed at  37  side 2    Res =  0.1344E-01
 MRCHDU: Convergence failed at  74  side 2    Res =  0.5634E-01
 MRCHDU: Convergence failed at  75  side 2    Res =  0.4122E-02
 MRCHDU: Convergence failed at  76  side 2    Res =  0.8919E-03
 MRCHDU: Convergence failed at  77  side 2    Res =  0.5019E-03
 MRCHDU: Convergence failed at  79  side 2    Res =  0.5856E-05
 MRCHDU: Convergence failed at  91  side 2    Res =  0.3087E-04
 MRCHDU: Convergence failed at  92  side 2    Res =  0.2577E-04
 MRCHDU: Convergence failed at  93  side 2    Res =  0.5983E-04
 MRCHDU: Convergence failed at  94  side 2    Res =  0.3685E-04
 MRCHDU: Convergence failed at  95  side 2    Res =  0.9530E-04
 MRCHDU: Convergence failed at  96  side 2    Res =  0.7169E-04
 MRCHDU: Convergence failed at  97  side 2    Res =  0.1495E-03
 MRCHDU: Convergence failed at  98  side 2    Res =  0.1814E-03
 MRCHDU: Convergence failed at  99  side 2    Res =  0.1645E-03
 MRCHDU: Convergence failed at 100  side 2    Res =  0.5301E-03
 MRCHDU: Convergence failed at 101  side 2    Res =  0.1201E-03
 MRCHDU: Convergence failed at 102  side 2    Res =  0.1122E-04
 Side 1 forced transition at x/c =  1.0000   77
 Side 2  free  transition at x/c =  0.0413   24

 170   rms: 0.5269E+12   max: 0.1429E+14   T at   81  2   RLX: 0.000
       a = 10.000      CL = -0.4219
      Cm =  0.0098     CD =+Infinity   =>   CDf =  0.00568    CDp =+Infinity

 MRCHDU: Convergence failed at  27  side 2    Res =  0.7211E-01
 MRCHDU: Convergence failed at  28  side 2    Res =  0.3673E-01
 MRCHDU: Convergence failed at  29  side 2    Res =  0.3541E-01
 MRCHDU: Convergence failed at  30  side 2    Res =  0.1227E-02
 MRCHDU: Convergence failed at  31  side 2    Res =  0.4030E-03
 MRCHDU: Convergence failed at  32  side 2    Res =  0.1910E-03
 MRCHDU: Convergence failed at  33  side 2    Res =  0.2052E-03
 MRCHDU: Convergence failed at  34  side 2    Res =  0.1651E-02
 MRCHDU: Convergence failed at  35  side 2    Res =  0.1664E-02
 MRCHDU: Convergence failed at  36  side 2    Res =  0.1525E-02
 MRCHDU: Convergence failed at  37  side 2    Res =  0.1343E-01
 MRCHDU: Convergence failed at  74  side 2    Res =  0.5644E-01
 MRCHDU: Convergence failed at  75  side 2    Res =  0.4122E-02
 MRCHDU: Convergence failed at  76  side 2    Res =  0.8920E-03
 MRCHDU: Convergence failed at  77  side 2    Res =  0.5020E-03
 MRCHDU: Convergence failed at  79  side 2    Res =  0.5858E-05
 MRCHDU: Convergence failed at  91  side 2    Res =  0.3087E-04
 MRCHDU: Convergence failed at  92  side 2    Res =  0.2578E-04
 MRCHDU: Convergence failed at  93  side 2    Res =  0.5985E-04
 MRCHDU: Convergence failed at  94  side 2    Res =  0.3686E-04
 MRCHDU: Convergence failed at  95  side 2    Res =  0.9533E-04
 MRCHDU: Convergence failed at  96  side 2    Res =  0.7171E-04
 MRCHDU: Convergence failed at  97  side 2    Res =  0.1495E-03
 MRCHDU: Convergence failed at  98  side 2    Res =  0.1815E-03
 MRCHDU: Convergence failed at  99  side 2    Res =  0.1646E-03
 MRCHDU: Convergence failed at 100  side 2    Res =  0.5303E-03
 MRCHDU: Convergence failed at 101  side 2    Res =  0.1201E-03
 MRCHDU: Convergence failed at 102  side 2    Res =  0.1122E-04
 Side 1 forced transition at x/c =  1.0000   77
 Side 2  free  transition at x/c =  0.0413   24

 171   rms: 0.7764E+11   max: -.2067E+13   T at   81  2   RLX: 0.000
       a = 10.000      CL = -0.4219
      Cm =  0.0098     CD =+Infinity   =>   CDf =  0.00568    CDp =+Infinity

 MRCHDU: Convergence failed at  27  side 2    Res =  0.7211E-01
 MRCHDU: Convergence failed at  28  side 2    Res =  0.3673E-01
 MRCHDU: Convergence failed at  29  side 2    Res =  0.3541E-01
 MRCHDU: Convergence failed at  30  side 2    Res =  0.1227E-02
 MRCHDU: Convergence failed at  31  side 2    Res =  0.4029E-03
 MRCHDU: Convergence failed at  32  side 2    Res =  0.1910E-03
 MRCHDU: Convergence failed at  33  side 2    Res =  0.2052E-03
 MRCHDU: Convergence failed at  34  side 2    Res =  0.1652E-02
 MRCHDU: Convergence failed at  35  side 2    Res =  0.1664E-02
 MRCHDU: Convergence failed at  36  side 2    Res =  0.1525E-02
 MRCHDU: Convergence failed at  37  side 2    Res =  0.1344E-01
 MRCHDU: Convergence failed at  74  side 2    Res =  0.5596E-01
 MRCHDU: Convergence failed at  75  side 2    Res =  0.4125E-02
 MRCHDU: Convergence failed at  76  side 2    Res =  0.8928E-03
 MRCHDU: Convergence failed at  77  side 2    Res =  0.5027E-03
 MRCHDU: Convergence failed at  79  side 2    Res =  0.5849E-05
 MRCHDU: Convergence failed at  91  side 2    Res =  0.3086E-04
 MRCHDU: Convergence failed at  92  side 2    Res =  0.2577E-04
 MRCHDU: Convergence failed at  93  side 2    Res =  0.5982E-04
 MRCHDU: Convergence failed at  94  side 2    Res =  0.3685E-04
 MRCHDU: Convergence failed at  95  side 2    Res =  0.9529E-04
 MRCHDU: Convergence failed at  96  side 2    Res =  0.7168E-04
 MRCHDU: Convergence failed at  97  side 2    Res =  0.1494E-03
 MRCHDU: Convergence failed at  98  side 2    Res =  0.1814E-03
 MRCHDU: Convergence failed at  99  side 2    Res =  0.1645E-03
 MRCHDU: Convergence failed at 100  side 2    Res =  0.5300E-03
 MRCHDU: Convergence failed at 101  side 2    Res =  0.1200E-03
 MRCHDU: Convergence failed at 102  side 2    Res =  0.1122E-04
 Side 1 forced transition at x/c =  1.0000   77
 Side 2  free  transition at x/c =  0.0413   24

 172   rms: 0.1476E+12   max: -.3613E+13   T at   80  2   RLX: 0.000
       a = 10.000      CL = -0.4219
      Cm =  0.0098     CD =+Infinity   =>   CDf =  0.00568    CDp =+Infinity

 MRCHDU: Convergence failed at  27  side 2    Res =  0.7211E-01
 MRCHDU: Convergence failed at  28  side 2    Res =  0.3673E-01
 MRCHDU: Convergence failed at  29  side 2    Res =  0.3541E-01
 MRCHDU: Convergence failed at  30  side 2    Res =  0.1227E-02
 MRCHDU: Convergence failed at  31  side 2    Res =  0.4029E-03
 MRCHDU: Convergence failed at  32  side 2    Res =  0.1910E-03
 MRCHDU: Convergence failed at  33  side 2    Res =  0.2052E-03
 MRCHDU: Convergence failed at  34  side 2    Res =  0.1652E-02
 MRCHDU: Convergence failed at  35  side 2    Res =  0.1664E-02
 MRCHDU: Convergence failed at  36  side 2    Res =  0.1525E-02
 MRCHDU: Convergence failed at  37  side 2    Res =  0.1344E-01
 MRCHDU: Convergence failed at  74  side 2    Res =  0.5595E-01
 MRCHDU: Convergence failed at  75  side 2    Res =  0.4125E-02
 MRCHDU: Convergence failed at  76  side 2    Res =  0.8929E-03
 MRCHDU: Convergence failed at  77  side 2    Res =  0.5027E-03
 MRCHDU: Convergence failed at  79  side 2    Res =  0.5848E-05
 MRCHDU: Convergence failed at  91  side 2    Res =  0.3086E-04
 MRCHDU: Convergence failed at  92  side 2    Res =  0.2577E-04
 MRCHDU: Convergence failed at  93  side 2    Res =  0.5982E-04
 MRCHDU: Convergence failed at  94  side 2    Res =  0.3685E-04
 MRCHDU: Convergence failed at  95  side 2    Res =  0.9529E-04
 MRCHDU: Convergence failed at  96  side 2    Res =  0.7168E-04
 MRCHDU: Convergence failed at  97  side 2    Res =  0.1494E-03
 MRCHDU: Convergence failed at  98  side 2    Res =  0.1814E-03
 MRCHDU: Convergence failed at  99  side 2    Res =  0.1645E-03
 MRCHDU: Convergence failed at 100  side 2    Res =  0.5300E-03
 MRCHDU: Convergence failed at 101  side 2    Res =  0.1200E-03
 MRCHDU: Convergence failed at 102  side 2    Res =  0.1122E-04
 Side 1 forced transition at x/c =  1.0000   77
 Side 2  free  transition at x/c =  0.0413   24

 173   rms: 0.5011E+11   max: -.1336E+13   T at   81  2   RLX: 0.000
       a = 10.000      CL = -0.4219
      Cm =  0.0098     CD =+Infinity   =>   CDf =  0.00568    CDp =+Infinity

 MRCHDU: Convergence failed at  27  side 2    Res =  0.7211E-01
 MRCHDU: Convergence failed at  28  side 2    Res =  0.3673E-01
 MRCHDU: Convergence failed at  29  side 2    Res =  0.3541E-01
 MRCHDU: Convergence failed at  30  side 2    Res =  0.1227E-02
 MRCHDU: Convergence failed at  31  side 2    Res =  0.4029E-03
 MRCHDU: Convergence failed at  32  side 2    Res =  0.1910E-03
 MRCHDU: Convergence failed at  33  side 2    Res =  0.2052E-03
 MRCHDU: Convergence failed at  34  side 2    Res =  0.1652E-02
 MRCHDU: Convergence failed at  35  side 2    Res =  0.1664E-02
 MRCHDU: Convergence failed at  36  side 2    Res =  0.1525E-02
 MRCHDU: Convergence failed at  37  side 2    Res =  0.1344E-01
 MRCHDU: Convergence failed at  74  side 2    Res =  0.5596E-01
 MRCHDU: Convergence failed at  75  side 2    Res =  0.4125E-02
 MRCHDU: Convergence failed at  76  side 2    Res =  0.8928E-03
 MRCHDU: Convergence failed at  77  side 2    Res =  0.5027E-03
 MRCHDU: Convergence failed at  79  side 2    Res =  0.5847E-05
 MRCHDU: Convergence failed at  91  side 2    Res =  0.3086E-04
 MRCHDU: Convergence failed at  92  side 2    Res =  0.2577E-04
 MRCHDU: Convergence failed at  93  side 2    Res =  0.5982E-04
 MRCHDU: Convergence failed at  94  side 2    Res =  0.3685E-04
 MRCHDU: Convergence failed at  95  side 2    Res =  0.9528E-04
 MRCHDU: Convergence failed at  96  side 2    Res =  0.7167E-04
 MRCHDU: Convergence failed at  97  side 2    Res =  0.1494E-03
 MRCHDU: Convergence failed at  98  side 2    Res =  0.1814E-03
 MRCHDU: Convergence failed at  99  side 2    Res =  0.1645E-03
 MRCHDU: Convergence failed at 100  side 2    Res =  0.5300E-03
 MRCHDU: Convergence failed at 101  side 2    Res =  0.1200E-03
 MRCHDU: Convergence failed at 102  side 2    Res =  0.1122E-04
 Side 1 forced transition at x/c =  1.0000   77
 Side 2  free  transition at x/c =  0.0413   24

 174   rms: 0.8238E+12   max: -.2034E+14   T at   81  2   RLX: 0.000
       a = 10.000      CL = -0.4219
      Cm =  0.0098     CD =+Infinity   =>   CDf =  0.00568    CDp =+Infinity

 MRCHDU: Convergence failed at  27  side 2    Res =  0.7211E-01
 MRCHDU: Convergence failed at  28  side 2    Res =  0.3673E-01
 MRCHDU: Convergence failed at  29  side 2    Res =  0.3541E-01
 MRCHDU: Convergence failed at  30  side 2    Res =  0.1227E-02
 MRCHDU: Convergence failed at  31  side 2    Res =  0.4029E-03
 MRCHDU: Convergence failed at  32  side 2    Res =  0.1910E-03
 MRCHDU: Convergence failed at  33  side 2    Res =  0.2052E-03
 MRCHDU: Convergence failed at  34  side 2    Res =  0.1652E-02
 MRCHDU: Convergence failed at  35  side 2    Res =  0.1664E-02
 MRCHDU: Convergence failed at  36  side 2    Res =  0.1525E-02
 MRCHDU: Convergence failed at  37  side 2    Res =  0.1344E-01
 MRCHDU: Convergence failed at  74  side 2    Res =  0.5601E-01
 MRCHDU: Convergence failed at  75  side 2    Res =  0.4124E-02
 MRCHDU: Convergence failed at  76  side 2    Res =  0.8928E-03
 MRCHDU: Convergence failed at  77  side 2    Res =  0.5026E-03
 MRCHDU: Convergence failed at  79  side 2    Res =  0.5849E-05
 MRCHDU: Convergence failed at  91  side 2    Res =  0.3086E-04
 MRCHDU: Convergence failed at  92  side 2    Res =  0.2577E-04
 MRCHDU: Convergence failed at  93  side 2    Res =  0.5982E-04
 MRCHDU: Convergence failed at  94  side 2    Res =  0.3684E-04
 MRCHDU: Convergence failed at  95  side 2    Res =  0.9528E-04
 MRCHDU: Convergence failed at  96  side 2    Res =  0.7167E-04
 MRCHDU: Convergence failed at  97  side 2    Res =  0.1494E-03
 MRCHDU: Convergence failed at  98  side 2    Res =  0.1813E-03
 MRCHDU: Convergence failed at  99  side 2    Res =  0.1645E-03
 MRCHDU: Convergence failed at 100  side 2    Res =  0.5299E-03
 MRCHDU: Convergence failed at 101  side 2    Res =  0.1200E-03
 MRCHDU: Convergence failed at 102  side 2    Res =  0.1122E-04
 Side 1 forced transition at x/c =  1.0000   77
 Side 2  free  transition at x/c =  0.0413   24

 175   rms: 0.6302E+11   max: -.1555E+13   T at   81  2   RLX: 0.000
       a = 10.000      CL = -0.4219
      Cm =  0.0098     CD =+Infinity   =>   CDf =  0.00568    CDp =+Infinity

 MRCHDU: Convergence failed at  27  side 2    Res =  0.7211E-01
 MRCHDU: Convergence failed at  28  side 2    Res =  0.3673E-01
 MRCHDU: Convergence failed at  29  side 2    Res =  0.3541E-01
 MRCHDU: Convergence failed at  30  side 2    Res =  0.1227E-02
 MRCHDU: Convergence failed at  31  side 2    Res =  0.4029E-03
 MRCHDU: Convergence failed at  32  side 2    Res =  0.1909E-03
 MRCHDU: Convergence failed at  33  side 2    Res =  0.2051E-03
 MRCHDU: Convergence failed at  34  side 2    Res =  0.1652E-02
 MRCHDU: Convergence failed at  35  side 2    Res =  0.1664E-02
 MRCHDU: Convergence failed at  36  side 2    Res =  0.1525E-02
 MRCHDU: Convergence failed at  37  side 2    Res =  0.1345E-01
 MRCHDU: Convergence failed at  74  side 2    Res =  0.5543E-01
 MRCHDU: Convergence failed at  75  side 2    Res =  0.4127E-02
 MRCHDU: Convergence failed at  76  side 2    Res =  0.8937E-03
 MRCHDU: Convergence failed at  77  side 2    Res =  0.5034E-03
 MRCHDU: Convergence failed at  79  side 2    Res =  0.5845E-05
 MRCHDU: Convergence failed at  91  side 2    Res =  0.3085E-04
 MRCHDU: Convergence failed at  92  side 2    Res =  0.2576E-04
 MRCHDU: Convergence failed at  93  side 2    Res =  0.5979E-04
 MRCHDU: Convergence failed at  94  side 2    Res =  0.3683E-04
 MRCHDU: Convergence failed at  95  side 2    Res =  0.9524E-04
 MRCHDU: Convergence failed at  96  side 2    Res =  0.7164E-04
 MRCHDU: Convergence failed at  97  side 2    Res =  0.1493E-03
 MRCHDU: Convergence failed at  98  side 2    Res =  0.1813E-03
 MRCHDU: Convergence failed at  99  side 2    Res =  0.1644E-03
 MRCHDU: Convergence failed at 100  side 2    Res =  0.5297E-03
 MRCHDU: Convergence failed at 101  side 2    Res =  0.1200E-03
 MRCHDU: Convergence failed at 102  side 2    Res =  0.1121E-04
 Side 1 forced transition at x/c =  1.0000   77
 Side 2  free  transition at x/c =  0.0413   24

 176   rms: 0.1115E+13   max: -.2911E+14   T at   81  2   RLX: 0.000
       a = 10.000      CL = -0.4219
      Cm =  0.0098     CD =+Infinity   =>   CDf =  0.00568    CDp =+Infinity

 MRCHDU: Convergence failed at  27  side 2    Res =  0.7211E-01
 MRCHDU: Convergence failed at  28  side 2    Res =  0.3673E-01
 MRCHDU: Convergence failed at  29  side 2    Res =  0.3541E-01
 MRCHDU: Convergence failed at  30  side 2    Res =  0.1227E-02
 MRCHDU: Convergence failed at  31  side 2    Res =  0.4029E-03
 MRCHDU: Convergence failed at  32  side 2    Res =  0.1909E-03
 MRCHDU: Convergence failed at  33  side 2    Res =  0.2051E-03
 MRCHDU: Convergence failed at  34  side 2    Res =  0.1652E-02
 MRCHDU: Convergence failed at  35  side 2    Res =  0.1664E-02
 MRCHDU: Convergence failed at  36  side 2    Res =  0.1525E-02
 MRCHDU: Convergence failed at  37  side 2    Res =  0.1345E-01
 MRCHDU: Convergence failed at  74  side 2    Res =  0.5540E-01
 MRCHDU: Convergence failed at  75  side 2    Res =  0.4128E-02
 MRCHDU: Convergence failed at  76  side 2    Res =  0.8937E-03
 MRCHDU: Convergence failed at  77  side 2    Res =  0.5034E-03
 MRCHDU: Convergence failed at  79  side 2    Res =  0.5846E-05
 MRCHDU: Convergence failed at  91  side 2    Res =  0.3084E-04
 MRCHDU: Convergence failed at  92  side 2    Res =  0.2576E-04
 MRCHDU: Convergence failed at  93  side 2    Res =  0.5979E-04
 MRCHDU: Convergence failed at  94  side 2    Res =  0.3682E-04
 MRCHDU: Convergence failed at  95  side 2    Res =  0.9523E-04
 MRCHDU: Convergence failed at  96  side 2    Res =  0.7163E-04
 MRCHDU: Convergence failed at  97  side 2    Res =  0.1493E-03
 MRCHDU: Convergence failed at  98  side 2    Res =  0.1812E-03
 MRCHDU: Convergence failed at  99  side 2    Res =  0.1644E-03
 MRCHDU: Convergence failed at 100  side 2    Res =  0.5296E-03
 MRCHDU: Convergence failed at 101  side 2    Res =  0.1199E-03
 MRCHDU: Convergence failed at 102  side 2    Res =  0.1121E-04
 Side 1 forced transition at x/c =  1.0000   77
 Side 2  free  transition at x/c =  0.0413   24

 177   rms: 0.3251E+11   max: -.7539E+12   T at   81  2   RLX: 0.000
       a = 10.000      CL = -0.4219
      Cm =  0.0098     CD =+Infinity   =>   CDf =  0.00568    CDp =+Infinity

 MRCHDU: Convergence failed at  27  side 2    Res =  0.7211E-01
 MRCHDU: Convergence failed at  28  side 2    Res =  0.3673E-01
 MRCHDU: Convergence failed at  29  side 2    Res =  0.3541E-01
 MRCHDU: Convergence failed at  30  side 2    Res =  0.1227E-02
 MRCHDU: Convergence failed at  31  side 2    Res =  0.4029E-03
 MRCHDU: Convergence failed at  32  side 2    Res =  0.1910E-03
 MRCHDU: Convergence failed at  33  side 2    Res =  0.2051E-03
 MRCHDU: Convergence failed at  34  side 2    Res =  0.1652E-02
 MRCHDU: Convergence failed at  35  side 2    Res =  0.1664E-02
 MRCHDU: Convergence failed at  36  side 2    Res =  0.1525E-02
 MRCHDU: Convergence failed at  37  side 2    Res =  0.1344E-01
 MRCHDU: Convergence failed at  74  side 2    Res =  0.5565E-01
 MRCHDU: Convergence failed at  75  side 2    Res =  0.4127E-02
 MRCHDU: Convergence failed at  76  side 2    Res =  0.8934E-03
 MRCHDU: Convergence failed at  77  side 2    Res =  0.5031E-03
 MRCHDU: Convergence failed at  79  side 2    Res =  0.5850E-05
 MRCHDU: Convergence failed at  91  side 2    Res =  0.3084E-04
 MRCHDU: Convergence failed at  92  side 2    Res =  0.2575E-04
 MRCHDU: Convergence failed at  93  side 2    Res =  0.5977E-04
 MRCHDU: Convergence failed at  94  side 2    Res =  0.3682E-04
 MRCHDU: Convergence failed at  95  side 2    Res =  0.9521E-04
 MRCHDU: Convergence failed at  96  side 2    Res =  0.7161E-04
 MRCHDU: Convergence failed at  97  side 2    Res =  0.1493E-03
 MRCHDU: Convergence failed at  98  side 2    Res =  0.1812E-03
 MRCHDU: Convergence failed at  99  side 2    Res =  0.1643E-03
 MRCHDU: Convergence failed at 100  side 2    Res =  0.5294E-03
 MRCHDU: Convergence failed at 101  side 2    Res =  0.1199E-03
 MRCHDU: Convergence failed at 102  side 2    Res =  0.1121E-04
 Side 1 forced transition at x/c =  1.0000   77
 Side 2  free  transition at x/c =  0.0413   24

 178   rms: 0.4013E+11   max: 0.1026E+13   T at   81  2   RLX: 0.000
       a = 10.000      CL = -0.4219
      Cm =  0.0098     CD =+Infinity   =>   CDf =  0.00568    CDp =+Infinity

 MRCHDU: Convergence failed at  27  side 2    Res =  0.7211E-01
 MRCHDU: Convergence failed at  28  side 2    Res =  0.3673E-01
 MRCHDU: Convergence failed at  29  side 2    Res =  0.3541E-01
 MRCHDU: Convergence failed at  30  side 2    Res =  0.1227E-02
 MRCHDU: Convergence failed at  31  side 2    Res =  0.4029E-03
 MRCHDU: Convergence failed at  32  side 2    Res =  0.1909E-03
 MRCHDU: Convergence failed at  33  side 2    Res =  0.2051E-03
 MRCHDU: Convergence failed at  34  side 2    Res =  0.1652E-02
 MRCHDU: Convergence failed at  35  side 2    Res =  0.1664E-02
 MRCHDU: Convergence failed at  36  side 2    Res =  0.1525E-02
 MRCHDU: Convergence failed at  37  side 2    Res =  0.1345E-01
 MRCHDU: Convergence failed at  74  side 2    Res =  0.5573E-01
 MRCHDU: Convergence failed at  75  side 2    Res =  0.4124E-02
 MRCHDU: Convergence failed at  76  side 2    Res =  0.8925E-03
 MRCHDU: Convergence failed at  77  side 2    Res =  0.5024E-03
 MRCHDU: Convergence failed at  79  side 2    Res =  0.5836E-05
 MRCHDU: Convergence failed at  91  side 2    Res =  0.3084E-04
 MRCHDU: Convergence failed at  92  side 2    Res =  0.2576E-04
 MRCHDU: Convergence failed at  93  side 2    Res =  0.5978E-04
 MRCHDU: Convergence failed at  94  side 2    Res =  0.3682E-04
 MRCHDU: Convergence failed at  95  side 2    Res =  0.9523E-04
 MRCHDU: Convergence failed at  96  side 2    Res =  0.7163E-04
 MRCHDU: Convergence failed at  97  side 2    Res =  0.1493E-03
 MRCHDU: Convergence failed at  98  side 2    Res =  0.1812E-03
 MRCHDU: Convergence failed at  99  side 2    Res =  0.1644E-03
 MRCHDU: Convergence failed at 100  side 2    Res =  0.5295E-03
 MRCHDU: Convergence failed at 101  side 2    Res =  0.1199E-03
 MRCHDU: Convergence failed at 102  side 2    Res =  0.1121E-04
 Side 1 forced transition at x/c =  1.0000   77
 Side 2  free  transition at x/c =  0.0413   24

 179   rms: 0.4280E+11   max: 0.8344E+12   T at   81  2   RLX: 0.000
       a = 10.000      CL = -0.4219
      Cm =  0.0098     CD =+Infinity   =>   CDf =  0.00568    CDp =+Infinity

 MRCHDU: Convergence failed at  27  side 2    Res =  0.7211E-01
 MRCHDU: Convergence failed at  28  side 2    Res =  0.3673E-01
 MRCHDU: Convergence failed at  29  side 2    Res =  0.3541E-01
 MRCHDU: Convergence failed at  30  side 2    Res =  0.1227E-02
 MRCHDU: Convergence failed at  31  side 2    Res =  0.4029E-03
 MRCHDU: Convergence failed at  32  side 2    Res =  0.1909E-03
 MRCHDU: Convergence failed at  33  side 2    Res =  0.2051E-03
 MRCHDU: Convergence failed at  34  side 2    Res =  0.1652E-02
 MRCHDU: Convergence failed at  35  side 2    Res =  0.1664E-02
 MRCHDU: Convergence failed at  36  side 2    Res =  0.1525E-02
 MRCHDU: Convergence failed at  37  side 2    Res =  0.1345E-01
 MRCHDU: Convergence failed at  74  side 2    Res =  0.5580E-01
 MRCHDU: Convergence failed at  75  side 2    Res =  0.4123E-02
 MRCHDU: Convergence failed at  76  side 2    Res =  0.8923E-03
 MRCHDU: Convergence failed at  77  side 2    Res =  0.5023E-03
 MRCHDU: Convergence failed at  79  side 2    Res =  0.5852E-05
 MRCHDU: Convergence failed at  91  side 2    Res =  0.3084E-04
 MRCHDU: Convergence failed at  92  side 2    Res =  0.2576E-04
 MRCHDU: Convergence failed at  93  side 2    Res =  0.5979E-04
 MRCHDU: Convergence failed at  94  side 2    Res =  0.3682E-04
 MRCHDU: Convergence failed at  95  side 2    Res =  0.9524E-04
 MRCHDU: Convergence failed at  96  side 2    Res =  0.7163E-04
 MRCHDU: Convergence failed at  97  side 2    Res =  0.1493E-03
 MRCHDU: Convergence failed at  98  side 2    Res =  0.1812E-03
 MRCHDU: Convergence failed at  99  side 2    Res =  0.1644E-03
 MRCHDU: Convergence failed at 100  side 2    Res =  0.5296E-03
 MRCHDU: Convergence failed at 101  side 2    Res =  0.1199E-03
 MRCHDU: Convergence failed at 102  side 2    Res =  0.1121E-04
 Side 1 forced transition at x/c =  1.0000   77
 Side 2  free  transition at x/c =  0.0413   24

 180   rms: 0.4149E+12   max: 0.1107E+14   T at   81  2   RLX: 0.000
       a = 10.000      CL = -0.4219
      Cm =  0.0098     CD =+Infinity   =>   CDf =  0.00568    CDp =+Infinity

 MRCHDU: Convergence failed at  27  side 2    Res =  0.7211E-01
 MRCHDU: Convergence failed at  28  side 2    Res =  0.3673E-01
 MRCHDU: Convergence failed at  29  side 2    Res =  0.3541E-01
 MRCHDU: Convergence failed at  30  side 2    Res =  0.1227E-02
 MRCHDU: Convergence failed at  31  side 2    Res =  0.4029E-03
 MRCHDU: Convergence failed at  32  side 2    Res =  0.1909E-03
 MRCHDU: Convergence failed at  33  side 2    Res =  0.2051E-03
 MRCHDU: Convergence failed at  34  side 2    Res =  0.1652E-02
 MRCHDU: Convergence failed at  35  side 2    Res =  0.1664E-02
 MRCHDU: Convergence failed at  36  side 2    Res =  0.1525E-02
 MRCHDU: Convergence failed at  37  side 2    Res =  0.1345E-01
 MRCHDU: Convergence failed at  74  side 2    Res =  0.5561E-01
 MRCHDU: Convergence failed at  75  side 2    Res =  0.4124E-02
 MRCHDU: Convergence failed at  76  side 2    Res =  0.8926E-03
 MRCHDU: Convergence failed at  77  side 2    Res =  0.5025E-03
 MRCHDU: Convergence failed at  79  side 2    Res =  0.5856E-05
 MRCHDU: Convergence failed at  91  side 2    Res =  0.3085E-04
 MRCHDU: Convergence failed at  92  side 2    Res =  0.2576E-04
 MRCHDU: Convergence failed at  93  side 2    Res =  0.5979E-04
 MRCHDU: Convergence failed at  94  side 2    Res =  0.3683E-04
 MRCHDU: Convergence failed at  95  side 2    Res =  0.9525E-04
 MRCHDU: Convergence failed at  96  side 2    Res =  0.7164E-04
 MRCHDU: Convergence failed at  97  side 2    Res =  0.1494E-03
 MRCHDU: Convergence failed at  98  side 2    Res =  0.1813E-03
 MRCHDU: Convergence failed at  99  side 2    Res =  0.1644E-03
 MRCHDU: Convergence failed at 100  side 2    Res =  0.5297E-03
 MRCHDU: Convergence failed at 101  side 2    Res =  0.1200E-03
 MRCHDU: Convergence failed at 102  side 2    Res =  0.1121E-04
 Side 1 forced transition at x/c =  1.0000   77
 Side 2  free  transition at x/c =  0.0413   24

 181   rms: 0.1358E+11   max: -.3411E+12   T at   80  2   RLX: 0.000
       a = 10.000      CL = -0.4219
      Cm =  0.0098     CD =+Infinity   =>   CDf =  0.00568    CDp =+Infinity

 MRCHDU: Convergence failed at  27  side 2    Res =  0.7211E-01
 MRCHDU: Convergence failed at  28  side 2    Res =  0.3673E-01
 MRCHDU: Convergence failed at  29  side 2    Res =  0.3539E-01
 MRCHDU: Convergence failed at  30  side 2    Res =  0.1226E-02
 MRCHDU: Convergence failed at  31  side 2    Res =  0.4027E-03
 MRCHDU: Convergence failed at  32  side 2    Res =  0.1908E-03
 MRCHDU: Convergence failed at  33  side 2    Res =  0.2049E-03
 MRCHDU: Convergence failed at  34  side 2    Res =  0.1654E-02
 MRCHDU: Convergence failed at  35  side 2    Res =  0.1665E-02
 MRCHDU: Convergence failed at  36  side 2    Res =  0.1525E-02
 MRCHDU: Convergence failed at  37  side 2    Res =  0.1350E-01
 MRCHDU: Convergence failed at  74  side 2    Res =  0.5533E-01
 MRCHDU: Convergence failed at  75  side 2    Res =  0.4120E-02
 MRCHDU: Convergence failed at  76  side 2    Res =  0.8911E-03
 MRCHDU: Convergence failed at  77  side 2    Res =  0.5013E-03
 MRCHDU: Convergence failed at  79  side 2    Res =  0.5795E-05
 MRCHDU: Convergence failed at  91  side 2    Res =  0.3085E-04
 MRCHDU: Convergence failed at  92  side 2    Res =  0.2577E-04
 MRCHDU: Convergence failed at  93  side 2    Res =  0.5981E-04
 MRCHDU: Convergence failed at  94  side 2    Res =  0.3684E-04
 MRCHDU: Convergence failed at  95  side 2    Res =  0.9527E-04
 MRCHDU: Convergence failed at  96  side 2    Res =  0.7166E-04
 MRCHDU: Convergence failed at  97  side 2    Res =  0.1494E-03
 MRCHDU: Convergence failed at  98  side 2    Res =  0.1813E-03
 MRCHDU: Convergence failed at  99  side 2    Res =  0.1645E-03
 MRCHDU: Convergence failed at 100  side 2    Res =  0.5298E-03
 MRCHDU: Convergence failed at 101  side 2    Res =  0.1200E-03
 MRCHDU: Convergence failed at 102  side 2    Res =  0.1121E-04
 Side 1 forced transition at x/c =  1.0000   77
 Side 2  free  transition at x/c =  0.0413   24

 182   rms: 0.6958E+11   max: 0.1862E+13   T at   81  2   RLX: 0.000
       a = 10.000      CL = -0.4219
      Cm =  0.0098     CD =+Infinity   =>   CDf =  0.00568    CDp =+Infinity

 MRCHDU: Convergence failed at  27  side 2    Res =  0.7211E-01
 MRCHDU: Convergence failed at  28  side 2    Res =  0.3673E-01
 MRCHDU: Convergence failed at  29  side 2    Res =  0.3539E-01
 MRCHDU: Convergence failed at  30  side 2    Res =  0.1226E-02
 MRCHDU: Convergence failed at  31  side 2    Res =  0.4027E-03
 MRCHDU: Convergence failed at  32  side 2    Res =  0.1908E-03
 MRCHDU: Convergence failed at  33  side 2    Res =  0.2049E-03
 MRCHDU: Convergence failed at  34  side 2    Res =  0.1654E-02
 MRCHDU: Convergence failed at  35  side 2    Res =  0.1665E-02
 MRCHDU: Convergence failed at  36  side 2    Res =  0.1525E-02
 MRCHDU: Convergence failed at  37  side 2    Res =  0.1350E-01
 MRCHDU: Convergence failed at  74  side 2    Res =  0.5520E-01
 MRCHDU: Convergence failed at  75  side 2    Res =  0.4120E-02
 MRCHDU: Convergence failed at  76  side 2    Res =  0.8912E-03
 MRCHDU: Convergence failed at  77  side 2    Res =  0.5014E-03
 MRCHDU: Convergence failed at  79  side 2    Res =  0.5798E-05
 MRCHDU: Convergence failed at  91  side 2    Res =  0.3086E-04
 MRCHDU: Convergence failed at  92  side 2    Res =  0.2578E-04
 MRCHDU: Convergence failed at  93  side 2    Res =  0.5982E-04
 MRCHDU: Convergence failed at  94  side 2    Res =  0.3685E-04
 MRCHDU: Convergence failed at  95  side 2    Res =  0.9530E-04
 MRCHDU: Convergence failed at  96  side 2    Res =  0.7168E-04
 MRCHDU: Convergence failed at  97  side 2    Res =  0.1494E-03
 MRCHDU: Convergence failed at  98  side 2    Res =  0.1814E-03
 MRCHDU: Convergence failed at  99  side 2    Res =  0.1645E-03
 MRCHDU: Convergence failed at 100  side 2    Res =  0.5301E-03
 MRCHDU: Convergence failed at 101  side 2    Res =  0.1201E-03
 MRCHDU: Convergence failed at 102  side 2    Res =  0.1122E-04
 Side 1 forced transition at x/c =  1.0000   77
 Side 2  free  transition at x/c =  0.0413   24

 183   rms: 0.8484E+11   max: -.2063E+13   T at   81  2   RLX: 0.000
       a = 10.000      CL = -0.4219
      Cm =  0.0098     CD =+Infinity   =>   CDf =  0.00568    CDp =+Infinity

 MRCHDU: Convergence failed at  27  side 2    Res =  0.7211E-01
 MRCHDU: Convergence failed at  28  side 2    Res =  0.3673E-01
 MRCHDU: Convergence failed at  29  side 2    Res =  0.3539E-01
 MRCHDU: Convergence failed at  30  side 2    Res =  0.1226E-02
 MRCHDU: Convergence failed at  31  side 2    Res =  0.4027E-03
 MRCHDU: Convergence failed at  32  side 2    Res =  0.1908E-03
 MRCHDU: Convergence failed at  33  side 2    Res =  0.2049E-03
 MRCHDU: Convergence failed at  34  side 2    Res =  0.1654E-02
 MRCHDU: Convergence failed at  35  side 2    Res =  0.1665E-02
 MRCHDU: Convergence failed at  36  side 2    Res =  0.1526E-02
 MRCHDU: Convergence failed at  37  side 2    Res =  0.1351E-01
 MRCHDU: Convergence failed at  74  side 2    Res =  0.5623E-01
 MRCHDU: Convergence failed at  75  side 2    Res =  0.4112E-02
 MRCHDU: Convergence failed at  76  side 2    Res =  0.8888E-03
 MRCHDU: Convergence failed at  77  side 2    Res =  0.4995E-03
 MRCHDU: Convergence failed at  79  side 2    Res =  0.5820E-05
 MRCHDU: Convergence failed at  91  side 2    Res =  0.3084E-04
 MRCHDU: Convergence failed at  92  side 2    Res =  0.2575E-04
 MRCHDU: Convergence failed at  93  side 2    Res =  0.5977E-04
 MRCHDU: Convergence failed at  94  side 2    Res =  0.3682E-04
 MRCHDU: Convergence failed at  95  side 2    Res =  0.9521E-04
 MRCHDU: Convergence failed at  96  side 2    Res =  0.7161E-04
 MRCHDU: Convergence failed at  97  side 2    Res =  0.1493E-03
 MRCHDU: Convergence failed at  98  side 2    Res =  0.1812E-03
 MRCHDU: Convergence failed at  99  side 2    Res =  0.1643E-03
 MRCHDU: Convergence failed at 100  side 2    Res =  0.5294E-03
 MRCHDU: Convergence failed at 101  side 2    Res =  0.1199E-03
 MRCHDU: Convergence failed at 102  side 2    Res =  0.1120E-04
 Side 1 forced transition at x/c =  1.0000   77
 Side 2  free  transition at x/c =  0.0413   24

 184   rms: 0.9909E+12   max: -.2557E+14   T at   81  2   RLX: 0.000
       a = 10.000      CL = -0.4219
      Cm =  0.0098     CD =+Infinity   =>   CDf =  0.00568    CDp =+Infinity

 MRCHDU: Convergence failed at  27  side 2    Res =  0.7211E-01
 MRCHDU: Convergence failed at  28  side 2    Res =  0.3673E-01
 MRCHDU: Convergence failed at  29  side 2    Res =  0.3539E-01
 MRCHDU: Convergence failed at  30  side 2    Res =  0.1226E-02
 MRCHDU: Convergence failed at  31  side 2    Res =  0.4027E-03
 MRCHDU: Convergence failed at  32  side 2    Res =  0.1908E-03
 MRCHDU: Convergence failed at  33  side 2    Res =  0.2049E-03
 MRCHDU: Convergence failed at  34  side 2    Res =  0.1654E-02
 MRCHDU: Convergence failed at  35  side 2    Res =  0.1665E-02
 MRCHDU: Convergence failed at  36  side 2    Res =  0.1526E-02
 MRCHDU: Convergence failed at  37  side 2    Res =  0.1351E-01
 MRCHDU: Convergence failed at  74  side 2    Res =  0.5620E-01
 MRCHDU: Convergence failed at  75  side 2    Res =  0.4112E-02
 MRCHDU: Convergence failed at  76  side 2    Res =  0.8888E-03
 MRCHDU: Convergence failed at  77  side 2    Res =  0.4995E-03
 MRCHDU: Convergence failed at  79  side 2    Res =  0.5820E-05
 MRCHDU: Convergence failed at  91  side 2    Res =  0.3084E-04
 MRCHDU: Convergence failed at  92  side 2    Res =  0.2575E-04
 MRCHDU: Convergence failed at  93  side 2    Res =  0.5977E-04
 MRCHDU: Convergence failed at  94  side 2    Res =  0.3682E-04
 MRCHDU: Convergence failed at  95  side 2    Res =  0.9521E-04
 MRCHDU: Convergence failed at  96  side 2    Res =  0.7161E-04
 MRCHDU: Convergence failed at  97  side 2    Res =  0.1493E-03
 MRCHDU: Convergence failed at  98  side 2    Res =  0.1812E-03
 MRCHDU: Convergence failed at  99  side 2    Res =  0.1643E-03
 MRCHDU: Convergence failed at 100  side 2    Res =  0.5294E-03
 MRCHDU: Convergence failed at 101  side 2    Res =  0.1199E-03
 MRCHDU: Convergence failed at 102  side 2    Res =  0.1120E-04
 Side 1 forced transition at x/c =  1.0000   77
 Side 2  free  transition at x/c =  0.0413   24

 185   rms: 0.7487E+11   max: -.1998E+13   T at   81  2   RLX: 0.000
       a = 10.000      CL = -0.4219
      Cm =  0.0098     CD =+Infinity   =>   CDf =  0.00568    CDp =+Infinity

 MRCHDU: Convergence failed at  27  side 2    Res =  0.7211E-01
 MRCHDU: Convergence failed at  28  side 2    Res =  0.3673E-01
 MRCHDU: Convergence failed at  29  side 2    Res =  0.3539E-01
 MRCHDU: Convergence failed at  30  side 2    Res =  0.1226E-02
 MRCHDU: Convergence failed at  31  side 2    Res =  0.4027E-03
 MRCHDU: Convergence failed at  32  side 2    Res =  0.1908E-03
 MRCHDU: Convergence failed at  33  side 2    Res =  0.2049E-03
 MRCHDU: Convergence failed at  34  side 2    Res =  0.1654E-02
 MRCHDU: Convergence failed at  35  side 2    Res =  0.1665E-02
 MRCHDU: Convergence failed at  36  side 2    Res =  0.1526E-02
 MRCHDU: Convergence failed at  37  side 2    Res =  0.1351E-01
 MRCHDU: Convergence failed at  74  side 2    Res =  0.5626E-01
 MRCHDU: Convergence failed at  75  side 2    Res =  0.4112E-02
 MRCHDU: Convergence failed at  76  side 2    Res =  0.8887E-03
 MRCHDU: Convergence failed at  77  side 2    Res =  0.4993E-03
 MRCHDU: Convergence failed at  79  side 2    Res =  0.5820E-05
 MRCHDU: Convergence failed at  91  side 2    Res =  0.3084E-04
 MRCHDU: Convergence failed at  92  side 2    Res =  0.2575E-04
 MRCHDU: Convergence failed at  93  side 2    Res =  0.5977E-04
 MRCHDU: Convergence failed at  94  side 2    Res =  0.3681E-04
 MRCHDU: Convergence failed at  95  side 2    Res =  0.9520E-04
 MRCHDU: Convergence failed at  96  side 2    Res =  0.7161E-04
 MRCHDU: Convergence failed at  97  side 2    Res =  0.1493E-03
 MRCHDU: Convergence failed at  98  side 2    Res =  0.1812E-03
 MRCHDU: Convergence failed at  99  side 2    Res =  0.1643E-03
 MRCHDU: Convergence failed at 100  side 2    Res =  0.5294E-03
 MRCHDU: Convergence failed at 101  side 2    Res =  0.1199E-03
 MRCHDU: Convergence failed at 102  side 2    Res =  0.1120E-04
 Side 1 forced transition at x/c =  1.0000   77
 Side 2  free  transition at x/c =  0.0413   24

 186   rms: 0.1962E+12   max: -.5288E+13   T at   81  2   RLX: 0.000
       a = 10.000      CL = -0.4219
      Cm =  0.0098     CD =+Infinity   =>   CDf =  0.00568    CDp =+Infinity

 MRCHDU: Convergence failed at  27  side 2    Res =  0.7211E-01
 MRCHDU: Convergence failed at  28  side 2    Res =  0.3673E-01
 MRCHDU: Convergence failed at  29  side 2    Res =  0.3539E-01
 MRCHDU: Convergence failed at  30  side 2    Res =  0.1226E-02
 MRCHDU: Convergence failed at  31  side 2    Res =  0.4027E-03
 MRCHDU: Convergence failed at  32  side 2    Res =  0.1908E-03
 MRCHDU: Convergence failed at  33  side 2    Res =  0.2049E-03
 MRCHDU: Convergence failed at  34  side 2    Res =  0.1654E-02
 MRCHDU: Convergence failed at  35  side 2    Res =  0.1665E-02
 MRCHDU: Convergence failed at  36  side 2    Res =  0.1526E-02
 MRCHDU: Convergence failed at  37  side 2    Res =  0.1351E-01
 MRCHDU: Convergence failed at  74  side 2    Res =  0.5624E-01
 MRCHDU: Convergence failed at  75  side 2    Res =  0.4112E-02
 MRCHDU: Convergence failed at  76  side 2    Res =  0.8888E-03
 MRCHDU: Convergence failed at  77  side 2    Res =  0.4994E-03
 MRCHDU: Convergence failed at  79  side 2    Res =  0.5823E-05
 MRCHDU: Convergence failed at  91  side 2    Res =  0.3082E-04
 MRCHDU: Convergence failed at  92  side 2    Res =  0.2574E-04
 MRCHDU: Convergence failed at  93  side 2    Res =  0.5974E-04
 MRCHDU: Convergence failed at  94  side 2    Res =  0.3680E-04
 MRCHDU: Convergence failed at  95  side 2    Res =  0.9516E-04
 MRCHDU: Convergence failed at  96  side 2    Res =  0.7157E-04
 MRCHDU: Convergence failed at  97  side 2    Res =  0.1492E-03
 MRCHDU: Convergence failed at  98  side 2    Res =  0.1811E-03
 MRCHDU: Convergence failed at  99  side 2    Res =  0.1642E-03
 MRCHDU: Convergence failed at 100  side 2    Res =  0.5290E-03
 MRCHDU: Convergence failed at 101  side 2    Res =  0.1198E-03
 MRCHDU: Convergence failed at 102  side 2    Res =  0.1119E-04
 Side 1 forced transition at x/c =  1.0000   77
 Side 2  free  transition at x/c =  0.0413   24

 187   rms: 0.6874E+11   max: 0.1736E+13   T at   80  2   RLX: 0.000
       a = 10.000      CL = -0.4219
      Cm =  0.0098     CD =+Infinity   =>   CDf =  0.00568    CDp =+Infinity

 MRCHDU: Convergence failed at  27  side 2    Res =  0.7211E-01
 MRCHDU: Convergence failed at  28  side 2    Res =  0.3673E-01
 MRCHDU: Convergence failed at  29  side 2    Res =  0.3539E-01
 MRCHDU: Convergence failed at  30  side 2    Res =  0.1226E-02
 MRCHDU: Convergence failed at  31  side 2    Res =  0.4027E-03
 MRCHDU: Convergence failed at  32  side 2    Res =  0.1908E-03
 MRCHDU: Convergence failed at  33  side 2    Res =  0.2049E-03
 MRCHDU: Convergence failed at  34  side 2    Res =  0.1654E-02
 MRCHDU: Convergence failed at  35  side 2    Res =  0.1665E-02
 MRCHDU: Convergence failed at  36  side 2    Res =  0.1526E-02
 MRCHDU: Convergence failed at  37  side 2    Res =  0.1351E-01
 MRCHDU: Convergence failed at  74  side 2    Res =  0.5624E-01
 MRCHDU: Convergence failed at  75  side 2    Res =  0.4112E-02
 MRCHDU: Convergence failed at  76  side 2    Res =  0.8888E-03
 MRCHDU: Convergence failed at  77  side 2    Res =  0.4995E-03
 MRCHDU: Convergence failed at  79  side 2    Res =  0.5826E-05
 MRCHDU: Convergence failed at  91  side 2    Res =  0.3082E-04
 MRCHDU: Convergence failed at  92  side 2    Res =  0.2574E-04
 MRCHDU: Convergence failed at  93  side 2    Res =  0.5974E-04
 MRCHDU: Convergence failed at  94  side 2    Res =  0.3680E-04
 MRCHDU: Convergence failed at  95  side 2    Res =  0.9516E-04
 MRCHDU: Convergence failed at  96  side 2    Res =  0.7157E-04
 MRCHDU: Convergence failed at  97  side 2    Res =  0.1492E-03
 MRCHDU: Convergence failed at  98  side 2    Res =  0.1811E-03
 MRCHDU: Convergence failed at  99  side 2    Res =  0.1642E-03
 MRCHDU: Convergence failed at 100  side 2    Res =  0.5290E-03
 MRCHDU: Convergence failed at 101  side 2    Res =  0.1198E-03
 MRCHDU: Convergence failed at 102  side 2    Res =  0.1119E-04
 Side 1 forced transition at x/c =  1.0000   77
 Side 2  free  transition at x/c =  0.0413   24

 188   rms: 0.1279E+12   max: 0.2928E+13   T at   81  2   RLX: 0.000
       a = 10.000      CL = -0.4219
      Cm =  0.0098     CD =+Infinity   =>   CDf =  0.00568    CDp =+Infinity

 MRCHDU: Convergence failed at  27  side 2    Res =  0.7211E-01
 MRCHDU: Convergence failed at  28  side 2    Res =  0.3673E-01
 MRCHDU: Convergence failed at  29  side 2    Res =  0.3539E-01
 MRCHDU: Convergence failed at  30  side 2    Res =  0.1226E-02
 MRCHDU: Convergence failed at  31  side 2    Res =  0.4027E-03
 MRCHDU: Convergence failed at  32  side 2    Res =  0.1908E-03
 MRCHDU: Convergence failed at  33  side 2    Res =  0.2049E-03
 MRCHDU: Convergence failed at  34  side 2    Res =  0.1654E-02
 MRCHDU: Convergence failed at  35  side 2    Res =  0.1665E-02
 MRCHDU: Convergence failed at  36  side 2    Res =  0.1526E-02
 MRCHDU: Convergence failed at  37  side 2    Res =  0.1351E-01
 MRCHDU: Convergence failed at  74  side 2    Res =  0.5625E-01
 MRCHDU: Convergence failed at  75  side 2    Res =  0.4112E-02
 MRCHDU: Convergence failed at  76  side 2    Res =  0.8889E-03
 MRCHDU: Convergence failed at  77  side 2    Res =  0.4995E-03
 MRCHDU: Convergence failed at  79  side 2    Res =  0.5824E-05
 MRCHDU: Convergence failed at  91  side 2    Res =  0.3083E-04
 MRCHDU: Convergence failed at  92  side 2    Res =  0.2574E-04
 MRCHDU: Convergence failed at  93  side 2    Res =  0.5975E-04
 MRCHDU: Convergence failed at  94  side 2    Res =  0.3680E-04
 MRCHDU: Convergence failed at  95  side 2    Res =  0.9516E-04
 MRCHDU: Convergence failed at  96  side 2    Res =  0.7157E-04
 MRCHDU: Convergence failed at  97  side 2    Res =  0.1492E-03
 MRCHDU: Convergence failed at  98  side 2    Res =  0.1811E-03
 MRCHDU: Convergence failed at  99  side 2    Res =  0.1642E-03
 MRCHDU: Convergence failed at 100  side 2    Res =  0.5291E-03
 MRCHDU: Convergence failed at 101  side 2    Res =  0.1198E-03
 MRCHDU: Convergence failed at 102  side 2    Res =  0.1119E-04
 Side 1 forced transition at x/c =  1.0000   77
 Side 2  free  transition at x/c =  0.0413   24

 189   rms: 0.4846E+12   max: 0.1035E+14   T at   81  2   RLX: 0.000
       a = 10.000      CL = -0.4219
      Cm =  0.0098     CD =+Infinity   =>   CDf =  0.00568    CDp =+Infinity

 MRCHDU: Convergence failed at  27  side 2    Res =  0.7211E-01
 MRCHDU: Convergence failed at  28  side 2    Res =  0.3673E-01
 MRCHDU: Convergence failed at  29  side 2    Res =  0.3539E-01
 MRCHDU: Convergence failed at  30  side 2    Res =  0.1226E-02
 MRCHDU: Convergence failed at  31  side 2    Res =  0.4027E-03
 MRCHDU: Convergence failed at  32  side 2    Res =  0.1908E-03
 MRCHDU: Convergence failed at  33  side 2    Res =  0.2049E-03
 MRCHDU: Convergence failed at  34  side 2    Res =  0.1654E-02
 MRCHDU: Convergence failed at  35  side 2    Res =  0.1665E-02
 MRCHDU: Convergence failed at  36  side 2    Res =  0.1526E-02
 MRCHDU: Convergence failed at  37  side 2    Res =  0.1351E-01
 MRCHDU: Convergence failed at  74  side 2    Res =  0.5604E-01
 MRCHDU: Convergence failed at  75  side 2    Res =  0.4115E-02
 MRCHDU: Convergence failed at  76  side 2    Res =  0.8895E-03
 MRCHDU: Convergence failed at  77  side 2    Res =  0.5001E-03
 MRCHDU: Convergence failed at  79  side 2    Res =  0.5832E-05
 MRCHDU: Convergence failed at  91  side 2    Res =  0.3083E-04
 MRCHDU: Convergence failed at  92  side 2    Res =  0.2575E-04
 MRCHDU: Convergence failed at  93  side 2    Res =  0.5976E-04
 MRCHDU: Convergence failed at  94  side 2    Res =  0.3681E-04
 MRCHDU: Convergence failed at  95  side 2    Res =  0.9519E-04
 MRCHDU: Convergence failed at  96  side 2    Res =  0.7159E-04
 MRCHDU: Convergence failed at  97  side 2    Res =  0.1493E-03
 MRCHDU: Convergence failed at  98  side 2    Res =  0.1811E-03
 MRCHDU: Convergence failed at  99  side 2    Res =  0.1643E-03
 MRCHDU: Convergence failed at 100  side 2    Res =  0.5293E-03
 MRCHDU: Convergence failed at 101  side 2    Res =  0.1199E-03
 MRCHDU: Convergence failed at 102  side 2    Res =  0.1120E-04
 Side 1 forced transition at x/c =  1.0000   77
 Side 2  free  transition at x/c =  0.0413   24

 190   rms: 0.5135E+12   max: -.1327E+14   T at   81  2   RLX: 0.000
       a = 10.000      CL = -0.4219
      Cm =  0.0098     CD =+Infinity   =>   CDf =  0.00568    CDp =+Infinity

 MRCHDU: Convergence failed at  27  side 2    Res =  0.7211E-01
 MRCHDU: Convergence failed at  28  side 2    Res =  0.3673E-01
 MRCHDU: Convergence failed at  29  side 2    Res =  0.3539E-01
 MRCHDU: Convergence failed at  30  side 2    Res =  0.1226E-02
 MRCHDU: Convergence failed at  31  side 2    Res =  0.4027E-03
 MRCHDU: Convergence failed at  32  side 2    Res =  0.1908E-03
 MRCHDU: Convergence failed at  33  side 2    Res =  0.2049E-03
 MRCHDU: Convergence failed at  34  side 2    Res =  0.1654E-02
 MRCHDU: Convergence failed at  35  side 2    Res =  0.1665E-02
 MRCHDU: Convergence failed at  36  side 2    Res =  0.1526E-02
 MRCHDU: Convergence failed at  37  side 2    Res =  0.1351E-01
 MRCHDU: Convergence failed at  74  side 2    Res =  0.5607E-01
 MRCHDU: Convergence failed at  75  side 2    Res =  0.4115E-02
 MRCHDU: Convergence failed at  76  side 2    Res =  0.8895E-03
 MRCHDU: Convergence failed at  77  side 2    Res =  0.5000E-03
 MRCHDU: Convergence failed at  79  side 2    Res =  0.5830E-05
 MRCHDU: Convergence failed at  91  side 2    Res =  0.3083E-04
 MRCHDU: Convergence failed at  92  side 2    Res =  0.2574E-04
 MRCHDU: Convergence failed at  93  side 2    Res =  0.5976E-04
 MRCHDU: Convergence failed at  94  side 2    Res =  0.3681E-04
 MRCHDU: Convergence failed at  95  side 2    Res =  0.9519E-04
 MRCHDU: Convergence failed at  96  side 2    Res =  0.7159E-04
 MRCHDU: Convergence failed at  97  side 2    Res =  0.1492E-03
 MRCHDU: Convergence failed at  98  side 2    Res =  0.1811E-03
 MRCHDU: Convergence failed at  99  side 2    Res =  0.1643E-03
 MRCHDU: Convergence failed at 100  side 2    Res =  0.5292E-03
 MRCHDU: Convergence failed at 101  side 2    Res =  0.1199E-03
 MRCHDU: Convergence failed at 102  side 2    Res =  0.1120E-04
 Side 1 forced transition at x/c =  1.0000   77
 Side 2  free  transition at x/c =  0.0413   24

 191   rms: 0.4335E+12   max: -.1165E+14   T at   81  2   RLX: 0.000
       a = 10.000      CL = -0.4219
      Cm =  0.0098     CD =+Infinity   =>   CDf =  0.00568    CDp =+Infinity

 MRCHDU: Convergence failed at  27  side 2    Res =  0.7211E-01
 MRCHDU: Convergence failed at  28  side 2    Res =  0.3673E-01
 MRCHDU: Convergence failed at  29  side 2    Res =  0.3539E-01
 MRCHDU: Convergence failed at  30  side 2    Res =  0.1226E-02
 MRCHDU: Convergence failed at  31  side 2    Res =  0.4027E-03
 MRCHDU: Convergence failed at  32  side 2    Res =  0.1908E-03
 MRCHDU: Convergence failed at  33  side 2    Res =  0.2049E-03
 MRCHDU: Convergence failed at  34  side 2    Res =  0.1654E-02
 MRCHDU: Convergence failed at  35  side 2    Res =  0.1665E-02
 MRCHDU: Convergence failed at  36  side 2    Res =  0.1526E-02
 MRCHDU: Convergence failed at  37  side 2    Res =  0.1351E-01
 MRCHDU: Convergence failed at  74  side 2    Res =  0.5606E-01
 MRCHDU: Convergence failed at  75  side 2    Res =  0.4115E-02
 MRCHDU: Convergence failed at  76  side 2    Res =  0.8895E-03
 MRCHDU: Convergence failed at  77  side 2    Res =  0.5000E-03
 MRCHDU: Convergence failed at  79  side 2    Res =  0.5831E-05
 MRCHDU: Convergence failed at  91  side 2    Res =  0.3083E-04
 MRCHDU: Convergence failed at  92  side 2    Res =  0.2574E-04
 MRCHDU: Convergence failed at  93  side 2    Res =  0.5976E-04
 MRCHDU: Convergence failed at  94  side 2    Res =  0.3681E-04
 MRCHDU: Convergence failed at  95  side 2    Res =  0.9518E-04
 MRCHDU: Convergence failed at  96  side 2    Res =  0.7159E-04
 MRCHDU: Convergence failed at  97  side 2    Res =  0.1492E-03
 MRCHDU: Convergence failed at  98  side 2    Res =  0.1811E-03
 MRCHDU: Convergence failed at  99  side 2    Res =  0.1643E-03
 MRCHDU: Convergence failed at 100  side 2    Res =  0.5292E-03
 MRCHDU: Convergence failed at 101  side 2    Res =  0.1199E-03
 MRCHDU: Convergence failed at 102  side 2    Res =  0.1120E-04
 Side 1 forced transition at x/c =  1.0000   77
 Side 2  free  transition at x/c =  0.0413   24

 192   rms: 0.2415E+11   max: 0.4608E+12   T at   80  2   RLX: 0.000
       a = 10.000      CL = -0.4219
      Cm =  0.0098     CD =+Infinity   =>   CDf =  0.00568    CDp =+Infinity

 MRCHDU: Convergence failed at  27  side 2    Res =  0.7211E-01
 MRCHDU: Convergence failed at  28  side 2    Res =  0.3673E-01
 MRCHDU: Convergence failed at  29  side 2    Res =  0.3539E-01
 MRCHDU: Convergence failed at  30  side 2    Res =  0.1226E-02
 MRCHDU: Convergence failed at  31  side 2    Res =  0.4027E-03
 MRCHDU: Convergence failed at  32  side 2    Res =  0.1908E-03
 MRCHDU: Convergence failed at  33  side 2    Res =  0.2049E-03
 MRCHDU: Convergence failed at  34  side 2    Res =  0.1654E-02
 MRCHDU: Convergence failed at  35  side 2    Res =  0.1665E-02
 MRCHDU: Convergence failed at  36  side 2    Res =  0.1526E-02
 MRCHDU: Convergence failed at  37  side 2    Res =  0.1351E-01
 MRCHDU: Convergence failed at  74  side 2    Res =  0.5605E-01
 MRCHDU: Convergence failed at  75  side 2    Res =  0.4115E-02
 MRCHDU: Convergence failed at  76  side 2    Res =  0.8896E-03
 MRCHDU: Convergence failed at  77  side 2    Res =  0.5001E-03
 MRCHDU: Convergence failed at  79  side 2    Res =  0.5834E-05
 MRCHDU: Convergence failed at  91  side 2    Res =  0.3083E-04
 MRCHDU: Convergence failed at  92  side 2    Res =  0.2574E-04
 MRCHDU: Convergence failed at  93  side 2    Res =  0.5976E-04
 MRCHDU: Convergence failed at  94  side 2    Res =  0.3681E-04
 MRCHDU: Convergence failed at  95  side 2    Res =  0.9518E-04
 MRCHDU: Convergence failed at  96  side 2    Res =  0.7159E-04
 MRCHDU: Convergence failed at  97  side 2    Res =  0.1492E-03
 MRCHDU: Convergence failed at  98  side 2    Res =  0.1811E-03
 MRCHDU: Convergence failed at  99  side 2    Res =  0.1643E-03
 MRCHDU: Convergence failed at 100  side 2    Res =  0.5292E-03
 MRCHDU: Convergence failed at 101  side 2    Res =  0.1199E-03
 MRCHDU: Convergence failed at 102  side 2    Res =  0.1120E-04
 Side 1 forced transition at x/c =  1.0000   77
 Side 2  free  transition at x/c =  0.0413   24

 193   rms: 0.5337E+11   max: 0.1104E+13   T at   81  2   RLX: 0.000
       a = 10.000      CL = -0.4219
      Cm =  0.0098     CD =+Infinity   =>   CDf =  0.00568    CDp =+Infinity

 MRCHDU: Convergence failed at  27  side 2    Res =  0.7211E-01
 MRCHDU: Convergence failed at  28  side 2    Res =  0.3673E-01
 MRCHDU: Convergence failed at  29  side 2    Res =  0.3539E-01
 MRCHDU: Convergence failed at  30  side 2    Res =  0.1226E-02
 MRCHDU: Convergence failed at  31  side 2    Res =  0.4027E-03
 MRCHDU: Convergence failed at  32  side 2    Res =  0.1908E-03
 MRCHDU: Convergence failed at  33  side 2    Res =  0.2049E-03
 MRCHDU: Convergence failed at  34  side 2    Res =  0.1654E-02
 MRCHDU: Convergence failed at  35  side 2    Res =  0.1665E-02
 MRCHDU: Convergence failed at  36  side 2    Res =  0.1526E-02
 MRCHDU: Convergence failed at  37  side 2    Res =  0.1351E-01
 MRCHDU: Convergence failed at  74  side 2    Res =  0.5607E-01
 MRCHDU: Convergence failed at  75  side 2    Res =  0.4115E-02
 MRCHDU: Convergence failed at  76  side 2    Res =  0.8896E-03
 MRCHDU: Convergence failed at  77  side 2    Res =  0.5001E-03
 MRCHDU: Convergence failed at  79  side 2    Res =  0.5836E-05
 MRCHDU: Convergence failed at  91  side 2    Res =  0.3083E-04
 MRCHDU: Convergence failed at  92  side 2    Res =  0.2575E-04
 MRCHDU: Convergence failed at  93  side 2    Res =  0.5976E-04
 MRCHDU: Convergence failed at  94  side 2    Res =  0.3681E-04
 MRCHDU: Convergence failed at  95  side 2    Res =  0.9519E-04
 MRCHDU: Convergence failed at  96  side 2    Res =  0.7159E-04
 MRCHDU: Convergence failed at  97  side 2    Res =  0.1492E-03
 MRCHDU: Convergence failed at  98  side 2    Res =  0.1811E-03
 MRCHDU: Convergence failed at  99  side 2    Res =  0.1643E-03
 MRCHDU: Convergence failed at 100  side 2    Res =  0.5292E-03
 MRCHDU: Convergence failed at 101  side 2    Res =  0.1199E-03
 MRCHDU: Convergence failed at 102  side 2    Res =  0.1120E-04
 Side 1 forced transition at x/c =  1.0000   77
 Side 2  free  transition at x/c =  0.0413   24

 194   rms: 0.2478E+12   max: 0.5978E+13   T at   80  2   RLX: 0.000
       a = 10.000      CL = -0.4219
      Cm =  0.0098     CD =+Infinity   =>   CDf =  0.00568    CDp =+Infinity

 MRCHDU: Convergence failed at  27  side 2    Res =  0.7211E-01
 MRCHDU: Convergence failed at  28  side 2    Res =  0.3673E-01
 MRCHDU: Convergence failed at  29  side 2    Res =  0.3539E-01
 MRCHDU: Convergence failed at  30  side 2    Res =  0.1226E-02
 MRCHDU: Convergence failed at  31  side 2    Res =  0.4027E-03
 MRCHDU: Convergence failed at  32  side 2    Res =  0.1908E-03
 MRCHDU: Convergence failed at  33  side 2    Res =  0.2049E-03
 MRCHDU: Convergence failed at  34  side 2    Res =  0.1654E-02
 MRCHDU: Convergence failed at  35  side 2    Res =  0.1665E-02
 MRCHDU: Convergence failed at  36  side 2    Res =  0.1526E-02
 MRCHDU: Convergence failed at  37  side 2    Res =  0.1351E-01
 MRCHDU: Convergence failed at  74  side 2    Res =  0.5600E-01
 MRCHDU: Convergence failed at  75  side 2    Res =  0.4115E-02
 MRCHDU: Convergence failed at  76  side 2    Res =  0.8897E-03
 MRCHDU: Convergence failed at  77  side 2    Res =  0.5002E-03
 MRCHDU: Convergence failed at  79  side 2    Res =  0.5840E-05
 MRCHDU: Convergence failed at  91  side 2    Res =  0.3083E-04
 MRCHDU: Convergence failed at  92  side 2    Res =  0.2574E-04
 MRCHDU: Convergence failed at  93  side 2    Res =  0.5976E-04
 MRCHDU: Convergence failed at  94  side 2    Res =  0.3680E-04
 MRCHDU: Convergence failed at  95  side 2    Res =  0.9518E-04
 MRCHDU: Convergence failed at  96  side 2    Res =  0.7159E-04
 MRCHDU: Convergence failed at  97  side 2    Res =  0.1492E-03
 MRCHDU: Convergence failed at  98  side 2    Res =  0.1811E-03
 MRCHDU: Convergence failed at  99  side 2    Res =  0.1643E-03
 MRCHDU: Convergence failed at 100  side 2    Res =  0.5292E-03
 MRCHDU: Convergence failed at 101  side 2    Res =  0.1198E-03
 MRCHDU: Convergence failed at 102  side 2    Res =  0.1120E-04
 Side 1 forced transition at x/c =  1.0000   77
 Side 2  free  transition at x/c =  0.0413   24

 195   rms: 0.3556E+12   max: 0.9641E+13   T at   81  2   RLX: 0.000
       a = 10.000      CL = -0.4219
      Cm =  0.0098     CD =+Infinity   =>   CDf =  0.00568    CDp =+Infinity

 MRCHDU: Convergence failed at  27  side 2    Res =  0.7211E-01
 MRCHDU: Convergence failed at  28  side 2    Res =  0.3673E-01
 MRCHDU: Convergence failed at  29  side 2    Res =  0.3539E-01
 MRCHDU: Convergence failed at  30  side 2    Res =  0.1226E-02
 MRCHDU: Convergence failed at  31  side 2    Res =  0.4027E-03
 MRCHDU: Convergence failed at  32  side 2    Res =  0.1908E-03
 MRCHDU: Convergence failed at  33  side 2    Res =  0.2049E-03
 MRCHDU: Convergence failed at  34  side 2    Res =  0.1654E-02
 MRCHDU: Convergence failed at  35  side 2    Res =  0.1665E-02
 MRCHDU: Convergence failed at  36  side 2    Res =  0.1525E-02
 MRCHDU: Convergence failed at  37  side 2    Res =  0.1351E-01
 MRCHDU: Convergence failed at  74  side 2    Res =  0.5604E-01
 MRCHDU: Convergence failed at  75  side 2    Res =  0.4116E-02
 MRCHDU: Convergence failed at  76  side 2    Res =  0.8898E-03
 MRCHDU: Convergence failed at  77  side 2    Res =  0.5003E-03
 MRCHDU: Convergence failed at  79  side 2    Res =  0.5848E-05
 MRCHDU: Convergence failed at  91  side 2    Res =  0.3085E-04
 MRCHDU: Convergence failed at  92  side 2    Res =  0.2576E-04
 MRCHDU: Convergence failed at  93  side 2    Res =  0.5979E-04
 MRCHDU: Convergence failed at  94  side 2    Res =  0.3683E-04
 MRCHDU: Convergence failed at  95  side 2    Res =  0.9524E-04
 MRCHDU: Convergence failed at  96  side 2    Res =  0.7163E-04
 MRCHDU: Convergence failed at  97  side 2    Res =  0.1493E-03
 MRCHDU: Convergence failed at  98  side 2    Res =  0.1813E-03
 MRCHDU: Convergence failed at  99  side 2    Res =  0.1644E-03
 MRCHDU: Convergence failed at 100  side 2    Res =  0.5296E-03
 MRCHDU: Convergence failed at 101  side 2    Res =  0.1199E-03
 MRCHDU: Convergence failed at 102  side 2    Res =  0.1120E-04
 Side 1 forced transition at x/c =  1.0000   77
 Side 2  free  transition at x/c =  0.0413   24

 196   rms: 0.2148E+12   max: 0.5626E+13   T at   81  2   RLX: 0.000
       a = 10.000      CL = -0.4219
      Cm =  0.0098     CD =+Infinity   =>   CDf =  0.00568    CDp =+Infinity

 MRCHDU: Convergence failed at  27  side 2    Res =  0.7211E-01
 MRCHDU: Convergence failed at  28  side 2    Res =  0.3673E-01
 MRCHDU: Convergence failed at  29  side 2    Res =  0.3539E-01
 MRCHDU: Convergence failed at  30  side 2    Res =  0.1226E-02
 MRCHDU: Convergence failed at  31  side 2    Res =  0.4027E-03
 MRCHDU: Convergence failed at  32  side 2    Res =  0.1908E-03
 MRCHDU: Convergence failed at  33  side 2    Res =  0.2049E-03
 MRCHDU: Convergence failed at  34  side 2    Res =  0.1654E-02
 MRCHDU: Convergence failed at  35  side 2    Res =  0.1665E-02
 MRCHDU: Convergence failed at  36  side 2    Res =  0.1525E-02
 MRCHDU: Convergence failed at  37  side 2    Res =  0.1351E-01
 MRCHDU: Convergence failed at  74  side 2    Res =  0.5601E-01
 MRCHDU: Convergence failed at  75  side 2    Res =  0.4116E-02
 MRCHDU: Convergence failed at  76  side 2    Res =  0.8899E-03
 MRCHDU: Convergence failed at  77  side 2    Res =  0.5003E-03
 MRCHDU: Convergence failed at  79  side 2    Res =  0.5845E-05
 MRCHDU: Convergence failed at  91  side 2    Res =  0.3085E-04
 MRCHDU: Convergence failed at  92  side 2    Res =  0.2576E-04
 MRCHDU: Convergence failed at  93  side 2    Res =  0.5979E-04
 MRCHDU: Convergence failed at  94  side 2    Res =  0.3683E-04
 MRCHDU: Convergence failed at  95  side 2    Res =  0.9524E-04
 MRCHDU: Convergence failed at  96  side 2    Res =  0.7164E-04
 MRCHDU: Convergence failed at  97  side 2    Res =  0.1493E-03
 MRCHDU: Convergence failed at  98  side 2    Res =  0.1813E-03
 MRCHDU: Convergence failed at  99  side 2    Res =  0.1644E-03
 MRCHDU: Convergence failed at 100  side 2    Res =  0.5296E-03
 MRCHDU: Convergence failed at 101  side 2    Res =  0.1200E-03
 MRCHDU: Convergence failed at 102  side 2    Res =  0.1121E-04
 Side 1 forced transition at x/c =  1.0000   77
 Side 2  free  transition at x/c =  0.0413   24

 197   rms: 0.1657E+12   max: 0.4381E+13   T at   81  2   RLX: 0.000
       a = 10.000      CL = -0.4219
      Cm =  0.0098     CD =+Infinity   =>   CDf =  0.00568    CDp =+Infinity

 MRCHDU: Convergence failed at  27  side 2    Res =  0.7211E-01
 MRCHDU: Convergence failed at  28  side 2    Res =  0.3673E-01
 MRCHDU: Convergence failed at  29  side 2    Res =  0.3539E-01
 MRCHDU: Convergence failed at  30  side 2    Res =  0.1226E-02
 MRCHDU: Convergence failed at  31  side 2    Res =  0.4027E-03
 MRCHDU: Convergence failed at  32  side 2    Res =  0.1908E-03
 MRCHDU: Convergence failed at  33  side 2    Res =  0.2049E-03
 MRCHDU: Convergence failed at  34  side 2    Res =  0.1654E-02
 MRCHDU: Convergence failed at  35  side 2    Res =  0.1665E-02
 MRCHDU: Convergence failed at  36  side 2    Res =  0.1525E-02
 MRCHDU: Convergence failed at  37  side 2    Res =  0.1351E-01
 MRCHDU: Convergence failed at  74  side 2    Res =  0.5602E-01
 MRCHDU: Convergence failed at  75  side 2    Res =  0.4115E-02
 MRCHDU: Convergence failed at  76  side 2    Res =  0.8898E-03
 MRCHDU: Convergence failed at  77  side 2    Res =  0.5003E-03
 MRCHDU: Convergence failed at  79  side 2    Res =  0.5848E-05
 MRCHDU: Convergence failed at  91  side 2    Res =  0.3086E-04
 MRCHDU: Convergence failed at  92  side 2    Res =  0.2577E-04
 MRCHDU: Convergence failed at  93  side 2    Res =  0.5981E-04
 MRCHDU: Convergence failed at  94  side 2    Res =  0.3684E-04
 MRCHDU: Convergence failed at  95  side 2    Res =  0.9527E-04
 MRCHDU: Convergence failed at  96  side 2    Res =  0.7165E-04
 MRCHDU: Convergence failed at  97  side 2    Res =  0.1494E-03
 MRCHDU: Convergence failed at  98  side 2    Res =  0.1813E-03
 MRCHDU: Convergence failed at  99  side 2    Res =  0.1645E-03
 MRCHDU: Convergence failed at 100  side 2    Res =  0.5298E-03
 MRCHDU: Convergence failed at 101  side 2    Res =  0.1200E-03
 MRCHDU: Convergence failed at 102  side 2    Res =  0.1121E-04
 Side 1 forced transition at x/c =  1.0000   77
 Side 2  free  transition at x/c =  0.0413   24

 198   rms: 0.8124E+11   max: 0.1877E+13   T at   81  2   RLX: 0.000
       a = 10.000      CL = -0.4219
      Cm =  0.0098     CD =+Infinity   =>   CDf =  0.00568    CDp =+Infinity

 MRCHDU: Convergence failed at  27  side 2    Res =  0.7211E-01
 MRCHDU: Convergence failed at  28  side 2    Res =  0.3673E-01
 MRCHDU: Convergence failed at  29  side 2    Res =  0.3539E-01
 MRCHDU: Convergence failed at  30  side 2    Res =  0.1226E-02
 MRCHDU: Convergence failed at  31  side 2    Res =  0.4027E-03
 MRCHDU: Convergence failed at  32  side 2    Res =  0.1908E-03
 MRCHDU: Convergence failed at  33  side 2    Res =  0.2049E-03
 MRCHDU: Convergence failed at  34  side 2    Res =  0.1654E-02
 MRCHDU: Convergence failed at  35  side 2    Res =  0.1665E-02
 MRCHDU: Convergence failed at  36  side 2    Res =  0.1525E-02
 MRCHDU: Convergence failed at  37  side 2    Res =  0.1351E-01
 MRCHDU: Convergence failed at  74  side 2    Res =  0.5596E-01
 MRCHDU: Convergence failed at  75  side 2    Res =  0.4116E-02
 MRCHDU: Convergence failed at  76  side 2    Res =  0.8899E-03
 MRCHDU: Convergence failed at  77  side 2    Res =  0.5003E-03
 MRCHDU: Convergence failed at  79  side 2    Res =  0.5848E-05
 MRCHDU: Convergence failed at  91  side 2    Res =  0.3086E-04
 MRCHDU: Convergence failed at  92  side 2    Res =  0.2577E-04
 MRCHDU: Convergence failed at  93  side 2    Res =  0.5981E-04
 MRCHDU: Convergence failed at  94  side 2    Res =  0.3684E-04
 MRCHDU: Convergence failed at  95  side 2    Res =  0.9527E-04
 MRCHDU: Convergence failed at  96  side 2    Res =  0.7166E-04
 MRCHDU: Convergence failed at  97  side 2    Res =  0.1494E-03
 MRCHDU: Convergence failed at  98  side 2    Res =  0.1813E-03
 MRCHDU: Convergence failed at  99  side 2    Res =  0.1645E-03
 MRCHDU: Convergence failed at 100  side 2    Res =  0.5299E-03
 MRCHDU: Convergence failed at 101  side 2    Res =  0.1200E-03
 MRCHDU: Convergence failed at 102  side 2    Res =  0.1121E-04
 Side 1 forced transition at x/c =  1.0000   77
 Side 2  free  transition at x/c =  0.0413   24

 199   rms: 0.1721E+12   max: 0.4598E+13   T at   81  2   RLX: 0.000
       a = 10.000      CL = -0.4219
      Cm =  0.0098     CD =+Infinity   =>   CDf =  0.00568    CDp =+Infinity

 MRCHDU: Convergence failed at  27  side 2    Res =  0.7211E-01
 MRCHDU: Convergence failed at  28  side 2    Res =  0.3673E-01
 MRCHDU: Convergence failed at  29  side 2    Res =  0.3539E-01
 MRCHDU: Convergence failed at  30  side 2    Res =  0.1226E-02
 MRCHDU: Convergence failed at  31  side 2    Res =  0.4027E-03
 MRCHDU: Convergence failed at  32  side 2    Res =  0.1908E-03
 MRCHDU: Convergence failed at  33  side 2    Res =  0.2049E-03
 MRCHDU: Convergence failed at  34  side 2    Res =  0.1654E-02
 MRCHDU: Convergence failed at  35  side 2    Res =  0.1665E-02
 MRCHDU: Convergence failed at  36  side 2    Res =  0.1525E-02
 MRCHDU: Convergence failed at  37  side 2    Res =  0.1351E-01
 MRCHDU: Convergence failed at  74  side 2    Res =  0.5599E-01
 MRCHDU: Convergence failed at  75  side 2    Res =  0.4116E-02
 MRCHDU: Convergence failed at  76  side 2    Res =  0.8900E-03
 MRCHDU: Convergence failed at  77  side 2    Res =  0.5004E-03
 MRCHDU: Convergence failed at  79  side 2    Res =  0.5848E-05
 MRCHDU: Convergence failed at  91  side 2    Res =  0.3086E-04
 MRCHDU: Convergence failed at  92  side 2    Res =  0.2577E-04
 MRCHDU: Convergence failed at  93  side 2    Res =  0.5982E-04
 MRCHDU: Convergence failed at  94  side 2    Res =  0.3685E-04
 MRCHDU: Convergence failed at  95  side 2    Res =  0.9529E-04
 MRCHDU: Convergence failed at  96  side 2    Res =  0.7167E-04
 MRCHDU: Convergence failed at  97  side 2    Res =  0.1494E-03
 MRCHDU: Convergence failed at  98  side 2    Res =  0.1814E-03
 MRCHDU: Convergence failed at  99  side 2    Res =  0.1645E-03
 MRCHDU: Convergence failed at 100  side 2    Res =  0.5300E-03
 MRCHDU: Convergence failed at 101  side 2    Res =  0.1200E-03
 MRCHDU: Convergence failed at 102  side 2    Res =  0.1121E-04
 Side 1 forced transition at x/c =  1.0000   77
 Side 2  free  transition at x/c =  0.0413   24

 200   rms: 0.1301E+12   max: -.3027E+13   T at   81  2   RLX: 0.000
       a = 10.000      CL = -0.4219
      Cm =  0.0098     CD =+Infinity   =>   CDf =  0.00568    CDp =+Infinity

 MRCHDU: Convergence failed at  27  side 2    Res =  0.7211E-01
 MRCHDU: Convergence failed at  28  side 2    Res =  0.3673E-01
 MRCHDU: Convergence failed at  29  side 2    Res =  0.3539E-01
 MRCHDU: Convergence failed at  30  side 2    Res =  0.1226E-02
 MRCHDU: Convergence failed at  31  side 2    Res =  0.4027E-03
 MRCHDU: Convergence failed at  32  side 2    Res =  0.1908E-03
 MRCHDU: Convergence failed at  33  side 2    Res =  0.2049E-03
 MRCHDU: Convergence failed at  34  side 2    Res =  0.1654E-02
 MRCHDU: Convergence failed at  35  side 2    Res =  0.1665E-02
 MRCHDU: Convergence failed at  36  side 2    Res =  0.1525E-02
 MRCHDU: Convergence failed at  37  side 2    Res =  0.1351E-01
 MRCHDU: Convergence failed at  74  side 2    Res =  0.5603E-01
 MRCHDU: Convergence failed at  75  side 2    Res =  0.4116E-02
 MRCHDU: Convergence failed at  76  side 2    Res =  0.8899E-03
 MRCHDU: Convergence failed at  77  side 2    Res =  0.5003E-03
 MRCHDU: Convergence failed at  79  side 2    Res =  0.5849E-05
 MRCHDU: Convergence failed at  91  side 2    Res =  0.3086E-04
 MRCHDU: Convergence failed at  92  side 2    Res =  0.2577E-04
 MRCHDU: Convergence failed at  93  side 2    Res =  0.5981E-04
 MRCHDU: Convergence failed at  94  side 2    Res =  0.3684E-04
 MRCHDU: Convergence failed at  95  side 2    Res =  0.9528E-04
 MRCHDU: Convergence failed at  96  side 2    Res =  0.7166E-04
 MRCHDU: Convergence failed at  97  side 2    Res =  0.1494E-03
 MRCHDU: Convergence failed at  98  side 2    Res =  0.1813E-03
 MRCHDU: Convergence failed at  99  side 2    Res =  0.1645E-03
 MRCHDU: Convergence failed at 100  side 2    Res =  0.5299E-03
 MRCHDU: Convergence failed at 101  side 2    Res =  0.1200E-03
 MRCHDU: Convergence failed at 102  side 2    Res =  0.1121E-04
 Side 1 forced transition at x/c =  1.0000   77
 Side 2  free  transition at x/c =  0.0413   24

 201   rms: 0.4945E+12   max: -.1333E+14   T at   81  2   RLX: 0.000
       a = 10.000      CL = -0.4219
      Cm =  0.0098     CD =+Infinity   =>   CDf =  0.00568    CDp =+Infinity

 MRCHDU: Convergence failed at  27  side 2    Res =  0.7211E-01
 MRCHDU: Convergence failed at  28  side 2    Res =  0.3673E-01
 MRCHDU: Convergence failed at  29  side 2    Res =  0.3539E-01
 MRCHDU: Convergence failed at  30  side 2    Res =  0.1226E-02
 MRCHDU: Convergence failed at  31  side 2    Res =  0.4027E-03
 MRCHDU: Convergence failed at  32  side 2    Res =  0.1908E-03
 MRCHDU: Convergence failed at  33  side 2    Res =  0.2049E-03
 MRCHDU: Convergence failed at  34  side 2    Res =  0.1654E-02
 MRCHDU: Convergence failed at  35  side 2    Res =  0.1665E-02
 MRCHDU: Convergence failed at  36  side 2    Res =  0.1525E-02
 MRCHDU: Convergence failed at  37  side 2    Res =  0.1351E-01
 MRCHDU: Convergence failed at  74  side 2    Res =  0.5605E-01
 MRCHDU: Convergence failed at  75  side 2    Res =  0.4116E-02
 MRCHDU: Convergence failed at  76  side 2    Res =  0.8899E-03
 MRCHDU: Convergence failed at  77  side 2    Res =  0.5004E-03
 MRCHDU: Convergence failed at  79  side 2    Res =  0.5850E-05
 MRCHDU: Convergence failed at  91  side 2    Res =  0.3086E-04
 MRCHDU: Convergence failed at  92  side 2    Res =  0.2577E-04
 MRCHDU: Convergence failed at  93  side 2    Res =  0.5981E-04
 MRCHDU: Convergence failed at  94  side 2    Res =  0.3684E-04
 MRCHDU: Convergence failed at  95  side 2    Res =  0.9527E-04
 MRCHDU: Convergence failed at  96  side 2    Res =  0.7166E-04
 MRCHDU: Convergence failed at  97  side 2    Res =  0.1494E-03
 MRCHDU: Convergence failed at  98  side 2    Res =  0.1813E-03
 MRCHDU: Convergence failed at  99  side 2    Res =  0.1645E-03
 MRCHDU: Convergence failed at 100  side 2    Res =  0.5299E-03
 MRCHDU: Convergence failed at 101  side 2    Res =  0.1200E-03
 MRCHDU: Convergence failed at 102  side 2    Res =  0.1121E-04
 Side 1 forced transition at x/c =  1.0000   77
 Side 2  free  transition at x/c =  0.0413   24

 202   rms: 0.6571E+12   max: -.1780E+14   T at   81  2   RLX: 0.000
       a = 10.000      CL = -0.4219
      Cm =  0.0098     CD =+Infinity   =>   CDf =  0.00568    CDp =+Infinity

 MRCHDU: Convergence failed at  27  side 2    Res =  0.7211E-01
 MRCHDU: Convergence failed at  28  side 2    Res =  0.3673E-01
 MRCHDU: Convergence failed at  29  side 2    Res =  0.3539E-01
 MRCHDU: Convergence failed at  30  side 2    Res =  0.1226E-02
 MRCHDU: Convergence failed at  31  side 2    Res =  0.4027E-03
 MRCHDU: Convergence failed at  32  side 2    Res =  0.1908E-03
 MRCHDU: Convergence failed at  33  side 2    Res =  0.2049E-03
 MRCHDU: Convergence failed at  34  side 2    Res =  0.1654E-02
 MRCHDU: Convergence failed at  35  side 2    Res =  0.1665E-02
 MRCHDU: Convergence failed at  36  side 2    Res =  0.1525E-02
 MRCHDU: Convergence failed at  37  side 2    Res =  0.1351E-01
 MRCHDU: Convergence failed at  74  side 2    Res =  0.5599E-01
 MRCHDU: Convergence failed at  75  side 2    Res =  0.4116E-02
 MRCHDU: Convergence failed at  76  side 2    Res =  0.8899E-03
 MRCHDU: Convergence failed at  77  side 2    Res =  0.5004E-03
 MRCHDU: Convergence failed at  79  side 2    Res =  0.5851E-05
 MRCHDU: Convergence failed at  91  side 2    Res =  0.3086E-04
 MRCHDU: Convergence failed at  92  side 2    Res =  0.2576E-04
 MRCHDU: Convergence failed at  93  side 2    Res =  0.5980E-04
 MRCHDU: Convergence failed at  94  side 2    Res =  0.3684E-04
 MRCHDU: Convergence failed at  95  side 2    Res =  0.9526E-04
 MRCHDU: Convergence failed at  96  side 2    Res =  0.7165E-04
 MRCHDU: Convergence failed at  97  side 2    Res =  0.1494E-03
 MRCHDU: Convergence failed at  98  side 2    Res =  0.1813E-03
 MRCHDU: Convergence failed at  99  side 2    Res =  0.1645E-03
 MRCHDU: Convergence failed at 100  side 2    Res =  0.5298E-03
 MRCHDU: Convergence failed at 101  side 2    Res =  0.1200E-03
 MRCHDU: Convergence failed at 102  side 2    Res =  0.1121E-04
 Side 1 forced transition at x/c =  1.0000   77
 Side 2  free  transition at x/c =  0.0413   24

 203   rms: 0.8471E+12   max: -.2288E+14   T at   81  2   RLX: 0.000
       a = 10.000      CL = -0.4219
      Cm =  0.0098     CD =+Infinity   =>   CDf =  0.00568    CDp =+Infinity

 MRCHDU: Convergence failed at  27  side 2    Res =  0.7211E-01
 MRCHDU: Convergence failed at  28  side 2    Res =  0.3673E-01
 MRCHDU: Convergence failed at  29  side 2    Res =  0.3539E-01
 MRCHDU: Convergence failed at  30  side 2    Res =  0.1226E-02
 MRCHDU: Convergence failed at  31  side 2    Res =  0.4027E-03
 MRCHDU: Convergence failed at  32  side 2    Res =  0.1908E-03
 MRCHDU: Convergence failed at  33  side 2    Res =  0.2049E-03
 MRCHDU: Convergence failed at  34  side 2    Res =  0.1654E-02
 MRCHDU: Convergence failed at  35  side 2    Res =  0.1665E-02
 MRCHDU: Convergence failed at  36  side 2    Res =  0.1525E-02
 MRCHDU: Convergence failed at  37  side 2    Res =  0.1351E-01
 MRCHDU: Convergence failed at  74  side 2    Res =  0.5599E-01
 MRCHDU: Convergence failed at  75  side 2    Res =  0.4116E-02
 MRCHDU: Convergence failed at  76  side 2    Res =  0.8899E-03
 MRCHDU: Convergence failed at  77  side 2    Res =  0.5004E-03
 MRCHDU: Convergence failed at  79  side 2    Res =  0.5851E-05
 MRCHDU: Convergence failed at  91  side 2    Res =  0.3086E-04
 MRCHDU: Convergence failed at  92  side 2    Res =  0.2576E-04
 MRCHDU: Convergence failed at  93  side 2    Res =  0.5980E-04
 MRCHDU: Convergence failed at  94  side 2    Res =  0.3684E-04
 MRCHDU: Convergence failed at  95  side 2    Res =  0.9526E-04
 MRCHDU: Convergence failed at  96  side 2    Res =  0.7165E-04
 MRCHDU: Convergence failed at  97  side 2    Res =  0.1494E-03
 MRCHDU: Convergence failed at  98  side 2    Res =  0.1813E-03
 MRCHDU: Convergence failed at  99  side 2    Res =  0.1644E-03
 MRCHDU: Convergence failed at 100  side 2    Res =  0.5298E-03
 MRCHDU: Convergence failed at 101  side 2    Res =  0.1200E-03
 MRCHDU: Convergence failed at 102  side 2    Res =  0.1121E-04
 Side 1 forced transition at x/c =  1.0000   77
 Side 2  free  transition at x/c =  0.0413   24

 204   rms: 0.1817E+13   max: -.4926E+14   T at   81  2   RLX: 0.000
       a = 10.000      CL = -0.4219
      Cm =  0.0098     CD =+Infinity   =>   CDf =  0.00568    CDp =+Infinity

 MRCHDU: Convergence failed at  27  side 2    Res =  0.7211E-01
 MRCHDU: Convergence failed at  28  side 2    Res =  0.3673E-01
 MRCHDU: Convergence failed at  29  side 2    Res =  0.3539E-01
 MRCHDU: Convergence failed at  30  side 2    Res =  0.1226E-02
 MRCHDU: Convergence failed at  31  side 2    Res =  0.4027E-03
 MRCHDU: Convergence failed at  32  side 2    Res =  0.1908E-03
 MRCHDU: Convergence failed at  33  side 2    Res =  0.2049E-03
 MRCHDU: Convergence failed at  34  side 2    Res =  0.1654E-02
 MRCHDU: Convergence failed at  35  side 2    Res =  0.1665E-02
 MRCHDU: Convergence failed at  36  side 2    Res =  0.1525E-02
 MRCHDU: Convergence failed at  37  side 2    Res =  0.1351E-01
 MRCHDU: Convergence failed at  74  side 2    Res =  0.5600E-01
 MRCHDU: Convergence failed at  75  side 2    Res =  0.4116E-02
 MRCHDU: Convergence failed at  76  side 2    Res =  0.8899E-03
 MRCHDU: Convergence failed at  77  side 2    Res =  0.5004E-03
 MRCHDU: Convergence failed at  79  side 2    Res =  0.5851E-05
 MRCHDU: Convergence failed at  91  side 2    Res =  0.3085E-04
 MRCHDU: Convergence failed at  92  side 2    Res =  0.2576E-04
 MRCHDU: Convergence failed at  93  side 2    Res =  0.5980E-04
 MRCHDU: Convergence failed at  94  side 2    Res =  0.3683E-04
 MRCHDU: Convergence failed at  95  side 2    Res =  0.9526E-04
 MRCHDU: Convergence failed at  96  side 2    Res =  0.7165E-04
 MRCHDU: Convergence failed at  97  side 2    Res =  0.1494E-03
 MRCHDU: Convergence failed at  98  side 2    Res =  0.1813E-03
 MRCHDU: Convergence failed at  99  side 2    Res =  0.1644E-03
 MRCHDU: Convergence failed at 100  side 2    Res =  0.5298E-03
 MRCHDU: Convergence failed at 101  side 2    Res =  0.1200E-03
 MRCHDU: Convergence failed at 102  side 2    Res =  0.1121E-04
 Side 1 forced transition at x/c =  1.0000   77
 Side 2  free  transition at x/c =  0.0413   24

 205   rms: 0.1296E+12   max: -.2484E+13   T at   81  2   RLX: 0.000
       a = 10.000      CL = -0.4219
      Cm =  0.0098     CD =+Infinity   =>   CDf =  0.00568    CDp =+Infinity

 MRCHDU: Convergence failed at  27  side 2    Res =  0.7211E-01
 MRCHDU: Convergence failed at  28  side 2    Res =  0.3673E-01
 MRCHDU: Convergence failed at  29  side 2    Res =  0.3539E-01
 MRCHDU: Convergence failed at  30  side 2    Res =  0.1226E-02
 MRCHDU: Convergence failed at  31  side 2    Res =  0.4027E-03
 MRCHDU: Convergence failed at  32  side 2    Res =  0.1908E-03
 MRCHDU: Convergence failed at  33  side 2    Res =  0.2049E-03
 MRCHDU: Convergence failed at  34  side 2    Res =  0.1654E-02
 MRCHDU: Convergence failed at  35  side 2    Res =  0.1665E-02
 MRCHDU: Convergence failed at  36  side 2    Res =  0.1525E-02
 MRCHDU: Convergence failed at  37  side 2    Res =  0.1351E-01
 MRCHDU: Convergence failed at  74  side 2    Res =  0.5601E-01
 MRCHDU: Convergence failed at  75  side 2    Res =  0.4116E-02
 MRCHDU: Convergence failed at  76  side 2    Res =  0.8899E-03
 MRCHDU: Convergence failed at  77  side 2    Res =  0.5004E-03
 MRCHDU: Convergence failed at  79  side 2    Res =  0.5851E-05
 MRCHDU: Convergence failed at  91  side 2    Res =  0.3085E-04
 MRCHDU: Convergence failed at  92  side 2    Res =  0.2576E-04
 MRCHDU: Convergence failed at  93  side 2    Res =  0.5980E-04
 MRCHDU: Convergence failed at  94  side 2    Res =  0.3683E-04
 MRCHDU: Convergence failed at  95  side 2    Res =  0.9526E-04
 MRCHDU: Convergence failed at  96  side 2    Res =  0.7165E-04
 MRCHDU: Convergence failed at  97  side 2    Res =  0.1494E-03
 MRCHDU: Convergence failed at  98  side 2    Res =  0.1813E-03
 MRCHDU: Convergence failed at  99  side 2    Res =  0.1644E-03
 MRCHDU: Convergence failed at 100  side 2    Res =  0.5298E-03
 MRCHDU: Convergence failed at 101  side 2    Res =  0.1200E-03
 MRCHDU: Convergence failed at 102  side 2    Res =  0.1121E-04
 Side 1 forced transition at x/c =  1.0000   77
 Side 2  free  transition at x/c =  0.0413   24

 206   rms: 0.2504E+11   max: 0.6579E+12   T at   80  2   RLX: 0.000
       a = 10.000      CL = -0.4219
      Cm =  0.0098     CD =+Infinity   =>   CDf =  0.00568    CDp =+Infinity

 MRCHDU: Convergence failed at  27  side 2    Res =  0.7211E-01
 MRCHDU: Convergence failed at  28  side 2    Res =  0.3673E-01
 MRCHDU: Convergence failed at  29  side 2    Res =  0.3539E-01
 MRCHDU: Convergence failed at  30  side 2    Res =  0.1226E-02
 MRCHDU: Convergence failed at  31  side 2    Res =  0.4027E-03
 MRCHDU: Convergence failed at  32  side 2    Res =  0.1908E-03
 MRCHDU: Convergence failed at  33  side 2    Res =  0.2049E-03
 MRCHDU: Convergence failed at  34  side 2    Res =  0.1654E-02
 MRCHDU: Convergence failed at  35  side 2    Res =  0.1665E-02
 MRCHDU: Convergence failed at  36  side 2    Res =  0.1525E-02
 MRCHDU: Convergence failed at  37  side 2    Res =  0.1351E-01
 MRCHDU: Convergence failed at  74  side 2    Res =  0.5600E-01
 MRCHDU: Convergence failed at  75  side 2    Res =  0.4116E-02
 MRCHDU: Convergence failed at  76  side 2    Res =  0.8899E-03
 MRCHDU: Convergence failed at  77  side 2    Res =  0.5004E-03
 MRCHDU: Convergence failed at  79  side 2    Res =  0.5852E-05
 MRCHDU: Convergence failed at  91  side 2    Res =  0.3085E-04
 MRCHDU: Convergence failed at  92  side 2    Res =  0.2576E-04
 MRCHDU: Convergence failed at  93  side 2    Res =  0.5980E-04
 MRCHDU: Convergence failed at  94  side 2    Res =  0.3683E-04
 MRCHDU: Convergence failed at  95  side 2    Res =  0.9526E-04
 MRCHDU: Convergence failed at  96  side 2    Res =  0.7165E-04
 MRCHDU: Convergence failed at  97  side 2    Res =  0.1494E-03
 MRCHDU: Convergence failed at  98  side 2    Res =  0.1813E-03
 MRCHDU: Convergence failed at  99  side 2    Res =  0.1644E-03
 MRCHDU: Convergence failed at 100  side 2    Res =  0.5298E-03
 MRCHDU: Convergence failed at 101  side 2    Res =  0.1200E-03
 MRCHDU: Convergence failed at 102  side 2    Res =  0.1121E-04
 Side 1 forced transition at x/c =  1.0000   77
 Side 2  free  transition at x/c =  0.0413   24

 207   rms: 0.1303E+13   max: -.3250E+14   T at   81  2   RLX: 0.000
       a = 10.000      CL = -0.4219
      Cm =  0.0098     CD =+Infinity   =>   CDf =  0.00568    CDp =+Infinity

 MRCHDU: Convergence failed at  27  side 2    Res =  0.7211E-01
 MRCHDU: Convergence failed at  28  side 2    Res =  0.3673E-01
 MRCHDU: Convergence failed at  29  side 2    Res =  0.3539E-01
 MRCHDU: Convergence failed at  30  side 2    Res =  0.1226E-02
 MRCHDU: Convergence failed at  31  side 2    Res =  0.4027E-03
 MRCHDU: Convergence failed at  32  side 2    Res =  0.1908E-03
 MRCHDU: Convergence failed at  33  side 2    Res =  0.2049E-03
 MRCHDU: Convergence failed at  34  side 2    Res =  0.1654E-02
 MRCHDU: Convergence failed at  35  side 2    Res =  0.1665E-02
 MRCHDU: Convergence failed at  36  side 2    Res =  0.1525E-02
 MRCHDU: Convergence failed at  37  side 2    Res =  0.1351E-01
 MRCHDU: Convergence failed at  74  side 2    Res =  0.5598E-01
 MRCHDU: Convergence failed at  75  side 2    Res =  0.4116E-02
 MRCHDU: Convergence failed at  76  side 2    Res =  0.8899E-03
 MRCHDU: Convergence failed at  77  side 2    Res =  0.5004E-03
 MRCHDU: Convergence failed at  79  side 2    Res =  0.5852E-05
 MRCHDU: Convergence failed at  91  side 2    Res =  0.3085E-04
 MRCHDU: Convergence failed at  92  side 2    Res =  0.2576E-04
 MRCHDU: Convergence failed at  93  side 2    Res =  0.5980E-04
 MRCHDU: Convergence failed at  94  side 2    Res =  0.3683E-04
 MRCHDU: Convergence failed at  95  side 2    Res =  0.9526E-04
 MRCHDU: Convergence failed at  96  side 2    Res =  0.7165E-04
 MRCHDU: Convergence failed at  97  side 2    Res =  0.1494E-03
 MRCHDU: Convergence failed at  98  side 2    Res =  0.1813E-03
 MRCHDU: Convergence failed at  99  side 2    Res =  0.1644E-03
 MRCHDU: Convergence failed at 100  side 2    Res =  0.5298E-03
 MRCHDU: Convergence failed at 101  side 2    Res =  0.1200E-03
 MRCHDU: Convergence failed at 102  side 2    Res =  0.1121E-04
 Side 1 forced transition at x/c =  1.0000   77
 Side 2  free  transition at x/c =  0.0413   24

 208   rms: 0.1007E+12   max: -.2708E+13   T at   81  2   RLX: 0.000
       a = 10.000      CL = -0.4219
      Cm =  0.0098     CD =+Infinity   =>   CDf =  0.00568    CDp =+Infinity

 MRCHDU: Convergence failed at  27  side 2    Res =  0.7211E-01
 MRCHDU: Convergence failed at  28  side 2    Res =  0.3673E-01
 MRCHDU: Convergence failed at  29  side 2    Res =  0.3539E-01
 MRCHDU: Convergence failed at  30  side 2    Res =  0.1226E-02
 MRCHDU: Convergence failed at  31  side 2    Res =  0.4027E-03
 MRCHDU: Convergence failed at  32  side 2    Res =  0.1908E-03
 MRCHDU: Convergence failed at  33  side 2    Res =  0.2049E-03
 MRCHDU: Convergence failed at  34  side 2    Res =  0.1654E-02
 MRCHDU: Convergence failed at  35  side 2    Res =  0.1665E-02
 MRCHDU: Convergence failed at  36  side 2    Res =  0.1525E-02
 MRCHDU: Convergence failed at  37  side 2    Res =  0.1351E-01
 MRCHDU: Convergence failed at  74  side 2    Res =  0.5613E-01
 MRCHDU: Convergence failed at  75  side 2    Res =  0.4115E-02
 MRCHDU: Convergence failed at  76  side 2    Res =  0.8897E-03
 MRCHDU: Convergence failed at  77  side 2    Res =  0.5002E-03
 MRCHDU: Convergence failed at  79  side 2    Res =  0.5854E-05
 MRCHDU: Convergence failed at  91  side 2    Res =  0.3085E-04
 MRCHDU: Convergence failed at  92  side 2    Res =  0.2576E-04
 MRCHDU: Convergence failed at  93  side 2    Res =  0.5979E-04
 MRCHDU: Convergence failed at  94  side 2    Res =  0.3683E-04
 MRCHDU: Convergence failed at  95  side 2    Res =  0.9525E-04
 MRCHDU: Convergence failed at  96  side 2    Res =  0.7164E-04
 MRCHDU: Convergence failed at  97  side 2    Res =  0.1493E-03
 MRCHDU: Convergence failed at  98  side 2    Res =  0.1813E-03
 MRCHDU: Convergence failed at  99  side 2    Res =  0.1644E-03
 MRCHDU: Convergence failed at 100  side 2    Res =  0.5297E-03
 MRCHDU: Convergence failed at 101  side 2    Res =  0.1200E-03
 MRCHDU: Convergence failed at 102  side 2    Res =  0.1121E-04
 Side 1 forced transition at x/c =  1.0000   77
 Side 2  free  transition at x/c =  0.0413   24

 209   rms: 0.1254E+13   max: -.2908E+14   T at   81  2   RLX: 0.000
       a = 10.000      CL = -0.4219
      Cm =  0.0098     CD =+Infinity   =>   CDf =  0.00568    CDp =+Infinity

 MRCHDU: Convergence failed at  27  side 2    Res =  0.7211E-01
 MRCHDU: Convergence failed at  28  side 2    Res =  0.3673E-01
 MRCHDU: Convergence failed at  29  side 2    Res =  0.3539E-01
 MRCHDU: Convergence failed at  30  side 2    Res =  0.1226E-02
 MRCHDU: Convergence failed at  31  side 2    Res =  0.4027E-03
 MRCHDU: Convergence failed at  32  side 2    Res =  0.1908E-03
 MRCHDU: Convergence failed at  33  side 2    Res =  0.2049E-03
 MRCHDU: Convergence failed at  34  side 2    Res =  0.1654E-02
 MRCHDU: Convergence failed at  35  side 2    Res =  0.1665E-02
 MRCHDU: Convergence failed at  36  side 2    Res =  0.1525E-02
 MRCHDU: Convergence failed at  37  side 2    Res =  0.1351E-01
 MRCHDU: Convergence failed at  74  side 2    Res =  0.5616E-01
 MRCHDU: Convergence failed at  75  side 2    Res =  0.4115E-02
 MRCHDU: Convergence failed at  76  side 2    Res =  0.8897E-03
 MRCHDU: Convergence failed at  77  side 2    Res =  0.5002E-03
 MRCHDU: Convergence failed at  79  side 2    Res =  0.5854E-05
 MRCHDU: Convergence failed at  91  side 2    Res =  0.3085E-04
 MRCHDU: Convergence failed at  92  side 2    Res =  0.2576E-04
 MRCHDU: Convergence failed at  93  side 2    Res =  0.5979E-04
 MRCHDU: Convergence failed at  94  side 2    Res =  0.3683E-04
 MRCHDU: Convergence failed at  95  side 2    Res =  0.9525E-04
 MRCHDU: Convergence failed at  96  side 2    Res =  0.7164E-04
 MRCHDU: Convergence failed at  97  side 2    Res =  0.1493E-03
 MRCHDU: Convergence failed at  98  side 2    Res =  0.1813E-03
 MRCHDU: Convergence failed at  99  side 2    Res =  0.1644E-03
 MRCHDU: Convergence failed at 100  side 2    Res =  0.5297E-03
 MRCHDU: Convergence failed at 101  side 2    Res =  0.1200E-03
 MRCHDU: Convergence failed at 102  side 2    Res =  0.1121E-04
 Side 1 forced transition at x/c =  1.0000   77
 Side 2  free  transition at x/c =  0.0413   24

 210   rms: 0.8393E+11   max: -.1786E+13   T at   81  2   RLX: 0.000
       a = 10.000      CL = -0.4219
      Cm =  0.0098     CD =+Infinity   =>   CDf =  0.00568    CDp =+Infinity

 MRCHDU: Convergence failed at  27  side 2    Res =  0.7211E-01
 MRCHDU: Convergence failed at  28  side 2    Res =  0.3673E-01
 MRCHDU: Convergence failed at  29  side 2    Res =  0.3539E-01
 MRCHDU: Convergence failed at  30  side 2    Res =  0.1226E-02
 MRCHDU: Convergence failed at  31  side 2    Res =  0.4027E-03
 MRCHDU: Convergence failed at  32  side 2    Res =  0.1908E-03
 MRCHDU: Convergence failed at  33  side 2    Res =  0.2049E-03
 MRCHDU: Convergence failed at  34  side 2    Res =  0.1654E-02
 MRCHDU: Convergence failed at  35  side 2    Res =  0.1665E-02
 MRCHDU: Convergence failed at  36  side 2    Res =  0.1525E-02
 MRCHDU: Convergence failed at  37  side 2    Res =  0.1351E-01
 MRCHDU: Convergence failed at  74  side 2    Res =  0.5613E-01
 MRCHDU: Convergence failed at  75  side 2    Res =  0.4115E-02
 MRCHDU: Convergence failed at  76  side 2    Res =  0.8895E-03
 MRCHDU: Convergence failed at  77  side 2    Res =  0.5000E-03
 MRCHDU: Convergence failed at  79  side 2    Res =  0.5850E-05
 MRCHDU: Convergence failed at  91  side 2    Res =  0.3084E-04
 MRCHDU: Convergence failed at  92  side 2    Res =  0.2575E-04
 MRCHDU: Convergence failed at  93  side 2    Res =  0.5978E-04
 MRCHDU: Convergence failed at  94  side 2    Res =  0.3682E-04
 MRCHDU: Convergence failed at  95  side 2    Res =  0.9522E-04
 MRCHDU: Convergence failed at  96  side 2    Res =  0.7162E-04
 MRCHDU: Convergence failed at  97  side 2    Res =  0.1493E-03
 MRCHDU: Convergence failed at  98  side 2    Res =  0.1812E-03
 MRCHDU: Convergence failed at  99  side 2    Res =  0.1644E-03
 MRCHDU: Convergence failed at 100  side 2    Res =  0.5295E-03
 MRCHDU: Convergence failed at 101  side 2    Res =  0.1199E-03
 MRCHDU: Convergence failed at 102  side 2    Res =  0.1120E-04
 Side 1 forced transition at x/c =  1.0000   77
 Side 2  free  transition at x/c =  0.0413   24

 211   rms: 0.6026E+13   max: 0.1620E+15   T at   81  2   RLX: 0.000
       a = 10.000      CL = -0.4219
      Cm =  0.0098     CD =+Infinity   =>   CDf =  0.00568    CDp =+Infinity

 MRCHDU: Convergence failed at  27  side 2    Res =  0.7211E-01
 MRCHDU: Convergence failed at  28  side 2    Res =  0.3673E-01
 MRCHDU: Convergence failed at  29  side 2    Res =  0.3539E-01
 MRCHDU: Convergence failed at  30  side 2    Res =  0.1226E-02
 MRCHDU: Convergence failed at  31  side 2    Res =  0.4027E-03
 MRCHDU: Convergence failed at  32  side 2    Res =  0.1908E-03
 MRCHDU: Convergence failed at  33  side 2    Res =  0.2049E-03
 MRCHDU: Convergence failed at  34  side 2    Res =  0.1654E-02
 MRCHDU: Convergence failed at  35  side 2    Res =  0.1665E-02
 MRCHDU: Convergence failed at  36  side 2    Res =  0.1525E-02
 MRCHDU: Convergence failed at  37  side 2    Res =  0.1351E-01
 MRCHDU: Convergence failed at  74  side 2    Res =  0.5614E-01
 MRCHDU: Convergence failed at  75  side 2    Res =  0.4115E-02
 MRCHDU: Convergence failed at  76  side 2    Res =  0.8895E-03
 MRCHDU: Convergence failed at  77  side 2    Res =  0.5000E-03
 MRCHDU: Convergence failed at  79  side 2    Res =  0.5850E-05
 MRCHDU: Convergence failed at  91  side 2    Res =  0.3084E-04
 MRCHDU: Convergence failed at  92  side 2    Res =  0.2575E-04
 MRCHDU: Convergence failed at  93  side 2    Res =  0.5978E-04
 MRCHDU: Convergence failed at  94  side 2    Res =  0.3682E-04
 MRCHDU: Convergence failed at  95  side 2    Res =  0.9522E-04
 MRCHDU: Convergence failed at  96  side 2    Res =  0.7162E-04
 MRCHDU: Convergence failed at  97  side 2    Res =  0.1493E-03
 MRCHDU: Convergence failed at  98  side 2    Res =  0.1812E-03
 MRCHDU: Convergence failed at  99  side 2    Res =  0.1644E-03
 MRCHDU: Convergence failed at 100  side 2    Res =  0.5295E-03
 MRCHDU: Convergence failed at 101  side 2    Res =  0.1199E-03
 MRCHDU: Convergence failed at 102  side 2    Res =  0.1120E-04
 Side 1 forced transition at x/c =  1.0000   77
 Side 2  free  transition at x/c =  0.0413   24

 212   rms: 0.1237E+12   max: 0.2929E+13   T at   81  2   RLX: 0.000
       a = 10.000      CL = -0.4219
      Cm =  0.0098     CD =+Infinity   =>   CDf =  0.00568    CDp =+Infinity

 MRCHDU: Convergence failed at  27  side 2    Res =  0.7211E-01
 MRCHDU: Convergence failed at  28  side 2    Res =  0.3673E-01
 MRCHDU: Convergence failed at  29  side 2    Res =  0.3539E-01
 MRCHDU: Convergence failed at  30  side 2    Res =  0.1226E-02
 MRCHDU: Convergence failed at  31  side 2    Res =  0.4027E-03
 MRCHDU: Convergence failed at  32  side 2    Res =  0.1908E-03
 MRCHDU: Convergence failed at  33  side 2    Res =  0.2049E-03
 MRCHDU: Convergence failed at  34  side 2    Res =  0.1654E-02
 MRCHDU: Convergence failed at  35  side 2    Res =  0.1665E-02
 MRCHDU: Convergence failed at  36  side 2    Res =  0.1525E-02
 MRCHDU: Convergence failed at  37  side 2    Res =  0.1351E-01
 MRCHDU: Convergence failed at  74  side 2    Res =  0.5612E-01
 MRCHDU: Convergence failed at  75  side 2    Res =  0.4115E-02
 MRCHDU: Convergence failed at  76  side 2    Res =  0.8895E-03
 MRCHDU: Convergence failed at  77  side 2    Res =  0.5000E-03
 MRCHDU: Convergence failed at  79  side 2    Res =  0.5850E-05
 MRCHDU: Convergence failed at  91  side 2    Res =  0.3084E-04
 MRCHDU: Convergence failed at  92  side 2    Res =  0.2575E-04
 MRCHDU: Convergence failed at  93  side 2    Res =  0.5978E-04
 MRCHDU: Convergence failed at  94  side 2    Res =  0.3682E-04
 MRCHDU: Convergence failed at  95  side 2    Res =  0.9522E-04
 MRCHDU: Convergence failed at  96  side 2    Res =  0.7162E-04
 MRCHDU: Convergence failed at  97  side 2    Res =  0.1493E-03
 MRCHDU: Convergence failed at  98  side 2    Res =  0.1812E-03
 MRCHDU: Convergence failed at  99  side 2    Res =  0.1644E-03
 MRCHDU: Convergence failed at 100  side 2    Res =  0.5295E-03
 MRCHDU: Convergence failed at 101  side 2    Res =  0.1199E-03
 MRCHDU: Convergence failed at 102  side 2    Res =  0.1120E-04
 Side 1 forced transition at x/c =  1.0000   77
 Side 2  free  transition at x/c =  0.0413   24

 213   rms: 0.8023E+11   max: -.2149E+13   T at   81  2   RLX: 0.000
       a = 10.000      CL = -0.4219
      Cm =  0.0098     CD =+Infinity   =>   CDf =  0.00568    CDp =+Infinity

 MRCHDU: Convergence failed at  27  side 2    Res =  0.7211E-01
 MRCHDU: Convergence failed at  28  side 2    Res =  0.3673E-01
 MRCHDU: Convergence failed at  29  side 2    Res =  0.3539E-01
 MRCHDU: Convergence failed at  30  side 2    Res =  0.1226E-02
 MRCHDU: Convergence failed at  31  side 2    Res =  0.4027E-03
 MRCHDU: Convergence failed at  32  side 2    Res =  0.1908E-03
 MRCHDU: Convergence failed at  33  side 2    Res =  0.2049E-03
 MRCHDU: Convergence failed at  34  side 2    Res =  0.1654E-02
 MRCHDU: Convergence failed at  35  side 2    Res =  0.1665E-02
 MRCHDU: Convergence failed at  36  side 2    Res =  0.1525E-02
 MRCHDU: Convergence failed at  37  side 2    Res =  0.1351E-01
 MRCHDU: Convergence failed at  74  side 2    Res =  0.5615E-01
 MRCHDU: Convergence failed at  75  side 2    Res =  0.4115E-02
 MRCHDU: Convergence failed at  76  side 2    Res =  0.8896E-03
 MRCHDU: Convergence failed at  77  side 2    Res =  0.5001E-03
 MRCHDU: Convergence failed at  79  side 2    Res =  0.5849E-05
 MRCHDU: Convergence failed at  91  side 2    Res =  0.3084E-04
 MRCHDU: Convergence failed at  92  side 2    Res =  0.2575E-04
 MRCHDU: Convergence failed at  93  side 2    Res =  0.5978E-04
 MRCHDU: Convergence failed at  94  side 2    Res =  0.3682E-04
 MRCHDU: Convergence failed at  95  side 2    Res =  0.9522E-04
 MRCHDU: Convergence failed at  96  side 2    Res =  0.7162E-04
 MRCHDU: Convergence failed at  97  side 2    Res =  0.1493E-03
 MRCHDU: Convergence failed at  98  side 2    Res =  0.1812E-03
 MRCHDU: Convergence failed at  99  side 2    Res =  0.1644E-03
 MRCHDU: Convergence failed at 100  side 2    Res =  0.5295E-03
 MRCHDU: Convergence failed at 101  side 2    Res =  0.1199E-03
 MRCHDU: Convergence failed at 102  side 2    Res =  0.1120E-04
 Side 1 forced transition at x/c =  1.0000   77
 Side 2  free  transition at x/c =  0.0413   24

 214   rms: 0.4607E+11   max: 0.1249E+13   T at   81  2   RLX: 0.000
       a = 10.000      CL = -0.4219
      Cm =  0.0098     CD =+Infinity   =>   CDf =  0.00568    CDp =+Infinity

 MRCHDU: Convergence failed at  27  side 2    Res =  0.7211E-01
 MRCHDU: Convergence failed at  28  side 2    Res =  0.3673E-01
 MRCHDU: Convergence failed at  29  side 2    Res =  0.3539E-01
 MRCHDU: Convergence failed at  30  side 2    Res =  0.1226E-02
 MRCHDU: Convergence failed at  31  side 2    Res =  0.4027E-03
 MRCHDU: Convergence failed at  32  side 2    Res =  0.1908E-03
 MRCHDU: Convergence failed at  33  side 2    Res =  0.2049E-03
 MRCHDU: Convergence failed at  34  side 2    Res =  0.1654E-02
 MRCHDU: Convergence failed at  35  side 2    Res =  0.1665E-02
 MRCHDU: Convergence failed at  36  side 2    Res =  0.1525E-02
 MRCHDU: Convergence failed at  37  side 2    Res =  0.1350E-01
 MRCHDU: Convergence failed at  74  side 2    Res =  0.5628E-01
 MRCHDU: Convergence failed at  75  side 2    Res =  0.4115E-02
 MRCHDU: Convergence failed at  76  side 2    Res =  0.8896E-03
 MRCHDU: Convergence failed at  77  side 2    Res =  0.5001E-03
 MRCHDU: Convergence failed at  79  side 2    Res =  0.5851E-05
 MRCHDU: Convergence failed at  91  side 2    Res =  0.3085E-04
 MRCHDU: Convergence failed at  92  side 2    Res =  0.2576E-04
 MRCHDU: Convergence failed at  93  side 2    Res =  0.5978E-04
 MRCHDU: Convergence failed at  94  side 2    Res =  0.3682E-04
 MRCHDU: Convergence failed at  95  side 2    Res =  0.9523E-04
 MRCHDU: Convergence failed at  96  side 2    Res =  0.7162E-04
 MRCHDU: Convergence failed at  97  side 2    Res =  0.1493E-03
 MRCHDU: Convergence failed at  98  side 2    Res =  0.1812E-03
 MRCHDU: Convergence failed at  99  side 2    Res =  0.1644E-03
 MRCHDU: Convergence failed at 100  side 2    Res =  0.5295E-03
 MRCHDU: Convergence failed at 101  side 2    Res =  0.1199E-03
 MRCHDU: Convergence failed at 102  side 2    Res =  0.1120E-04
 Side 1 forced transition at x/c =  1.0000   77
 Side 2  free  transition at x/c =  0.0413   24

 215   rms: 0.2899E+12   max: -.7753E+13   T at   81  2   RLX: 0.000
       a = 10.000      CL = -0.4219
      Cm =  0.0098     CD =+Infinity   =>   CDf =  0.00568    CDp =+Infinity

 MRCHDU: Convergence failed at  27  side 2    Res =  0.7211E-01
 MRCHDU: Convergence failed at  28  side 2    Res =  0.3673E-01
 MRCHDU: Convergence failed at  29  side 2    Res =  0.3539E-01
 MRCHDU: Convergence failed at  30  side 2    Res =  0.1226E-02
 MRCHDU: Convergence failed at  31  side 2    Res =  0.4027E-03
 MRCHDU: Convergence failed at  32  side 2    Res =  0.1908E-03
 MRCHDU: Convergence failed at  33  side 2    Res =  0.2049E-03
 MRCHDU: Convergence failed at  34  side 2    Res =  0.1654E-02
 MRCHDU: Convergence failed at  35  side 2    Res =  0.1665E-02
 MRCHDU: Convergence failed at  36  side 2    Res =  0.1525E-02
 MRCHDU: Convergence failed at  37  side 2    Res =  0.1350E-01
 MRCHDU: Convergence failed at  74  side 2    Res =  0.5627E-01
 MRCHDU: Convergence failed at  75  side 2    Res =  0.4115E-02
 MRCHDU: Convergence failed at  76  side 2    Res =  0.8896E-03
 MRCHDU: Convergence failed at  77  side 2    Res =  0.5001E-03
 MRCHDU: Convergence failed at  79  side 2    Res =  0.5851E-05
 MRCHDU: Convergence failed at  91  side 2    Res =  0.3084E-04
 MRCHDU: Convergence failed at  92  side 2    Res =  0.2575E-04
 MRCHDU: Convergence failed at  93  side 2    Res =  0.5978E-04
 MRCHDU: Convergence failed at  94  side 2    Res =  0.3682E-04
 MRCHDU: Convergence failed at  95  side 2    Res =  0.9522E-04
 MRCHDU: Convergence failed at  96  side 2    Res =  0.7162E-04
 MRCHDU: Convergence failed at  97  side 2    Res =  0.1493E-03
 MRCHDU: Convergence failed at  98  side 2    Res =  0.1812E-03
 MRCHDU: Convergence failed at  99  side 2    Res =  0.1643E-03
 MRCHDU: Convergence failed at 100  side 2    Res =  0.5294E-03
 MRCHDU: Convergence failed at 101  side 2    Res =  0.1199E-03
 MRCHDU: Convergence failed at 102  side 2    Res =  0.1120E-04
 Side 1 forced transition at x/c =  1.0000   77
 Side 2  free  transition at x/c =  0.0413   24

 216   rms: 0.7606E+11   max: -.1633E+13   T at   81  2   RLX: 0.000
       a = 10.000      CL = -0.4219
      Cm =  0.0098     CD =+Infinity   =>   CDf =  0.00568    CDp =+Infinity

 MRCHDU: Convergence failed at  27  side 2    Res =  0.7211E-01
 MRCHDU: Convergence failed at  28  side 2    Res =  0.3673E-01
 MRCHDU: Convergence failed at  29  side 2    Res =  0.3539E-01
 MRCHDU: Convergence failed at  30  side 2    Res =  0.1226E-02
 MRCHDU: Convergence failed at  31  side 2    Res =  0.4027E-03
 MRCHDU: Convergence failed at  32  side 2    Res =  0.1908E-03
 MRCHDU: Convergence failed at  33  side 2    Res =  0.2050E-03
 MRCHDU: Convergence failed at  34  side 2    Res =  0.1654E-02
 MRCHDU: Convergence failed at  35  side 2    Res =  0.1665E-02
 MRCHDU: Convergence failed at  36  side 2    Res =  0.1525E-02
 MRCHDU: Convergence failed at  37  side 2    Res =  0.1350E-01
 MRCHDU: Convergence failed at  74  side 2    Res =  0.5639E-01
 MRCHDU: Convergence failed at  75  side 2    Res =  0.4115E-02
 MRCHDU: Convergence failed at  76  side 2    Res =  0.8894E-03
 MRCHDU: Convergence failed at  77  side 2    Res =  0.5000E-03
 MRCHDU: Convergence failed at  79  side 2    Res =  0.5847E-05
 MRCHDU: Convergence failed at  91  side 2    Res =  0.3083E-04
 MRCHDU: Convergence failed at  92  side 2    Res =  0.2575E-04
 MRCHDU: Convergence failed at  93  side 2    Res =  0.5976E-04
 MRCHDU: Convergence failed at  94  side 2    Res =  0.3681E-04
 MRCHDU: Convergence failed at  95  side 2    Res =  0.9519E-04
 MRCHDU: Convergence failed at  96  side 2    Res =  0.7159E-04
 MRCHDU: Convergence failed at  97  side 2    Res =  0.1492E-03
 MRCHDU: Convergence failed at  98  side 2    Res =  0.1811E-03
 MRCHDU: Convergence failed at  99  side 2    Res =  0.1643E-03
 MRCHDU: Convergence failed at 100  side 2    Res =  0.5292E-03
 MRCHDU: Convergence failed at 101  side 2    Res =  0.1199E-03
 MRCHDU: Convergence failed at 102  side 2    Res =  0.1120E-04
 Side 1 forced transition at x/c =  1.0000   77
 Side 2  free  transition at x/c =  0.0413   24

 217   rms: 0.7723E+11   max: 0.2061E+13   T at   81  2   RLX: 0.000
       a = 10.000      CL = -0.4219
      Cm =  0.0098     CD =+Infinity   =>   CDf =  0.00568    CDp =+Infinity

 MRCHDU: Convergence failed at  27  side 2    Res =  0.7211E-01
 MRCHDU: Convergence failed at  28  side 2    Res =  0.3673E-01
 MRCHDU: Convergence failed at  29  side 2    Res =  0.3539E-01
 MRCHDU: Convergence failed at  30  side 2    Res =  0.1226E-02
 MRCHDU: Convergence failed at  31  side 2    Res =  0.4027E-03
 MRCHDU: Convergence failed at  32  side 2    Res =  0.1908E-03
 MRCHDU: Convergence failed at  33  side 2    Res =  0.2049E-03
 MRCHDU: Convergence failed at  34  side 2    Res =  0.1654E-02
 MRCHDU: Convergence failed at  35  side 2    Res =  0.1665E-02
 MRCHDU: Convergence failed at  36  side 2    Res =  0.1525E-02
 MRCHDU: Convergence failed at  37  side 2    Res =  0.1350E-01
 MRCHDU: Convergence failed at  74  side 2    Res =  0.5631E-01
 MRCHDU: Convergence failed at  75  side 2    Res =  0.4115E-02
 MRCHDU: Convergence failed at  76  side 2    Res =  0.8896E-03
 MRCHDU: Convergence failed at  77  side 2    Res =  0.5001E-03
 MRCHDU: Convergence failed at  79  side 2    Res =  0.5831E-05
 MRCHDU: Convergence failed at  91  side 2    Res =  0.3085E-04
 MRCHDU: Convergence failed at  92  side 2    Res =  0.2576E-04
 MRCHDU: Convergence failed at  93  side 2    Res =  0.5978E-04
 MRCHDU: Convergence failed at  94  side 2    Res =  0.3682E-04
 MRCHDU: Convergence failed at  95  side 2    Res =  0.9523E-04
 MRCHDU: Convergence failed at  96  side 2    Res =  0.7162E-04
 MRCHDU: Convergence failed at  97  side 2    Res =  0.1493E-03
 MRCHDU: Convergence failed at  98  side 2    Res =  0.1812E-03
 MRCHDU: Convergence failed at  99  side 2    Res =  0.1644E-03
 MRCHDU: Convergence failed at 100  side 2    Res =  0.5295E-03
 MRCHDU: Convergence failed at 101  side 2    Res =  0.1199E-03
 MRCHDU: Convergence failed at 102  side 2    Res =  0.1120E-04
 Side 1 forced transition at x/c =  1.0000   77
 Side 2  free  transition at x/c =  0.0413   24

 218   rms: 0.9592E+11   max: -.2591E+13   T at   81  2   RLX: 0.000
       a = 10.000      CL = -0.4219
      Cm =  0.0098     CD =+Infinity   =>   CDf =  0.00568    CDp =+Infinity

 MRCHDU: Convergence failed at  27  side 2    Res =  0.7211E-01
 MRCHDU: Convergence failed at  28  side 2    Res =  0.3673E-01
 MRCHDU: Convergence failed at  29  side 2    Res =  0.3539E-01
 MRCHDU: Convergence failed at  30  side 2    Res =  0.1226E-02
 MRCHDU: Convergence failed at  31  side 2    Res =  0.4026E-03
 MRCHDU: Convergence failed at  32  side 2    Res =  0.1908E-03
 MRCHDU: Convergence failed at  33  side 2    Res =  0.2049E-03
 MRCHDU: Convergence failed at  34  side 2    Res =  0.1654E-02
 MRCHDU: Convergence failed at  35  side 2    Res =  0.1665E-02
 MRCHDU: Convergence failed at  36  side 2    Res =  0.1525E-02
 MRCHDU: Convergence failed at  37  side 2    Res =  0.1351E-01
 MRCHDU: Convergence failed at  74  side 2    Res =  0.5598E-01
 MRCHDU: Convergence failed at  75  side 2    Res =  0.4116E-02
 MRCHDU: Convergence failed at  76  side 2    Res =  0.8900E-03
 MRCHDU: Convergence failed at  77  side 2    Res =  0.5005E-03
 MRCHDU: Convergence failed at  79  side 2    Res =  0.5821E-05
 MRCHDU: Convergence failed at  91  side 2    Res =  0.3083E-04
 MRCHDU: Convergence failed at  92  side 2    Res =  0.2575E-04
 MRCHDU: Convergence failed at  93  side 2    Res =  0.5976E-04
 MRCHDU: Convergence failed at  94  side 2    Res =  0.3681E-04
 MRCHDU: Convergence failed at  95  side 2    Res =  0.9518E-04
 MRCHDU: Convergence failed at  96  side 2    Res =  0.7159E-04
 MRCHDU: Convergence failed at  97  side 2    Res =  0.1492E-03
 MRCHDU: Convergence failed at  98  side 2    Res =  0.1811E-03
 MRCHDU: Convergence failed at  99  side 2    Res =  0.1643E-03
 MRCHDU: Convergence failed at 100  side 2    Res =  0.5292E-03
 MRCHDU: Convergence failed at 101  side 2    Res =  0.1199E-03
 MRCHDU: Convergence failed at 102  side 2    Res =  0.1120E-04
 Side 1 forced transition at x/c =  1.0000   77
 Side 2  free  transition at x/c =  0.0413   24

 219   rms: 0.2086E+12   max: -.5446E+13   T at   81  2   RLX: 0.000
       a = 10.000      CL = -0.4219
      Cm =  0.0098     CD =+Infinity   =>   CDf =  0.00568    CDp =+Infinity

 MRCHDU: Convergence failed at  27  side 2    Res =  0.7211E-01
 MRCHDU: Convergence failed at  28  side 2    Res =  0.3673E-01
 MRCHDU: Convergence failed at  29  side 2    Res =  0.3539E-01
 MRCHDU: Convergence failed at  30  side 2    Res =  0.1226E-02
 MRCHDU: Convergence failed at  31  side 2    Res =  0.4026E-03
 MRCHDU: Convergence failed at  32  side 2    Res =  0.1908E-03
 MRCHDU: Convergence failed at  33  side 2    Res =  0.2049E-03
 MRCHDU: Convergence failed at  34  side 2    Res =  0.1654E-02
 MRCHDU: Convergence failed at  35  side 2    Res =  0.1665E-02
 MRCHDU: Convergence failed at  36  side 2    Res =  0.1525E-02
 MRCHDU: Convergence failed at  37  side 2    Res =  0.1351E-01
 MRCHDU: Convergence failed at  74  side 2    Res =  0.5586E-01
 MRCHDU: Convergence failed at  75  side 2    Res =  0.4116E-02
 MRCHDU: Convergence failed at  76  side 2    Res =  0.8901E-03
 MRCHDU: Convergence failed at  77  side 2    Res =  0.5005E-03
 MRCHDU: Convergence failed at  79  side 2    Res =  0.5819E-05
 MRCHDU: Convergence failed at  91  side 2    Res =  0.3083E-04
 MRCHDU: Convergence failed at  92  side 2    Res =  0.2574E-04
 MRCHDU: Convergence failed at  93  side 2    Res =  0.5975E-04
 MRCHDU: Convergence failed at  94  side 2    Res =  0.3680E-04
 MRCHDU: Convergence failed at  95  side 2    Res =  0.9517E-04
 MRCHDU: Convergence failed at  96  side 2    Res =  0.7158E-04
 MRCHDU: Convergence failed at  97  side 2    Res =  0.1492E-03
 MRCHDU: Convergence failed at  98  side 2    Res =  0.1811E-03
 MRCHDU: Convergence failed at  99  side 2    Res =  0.1643E-03
 MRCHDU: Convergence failed at 100  side 2    Res =  0.5291E-03
 MRCHDU: Convergence failed at 101  side 2    Res =  0.1198E-03
 MRCHDU: Convergence failed at 102  side 2    Res =  0.1119E-04
 Side 1 forced transition at x/c =  1.0000   77
 Side 2  free  transition at x/c =  0.0413   24

 220   rms: 0.1320E+12   max: 0.3114E+13   T at   81  2   RLX: 0.000
       a = 10.000      CL = -0.4219
      Cm =  0.0098     CD =+Infinity   =>   CDf =  0.00568    CDp =+Infinity

 MRCHDU: Convergence failed at  27  side 2    Res =  0.7211E-01
 MRCHDU: Convergence failed at  28  side 2    Res =  0.3673E-01
 MRCHDU: Convergence failed at  29  side 2    Res =  0.3539E-01
 MRCHDU: Convergence failed at  30  side 2    Res =  0.1226E-02
 MRCHDU: Convergence failed at  31  side 2    Res =  0.4026E-03
 MRCHDU: Convergence failed at  32  side 2    Res =  0.1908E-03
 MRCHDU: Convergence failed at  33  side 2    Res =  0.2049E-03
 MRCHDU: Convergence failed at  34  side 2    Res =  0.1654E-02
 MRCHDU: Convergence failed at  35  side 2    Res =  0.1665E-02
 MRCHDU: Convergence failed at  36  side 2    Res =  0.1525E-02
 MRCHDU: Convergence failed at  37  side 2    Res =  0.1351E-01
 MRCHDU: Convergence failed at  74  side 2    Res =  0.5591E-01
 MRCHDU: Convergence failed at  75  side 2    Res =  0.4116E-02
 MRCHDU: Convergence failed at  76  side 2    Res =  0.8899E-03
 MRCHDU: Convergence failed at  77  side 2    Res =  0.5004E-03
 MRCHDU: Convergence failed at  79  side 2    Res =  0.5818E-05
 MRCHDU: Convergence failed at  91  side 2    Res =  0.3083E-04
 MRCHDU: Convergence failed at  92  side 2    Res =  0.2574E-04
 MRCHDU: Convergence failed at  93  side 2    Res =  0.5975E-04
 MRCHDU: Convergence failed at  94  side 2    Res =  0.3680E-04
 MRCHDU: Convergence failed at  95  side 2    Res =  0.9518E-04
 MRCHDU: Convergence failed at  96  side 2    Res =  0.7158E-04
 MRCHDU: Convergence failed at  97  side 2    Res =  0.1492E-03
 MRCHDU: Convergence failed at  98  side 2    Res =  0.1811E-03
 MRCHDU: Convergence failed at  99  side 2    Res =  0.1643E-03
 MRCHDU: Convergence failed at 100  side 2    Res =  0.5291E-03
 MRCHDU: Convergence failed at 101  side 2    Res =  0.1198E-03
 MRCHDU: Convergence failed at 102  side 2    Res =  0.1120E-04
 Side 1 forced transition at x/c =  1.0000   77
 Side 2  free  transition at x/c =  0.0413   24

 221   rms: 0.5512E+11   max: 0.1449E+13   T at   80  2   RLX: 0.000
       a = 10.000      CL = -0.4219
      Cm =  0.0098     CD =+Infinity   =>   CDf =  0.00568    CDp =+Infinity

 MRCHDU: Convergence failed at  27  side 2    Res =  0.7211E-01
 MRCHDU: Convergence failed at  28  side 2    Res =  0.3673E-01
 MRCHDU: Convergence failed at  29  side 2    Res =  0.3539E-01
 MRCHDU: Convergence failed at  30  side 2    Res =  0.1226E-02
 MRCHDU: Convergence failed at  31  side 2    Res =  0.4026E-03
 MRCHDU: Convergence failed at  32  side 2    Res =  0.1908E-03
 MRCHDU: Convergence failed at  33  side 2    Res =  0.2049E-03
 MRCHDU: Convergence failed at  34  side 2    Res =  0.1654E-02
 MRCHDU: Convergence failed at  35  side 2    Res =  0.1665E-02
 MRCHDU: Convergence failed at  36  side 2    Res =  0.1525E-02
 MRCHDU: Convergence failed at  37  side 2    Res =  0.1351E-01
 MRCHDU: Convergence failed at  74  side 2    Res =  0.5595E-01
 MRCHDU: Convergence failed at  75  side 2    Res =  0.4116E-02
 MRCHDU: Convergence failed at  76  side 2    Res =  0.8898E-03
 MRCHDU: Convergence failed at  77  side 2    Res =  0.5002E-03
 MRCHDU: Convergence failed at  79  side 2    Res =  0.5831E-05
 MRCHDU: Convergence failed at  91  side 2    Res =  0.3083E-04
 MRCHDU: Convergence failed at  92  side 2    Res =  0.2574E-04
 MRCHDU: Convergence failed at  93  side 2    Res =  0.5975E-04
 MRCHDU: Convergence failed at  94  side 2    Res =  0.3680E-04
 MRCHDU: Convergence failed at  95  side 2    Res =  0.9517E-04
 MRCHDU: Convergence failed at  96  side 2    Res =  0.7158E-04
 MRCHDU: Convergence failed at  97  side 2    Res =  0.1492E-03
 MRCHDU: Convergence failed at  98  side 2    Res =  0.1811E-03
 MRCHDU: Convergence failed at  99  side 2    Res =  0.1642E-03
 MRCHDU: Convergence failed at 100  side 2    Res =  0.5291E-03
 MRCHDU: Convergence failed at 101  side 2    Res =  0.1198E-03
 MRCHDU: Convergence failed at 102  side 2    Res =  0.1119E-04
 Side 1 forced transition at x/c =  1.0000   77
 Side 2  free  transition at x/c =  0.0413   24

 222   rms: 0.2783E+12   max: 0.7442E+13   T at   81  2   RLX: 0.000
       a = 10.000      CL = -0.4219
      Cm =  0.0098     CD =+Infinity   =>   CDf =  0.00568    CDp =+Infinity

 MRCHDU: Convergence failed at  27  side 2    Res =  0.7211E-01
 MRCHDU: Convergence failed at  28  side 2    Res =  0.3673E-01
 MRCHDU: Convergence failed at  29  side 2    Res =  0.3539E-01
 MRCHDU: Convergence failed at  30  side 2    Res =  0.1226E-02
 MRCHDU: Convergence failed at  31  side 2    Res =  0.4026E-03
 MRCHDU: Convergence failed at  32  side 2    Res =  0.1908E-03
 MRCHDU: Convergence failed at  33  side 2    Res =  0.2049E-03
 MRCHDU: Convergence failed at  34  side 2    Res =  0.1654E-02
 MRCHDU: Convergence failed at  35  side 2    Res =  0.1665E-02
 MRCHDU: Convergence failed at  36  side 2    Res =  0.1526E-02
 MRCHDU: Convergence failed at  37  side 2    Res =  0.1352E-01
 MRCHDU: Convergence failed at  74  side 2    Res =  0.5534E-01
 MRCHDU: Convergence failed at  75  side 2    Res =  0.4120E-02
 MRCHDU: Convergence failed at  76  side 2    Res =  0.8911E-03
 MRCHDU: Convergence failed at  77  side 2    Res =  0.5013E-03
 MRCHDU: Convergence failed at  79  side 2    Res =  0.5825E-05
 MRCHDU: Convergence failed at  91  side 2    Res =  0.3087E-04
 MRCHDU: Convergence failed at  92  side 2    Res =  0.2578E-04
 MRCHDU: Convergence failed at  93  side 2    Res =  0.5983E-04
 MRCHDU: Convergence failed at  94  side 2    Res =  0.3685E-04
 MRCHDU: Convergence failed at  95  side 2    Res =  0.9531E-04
 MRCHDU: Convergence failed at  96  side 2    Res =  0.7169E-04
 MRCHDU: Convergence failed at  97  side 2    Res =  0.1495E-03
 MRCHDU: Convergence failed at  98  side 2    Res =  0.1814E-03
 MRCHDU: Convergence failed at  99  side 2    Res =  0.1646E-03
 MRCHDU: Convergence failed at 100  side 2    Res =  0.5301E-03
 MRCHDU: Convergence failed at 101  side 2    Res =  0.1201E-03
 MRCHDU: Convergence failed at 102  side 2    Res =  0.1122E-04
 Side 1 forced transition at x/c =  1.0000   77
 Side 2  free  transition at x/c =  0.0413   24

 223   rms: 0.1170E+12   max: -.3019E+13   T at   81  2   RLX: 0.000
       a = 10.000      CL = -0.4219
      Cm =  0.0098     CD =+Infinity   =>   CDf =  0.00568    CDp =+Infinity

 MRCHDU: Convergence failed at  27  side 2    Res =  0.7211E-01
 MRCHDU: Convergence failed at  28  side 2    Res =  0.3673E-01
 MRCHDU: Convergence failed at  29  side 2    Res =  0.3538E-01
 MRCHDU: Convergence failed at  30  side 2    Res =  0.1226E-02
 MRCHDU: Convergence failed at  31  side 2    Res =  0.4026E-03
 MRCHDU: Convergence failed at  32  side 2    Res =  0.1908E-03
 MRCHDU: Convergence failed at  33  side 2    Res =  0.2048E-03
 MRCHDU: Convergence failed at  34  side 2    Res =  0.1654E-02
 MRCHDU: Convergence failed at  35  side 2    Res =  0.1665E-02
 MRCHDU: Convergence failed at  36  side 2    Res =  0.1526E-02
 MRCHDU: Convergence failed at  37  side 2    Res =  0.1352E-01
 MRCHDU: Convergence failed at  74  side 2    Res =  0.5524E-01
 MRCHDU: Convergence failed at  75  side 2    Res =  0.4120E-02
 MRCHDU: Convergence failed at  76  side 2    Res =  0.8911E-03
 MRCHDU: Convergence failed at  77  side 2    Res =  0.5013E-03
 MRCHDU: Convergence failed at  79  side 2    Res =  0.5837E-05
 MRCHDU: Convergence failed at  91  side 2    Res =  0.3087E-04
 MRCHDU: Convergence failed at  92  side 2    Res =  0.2578E-04
 MRCHDU: Convergence failed at  93  side 2    Res =  0.5983E-04
 MRCHDU: Convergence failed at  94  side 2    Res =  0.3685E-04
 MRCHDU: Convergence failed at  95  side 2    Res =  0.9530E-04
 MRCHDU: Convergence failed at  96  side 2    Res =  0.7169E-04
 MRCHDU: Convergence failed at  97  side 2    Res =  0.1495E-03
 MRCHDU: Convergence failed at  98  side 2    Res =  0.1814E-03
 MRCHDU: Convergence failed at  99  side 2    Res =  0.1645E-03
 MRCHDU: Convergence failed at 100  side 2    Res =  0.5301E-03
 MRCHDU: Convergence failed at 101  side 2    Res =  0.1201E-03
 MRCHDU: Convergence failed at 102  side 2    Res =  0.1122E-04
 Side 1 forced transition at x/c =  1.0000   77
 Side 2  free  transition at x/c =  0.0413   24

 224   rms: 0.5182E+12   max: 0.1388E+14   T at   81  2   RLX: 0.000
       a = 10.000      CL = -0.4219
      Cm =  0.0098     CD =+Infinity   =>   CDf =  0.00568    CDp =+Infinity

 MRCHDU: Convergence failed at  27  side 2    Res =  0.7211E-01
 MRCHDU: Convergence failed at  28  side 2    Res =  0.3673E-01
 MRCHDU: Convergence failed at  29  side 2    Res =  0.3539E-01
 MRCHDU: Convergence failed at  30  side 2    Res =  0.1226E-02
 MRCHDU: Convergence failed at  31  side 2    Res =  0.4026E-03
 MRCHDU: Convergence failed at  32  side 2    Res =  0.1908E-03
 MRCHDU: Convergence failed at  33  side 2    Res =  0.2048E-03
 MRCHDU: Convergence failed at  34  side 2    Res =  0.1654E-02
 MRCHDU: Convergence failed at  35  side 2    Res =  0.1665E-02
 MRCHDU: Convergence failed at  36  side 2    Res =  0.1526E-02
 MRCHDU: Convergence failed at  37  side 2    Res =  0.1352E-01
 MRCHDU: Convergence failed at  74  side 2    Res =  0.5531E-01
 MRCHDU: Convergence failed at  75  side 2    Res =  0.4120E-02
 MRCHDU: Convergence failed at  76  side 2    Res =  0.8911E-03
 MRCHDU: Convergence failed at  77  side 2    Res =  0.5013E-03
 MRCHDU: Convergence failed at  79  side 2    Res =  0.5837E-05
 MRCHDU: Convergence failed at  91  side 2    Res =  0.3087E-04
 MRCHDU: Convergence failed at  92  side 2    Res =  0.2578E-04
 MRCHDU: Convergence failed at  93  side 2    Res =  0.5983E-04
 MRCHDU: Convergence failed at  94  side 2    Res =  0.3685E-04
 MRCHDU: Convergence failed at  95  side 2    Res =  0.9531E-04
 MRCHDU: Convergence failed at  96  side 2    Res =  0.7169E-04
 MRCHDU: Convergence failed at  97  side 2    Res =  0.1495E-03
 MRCHDU: Convergence failed at  98  side 2    Res =  0.1814E-03
 MRCHDU: Convergence failed at  99  side 2    Res =  0.1645E-03
 MRCHDU: Convergence failed at 100  side 2    Res =  0.5301E-03
 MRCHDU: Convergence failed at 101  side 2    Res =  0.1201E-03
 MRCHDU: Convergence failed at 102  side 2    Res =  0.1122E-04
 Side 1 forced transition at x/c =  1.0000   77
 Side 2  free  transition at x/c =  0.0413   24

 225   rms: 0.8044E+11   max: 0.2098E+13   T at   81  2   RLX: 0.000
       a = 10.000      CL = -0.4219
      Cm =  0.0098     CD =+Infinity   =>   CDf =  0.00568    CDp =+Infinity

 MRCHDU: Convergence failed at  27  side 2    Res =  0.7211E-01
 MRCHDU: Convergence failed at  28  side 2    Res =  0.3673E-01
 MRCHDU: Convergence failed at  29  side 2    Res =  0.3538E-01
 MRCHDU: Convergence failed at  30  side 2    Res =  0.1226E-02
 MRCHDU: Convergence failed at  31  side 2    Res =  0.4026E-03
 MRCHDU: Convergence failed at  32  side 2    Res =  0.1908E-03
 MRCHDU: Convergence failed at  33  side 2    Res =  0.2048E-03
 MRCHDU: Convergence failed at  34  side 2    Res =  0.1654E-02
 MRCHDU: Convergence failed at  35  side 2    Res =  0.1665E-02
 MRCHDU: Convergence failed at  36  side 2    Res =  0.1526E-02
 MRCHDU: Convergence failed at  37  side 2    Res =  0.1352E-01
 MRCHDU: Convergence failed at  74  side 2    Res =  0.5522E-01
 MRCHDU: Convergence failed at  75  side 2    Res =  0.4120E-02
 MRCHDU: Convergence failed at  76  side 2    Res =  0.8912E-03
 MRCHDU: Convergence failed at  77  side 2    Res =  0.5014E-03
 MRCHDU: Convergence failed at  79  side 2    Res =  0.5825E-05
 MRCHDU: Convergence failed at  91  side 2    Res =  0.3088E-04
 MRCHDU: Convergence failed at  92  side 2    Res =  0.2578E-04
 MRCHDU: Convergence failed at  93  side 2    Res =  0.5985E-04
 MRCHDU: Convergence failed at  94  side 2    Res =  0.3686E-04
 MRCHDU: Convergence failed at  95  side 2    Res =  0.9534E-04
 MRCHDU: Convergence failed at  96  side 2    Res =  0.7171E-04
 MRCHDU: Convergence failed at  97  side 2    Res =  0.1495E-03
 MRCHDU: Convergence failed at  98  side 2    Res =  0.1815E-03
 MRCHDU: Convergence failed at  99  side 2    Res =  0.1646E-03
 MRCHDU: Convergence failed at 100  side 2    Res =  0.5304E-03
 MRCHDU: Convergence failed at 101  side 2    Res =  0.1201E-03
 MRCHDU: Convergence failed at 102  side 2    Res =  0.1122E-04
 Side 1 forced transition at x/c =  1.0000   77
 Side 2  free  transition at x/c =  0.0413   24

 226   rms: 0.2967E+11   max: 0.7052E+12   T at   81  2   RLX: 0.000
       a = 10.000      CL = -0.4219
      Cm =  0.0098     CD =+Infinity   =>   CDf =  0.00568    CDp =+Infinity

 MRCHDU: Convergence failed at  27  side 2    Res =  0.7211E-01
 MRCHDU: Convergence failed at  28  side 2    Res =  0.3673E-01
 MRCHDU: Convergence failed at  29  side 2    Res =  0.3539E-01
 MRCHDU: Convergence failed at  30  side 2    Res =  0.1226E-02
 MRCHDU: Convergence failed at  31  side 2    Res =  0.4026E-03
 MRCHDU: Convergence failed at  32  side 2    Res =  0.1908E-03
 MRCHDU: Convergence failed at  33  side 2    Res =  0.2049E-03
 MRCHDU: Convergence failed at  34  side 2    Res =  0.1654E-02
 MRCHDU: Convergence failed at  35  side 2    Res =  0.1665E-02
 MRCHDU: Convergence failed at  36  side 2    Res =  0.1526E-02
 MRCHDU: Convergence failed at  37  side 2    Res =  0.1352E-01
 MRCHDU: Convergence failed at  74  side 2    Res =  0.5522E-01
 MRCHDU: Convergence failed at  75  side 2    Res =  0.4121E-02
 MRCHDU: Convergence failed at  76  side 2    Res =  0.8913E-03
 MRCHDU: Convergence failed at  77  side 2    Res =  0.5015E-03
 MRCHDU: Convergence failed at  79  side 2    Res =  0.5824E-05
 MRCHDU: Convergence failed at  91  side 2    Res =  0.3088E-04
 MRCHDU: Convergence failed at  92  side 2    Res =  0.2579E-04
 MRCHDU: Convergence failed at  93  side 2    Res =  0.5985E-04
 MRCHDU: Convergence failed at  94  side 2    Res =  0.3687E-04
 MRCHDU: Convergence failed at  95  side 2    Res =  0.9535E-04
 MRCHDU: Convergence failed at  96  side 2    Res =  0.7172E-04
 MRCHDU: Convergence failed at  97  side 2    Res =  0.1495E-03
 MRCHDU: Convergence failed at  98  side 2    Res =  0.1815E-03
 MRCHDU: Convergence failed at  99  side 2    Res =  0.1646E-03
 MRCHDU: Convergence failed at 100  side 2    Res =  0.5304E-03
 MRCHDU: Convergence failed at 101  side 2    Res =  0.1201E-03
 MRCHDU: Convergence failed at 102  side 2    Res =  0.1122E-04
 Side 1 forced transition at x/c =  1.0000   77
 Side 2  free  transition at x/c =  0.0413   24

 227   rms: 0.4794E+11   max: -.1272E+13   T at   81  2   RLX: 0.000
       a = 10.000      CL = -0.4219
      Cm =  0.0098     CD =+Infinity   =>   CDf =  0.00568    CDp =+Infinity

 MRCHDU: Convergence failed at  27  side 2    Res =  0.7211E-01
 MRCHDU: Convergence failed at  28  side 2    Res =  0.3673E-01
 MRCHDU: Convergence failed at  29  side 2    Res =  0.3538E-01
 MRCHDU: Convergence failed at  30  side 2    Res =  0.1226E-02
 MRCHDU: Convergence failed at  31  side 2    Res =  0.4026E-03
 MRCHDU: Convergence failed at  32  side 2    Res =  0.1908E-03
 MRCHDU: Convergence failed at  33  side 2    Res =  0.2048E-03
 MRCHDU: Convergence failed at  34  side 2    Res =  0.1654E-02
 MRCHDU: Convergence failed at  35  side 2    Res =  0.1665E-02
 MRCHDU: Convergence failed at  36  side 2    Res =  0.1526E-02
 MRCHDU: Convergence failed at  37  side 2    Res =  0.1352E-01
 MRCHDU: Convergence failed at  74  side 2    Res =  0.5524E-01
 MRCHDU: Convergence failed at  75  side 2    Res =  0.4120E-02
 MRCHDU: Convergence failed at  76  side 2    Res =  0.8912E-03
 MRCHDU: Convergence failed at  77  side 2    Res =  0.5014E-03
 MRCHDU: Convergence failed at  79  side 2    Res =  0.5824E-05
 MRCHDU: Convergence failed at  91  side 2    Res =  0.3087E-04
 MRCHDU: Convergence failed at  92  side 2    Res =  0.2578E-04
 MRCHDU: Convergence failed at  93  side 2    Res =  0.5985E-04
 MRCHDU: Convergence failed at  94  side 2    Res =  0.3686E-04
 MRCHDU: Convergence failed at  95  side 2    Res =  0.9534E-04
 MRCHDU: Convergence failed at  96  side 2    Res =  0.7171E-04
 MRCHDU: Convergence failed at  97  side 2    Res =  0.1495E-03
 MRCHDU: Convergence failed at  98  side 2    Res =  0.1815E-03
 MRCHDU: Convergence failed at  99  side 2    Res =  0.1646E-03
 MRCHDU: Convergence failed at 100  side 2    Res =  0.5303E-03
 MRCHDU: Convergence failed at 101  side 2    Res =  0.1201E-03
 MRCHDU: Convergence failed at 102  side 2    Res =  0.1122E-04
 Side 1 forced transition at x/c =  1.0000   77
 Side 2  free  transition at x/c =  0.0413   24

 228   rms: 0.5112E+11   max: -.1103E+13   T at   81  2   RLX: 0.000
       a = 10.000      CL = -0.4219
      Cm =  0.0098     CD =+Infinity   =>   CDf =  0.00568    CDp =+Infinity

 MRCHDU: Convergence failed at  27  side 2    Res =  0.7211E-01
 MRCHDU: Convergence failed at  28  side 2    Res =  0.3673E-01
 MRCHDU: Convergence failed at  29  side 2    Res =  0.3538E-01
 MRCHDU: Convergence failed at  30  side 2    Res =  0.1226E-02
 MRCHDU: Convergence failed at  31  side 2    Res =  0.4026E-03
 MRCHDU: Convergence failed at  32  side 2    Res =  0.1908E-03
 MRCHDU: Convergence failed at  33  side 2    Res =  0.2048E-03
 MRCHDU: Convergence failed at  34  side 2    Res =  0.1654E-02
 MRCHDU: Convergence failed at  35  side 2    Res =  0.1665E-02
 MRCHDU: Convergence failed at  36  side 2    Res =  0.1526E-02
 MRCHDU: Convergence failed at  37  side 2    Res =  0.1352E-01
 MRCHDU: Convergence failed at  74  side 2    Res =  0.5524E-01
 MRCHDU: Convergence failed at  75  side 2    Res =  0.4120E-02
 MRCHDU: Convergence failed at  76  side 2    Res =  0.8911E-03
 MRCHDU: Convergence failed at  77  side 2    Res =  0.5013E-03
 MRCHDU: Convergence failed at  79  side 2    Res =  0.5825E-05
 MRCHDU: Convergence failed at  91  side 2    Res =  0.3087E-04
 MRCHDU: Convergence failed at  92  side 2    Res =  0.2578E-04
 MRCHDU: Convergence failed at  93  side 2    Res =  0.5984E-04
 MRCHDU: Convergence failed at  94  side 2    Res =  0.3686E-04
 MRCHDU: Convergence failed at  95  side 2    Res =  0.9533E-04
 MRCHDU: Convergence failed at  96  side 2    Res =  0.7171E-04
 MRCHDU: Convergence failed at  97  side 2    Res =  0.1495E-03
 MRCHDU: Convergence failed at  98  side 2    Res =  0.1815E-03
 MRCHDU: Convergence failed at  99  side 2    Res =  0.1646E-03
 MRCHDU: Convergence failed at 100  side 2    Res =  0.5303E-03
 MRCHDU: Convergence failed at 101  side 2    Res =  0.1201E-03
 MRCHDU: Convergence failed at 102  side 2    Res =  0.1122E-04
 Side 1 forced transition at x/c =  1.0000   77
 Side 2  free  transition at x/c =  0.0413   24

 229   rms: 0.1614E+11   max: -.2657E+12   T at   79  2   RLX: 0.000
       a = 10.000      CL = -0.4219
      Cm =  0.0098     CD =+Infinity   =>   CDf =  0.00568    CDp =+Infinity

 MRCHDU: Convergence failed at  27  side 2    Res =  0.7211E-01
 MRCHDU: Convergence failed at  28  side 2    Res =  0.3673E-01
 MRCHDU: Convergence failed at  29  side 2    Res =  0.3539E-01
 MRCHDU: Convergence failed at  30  side 2    Res =  0.1226E-02
 MRCHDU: Convergence failed at  31  side 2    Res =  0.4026E-03
 MRCHDU: Convergence failed at  32  side 2    Res =  0.1908E-03
 MRCHDU: Convergence failed at  33  side 2    Res =  0.2049E-03
 MRCHDU: Convergence failed at  34  side 2    Res =  0.1654E-02
 MRCHDU: Convergence failed at  35  side 2    Res =  0.1665E-02
 MRCHDU: Convergence failed at  36  side 2    Res =  0.1525E-02
 MRCHDU: Convergence failed at  37  side 2    Res =  0.1351E-01
 MRCHDU: Convergence failed at  74  side 2    Res =  0.5507E-01
 MRCHDU: Convergence failed at  75  side 2    Res =  0.4124E-02
 MRCHDU: Convergence failed at  76  side 2    Res =  0.8922E-03
 MRCHDU: Convergence failed at  77  side 2    Res =  0.5022E-03
 MRCHDU: Convergence failed at  79  side 2    Res =  0.5790E-05
 MRCHDU: Convergence failed at  91  side 2    Res =  0.3088E-04
 MRCHDU: Convergence failed at  92  side 2    Res =  0.2578E-04
 MRCHDU: Convergence failed at  93  side 2    Res =  0.5985E-04
 MRCHDU: Convergence failed at  94  side 2    Res =  0.3686E-04
 MRCHDU: Convergence failed at  95  side 2    Res =  0.9534E-04
 MRCHDU: Convergence failed at  96  side 2    Res =  0.7171E-04
 MRCHDU: Convergence failed at  97  side 2    Res =  0.1495E-03
 MRCHDU: Convergence failed at  98  side 2    Res =  0.1815E-03
 MRCHDU: Convergence failed at  99  side 2    Res =  0.1646E-03
 MRCHDU: Convergence failed at 100  side 2    Res =  0.5303E-03
 MRCHDU: Convergence failed at 101  side 2    Res =  0.1201E-03
 MRCHDU: Convergence failed at 102  side 2    Res =  0.1122E-04
 Side 1 forced transition at x/c =  1.0000   77
 Side 2  free  transition at x/c =  0.0413   24

 230   rms: 0.9537E+11   max: -.2561E+13   T at   81  2   RLX: 0.000
       a = 10.000      CL = -0.4219
      Cm =  0.0098     CD =+Infinity   =>   CDf =  0.00568    CDp =+Infinity

 MRCHDU: Convergence failed at  27  side 2    Res =  0.7211E-01
 MRCHDU: Convergence failed at  28  side 2    Res =  0.3673E-01
 MRCHDU: Convergence failed at  29  side 2    Res =  0.3539E-01
 MRCHDU: Convergence failed at  30  side 2    Res =  0.1226E-02
 MRCHDU: Convergence failed at  31  side 2    Res =  0.4026E-03
 MRCHDU: Convergence failed at  32  side 2    Res =  0.1908E-03
 MRCHDU: Convergence failed at  33  side 2    Res =  0.2049E-03
 MRCHDU: Convergence failed at  34  side 2    Res =  0.1654E-02
 MRCHDU: Convergence failed at  35  side 2    Res =  0.1665E-02
 MRCHDU: Convergence failed at  36  side 2    Res =  0.1525E-02
 MRCHDU: Convergence failed at  37  side 2    Res =  0.1351E-01
 MRCHDU: Convergence failed at  74  side 2    Res =  0.5513E-01
 MRCHDU: Convergence failed at  75  side 2    Res =  0.4124E-02
 MRCHDU: Convergence failed at  76  side 2    Res =  0.8921E-03
 MRCHDU: Convergence failed at  77  side 2    Res =  0.5021E-03
 MRCHDU: Convergence failed at  79  side 2    Res =  0.5789E-05
 MRCHDU: Convergence failed at  91  side 2    Res =  0.3088E-04
 MRCHDU: Convergence failed at  92  side 2    Res =  0.2578E-04
 MRCHDU: Convergence failed at  93  side 2    Res =  0.5984E-04
 MRCHDU: Convergence failed at  94  side 2    Res =  0.3686E-04
 MRCHDU: Convergence failed at  95  side 2    Res =  0.9533E-04
 MRCHDU: Convergence failed at  96  side 2    Res =  0.7170E-04
 MRCHDU: Convergence failed at  97  side 2    Res =  0.1495E-03
 MRCHDU: Convergence failed at  98  side 2    Res =  0.1815E-03
 MRCHDU: Convergence failed at  99  side 2    Res =  0.1646E-03
 MRCHDU: Convergence failed at 100  side 2    Res =  0.5303E-03
 MRCHDU: Convergence failed at 101  side 2    Res =  0.1201E-03
 MRCHDU: Convergence failed at 102  side 2    Res =  0.1122E-04
 Side 1 forced transition at x/c =  1.0000   77
 Side 2  free  transition at x/c =  0.0413   24

 231   rms: 0.4660E+11   max: -.1223E+13   T at   81  2   RLX: 0.000
       a = 10.000      CL = -0.4219
      Cm =  0.0098     CD =+Infinity   =>   CDf =  0.00568    CDp =+Infinity

 MRCHDU: Convergence failed at  27  side 2    Res =  0.7211E-01
 MRCHDU: Convergence failed at  28  side 2    Res =  0.3673E-01
 MRCHDU: Convergence failed at  29  side 2    Res =  0.3539E-01
 MRCHDU: Convergence failed at  30  side 2    Res =  0.1226E-02
 MRCHDU: Convergence failed at  31  side 2    Res =  0.4026E-03
 MRCHDU: Convergence failed at  32  side 2    Res =  0.1908E-03
 MRCHDU: Convergence failed at  33  side 2    Res =  0.2049E-03
 MRCHDU: Convergence failed at  34  side 2    Res =  0.1654E-02
 MRCHDU: Convergence failed at  35  side 2    Res =  0.1665E-02
 MRCHDU: Convergence failed at  36  side 2    Res =  0.1525E-02
 MRCHDU: Convergence failed at  37  side 2    Res =  0.1351E-01
 MRCHDU: Convergence failed at  74  side 2    Res =  0.5511E-01
 MRCHDU: Convergence failed at  75  side 2    Res =  0.4124E-02
 MRCHDU: Convergence failed at  76  side 2    Res =  0.8922E-03
 MRCHDU: Convergence failed at  77  side 2    Res =  0.5022E-03
 MRCHDU: Convergence failed at  79  side 2    Res =  0.5789E-05
 MRCHDU: Convergence failed at  91  side 2    Res =  0.3087E-04
 MRCHDU: Convergence failed at  92  side 2    Res =  0.2578E-04
 MRCHDU: Convergence failed at  93  side 2    Res =  0.5984E-04
 MRCHDU: Convergence failed at  94  side 2    Res =  0.3686E-04
 MRCHDU: Convergence failed at  95  side 2    Res =  0.9532E-04
 MRCHDU: Convergence failed at  96  side 2    Res =  0.7169E-04
 MRCHDU: Convergence failed at  97  side 2    Res =  0.1495E-03
 MRCHDU: Convergence failed at  98  side 2    Res =  0.1814E-03
 MRCHDU: Convergence failed at  99  side 2    Res =  0.1646E-03
 MRCHDU: Convergence failed at 100  side 2    Res =  0.5302E-03
 MRCHDU: Convergence failed at 101  side 2    Res =  0.1201E-03
 MRCHDU: Convergence failed at 102  side 2    Res =  0.1122E-04
 Side 1 forced transition at x/c =  1.0000   77
 Side 2  free  transition at x/c =  0.0413   24

 232   rms: 0.8972E+11   max: 0.2263E+13   T at   81  2   RLX: 0.000
       a = 10.000      CL = -0.4219
      Cm =  0.0098     CD =+Infinity   =>   CDf =  0.00568    CDp =+Infinity

 MRCHDU: Convergence failed at  27  side 2    Res =  0.7211E-01
 MRCHDU: Convergence failed at  28  side 2    Res =  0.3673E-01
 MRCHDU: Convergence failed at  29  side 2    Res =  0.3539E-01
 MRCHDU: Convergence failed at  30  side 2    Res =  0.1226E-02
 MRCHDU: Convergence failed at  31  side 2    Res =  0.4026E-03
 MRCHDU: Convergence failed at  32  side 2    Res =  0.1908E-03
 MRCHDU: Convergence failed at  33  side 2    Res =  0.2049E-03
 MRCHDU: Convergence failed at  34  side 2    Res =  0.1654E-02
 MRCHDU: Convergence failed at  35  side 2    Res =  0.1665E-02
 MRCHDU: Convergence failed at  36  side 2    Res =  0.1525E-02
 MRCHDU: Convergence failed at  37  side 2    Res =  0.1351E-01
 MRCHDU: Convergence failed at  74  side 2    Res =  0.5509E-01
 MRCHDU: Convergence failed at  75  side 2    Res =  0.4124E-02
 MRCHDU: Convergence failed at  76  side 2    Res =  0.8922E-03
 MRCHDU: Convergence failed at  77  side 2    Res =  0.5022E-03
 MRCHDU: Convergence failed at  79  side 2    Res =  0.5790E-05
 MRCHDU: Convergence failed at  91  side 2    Res =  0.3087E-04
 MRCHDU: Convergence failed at  92  side 2    Res =  0.2578E-04
 MRCHDU: Convergence failed at  93  side 2    Res =  0.5984E-04
 MRCHDU: Convergence failed at  94  side 2    Res =  0.3686E-04
 MRCHDU: Convergence failed at  95  side 2    Res =  0.9532E-04
 MRCHDU: Convergence failed at  96  side 2    Res =  0.7169E-04
 MRCHDU: Convergence failed at  97  side 2    Res =  0.1495E-03
 MRCHDU: Convergence failed at  98  side 2    Res =  0.1814E-03
 MRCHDU: Convergence failed at  99  side 2    Res =  0.1646E-03
 MRCHDU: Convergence failed at 100  side 2    Res =  0.5302E-03
 MRCHDU: Convergence failed at 101  side 2    Res =  0.1201E-03
 MRCHDU: Convergence failed at 102  side 2    Res =  0.1122E-04
 Side 1 forced transition at x/c =  1.0000   77
 Side 2  free  transition at x/c =  0.0413   24

 233   rms: 0.1036E+12   max: 0.2801E+13   T at   81  2   RLX: 0.000
       a = 10.000      CL = -0.4219
      Cm =  0.0098     CD =+Infinity   =>   CDf =  0.00568    CDp =+Infinity

 MRCHDU: Convergence failed at  27  side 2    Res =  0.7211E-01
 MRCHDU: Convergence failed at  28  side 2    Res =  0.3673E-01
 MRCHDU: Convergence failed at  29  side 2    Res =  0.3539E-01
 MRCHDU: Convergence failed at  30  side 2    Res =  0.1226E-02
 MRCHDU: Convergence failed at  31  side 2    Res =  0.4026E-03
 MRCHDU: Convergence failed at  32  side 2    Res =  0.1908E-03
 MRCHDU: Convergence failed at  33  side 2    Res =  0.2049E-03
 MRCHDU: Convergence failed at  34  side 2    Res =  0.1654E-02
 MRCHDU: Convergence failed at  35  side 2    Res =  0.1665E-02
 MRCHDU: Convergence failed at  36  side 2    Res =  0.1525E-02
 MRCHDU: Convergence failed at  37  side 2    Res =  0.1350E-01
 MRCHDU: Convergence failed at  74  side 2    Res =  0.5532E-01
 MRCHDU: Convergence failed at  75  side 2    Res =  0.4123E-02
 MRCHDU: Convergence failed at  76  side 2    Res =  0.8918E-03
 MRCHDU: Convergence failed at  77  side 2    Res =  0.5019E-03
 MRCHDU: Convergence failed at  79  side 2    Res =  0.5822E-05
 MRCHDU: Convergence failed at  91  side 2    Res =  0.3091E-04
 MRCHDU: Convergence failed at  92  side 2    Res =  0.2581E-04
 MRCHDU: Convergence failed at  93  side 2    Res =  0.5991E-04
 MRCHDU: Convergence failed at  94  side 2    Res =  0.3690E-04
 MRCHDU: Convergence failed at  95  side 2    Res =  0.9543E-04
 MRCHDU: Convergence failed at  96  side 2    Res =  0.7179E-04
 MRCHDU: Convergence failed at  97  side 2    Res =  0.1497E-03
 MRCHDU: Convergence failed at  98  side 2    Res =  0.1817E-03
 MRCHDU: Convergence failed at  99  side 2    Res =  0.1648E-03
 MRCHDU: Convergence failed at 100  side 2    Res =  0.5310E-03
 MRCHDU: Convergence failed at 101  side 2    Res =  0.1203E-03
 MRCHDU: Convergence failed at 102  side 2    Res =  0.1124E-04
 Side 1 forced transition at x/c =  1.0000   77
 Side 2  free  transition at x/c =  0.0413   24

 234   rms: 0.1882E+12   max: 0.4167E+13   T at   81  2   RLX: 0.000
       a = 10.000      CL = -0.4219
      Cm =  0.0098     CD =+Infinity   =>   CDf =  0.00568    CDp =+Infinity

 MRCHDU: Convergence failed at  27  side 2    Res =  0.7211E-01
 MRCHDU: Convergence failed at  28  side 2    Res =  0.3673E-01
 MRCHDU: Convergence failed at  29  side 2    Res =  0.3539E-01
 MRCHDU: Convergence failed at  30  side 2    Res =  0.1226E-02
 MRCHDU: Convergence failed at  31  side 2    Res =  0.4026E-03
 MRCHDU: Convergence failed at  32  side 2    Res =  0.1908E-03
 MRCHDU: Convergence failed at  33  side 2    Res =  0.2049E-03
 MRCHDU: Convergence failed at  34  side 2    Res =  0.1654E-02
 MRCHDU: Convergence failed at  35  side 2    Res =  0.1665E-02
 MRCHDU: Convergence failed at  36  side 2    Res =  0.1525E-02
 MRCHDU: Convergence failed at  37  side 2    Res =  0.1350E-01
 MRCHDU: Convergence failed at  74  side 2    Res =  0.5526E-01
 MRCHDU: Convergence failed at  75  side 2    Res =  0.4123E-02
 MRCHDU: Convergence failed at  76  side 2    Res =  0.8918E-03
 MRCHDU: Convergence failed at  77  side 2    Res =  0.5019E-03
 MRCHDU: Convergence failed at  79  side 2    Res =  0.5822E-05
 MRCHDU: Convergence failed at  91  side 2    Res =  0.3091E-04
 MRCHDU: Convergence failed at  92  side 2    Res =  0.2581E-04
 MRCHDU: Convergence failed at  93  side 2    Res =  0.5991E-04
 MRCHDU: Convergence failed at  94  side 2    Res =  0.3690E-04
 MRCHDU: Convergence failed at  95  side 2    Res =  0.9543E-04
 MRCHDU: Convergence failed at  96  side 2    Res =  0.7179E-04
 MRCHDU: Convergence failed at  97  side 2    Res =  0.1497E-03
 MRCHDU: Convergence failed at  98  side 2    Res =  0.1817E-03
 MRCHDU: Convergence failed at  99  side 2    Res =  0.1648E-03
 MRCHDU: Convergence failed at 100  side 2    Res =  0.5310E-03
 MRCHDU: Convergence failed at 101  side 2    Res =  0.1203E-03
 MRCHDU: Convergence failed at 102  side 2    Res =  0.1124E-04
 Side 1 forced transition at x/c =  1.0000   77
 Side 2  free  transition at x/c =  0.0413   24

 235   rms: 0.5478E+12   max: -.1463E+14   T at   81  2   RLX: 0.000
       a = 10.000      CL = -0.4219
      Cm =  0.0098     CD =+Infinity   =>   CDf =  0.00568    CDp =+Infinity

 MRCHDU: Convergence failed at  27  side 2    Res =  0.7211E-01
 MRCHDU: Convergence failed at  28  side 2    Res =  0.3673E-01
 MRCHDU: Convergence failed at  29  side 2    Res =  0.3539E-01
 MRCHDU: Convergence failed at  30  side 2    Res =  0.1226E-02
 MRCHDU: Convergence failed at  31  side 2    Res =  0.4026E-03
 MRCHDU: Convergence failed at  32  side 2    Res =  0.1908E-03
 MRCHDU: Convergence failed at  33  side 2    Res =  0.2049E-03
 MRCHDU: Convergence failed at  34  side 2    Res =  0.1654E-02
 MRCHDU: Convergence failed at  35  side 2    Res =  0.1665E-02
 MRCHDU: Convergence failed at  36  side 2    Res =  0.1525E-02
 MRCHDU: Convergence failed at  37  side 2    Res =  0.1350E-01
 MRCHDU: Convergence failed at  74  side 2    Res =  0.5526E-01
 MRCHDU: Convergence failed at  75  side 2    Res =  0.4123E-02
 MRCHDU: Convergence failed at  76  side 2    Res =  0.8918E-03
 MRCHDU: Convergence failed at  77  side 2    Res =  0.5019E-03
 MRCHDU: Convergence failed at  79  side 2    Res =  0.5820E-05
 MRCHDU: Convergence failed at  91  side 2    Res =  0.3090E-04
 MRCHDU: Convergence failed at  92  side 2    Res =  0.2580E-04
 MRCHDU: Convergence failed at  93  side 2    Res =  0.5990E-04
 MRCHDU: Convergence failed at  94  side 2    Res =  0.3690E-04
 MRCHDU: Convergence failed at  95  side 2    Res =  0.9543E-04
 MRCHDU: Convergence failed at  96  side 2    Res =  0.7178E-04
 MRCHDU: Convergence failed at  97  side 2    Res =  0.1497E-03
 MRCHDU: Convergence failed at  98  side 2    Res =  0.1817E-03
 MRCHDU: Convergence failed at  99  side 2    Res =  0.1648E-03
 MRCHDU: Convergence failed at 100  side 2    Res =  0.5310E-03
 MRCHDU: Convergence failed at 101  side 2    Res =  0.1203E-03
 MRCHDU: Convergence failed at 102  side 2    Res =  0.1124E-04
 Side 1 forced transition at x/c =  1.0000   77
 Side 2  free  transition at x/c =  0.0413   24

 236   rms: 0.3085E+11   max: 0.6072E+12   T at   80  2   RLX: 0.000
       a = 10.000      CL = -0.4219
      Cm =  0.0098     CD =+Infinity   =>   CDf =  0.00568    CDp =+Infinity

 MRCHDU: Convergence failed at  27  side 2    Res =  0.7211E-01
 MRCHDU: Convergence failed at  28  side 2    Res =  0.3673E-01
 MRCHDU: Convergence failed at  29  side 2    Res =  0.3539E-01
 MRCHDU: Convergence failed at  30  side 2    Res =  0.1226E-02
 MRCHDU: Convergence failed at  31  side 2    Res =  0.4026E-03
 MRCHDU: Convergence failed at  32  side 2    Res =  0.1908E-03
 MRCHDU: Convergence failed at  33  side 2    Res =  0.2049E-03
 MRCHDU: Convergence failed at  34  side 2    Res =  0.1654E-02
 MRCHDU: Convergence failed at  35  side 2    Res =  0.1665E-02
 MRCHDU: Convergence failed at  36  side 2    Res =  0.1525E-02
 MRCHDU: Convergence failed at  37  side 2    Res =  0.1350E-01
 MRCHDU: Convergence failed at  74  side 2    Res =  0.5519E-01
 MRCHDU: Convergence failed at  75  side 2    Res =  0.4123E-02
 MRCHDU: Convergence failed at  76  side 2    Res =  0.8919E-03
 MRCHDU: Convergence failed at  77  side 2    Res =  0.5020E-03
 MRCHDU: Convergence failed at  79  side 2    Res =  0.5815E-05
 MRCHDU: Convergence failed at  91  side 2    Res =  0.3091E-04
 MRCHDU: Convergence failed at  92  side 2    Res =  0.2580E-04
 MRCHDU: Convergence failed at  93  side 2    Res =  0.5991E-04
 MRCHDU: Convergence failed at  94  side 2    Res =  0.3690E-04
 MRCHDU: Convergence failed at  95  side 2    Res =  0.9543E-04
 MRCHDU: Convergence failed at  96  side 2    Res =  0.7178E-04
 MRCHDU: Convergence failed at  97  side 2    Res =  0.1497E-03
 MRCHDU: Convergence failed at  98  side 2    Res =  0.1817E-03
 MRCHDU: Convergence failed at  99  side 2    Res =  0.1648E-03
 MRCHDU: Convergence failed at 100  side 2    Res =  0.5310E-03
 MRCHDU: Convergence failed at 101  side 2    Res =  0.1203E-03
 MRCHDU: Convergence failed at 102  side 2    Res =  0.1124E-04
 Side 1 forced transition at x/c =  1.0000   77
 Side 2  free  transition at x/c =  0.0413   24

 237   rms: 0.1020E+12   max: 0.2725E+13   T at   81  2   RLX: 0.000
       a = 10.000      CL = -0.4219
      Cm =  0.0098     CD =+Infinity   =>   CDf =  0.00568    CDp =+Infinity

 MRCHDU: Convergence failed at  27  side 2    Res =  0.7211E-01
 MRCHDU: Convergence failed at  28  side 2    Res =  0.3673E-01
 MRCHDU: Convergence failed at  29  side 2    Res =  0.3539E-01
 MRCHDU: Convergence failed at  30  side 2    Res =  0.1226E-02
 MRCHDU: Convergence failed at  31  side 2    Res =  0.4026E-03
 MRCHDU: Convergence failed at  32  side 2    Res =  0.1908E-03
 MRCHDU: Convergence failed at  33  side 2    Res =  0.2049E-03
 MRCHDU: Convergence failed at  34  side 2    Res =  0.1654E-02
 MRCHDU: Convergence failed at  35  side 2    Res =  0.1665E-02
 MRCHDU: Convergence failed at  36  side 2    Res =  0.1525E-02
 MRCHDU: Convergence failed at  37  side 2    Res =  0.1350E-01
 MRCHDU: Convergence failed at  74  side 2    Res =  0.5511E-01
 MRCHDU: Convergence failed at  75  side 2    Res =  0.4124E-02
 MRCHDU: Convergence failed at  76  side 2    Res =  0.8922E-03
 MRCHDU: Convergence failed at  77  side 2    Res =  0.5022E-03
 MRCHDU: Convergence failed at  79  side 2    Res =  0.5818E-05
 MRCHDU: Convergence failed at  91  side 2    Res =  0.3091E-04
 MRCHDU: Convergence failed at  92  side 2    Res =  0.2581E-04
 MRCHDU: Convergence failed at  93  side 2    Res =  0.5991E-04
 MRCHDU: Convergence failed at  94  side 2    Res =  0.3690E-04
 MRCHDU: Convergence failed at  95  side 2    Res =  0.9544E-04
 MRCHDU: Convergence failed at  96  side 2    Res =  0.7179E-04
 MRCHDU: Convergence failed at  97  side 2    Res =  0.1497E-03
 MRCHDU: Convergence failed at  98  side 2    Res =  0.1817E-03
 MRCHDU: Convergence failed at  99  side 2    Res =  0.1648E-03
 MRCHDU: Convergence failed at 100  side 2    Res =  0.5311E-03
 MRCHDU: Convergence failed at 101  side 2    Res =  0.1203E-03
 MRCHDU: Convergence failed at 102  side 2    Res =  0.1124E-04
 Side 1 forced transition at x/c =  1.0000   77
 Side 2  free  transition at x/c =  0.0413   24

 238   rms: 0.3518E+12   max: -.9531E+13   T at   81  2   RLX: 0.000
       a = 10.000      CL = -0.4219
      Cm =  0.0098     CD =+Infinity   =>   CDf =  0.00568    CDp =+Infinity

 MRCHDU: Convergence failed at  27  side 2    Res =  0.7211E-01
 MRCHDU: Convergence failed at  28  side 2    Res =  0.3673E-01
 MRCHDU: Convergence failed at  29  side 2    Res =  0.3539E-01
 MRCHDU: Convergence failed at  30  side 2    Res =  0.1226E-02
 MRCHDU: Convergence failed at  31  side 2    Res =  0.4026E-03
 MRCHDU: Convergence failed at  32  side 2    Res =  0.1908E-03
 MRCHDU: Convergence failed at  33  side 2    Res =  0.2049E-03
 MRCHDU: Convergence failed at  34  side 2    Res =  0.1654E-02
 MRCHDU: Convergence failed at  35  side 2    Res =  0.1665E-02
 MRCHDU: Convergence failed at  36  side 2    Res =  0.1525E-02
 MRCHDU: Convergence failed at  37  side 2    Res =  0.1350E-01
 MRCHDU: Convergence failed at  74  side 2    Res =  0.5507E-01
 MRCHDU: Convergence failed at  75  side 2    Res =  0.4125E-02
 MRCHDU: Convergence failed at  76  side 2    Res =  0.8924E-03
 MRCHDU: Convergence failed at  77  side 2    Res =  0.5024E-03
 MRCHDU: Convergence failed at  79  side 2    Res =  0.5823E-05
 MRCHDU: Convergence failed at  91  side 2    Res =  0.3089E-04
 MRCHDU: Convergence failed at  92  side 2    Res =  0.2580E-04
 MRCHDU: Convergence failed at  93  side 2    Res =  0.5988E-04
 MRCHDU: Convergence failed at  94  side 2    Res =  0.3688E-04
 MRCHDU: Convergence failed at  95  side 2    Res =  0.9539E-04
 MRCHDU: Convergence failed at  96  side 2    Res =  0.7175E-04
 MRCHDU: Convergence failed at  97  side 2    Res =  0.1496E-03
 MRCHDU: Convergence failed at  98  side 2    Res =  0.1816E-03
 MRCHDU: Convergence failed at  99  side 2    Res =  0.1647E-03
 MRCHDU: Convergence failed at 100  side 2    Res =  0.5307E-03
 MRCHDU: Convergence failed at 101  side 2    Res =  0.1202E-03
 MRCHDU: Convergence failed at 102  side 2    Res =  0.1123E-04
 Side 1 forced transition at x/c =  1.0000   77
 Side 2  free  transition at x/c =  0.0413   24

 239   rms: 0.6234E+11   max: -.9987E+12   T at   80  2   RLX: 0.000
       a = 10.000      CL = -0.4219
      Cm =  0.0098     CD =+Infinity   =>   CDf =  0.00568    CDp =+Infinity

 MRCHDU: Convergence failed at  27  side 2    Res =  0.7211E-01
 MRCHDU: Convergence failed at  28  side 2    Res =  0.3673E-01
 MRCHDU: Convergence failed at  29  side 2    Res =  0.3539E-01
 MRCHDU: Convergence failed at  30  side 2    Res =  0.1226E-02
 MRCHDU: Convergence failed at  31  side 2    Res =  0.4026E-03
 MRCHDU: Convergence failed at  32  side 2    Res =  0.1908E-03
 MRCHDU: Convergence failed at  33  side 2    Res =  0.2049E-03
 MRCHDU: Convergence failed at  34  side 2    Res =  0.1654E-02
 MRCHDU: Convergence failed at  35  side 2    Res =  0.1665E-02
 MRCHDU: Convergence failed at  36  side 2    Res =  0.1525E-02
 MRCHDU: Convergence failed at  37  side 2    Res =  0.1350E-01
 MRCHDU: Convergence failed at  74  side 2    Res =  0.5498E-01
 MRCHDU: Convergence failed at  75  side 2    Res =  0.4125E-02
 MRCHDU: Convergence failed at  76  side 2    Res =  0.8925E-03
 MRCHDU: Convergence failed at  77  side 2    Res =  0.5025E-03
 MRCHDU: Convergence failed at  79  side 2    Res =  0.5824E-05
 MRCHDU: Convergence failed at  91  side 2    Res =  0.3089E-04
 MRCHDU: Convergence failed at  92  side 2    Res =  0.2580E-04
 MRCHDU: Convergence failed at  93  side 2    Res =  0.5988E-04
 MRCHDU: Convergence failed at  94  side 2    Res =  0.3688E-04
 MRCHDU: Convergence failed at  95  side 2    Res =  0.9539E-04
 MRCHDU: Convergence failed at  96  side 2    Res =  0.7175E-04
 MRCHDU: Convergence failed at  97  side 2    Res =  0.1496E-03
 MRCHDU: Convergence failed at  98  side 2    Res =  0.1816E-03
 MRCHDU: Convergence failed at  99  side 2    Res =  0.1647E-03
 MRCHDU: Convergence failed at 100  side 2    Res =  0.5307E-03
 MRCHDU: Convergence failed at 101  side 2    Res =  0.1202E-03
 MRCHDU: Convergence failed at 102  side 2    Res =  0.1123E-04
 Side 1 forced transition at x/c =  1.0000   77
 Side 2  free  transition at x/c =  0.0413   24

 240   rms: 0.2018E+11   max: 0.4030E+12   T at   81  2   RLX: 0.000
       a = 10.000      CL = -0.4219
      Cm =  0.0098     CD =+Infinity   =>   CDf =  0.00568    CDp =+Infinity

 MRCHDU: Convergence failed at  27  side 2    Res =  0.7211E-01
 MRCHDU: Convergence failed at  28  side 2    Res =  0.3673E-01
 MRCHDU: Convergence failed at  29  side 2    Res =  0.3538E-01
 MRCHDU: Convergence failed at  30  side 2    Res =  0.1226E-02
 MRCHDU: Convergence failed at  31  side 2    Res =  0.4026E-03
 MRCHDU: Convergence failed at  32  side 2    Res =  0.1907E-03
 MRCHDU: Convergence failed at  33  side 2    Res =  0.2048E-03
 MRCHDU: Convergence failed at  34  side 2    Res =  0.1655E-02
 MRCHDU: Convergence failed at  35  side 2    Res =  0.1665E-02
 MRCHDU: Convergence failed at  36  side 2    Res =  0.1525E-02
 MRCHDU: Convergence failed at  37  side 2    Res =  0.1351E-01
 MRCHDU: Convergence failed at  74  side 2    Res =  0.5494E-01
 MRCHDU: Convergence failed at  75  side 2    Res =  0.4124E-02
 MRCHDU: Convergence failed at  76  side 2    Res =  0.8922E-03
 MRCHDU: Convergence failed at  77  side 2    Res =  0.5023E-03
 MRCHDU: Convergence failed at  79  side 2    Res =  0.5821E-05
 MRCHDU: Convergence failed at  91  side 2    Res =  0.3090E-04
 MRCHDU: Convergence failed at  92  side 2    Res =  0.2580E-04
 MRCHDU: Convergence failed at  93  side 2    Res =  0.5989E-04
 MRCHDU: Convergence failed at  94  side 2    Res =  0.3689E-04
 MRCHDU: Convergence failed at  95  side 2    Res =  0.9541E-04
 MRCHDU: Convergence failed at  96  side 2    Res =  0.7177E-04
 MRCHDU: Convergence failed at  97  side 2    Res =  0.1496E-03
 MRCHDU: Convergence failed at  98  side 2    Res =  0.1816E-03
 MRCHDU: Convergence failed at  99  side 2    Res =  0.1648E-03
 MRCHDU: Convergence failed at 100  side 2    Res =  0.5308E-03
 MRCHDU: Convergence failed at 101  side 2    Res =  0.1202E-03
 MRCHDU: Convergence failed at 102  side 2    Res =  0.1123E-04
 Side 1 forced transition at x/c =  1.0000   77
 Side 2  free  transition at x/c =  0.0413   24

 241   rms: 0.4421E+11   max: -.1198E+13   T at   81  2   RLX: 0.000
       a = 10.000      CL = -0.4219
      Cm =  0.0098     CD =+Infinity   =>   CDf =  0.00568    CDp =+Infinity

 MRCHDU: Convergence failed at  27  side 2    Res =  0.7211E-01
 MRCHDU: Convergence failed at  28  side 2    Res =  0.3673E-01
 MRCHDU: Convergence failed at  29  side 2    Res =  0.3539E-01
 MRCHDU: Convergence failed at  30  side 2    Res =  0.1226E-02
 MRCHDU: Convergence failed at  31  side 2    Res =  0.4026E-03
 MRCHDU: Convergence failed at  32  side 2    Res =  0.1907E-03
 MRCHDU: Convergence failed at  33  side 2    Res =  0.2049E-03
 MRCHDU: Convergence failed at  34  side 2    Res =  0.1655E-02
 MRCHDU: Convergence failed at  35  side 2    Res =  0.1665E-02
 MRCHDU: Convergence failed at  36  side 2    Res =  0.1525E-02
 MRCHDU: Convergence failed at  37  side 2    Res =  0.1351E-01
 MRCHDU: Convergence failed at  74  side 2    Res =  0.5520E-01
 MRCHDU: Convergence failed at  75  side 2    Res =  0.4125E-02
 MRCHDU: Convergence failed at  76  side 2    Res =  0.8923E-03
 MRCHDU: Convergence failed at  77  side 2    Res =  0.5025E-03
 MRCHDU: Convergence failed at  79  side 2    Res =  0.5822E-05
 MRCHDU: Convergence failed at  91  side 2    Res =  0.3083E-04
 MRCHDU: Convergence failed at  92  side 2    Res =  0.2574E-04
 MRCHDU: Convergence failed at  93  side 2    Res =  0.5976E-04
 MRCHDU: Convergence failed at  94  side 2    Res =  0.3681E-04
 MRCHDU: Convergence failed at  95  side 2    Res =  0.9518E-04
 MRCHDU: Convergence failed at  96  side 2    Res =  0.7159E-04
 MRCHDU: Convergence failed at  97  side 2    Res =  0.1492E-03
 MRCHDU: Convergence failed at  98  side 2    Res =  0.1811E-03
 MRCHDU: Convergence failed at  99  side 2    Res =  0.1643E-03
 MRCHDU: Convergence failed at 100  side 2    Res =  0.5292E-03
 MRCHDU: Convergence failed at 101  side 2    Res =  0.1199E-03
 MRCHDU: Convergence failed at 102  side 2    Res =  0.1120E-04
 Side 1 forced transition at x/c =  1.0000   77
 Side 2  free  transition at x/c =  0.0413   24

 242   rms: 0.8659E+11   max: 0.2293E+13   T at   80  2   RLX: 0.000
       a = 10.000      CL = -0.4219
      Cm =  0.0098     CD =+Infinity   =>   CDf =  0.00568    CDp =+Infinity

 MRCHDU: Convergence failed at  27  side 2    Res =  0.7211E-01
 MRCHDU: Convergence failed at  28  side 2    Res =  0.3673E-01
 MRCHDU: Convergence failed at  29  side 2    Res =  0.3539E-01
 MRCHDU: Convergence failed at  30  side 2    Res =  0.1226E-02
 MRCHDU: Convergence failed at  31  side 2    Res =  0.4026E-03
 MRCHDU: Convergence failed at  32  side 2    Res =  0.1907E-03
 MRCHDU: Convergence failed at  33  side 2    Res =  0.2049E-03
 MRCHDU: Convergence failed at  34  side 2    Res =  0.1655E-02
 MRCHDU: Convergence failed at  35  side 2    Res =  0.1665E-02
 MRCHDU: Convergence failed at  36  side 2    Res =  0.1525E-02
 MRCHDU: Convergence failed at  37  side 2    Res =  0.1351E-01
 MRCHDU: Convergence failed at  74  side 2    Res =  0.5521E-01
 MRCHDU: Convergence failed at  75  side 2    Res =  0.4125E-02
 MRCHDU: Convergence failed at  76  side 2    Res =  0.8923E-03
 MRCHDU: Convergence failed at  77  side 2    Res =  0.5024E-03
 MRCHDU: Convergence failed at  79  side 2    Res =  0.5821E-05
 MRCHDU: Convergence failed at  91  side 2    Res =  0.3083E-04
 MRCHDU: Convergence failed at  92  side 2    Res =  0.2574E-04
 MRCHDU: Convergence failed at  93  side 2    Res =  0.5976E-04
 MRCHDU: Convergence failed at  94  side 2    Res =  0.3681E-04
 MRCHDU: Convergence failed at  95  side 2    Res =  0.9518E-04
 MRCHDU: Convergence failed at  96  side 2    Res =  0.7159E-04
 MRCHDU: Convergence failed at  97  side 2    Res =  0.1492E-03
 MRCHDU: Convergence failed at  98  side 2    Res =  0.1811E-03
 MRCHDU: Convergence failed at  99  side 2    Res =  0.1643E-03
 MRCHDU: Convergence failed at 100  side 2    Res =  0.5292E-03
 MRCHDU: Convergence failed at 101  side 2    Res =  0.1199E-03
 MRCHDU: Convergence failed at 102  side 2    Res =  0.1120E-04
 Side 1 forced transition at x/c =  1.0000   77
 Side 2  free  transition at x/c =  0.0413   24

 243   rms: 0.1466E+12   max: -.3830E+13   T at   81  2   RLX: 0.000
       a = 10.000      CL = -0.4219
      Cm =  0.0098     CD =+Infinity   =>   CDf =  0.00568    CDp =+Infinity

 MRCHDU: Convergence failed at  27  side 2    Res =  0.7211E-01
 MRCHDU: Convergence failed at  28  side 2    Res =  0.3673E-01
 MRCHDU: Convergence failed at  29  side 2    Res =  0.3539E-01
 MRCHDU: Convergence failed at  30  side 2    Res =  0.1226E-02
 MRCHDU: Convergence failed at  31  side 2    Res =  0.4026E-03
 MRCHDU: Convergence failed at  32  side 2    Res =  0.1907E-03
 MRCHDU: Convergence failed at  33  side 2    Res =  0.2049E-03
 MRCHDU: Convergence failed at  34  side 2    Res =  0.1655E-02
 MRCHDU: Convergence failed at  35  side 2    Res =  0.1665E-02
 MRCHDU: Convergence failed at  36  side 2    Res =  0.1525E-02
 MRCHDU: Convergence failed at  37  side 2    Res =  0.1351E-01
 MRCHDU: Convergence failed at  74  side 2    Res =  0.5523E-01
 MRCHDU: Convergence failed at  75  side 2    Res =  0.4125E-02
 MRCHDU: Convergence failed at  76  side 2    Res =  0.8924E-03
 MRCHDU: Convergence failed at  77  side 2    Res =  0.5024E-03
 MRCHDU: Convergence failed at  79  side 2    Res =  0.5820E-05
 MRCHDU: Convergence failed at  91  side 2    Res =  0.3082E-04
 MRCHDU: Convergence failed at  92  side 2    Res =  0.2574E-04
 MRCHDU: Convergence failed at  93  side 2    Res =  0.5974E-04
 MRCHDU: Convergence failed at  94  side 2    Res =  0.3679E-04
 MRCHDU: Convergence failed at  95  side 2    Res =  0.9514E-04
 MRCHDU: Convergence failed at  96  side 2    Res =  0.7156E-04
 MRCHDU: Convergence failed at  97  side 2    Res =  0.1492E-03
 MRCHDU: Convergence failed at  98  side 2    Res =  0.1810E-03
 MRCHDU: Convergence failed at  99  side 2    Res =  0.1642E-03
 MRCHDU: Convergence failed at 100  side 2    Res =  0.5289E-03
 MRCHDU: Convergence failed at 101  side 2    Res =  0.1198E-03
 MRCHDU: Convergence failed at 102  side 2    Res =  0.1119E-04
 Side 1 forced transition at x/c =  1.0000   77
 Side 2  free  transition at x/c =  0.0413   24

 244   rms: 0.5566E+11   max: -.1500E+13   T at   81  2   RLX: 0.000
       a = 10.000      CL = -0.4219
      Cm =  0.0098     CD =+Infinity   =>   CDf =  0.00568    CDp =+Infinity

 MRCHDU: Convergence failed at  27  side 2    Res =  0.7211E-01
 MRCHDU: Convergence failed at  28  side 2    Res =  0.3673E-01
 MRCHDU: Convergence failed at  29  side 2    Res =  0.3539E-01
 MRCHDU: Convergence failed at  30  side 2    Res =  0.1226E-02
 MRCHDU: Convergence failed at  31  side 2    Res =  0.4026E-03
 MRCHDU: Convergence failed at  32  side 2    Res =  0.1908E-03
 MRCHDU: Convergence failed at  33  side 2    Res =  0.2049E-03
 MRCHDU: Convergence failed at  34  side 2    Res =  0.1655E-02
 MRCHDU: Convergence failed at  35  side 2    Res =  0.1665E-02
 MRCHDU: Convergence failed at  36  side 2    Res =  0.1525E-02
 MRCHDU: Convergence failed at  37  side 2    Res =  0.1350E-01
 MRCHDU: Convergence failed at  74  side 2    Res =  0.5526E-01
 MRCHDU: Convergence failed at  75  side 2    Res =  0.4125E-02
 MRCHDU: Convergence failed at  76  side 2    Res =  0.8923E-03
 MRCHDU: Convergence failed at  77  side 2    Res =  0.5024E-03
 MRCHDU: Convergence failed at  79  side 2    Res =  0.5818E-05
 MRCHDU: Convergence failed at  91  side 2    Res =  0.3082E-04
 MRCHDU: Convergence failed at  92  side 2    Res =  0.2573E-04
 MRCHDU: Convergence failed at  93  side 2    Res =  0.5974E-04
 MRCHDU: Convergence failed at  94  side 2    Res =  0.3679E-04
 MRCHDU: Convergence failed at  95  side 2    Res =  0.9514E-04
 MRCHDU: Convergence failed at  96  side 2    Res =  0.7156E-04
 MRCHDU: Convergence failed at  97  side 2    Res =  0.1492E-03
 MRCHDU: Convergence failed at  98  side 2    Res =  0.1810E-03
 MRCHDU: Convergence failed at  99  side 2    Res =  0.1642E-03
 MRCHDU: Convergence failed at 100  side 2    Res =  0.5289E-03
 MRCHDU: Convergence failed at 101  side 2    Res =  0.1198E-03
 MRCHDU: Convergence failed at 102  side 2    Res =  0.1119E-04
 Side 1 forced transition at x/c =  1.0000   77
 Side 2  free  transition at x/c =  0.0413   24

 245   rms: 0.5630E+11   max: -.1470E+13   T at   81  2   RLX: 0.000
       a = 10.000      CL = -0.4219
      Cm =  0.0098     CD =+Infinity   =>   CDf =  0.00568    CDp =+Infinity

 MRCHDU: Convergence failed at  27  side 2    Res =  0.7211E-01
 MRCHDU: Convergence failed at  28  side 2    Res =  0.3673E-01
 MRCHDU: Convergence failed at  29  side 2    Res =  0.3539E-01
 MRCHDU: Convergence failed at  30  side 2    Res =  0.1226E-02
 MRCHDU: Convergence failed at  31  side 2    Res =  0.4026E-03
 MRCHDU: Convergence failed at  32  side 2    Res =  0.1907E-03
 MRCHDU: Convergence failed at  33  side 2    Res =  0.2049E-03
 MRCHDU: Convergence failed at  34  side 2    Res =  0.1655E-02
 MRCHDU: Convergence failed at  35  side 2    Res =  0.1665E-02
 MRCHDU: Convergence failed at  36  side 2    Res =  0.1525E-02
 MRCHDU: Convergence failed at  37  side 2    Res =  0.1351E-01
 MRCHDU: Convergence failed at  74  side 2    Res =  0.5525E-01
 MRCHDU: Convergence failed at  75  side 2    Res =  0.4125E-02
 MRCHDU: Convergence failed at  76  side 2    Res =  0.8924E-03
 MRCHDU: Convergence failed at  77  side 2    Res =  0.5024E-03
 MRCHDU: Convergence failed at  79  side 2    Res =  0.5818E-05
 MRCHDU: Convergence failed at  91  side 2    Res =  0.3082E-04
 MRCHDU: Convergence failed at  92  side 2    Res =  0.2573E-04
 MRCHDU: Convergence failed at  93  side 2    Res =  0.5973E-04
 MRCHDU: Convergence failed at  94  side 2    Res =  0.3679E-04
 MRCHDU: Convergence failed at  95  side 2    Res =  0.9514E-04
 MRCHDU: Convergence failed at  96  side 2    Res =  0.7155E-04
 MRCHDU: Convergence failed at  97  side 2    Res =  0.1492E-03
 MRCHDU: Convergence failed at  98  side 2    Res =  0.1810E-03
 MRCHDU: Convergence failed at  99  side 2    Res =  0.1642E-03
 MRCHDU: Convergence failed at 100  side 2    Res =  0.5289E-03
 MRCHDU: Convergence failed at 101  side 2    Res =  0.1198E-03
 MRCHDU: Convergence failed at 102  side 2    Res =  0.1119E-04
 Side 1 forced transition at x/c =  1.0000   77
 Side 2  free  transition at x/c =  0.0413   24

 246   rms: 0.7570E+11   max: -.1950E+13   T at   81  2   RLX: 0.000
       a = 10.000      CL = -0.4219
      Cm =  0.0098     CD =+Infinity   =>   CDf =  0.00568    CDp =+Infinity

 MRCHDU: Convergence failed at  27  side 2    Res =  0.7211E-01
 MRCHDU: Convergence failed at  28  side 2    Res =  0.3673E-01
 MRCHDU: Convergence failed at  29  side 2    Res =  0.3539E-01
 MRCHDU: Convergence failed at  30  side 2    Res =  0.1226E-02
 MRCHDU: Convergence failed at  31  side 2    Res =  0.4026E-03
 MRCHDU: Convergence failed at  32  side 2    Res =  0.1907E-03
 MRCHDU: Convergence failed at  33  side 2    Res =  0.2049E-03
 MRCHDU: Convergence failed at  34  side 2    Res =  0.1655E-02
 MRCHDU: Convergence failed at  35  side 2    Res =  0.1665E-02
 MRCHDU: Convergence failed at  36  side 2    Res =  0.1525E-02
 MRCHDU: Convergence failed at  37  side 2    Res =  0.1351E-01
 MRCHDU: Convergence failed at  74  side 2    Res =  0.5530E-01
 MRCHDU: Convergence failed at  75  side 2    Res =  0.4125E-02
 MRCHDU: Convergence failed at  76  side 2    Res =  0.8923E-03
 MRCHDU: Convergence failed at  77  side 2    Res =  0.5024E-03
 MRCHDU: Convergence failed at  79  side 2    Res =  0.5820E-05
 MRCHDU: Convergence failed at  91  side 2    Res =  0.3082E-04
 MRCHDU: Convergence failed at  92  side 2    Res =  0.2573E-04
 MRCHDU: Convergence failed at  93  side 2    Res =  0.5973E-04
 MRCHDU: Convergence failed at  94  side 2    Res =  0.3679E-04
 MRCHDU: Convergence failed at  95  side 2    Res =  0.9513E-04
 MRCHDU: Convergence failed at  96  side 2    Res =  0.7155E-04
 MRCHDU: Convergence failed at  97  side 2    Res =  0.1491E-03
 MRCHDU: Convergence failed at  98  side 2    Res =  0.1810E-03
 MRCHDU: Convergence failed at  99  side 2    Res =  0.1642E-03
 MRCHDU: Convergence failed at 100  side 2    Res =  0.5288E-03
 MRCHDU: Convergence failed at 101  side 2    Res =  0.1198E-03
 MRCHDU: Convergence failed at 102  side 2    Res =  0.1119E-04
 Side 1 forced transition at x/c =  1.0000   77
 Side 2  free  transition at x/c =  0.0413   24

 247   rms: 0.2143E+12   max: 0.5507E+13   T at   81  2   RLX: 0.000
       a = 10.000      CL = -0.4219
      Cm =  0.0098     CD =+Infinity   =>   CDf =  0.00568    CDp =+Infinity

 MRCHDU: Convergence failed at  27  side 2    Res =  0.7211E-01
 MRCHDU: Convergence failed at  28  side 2    Res =  0.3673E-01
 MRCHDU: Convergence failed at  29  side 2    Res =  0.3539E-01
 MRCHDU: Convergence failed at  30  side 2    Res =  0.1226E-02
 MRCHDU: Convergence failed at  31  side 2    Res =  0.4026E-03
 MRCHDU: Convergence failed at  32  side 2    Res =  0.1907E-03
 MRCHDU: Convergence failed at  33  side 2    Res =  0.2049E-03
 MRCHDU: Convergence failed at  34  side 2    Res =  0.1655E-02
 MRCHDU: Convergence failed at  35  side 2    Res =  0.1665E-02
 MRCHDU: Convergence failed at  36  side 2    Res =  0.1525E-02
 MRCHDU: Convergence failed at  37  side 2    Res =  0.1351E-01
 MRCHDU: Convergence failed at  74  side 2    Res =  0.5525E-01
 MRCHDU: Convergence failed at  75  side 2    Res =  0.4125E-02
 MRCHDU: Convergence failed at  76  side 2    Res =  0.8923E-03
 MRCHDU: Convergence failed at  77  side 2    Res =  0.5024E-03
 MRCHDU: Convergence failed at  79  side 2    Res =  0.5810E-05
 MRCHDU: Convergence failed at  91  side 2    Res =  0.3083E-04
 MRCHDU: Convergence failed at  92  side 2    Res =  0.2574E-04
 MRCHDU: Convergence failed at  93  side 2    Res =  0.5975E-04
 MRCHDU: Convergence failed at  94  side 2    Res =  0.3680E-04
 MRCHDU: Convergence failed at  95  side 2    Res =  0.9516E-04
 MRCHDU: Convergence failed at  96  side 2    Res =  0.7157E-04
 MRCHDU: Convergence failed at  97  side 2    Res =  0.1492E-03
 MRCHDU: Convergence failed at  98  side 2    Res =  0.1811E-03
 MRCHDU: Convergence failed at  99  side 2    Res =  0.1642E-03
 MRCHDU: Convergence failed at 100  side 2    Res =  0.5290E-03
 MRCHDU: Convergence failed at 101  side 2    Res =  0.1198E-03
 MRCHDU: Convergence failed at 102  side 2    Res =  0.1119E-04
 Side 1 forced transition at x/c =  1.0000   77
 Side 2  free  transition at x/c =  0.0413   24

 248   rms: 0.4298E+12   max: -.1149E+14   T at   81  2   RLX: 0.000
       a = 10.000      CL = -0.4219
      Cm =  0.0098     CD =+Infinity   =>   CDf =  0.00568    CDp =+Infinity

 MRCHDU: Convergence failed at  27  side 2    Res =  0.7211E-01
 MRCHDU: Convergence failed at  28  side 2    Res =  0.3673E-01
 MRCHDU: Convergence failed at  29  side 2    Res =  0.3539E-01
 MRCHDU: Convergence failed at  30  side 2    Res =  0.1226E-02
 MRCHDU: Convergence failed at  31  side 2    Res =  0.4026E-03
 MRCHDU: Convergence failed at  32  side 2    Res =  0.1907E-03
 MRCHDU: Convergence failed at  33  side 2    Res =  0.2049E-03
 MRCHDU: Convergence failed at  34  side 2    Res =  0.1655E-02
 MRCHDU: Convergence failed at  35  side 2    Res =  0.1665E-02
 MRCHDU: Convergence failed at  36  side 2    Res =  0.1525E-02
 MRCHDU: Convergence failed at  37  side 2    Res =  0.1351E-01
 MRCHDU: Convergence failed at  74  side 2    Res =  0.5523E-01
 MRCHDU: Convergence failed at  75  side 2    Res =  0.4125E-02
 MRCHDU: Convergence failed at  76  side 2    Res =  0.8923E-03
 MRCHDU: Convergence failed at  77  side 2    Res =  0.5024E-03
 MRCHDU: Convergence failed at  79  side 2    Res =  0.5811E-05
 MRCHDU: Convergence failed at  91  side 2    Res =  0.3083E-04
 MRCHDU: Convergence failed at  92  side 2    Res =  0.2574E-04
 MRCHDU: Convergence failed at  93  side 2    Res =  0.5975E-04
 MRCHDU: Convergence failed at  94  side 2    Res =  0.3680E-04
 MRCHDU: Convergence failed at  95  side 2    Res =  0.9516E-04
 MRCHDU: Convergence failed at  96  side 2    Res =  0.7157E-04
 MRCHDU: Convergence failed at  97  side 2    Res =  0.1492E-03
 MRCHDU: Convergence failed at  98  side 2    Res =  0.1811E-03
 MRCHDU: Convergence failed at  99  side 2    Res =  0.1642E-03
 MRCHDU: Convergence failed at 100  side 2    Res =  0.5290E-03
 MRCHDU: Convergence failed at 101  side 2    Res =  0.1198E-03
 MRCHDU: Convergence failed at 102  side 2    Res =  0.1119E-04
 Side 1 forced transition at x/c =  1.0000   77
 Side 2  free  transition at x/c =  0.0413   24

 249   rms: 0.7584E+11   max: 0.1991E+13   T at   81  2   RLX: 0.000
       a = 10.000      CL = -0.4219
      Cm =  0.0098     CD =+Infinity   =>   CDf =  0.00568    CDp =+Infinity

 MRCHDU: Convergence failed at  27  side 2    Res =  0.7211E-01
 MRCHDU: Convergence failed at  28  side 2    Res =  0.3673E-01
 MRCHDU: Convergence failed at  29  side 2    Res =  0.3539E-01
 MRCHDU: Convergence failed at  30  side 2    Res =  0.1226E-02
 MRCHDU: Convergence failed at  31  side 2    Res =  0.4026E-03
 MRCHDU: Convergence failed at  32  side 2    Res =  0.1908E-03
 MRCHDU: Convergence failed at  33  side 2    Res =  0.2049E-03
 MRCHDU: Convergence failed at  34  side 2    Res =  0.1655E-02
 MRCHDU: Convergence failed at  35  side 2    Res =  0.1665E-02
 MRCHDU: Convergence failed at  36  side 2    Res =  0.1525E-02
 MRCHDU: Convergence failed at  37  side 2    Res =  0.1350E-01
 MRCHDU: Convergence failed at  74  side 2    Res =  0.5524E-01
 MRCHDU: Convergence failed at  75  side 2    Res =  0.4125E-02
 MRCHDU: Convergence failed at  76  side 2    Res =  0.8923E-03
 MRCHDU: Convergence failed at  77  side 2    Res =  0.5024E-03
 MRCHDU: Convergence failed at  79  side 2    Res =  0.5817E-05
 MRCHDU: Convergence failed at  91  side 2    Res =  0.3083E-04
 MRCHDU: Convergence failed at  92  side 2    Res =  0.2574E-04
 MRCHDU: Convergence failed at  93  side 2    Res =  0.5975E-04
 MRCHDU: Convergence failed at  94  side 2    Res =  0.3680E-04
 MRCHDU: Convergence failed at  95  side 2    Res =  0.9516E-04
 MRCHDU: Convergence failed at  96  side 2    Res =  0.7157E-04
 MRCHDU: Convergence failed at  97  side 2    Res =  0.1492E-03
 MRCHDU: Convergence failed at  98  side 2    Res =  0.1811E-03
 MRCHDU: Convergence failed at  99  side 2    Res =  0.1642E-03
 MRCHDU: Convergence failed at 100  side 2    Res =  0.5290E-03
 MRCHDU: Convergence failed at 101  side 2    Res =  0.1198E-03
 MRCHDU: Convergence failed at 102  side 2    Res =  0.1119E-04
 Side 1 forced transition at x/c =  1.0000   77
 Side 2  free  transition at x/c =  0.0413   24

 250   rms: 0.1237E+12   max: 0.3329E+13   T at   81  2   RLX: 0.000
       a = 10.000      CL = -0.4219
      Cm =  0.0098     CD =+Infinity   =>   CDf =  0.00568    CDp =+Infinity

 MRCHDU: Convergence failed at  27  side 2    Res =  0.7211E-01
 MRCHDU: Convergence failed at  28  side 2    Res =  0.3673E-01
 MRCHDU: Convergence failed at  29  side 2    Res =  0.3539E-01
 MRCHDU: Convergence failed at  30  side 2    Res =  0.1226E-02
 MRCHDU: Convergence failed at  31  side 2    Res =  0.4026E-03
 MRCHDU: Convergence failed at  32  side 2    Res =  0.1908E-03
 MRCHDU: Convergence failed at  33  side 2    Res =  0.2049E-03
 MRCHDU: Convergence failed at  34  side 2    Res =  0.1655E-02
 MRCHDU: Convergence failed at  35  side 2    Res =  0.1665E-02
 MRCHDU: Convergence failed at  36  side 2    Res =  0.1525E-02
 MRCHDU: Convergence failed at  37  side 2    Res =  0.1350E-01
 MRCHDU: Convergence failed at  74  side 2    Res =  0.5522E-01
 MRCHDU: Convergence failed at  75  side 2    Res =  0.4125E-02
 MRCHDU: Convergence failed at  76  side 2    Res =  0.8925E-03
 MRCHDU: Convergence failed at  77  side 2    Res =  0.5026E-03
 MRCHDU: Convergence failed at  79  side 2    Res =  0.5809E-05
 MRCHDU: Convergence failed at  91  side 2    Res =  0.3084E-04
 MRCHDU: Convergence failed at  92  side 2    Res =  0.2575E-04
 MRCHDU: Convergence failed at  93  side 2    Res =  0.5977E-04
 MRCHDU: Convergence failed at  94  side 2    Res =  0.3681E-04
 MRCHDU: Convergence failed at  95  side 2    Res =  0.9520E-04
 MRCHDU: Convergence failed at  96  side 2    Res =  0.7160E-04
 MRCHDU: Convergence failed at  97  side 2    Res =  0.1493E-03
 MRCHDU: Convergence failed at  98  side 2    Res =  0.1812E-03
 MRCHDU: Convergence failed at  99  side 2    Res =  0.1643E-03
 MRCHDU: Convergence failed at 100  side 2    Res =  0.5293E-03
 MRCHDU: Convergence failed at 101  side 2    Res =  0.1199E-03
 MRCHDU: Convergence failed at 102  side 2    Res =  0.1120E-04
 Side 1 forced transition at x/c =  1.0000   77
 Side 2  free  transition at x/c =  0.0413   24

 251   rms: 0.6255E+11   max: -.1479E+13   T at   81  2   RLX: 0.000
       a = 10.000      CL = -0.4219
      Cm =  0.0098     CD =+Infinity   =>   CDf =  0.00568    CDp =+Infinity

 MRCHDU: Convergence failed at  27  side 2    Res =  0.7211E-01
 MRCHDU: Convergence failed at  28  side 2    Res =  0.3673E-01
 MRCHDU: Convergence failed at  29  side 2    Res =  0.3539E-01
 MRCHDU: Convergence failed at  30  side 2    Res =  0.1227E-02
 MRCHDU: Convergence failed at  31  side 2    Res =  0.4026E-03
 MRCHDU: Convergence failed at  32  side 2    Res =  0.1908E-03
 MRCHDU: Convergence failed at  33  side 2    Res =  0.2049E-03
 MRCHDU: Convergence failed at  34  side 2    Res =  0.1655E-02
 MRCHDU: Convergence failed at  35  side 2    Res =  0.1665E-02
 MRCHDU: Convergence failed at  36  side 2    Res =  0.1525E-02
 MRCHDU: Convergence failed at  37  side 2    Res =  0.1350E-01
 MRCHDU: Convergence failed at  74  side 2    Res =  0.5526E-01
 MRCHDU: Convergence failed at  75  side 2    Res =  0.4125E-02
 MRCHDU: Convergence failed at  76  side 2    Res =  0.8924E-03
 MRCHDU: Convergence failed at  77  side 2    Res =  0.5025E-03
 MRCHDU: Convergence failed at  79  side 2    Res =  0.5810E-05
 MRCHDU: Convergence failed at  91  side 2    Res =  0.3083E-04
 MRCHDU: Convergence failed at  92  side 2    Res =  0.2574E-04
 MRCHDU: Convergence failed at  93  side 2    Res =  0.5975E-04
 MRCHDU: Convergence failed at  94  side 2    Res =  0.3680E-04
 MRCHDU: Convergence failed at  95  side 2    Res =  0.9517E-04
 MRCHDU: Convergence failed at  96  side 2    Res =  0.7158E-04
 MRCHDU: Convergence failed at  97  side 2    Res =  0.1492E-03
 MRCHDU: Convergence failed at  98  side 2    Res =  0.1811E-03
 MRCHDU: Convergence failed at  99  side 2    Res =  0.1643E-03
 MRCHDU: Convergence failed at 100  side 2    Res =  0.5291E-03
 MRCHDU: Convergence failed at 101  side 2    Res =  0.1198E-03
 MRCHDU: Convergence failed at 102  side 2    Res =  0.1119E-04
 Side 1 forced transition at x/c =  1.0000   77
 Side 2  free  transition at x/c =  0.0413   24

 252   rms: 0.3855E+11   max: 0.9144E+12   T at   81  2   RLX: 0.000
       a = 10.000      CL = -0.4219
      Cm =  0.0098     CD =+Infinity   =>   CDf =  0.00568    CDp =+Infinity

 MRCHDU: Convergence failed at  27  side 2    Res =  0.7211E-01
 MRCHDU: Convergence failed at  28  side 2    Res =  0.3673E-01
 MRCHDU: Convergence failed at  29  side 2    Res =  0.3539E-01
 MRCHDU: Convergence failed at  30  side 2    Res =  0.1227E-02
 MRCHDU: Convergence failed at  31  side 2    Res =  0.4026E-03
 MRCHDU: Convergence failed at  32  side 2    Res =  0.1908E-03
 MRCHDU: Convergence failed at  33  side 2    Res =  0.2049E-03
 MRCHDU: Convergence failed at  34  side 2    Res =  0.1655E-02
 MRCHDU: Convergence failed at  35  side 2    Res =  0.1665E-02
 MRCHDU: Convergence failed at  36  side 2    Res =  0.1525E-02
 MRCHDU: Convergence failed at  37  side 2    Res =  0.1350E-01
 MRCHDU: Convergence failed at  74  side 2    Res =  0.5519E-01
 MRCHDU: Convergence failed at  75  side 2    Res =  0.4125E-02
 MRCHDU: Convergence failed at  76  side 2    Res =  0.8925E-03
 MRCHDU: Convergence failed at  77  side 2    Res =  0.5025E-03
 MRCHDU: Convergence failed at  79  side 2    Res =  0.5809E-05
 MRCHDU: Convergence failed at  91  side 2    Res =  0.3083E-04
 MRCHDU: Convergence failed at  92  side 2    Res =  0.2574E-04
 MRCHDU: Convergence failed at  93  side 2    Res =  0.5975E-04
 MRCHDU: Convergence failed at  94  side 2    Res =  0.3680E-04
 MRCHDU: Convergence failed at  95  side 2    Res =  0.9517E-04
 MRCHDU: Convergence failed at  96  side 2    Res =  0.7158E-04
 MRCHDU: Convergence failed at  97  side 2    Res =  0.1492E-03
 MRCHDU: Convergence failed at  98  side 2    Res =  0.1811E-03
 MRCHDU: Convergence failed at  99  side 2    Res =  0.1643E-03
 MRCHDU: Convergence failed at 100  side 2    Res =  0.5291E-03
 MRCHDU: Convergence failed at 101  side 2    Res =  0.1198E-03
 MRCHDU: Convergence failed at 102  side 2    Res =  0.1120E-04
 Side 1 forced transition at x/c =  1.0000   77
 Side 2  free  transition at x/c =  0.0413   24

 253   rms: 0.2836E+11   max: 0.5689E+12   T at   80  2   RLX: 0.000
       a = 10.000      CL = -0.4219
      Cm =  0.0098     CD =+Infinity   =>   CDf =  0.00568    CDp =+Infinity

 MRCHDU: Convergence failed at  27  side 2    Res =  0.7211E-01
 MRCHDU: Convergence failed at  28  side 2    Res =  0.3673E-01
 MRCHDU: Convergence failed at  29  side 2    Res =  0.3539E-01
 MRCHDU: Convergence failed at  30  side 2    Res =  0.1227E-02
 MRCHDU: Convergence failed at  31  side 2    Res =  0.4026E-03
 MRCHDU: Convergence failed at  32  side 2    Res =  0.1908E-03
 MRCHDU: Convergence failed at  33  side 2    Res =  0.2049E-03
 MRCHDU: Convergence failed at  34  side 2    Res =  0.1655E-02
 MRCHDU: Convergence failed at  35  side 2    Res =  0.1665E-02
 MRCHDU: Convergence failed at  36  side 2    Res =  0.1525E-02
 MRCHDU: Convergence failed at  37  side 2    Res =  0.1350E-01
 MRCHDU: Convergence failed at  74  side 2    Res =  0.5543E-01
 MRCHDU: Convergence failed at  75  side 2    Res =  0.4125E-02
 MRCHDU: Convergence failed at  76  side 2    Res =  0.8924E-03
 MRCHDU: Convergence failed at  77  side 2    Res =  0.5025E-03
 MRCHDU: Convergence failed at  79  side 2    Res =  0.5804E-05
 MRCHDU: Convergence failed at  91  side 2    Res =  0.3083E-04
 MRCHDU: Convergence failed at  92  side 2    Res =  0.2574E-04
 MRCHDU: Convergence failed at  93  side 2    Res =  0.5976E-04
 MRCHDU: Convergence failed at  94  side 2    Res =  0.3680E-04
 MRCHDU: Convergence failed at  95  side 2    Res =  0.9518E-04
 MRCHDU: Convergence failed at  96  side 2    Res =  0.7158E-04
 MRCHDU: Convergence failed at  97  side 2    Res =  0.1492E-03
 MRCHDU: Convergence failed at  98  side 2    Res =  0.1811E-03
 MRCHDU: Convergence failed at  99  side 2    Res =  0.1643E-03
 MRCHDU: Convergence failed at 100  side 2    Res =  0.5291E-03
 MRCHDU: Convergence failed at 101  side 2    Res =  0.1198E-03
 MRCHDU: Convergence failed at 102  side 2    Res =  0.1120E-04
 Side 1 forced transition at x/c =  1.0000   77
 Side 2  free  transition at x/c =  0.0413   24

 254   rms: 0.8141E+11   max: -.2205E+13   T at   81  2   RLX: 0.000
       a = 10.000      CL = -0.4219
      Cm =  0.0098     CD =+Infinity   =>   CDf =  0.00568    CDp =+Infinity

 MRCHDU: Convergence failed at  27  side 2    Res =  0.7211E-01
 MRCHDU: Convergence failed at  28  side 2    Res =  0.3673E-01
 MRCHDU: Convergence failed at  29  side 2    Res =  0.3539E-01
 MRCHDU: Convergence failed at  30  side 2    Res =  0.1227E-02
 MRCHDU: Convergence failed at  31  side 2    Res =  0.4027E-03
 MRCHDU: Convergence failed at  32  side 2    Res =  0.1908E-03
 MRCHDU: Convergence failed at  33  side 2    Res =  0.2050E-03
 MRCHDU: Convergence failed at  34  side 2    Res =  0.1654E-02
 MRCHDU: Convergence failed at  35  side 2    Res =  0.1665E-02
 MRCHDU: Convergence failed at  36  side 2    Res =  0.1525E-02
 MRCHDU: Convergence failed at  37  side 2    Res =  0.1349E-01
 MRCHDU: Convergence failed at  74  side 2    Res =  0.5553E-01
 MRCHDU: Convergence failed at  75  side 2    Res =  0.4126E-02
 MRCHDU: Convergence failed at  76  side 2    Res =  0.8926E-03
 MRCHDU: Convergence failed at  77  side 2    Res =  0.5026E-03
 MRCHDU: Convergence failed at  79  side 2    Res =  0.5805E-05
 MRCHDU: Convergence failed at  91  side 2    Res =  0.3082E-04
 MRCHDU: Convergence failed at  92  side 2    Res =  0.2574E-04
 MRCHDU: Convergence failed at  93  side 2    Res =  0.5974E-04
 MRCHDU: Convergence failed at  94  side 2    Res =  0.3679E-04
 MRCHDU: Convergence failed at  95  side 2    Res =  0.9515E-04
 MRCHDU: Convergence failed at  96  side 2    Res =  0.7156E-04
 MRCHDU: Convergence failed at  97  side 2    Res =  0.1492E-03
 MRCHDU: Convergence failed at  98  side 2    Res =  0.1810E-03
 MRCHDU: Convergence failed at  99  side 2    Res =  0.1642E-03
 MRCHDU: Convergence failed at 100  side 2    Res =  0.5289E-03
 MRCHDU: Convergence failed at 101  side 2    Res =  0.1198E-03
 MRCHDU: Convergence failed at 102  side 2    Res =  0.1119E-04
 Side 1 forced transition at x/c =  1.0000   77
 Side 2  free  transition at x/c =  0.0413   24

 255   rms: 0.9118E+11   max: -.2354E+13   T at   81  2   RLX: 0.000
       a = 10.000      CL = -0.4219
      Cm =  0.0098     CD =+Infinity   =>   CDf =  0.00568    CDp =+Infinity

 MRCHDU: Convergence failed at  27  side 2    Res =  0.7211E-01
 MRCHDU: Convergence failed at  28  side 2    Res =  0.3673E-01
 MRCHDU: Convergence failed at  29  side 2    Res =  0.3539E-01
 MRCHDU: Convergence failed at  30  side 2    Res =  0.1227E-02
 MRCHDU: Convergence failed at  31  side 2    Res =  0.4027E-03
 MRCHDU: Convergence failed at  32  side 2    Res =  0.1908E-03
 MRCHDU: Convergence failed at  33  side 2    Res =  0.2050E-03
 MRCHDU: Convergence failed at  34  side 2    Res =  0.1654E-02
 MRCHDU: Convergence failed at  35  side 2    Res =  0.1665E-02
 MRCHDU: Convergence failed at  36  side 2    Res =  0.1525E-02
 MRCHDU: Convergence failed at  37  side 2    Res =  0.1349E-01
 MRCHDU: Convergence failed at  74  side 2    Res =  0.5547E-01
 MRCHDU: Convergence failed at  75  side 2    Res =  0.4126E-02
 MRCHDU: Convergence failed at  76  side 2    Res =  0.8926E-03
 MRCHDU: Convergence failed at  77  side 2    Res =  0.5026E-03
 MRCHDU: Convergence failed at  79  side 2    Res =  0.5805E-05
 MRCHDU: Convergence failed at  91  side 2    Res =  0.3082E-04
 MRCHDU: Convergence failed at  92  side 2    Res =  0.2573E-04
 MRCHDU: Convergence failed at  93  side 2    Res =  0.5974E-04
 MRCHDU: Convergence failed at  94  side 2    Res =  0.3679E-04
 MRCHDU: Convergence failed at  95  side 2    Res =  0.9514E-04
 MRCHDU: Convergence failed at  96  side 2    Res =  0.7156E-04
 MRCHDU: Convergence failed at  97  side 2    Res =  0.1492E-03
 MRCHDU: Convergence failed at  98  side 2    Res =  0.1810E-03
 MRCHDU: Convergence failed at  99  side 2    Res =  0.1642E-03
 MRCHDU: Convergence failed at 100  side 2    Res =  0.5289E-03
 MRCHDU: Convergence failed at 101  side 2    Res =  0.1198E-03
 MRCHDU: Convergence failed at 102  side 2    Res =  0.1119E-04
 Side 1 forced transition at x/c =  1.0000   77
 Side 2  free  transition at x/c =  0.0413   24

 256   rms: 0.3177E+11   max: 0.6730E+12   T at   79  2   RLX: 0.000
       a = 10.000      CL = -0.4219
      Cm =  0.0098     CD =+Infinity   =>   CDf =  0.00568    CDp =+Infinity

 MRCHDU: Convergence failed at  27  side 2    Res =  0.7211E-01
 MRCHDU: Convergence failed at  28  side 2    Res =  0.3673E-01
 MRCHDU: Convergence failed at  29  side 2    Res =  0.3539E-01
 MRCHDU: Convergence failed at  30  side 2    Res =  0.1227E-02
 MRCHDU: Convergence failed at  31  side 2    Res =  0.4027E-03
 MRCHDU: Convergence failed at  32  side 2    Res =  0.1908E-03
 MRCHDU: Convergence failed at  33  side 2    Res =  0.2050E-03
 MRCHDU: Convergence failed at  34  side 2    Res =  0.1654E-02
 MRCHDU: Convergence failed at  35  side 2    Res =  0.1665E-02
 MRCHDU: Convergence failed at  36  side 2    Res =  0.1525E-02
 MRCHDU: Convergence failed at  37  side 2    Res =  0.1349E-01
 MRCHDU: Convergence failed at  74  side 2    Res =  0.5548E-01
 MRCHDU: Convergence failed at  75  side 2    Res =  0.4126E-02
 MRCHDU: Convergence failed at  76  side 2    Res =  0.8926E-03
 MRCHDU: Convergence failed at  77  side 2    Res =  0.5026E-03
 MRCHDU: Convergence failed at  79  side 2    Res =  0.5809E-05
 MRCHDU: Convergence failed at  91  side 2    Res =  0.3082E-04
 MRCHDU: Convergence failed at  92  side 2    Res =  0.2573E-04
 MRCHDU: Convergence failed at  93  side 2    Res =  0.5974E-04
 MRCHDU: Convergence failed at  94  side 2    Res =  0.3679E-04
 MRCHDU: Convergence failed at  95  side 2    Res =  0.9514E-04
 MRCHDU: Convergence failed at  96  side 2    Res =  0.7156E-04
 MRCHDU: Convergence failed at  97  side 2    Res =  0.1492E-03
 MRCHDU: Convergence failed at  98  side 2    Res =  0.1810E-03
 MRCHDU: Convergence failed at  99  side 2    Res =  0.1642E-03
 MRCHDU: Convergence failed at 100  side 2    Res =  0.5289E-03
 MRCHDU: Convergence failed at 101  side 2    Res =  0.1198E-03
 MRCHDU: Convergence failed at 102  side 2    Res =  0.1119E-04
 Side 1 forced transition at x/c =  1.0000   77
 Side 2  free  transition at x/c =  0.0413   24

 257   rms: 0.8709E+12   max: 0.2356E+14   T at   81  2   RLX: 0.000
       a = 10.000      CL = -0.4219
      Cm =  0.0098     CD =+Infinity   =>   CDf =  0.00568    CDp =+Infinity

 MRCHDU: Convergence failed at  27  side 2    Res =  0.7211E-01
 MRCHDU: Convergence failed at  28  side 2    Res =  0.3673E-01
 MRCHDU: Convergence failed at  29  side 2    Res =  0.3539E-01
 MRCHDU: Convergence failed at  30  side 2    Res =  0.1227E-02
 MRCHDU: Convergence failed at  31  side 2    Res =  0.4027E-03
 MRCHDU: Convergence failed at  32  side 2    Res =  0.1908E-03
 MRCHDU: Convergence failed at  33  side 2    Res =  0.2050E-03
 MRCHDU: Convergence failed at  34  side 2    Res =  0.1654E-02
 MRCHDU: Convergence failed at  35  side 2    Res =  0.1665E-02
 MRCHDU: Convergence failed at  36  side 2    Res =  0.1525E-02
 MRCHDU: Convergence failed at  37  side 2    Res =  0.1349E-01
 MRCHDU: Convergence failed at  74  side 2    Res =  0.5541E-01
 MRCHDU: Convergence failed at  75  side 2    Res =  0.4126E-02
 MRCHDU: Convergence failed at  76  side 2    Res =  0.8927E-03
 MRCHDU: Convergence failed at  77  side 2    Res =  0.5027E-03
 MRCHDU: Convergence failed at  79  side 2    Res =  0.5808E-05
 MRCHDU: Convergence failed at  91  side 2    Res =  0.3082E-04
 MRCHDU: Convergence failed at  92  side 2    Res =  0.2574E-04
 MRCHDU: Convergence failed at  93  side 2    Res =  0.5974E-04
 MRCHDU: Convergence failed at  94  side 2    Res =  0.3679E-04
 MRCHDU: Convergence failed at  95  side 2    Res =  0.9515E-04
 MRCHDU: Convergence failed at  96  side 2    Res =  0.7156E-04
 MRCHDU: Convergence failed at  97  side 2    Res =  0.1492E-03
 MRCHDU: Convergence failed at  98  side 2    Res =  0.1811E-03
 MRCHDU: Convergence failed at  99  side 2    Res =  0.1642E-03
 MRCHDU: Convergence failed at 100  side 2    Res =  0.5289E-03
 MRCHDU: Convergence failed at 101  side 2    Res =  0.1198E-03
 MRCHDU: Convergence failed at 102  side 2    Res =  0.1119E-04
 Side 1 forced transition at x/c =  1.0000   77
 Side 2  free  transition at x/c =  0.0413   24

 258   rms: 0.1472E+12   max: 0.3572E+13   T at   81  2   RLX: 0.000
       a = 10.000      CL = -0.4219
      Cm =  0.0098     CD =+Infinity   =>   CDf =  0.00568    CDp =+Infinity

 MRCHDU: Convergence failed at  27  side 2    Res =  0.7211E-01
 MRCHDU: Convergence failed at  28  side 2    Res =  0.3673E-01
 MRCHDU: Convergence failed at  29  side 2    Res =  0.3539E-01
 MRCHDU: Convergence failed at  30  side 2    Res =  0.1227E-02
 MRCHDU: Convergence failed at  31  side 2    Res =  0.4026E-03
 MRCHDU: Convergence failed at  32  side 2    Res =  0.1908E-03
 MRCHDU: Convergence failed at  33  side 2    Res =  0.2050E-03
 MRCHDU: Convergence failed at  34  side 2    Res =  0.1654E-02
 MRCHDU: Convergence failed at  35  side 2    Res =  0.1665E-02
 MRCHDU: Convergence failed at  36  side 2    Res =  0.1525E-02
 MRCHDU: Convergence failed at  37  side 2    Res =  0.1349E-01
 MRCHDU: Convergence failed at  74  side 2    Res =  0.5535E-01
 MRCHDU: Convergence failed at  75  side 2    Res =  0.4126E-02
 MRCHDU: Convergence failed at  76  side 2    Res =  0.8927E-03
 MRCHDU: Convergence failed at  77  side 2    Res =  0.5027E-03
 MRCHDU: Convergence failed at  79  side 2    Res =  0.5797E-05
 MRCHDU: Convergence failed at  91  side 2    Res =  0.3083E-04
 MRCHDU: Convergence failed at  92  side 2    Res =  0.2574E-04
 MRCHDU: Convergence failed at  93  side 2    Res =  0.5975E-04
 MRCHDU: Convergence failed at  94  side 2    Res =  0.3680E-04
 MRCHDU: Convergence failed at  95  side 2    Res =  0.9517E-04
 MRCHDU: Convergence failed at  96  side 2    Res =  0.7158E-04
 MRCHDU: Convergence failed at  97  side 2    Res =  0.1492E-03
 MRCHDU: Convergence failed at  98  side 2    Res =  0.1811E-03
 MRCHDU: Convergence failed at  99  side 2    Res =  0.1643E-03
 MRCHDU: Convergence failed at 100  side 2    Res =  0.5291E-03
 MRCHDU: Convergence failed at 101  side 2    Res =  0.1198E-03
 MRCHDU: Convergence failed at 102  side 2    Res =  0.1119E-04
 Side 1 forced transition at x/c =  1.0000   77
 Side 2  free  transition at x/c =  0.0413   24

 259   rms: 0.4922E+12   max: 0.1025E+14   T at   79  2   RLX: 0.000
       a = 10.000      CL = -0.4219
      Cm =  0.0098     CD =+Infinity   =>   CDf =  0.00568    CDp =+Infinity

 MRCHDU: Convergence failed at  27  side 2    Res =  0.7211E-01
 MRCHDU: Convergence failed at  28  side 2    Res =  0.3673E-01
 MRCHDU: Convergence failed at  29  side 2    Res =  0.3539E-01
 MRCHDU: Convergence failed at  30  side 2    Res =  0.1227E-02
 MRCHDU: Convergence failed at  31  side 2    Res =  0.4026E-03
 MRCHDU: Convergence failed at  32  side 2    Res =  0.1908E-03
 MRCHDU: Convergence failed at  33  side 2    Res =  0.2050E-03
 MRCHDU: Convergence failed at  34  side 2    Res =  0.1654E-02
 MRCHDU: Convergence failed at  35  side 2    Res =  0.1665E-02
 MRCHDU: Convergence failed at  36  side 2    Res =  0.1525E-02
 MRCHDU: Convergence failed at  37  side 2    Res =  0.1349E-01
 MRCHDU: Convergence failed at  74  side 2    Res =  0.5534E-01
 MRCHDU: Convergence failed at  75  side 2    Res =  0.4126E-02
 MRCHDU: Convergence failed at  76  side 2    Res =  0.8927E-03
 MRCHDU: Convergence failed at  77  side 2    Res =  0.5027E-03
 MRCHDU: Convergence failed at  79  side 2    Res =  0.5797E-05
 MRCHDU: Convergence failed at  91  side 2    Res =  0.3083E-04
 MRCHDU: Convergence failed at  92  side 2    Res =  0.2574E-04
 MRCHDU: Convergence failed at  93  side 2    Res =  0.5975E-04
 MRCHDU: Convergence failed at  94  side 2    Res =  0.3680E-04
 MRCHDU: Convergence failed at  95  side 2    Res =  0.9517E-04
 MRCHDU: Convergence failed at  96  side 2    Res =  0.7158E-04
 MRCHDU: Convergence failed at  97  side 2    Res =  0.1492E-03
 MRCHDU: Convergence failed at  98  side 2    Res =  0.1811E-03
 MRCHDU: Convergence failed at  99  side 2    Res =  0.1643E-03
 MRCHDU: Convergence failed at 100  side 2    Res =  0.5291E-03
 MRCHDU: Convergence failed at 101  side 2    Res =  0.1198E-03
 MRCHDU: Convergence failed at 102  side 2    Res =  0.1119E-04
 Side 1 forced transition at x/c =  1.0000   77
 Side 2  free  transition at x/c =  0.0413   24

 260   rms: 0.3916E+11   max: -.1022E+13   T at   80  2   RLX: 0.000
       a = 10.000      CL = -0.4219
      Cm =  0.0098     CD =+Infinity   =>   CDf =  0.00568    CDp =+Infinity

 MRCHDU: Convergence failed at  27  side 2    Res =  0.7211E-01
 MRCHDU: Convergence failed at  28  side 2    Res =  0.3673E-01
 MRCHDU: Convergence failed at  29  side 2    Res =  0.3539E-01
 MRCHDU: Convergence failed at  30  side 2    Res =  0.1227E-02
 MRCHDU: Convergence failed at  31  side 2    Res =  0.4026E-03
 MRCHDU: Convergence failed at  32  side 2    Res =  0.1908E-03
 MRCHDU: Convergence failed at  33  side 2    Res =  0.2050E-03
 MRCHDU: Convergence failed at  34  side 2    Res =  0.1654E-02
 MRCHDU: Convergence failed at  35  side 2    Res =  0.1665E-02
 MRCHDU: Convergence failed at  36  side 2    Res =  0.1525E-02
 MRCHDU: Convergence failed at  37  side 2    Res =  0.1349E-01
 MRCHDU: Convergence failed at  74  side 2    Res =  0.5534E-01
 MRCHDU: Convergence failed at  75  side 2    Res =  0.4125E-02
 MRCHDU: Convergence failed at  76  side 2    Res =  0.8926E-03
 MRCHDU: Convergence failed at  77  side 2    Res =  0.5026E-03
 MRCHDU: Convergence failed at  79  side 2    Res =  0.5808E-05
 MRCHDU: Convergence failed at  91  side 2    Res =  0.3083E-04
 MRCHDU: Convergence failed at  92  side 2    Res =  0.2574E-04
 MRCHDU: Convergence failed at  93  side 2    Res =  0.5975E-04
 MRCHDU: Convergence failed at  94  side 2    Res =  0.3680E-04
 MRCHDU: Convergence failed at  95  side 2    Res =  0.9517E-04
 MRCHDU: Convergence failed at  96  side 2    Res =  0.7158E-04
 MRCHDU: Convergence failed at  97  side 2    Res =  0.1492E-03
 MRCHDU: Convergence failed at  98  side 2    Res =  0.1811E-03
 MRCHDU: Convergence failed at  99  side 2    Res =  0.1643E-03
 MRCHDU: Convergence failed at 100  side 2    Res =  0.5291E-03
 MRCHDU: Convergence failed at 101  side 2    Res =  0.1198E-03
 MRCHDU: Convergence failed at 102  side 2    Res =  0.1119E-04
 Side 1 forced transition at x/c =  1.0000   77
 Side 2  free  transition at x/c =  0.0413   24

 261   rms: 0.2386E+11   max: 0.5603E+12   T at   81  2   RLX: 0.000
       a = 10.000      CL = -0.4219
      Cm =  0.0098     CD =+Infinity   =>   CDf =  0.00568    CDp =+Infinity

 MRCHDU: Convergence failed at  27  side 2    Res =  0.7211E-01
 MRCHDU: Convergence failed at  28  side 2    Res =  0.3673E-01
 MRCHDU: Convergence failed at  29  side 2    Res =  0.3539E-01
 MRCHDU: Convergence failed at  30  side 2    Res =  0.1227E-02
 MRCHDU: Convergence failed at  31  side 2    Res =  0.4027E-03
 MRCHDU: Convergence failed at  32  side 2    Res =  0.1908E-03
 MRCHDU: Convergence failed at  33  side 2    Res =  0.2050E-03
 MRCHDU: Convergence failed at  34  side 2    Res =  0.1654E-02
 MRCHDU: Convergence failed at  35  side 2    Res =  0.1665E-02
 MRCHDU: Convergence failed at  36  side 2    Res =  0.1525E-02
 MRCHDU: Convergence failed at  37  side 2    Res =  0.1349E-01
 MRCHDU: Convergence failed at  74  side 2    Res =  0.5541E-01
 MRCHDU: Convergence failed at  75  side 2    Res =  0.4126E-02
 MRCHDU: Convergence failed at  76  side 2    Res =  0.8927E-03
 MRCHDU: Convergence failed at  77  side 2    Res =  0.5027E-03
 MRCHDU: Convergence failed at  79  side 2    Res =  0.5778E-05
 MRCHDU: Convergence failed at  91  side 2    Res =  0.3083E-04
 MRCHDU: Convergence failed at  92  side 2    Res =  0.2574E-04
 MRCHDU: Convergence failed at  93  side 2    Res =  0.5976E-04
 MRCHDU: Convergence failed at  94  side 2    Res =  0.3680E-04
 MRCHDU: Convergence failed at  95  side 2    Res =  0.9518E-04
 MRCHDU: Convergence failed at  96  side 2    Res =  0.7158E-04
 MRCHDU: Convergence failed at  97  side 2    Res =  0.1492E-03
 MRCHDU: Convergence failed at  98  side 2    Res =  0.1811E-03
 MRCHDU: Convergence failed at  99  side 2    Res =  0.1643E-03
 MRCHDU: Convergence failed at 100  side 2    Res =  0.5291E-03
 MRCHDU: Convergence failed at 101  side 2    Res =  0.1198E-03
 MRCHDU: Convergence failed at 102  side 2    Res =  0.1120E-04
 Side 1 forced transition at x/c =  1.0000   77
 Side 2  free  transition at x/c =  0.0413   24

 262   rms: 0.7014E+12   max: 0.1881E+14   T at   81  2   RLX: 0.000
       a = 10.000      CL = -0.4219
      Cm =  0.0098     CD =+Infinity   =>   CDf =  0.00568    CDp =+Infinity

 MRCHDU: Convergence failed at  27  side 2    Res =  0.7211E-01
 MRCHDU: Convergence failed at  28  side 2    Res =  0.3673E-01
 MRCHDU: Convergence failed at  29  side 2    Res =  0.3539E-01
 MRCHDU: Convergence failed at  30  side 2    Res =  0.1227E-02
 MRCHDU: Convergence failed at  31  side 2    Res =  0.4027E-03
 MRCHDU: Convergence failed at  32  side 2    Res =  0.1908E-03
 MRCHDU: Convergence failed at  33  side 2    Res =  0.2050E-03
 MRCHDU: Convergence failed at  34  side 2    Res =  0.1654E-02
 MRCHDU: Convergence failed at  35  side 2    Res =  0.1665E-02
 MRCHDU: Convergence failed at  36  side 2    Res =  0.1525E-02
 MRCHDU: Convergence failed at  37  side 2    Res =  0.1349E-01
 MRCHDU: Convergence failed at  74  side 2    Res =  0.5543E-01
 MRCHDU: Convergence failed at  75  side 2    Res =  0.4126E-02
 MRCHDU: Convergence failed at  76  side 2    Res =  0.8927E-03
 MRCHDU: Convergence failed at  77  side 2    Res =  0.5027E-03
 MRCHDU: Convergence failed at  79  side 2    Res =  0.5778E-05
 MRCHDU: Convergence failed at  91  side 2    Res =  0.3083E-04
 MRCHDU: Convergence failed at  92  side 2    Res =  0.2574E-04
 MRCHDU: Convergence failed at  93  side 2    Res =  0.5976E-04
 MRCHDU: Convergence failed at  94  side 2    Res =  0.3680E-04
 MRCHDU: Convergence failed at  95  side 2    Res =  0.9518E-04
 MRCHDU: Convergence failed at  96  side 2    Res =  0.7158E-04
 MRCHDU: Convergence failed at  97  side 2    Res =  0.1492E-03
 MRCHDU: Convergence failed at  98  side 2    Res =  0.1811E-03
 MRCHDU: Convergence failed at  99  side 2    Res =  0.1643E-03
 MRCHDU: Convergence failed at 100  side 2    Res =  0.5292E-03
 MRCHDU: Convergence failed at 101  side 2    Res =  0.1198E-03
 MRCHDU: Convergence failed at 102  side 2    Res =  0.1120E-04
 Side 1 forced transition at x/c =  1.0000   77
 Side 2  free  transition at x/c =  0.0413   24

 263   rms: 0.1051E+12   max: -.2832E+13   T at   81  2   RLX: 0.000
       a = 10.000      CL = -0.4219
      Cm =  0.0098     CD =+Infinity   =>   CDf =  0.00568    CDp =+Infinity

 MRCHDU: Convergence failed at  27  side 2    Res =  0.7211E-01
 MRCHDU: Convergence failed at  28  side 2    Res =  0.3673E-01
 MRCHDU: Convergence failed at  29  side 2    Res =  0.3539E-01
 MRCHDU: Convergence failed at  30  side 2    Res =  0.1227E-02
 MRCHDU: Convergence failed at  31  side 2    Res =  0.4027E-03
 MRCHDU: Convergence failed at  32  side 2    Res =  0.1908E-03
 MRCHDU: Convergence failed at  33  side 2    Res =  0.2050E-03
 MRCHDU: Convergence failed at  34  side 2    Res =  0.1654E-02
 MRCHDU: Convergence failed at  35  side 2    Res =  0.1665E-02
 MRCHDU: Convergence failed at  36  side 2    Res =  0.1525E-02
 MRCHDU: Convergence failed at  37  side 2    Res =  0.1349E-01
 MRCHDU: Convergence failed at  74  side 2    Res =  0.5536E-01
 MRCHDU: Convergence failed at  75  side 2    Res =  0.4126E-02
 MRCHDU: Convergence failed at  76  side 2    Res =  0.8927E-03
 MRCHDU: Convergence failed at  77  side 2    Res =  0.5027E-03
 MRCHDU: Convergence failed at  79  side 2    Res =  0.5779E-05
 MRCHDU: Convergence failed at  91  side 2    Res =  0.3083E-04
 MRCHDU: Convergence failed at  92  side 2    Res =  0.2574E-04
 MRCHDU: Convergence failed at  93  side 2    Res =  0.5975E-04
 MRCHDU: Convergence failed at  94  side 2    Res =  0.3680E-04
 MRCHDU: Convergence failed at  95  side 2    Res =  0.9517E-04
 MRCHDU: Convergence failed at  96  side 2    Res =  0.7158E-04
 MRCHDU: Convergence failed at  97  side 2    Res =  0.1492E-03
 MRCHDU: Convergence failed at  98  side 2    Res =  0.1811E-03
 MRCHDU: Convergence failed at  99  side 2    Res =  0.1643E-03
 MRCHDU: Convergence failed at 100  side 2    Res =  0.5291E-03
 MRCHDU: Convergence failed at 101  side 2    Res =  0.1198E-03
 MRCHDU: Convergence failed at 102  side 2    Res =  0.1119E-04
 Side 1 forced transition at x/c =  1.0000   77
 Side 2  free  transition at x/c =  0.0413   24

 264   rms: 0.7402E+11   max: 0.1971E+13   T at   81  2   RLX: 0.000
       a = 10.000      CL = -0.4219
      Cm =  0.0098     CD =+Infinity   =>   CDf =  0.00568    CDp =+Infinity

 MRCHDU: Convergence failed at  27  side 2    Res =  0.7211E-01
 MRCHDU: Convergence failed at  28  side 2    Res =  0.3673E-01
 MRCHDU: Convergence failed at  29  side 2    Res =  0.3539E-01
 MRCHDU: Convergence failed at  30  side 2    Res =  0.1227E-02
 MRCHDU: Convergence failed at  31  side 2    Res =  0.4027E-03
 MRCHDU: Convergence failed at  32  side 2    Res =  0.1908E-03
 MRCHDU: Convergence failed at  33  side 2    Res =  0.2050E-03
 MRCHDU: Convergence failed at  34  side 2    Res =  0.1654E-02
 MRCHDU: Convergence failed at  35  side 2    Res =  0.1665E-02
 MRCHDU: Convergence failed at  36  side 2    Res =  0.1525E-02
 MRCHDU: Convergence failed at  37  side 2    Res =  0.1349E-01
 MRCHDU: Convergence failed at  74  side 2    Res =  0.5545E-01
 MRCHDU: Convergence failed at  75  side 2    Res =  0.4126E-02
 MRCHDU: Convergence failed at  76  side 2    Res =  0.8927E-03
 MRCHDU: Convergence failed at  77  side 2    Res =  0.5027E-03
 MRCHDU: Convergence failed at  79  side 2    Res =  0.5781E-05
 MRCHDU: Convergence failed at  91  side 2    Res =  0.3083E-04
 MRCHDU: Convergence failed at  92  side 2    Res =  0.2574E-04
 MRCHDU: Convergence failed at  93  side 2    Res =  0.5975E-04
 MRCHDU: Convergence failed at  94  side 2    Res =  0.3680E-04
 MRCHDU: Convergence failed at  95  side 2    Res =  0.9517E-04
 MRCHDU: Convergence failed at  96  side 2    Res =  0.7158E-04
 MRCHDU: Convergence failed at  97  side 2    Res =  0.1492E-03
 MRCHDU: Convergence failed at  98  side 2    Res =  0.1811E-03
 MRCHDU: Convergence failed at  99  side 2    Res =  0.1643E-03
 MRCHDU: Convergence failed at 100  side 2    Res =  0.5291E-03
 MRCHDU: Convergence failed at 101  side 2    Res =  0.1198E-03
 MRCHDU: Convergence failed at 102  side 2    Res =  0.1119E-04
 Side 1 forced transition at x/c =  1.0000   77
 Side 2  free  transition at x/c =  0.0413   24

 265   rms: 0.1917E+12   max: -.5055E+13   T at   81  2   RLX: 0.000
       a = 10.000      CL = -0.4219
      Cm =  0.0098     CD =+Infinity   =>   CDf =  0.00568    CDp =+Infinity

 MRCHDU: Convergence failed at  27  side 2    Res =  0.7211E-01
 MRCHDU: Convergence failed at  28  side 2    Res =  0.3673E-01
 MRCHDU: Convergence failed at  29  side 2    Res =  0.3539E-01
 MRCHDU: Convergence failed at  30  side 2    Res =  0.1227E-02
 MRCHDU: Convergence failed at  31  side 2    Res =  0.4027E-03
 MRCHDU: Convergence failed at  32  side 2    Res =  0.1908E-03
 MRCHDU: Convergence failed at  33  side 2    Res =  0.2050E-03
 MRCHDU: Convergence failed at  34  side 2    Res =  0.1654E-02
 MRCHDU: Convergence failed at  35  side 2    Res =  0.1665E-02
 MRCHDU: Convergence failed at  36  side 2    Res =  0.1525E-02
 MRCHDU: Convergence failed at  37  side 2    Res =  0.1349E-01
 MRCHDU: Convergence failed at  74  side 2    Res =  0.5539E-01
 MRCHDU: Convergence failed at  75  side 2    Res =  0.4126E-02
 MRCHDU: Convergence failed at  76  side 2    Res =  0.8927E-03
 MRCHDU: Convergence failed at  77  side 2    Res =  0.5027E-03
 MRCHDU: Convergence failed at  79  side 2    Res =  0.5782E-05
 MRCHDU: Convergence failed at  91  side 2    Res =  0.3083E-04
 MRCHDU: Convergence failed at  92  side 2    Res =  0.2574E-04
 MRCHDU: Convergence failed at  93  side 2    Res =  0.5975E-04
 MRCHDU: Convergence failed at  94  side 2    Res =  0.3680E-04
 MRCHDU: Convergence failed at  95  side 2    Res =  0.9517E-04
 MRCHDU: Convergence failed at  96  side 2    Res =  0.7158E-04
 MRCHDU: Convergence failed at  97  side 2    Res =  0.1492E-03
 MRCHDU: Convergence failed at  98  side 2    Res =  0.1811E-03
 MRCHDU: Convergence failed at  99  side 2    Res =  0.1643E-03
 MRCHDU: Convergence failed at 100  side 2    Res =  0.5291E-03
 MRCHDU: Convergence failed at 101  side 2    Res =  0.1198E-03
 MRCHDU: Convergence failed at 102  side 2    Res =  0.1119E-04
 Side 1 forced transition at x/c =  1.0000   77
 Side 2  free  transition at x/c =  0.0413   24

 266   rms: 0.6316E+11   max: -.1654E+13   T at   81  2   RLX: 0.000
       a = 10.000      CL = -0.4219
      Cm =  0.0098     CD =+Infinity   =>   CDf =  0.00568    CDp =+Infinity

 MRCHDU: Convergence failed at  27  side 2    Res =  0.7211E-01
 MRCHDU: Convergence failed at  28  side 2    Res =  0.3673E-01
 MRCHDU: Convergence failed at  29  side 2    Res =  0.3540E-01
 MRCHDU: Convergence failed at  30  side 2    Res =  0.1227E-02
 MRCHDU: Convergence failed at  31  side 2    Res =  0.4027E-03
 MRCHDU: Convergence failed at  32  side 2    Res =  0.1909E-03
 MRCHDU: Convergence failed at  33  side 2    Res =  0.2051E-03
 MRCHDU: Convergence failed at  34  side 2    Res =  0.1654E-02
 MRCHDU: Convergence failed at  35  side 2    Res =  0.1665E-02
 MRCHDU: Convergence failed at  36  side 2    Res =  0.1525E-02
 MRCHDU: Convergence failed at  37  side 2    Res =  0.1348E-01
 MRCHDU: Convergence failed at  74  side 2    Res =  0.5593E-01
 MRCHDU: Convergence failed at  75  side 2    Res =  0.4126E-02
 MRCHDU: Convergence failed at  76  side 2    Res =  0.8928E-03
 MRCHDU: Convergence failed at  77  side 2    Res =  0.5028E-03
 MRCHDU: Convergence failed at  79  side 2    Res =  0.5779E-05
 MRCHDU: Convergence failed at  91  side 2    Res =  0.3081E-04
 MRCHDU: Convergence failed at  92  side 2    Res =  0.2573E-04
 MRCHDU: Convergence failed at  93  side 2    Res =  0.5972E-04
 MRCHDU: Convergence failed at  94  side 2    Res =  0.3678E-04
 MRCHDU: Convergence failed at  95  side 2    Res =  0.9512E-04
 MRCHDU: Convergence failed at  96  side 2    Res =  0.7154E-04
 MRCHDU: Convergence failed at  97  side 2    Res =  0.1491E-03
 MRCHDU: Convergence failed at  98  side 2    Res =  0.1810E-03
 MRCHDU: Convergence failed at  99  side 2    Res =  0.1641E-03
 MRCHDU: Convergence failed at 100  side 2    Res =  0.5287E-03
 MRCHDU: Convergence failed at 101  side 2    Res =  0.1197E-03
 MRCHDU: Convergence failed at 102  side 2    Res =  0.1119E-04
 Side 1 forced transition at x/c =  1.0000   77
 Side 2  free  transition at x/c =  0.0413   24

 267   rms: 0.1526E+11   max: -.3756E+12   T at   81  2   RLX: 0.000
       a = 10.000      CL = -0.4219
      Cm =  0.0098     CD =+Infinity   =>   CDf =  0.00568    CDp =+Infinity

 MRCHDU: Convergence failed at  27  side 2    Res =  0.7211E-01
 MRCHDU: Convergence failed at  28  side 2    Res =  0.3673E-01
 MRCHDU: Convergence failed at  29  side 2    Res =  0.3541E-01
 MRCHDU: Convergence failed at  30  side 2    Res =  0.1227E-02
 MRCHDU: Convergence failed at  31  side 2    Res =  0.4028E-03
 MRCHDU: Convergence failed at  32  side 2    Res =  0.1909E-03
 MRCHDU: Convergence failed at  33  side 2    Res =  0.2052E-03
 MRCHDU: Convergence failed at  34  side 2    Res =  0.1654E-02
 MRCHDU: Convergence failed at  35  side 2    Res =  0.1665E-02
 MRCHDU: Convergence failed at  36  side 2    Res =  0.1525E-02
 MRCHDU: Convergence failed at  37  side 2    Res =  0.1346E-01
 MRCHDU: Convergence failed at  74  side 2    Res =  0.5667E-01
 MRCHDU: Convergence failed at  75  side 2    Res =  0.4127E-02
 MRCHDU: Convergence failed at  76  side 2    Res =  0.8930E-03
 MRCHDU: Convergence failed at  77  side 2    Res =  0.5029E-03
 MRCHDU: Convergence failed at  79  side 2    Res =  0.5768E-05
 MRCHDU: Convergence failed at  91  side 2    Res =  0.3081E-04
 MRCHDU: Convergence failed at  92  side 2    Res =  0.2573E-04
 MRCHDU: Convergence failed at  93  side 2    Res =  0.5971E-04
 MRCHDU: Convergence failed at  94  side 2    Res =  0.3677E-04
 MRCHDU: Convergence failed at  95  side 2    Res =  0.9511E-04
 MRCHDU: Convergence failed at  96  side 2    Res =  0.7153E-04
 MRCHDU: Convergence failed at  97  side 2    Res =  0.1491E-03
 MRCHDU: Convergence failed at  98  side 2    Res =  0.1810E-03
 MRCHDU: Convergence failed at  99  side 2    Res =  0.1641E-03
 MRCHDU: Convergence failed at 100  side 2    Res =  0.5286E-03
 MRCHDU: Convergence failed at 101  side 2    Res =  0.1197E-03
 MRCHDU: Convergence failed at 102  side 2    Res =  0.1118E-04
 Side 1 forced transition at x/c =  1.0000   77
 Side 2  free  transition at x/c =  0.0413   24

 268   rms: 0.1140E+12   max: -.2471E+13   T at   81  2   RLX: 0.000
       a = 10.000      CL = -0.4219
      Cm =  0.0098     CD =+Infinity   =>   CDf =  0.00568    CDp =+Infinity

 MRCHDU: Convergence failed at  27  side 2    Res =  0.7211E-01
 MRCHDU: Convergence failed at  28  side 2    Res =  0.3673E-01
 MRCHDU: Convergence failed at  29  side 2    Res =  0.3541E-01
 MRCHDU: Convergence failed at  30  side 2    Res =  0.1227E-02
 MRCHDU: Convergence failed at  31  side 2    Res =  0.4028E-03
 MRCHDU: Convergence failed at  32  side 2    Res =  0.1910E-03
 MRCHDU: Convergence failed at  33  side 2    Res =  0.2053E-03
 MRCHDU: Convergence failed at  34  side 2    Res =  0.1653E-02
 MRCHDU: Convergence failed at  35  side 2    Res =  0.1665E-02
 MRCHDU: Convergence failed at  36  side 2    Res =  0.1525E-02
 MRCHDU: Convergence failed at  37  side 2    Res =  0.1346E-01
 MRCHDU: Convergence failed at  74  side 2    Res =  0.5671E-01
 MRCHDU: Convergence failed at  75  side 2    Res =  0.4127E-02
 MRCHDU: Convergence failed at  76  side 2    Res =  0.8932E-03
 MRCHDU: Convergence failed at  77  side 2    Res =  0.5030E-03
 MRCHDU: Convergence failed at  79  side 2    Res =  0.5769E-05
 MRCHDU: Convergence failed at  91  side 2    Res =  0.3081E-04
 MRCHDU: Convergence failed at  92  side 2    Res =  0.2573E-04
 MRCHDU: Convergence failed at  93  side 2    Res =  0.5971E-04
 MRCHDU: Convergence failed at  94  side 2    Res =  0.3677E-04
 MRCHDU: Convergence failed at  95  side 2    Res =  0.9510E-04
 MRCHDU: Convergence failed at  96  side 2    Res =  0.7152E-04
 MRCHDU: Convergence failed at  97  side 2    Res =  0.1491E-03
 MRCHDU: Convergence failed at  98  side 2    Res =  0.1809E-03
 MRCHDU: Convergence failed at  99  side 2    Res =  0.1641E-03
 MRCHDU: Convergence failed at 100  side 2    Res =  0.5286E-03
 MRCHDU: Convergence failed at 101  side 2    Res =  0.1197E-03
 MRCHDU: Convergence failed at 102  side 2    Res =  0.1118E-04
 Side 1 forced transition at x/c =  1.0000   77
 Side 2  free  transition at x/c =  0.0413   24

 269   rms: 0.9658E+11   max: 0.2448E+13   T at   81  2   RLX: 0.000
       a = 10.000      CL = -0.4219
      Cm =  0.0098     CD =+Infinity   =>   CDf =  0.00568    CDp =+Infinity

 MRCHDU: Convergence failed at  27  side 2    Res =  0.7211E-01
 MRCHDU: Convergence failed at  28  side 2    Res =  0.3673E-01
 MRCHDU: Convergence failed at  29  side 2    Res =  0.3541E-01
 MRCHDU: Convergence failed at  30  side 2    Res =  0.1227E-02
 MRCHDU: Convergence failed at  31  side 2    Res =  0.4028E-03
 MRCHDU: Convergence failed at  32  side 2    Res =  0.1910E-03
 MRCHDU: Convergence failed at  33  side 2    Res =  0.2053E-03
 MRCHDU: Convergence failed at  34  side 2    Res =  0.1653E-02
 MRCHDU: Convergence failed at  35  side 2    Res =  0.1665E-02
 MRCHDU: Convergence failed at  36  side 2    Res =  0.1525E-02
 MRCHDU: Convergence failed at  37  side 2    Res =  0.1346E-01
 MRCHDU: Convergence failed at  74  side 2    Res =  0.5672E-01
 MRCHDU: Convergence failed at  75  side 2    Res =  0.4127E-02
 MRCHDU: Convergence failed at  76  side 2    Res =  0.8931E-03
 MRCHDU: Convergence failed at  77  side 2    Res =  0.5030E-03
 MRCHDU: Convergence failed at  79  side 2    Res =  0.5768E-05
 MRCHDU: Convergence failed at  91  side 2    Res =  0.3081E-04
 MRCHDU: Convergence failed at  92  side 2    Res =  0.2573E-04
 MRCHDU: Convergence failed at  93  side 2    Res =  0.5971E-04
 MRCHDU: Convergence failed at  94  side 2    Res =  0.3677E-04
 MRCHDU: Convergence failed at  95  side 2    Res =  0.9510E-04
 MRCHDU: Convergence failed at  96  side 2    Res =  0.7152E-04
 MRCHDU: Convergence failed at  97  side 2    Res =  0.1491E-03
 MRCHDU: Convergence failed at  98  side 2    Res =  0.1809E-03
 MRCHDU: Convergence failed at  99  side 2    Res =  0.1641E-03
 MRCHDU: Convergence failed at 100  side 2    Res =  0.5286E-03
 MRCHDU: Convergence failed at 101  side 2    Res =  0.1197E-03
 MRCHDU: Convergence failed at 102  side 2    Res =  0.1118E-04
 Side 1 forced transition at x/c =  1.0000   77
 Side 2  free  transition at x/c =  0.0413   24

 270   rms: 0.2456E+12   max: -.6658E+13   T at   81  2   RLX: 0.000
       a = 10.000      CL = -0.4219
      Cm =  0.0098     CD =+Infinity   =>   CDf =  0.00568    CDp =+Infinity

 MRCHDU: Convergence failed at  27  side 2    Res =  0.7211E-01
 MRCHDU: Convergence failed at  28  side 2    Res =  0.3673E-01
 MRCHDU: Convergence failed at  29  side 2    Res =  0.3541E-01
 MRCHDU: Convergence failed at  30  side 2    Res =  0.1227E-02
 MRCHDU: Convergence failed at  31  side 2    Res =  0.4029E-03
 MRCHDU: Convergence failed at  32  side 2    Res =  0.1910E-03
 MRCHDU: Convergence failed at  33  side 2    Res =  0.2053E-03
 MRCHDU: Convergence failed at  34  side 2    Res =  0.1653E-02
 MRCHDU: Convergence failed at  35  side 2    Res =  0.1665E-02
 MRCHDU: Convergence failed at  36  side 2    Res =  0.1525E-02
 MRCHDU: Convergence failed at  37  side 2    Res =  0.1346E-01
 MRCHDU: Convergence failed at  74  side 2    Res =  0.5664E-01
 MRCHDU: Convergence failed at  75  side 2    Res =  0.4129E-02
 MRCHDU: Convergence failed at  76  side 2    Res =  0.8935E-03
 MRCHDU: Convergence failed at  77  side 2    Res =  0.5033E-03
 MRCHDU: Convergence failed at  79  side 2    Res =  0.5775E-05
 MRCHDU: Convergence failed at  91  side 2    Res =  0.3079E-04
 MRCHDU: Convergence failed at  92  side 2    Res =  0.2571E-04
 MRCHDU: Convergence failed at  93  side 2    Res =  0.5967E-04
 MRCHDU: Convergence failed at  94  side 2    Res =  0.3675E-04
 MRCHDU: Convergence failed at  95  side 2    Res =  0.9504E-04
 MRCHDU: Convergence failed at  96  side 2    Res =  0.7147E-04
 MRCHDU: Convergence failed at  97  side 2    Res =  0.1490E-03
 MRCHDU: Convergence failed at  98  side 2    Res =  0.1808E-03
 MRCHDU: Convergence failed at  99  side 2    Res =  0.1640E-03
 MRCHDU: Convergence failed at 100  side 2    Res =  0.5281E-03
 MRCHDU: Convergence failed at 101  side 2    Res =  0.1196E-03
 MRCHDU: Convergence failed at 102  side 2    Res =  0.1117E-04
 Side 1 forced transition at x/c =  1.0000   77
 Side 2  free  transition at x/c =  0.0413   24

 271   rms: 0.1807E+12   max: 0.4721E+13   T at   81  2   RLX: 0.000
       a = 10.000      CL = -0.4219
      Cm =  0.0098     CD =+Infinity   =>   CDf =  0.00568    CDp =+Infinity

 MRCHDU: Convergence failed at  27  side 2    Res =  0.7211E-01
 MRCHDU: Convergence failed at  28  side 2    Res =  0.3673E-01
 MRCHDU: Convergence failed at  29  side 2    Res =  0.3541E-01
 MRCHDU: Convergence failed at  30  side 2    Res =  0.1227E-02
 MRCHDU: Convergence failed at  31  side 2    Res =  0.4028E-03
 MRCHDU: Convergence failed at  32  side 2    Res =  0.1910E-03
 MRCHDU: Convergence failed at  33  side 2    Res =  0.2053E-03
 MRCHDU: Convergence failed at  34  side 2    Res =  0.1653E-02
 MRCHDU: Convergence failed at  35  side 2    Res =  0.1665E-02
 MRCHDU: Convergence failed at  36  side 2    Res =  0.1525E-02
 MRCHDU: Convergence failed at  37  side 2    Res =  0.1346E-01
 MRCHDU: Convergence failed at  74  side 2    Res =  0.5661E-01
 MRCHDU: Convergence failed at  75  side 2    Res =  0.4129E-02
 MRCHDU: Convergence failed at  76  side 2    Res =  0.8936E-03
 MRCHDU: Convergence failed at  77  side 2    Res =  0.5033E-03
 MRCHDU: Convergence failed at  79  side 2    Res =  0.5780E-05
 MRCHDU: Convergence failed at  91  side 2    Res =  0.3080E-04
 MRCHDU: Convergence failed at  92  side 2    Res =  0.2571E-04
 MRCHDU: Convergence failed at  93  side 2    Res =  0.5968E-04
 MRCHDU: Convergence failed at  94  side 2    Res =  0.3676E-04
 MRCHDU: Convergence failed at  95  side 2    Res =  0.9505E-04
 MRCHDU: Convergence failed at  96  side 2    Res =  0.7149E-04
 MRCHDU: Convergence failed at  97  side 2    Res =  0.1490E-03
 MRCHDU: Convergence failed at  98  side 2    Res =  0.1808E-03
 MRCHDU: Convergence failed at  99  side 2    Res =  0.1640E-03
 MRCHDU: Convergence failed at 100  side 2    Res =  0.5282E-03
 MRCHDU: Convergence failed at 101  side 2    Res =  0.1196E-03
 MRCHDU: Convergence failed at 102  side 2    Res =  0.1118E-04
 Side 1 forced transition at x/c =  1.0000   77
 Side 2  free  transition at x/c =  0.0413   24

 272   rms: 0.2168E+12   max: -.5450E+13   T at   81  2   RLX: 0.000
       a = 10.000      CL = -0.4219
      Cm =  0.0098     CD =+Infinity   =>   CDf =  0.00568    CDp =+Infinity

 MRCHDU: Convergence failed at  27  side 2    Res =  0.7211E-01
 MRCHDU: Convergence failed at  28  side 2    Res =  0.3673E-01
 MRCHDU: Convergence failed at  29  side 2    Res =  0.3540E-01
 MRCHDU: Convergence failed at  30  side 2    Res =  0.1227E-02
 MRCHDU: Convergence failed at  31  side 2    Res =  0.4028E-03
 MRCHDU: Convergence failed at  32  side 2    Res =  0.1909E-03
 MRCHDU: Convergence failed at  33  side 2    Res =  0.2052E-03
 MRCHDU: Convergence failed at  34  side 2    Res =  0.1654E-02
 MRCHDU: Convergence failed at  35  side 2    Res =  0.1665E-02
 MRCHDU: Convergence failed at  36  side 2    Res =  0.1525E-02
 MRCHDU: Convergence failed at  37  side 2    Res =  0.1346E-01
 MRCHDU: Convergence failed at  74  side 2    Res =  0.5646E-01
 MRCHDU: Convergence failed at  75  side 2    Res =  0.4129E-02
 MRCHDU: Convergence failed at  76  side 2    Res =  0.8936E-03
 MRCHDU: Convergence failed at  77  side 2    Res =  0.5033E-03
 MRCHDU: Convergence failed at  79  side 2    Res =  0.5770E-05
 MRCHDU: Convergence failed at  91  side 2    Res =  0.3078E-04
 MRCHDU: Convergence failed at  92  side 2    Res =  0.2570E-04
 MRCHDU: Convergence failed at  93  side 2    Res =  0.5965E-04
 MRCHDU: Convergence failed at  94  side 2    Res =  0.3674E-04
 MRCHDU: Convergence failed at  95  side 2    Res =  0.9500E-04
 MRCHDU: Convergence failed at  96  side 2    Res =  0.7145E-04
 MRCHDU: Convergence failed at  97  side 2    Res =  0.1489E-03
 MRCHDU: Convergence failed at  98  side 2    Res =  0.1807E-03
 MRCHDU: Convergence failed at  99  side 2    Res =  0.1639E-03
 MRCHDU: Convergence failed at 100  side 2    Res =  0.5279E-03
 MRCHDU: Convergence failed at 101  side 2    Res =  0.1195E-03
 MRCHDU: Convergence failed at 102  side 2    Res =  0.1117E-04
 Side 1 forced transition at x/c =  1.0000   77
 Side 2  free  transition at x/c =  0.0413   24

 273   rms: 0.1647E+12   max: -.4419E+13   T at   81  2   RLX: 0.000
       a = 10.000      CL = -0.4219
      Cm =  0.0098     CD =+Infinity   =>   CDf =  0.00568    CDp =+Infinity

 MRCHDU: Convergence failed at  27  side 2    Res =  0.7211E-01
 MRCHDU: Convergence failed at  28  side 2    Res =  0.3673E-01
 MRCHDU: Convergence failed at  29  side 2    Res =  0.3540E-01
 MRCHDU: Convergence failed at  30  side 2    Res =  0.1227E-02
 MRCHDU: Convergence failed at  31  side 2    Res =  0.4028E-03
 MRCHDU: Convergence failed at  32  side 2    Res =  0.1909E-03
 MRCHDU: Convergence failed at  33  side 2    Res =  0.2052E-03
 MRCHDU: Convergence failed at  34  side 2    Res =  0.1654E-02
 MRCHDU: Convergence failed at  35  side 2    Res =  0.1665E-02
 MRCHDU: Convergence failed at  36  side 2    Res =  0.1525E-02
 MRCHDU: Convergence failed at  37  side 2    Res =  0.1346E-01
 MRCHDU: Convergence failed at  74  side 2    Res =  0.5643E-01
 MRCHDU: Convergence failed at  75  side 2    Res =  0.4129E-02
 MRCHDU: Convergence failed at  76  side 2    Res =  0.8936E-03
 MRCHDU: Convergence failed at  77  side 2    Res =  0.5034E-03
 MRCHDU: Convergence failed at  79  side 2    Res =  0.5770E-05
 MRCHDU: Convergence failed at  91  side 2    Res =  0.3078E-04
 MRCHDU: Convergence failed at  92  side 2    Res =  0.2570E-04
 MRCHDU: Convergence failed at  93  side 2    Res =  0.5965E-04
 MRCHDU: Convergence failed at  94  side 2    Res =  0.3674E-04
 MRCHDU: Convergence failed at  95  side 2    Res =  0.9500E-04
 MRCHDU: Convergence failed at  96  side 2    Res =  0.7144E-04
 MRCHDU: Convergence failed at  97  side 2    Res =  0.1489E-03
 MRCHDU: Convergence failed at  98  side 2    Res =  0.1807E-03
 MRCHDU: Convergence failed at  99  side 2    Res =  0.1639E-03
 MRCHDU: Convergence failed at 100  side 2    Res =  0.5278E-03
 MRCHDU: Convergence failed at 101  side 2    Res =  0.1195E-03
 MRCHDU: Convergence failed at 102  side 2    Res =  0.1117E-04
 Side 1 forced transition at x/c =  1.0000   77
 Side 2  free  transition at x/c =  0.0413   24

 274   rms: 0.2745E+12   max: 0.6569E+13   T at   81  2   RLX: 0.000
       a = 10.000      CL = -0.4219
      Cm =  0.0098     CD =+Infinity   =>   CDf =  0.00568    CDp =+Infinity

 MRCHDU: Convergence failed at  27  side 2    Res =  0.7211E-01
 MRCHDU: Convergence failed at  28  side 2    Res =  0.3673E-01
 MRCHDU: Convergence failed at  29  side 2    Res =  0.3541E-01
 MRCHDU: Convergence failed at  30  side 2    Res =  0.1227E-02
 MRCHDU: Convergence failed at  31  side 2    Res =  0.4028E-03
 MRCHDU: Convergence failed at  32  side 2    Res =  0.1909E-03
 MRCHDU: Convergence failed at  33  side 2    Res =  0.2053E-03
 MRCHDU: Convergence failed at  34  side 2    Res =  0.1653E-02
 MRCHDU: Convergence failed at  35  side 2    Res =  0.1665E-02
 MRCHDU: Convergence failed at  36  side 2    Res =  0.1525E-02
 MRCHDU: Convergence failed at  37  side 2    Res =  0.1346E-01
 MRCHDU: Convergence failed at  74  side 2    Res =  0.5610E-01
 MRCHDU: Convergence failed at  75  side 2    Res =  0.4130E-02
 MRCHDU: Convergence failed at  76  side 2    Res =  0.8941E-03
 MRCHDU: Convergence failed at  77  side 2    Res =  0.5038E-03
 MRCHDU: Convergence failed at  79  side 2    Res =  0.5807E-05
 MRCHDU: Convergence failed at  91  side 2    Res =  0.3085E-04
 MRCHDU: Convergence failed at  92  side 2    Res =  0.2576E-04
 MRCHDU: Convergence failed at  93  side 2    Res =  0.5979E-04
 MRCHDU: Convergence failed at  94  side 2    Res =  0.3682E-04
 MRCHDU: Convergence failed at  95  side 2    Res =  0.9523E-04
 MRCHDU: Convergence failed at  96  side 2    Res =  0.7163E-04
 MRCHDU: Convergence failed at  97  side 2    Res =  0.1493E-03
 MRCHDU: Convergence failed at  98  side 2    Res =  0.1812E-03
 MRCHDU: Convergence failed at  99  side 2    Res =  0.1644E-03
 MRCHDU: Convergence failed at 100  side 2    Res =  0.5296E-03
 MRCHDU: Convergence failed at 101  side 2    Res =  0.1199E-03
 MRCHDU: Convergence failed at 102  side 2    Res =  0.1120E-04
 Side 1 forced transition at x/c =  1.0000   77
 Side 2  free  transition at x/c =  0.0413   24

 275   rms: 0.7911E+11   max: -.2054E+13   T at   81  2   RLX: 0.000
       a = 10.000      CL = -0.4219
      Cm =  0.0098     CD =+Infinity   =>   CDf =  0.00568    CDp =+Infinity

 MRCHDU: Convergence failed at  27  side 2    Res =  0.7211E-01
 MRCHDU: Convergence failed at  28  side 2    Res =  0.3673E-01
 MRCHDU: Convergence failed at  29  side 2    Res =  0.3541E-01
 MRCHDU: Convergence failed at  30  side 2    Res =  0.1227E-02
 MRCHDU: Convergence failed at  31  side 2    Res =  0.4028E-03
 MRCHDU: Convergence failed at  32  side 2    Res =  0.1910E-03
 MRCHDU: Convergence failed at  33  side 2    Res =  0.2053E-03
 MRCHDU: Convergence failed at  34  side 2    Res =  0.1653E-02
 MRCHDU: Convergence failed at  35  side 2    Res =  0.1664E-02
 MRCHDU: Convergence failed at  36  side 2    Res =  0.1525E-02
 MRCHDU: Convergence failed at  37  side 2    Res =  0.1345E-01
 MRCHDU: Convergence failed at  74  side 2    Res =  0.5623E-01
 MRCHDU: Convergence failed at  75  side 2    Res =  0.4129E-02
 MRCHDU: Convergence failed at  76  side 2    Res =  0.8937E-03
 MRCHDU: Convergence failed at  77  side 2    Res =  0.5034E-03
 MRCHDU: Convergence failed at  79  side 2    Res =  0.5806E-05
 MRCHDU: Convergence failed at  91  side 2    Res =  0.3083E-04
 MRCHDU: Convergence failed at  92  side 2    Res =  0.2574E-04
 MRCHDU: Convergence failed at  93  side 2    Res =  0.5975E-04
 MRCHDU: Convergence failed at  94  side 2    Res =  0.3680E-04
 MRCHDU: Convergence failed at  95  side 2    Res =  0.9516E-04
 MRCHDU: Convergence failed at  96  side 2    Res =  0.7157E-04
 MRCHDU: Convergence failed at  97  side 2    Res =  0.1492E-03
 MRCHDU: Convergence failed at  98  side 2    Res =  0.1811E-03
 MRCHDU: Convergence failed at  99  side 2    Res =  0.1642E-03
 MRCHDU: Convergence failed at 100  side 2    Res =  0.5290E-03
 MRCHDU: Convergence failed at 101  side 2    Res =  0.1198E-03
 MRCHDU: Convergence failed at 102  side 2    Res =  0.1119E-04
 Side 1 forced transition at x/c =  1.0000   77
 Side 2  free  transition at x/c =  0.0413   24

 276   rms: 0.5030E+11   max: 0.1145E+13   T at   81  2   RLX: 0.000
       a = 10.000      CL = -0.4219
      Cm =  0.0098     CD =+Infinity   =>   CDf =  0.00568    CDp =+Infinity

 MRCHDU: Convergence failed at  27  side 2    Res =  0.7211E-01
 MRCHDU: Convergence failed at  28  side 2    Res =  0.3673E-01
 MRCHDU: Convergence failed at  29  side 2    Res =  0.3541E-01
 MRCHDU: Convergence failed at  30  side 2    Res =  0.1227E-02
 MRCHDU: Convergence failed at  31  side 2    Res =  0.4028E-03
 MRCHDU: Convergence failed at  32  side 2    Res =  0.1910E-03
 MRCHDU: Convergence failed at  33  side 2    Res =  0.2053E-03
 MRCHDU: Convergence failed at  34  side 2    Res =  0.1653E-02
 MRCHDU: Convergence failed at  35  side 2    Res =  0.1664E-02
 MRCHDU: Convergence failed at  36  side 2    Res =  0.1525E-02
 MRCHDU: Convergence failed at  37  side 2    Res =  0.1345E-01
 MRCHDU: Convergence failed at  74  side 2    Res =  0.5630E-01
 MRCHDU: Convergence failed at  75  side 2    Res =  0.4129E-02
 MRCHDU: Convergence failed at  76  side 2    Res =  0.8936E-03
 MRCHDU: Convergence failed at  77  side 2    Res =  0.5033E-03
 MRCHDU: Convergence failed at  79  side 2    Res =  0.5825E-05
 MRCHDU: Convergence failed at  91  side 2    Res =  0.3083E-04
 MRCHDU: Convergence failed at  92  side 2    Res =  0.2574E-04
 MRCHDU: Convergence failed at  93  side 2    Res =  0.5975E-04
 MRCHDU: Convergence failed at  94  side 2    Res =  0.3680E-04
 MRCHDU: Convergence failed at  95  side 2    Res =  0.9517E-04
 MRCHDU: Convergence failed at  96  side 2    Res =  0.7158E-04
 MRCHDU: Convergence failed at  97  side 2    Res =  0.1492E-03
 MRCHDU: Convergence failed at  98  side 2    Res =  0.1811E-03
 MRCHDU: Convergence failed at  99  side 2    Res =  0.1643E-03
 MRCHDU: Convergence failed at 100  side 2    Res =  0.5291E-03
 MRCHDU: Convergence failed at 101  side 2    Res =  0.1198E-03
 MRCHDU: Convergence failed at 102  side 2    Res =  0.1119E-04
 Side 1 forced transition at x/c =  1.0000   77
 Side 2  free  transition at x/c =  0.0413   24

 277   rms: 0.1926E+12   max: 0.5223E+13   T at   81  2   RLX: 0.000
       a = 10.000      CL = -0.4219
      Cm =  0.0098     CD =+Infinity   =>   CDf =  0.00568    CDp =+Infinity

 MRCHDU: Convergence failed at  27  side 2    Res =  0.7211E-01
 MRCHDU: Convergence failed at  28  side 2    Res =  0.3673E-01
 MRCHDU: Convergence failed at  29  side 2    Res =  0.3541E-01
 MRCHDU: Convergence failed at  30  side 2    Res =  0.1227E-02
 MRCHDU: Convergence failed at  31  side 2    Res =  0.4028E-03
 MRCHDU: Convergence failed at  32  side 2    Res =  0.1910E-03
 MRCHDU: Convergence failed at  33  side 2    Res =  0.2053E-03
 MRCHDU: Convergence failed at  34  side 2    Res =  0.1653E-02
 MRCHDU: Convergence failed at  35  side 2    Res =  0.1664E-02
 MRCHDU: Convergence failed at  36  side 2    Res =  0.1525E-02
 MRCHDU: Convergence failed at  37  side 2    Res =  0.1345E-01
 MRCHDU: Convergence failed at  74  side 2    Res =  0.5633E-01
 MRCHDU: Convergence failed at  75  side 2    Res =  0.4128E-02
 MRCHDU: Convergence failed at  76  side 2    Res =  0.8935E-03
 MRCHDU: Convergence failed at  77  side 2    Res =  0.5033E-03
 MRCHDU: Convergence failed at  79  side 2    Res =  0.5826E-05
 MRCHDU: Convergence failed at  91  side 2    Res =  0.3084E-04
 MRCHDU: Convergence failed at  92  side 2    Res =  0.2574E-04
 MRCHDU: Convergence failed at  93  side 2    Res =  0.5976E-04
 MRCHDU: Convergence failed at  94  side 2    Res =  0.3681E-04
 MRCHDU: Convergence failed at  95  side 2    Res =  0.9518E-04
 MRCHDU: Convergence failed at  96  side 2    Res =  0.7159E-04
 MRCHDU: Convergence failed at  97  side 2    Res =  0.1492E-03
 MRCHDU: Convergence failed at  98  side 2    Res =  0.1811E-03
 MRCHDU: Convergence failed at  99  side 2    Res =  0.1643E-03
 MRCHDU: Convergence failed at 100  side 2    Res =  0.5292E-03
 MRCHDU: Convergence failed at 101  side 2    Res =  0.1199E-03
 MRCHDU: Convergence failed at 102  side 2    Res =  0.1120E-04
 Side 1 forced transition at x/c =  1.0000   77
 Side 2  free  transition at x/c =  0.0413   24

 278   rms: 0.1364E+12   max: -.3681E+13   T at   81  2   RLX: 0.000
       a = 10.000      CL = -0.4219
      Cm =  0.0098     CD =+Infinity   =>   CDf =  0.00568    CDp =+Infinity

 MRCHDU: Convergence failed at  27  side 2    Res =  0.7211E-01
 MRCHDU: Convergence failed at  28  side 2    Res =  0.3673E-01
 MRCHDU: Convergence failed at  29  side 2    Res =  0.3541E-01
 MRCHDU: Convergence failed at  30  side 2    Res =  0.1227E-02
 MRCHDU: Convergence failed at  31  side 2    Res =  0.4028E-03
 MRCHDU: Convergence failed at  32  side 2    Res =  0.1910E-03
 MRCHDU: Convergence failed at  33  side 2    Res =  0.2053E-03
 MRCHDU: Convergence failed at  34  side 2    Res =  0.1653E-02
 MRCHDU: Convergence failed at  35  side 2    Res =  0.1664E-02
 MRCHDU: Convergence failed at  36  side 2    Res =  0.1525E-02
 MRCHDU: Convergence failed at  37  side 2    Res =  0.1346E-01
 MRCHDU: Convergence failed at  74  side 2    Res =  0.5632E-01
 MRCHDU: Convergence failed at  75  side 2    Res =  0.4128E-02
 MRCHDU: Convergence failed at  76  side 2    Res =  0.8935E-03
 MRCHDU: Convergence failed at  77  side 2    Res =  0.5032E-03
 MRCHDU: Convergence failed at  79  side 2    Res =  0.5827E-05
 MRCHDU: Convergence failed at  91  side 2    Res =  0.3084E-04
 MRCHDU: Convergence failed at  92  side 2    Res =  0.2574E-04
 MRCHDU: Convergence failed at  93  side 2    Res =  0.5976E-04
 MRCHDU: Convergence failed at  94  side 2    Res =  0.3680E-04
 MRCHDU: Convergence failed at  95  side 2    Res =  0.9518E-04
 MRCHDU: Convergence failed at  96  side 2    Res =  0.7158E-04
 MRCHDU: Convergence failed at  97  side 2    Res =  0.1492E-03
 MRCHDU: Convergence failed at  98  side 2    Res =  0.1811E-03
 MRCHDU: Convergence failed at  99  side 2    Res =  0.1643E-03
 MRCHDU: Convergence failed at 100  side 2    Res =  0.5291E-03
 MRCHDU: Convergence failed at 101  side 2    Res =  0.1198E-03
 MRCHDU: Convergence failed at 102  side 2    Res =  0.1120E-04
 Side 1 forced transition at x/c =  1.0000   77
 Side 2  free  transition at x/c =  0.0413   24

 279   rms: 0.1034E+13   max: -.2788E+14   T at   81  2   RLX: 0.000
       a = 10.000      CL = -0.4219
      Cm =  0.0098     CD =+Infinity   =>   CDf =  0.00568    CDp =+Infinity

 MRCHDU: Convergence failed at  27  side 2    Res =  0.7211E-01
 MRCHDU: Convergence failed at  28  side 2    Res =  0.3673E-01
 MRCHDU: Convergence failed at  29  side 2    Res =  0.3541E-01
 MRCHDU: Convergence failed at  30  side 2    Res =  0.1227E-02
 MRCHDU: Convergence failed at  31  side 2    Res =  0.4028E-03
 MRCHDU: Convergence failed at  32  side 2    Res =  0.1910E-03
 MRCHDU: Convergence failed at  33  side 2    Res =  0.2053E-03
 MRCHDU: Convergence failed at  34  side 2    Res =  0.1653E-02
 MRCHDU: Convergence failed at  35  side 2    Res =  0.1664E-02
 MRCHDU: Convergence failed at  36  side 2    Res =  0.1525E-02
 MRCHDU: Convergence failed at  37  side 2    Res =  0.1346E-01
 MRCHDU: Convergence failed at  74  side 2    Res =  0.5632E-01
 MRCHDU: Convergence failed at  75  side 2    Res =  0.4128E-02
 MRCHDU: Convergence failed at  76  side 2    Res =  0.8934E-03
 MRCHDU: Convergence failed at  77  side 2    Res =  0.5032E-03
 MRCHDU: Convergence failed at  79  side 2    Res =  0.5828E-05
 MRCHDU: Convergence failed at  91  side 2    Res =  0.3083E-04
 MRCHDU: Convergence failed at  92  side 2    Res =  0.2574E-04
 MRCHDU: Convergence failed at  93  side 2    Res =  0.5976E-04
 MRCHDU: Convergence failed at  94  side 2    Res =  0.3680E-04
 MRCHDU: Convergence failed at  95  side 2    Res =  0.9517E-04
 MRCHDU: Convergence failed at  96  side 2    Res =  0.7158E-04
 MRCHDU: Convergence failed at  97  side 2    Res =  0.1492E-03
 MRCHDU: Convergence failed at  98  side 2    Res =  0.1811E-03
 MRCHDU: Convergence failed at  99  side 2    Res =  0.1643E-03
 MRCHDU: Convergence failed at 100  side 2    Res =  0.5291E-03
 MRCHDU: Convergence failed at 101  side 2    Res =  0.1198E-03
 MRCHDU: Convergence failed at 102  side 2    Res =  0.1119E-04
 Side 1 forced transition at x/c =  1.0000   77
 Side 2  free  transition at x/c =  0.0413   24

 280   rms: 0.1318E+12   max: 0.3487E+13   T at   81  2   RLX: 0.000
       a = 10.000      CL = -0.4219
      Cm =  0.0098     CD =+Infinity   =>   CDf =  0.00568    CDp =+Infinity

 MRCHDU: Convergence failed at  27  side 2    Res =  0.7211E-01
 MRCHDU: Convergence failed at  28  side 2    Res =  0.3673E-01
 MRCHDU: Convergence failed at  29  side 2    Res =  0.3541E-01
 MRCHDU: Convergence failed at  30  side 2    Res =  0.1227E-02
 MRCHDU: Convergence failed at  31  side 2    Res =  0.4028E-03
 MRCHDU: Convergence failed at  32  side 2    Res =  0.1909E-03
 MRCHDU: Convergence failed at  33  side 2    Res =  0.2053E-03
 MRCHDU: Convergence failed at  34  side 2    Res =  0.1653E-02
 MRCHDU: Convergence failed at  35  side 2    Res =  0.1665E-02
 MRCHDU: Convergence failed at  36  side 2    Res =  0.1525E-02
 MRCHDU: Convergence failed at  37  side 2    Res =  0.1346E-01
 MRCHDU: Convergence failed at  74  side 2    Res =  0.5610E-01
 MRCHDU: Convergence failed at  75  side 2    Res =  0.4128E-02
 MRCHDU: Convergence failed at  76  side 2    Res =  0.8934E-03
 MRCHDU: Convergence failed at  77  side 2    Res =  0.5032E-03
 MRCHDU: Convergence failed at  79  side 2    Res =  0.5823E-05
 MRCHDU: Convergence failed at  91  side 2    Res =  0.3085E-04
 MRCHDU: Convergence failed at  92  side 2    Res =  0.2576E-04
 MRCHDU: Convergence failed at  93  side 2    Res =  0.5980E-04
 MRCHDU: Convergence failed at  94  side 2    Res =  0.3683E-04
 MRCHDU: Convergence failed at  95  side 2    Res =  0.9524E-04
 MRCHDU: Convergence failed at  96  side 2    Res =  0.7164E-04
 MRCHDU: Convergence failed at  97  side 2    Res =  0.1493E-03
 MRCHDU: Convergence failed at  98  side 2    Res =  0.1813E-03
 MRCHDU: Convergence failed at  99  side 2    Res =  0.1644E-03
 MRCHDU: Convergence failed at 100  side 2    Res =  0.5296E-03
 MRCHDU: Convergence failed at 101  side 2    Res =  0.1200E-03
 MRCHDU: Convergence failed at 102  side 2    Res =  0.1121E-04
 Side 1 forced transition at x/c =  1.0000   77
 Side 2  free  transition at x/c =  0.0413   24

 281   rms: 0.1391E+12   max: 0.3533E+13   T at   81  2   RLX: 0.000
       a = 10.000      CL = -0.4219
      Cm =  0.0098     CD =+Infinity   =>   CDf =  0.00568    CDp =+Infinity

 MRCHDU: Convergence failed at  27  side 2    Res =  0.7211E-01
 MRCHDU: Convergence failed at  28  side 2    Res =  0.3673E-01
 MRCHDU: Convergence failed at  29  side 2    Res =  0.3541E-01
 MRCHDU: Convergence failed at  30  side 2    Res =  0.1227E-02
 MRCHDU: Convergence failed at  31  side 2    Res =  0.4028E-03
 MRCHDU: Convergence failed at  32  side 2    Res =  0.1909E-03
 MRCHDU: Convergence failed at  33  side 2    Res =  0.2053E-03
 MRCHDU: Convergence failed at  34  side 2    Res =  0.1653E-02
 MRCHDU: Convergence failed at  35  side 2    Res =  0.1665E-02
 MRCHDU: Convergence failed at  36  side 2    Res =  0.1525E-02
 MRCHDU: Convergence failed at  37  side 2    Res =  0.1346E-01
 MRCHDU: Convergence failed at  74  side 2    Res =  0.5614E-01
 MRCHDU: Convergence failed at  75  side 2    Res =  0.4128E-02
 MRCHDU: Convergence failed at  76  side 2    Res =  0.8934E-03
 MRCHDU: Convergence failed at  77  side 2    Res =  0.5033E-03
 MRCHDU: Convergence failed at  79  side 2    Res =  0.5825E-05
 MRCHDU: Convergence failed at  91  side 2    Res =  0.3086E-04
 MRCHDU: Convergence failed at  92  side 2    Res =  0.2576E-04
 MRCHDU: Convergence failed at  93  side 2    Res =  0.5980E-04
 MRCHDU: Convergence failed at  94  side 2    Res =  0.3683E-04
 MRCHDU: Convergence failed at  95  side 2    Res =  0.9525E-04
 MRCHDU: Convergence failed at  96  side 2    Res =  0.7164E-04
 MRCHDU: Convergence failed at  97  side 2    Res =  0.1494E-03
 MRCHDU: Convergence failed at  98  side 2    Res =  0.1813E-03
 MRCHDU: Convergence failed at  99  side 2    Res =  0.1644E-03
 MRCHDU: Convergence failed at 100  side 2    Res =  0.5297E-03
 MRCHDU: Convergence failed at 101  side 2    Res =  0.1200E-03
 MRCHDU: Convergence failed at 102  side 2    Res =  0.1121E-04
 Side 1 forced transition at x/c =  1.0000   77
 Side 2  free  transition at x/c =  0.0413   24

 282   rms: 0.1829E+12   max: -.4939E+13   T at   81  2   RLX: 0.000
       a = 10.000      CL = -0.4219
      Cm =  0.0098     CD =+Infinity   =>   CDf =  0.00568    CDp =+Infinity

 MRCHDU: Convergence failed at  27  side 2    Res =  0.7211E-01
 MRCHDU: Convergence failed at  28  side 2    Res =  0.3673E-01
 MRCHDU: Convergence failed at  29  side 2    Res =  0.3541E-01
 MRCHDU: Convergence failed at  30  side 2    Res =  0.1227E-02
 MRCHDU: Convergence failed at  31  side 2    Res =  0.4028E-03
 MRCHDU: Convergence failed at  32  side 2    Res =  0.1909E-03
 MRCHDU: Convergence failed at  33  side 2    Res =  0.2053E-03
 MRCHDU: Convergence failed at  34  side 2    Res =  0.1653E-02
 MRCHDU: Convergence failed at  35  side 2    Res =  0.1665E-02
 MRCHDU: Convergence failed at  36  side 2    Res =  0.1525E-02
 MRCHDU: Convergence failed at  37  side 2    Res =  0.1346E-01
 MRCHDU: Convergence failed at  74  side 2    Res =  0.5625E-01
 MRCHDU: Convergence failed at  75  side 2    Res =  0.4127E-02
 MRCHDU: Convergence failed at  76  side 2    Res =  0.8931E-03
 MRCHDU: Convergence failed at  77  side 2    Res =  0.5030E-03
 MRCHDU: Convergence failed at  79  side 2    Res =  0.5815E-05
 MRCHDU: Convergence failed at  91  side 2    Res =  0.3085E-04
 MRCHDU: Convergence failed at  92  side 2    Res =  0.2575E-04
 MRCHDU: Convergence failed at  93  side 2    Res =  0.5978E-04
 MRCHDU: Convergence failed at  94  side 2    Res =  0.3682E-04
 MRCHDU: Convergence failed at  95  side 2    Res =  0.9522E-04
 MRCHDU: Convergence failed at  96  side 2    Res =  0.7162E-04
 MRCHDU: Convergence failed at  97  side 2    Res =  0.1493E-03
 MRCHDU: Convergence failed at  98  side 2    Res =  0.1812E-03
 MRCHDU: Convergence failed at  99  side 2    Res =  0.1644E-03
 MRCHDU: Convergence failed at 100  side 2    Res =  0.5295E-03
 MRCHDU: Convergence failed at 101  side 2    Res =  0.1199E-03
 MRCHDU: Convergence failed at 102  side 2    Res =  0.1120E-04
 Side 1 forced transition at x/c =  1.0000   77
 Side 2  free  transition at x/c =  0.0413   24

 283   rms: 0.3638E+11   max: 0.9104E+12   T at   81  2   RLX: 0.000
       a = 10.000      CL = -0.4219
      Cm =  0.0098     CD =+Infinity   =>   CDf =  0.00568    CDp =+Infinity

 MRCHDU: Convergence failed at  27  side 2    Res =  0.7211E-01
 MRCHDU: Convergence failed at  28  side 2    Res =  0.3673E-01
 MRCHDU: Convergence failed at  29  side 2    Res =  0.3541E-01
 MRCHDU: Convergence failed at  30  side 2    Res =  0.1228E-02
 MRCHDU: Convergence failed at  31  side 2    Res =  0.4029E-03
 MRCHDU: Convergence failed at  32  side 2    Res =  0.1910E-03
 MRCHDU: Convergence failed at  33  side 2    Res =  0.2054E-03
 MRCHDU: Convergence failed at  34  side 2    Res =  0.1653E-02
 MRCHDU: Convergence failed at  35  side 2    Res =  0.1664E-02
 MRCHDU: Convergence failed at  36  side 2    Res =  0.1525E-02
 MRCHDU: Convergence failed at  37  side 2    Res =  0.1346E-01
 MRCHDU: Convergence failed at  74  side 2    Res =  0.5659E-01
 MRCHDU: Convergence failed at  75  side 2    Res =  0.4125E-02
 MRCHDU: Convergence failed at  76  side 2    Res =  0.8926E-03
 MRCHDU: Convergence failed at  77  side 2    Res =  0.5026E-03
 MRCHDU: Convergence failed at  79  side 2    Res =  0.5827E-05
 MRCHDU: Convergence failed at  91  side 2    Res =  0.3085E-04
 MRCHDU: Convergence failed at  92  side 2    Res =  0.2576E-04
 MRCHDU: Convergence failed at  93  side 2    Res =  0.5980E-04
 MRCHDU: Convergence failed at  94  side 2    Res =  0.3683E-04
 MRCHDU: Convergence failed at  95  side 2    Res =  0.9525E-04
 MRCHDU: Convergence failed at  96  side 2    Res =  0.7164E-04
 MRCHDU: Convergence failed at  97  side 2    Res =  0.1494E-03
 MRCHDU: Convergence failed at  98  side 2    Res =  0.1813E-03
 MRCHDU: Convergence failed at  99  side 2    Res =  0.1644E-03
 MRCHDU: Convergence failed at 100  side 2    Res =  0.5297E-03
 MRCHDU: Convergence failed at 101  side 2    Res =  0.1200E-03
 MRCHDU: Convergence failed at 102  side 2    Res =  0.1121E-04
 Side 1 forced transition at x/c =  1.0000   77
 Side 2  free  transition at x/c =  0.0413   24

 284   rms: 0.1881E+12   max: -.4776E+13   T at   81  2   RLX: 0.000
       a = 10.000      CL = -0.4219
      Cm =  0.0098     CD =+Infinity   =>   CDf =  0.00568    CDp =+Infinity

 MRCHDU: Convergence failed at  27  side 2    Res =  0.7211E-01
 MRCHDU: Convergence failed at  28  side 2    Res =  0.3674E-01
 MRCHDU: Convergence failed at  29  side 2    Res =  0.3542E-01
 MRCHDU: Convergence failed at  30  side 2    Res =  0.1228E-02
 MRCHDU: Convergence failed at  31  side 2    Res =  0.4029E-03
 MRCHDU: Convergence failed at  32  side 2    Res =  0.1911E-03
 MRCHDU: Convergence failed at  33  side 2    Res =  0.2056E-03
 MRCHDU: Convergence failed at  34  side 2    Res =  0.1652E-02
 MRCHDU: Convergence failed at  35  side 2    Res =  0.1664E-02
 MRCHDU: Convergence failed at  36  side 2    Res =  0.1525E-02
 MRCHDU: Convergence failed at  37  side 2    Res =  0.1345E-01
 MRCHDU: Convergence failed at  74  side 2    Res =  0.5815E-01
 MRCHDU: Convergence failed at  75  side 2    Res =  0.4113E-02
 MRCHDU: Convergence failed at  76  side 2    Res =  0.8888E-03
 MRCHDU: Convergence failed at  77  side 2    Res =  0.4995E-03
 MRCHDU: Convergence failed at  79  side 2    Res =  0.5700E-05
 MRCHDU: Convergence failed at  91  side 2    Res =  0.3073E-04
 MRCHDU: Convergence failed at  92  side 2    Res =  0.2566E-04
 MRCHDU: Convergence failed at  93  side 2    Res =  0.5955E-04
 MRCHDU: Convergence failed at  94  side 2    Res =  0.3667E-04
 MRCHDU: Convergence failed at  95  side 2    Res =  0.9483E-04
 MRCHDU: Convergence failed at  96  side 2    Res =  0.7131E-04
 MRCHDU: Convergence failed at  97  side 2    Res =  0.1486E-03
 MRCHDU: Convergence failed at  98  side 2    Res =  0.1803E-03
 MRCHDU: Convergence failed at  99  side 2    Res =  0.1635E-03
 MRCHDU: Convergence failed at 100  side 2    Res =  0.5266E-03
 MRCHDU: Convergence failed at 101  side 2    Res =  0.1192E-03
 MRCHDU: Convergence failed at 102  side 2    Res =  0.1114E-04
 Side 1 forced transition at x/c =  1.0000   77
 Side 2  free  transition at x/c =  0.0413   24

 285   rms: 0.8625E+12   max: 0.2264E+14   T at   81  2   RLX: 0.000
       a = 10.000      CL = -0.4219
      Cm =  0.0098     CD =+Infinity   =>   CDf =  0.00568    CDp =+Infinity

 MRCHDU: Convergence failed at  27  side 2    Res =  0.7211E-01
 MRCHDU: Convergence failed at  28  side 2    Res =  0.3674E-01
 MRCHDU: Convergence failed at  29  side 2    Res =  0.3542E-01
 MRCHDU: Convergence failed at  30  side 2    Res =  0.1228E-02
 MRCHDU: Convergence failed at  31  side 2    Res =  0.4029E-03
 MRCHDU: Convergence failed at  32  side 2    Res =  0.1911E-03
 MRCHDU: Convergence failed at  33  side 2    Res =  0.2056E-03
 MRCHDU: Convergence failed at  34  side 2    Res =  0.1652E-02
 MRCHDU: Convergence failed at  35  side 2    Res =  0.1664E-02
 MRCHDU: Convergence failed at  36  side 2    Res =  0.1525E-02
 MRCHDU: Convergence failed at  37  side 2    Res =  0.1345E-01
 MRCHDU: Convergence failed at  74  side 2    Res =  0.5805E-01
 MRCHDU: Convergence failed at  75  side 2    Res =  0.4113E-02
 MRCHDU: Convergence failed at  76  side 2    Res =  0.8888E-03
 MRCHDU: Convergence failed at  77  side 2    Res =  0.4995E-03
 MRCHDU: Convergence failed at  79  side 2    Res =  0.5716E-05
 MRCHDU: Convergence failed at  91  side 2    Res =  0.3075E-04
 MRCHDU: Convergence failed at  92  side 2    Res =  0.2567E-04
 MRCHDU: Convergence failed at  93  side 2    Res =  0.5958E-04
 MRCHDU: Convergence failed at  94  side 2    Res =  0.3669E-04
 MRCHDU: Convergence failed at  95  side 2    Res =  0.9488E-04
 MRCHDU: Convergence failed at  96  side 2    Res =  0.7135E-04
 MRCHDU: Convergence failed at  97  side 2    Res =  0.1487E-03
 MRCHDU: Convergence failed at  98  side 2    Res =  0.1805E-03
 MRCHDU: Convergence failed at  99  side 2    Res =  0.1636E-03
 MRCHDU: Convergence failed at 100  side 2    Res =  0.5270E-03
 MRCHDU: Convergence failed at 101  side 2    Res =  0.1193E-03
 MRCHDU: Convergence failed at 102  side 2    Res =  0.1115E-04
 Side 1 forced transition at x/c =  1.0000   77
 Side 2  free  transition at x/c =  0.0413   24

 286   rms: 0.3530E+13   max: -.9529E+14   T at   81  2   RLX: 0.000
       a = 10.000      CL = -0.4219
      Cm =  0.0098     CD =+Infinity   =>   CDf =  0.00568    CDp =+Infinity

 MRCHDU: Convergence failed at  27  side 2    Res =  0.7211E-01
 MRCHDU: Convergence failed at  28  side 2    Res =  0.3674E-01
 MRCHDU: Convergence failed at  29  side 2    Res =  0.3542E-01
 MRCHDU: Convergence failed at  30  side 2    Res =  0.1228E-02
 MRCHDU: Convergence failed at  31  side 2    Res =  0.4029E-03
 MRCHDU: Convergence failed at  32  side 2    Res =  0.1911E-03
 MRCHDU: Convergence failed at  33  side 2    Res =  0.2056E-03
 MRCHDU: Convergence failed at  34  side 2    Res =  0.1652E-02
 MRCHDU: Convergence failed at  35  side 2    Res =  0.1664E-02
 MRCHDU: Convergence failed at  36  side 2    Res =  0.1525E-02
 MRCHDU: Convergence failed at  37  side 2    Res =  0.1345E-01
 MRCHDU: Convergence failed at  74  side 2    Res =  0.5792E-01
 MRCHDU: Convergence failed at  75  side 2    Res =  0.4114E-02
 MRCHDU: Convergence failed at  76  side 2    Res =  0.8891E-03
 MRCHDU: Convergence failed at  77  side 2    Res =  0.4997E-03
 MRCHDU: Convergence failed at  79  side 2    Res =  0.5706E-05
 MRCHDU: Convergence failed at  91  side 2    Res =  0.3073E-04
 MRCHDU: Convergence failed at  92  side 2    Res =  0.2566E-04
 MRCHDU: Convergence failed at  93  side 2    Res =  0.5955E-04
 MRCHDU: Convergence failed at  94  side 2    Res =  0.3667E-04
 MRCHDU: Convergence failed at  95  side 2    Res =  0.9484E-04
 MRCHDU: Convergence failed at  96  side 2    Res =  0.7131E-04
 MRCHDU: Convergence failed at  97  side 2    Res =  0.1486E-03
 MRCHDU: Convergence failed at  98  side 2    Res =  0.1804E-03
 MRCHDU: Convergence failed at  99  side 2    Res =  0.1635E-03
 MRCHDU: Convergence failed at 100  side 2    Res =  0.5267E-03
 MRCHDU: Convergence failed at 101  side 2    Res =  0.1193E-03
 MRCHDU: Convergence failed at 102  side 2    Res =  0.1114E-04
 Side 1 forced transition at x/c =  1.0000   77
 Side 2  free  transition at x/c =  0.0413   24

 287   rms: 0.6536E+12   max: 0.1772E+14   T at   81  2   RLX: 0.000
       a = 10.000      CL = -0.4219
      Cm =  0.0098     CD =+Infinity   =>   CDf =  0.00568    CDp =+Infinity

 MRCHDU: Convergence failed at  27  side 2    Res =  0.7211E-01
 MRCHDU: Convergence failed at  28  side 2    Res =  0.3674E-01
 MRCHDU: Convergence failed at  29  side 2    Res =  0.3542E-01
 MRCHDU: Convergence failed at  30  side 2    Res =  0.1228E-02
 MRCHDU: Convergence failed at  31  side 2    Res =  0.4029E-03
 MRCHDU: Convergence failed at  32  side 2    Res =  0.1911E-03
 MRCHDU: Convergence failed at  33  side 2    Res =  0.2056E-03
 MRCHDU: Convergence failed at  34  side 2    Res =  0.1652E-02
 MRCHDU: Convergence failed at  35  side 2    Res =  0.1664E-02
 MRCHDU: Convergence failed at  36  side 2    Res =  0.1525E-02
 MRCHDU: Convergence failed at  37  side 2    Res =  0.1345E-01
 MRCHDU: Convergence failed at  74  side 2    Res =  0.5786E-01
 MRCHDU: Convergence failed at  75  side 2    Res =  0.4115E-02
 MRCHDU: Convergence failed at  76  side 2    Res =  0.8893E-03
 MRCHDU: Convergence failed at  77  side 2    Res =  0.4999E-03
 MRCHDU: Convergence failed at  79  side 2    Res =  0.5708E-05
 MRCHDU: Convergence failed at  91  side 2    Res =  0.3074E-04
 MRCHDU: Convergence failed at  92  side 2    Res =  0.2567E-04
 MRCHDU: Convergence failed at  93  side 2    Res =  0.5957E-04
 MRCHDU: Convergence failed at  94  side 2    Res =  0.3669E-04
 MRCHDU: Convergence failed at  95  side 2    Res =  0.9487E-04
 MRCHDU: Convergence failed at  96  side 2    Res =  0.7134E-04
 MRCHDU: Convergence failed at  97  side 2    Res =  0.1487E-03
 MRCHDU: Convergence failed at  98  side 2    Res =  0.1804E-03
 MRCHDU: Convergence failed at  99  side 2    Res =  0.1636E-03
 MRCHDU: Convergence failed at 100  side 2    Res =  0.5269E-03
 MRCHDU: Convergence failed at 101  side 2    Res =  0.1193E-03
 MRCHDU: Convergence failed at 102  side 2    Res =  0.1115E-04
 Side 1 forced transition at x/c =  1.0000   77
 Side 2  free  transition at x/c =  0.0413   24

 288   rms: 0.2653E+12   max: 0.6727E+13   T at   80  2   RLX: 0.000
       a = 10.000      CL = -0.4219
      Cm =  0.0098     CD =+Infinity   =>   CDf =  0.00568    CDp =+Infinity

 MRCHDU: Convergence failed at  27  side 2    Res =  0.7211E-01
 MRCHDU: Convergence failed at  28  side 2    Res =  0.3674E-01
 MRCHDU: Convergence failed at  29  side 2    Res =  0.3542E-01
 MRCHDU: Convergence failed at  30  side 2    Res =  0.1228E-02
 MRCHDU: Convergence failed at  31  side 2    Res =  0.4029E-03
 MRCHDU: Convergence failed at  32  side 2    Res =  0.1911E-03
 MRCHDU: Convergence failed at  33  side 2    Res =  0.2055E-03
 MRCHDU: Convergence failed at  34  side 2    Res =  0.1652E-02
 MRCHDU: Convergence failed at  35  side 2    Res =  0.1664E-02
 MRCHDU: Convergence failed at  36  side 2    Res =  0.1525E-02
 MRCHDU: Convergence failed at  37  side 2    Res =  0.1345E-01
 MRCHDU: Convergence failed at  74  side 2    Res =  0.5772E-01
 MRCHDU: Convergence failed at  75  side 2    Res =  0.4115E-02
 MRCHDU: Convergence failed at  76  side 2    Res =  0.8894E-03
 MRCHDU: Convergence failed at  77  side 2    Res =  0.5000E-03
 MRCHDU: Convergence failed at  79  side 2    Res =  0.5706E-05
 MRCHDU: Convergence failed at  91  side 2    Res =  0.3074E-04
 MRCHDU: Convergence failed at  92  side 2    Res =  0.2567E-04
 MRCHDU: Convergence failed at  93  side 2    Res =  0.5957E-04
 MRCHDU: Convergence failed at  94  side 2    Res =  0.3668E-04
 MRCHDU: Convergence failed at  95  side 2    Res =  0.9486E-04
 MRCHDU: Convergence failed at  96  side 2    Res =  0.7133E-04
 MRCHDU: Convergence failed at  97  side 2    Res =  0.1487E-03
 MRCHDU: Convergence failed at  98  side 2    Res =  0.1804E-03
 MRCHDU: Convergence failed at  99  side 2    Res =  0.1636E-03
 MRCHDU: Convergence failed at 100  side 2    Res =  0.5268E-03
 MRCHDU: Convergence failed at 101  side 2    Res =  0.1193E-03
 MRCHDU: Convergence failed at 102  side 2    Res =  0.1114E-04
 Side 1 forced transition at x/c =  1.0000   77
 Side 2  free  transition at x/c =  0.0413   24

 289   rms: 0.1228E+13   max: -.3329E+14   T at   81  2   RLX: 0.000
       a = 10.000      CL = -0.4219
      Cm =  0.0098     CD =+Infinity   =>   CDf =  0.00568    CDp =+Infinity

 MRCHDU: Convergence failed at  27  side 2    Res =  0.7211E-01
 MRCHDU: Convergence failed at  28  side 2    Res =  0.3674E-01
 MRCHDU: Convergence failed at  29  side 2    Res =  0.3542E-01
 MRCHDU: Convergence failed at  30  side 2    Res =  0.1228E-02
 MRCHDU: Convergence failed at  31  side 2    Res =  0.4029E-03
 MRCHDU: Convergence failed at  32  side 2    Res =  0.1911E-03
 MRCHDU: Convergence failed at  33  side 2    Res =  0.2055E-03
 MRCHDU: Convergence failed at  34  side 2    Res =  0.1652E-02
 MRCHDU: Convergence failed at  35  side 2    Res =  0.1664E-02
 MRCHDU: Convergence failed at  36  side 2    Res =  0.1525E-02
 MRCHDU: Convergence failed at  37  side 2    Res =  0.1345E-01
 MRCHDU: Convergence failed at  74  side 2    Res =  0.5772E-01
 MRCHDU: Convergence failed at  75  side 2    Res =  0.4115E-02
 MRCHDU: Convergence failed at  76  side 2    Res =  0.8894E-03
 MRCHDU: Convergence failed at  77  side 2    Res =  0.5000E-03
 MRCHDU: Convergence failed at  79  side 2    Res =  0.5710E-05
 MRCHDU: Convergence failed at  91  side 2    Res =  0.3073E-04
 MRCHDU: Convergence failed at  92  side 2    Res =  0.2566E-04
 MRCHDU: Convergence failed at  93  side 2    Res =  0.5955E-04
 MRCHDU: Convergence failed at  94  side 2    Res =  0.3667E-04
 MRCHDU: Convergence failed at  95  side 2    Res =  0.9483E-04
 MRCHDU: Convergence failed at  96  side 2    Res =  0.7131E-04
 MRCHDU: Convergence failed at  97  side 2    Res =  0.1486E-03
 MRCHDU: Convergence failed at  98  side 2    Res =  0.1803E-03
 MRCHDU: Convergence failed at  99  side 2    Res =  0.1635E-03
 MRCHDU: Convergence failed at 100  side 2    Res =  0.5266E-03
 MRCHDU: Convergence failed at 101  side 2    Res =  0.1192E-03
 MRCHDU: Convergence failed at 102  side 2    Res =  0.1114E-04
 Side 1 forced transition at x/c =  1.0000   77
 Side 2  free  transition at x/c =  0.0413   24

 290   rms: 0.4228E+12   max: 0.1061E+14   T at   81  2   RLX: 0.000
       a = 10.000      CL = -0.4219
      Cm =  0.0098     CD =+Infinity   =>   CDf =  0.00568    CDp =+Infinity

 MRCHDU: Convergence failed at  27  side 2    Res =  0.7211E-01
 MRCHDU: Convergence failed at  28  side 2    Res =  0.3674E-01
 MRCHDU: Convergence failed at  29  side 2    Res =  0.3542E-01
 MRCHDU: Convergence failed at  30  side 2    Res =  0.1228E-02
 MRCHDU: Convergence failed at  31  side 2    Res =  0.4029E-03
 MRCHDU: Convergence failed at  32  side 2    Res =  0.1911E-03
 MRCHDU: Convergence failed at  33  side 2    Res =  0.2055E-03
 MRCHDU: Convergence failed at  34  side 2    Res =  0.1652E-02
 MRCHDU: Convergence failed at  35  side 2    Res =  0.1664E-02
 MRCHDU: Convergence failed at  36  side 2    Res =  0.1525E-02
 MRCHDU: Convergence failed at  37  side 2    Res =  0.1345E-01
 MRCHDU: Convergence failed at  74  side 2    Res =  0.5773E-01
 MRCHDU: Convergence failed at  75  side 2    Res =  0.4115E-02
 MRCHDU: Convergence failed at  76  side 2    Res =  0.8894E-03
 MRCHDU: Convergence failed at  77  side 2    Res =  0.5000E-03
 MRCHDU: Convergence failed at  79  side 2    Res =  0.5710E-05
 MRCHDU: Convergence failed at  91  side 2    Res =  0.3073E-04
 MRCHDU: Convergence failed at  92  side 2    Res =  0.2566E-04
 MRCHDU: Convergence failed at  93  side 2    Res =  0.5955E-04
 MRCHDU: Convergence failed at  94  side 2    Res =  0.3667E-04
 MRCHDU: Convergence failed at  95  side 2    Res =  0.9483E-04
 MRCHDU: Convergence failed at  96  side 2    Res =  0.7131E-04
 MRCHDU: Convergence failed at  97  side 2    Res =  0.1486E-03
 MRCHDU: Convergence failed at  98  side 2    Res =  0.1803E-03
 MRCHDU: Convergence failed at  99  side 2    Res =  0.1635E-03
 MRCHDU: Convergence failed at 100  side 2    Res =  0.5266E-03
 MRCHDU: Convergence failed at 101  side 2    Res =  0.1192E-03
 MRCHDU: Convergence failed at 102  side 2    Res =  0.1114E-04
 Side 1 forced transition at x/c =  1.0000   77
 Side 2  free  transition at x/c =  0.0413   24

 291   rms: 0.4741E+12   max: 0.1272E+14   T at   81  2   RLX: 0.000
       a = 10.000      CL = -0.4219
      Cm =  0.0098     CD =+Infinity   =>   CDf =  0.00568    CDp =+Infinity

 MRCHDU: Convergence failed at  27  side 2    Res =  0.7211E-01
 MRCHDU: Convergence failed at  28  side 2    Res =  0.3674E-01
 MRCHDU: Convergence failed at  29  side 2    Res =  0.3542E-01
 MRCHDU: Convergence failed at  30  side 2    Res =  0.1228E-02
 MRCHDU: Convergence failed at  31  side 2    Res =  0.4029E-03
 MRCHDU: Convergence failed at  32  side 2    Res =  0.1911E-03
 MRCHDU: Convergence failed at  33  side 2    Res =  0.2057E-03
 MRCHDU: Convergence failed at  34  side 2    Res =  0.1652E-02
 MRCHDU: Convergence failed at  35  side 2    Res =  0.1664E-02
 MRCHDU: Convergence failed at  36  side 2    Res =  0.1525E-02
 MRCHDU: Convergence failed at  37  side 2    Res =  0.1343E-01
 MRCHDU: Convergence failed at  74  side 2    Res =  0.5841E-01
 MRCHDU: Convergence failed at  75  side 2    Res =  0.4123E-02
 MRCHDU: Convergence failed at  76  side 2    Res =  0.8913E-03
 MRCHDU: Convergence failed at  77  side 2    Res =  0.5014E-03
 MRCHDU: Convergence failed at  79  side 2    Res =  0.5713E-05
 MRCHDU: Convergence failed at  91  side 2    Res =  0.3081E-04
 MRCHDU: Convergence failed at  92  side 2    Res =  0.2573E-04
 MRCHDU: Convergence failed at  93  side 2    Res =  0.5971E-04
 MRCHDU: Convergence failed at  94  side 2    Res =  0.3677E-04
 MRCHDU: Convergence failed at  95  side 2    Res =  0.9511E-04
 MRCHDU: Convergence failed at  96  side 2    Res =  0.7153E-04
 MRCHDU: Convergence failed at  97  side 2    Res =  0.1491E-03
 MRCHDU: Convergence failed at  98  side 2    Res =  0.1810E-03
 MRCHDU: Convergence failed at  99  side 2    Res =  0.1641E-03
 MRCHDU: Convergence failed at 100  side 2    Res =  0.5286E-03
 MRCHDU: Convergence failed at 101  side 2    Res =  0.1197E-03
 MRCHDU: Convergence failed at 102  side 2    Res =  0.1118E-04
 Side 1 forced transition at x/c =  1.0000   77
 Side 2  free  transition at x/c =  0.0413   24

 292   rms: 0.1739E+12   max: -.4711E+13   T at   81  2   RLX: 0.000
       a = 10.000      CL = -0.4219
      Cm =  0.0098     CD =+Infinity   =>   CDf =  0.00568    CDp =+Infinity

 MRCHDU: Convergence failed at  27  side 2    Res =  0.7211E-01
 MRCHDU: Convergence failed at  28  side 2    Res =  0.3674E-01
 MRCHDU: Convergence failed at  29  side 2    Res =  0.3542E-01
 MRCHDU: Convergence failed at  30  side 2    Res =  0.1228E-02
 MRCHDU: Convergence failed at  31  side 2    Res =  0.4029E-03
 MRCHDU: Convergence failed at  32  side 2    Res =  0.1911E-03
 MRCHDU: Convergence failed at  33  side 2    Res =  0.2057E-03
 MRCHDU: Convergence failed at  34  side 2    Res =  0.1652E-02
 MRCHDU: Convergence failed at  35  side 2    Res =  0.1664E-02
 MRCHDU: Convergence failed at  36  side 2    Res =  0.1525E-02
 MRCHDU: Convergence failed at  37  side 2    Res =  0.1343E-01
 MRCHDU: Convergence failed at  74  side 2    Res =  0.5827E-01
 MRCHDU: Convergence failed at  75  side 2    Res =  0.4123E-02
 MRCHDU: Convergence failed at  76  side 2    Res =  0.8914E-03
 MRCHDU: Convergence failed at  77  side 2    Res =  0.5015E-03
 MRCHDU: Convergence failed at  79  side 2    Res =  0.5716E-05
 MRCHDU: Convergence failed at  91  side 2    Res =  0.3080E-04
 MRCHDU: Convergence failed at  92  side 2    Res =  0.2573E-04
 MRCHDU: Convergence failed at  93  side 2    Res =  0.5970E-04
 MRCHDU: Convergence failed at  94  side 2    Res =  0.3677E-04
 MRCHDU: Convergence failed at  95  side 2    Res =  0.9509E-04
 MRCHDU: Convergence failed at  96  side 2    Res =  0.7151E-04
 MRCHDU: Convergence failed at  97  side 2    Res =  0.1491E-03
 MRCHDU: Convergence failed at  98  side 2    Res =  0.1809E-03
 MRCHDU: Convergence failed at  99  side 2    Res =  0.1641E-03
 MRCHDU: Convergence failed at 100  side 2    Res =  0.5285E-03
 MRCHDU: Convergence failed at 101  side 2    Res =  0.1197E-03
 MRCHDU: Convergence failed at 102  side 2    Res =  0.1118E-04
 Side 1 forced transition at x/c =  1.0000   77
 Side 2  free  transition at x/c =  0.0413   24

 293   rms: 0.6614E+12   max: 0.1760E+14   T at   81  2   RLX: 0.000
       a = 10.000      CL = -0.4219
      Cm =  0.0098     CD =+Infinity   =>   CDf =  0.00568    CDp =+Infinity

 MRCHDU: Convergence failed at  27  side 2    Res =  0.7211E-01
 MRCHDU: Convergence failed at  28  side 2    Res =  0.3674E-01
 MRCHDU: Convergence failed at  29  side 2    Res =  0.3541E-01
 MRCHDU: Convergence failed at  30  side 2    Res =  0.1228E-02
 MRCHDU: Convergence failed at  31  side 2    Res =  0.4028E-03
 MRCHDU: Convergence failed at  32  side 2    Res =  0.1911E-03
 MRCHDU: Convergence failed at  33  side 2    Res =  0.2056E-03
 MRCHDU: Convergence failed at  34  side 2    Res =  0.1652E-02
 MRCHDU: Convergence failed at  35  side 2    Res =  0.1664E-02
 MRCHDU: Convergence failed at  36  side 2    Res =  0.1525E-02
 MRCHDU: Convergence failed at  37  side 2    Res =  0.1344E-01
 MRCHDU: Convergence failed at  74  side 2    Res =  0.5812E-01
 MRCHDU: Convergence failed at  75  side 2    Res =  0.4123E-02
 MRCHDU: Convergence failed at  76  side 2    Res =  0.8913E-03
 MRCHDU: Convergence failed at  77  side 2    Res =  0.5015E-03
 MRCHDU: Convergence failed at  79  side 2    Res =  0.5706E-05
 MRCHDU: Convergence failed at  91  side 2    Res =  0.3083E-04
 MRCHDU: Convergence failed at  92  side 2    Res =  0.2574E-04
 MRCHDU: Convergence failed at  93  side 2    Res =  0.5974E-04
 MRCHDU: Convergence failed at  94  side 2    Res =  0.3680E-04
 MRCHDU: Convergence failed at  95  side 2    Res =  0.9517E-04
 MRCHDU: Convergence failed at  96  side 2    Res =  0.7157E-04
 MRCHDU: Convergence failed at  97  side 2    Res =  0.1492E-03
 MRCHDU: Convergence failed at  98  side 2    Res =  0.1811E-03
 MRCHDU: Convergence failed at  99  side 2    Res =  0.1642E-03
 MRCHDU: Convergence failed at 100  side 2    Res =  0.5291E-03
 MRCHDU: Convergence failed at 101  side 2    Res =  0.1198E-03
 MRCHDU: Convergence failed at 102  side 2    Res =  0.1119E-04
 Side 1 forced transition at x/c =  1.0000   77
 Side 2  free  transition at x/c =  0.0413   24

 294   rms: 0.4055E+11   max: 0.8802E+12   T at   81  2   RLX: 0.000
       a = 10.000      CL = -0.4219
      Cm =  0.0098     CD =+Infinity   =>   CDf =  0.00568    CDp =+Infinity

 MRCHDU: Convergence failed at  27  side 2    Res =  0.7211E-01
 MRCHDU: Convergence failed at  28  side 2    Res =  0.3674E-01
 MRCHDU: Convergence failed at  29  side 2    Res =  0.3542E-01
 MRCHDU: Convergence failed at  30  side 2    Res =  0.1228E-02
 MRCHDU: Convergence failed at  31  side 2    Res =  0.4029E-03
 MRCHDU: Convergence failed at  32  side 2    Res =  0.1911E-03
 MRCHDU: Convergence failed at  33  side 2    Res =  0.2057E-03
 MRCHDU: Convergence failed at  34  side 2    Res =  0.1652E-02
 MRCHDU: Convergence failed at  35  side 2    Res =  0.1664E-02
 MRCHDU: Convergence failed at  36  side 2    Res =  0.1525E-02
 MRCHDU: Convergence failed at  37  side 2    Res =  0.1344E-01
 MRCHDU: Convergence failed at  74  side 2    Res =  0.5816E-01
 MRCHDU: Convergence failed at  75  side 2    Res =  0.4123E-02
 MRCHDU: Convergence failed at  76  side 2    Res =  0.8914E-03
 MRCHDU: Convergence failed at  77  side 2    Res =  0.5015E-03
 MRCHDU: Convergence failed at  79  side 2    Res =  0.5705E-05
 MRCHDU: Convergence failed at  91  side 2    Res =  0.3083E-04
 MRCHDU: Convergence failed at  92  side 2    Res =  0.2574E-04
 MRCHDU: Convergence failed at  93  side 2    Res =  0.5975E-04
 MRCHDU: Convergence failed at  94  side 2    Res =  0.3680E-04
 MRCHDU: Convergence failed at  95  side 2    Res =  0.9517E-04
 MRCHDU: Convergence failed at  96  side 2    Res =  0.7157E-04
 MRCHDU: Convergence failed at  97  side 2    Res =  0.1492E-03
 MRCHDU: Convergence failed at  98  side 2    Res =  0.1811E-03
 MRCHDU: Convergence failed at  99  side 2    Res =  0.1642E-03
 MRCHDU: Convergence failed at 100  side 2    Res =  0.5291E-03
 MRCHDU: Convergence failed at 101  side 2    Res =  0.1198E-03
 MRCHDU: Convergence failed at 102  side 2    Res =  0.1119E-04
 Side 1 forced transition at x/c =  1.0000   77
 Side 2  free  transition at x/c =  0.0413   24

 295   rms: 0.1856E+12   max: 0.4998E+13   T at   81  2   RLX: 0.000
       a = 10.000      CL = -0.4219
      Cm =  0.0098     CD =+Infinity   =>   CDf =  0.00568    CDp =+Infinity

 MRCHDU: Convergence failed at  27  side 2    Res =  0.7211E-01
 MRCHDU: Convergence failed at  28  side 2    Res =  0.3674E-01
 MRCHDU: Convergence failed at  29  side 2    Res =  0.3542E-01
 MRCHDU: Convergence failed at  30  side 2    Res =  0.1228E-02
 MRCHDU: Convergence failed at  31  side 2    Res =  0.4029E-03
 MRCHDU: Convergence failed at  32  side 2    Res =  0.1911E-03
 MRCHDU: Convergence failed at  33  side 2    Res =  0.2057E-03
 MRCHDU: Convergence failed at  34  side 2    Res =  0.1652E-02
 MRCHDU: Convergence failed at  35  side 2    Res =  0.1664E-02
 MRCHDU: Convergence failed at  36  side 2    Res =  0.1525E-02
 MRCHDU: Convergence failed at  37  side 2    Res =  0.1344E-01
 MRCHDU: Convergence failed at  74  side 2    Res =  0.5817E-01
 MRCHDU: Convergence failed at  75  side 2    Res =  0.4123E-02
 MRCHDU: Convergence failed at  76  side 2    Res =  0.8914E-03
 MRCHDU: Convergence failed at  77  side 2    Res =  0.5015E-03
 MRCHDU: Convergence failed at  79  side 2    Res =  0.5698E-05
 MRCHDU: Convergence failed at  91  side 2    Res =  0.3084E-04
 MRCHDU: Convergence failed at  92  side 2    Res =  0.2576E-04
 MRCHDU: Convergence failed at  93  side 2    Res =  0.5977E-04
 MRCHDU: Convergence failed at  94  side 2    Res =  0.3681E-04
 MRCHDU: Convergence failed at  95  side 2    Res =  0.9521E-04
 MRCHDU: Convergence failed at  96  side 2    Res =  0.7161E-04
 MRCHDU: Convergence failed at  97  side 2    Res =  0.1493E-03
 MRCHDU: Convergence failed at  98  side 2    Res =  0.1812E-03
 MRCHDU: Convergence failed at  99  side 2    Res =  0.1643E-03
 MRCHDU: Convergence failed at 100  side 2    Res =  0.5294E-03
 MRCHDU: Convergence failed at 101  side 2    Res =  0.1199E-03
 MRCHDU: Convergence failed at 102  side 2    Res =  0.1120E-04
 Side 1 forced transition at x/c =  1.0000   77
 Side 2  free  transition at x/c =  0.0413   24

 296   rms: 0.2442E+13   max: -.5576E+14   T at   80  2   RLX: 0.000
       a = 10.000      CL = -0.4219
      Cm =  0.0098     CD =+Infinity   =>   CDf =  0.00568    CDp =+Infinity

 MRCHDU: Convergence failed at  27  side 2    Res =  0.7211E-01
 MRCHDU: Convergence failed at  28  side 2    Res =  0.3674E-01
 MRCHDU: Convergence failed at  29  side 2    Res =  0.3542E-01
 MRCHDU: Convergence failed at  30  side 2    Res =  0.1228E-02
 MRCHDU: Convergence failed at  31  side 2    Res =  0.4029E-03
 MRCHDU: Convergence failed at  32  side 2    Res =  0.1911E-03
 MRCHDU: Convergence failed at  33  side 2    Res =  0.2057E-03
 MRCHDU: Convergence failed at  34  side 2    Res =  0.1652E-02
 MRCHDU: Convergence failed at  35  side 2    Res =  0.1664E-02
 MRCHDU: Convergence failed at  36  side 2    Res =  0.1525E-02
 MRCHDU: Convergence failed at  37  side 2    Res =  0.1344E-01
 MRCHDU: Convergence failed at  74  side 2    Res =  0.5819E-01
 MRCHDU: Convergence failed at  75  side 2    Res =  0.4123E-02
 MRCHDU: Convergence failed at  76  side 2    Res =  0.8914E-03
 MRCHDU: Convergence failed at  77  side 2    Res =  0.5015E-03
 MRCHDU: Convergence failed at  79  side 2    Res =  0.5698E-05
 MRCHDU: Convergence failed at  91  side 2    Res =  0.3084E-04
 MRCHDU: Convergence failed at  92  side 2    Res =  0.2576E-04
 MRCHDU: Convergence failed at  93  side 2    Res =  0.5977E-04
 MRCHDU: Convergence failed at  94  side 2    Res =  0.3681E-04
 MRCHDU: Convergence failed at  95  side 2    Res =  0.9521E-04
 MRCHDU: Convergence failed at  96  side 2    Res =  0.7161E-04
 MRCHDU: Convergence failed at  97  side 2    Res =  0.1493E-03
 MRCHDU: Convergence failed at  98  side 2    Res =  0.1812E-03
 MRCHDU: Convergence failed at  99  side 2    Res =  0.1643E-03
 MRCHDU: Convergence failed at 100  side 2    Res =  0.5294E-03
 MRCHDU: Convergence failed at 101  side 2    Res =  0.1199E-03
 MRCHDU: Convergence failed at 102  side 2    Res =  0.1120E-04
 Side 1 forced transition at x/c =  1.0000   77
 Side 2  free  transition at x/c =  0.0413   24

 297   rms: 0.5714E+12   max: -.1287E+14   T at   80  2   RLX: 0.000
       a = 10.000      CL = -0.4219
      Cm =  0.0098     CD =+Infinity   =>   CDf =  0.00568    CDp =+Infinity

 MRCHDU: Convergence failed at  27  side 2    Res =  0.7211E-01
 MRCHDU: Convergence failed at  28  side 2    Res =  0.3674E-01
 MRCHDU: Convergence failed at  29  side 2    Res =  0.3542E-01
 MRCHDU: Convergence failed at  30  side 2    Res =  0.1228E-02
 MRCHDU: Convergence failed at  31  side 2    Res =  0.4029E-03
 MRCHDU: Convergence failed at  32  side 2    Res =  0.1911E-03
 MRCHDU: Convergence failed at  33  side 2    Res =  0.2057E-03
 MRCHDU: Convergence failed at  34  side 2    Res =  0.1652E-02
 MRCHDU: Convergence failed at  35  side 2    Res =  0.1664E-02
 MRCHDU: Convergence failed at  36  side 2    Res =  0.1525E-02
 MRCHDU: Convergence failed at  37  side 2    Res =  0.1344E-01
 MRCHDU: Convergence failed at  74  side 2    Res =  0.5817E-01
 MRCHDU: Convergence failed at  75  side 2    Res =  0.4123E-02
 MRCHDU: Convergence failed at  76  side 2    Res =  0.8914E-03
 MRCHDU: Convergence failed at  77  side 2    Res =  0.5015E-03
 MRCHDU: Convergence failed at  79  side 2    Res =  0.5699E-05
 MRCHDU: Convergence failed at  91  side 2    Res =  0.3084E-04
 MRCHDU: Convergence failed at  92  side 2    Res =  0.2576E-04
 MRCHDU: Convergence failed at  93  side 2    Res =  0.5977E-04
 MRCHDU: Convergence failed at  94  side 2    Res =  0.3681E-04
 MRCHDU: Convergence failed at  95  side 2    Res =  0.9521E-04
 MRCHDU: Convergence failed at  96  side 2    Res =  0.7161E-04
 MRCHDU: Convergence failed at  97  side 2    Res =  0.1493E-03
 MRCHDU: Convergence failed at  98  side 2    Res =  0.1812E-03
 MRCHDU: Convergence failed at  99  side 2    Res =  0.1643E-03
 MRCHDU: Convergence failed at 100  side 2    Res =  0.5294E-03
 MRCHDU: Convergence failed at 101  side 2    Res =  0.1199E-03
 MRCHDU: Convergence failed at 102  side 2    Res =  0.1120E-04
 Side 1 forced transition at x/c =  1.0000   77
 Side 2  free  transition at x/c =  0.0413   24

 298   rms: 0.8735E+11   max: 0.2150E+13   T at   81  2   RLX: 0.000
       a = 10.000      CL = -0.4219
      Cm =  0.0098     CD =+Infinity   =>   CDf =  0.00568    CDp =+Infinity

 MRCHDU: Convergence failed at  27  side 2    Res =  0.7211E-01
 MRCHDU: Convergence failed at  28  side 2    Res =  0.3674E-01
 MRCHDU: Convergence failed at  29  side 2    Res =  0.3542E-01
 MRCHDU: Convergence failed at  30  side 2    Res =  0.1228E-02
 MRCHDU: Convergence failed at  31  side 2    Res =  0.4029E-03
 MRCHDU: Convergence failed at  32  side 2    Res =  0.1911E-03
 MRCHDU: Convergence failed at  33  side 2    Res =  0.2057E-03
 MRCHDU: Convergence failed at  34  side 2    Res =  0.1652E-02
 MRCHDU: Convergence failed at  35  side 2    Res =  0.1664E-02
 MRCHDU: Convergence failed at  36  side 2    Res =  0.1525E-02
 MRCHDU: Convergence failed at  37  side 2    Res =  0.1343E-01
 MRCHDU: Convergence failed at  74  side 2    Res =  0.5812E-01
 MRCHDU: Convergence failed at  75  side 2    Res =  0.4123E-02
 MRCHDU: Convergence failed at  76  side 2    Res =  0.8915E-03
 MRCHDU: Convergence failed at  77  side 2    Res =  0.5016E-03
 MRCHDU: Convergence failed at  79  side 2    Res =  0.5703E-05
 MRCHDU: Convergence failed at  91  side 2    Res =  0.3084E-04
 MRCHDU: Convergence failed at  92  side 2    Res =  0.2576E-04
 MRCHDU: Convergence failed at  93  side 2    Res =  0.5977E-04
 MRCHDU: Convergence failed at  94  side 2    Res =  0.3681E-04
 MRCHDU: Convergence failed at  95  side 2    Res =  0.9522E-04
 MRCHDU: Convergence failed at  96  side 2    Res =  0.7161E-04
 MRCHDU: Convergence failed at  97  side 2    Res =  0.1493E-03
 MRCHDU: Convergence failed at  98  side 2    Res =  0.1812E-03
 MRCHDU: Convergence failed at  99  side 2    Res =  0.1644E-03
 MRCHDU: Convergence failed at 100  side 2    Res =  0.5294E-03
 MRCHDU: Convergence failed at 101  side 2    Res =  0.1199E-03
 MRCHDU: Convergence failed at 102  side 2    Res =  0.1120E-04
 Side 1 forced transition at x/c =  1.0000   77
 Side 2  free  transition at x/c =  0.0413   24

 299   rms: 0.1755E+12   max: 0.4601E+13   T at   81  2   RLX: 0.000
       a = 10.000      CL = -0.4219
      Cm =  0.0098     CD =+Infinity   =>   CDf =  0.00568    CDp =+Infinity

 MRCHDU: Convergence failed at  27  side 2    Res =  0.7211E-01
 MRCHDU: Convergence failed at  28  side 2    Res =  0.3674E-01
 MRCHDU: Convergence failed at  29  side 2    Res =  0.3542E-01
 MRCHDU: Convergence failed at  30  side 2    Res =  0.1228E-02
 MRCHDU: Convergence failed at  31  side 2    Res =  0.4029E-03
 MRCHDU: Convergence failed at  32  side 2    Res =  0.1911E-03
 MRCHDU: Convergence failed at  33  side 2    Res =  0.2057E-03
 MRCHDU: Convergence failed at  34  side 2    Res =  0.1652E-02
 MRCHDU: Convergence failed at  35  side 2    Res =  0.1664E-02
 MRCHDU: Convergence failed at  36  side 2    Res =  0.1525E-02
 MRCHDU: Convergence failed at  37  side 2    Res =  0.1343E-01
 MRCHDU: Convergence failed at  74  side 2    Res =  0.5796E-01
 MRCHDU: Convergence failed at  75  side 2    Res =  0.4124E-02
 MRCHDU: Convergence failed at  76  side 2    Res =  0.8918E-03
 MRCHDU: Convergence failed at  77  side 2    Res =  0.5019E-03
 MRCHDU: Convergence failed at  79  side 2    Res =  0.5687E-05
 MRCHDU: Convergence failed at  91  side 2    Res =  0.3086E-04
 MRCHDU: Convergence failed at  92  side 2    Res =  0.2577E-04
 MRCHDU: Convergence failed at  93  side 2    Res =  0.5980E-04
 MRCHDU: Convergence failed at  94  side 2    Res =  0.3683E-04
 MRCHDU: Convergence failed at  95  side 2    Res =  0.9527E-04
 MRCHDU: Convergence failed at  96  side 2    Res =  0.7165E-04
 MRCHDU: Convergence failed at  97  side 2    Res =  0.1494E-03
 MRCHDU: Convergence failed at  98  side 2    Res =  0.1813E-03
 MRCHDU: Convergence failed at  99  side 2    Res =  0.1645E-03
 MRCHDU: Convergence failed at 100  side 2    Res =  0.5298E-03
 MRCHDU: Convergence failed at 101  side 2    Res =  0.1200E-03
 MRCHDU: Convergence failed at 102  side 2    Res =  0.1121E-04
 Side 1 forced transition at x/c =  1.0000   77
 Side 2  free  transition at x/c =  0.0413   24

 300   rms: 0.1332E+12   max: 0.3598E+13   T at   81  2   RLX: 0.000
       a = 10.000      CL = -0.4219
      Cm =  0.0098     CD =+Infinity   =>   CDf =  0.00568    CDp =+Infinity

 MRCHDU: Convergence failed at  27  side 2    Res =  0.7211E-01
 MRCHDU: Convergence failed at  28  side 2    Res =  0.3674E-01
 MRCHDU: Convergence failed at  29  side 2    Res =  0.3542E-01
 MRCHDU: Convergence failed at  30  side 2    Res =  0.1228E-02
 MRCHDU: Convergence failed at  31  side 2    Res =  0.4028E-03
 MRCHDU: Convergence failed at  32  side 2    Res =  0.1911E-03
 MRCHDU: Convergence failed at  33  side 2    Res =  0.2057E-03
 MRCHDU: Convergence failed at  34  side 2    Res =  0.1652E-02
 MRCHDU: Convergence failed at  35  side 2    Res =  0.1664E-02
 MRCHDU: Convergence failed at  36  side 2    Res =  0.1525E-02
 MRCHDU: Convergence failed at  37  side 2    Res =  0.1343E-01
 MRCHDU: Convergence failed at  74  side 2    Res =  0.5793E-01
 MRCHDU: Convergence failed at  75  side 2    Res =  0.4124E-02
 MRCHDU: Convergence failed at  76  side 2    Res =  0.8917E-03
 MRCHDU: Convergence failed at  77  side 2    Res =  0.5018E-03
 MRCHDU: Convergence failed at  79  side 2    Res =  0.5697E-05
 MRCHDU: Convergence failed at  91  side 2    Res =  0.3087E-04
 MRCHDU: Convergence failed at  92  side 2    Res =  0.2578E-04
 MRCHDU: Convergence failed at  93  side 2    Res =  0.5983E-04
 MRCHDU: Convergence failed at  94  side 2    Res =  0.3685E-04
 MRCHDU: Convergence failed at  95  side 2    Res =  0.9532E-04
 MRCHDU: Convergence failed at  96  side 2    Res =  0.7169E-04
 MRCHDU: Convergence failed at  97  side 2    Res =  0.1495E-03
 MRCHDU: Convergence failed at  98  side 2    Res =  0.1814E-03
 MRCHDU: Convergence failed at  99  side 2    Res =  0.1646E-03
 MRCHDU: Convergence failed at 100  side 2    Res =  0.5301E-03
 MRCHDU: Convergence failed at 101  side 2    Res =  0.1201E-03
 MRCHDU: Convergence failed at 102  side 2    Res =  0.1122E-04
 Side 1 forced transition at x/c =  1.0000   77
 Side 2  free  transition at x/c =  0.0413   24

 301   rms: 0.1378E+12   max: -.3652E+13   T at   81  2   RLX: 0.000
       a = 10.000      CL = -0.4219
      Cm =  0.0098     CD =+Infinity   =>   CDf =  0.00568    CDp =+Infinity

 MRCHDU: Convergence failed at  27  side 2    Res =  0.7211E-01
 MRCHDU: Convergence failed at  28  side 2    Res =  0.3674E-01
 MRCHDU: Convergence failed at  29  side 2    Res =  0.3542E-01
 MRCHDU: Convergence failed at  30  side 2    Res =  0.1228E-02
 MRCHDU: Convergence failed at  31  side 2    Res =  0.4028E-03

[TIMEOUT]
