
 ===================================================
  XFOIL Version 6.99
  Copyright (C) 2000   Mark Drela, Harold Youngren

  This software comes with ABSOLUTELY NO WARRANTY,
    subject to the GNU General Public License.

  Caveat computor
 ===================================================

 File  xfoil.def  not found

   QUIT    Exit program

  .OPER    Direct operating point(s)
  .MDES    Complex mapping design routine
  .QDES    Surface speed design routine
  .GDES    Geometry design routine

   SAVE f  Write airfoil to labeled coordinate file
   PSAV f  Write airfoil to plain coordinate file
   ISAV f  Write airfoil to ISES coordinate file
   MSAV f  Write airfoil to MSES coordinate file
   REVE    Reverse written-airfoil node ordering

   LOAD f  Read buffer airfoil from coordinate file
   NACA i  Set NACA 4,5-digit airfoil and buffer airfoil
   INTE    Set buffer airfoil by interpolating two airfoils
   NORM    Buffer airfoil normalization toggle
   XYCM rr Change CM reference location, currently  0.25000 0.00000

   BEND    Display structural properties of current airfoil

   PCOP    Set current-airfoil panel nodes directly from buffer airfoil points
   PANE    Set current-airfoil panel nodes ( 160 ) based on curvature
  .PPAR    Show/change paneling

  .PLOP    Plotting options

   WDEF f  Write  current-settings file
   RDEF f  Reread current-settings file
   NAME s  Specify new airfoil name
   NINC    Increment name version number

   Z       Zoom    | (available in all menus)
   U       Unzoom  | 

 XFOIL   c>  
 Labeled airfoil file.  Name:  DAE-51 AIRFOIL                                  

 Number of input coordinate points:  80
 Counterclockwise ordering
 Max thickness =     0.093825  at x =   0.307
 Max camber    =     0.040305  at x =   0.449

  LE  x,y  =  -0.00000   0.00001  |   Chord =   1.00000
  TE  x,y  =   1.00000   0.00000  |

 Current airfoil nodes set from buffer airfoil nodes (  80 )

 XFOIL   c>  
 XFOIL   c>  
 Blunt trailing edge.  Gap =  0.00200

 Paneling parameters used...
   Number of panel nodes       160
   Panel bunching parameter    1.000
   TE/LE panel density ratio   0.150
   Refined-area/LE panel density ratio    0.200
   Top    side refined area x/c limits  1.000 1.000
   Bottom side refined area x/c limits  1.000 1.000

 XFOIL   c>  
.OPERi   c>  
 Xtr/c     =  1.0000    top    side
 Xtr/c     =  1.0000    bottom side
 Ncrit     =    9.00   ( 0.070 % turb. level )
 Vacc      =  0.0100

 Klag  =  5.6000     Uxwt  =    1.00
 A     =  6.7000     B     =  0.7500       KCt = 0.01485
 CtiniK=  1.8000     CtiniX=  3.3000

..VPAR   c>  
..VPAR   c>  
.OPERi   c>  
 M  =    0.0000
 Re =    400000

.OPERv   c>  
.OPERv   c>  
.OPERv   c>  
 Polar  1 newly created for accumulation
 Airfoil archived with polar: DAE-51 AIRFOIL                                  

Enter  polar save filename  OR  <return> for no file   s>  
 New polar save file available

Enter  polar dump filename  OR  <return> for no file   s>  
 Polar dump file will NOT be written

 Polar accumulation enabled

.OPERva   c>   Calculating unit vorticity distributions ...
 Calculating wake trajectory ...
 Calculating source influence matrix ...

 Solving BL system ...

 Initializing BL ...
    side            1  ...
 MRCHUE: Inverse mode at  55     Hk =   3.884
 MRCHUE: Inverse mode at  56     Hk =   4.407
 MRCHUE: Inverse mode at  57     Hk =   4.920
 MRCHUE: Inverse mode at  58     Hk =   5.426
 MRCHUE: Inverse mode at  59     Hk =   5.926
 MRCHUE: Inverse mode at  60     Hk =   6.422
 MRCHUE: Inverse mode at  61     Hk =   6.916
 MRCHUE: Inverse mode at  62     Hk =   7.406
 MRCHUE: Inverse mode at  63     Hk =   7.893
 MRCHUE: Inverse mode at  64     Hk =   8.378
 MRCHUE: Inverse mode at  65     Hk =   8.861
 MRCHUE: Inverse mode at  66     Hk =   8.063
 MRCHUE: Inverse mode at  67     Hk =   6.108
 MRCHUE: Inverse mode at  68     Hk =   4.803
 MRCHUE: Inverse mode at  69     Hk =   3.823
 MRCHUE: Inverse mode at  70     Hk =   3.050
    side            2  ...
 MRCHUE: Inverse mode at  13     Hk =   4.009
 MRCHUE: Inverse mode at  14     Hk =   5.060
 MRCHUE: Inverse mode at  15     Hk =   6.086
 MRCHUE: Inverse mode at  16     Hk =   7.163
 MRCHUE: Inverse mode at  17     Hk =   8.355
 MRCHUE: Inverse mode at  18     Hk =   9.722
 MRCHUE: Inverse mode at  19     Hk =   5.764
 MRCHUE: Inverse mode at  20     Hk =   2.500
 MRCHUE: Inverse mode at  21     Hk =   2.500
 MRCHUE: Inverse mode at  22     Hk =   2.500

 Side 1  free  transition at x/c =  0.8470   66
 Side 2  free  transition at x/c =  0.0298   19

   1   rms: 0.2475E+00   max: 0.1649E+01   T at   19  2   RLX: 0.462
       a = -4.000      CL =  0.0047
      Cm = -0.1094     CD =  0.01314   =>   CDf =  0.00596    CDp =  0.00718

 MRCHDU: Convergence failed at  19  side 2    Res =  0.2982E+03
 MRCHDU: Convergence failed at  20  side 2    Res =  0.5539E+01
 MRCHDU: Convergence failed at  21  side 2    Res =  0.4731E+01
 MRCHDU: Convergence failed at  22  side 2    Res =  0.6478E+02
 MRCHDU: Convergence failed at  23  side 2    Res =  0.8618E+02
 MRCHDU: Convergence failed at  24  side 2    Res =  0.1177E+03
 MRCHDU: Convergence failed at  25  side 2    Res =  0.1389E+03
 MRCHDU: Convergence failed at  26  side 2    Res =  0.3536E+02
 MRCHDU: Convergence failed at  27  side 2    Res =  0.3326E+02
 MRCHDU: Convergence failed at  28  side 2    Res =  0.3669E+02
 MRCHDU: Convergence failed at  29  side 2    Res =  0.3889E+02
 MRCHDU: Convergence failed at  30  side 2    Res =  0.4113E+02
 MRCHDU: Convergence failed at  31  side 2    Res =  0.3102E+02
 MRCHDU: Convergence failed at  32  side 2    Res =  0.3381E+02
 MRCHDU: Convergence failed at  33  side 2    Res =  0.4216E+02
 MRCHDU: Convergence failed at  34  side 2    Res =  0.3096E+02
 MRCHDU: Convergence failed at  35  side 2    Res =  0.3315E+02
 MRCHDU: Convergence failed at  36  side 2    Res =  0.3771E+02
 MRCHDU: Convergence failed at  37  side 2    Res =  0.4016E+02
 MRCHDU: Convergence failed at  38  side 2    Res =  0.4273E+02
 MRCHDU: Convergence failed at  39  side 2    Res =  0.2652E+02
 MRCHDU: Convergence failed at  40  side 2    Res =  0.2782E+02
 MRCHDU: Convergence failed at  41  side 2    Res =  0.3991E+02
 MRCHDU: Convergence failed at  42  side 2    Res =  0.3792E+02
 MRCHDU: Convergence failed at  43  side 2    Res =  0.2150E+02
 MRCHDU: Convergence failed at  44  side 2    Res =  0.2719E+02
 MRCHDU: Convergence failed at  45  side 2    Res =  0.2830E+02
 MRCHDU: Convergence failed at  46  side 2    Res =  0.3834E+02
 MRCHDU: Convergence failed at  47  side 2    Res =  0.2167E+02
 MRCHDU: Convergence failed at  48  side 2    Res =  0.2302E+02
 MRCHDU: Convergence failed at  49  side 2    Res =  0.2372E+02
 MRCHDU: Convergence failed at  50  side 2    Res =  0.2441E+02
 MRCHDU: Convergence failed at  51  side 2    Res =  0.3494E+02
 MRCHDU: Convergence failed at  52  side 2    Res =  0.3617E+02
 MRCHDU: Convergence failed at  53  side 2    Res =  0.3369E+02
 MRCHDU: Convergence failed at  54  side 2    Res =  0.3668E+02
 MRCHDU: Convergence failed at  55  side 2    Res =  0.3794E+02
 MRCHDU: Convergence failed at  56  side 2    Res =  0.3909E+02
 MRCHDU: Convergence failed at  57  side 2    Res =  0.4042E+02
 MRCHDU: Convergence failed at  58  side 2    Res =  0.4188E+02
 MRCHDU: Convergence failed at  59  side 2    Res =  0.3231E+02
 MRCHDU: Convergence failed at  60  side 2    Res =  0.3324E+02
 MRCHDU: Convergence failed at  61  side 2    Res =  0.3398E+02
 MRCHDU: Convergence failed at  62  side 2    Res =  0.3490E+02
 MRCHDU: Convergence failed at  63  side 2    Res =  0.3580E+02
 MRCHDU: Convergence failed at  64  side 2    Res =  0.3671E+02
 MRCHDU: Convergence failed at  65  side 2    Res =  0.3751E+02
 MRCHDU: Convergence failed at  66  side 2    Res =  0.3847E+02
 MRCHDU: Convergence failed at  67  side 2    Res =  0.3926E+02
 MRCHDU: Convergence failed at  68  side 2    Res =  0.3998E+02
 MRCHDU: Convergence failed at  69  side 2    Res =  0.4068E+02
 MRCHDU: Convergence failed at  70  side 2    Res =  0.4156E+02
 MRCHDU: Convergence failed at  71  side 2    Res =  0.4233E+02
 MRCHDU: Convergence failed at  72  side 2    Res =  0.4421E+02
 MRCHDU: Convergence failed at  73  side 2    Res =  0.4502E+02
 MRCHDU: Convergence failed at  74  side 2    Res =  0.4602E+02
 MRCHDU: Convergence failed at  75  side 2    Res =  0.4668E+02
 MRCHDU: Convergence failed at  76  side 2    Res =  0.4725E+02
 MRCHDU: Convergence failed at  77  side 2    Res =  0.4750E+02
 MRCHDU: Convergence failed at  78  side 2    Res =  0.5560E+02
 MRCHDU: Convergence failed at  79  side 2    Res =  0.5576E+02
 MRCHDU: Convergence failed at  80  side 2    Res =  0.8060E+03
 MRCHDU: Convergence failed at  81  side 2    Res =  0.7587E+02
 MRCHDU: Convergence failed at  82  side 2    Res =  0.7496E+02
 MRCHDU: Convergence failed at  83  side 2    Res =  0.1325E+04
 MRCHDU: Convergence failed at  84  side 2    Res =  0.2006E+03
 MRCHDU: Convergence failed at  85  side 2    Res =  0.2995E+04
 Side 1  free  transition at x/c =  0.8592   67
 Side 2  free  transition at x/c =  0.0259   18

   2   rms: 0.1935E+01   max: 0.6429E+01   D at   49  2   RLX: 0.233
       a = -4.000      CL = -1.6734
      Cm =  0.3966     CD =  0.00547   =>   CDf =  0.00224    CDp =  0.00323

 MRCHDU: Convergence failed at  87  side 2    Res =  0.7272E+01
 MRCHDU: Convergence failed at  88  side 2    Res =  0.1293E+02
 MRCHDU: Convergence failed at  89  side 2    Res =  0.1365E+02
 MRCHDU: Convergence failed at  90  side 2    Res =  0.5280E+01
 Side 1  free  transition at x/c =  0.8635   67
 Side 2  free  transition at x/c =  0.0258   18

   3   rms: 0.5793E+00   max: -.1483E+01   C at  102  2   RLX: 0.305
       a = -4.000      CL = -0.6518
      Cm =  0.1044     CD =  0.04845   =>   CDf =  0.00275    CDp =  0.04570

 Side 1  free  transition at x/c =  0.8816   68
 Side 2  free  transition at x/c =  0.0259   18

   4   rms: 0.4746E+00   max: -.1311E+01   C at  104  2   RLX: 0.381
       a = -4.000      CL = -0.3802
      Cm =  0.0293     CD =  0.04876   =>   CDf =  0.00279    CDp =  0.04598

 Side 1  free  transition at x/c =  0.8924   69
 Side 2  free  transition at x/c =  0.0259   18

   5   rms: 0.3899E+00   max: -.9984E+00   C at  105  2   RLX: 0.501
       a = -4.000      CL = -0.1703
      Cm = -0.0342     CD =  0.04299   =>   CDf =  0.00276    CDp =  0.04023

 Side 1  free  transition at x/c =  0.8934   69
 Side 2  free  transition at x/c =  0.0260   19

   6   rms: 0.4362E+00   max: -.1324E+01   D at  100  2   RLX: 0.378
       a = -4.000      CL = -0.0610
      Cm = -0.0831     CD =  0.04367   =>   CDf =  0.00273    CDp =  0.04094

 Side 1  free  transition at x/c =  0.8870   69
 Side 2  free  transition at x/c =  0.0259   18

   7   rms: 0.1013E+01   max: 0.7892E+01   T at   18  2   RLX: 0.097
       a = -4.000      CL = -0.0114
      Cm = -0.1108     CD =  0.04594   =>   CDf =  0.00271    CDp =  0.04322

 Side 1  free  transition at x/c =  0.8841   69
 Side 2  free  transition at x/c =  0.0248   18
 idif Ue xi dudx           1  0.22767216      3.98051739E-03   57.196625    
 Uenew xinew           2  6.01993799E-02  1.05249882E-03

   8   rms: 0.1719E+01   max: -.5303E+01   D at   31  2   RLX: 0.094
       a = -4.000      CL = -0.0541
      Cm = -0.1155     CD =  0.03491   =>   CDf =  0.00259    CDp =  0.03232

 Side 1  free  transition at x/c =  0.8818   67
 Side 2  free  transition at x/c =  0.0233   19

   9   rms: 0.1013E+02   max: -.3575E+02   D at   40  2   RLX: 0.014
       a = -4.000      CL = -0.0627
      Cm = -0.1335     CD =  0.02972   =>   CDf =  0.00284    CDp =  0.02688

 Side 1  free  transition at x/c =  0.8787   67
 Side 2  free  transition at x/c =  0.0225   19

  10   rms: 0.1204E+01   max: -.4747E+01   D at   92  2   RLX: 0.105
       a = -4.000      CL = -0.0749
      Cm = -0.1404     CD =  0.02605   =>   CDf =  0.00305    CDp =  0.02300

 Side 1  free  transition at x/c =  0.8726   67
 Side 2  free  transition at x/c =  0.0226   19

  11   rms: 0.7440E+00   max: -.2762E+01   D at   57  2   RLX: 0.181
       a = -4.000      CL = -0.0656
      Cm = -0.1459     CD =  0.02328   =>   CDf =  0.00330    CDp =  0.01999

 Side 1  free  transition at x/c =  0.8667   66
 Side 2  free  transition at x/c =  0.0231   19

  12   rms: 0.6414E+00   max: -.2403E+01   D at   65  2   RLX: 0.208
       a = -4.000      CL = -0.0592
      Cm = -0.1468     CD =  0.02101   =>   CDf =  0.00360    CDp =  0.01741

 Side 1  free  transition at x/c =  0.8582   66
 Side 2  free  transition at x/c =  0.0236   19

  13   rms: 0.4548E+00   max: -.1834E+01   D at   73  2   RLX: 0.273
       a = -4.000      CL = -0.0626
      Cm = -0.1387     CD =  0.02065   =>   CDf =  0.00394    CDp =  0.01671

 Side 1  free  transition at x/c =  0.8528   65
 Side 2  free  transition at x/c =  0.0241   19

  14   rms: 0.3443E+00   max: -.1486E+01   D at   74  2   RLX: 0.337
       a = -4.000      CL = -0.0614
      Cm = -0.1263     CD =  0.01916   =>   CDf =  0.00430    CDp =  0.01486

 Side 1  free  transition at x/c =  0.8514   65
 Side 2  free  transition at x/c =  0.0246   19

  15   rms: 0.3008E+00   max: -.1223E+01   D at   80  2   RLX: 0.409
       a = -4.000      CL = -0.0302
      Cm = -0.1198     CD =  0.01743   =>   CDf =  0.00477    CDp =  0.01265

 Side 1  free  transition at x/c =  0.8568   67
 Side 2  free  transition at x/c =  0.0252   18

  16   rms: 0.2165E+00   max: -.1303E+01   D at    2  1   RLX: 0.384
       a = -4.000      CL = -0.0086
      Cm = -0.1153     CD =  0.01699   =>   CDf =  0.00520    CDp =  0.01179

 Side 1  free  transition at x/c =  0.8593   67
 Side 2  free  transition at x/c =  0.0256   18

  17   rms: 0.1432E+00   max: -.6559E+00   D at   83  2   RLX: 0.762
       a = -4.000      CL =  0.0247
      Cm = -0.1092     CD =  0.01668   =>   CDf =  0.00549    CDp =  0.01119

 Side 1  free  transition at x/c =  0.8649   67
 Side 2  free  transition at x/c =  0.0259   18

  18   rms: 0.6933E-01   max: -.3673E+00   D at   77  1
       a = -4.000      CL =  0.0342
      Cm = -0.1055     CD =  0.01709   =>   CDf =  0.00601    CDp =  0.01108

 Side 1  free  transition at x/c =  0.8693   68
 Side 2  free  transition at x/c =  0.0262   19

  19   rms: 0.9420E-01   max: 0.4322E+00   D at   21  2
       a = -4.000      CL =  0.0311
      Cm = -0.1049     CD =  0.01582   =>   CDf =  0.00633    CDp =  0.00949

 Side 1  free  transition at x/c =  0.8689   68
 Side 2  free  transition at x/c =  0.0260   19

  20   rms: 0.1373E-01   max: -.6465E-01   D at   21  2
       a = -4.000      CL =  0.0305
      Cm = -0.1048     CD =  0.01601   =>   CDf =  0.00606    CDp =  0.00995

 Side 1  free  transition at x/c =  0.8688   68
 Side 2  free  transition at x/c =  0.0261   19

  21   rms: 0.3245E-03   max: -.2230E-02   D at   22  2
       a = -4.000      CL =  0.0305
      Cm = -0.1048     CD =  0.01601   =>   CDf =  0.00611    CDp =  0.00991

 Side 1  free  transition at x/c =  0.8688   68
 Side 2  free  transition at x/c =  0.0261   19

  22   rms: 0.1022E-05   max: -.9845E-05   T at   68  1
       a = -4.000      CL =  0.0305
      Cm = -0.1048     CD =  0.01601   =>   CDf =  0.00611    CDp =  0.00990
 plradd ia,ip,cpol            1           0  2.45883316E-03

 Point added to stored polar  1
 Point written to save file  dae51_Re400k.base.pol                           
 Dump file unspecified or not available
 Calculating wake trajectory ...
 Calculating source influence matrix ...

 Solving BL system ...

 Side 1  free  transition at x/c =  0.8688   68
 Side 2  free  transition at x/c =  0.0261   19

   1   rms: 0.1184E+00   max: -.2977E+00   D at   22  2
       a = -3.500      CL =  0.0850
      Cm = -0.1042     CD =  0.01391   =>   CDf =  0.00616    CDp =  0.00775

 Side 1  free  transition at x/c =  0.8599   68
 Side 2  free  transition at x/c =  0.0268   18

   2   rms: 0.3998E-01   max: 0.2667E+00   D at   18  2
       a = -3.500      CL =  0.0855
      Cm = -0.1046     CD =  0.01300   =>   CDf =  0.00649    CDp =  0.00651

 Side 1  free  transition at x/c =  0.8564   68
 Side 2  free  transition at x/c =  0.0268   18

   3   rms: 0.8330E-02   max: 0.6117E-01   D at   18  2
       a = -3.500      CL =  0.0854
      Cm = -0.1046     CD =  0.01298   =>   CDf =  0.00649    CDp =  0.00649

 Side 1  free  transition at x/c =  0.8570   68
 Side 2  free  transition at x/c =  0.0268   18

   4   rms: 0.2153E-03   max: 0.1478E-02   D at   18  2
       a = -3.500      CL =  0.0854
      Cm = -0.1046     CD =  0.01298   =>   CDf =  0.00648    CDp =  0.00650

 Side 1  free  transition at x/c =  0.8570   68
 Side 2  free  transition at x/c =  0.0268   18

   5   rms: 0.2606E-05   max: 0.1836E-04   D at    4  1
       a = -3.500      CL =  0.0854
      Cm = -0.1046     CD =  0.01298   =>   CDf =  0.00648    CDp =  0.00650
 plradd ia,ip,cpol            2           0  2.45883316E-03

 Point added to stored polar  1
 Point written to save file  dae51_Re400k.base.pol                           
 Dump file unspecified or not available
 Calculating wake trajectory ...
 Calculating source influence matrix ...

 Solving BL system ...

 Side 1  free  transition at x/c =  0.8570   68
 Side 2  free  transition at x/c =  0.0268   18

   1   rms: 0.1689E+00   max: -.5627E+00   T at   18  2   RLX: 0.889
       a = -3.000      CL =  0.1331
      Cm = -0.1042     CD =  0.01072   =>   CDf =  0.00648    CDp =  0.00424

 Side 1  free  transition at x/c =  0.8485   67
 Side 2  free  transition at x/c =  0.0306   18

   2   rms: 0.2315E-01   max: 0.1285E+00   D at   18  2
       a = -3.000      CL =  0.1407
      Cm = -0.1044     CD =  0.01164   =>   CDf =  0.00655    CDp =  0.00509

 Side 1  free  transition at x/c =  0.8450   67
 Side 2  free  transition at x/c =  0.0303   18

   3   rms: 0.1761E-02   max: -.2014E-01   D at   68  1
       a = -3.000      CL =  0.1406
      Cm = -0.1044     CD =  0.01163   =>   CDf =  0.00657    CDp =  0.00506

 Side 1  free  transition at x/c =  0.8454   67
 Side 2  free  transition at x/c =  0.0302   18

   4   rms: 0.9838E-05   max: -.1255E-03   D at   70  1
       a = -3.000      CL =  0.1406
      Cm = -0.1044     CD =  0.01163   =>   CDf =  0.00657    CDp =  0.00506
 plradd ia,ip,cpol            3           0  2.45883316E-03

 Point added to stored polar  1
 Point written to save file  dae51_Re400k.base.pol                           
 Dump file unspecified or not available
 Calculating wake trajectory ...
 Calculating source influence matrix ...

 Solving BL system ...

 Side 1  free  transition at x/c =  0.8454   67
 Side 2  free  transition at x/c =  0.0302   18

   1   rms: 0.1099E+00   max: -.5414E+00   T at   18  2   RLX: 0.924
       a = -2.500      CL =  0.1920
      Cm = -0.1042     CD =  0.01072   =>   CDf =  0.00660    CDp =  0.00412

 Side 1  free  transition at x/c =  0.8346   67
 Side 2  free  transition at x/c =  0.0371   18

   2   rms: 0.1963E-01   max: 0.2881E+00   D at   18  2
       a = -2.500      CL =  0.1965
      Cm = -0.1043     CD =  0.01062   =>   CDf =  0.00670    CDp =  0.00392

 Side 1  free  transition at x/c =  0.8340   67
 Side 2  free  transition at x/c =  0.0376   18

   3   rms: 0.4775E-02   max: 0.5165E-01   D at   18  2
       a = -2.500      CL =  0.1965
      Cm = -0.1043     CD =  0.01064   =>   CDf =  0.00667    CDp =  0.00396

 Side 1  free  transition at x/c =  0.8340   67
 Side 2  free  transition at x/c =  0.0375   18

   4   rms: 0.3187E-04   max: 0.3333E-03   D at   18  2
       a = -2.500      CL =  0.1965
      Cm = -0.1043     CD =  0.01064   =>   CDf =  0.00667    CDp =  0.00397
 plradd ia,ip,cpol            4           0  4.06290544E-03

 Point added to stored polar  1
 Point written to save file  dae51_Re400k.base.pol                           
 Dump file unspecified or not available
 Calculating wake trajectory ...
 Calculating source influence matrix ...

 Solving BL system ...

 Side 1  free  transition at x/c =  0.8340   67
 Side 2  free  transition at x/c =  0.0375   18

   1   rms: 0.1166E+00   max: -.8667E+00   T at   18  2   RLX: 0.577
       a = -2.000      CL =  0.2291
      Cm = -0.1044     CD =  0.01020   =>   CDf =  0.00667    CDp =  0.00353

 Side 1  free  transition at x/c =  0.8256   67
 Side 2  free  transition at x/c =  0.0430   18

   2   rms: 0.5835E-01   max: -.5581E+00   T at   18  2   RLX: 0.896
       a = -2.000      CL =  0.2503
      Cm = -0.1040     CD =  0.01033   =>   CDf =  0.00672    CDp =  0.00360

 Side 1  free  transition at x/c =  0.8229   66
 Side 2  free  transition at x/c =  0.0508   19

   3   rms: 0.2483E-01   max: 0.5315E+00   D at   19  2
       a = -2.000      CL =  0.2531
      Cm = -0.1042     CD =  0.00986   =>   CDf =  0.00678    CDp =  0.00308

 Side 1  free  transition at x/c =  0.8223   66
 Side 2  free  transition at x/c =  0.0547   19

   4   rms: 0.8676E-02   max: -.1102E+00   D at   19  2
       a = -2.000      CL =  0.2531
      Cm = -0.1042     CD =  0.00993   =>   CDf =  0.00675    CDp =  0.00318

 Side 1  free  transition at x/c =  0.8223   66
 Side 2  free  transition at x/c =  0.0549   19

   5   rms: 0.1435E-03   max: 0.1945E-02   D at   19  2
       a = -2.000      CL =  0.2531
      Cm = -0.1042     CD =  0.00993   =>   CDf =  0.00676    CDp =  0.00318

 Side 1  free  transition at x/c =  0.8223   66
 Side 2  free  transition at x/c =  0.0548   19

   6   rms: 0.1925E-05   max: -.7974E-05   D at    4  2
       a = -2.000      CL =  0.2531
      Cm = -0.1042     CD =  0.00993   =>   CDf =  0.00676    CDp =  0.00318
 plradd ia,ip,cpol            5           0  4.06290544E-03

 Point added to stored polar  1
 Point written to save file  dae51_Re400k.base.pol                           
 Dump file unspecified or not available
 Calculating wake trajectory ...
 Calculating source influence matrix ...

 Solving BL system ...

 Side 1  free  transition at x/c =  0.8223   66
 Side 2  free  transition at x/c =  0.0548   19

   1   rms: 0.1404E+00   max: 0.1768E+01   C at   19  2   RLX: 0.332
       a = -1.500      CL =  0.2721
      Cm = -0.1042     CD =  0.00986   =>   CDf =  0.00675    CDp =  0.00311

 Side 1  free  transition at x/c =  0.8169   67
 Side 2  free  transition at x/c =  0.0681   20

   2   rms: 0.3370E+00   max: -.2255E+01   C at   20  2   RLX: 0.222
       a = -1.500      CL =  0.2806
      Cm = -0.1043     CD =  0.00930   =>   CDf =  0.00674    CDp =  0.00257

 Side 1  free  transition at x/c =  0.8151   67
 Side 2  free  transition at x/c =  0.1240   23

   3   rms: 0.6552E-01   max: -.5758E+00   T at   23  2   RLX: 0.868
       a = -1.500      CL =  0.3055
      Cm = -0.1045     CD =  0.00922   =>   CDf =  0.00653    CDp =  0.00269

 Side 1  free  transition at x/c =  0.8097   67
 Side 2  free  transition at x/c =  0.2013   29

   4   rms: 0.1223E+00   max: -.1668E+01   C at   29  2   RLX: 0.300
       a = -1.500      CL =  0.3002
      Cm = -0.1051     CD =  0.00895   =>   CDf =  0.00640    CDp =  0.00254

 Side 1  free  transition at x/c =  0.8097   67
 Side 2  free  transition at x/c =  0.2181   30

   5   rms: 0.1018E+00   max: -.1686E+01   C at   30  2   RLX: 0.297
       a = -1.500      CL =  0.3035
      Cm = -0.1050     CD =  0.00888   =>   CDf =  0.00630    CDp =  0.00258

 Side 1  free  transition at x/c =  0.8097   67
 Side 2  free  transition at x/c =  0.2305   30

   6   rms: 0.4296E-01   max: -.7670E+00   C at   30  2   RLX: 0.652
       a = -1.500      CL =  0.3077
      Cm = -0.1048     CD =  0.00884   =>   CDf =  0.00624    CDp =  0.00260

 Side 1  free  transition at x/c =  0.8097   67
 Side 2  free  transition at x/c =  0.2720   33

   7   rms: 0.1966E-01   max: -.3359E+00   C at   33  2
       a = -1.500      CL =  0.3095
      Cm = -0.1048     CD =  0.00870   =>   CDf =  0.00608    CDp =  0.00262

 Side 1  free  transition at x/c =  0.8097   67
 Side 2  free  transition at x/c =  0.2733   33

   8   rms: 0.2966E-02   max: 0.5646E-01   C at   33  2
       a = -1.500      CL =  0.3095
      Cm = -0.1048     CD =  0.00871   =>   CDf =  0.00603    CDp =  0.00268

 Side 1  free  transition at x/c =  0.8097   67
 Side 2  free  transition at x/c =  0.2703   33

   9   rms: 0.1652E-03   max: -.3341E-02   C at   33  2
       a = -1.500      CL =  0.3095
      Cm = -0.1048     CD =  0.00871   =>   CDf =  0.00604    CDp =  0.00267

 Side 1  free  transition at x/c =  0.8097   67
 Side 2  free  transition at x/c =  0.2704   33

  10   rms: 0.1322E-05   max: 0.1189E-04   D at   67  1
       a = -1.500      CL =  0.3095
      Cm = -0.1048     CD =  0.00871   =>   CDf =  0.00604    CDp =  0.00267
 plradd ia,ip,cpol            6           0  4.06290544E-03

 Point added to stored polar  1
 Point written to save file  dae51_Re400k.base.pol                           
 Dump file unspecified or not available
 Calculating wake trajectory ...
 Calculating source influence matrix ...

 Solving BL system ...

 Side 1  free  transition at x/c =  0.8097   67
 Side 2  free  transition at x/c =  0.2704   33

   1   rms: 0.4573E+00   max: -.9108E+01   C at   33  2   RLX: 0.055
       a = -1.000      CL =  0.3125
      Cm = -0.1048     CD =  0.00866   =>   CDf =  0.00604    CDp =  0.00262

 Side 1  free  transition at x/c =  0.8091   67
 Side 2  free  transition at x/c =  0.2874   34

   2   rms: 0.3724E+00   max: -.7292E+01   C at   34  2   RLX: 0.069
       a = -1.000      CL =  0.3162
      Cm = -0.1048     CD =  0.00861   =>   CDf =  0.00600    CDp =  0.00261

 Side 1  free  transition at x/c =  0.8085   67
 Side 2  free  transition at x/c =  0.3091   36

   3   rms: 0.3904E+00   max: -.7455E+01   C at   36  2   RLX: 0.067
       a = -1.000      CL =  0.3192
      Cm = -0.1048     CD =  0.00853   =>   CDf =  0.00594    CDp =  0.00260

 Side 1  free  transition at x/c =  0.8079   66
 Side 2  free  transition at x/c =  0.3224   37

   4   rms: 0.3158E+00   max: -.5644E+01   C at   37  2   RLX: 0.089
       a = -1.000      CL =  0.3239
      Cm = -0.1050     CD =  0.00847   =>   CDf =  0.00592    CDp =  0.00256

 Side 1  free  transition at x/c =  0.8068   66
 Side 2  free  transition at x/c =  0.3367   37

   5   rms: 0.1889E+00   max: -.3402E+01   C at   37  2   RLX: 0.147
       a = -1.000      CL =  0.3305
      Cm = -0.1051     CD =  0.00845   =>   CDf =  0.00587    CDp =  0.00258

 Side 1  free  transition at x/c =  0.8050   66
 Side 2  free  transition at x/c =  0.3662   39

   6   rms: 0.1320E+00   max: -.2199E+01   C at   39  2   RLX: 0.227
       a = -1.000      CL =  0.3384
      Cm = -0.1051     CD =  0.00836   =>   CDf =  0.00578    CDp =  0.00258

 Side 1  free  transition at x/c =  0.8026   66
 Side 2  free  transition at x/c =  0.4214   43

   7   rms: 0.2554E+00   max: -.4801E+01   C at   43  2   RLX: 0.104
       a = -1.000      CL =  0.3397
      Cm = -0.1048     CD =  0.00818   =>   CDf =  0.00560    CDp =  0.00258

 Side 1  free  transition at x/c =  0.8019   66
 Side 2  free  transition at x/c =  0.4317   44

   8   rms: 0.1962E+00   max: -.3593E+01   C at   44  2   RLX: 0.139
       a = -1.000      CL =  0.3436
      Cm = -0.1050     CD =  0.00814   =>   CDf =  0.00557    CDp =  0.00257

 Side 1  free  transition at x/c =  0.8010   66
 Side 2  free  transition at x/c =  0.4456   45

   9   rms: 0.1708E+00   max: -.3097E+01   C at   45  2   RLX: 0.161
       a = -1.000      CL =  0.3474
      Cm = -0.1051     CD =  0.00809   =>   CDf =  0.00553    CDp =  0.00256

 Side 1  free  transition at x/c =  0.8002   66
 Side 2  free  transition at x/c =  0.4608   46

  10   rms: 0.1550E+00   max: -.2821E+01   C at   46  2   RLX: 0.177
       a = -1.000      CL =  0.3508
      Cm = -0.1052     CD =  0.00804   =>   CDf =  0.00549    CDp =  0.00256

 Side 1  free  transition at x/c =  0.7995   66
 Side 2  free  transition at x/c =  0.4762   47

  11   rms: 0.1359E+00   max: -.2478E+01   C at   47  2   RLX: 0.202
       a = -1.000      CL =  0.3538
      Cm = -0.1053     CD =  0.00800   =>   CDf =  0.00543    CDp =  0.00257

 Side 1  free  transition at x/c =  0.7988   67
 Side 2  free  transition at x/c =  0.4920   47

  12   rms: 0.1442E+00   max: -.2085E+01   C at   47  2   RLX: 0.240
       a = -1.000      CL =  0.3567
      Cm = -0.1053     CD =  0.00795   =>   CDf =  0.00539    CDp =  0.00256

 Side 1  free  transition at x/c =  0.7982   67
 Side 2  free  transition at x/c =  0.5087   48

  13   rms: 0.9014E-01   max: -.1646E+01   C at   48  2   RLX: 0.304
       a = -1.000      CL =  0.3593
      Cm = -0.1053     CD =  0.00790   =>   CDf =  0.00534    CDp =  0.00256

 Side 1  free  transition at x/c =  0.7976   67
 Side 2  free  transition at x/c =  0.5270   49

  14   rms: 0.6219E-01   max: -.1134E+01   C at   49  2   RLX: 0.441
       a = -1.000      CL =  0.3617
      Cm = -0.1052     CD =  0.00785   =>   CDf =  0.00529    CDp =  0.00257

 Side 1  free  transition at x/c =  0.7970   67
 Side 2  free  transition at x/c =  0.5483   50

  15   rms: 0.2964E-01   max: -.5331E+00   C at   50  2   RLX: 0.938
       a = -1.000      CL =  0.3643
      Cm = -0.1050     CD =  0.00780   =>   CDf =  0.00523    CDp =  0.00257

 Side 1  free  transition at x/c =  0.7964   67
 Side 2  free  transition at x/c =  0.5825   53

  16   rms: 0.4964E-02   max: 0.7632E-01   C at   53  2
       a = -1.000      CL =  0.3643
      Cm = -0.1050     CD =  0.00777   =>   CDf =  0.00512    CDp =  0.00264

 Side 1  free  transition at x/c =  0.7963   67
 Side 2  free  transition at x/c =  0.5797   52

  17   rms: 0.7919E-04   max: 0.1156E-02   C at   52  2
       a = -1.000      CL =  0.3643
      Cm = -0.1050     CD =  0.00777   =>   CDf =  0.00514    CDp =  0.00263
 plradd ia,ip,cpol            7           0  4.06290544E-03

 Point added to stored polar  1
 Point written to save file  dae51_Re400k.base.pol                           
 Dump file unspecified or not available
 Calculating wake trajectory ...
 Calculating source influence matrix ...

 Solving BL system ...

 Side 1  free  transition at x/c =  0.7963   67
 Side 2  free  transition at x/c =  0.5796   52

   1   rms: 0.3188E+00   max: -.5512E+01   C at   52  2   RLX: 0.091
       a = -0.500      CL =  0.3691
      Cm = -0.1049     CD =  0.00771   =>   CDf =  0.00514    CDp =  0.00257

 Side 1  free  transition at x/c =  0.7953   67
 Side 2  free  transition at x/c =  0.6093   54

   2   rms: 0.2492E+00   max: -.4195E+01   C at   54  2   RLX: 0.119
       a = -0.500      CL =  0.3747
      Cm = -0.1048     CD =  0.00764   =>   CDf =  0.00506    CDp =  0.00258

 Side 1  free  transition at x/c =  0.7941   67
 Side 2  free  transition at x/c =  0.6525   57

   3   rms: 0.2050E+00   max: -.3382E+01   C at   57  2   RLX: 0.148
       a = -0.500      CL =  0.3802
      Cm = -0.1043     CD =  0.00753   =>   CDf =  0.00494    CDp =  0.00259

 Side 1  free  transition at x/c =  0.7930   66
 Side 2  free  transition at x/c =  0.6982   60

   4   rms: 0.1386E+00   max: -.2136E+01   C at   60  2   RLX: 0.234
       a = -0.500      CL =  0.3880
      Cm = -0.1040     CD =  0.00738   =>   CDf =  0.00481    CDp =  0.00258

 Side 1  free  transition at x/c =  0.7901   66
 Side 2  free  transition at x/c =  0.7584   64

   5   rms: 0.1507E+00   max: -.2513E+01   C at   64  2   RLX: 0.199
       a = -0.500      CL =  0.3914
      Cm = -0.1030     CD =  0.00720   =>   CDf =  0.00461    CDp =  0.00260

 Side 1  free  transition at x/c =  0.7884   66
 Side 2  free  transition at x/c =  0.7829   66

   6   rms: 0.1037E+00   max: -.1716E+01   C at   66  2   RLX: 0.291
       a = -0.500      CL =  0.3971
      Cm = -0.1029     CD =  0.00712   =>   CDf =  0.00453    CDp =  0.00259

 Side 1  free  transition at x/c =  0.7865   66
 Side 2  free  transition at x/c =  0.8143   68

   7   rms: 0.6958E-01   max: -.1144E+01   C at   68  2   RLX: 0.437
       a = -0.500      CL =  0.4025
      Cm = -0.1025     CD =  0.00702   =>   CDf =  0.00443    CDp =  0.00259

 Side 1  free  transition at x/c =  0.7846   66
 Side 2  free  transition at x/c =  0.8520   70

   8   rms: 0.3042E-01   max: -.4708E+00   C at   70  2
       a = -0.500      CL =  0.4091
      Cm = -0.1019     CD =  0.00692   =>   CDf =  0.00434    CDp =  0.00258

 Side 1  free  transition at x/c =  0.7824   66
 Side 2  free  transition at x/c =  0.9165   75

   9   rms: 0.2109E-01   max: 0.3491E+00   C at   75  2
       a = -0.500      CL =  0.4075
      Cm = -0.1014     CD =  0.00687   =>   CDf =  0.00423    CDp =  0.00264

 Side 1  free  transition at x/c =  0.7825   66
 Side 2  free  transition at x/c =  0.8937   73

  10   rms: 0.3556E-02   max: -.5917E-01   C at   73  2
       a = -0.500      CL =  0.4079
      Cm = -0.1015     CD =  0.00687   =>   CDf =  0.00426    CDp =  0.00261

 Side 1  free  transition at x/c =  0.7825   66
 Side 2  free  transition at x/c =  0.8961   73

  11   rms: 0.1461E-04   max: 0.1954E-03   C at   73  2
       a = -0.500      CL =  0.4079
      Cm = -0.1015     CD =  0.00687   =>   CDf =  0.00425    CDp =  0.00262
 plradd ia,ip,cpol            8           0  0.28128856    

 Point added to stored polar  1
 Point written to save file  dae51_Re400k.base.pol                           
 Dump file unspecified or not available
 Calculating wake trajectory ...
 Calculating source influence matrix ...

 Solving BL system ...

 Side 1  free  transition at x/c =  0.7825   66
 Side 2  free  transition at x/c =  0.8961   73

   1   rms: 0.6329E+00   max: -.1032E+02   C at   73  2   RLX: 0.048
       a =  0.000      CL =  0.4096
      Cm = -0.1012     CD =  0.00681   =>   CDf =  0.00426    CDp =  0.00256

 Side 1  free  transition at x/c =  0.7819   66
 Side 2  free  transition at x/c =  0.9231   75

   2   rms: 0.1101E+01   max: -.1734E+02   C at   75  2   RLX: 0.029
       a =  0.000      CL =  0.4123
      Cm = -0.1013     CD =  0.00677   =>   CDf =  0.00423    CDp =  0.00254

 Side 1  free  transition at x/c =  0.7816   66
 Side 2  free  transition at x/c =  0.9471   77

   3   rms: 0.2546E+01   max: -.3933E+02   C at   77  2   RLX: 0.013
       a =  0.000      CL =  0.4152
      Cm = -0.1018     CD =  0.00674   =>   CDf =  0.00422    CDp =  0.00253

 Side 1  free  transition at x/c =  0.7815   66
 Side 2  free  transition at x/c =  0.9737   79

   4   rms: 0.5185E+01   max: -.8534E+02   C at   79  2   RLX: 0.006
       a =  0.000      CL =  0.4169
      Cm = -0.1022     CD =  0.00673   =>   CDf =  0.00421    CDp =  0.00252

 Side 1  free  transition at x/c =  0.7815   66
 Side 2  free  transition at x/c =  0.9894   80

   5   rms: 0.5779E+01   max: -.1102E+03   C at   80  2   RLX: 0.005
       a =  0.000      CL =  0.4177
      Cm = -0.1023     CD =  0.00673   =>   CDf =  0.00421    CDp =  0.00252

 Side 1  free  transition at x/c =  0.7814   66
 Side 2 forced transition at x/c =  1.0000   81

   6   rms: 0.9931E-01   max: -.4357E+00   n at   80  2
       a =  0.000      CL =  0.4700
      Cm = -0.1024     CD =  0.00682   =>   CDf =  0.00424    CDp =  0.00258

 Side 1  free  transition at x/c =  0.7705   66
 Side 2 forced transition at x/c =  1.0000   80

   7   rms: 0.9948E-02   max: -.1301E+00   D at   66  1
       a =  0.000      CL =  0.4701
      Cm = -0.1025     CD =  0.00681   =>   CDf =  0.00439    CDp =  0.00242

 Side 1  free  transition at x/c =  0.7675   66
 Side 2 forced transition at x/c =  1.0000   80

   8   rms: 0.2062E-02   max: -.2495E-01   D at   66  1
       a =  0.000      CL =  0.4701
      Cm = -0.1025     CD =  0.00681   =>   CDf =  0.00441    CDp =  0.00240

 Side 1  free  transition at x/c =  0.7680   66
 Side 2 forced transition at x/c =  1.0000   80

   9   rms: 0.3683E-04   max: -.5121E-03   D at   68  1
       a =  0.000      CL =  0.4701
      Cm = -0.1025     CD =  0.00681   =>   CDf =  0.00440    CDp =  0.00241
 plradd ia,ip,cpol            9           0  0.25254577    

 Point added to stored polar  1
 Point written to save file  dae51_Re400k.base.pol                           
 Dump file unspecified or not available
 Calculating wake trajectory ...
 Calculating source influence matrix ...

 Solving BL system ...

 Side 1  free  transition at x/c =  0.7680   66
 Side 2 forced transition at x/c =  1.0000   80

   1   rms: 0.1004E+00   max: -.2307E+00   n at   77  2
       a =  0.500      CL =  0.5269
      Cm = -0.1025     CD =  0.00689   =>   CDf =  0.00441    CDp =  0.00248

 Side 1  free  transition at x/c =  0.7541   66
 Side 2 forced transition at x/c =  1.0000   79

   2   rms: 0.1151E-01   max: -.1667E+00   D at   66  1
       a =  0.500      CL =  0.5269
      Cm = -0.1026     CD =  0.00690   =>   CDf =  0.00457    CDp =  0.00232

 Side 1  free  transition at x/c =  0.7521   66
 Side 2 forced transition at x/c =  1.0000   79

   3   rms: 0.1490E-02   max: -.2003E-01   D at   66  1
       a =  0.500      CL =  0.5269
      Cm = -0.1026     CD =  0.00690   =>   CDf =  0.00458    CDp =  0.00231

 Side 1  free  transition at x/c =  0.7524   66
 Side 2 forced transition at x/c =  1.0000   79

   4   rms: 0.2442E-04   max: 0.2860E-03   D at   66  1
       a =  0.500      CL =  0.5269
      Cm = -0.1026     CD =  0.00690   =>   CDf =  0.00458    CDp =  0.00232
 plradd ia,ip,cpol           10           0  0.23824744    

 Point added to stored polar  1
 Point written to save file  dae51_Re400k.base.pol                           
 Dump file unspecified or not available
 Calculating wake trajectory ...
 Calculating source influence matrix ...

 Solving BL system ...

 Side 1  free  transition at x/c =  0.7523   66
 Side 2 forced transition at x/c =  1.0000   79

   1   rms: 0.9190E-01   max: -.1449E+00   n at   75  2
       a =  1.000      CL =  0.5835
      Cm = -0.1025     CD =  0.00701   =>   CDf =  0.00458    CDp =  0.00243

 Side 1  free  transition at x/c =  0.7374   65
 Side 2 forced transition at x/c =  1.0000   79

   2   rms: 0.1484E-01   max: -.2071E+00   D at   65  1
       a =  1.000      CL =  0.5835
      Cm = -0.1026     CD =  0.00699   =>   CDf =  0.00472    CDp =  0.00227

 Side 1  free  transition at x/c =  0.7355   65
 Side 2 forced transition at x/c =  1.0000   79

   3   rms: 0.9185E-03   max: -.1210E-01   D at   65  1
       a =  1.000      CL =  0.5835
      Cm = -0.1026     CD =  0.00701   =>   CDf =  0.00474    CDp =  0.00227

 Side 1  free  transition at x/c =  0.7357   65
 Side 2 forced transition at x/c =  1.0000   79

   4   rms: 0.7271E-05   max: -.7740E-04   D at   66  1
       a =  1.000      CL =  0.5835
      Cm = -0.1026     CD =  0.00701   =>   CDf =  0.00474    CDp =  0.00227
 plradd ia,ip,cpol           11           0  0.19574095    

 Point added to stored polar  1
 Point written to save file  dae51_Re400k.base.pol                           
 Dump file unspecified or not available
 Calculating wake trajectory ...
 Calculating source influence matrix ...

 Solving BL system ...

 Side 1  free  transition at x/c =  0.7357   65
 Side 2 forced transition at x/c =  1.0000   79

   1   rms: 0.8969E-01   max: -.9218E-01   n at   73  2
       a =  1.500      CL =  0.6399
      Cm = -0.1025     CD =  0.00719   =>   CDf =  0.00472    CDp =  0.00247

 Side 1  free  transition at x/c =  0.7202   65
 Side 2 forced transition at x/c =  1.0000   78

   2   rms: 0.2069E-01   max: -.2664E+00   D at   65  1
       a =  1.500      CL =  0.6400
      Cm = -0.1026     CD =  0.00710   =>   CDf =  0.00482    CDp =  0.00227

 Side 1  free  transition at x/c =  0.7185   64
 Side 2 forced transition at x/c =  1.0000   78

   3   rms: 0.2818E-02   max: 0.4649E-01   D at   65  1
       a =  1.500      CL =  0.6399
      Cm = -0.1026     CD =  0.00713   =>   CDf =  0.00485    CDp =  0.00228

 Side 1  free  transition at x/c =  0.7171   64
 Side 2 forced transition at x/c =  1.0000   78

   4   rms: 0.1538E-03   max: -.1493E-02   D at   65  1
       a =  1.500      CL =  0.6399
      Cm = -0.1026     CD =  0.00713   =>   CDf =  0.00485    CDp =  0.00228

 Side 1  free  transition at x/c =  0.7171   64
 Side 2 forced transition at x/c =  1.0000   78

   5   rms: 0.6807E-06   max: 0.2486E-05   T at   81  1
       a =  1.500      CL =  0.6399
      Cm = -0.1026     CD =  0.00713   =>   CDf =  0.00485    CDp =  0.00228
 plradd ia,ip,cpol           12           0  0.16784666    

 Point added to stored polar  1
 Point written to save file  dae51_Re400k.base.pol                           
 Dump file unspecified or not available
 Calculating wake trajectory ...
 Calculating source influence matrix ...

 Solving BL system ...

 Side 1  free  transition at x/c =  0.7171   64
 Side 2 forced transition at x/c =  1.0000   78

   1   rms: 0.8637E-01   max: -.8197E-01   C at   78  2
       a =  2.000      CL =  0.6964
      Cm = -0.1028     CD =  0.00722   =>   CDf =  0.00482    CDp =  0.00241

 Side 1  free  transition at x/c =  0.6925   64
 Side 2 forced transition at x/c =  1.0000   77

   2   rms: 0.2040E-01   max: -.2669E+00   D at   64  1
       a =  2.000      CL =  0.6959
      Cm = -0.1025     CD =  0.00724   =>   CDf =  0.00503    CDp =  0.00221

 Side 1  free  transition at x/c =  0.6985   64
 Side 2 forced transition at x/c =  1.0000   77

   3   rms: 0.4950E-02   max: 0.5992E-01   C at   64  1
       a =  2.000      CL =  0.6960
      Cm = -0.1026     CD =  0.00727   =>   CDf =  0.00491    CDp =  0.00236

 Side 1  free  transition at x/c =  0.6965   64
 Side 2 forced transition at x/c =  1.0000   77

   4   rms: 0.2168E-03   max: -.2517E-02   D at   66  1
       a =  2.000      CL =  0.6960
      Cm = -0.1026     CD =  0.00727   =>   CDf =  0.00494    CDp =  0.00233

 Side 1  free  transition at x/c =  0.6964   64
 Side 2 forced transition at x/c =  1.0000   77

   5   rms: 0.1988E-05   max: -.1686E-04   D at    4  1
       a =  2.000      CL =  0.6960
      Cm = -0.1026     CD =  0.00727   =>   CDf =  0.00494    CDp =  0.00233
 plradd ia,ip,cpol           13           0  0.14045201    

 Point added to stored polar  1
 Point written to save file  dae51_Re400k.base.pol                           
 Dump file unspecified or not available
 Calculating wake trajectory ...
 Calculating source influence matrix ...

 Solving BL system ...

 Side 1  free  transition at x/c =  0.6964   64
 Side 2 forced transition at x/c =  1.0000   77

   1   rms: 0.8717E-01   max: -.7445E-01   C at   77  2
       a =  2.500      CL =  0.7518
      Cm = -0.1025     CD =  0.00743   =>   CDf =  0.00494    CDp =  0.00249

 Side 1  free  transition at x/c =  0.6747   62
 Side 2 forced transition at x/c =  1.0000   77

   2   rms: 0.1945E-01   max: -.2995E+00   D at   63  1
       a =  2.500      CL =  0.7517
      Cm = -0.1024     CD =  0.00743   =>   CDf =  0.00506    CDp =  0.00237

 Side 1  free  transition at x/c =  0.6760   62
 Side 2 forced transition at x/c =  1.0000   77

   3   rms: 0.2559E-02   max: 0.4041E-01   D at   63  1
       a =  2.500      CL =  0.7517
      Cm = -0.1025     CD =  0.00746   =>   CDf =  0.00505    CDp =  0.00241

 Side 1  free  transition at x/c =  0.6749   62
 Side 2 forced transition at x/c =  1.0000   77

   4   rms: 0.3598E-04   max: -.5077E-03   C at   62  1
       a =  2.500      CL =  0.7517
      Cm = -0.1025     CD =  0.00746   =>   CDf =  0.00505    CDp =  0.00240
 plradd ia,ip,cpol           14           0  0.11374913    

 Point added to stored polar  1
 Point written to save file  dae51_Re400k.base.pol                           
 Dump file unspecified or not available
 Calculating wake trajectory ...
 Calculating source influence matrix ...

 Solving BL system ...

 Side 1  free  transition at x/c =  0.6749   62
 Side 2 forced transition at x/c =  1.0000   77

   1   rms: 0.8651E-01   max: -.7309E-01   C at   77  2
       a =  3.000      CL =  0.8079
      Cm = -0.1026     CD =  0.00756   =>   CDf =  0.00498    CDp =  0.00258

 Side 1  free  transition at x/c =  0.6444   61
 Side 2 forced transition at x/c =  1.0000   76

   2   rms: 0.2244E-01   max: -.3595E+00   D at   62  1
       a =  3.000      CL =  0.8067
      Cm = -0.1022     CD =  0.00770   =>   CDf =  0.00521    CDp =  0.00248

 Side 1  free  transition at x/c =  0.6529   62
 Side 2 forced transition at x/c =  1.0000   76

   3   rms: 0.8234E-02   max: 0.1089E+00   C at   62  1
       a =  3.000      CL =  0.8071
      Cm = -0.1023     CD =  0.00765   =>   CDf =  0.00507    CDp =  0.00258

 Side 1  free  transition at x/c =  0.6503   62
 Side 2 forced transition at x/c =  1.0000   76

   4   rms: 0.7983E-03   max: -.1176E-01   D at   64  1
       a =  3.000      CL =  0.8071
      Cm = -0.1023     CD =  0.00766   =>   CDf =  0.00510    CDp =  0.00255

 Side 1  free  transition at x/c =  0.6501   62
 Side 2 forced transition at x/c =  1.0000   76

   5   rms: 0.6622E-05   max: -.1038E-03   D at   64  1
       a =  3.000      CL =  0.8071
      Cm = -0.1023     CD =  0.00766   =>   CDf =  0.00511    CDp =  0.00255
 plradd ia,ip,cpol           15           0  0.10074817    

 Point added to stored polar  1
 Point written to save file  dae51_Re400k.base.pol                           
 Dump file unspecified or not available
 Calculating wake trajectory ...
 Calculating source influence matrix ...

 Solving BL system ...

 Side 1  free  transition at x/c =  0.6501   62
 Side 2 forced transition at x/c =  1.0000   76

   1   rms: 0.8952E-01   max: -.6749E-01   C at   76  2
       a =  3.500      CL =  0.8619
      Cm = -0.1020     CD =  0.00793   =>   CDf =  0.00511    CDp =  0.00282

 Side 1  free  transition at x/c =  0.6243   60
 Side 2 forced transition at x/c =  1.0000   76

   2   rms: 0.1303E-01   max: 0.2123E+00   D at   61  1
       a =  3.500      CL =  0.8620
      Cm = -0.1021     CD =  0.00792   =>   CDf =  0.00520    CDp =  0.00272

 Side 1  free  transition at x/c =  0.6237   60
 Side 2 forced transition at x/c =  1.0000   76

   3   rms: 0.1078E-02   max: 0.1499E-01   C at   60  1
       a =  3.500      CL =  0.8620
      Cm = -0.1021     CD =  0.00791   =>   CDf =  0.00517    CDp =  0.00273

 Side 1  free  transition at x/c =  0.6234   60
 Side 2 forced transition at x/c =  1.0000   76

   4   rms: 0.6640E-05   max: -.8335E-04   D at   63  1
       a =  3.500      CL =  0.8620
      Cm = -0.1021     CD =  0.00791   =>   CDf =  0.00518    CDp =  0.00273
 plradd ia,ip,cpol           16           0  6.38682395E-02

 Point added to stored polar  1
 Point written to save file  dae51_Re400k.base.pol                           
 Dump file unspecified or not available
 Calculating wake trajectory ...
 Calculating source influence matrix ...

 Solving BL system ...

 Side 1  free  transition at x/c =  0.6233   60
 Side 2 forced transition at x/c =  1.0000   76

   1   rms: 0.8890E-01   max: -.6561E-01   C at   76  2
       a =  4.000      CL =  0.9164
      Cm = -0.1019     CD =  0.00820   =>   CDf =  0.00507    CDp =  0.00313

 Side 1  free  transition at x/c =  0.5928   59
 Side 2 forced transition at x/c =  1.0000   75

   2   rms: 0.1598E-01   max: 0.2741E+00   D at   60  1
       a =  4.000      CL =  0.9162
      Cm = -0.1018     CD =  0.00824   =>   CDf =  0.00530    CDp =  0.00294

 Side 1  free  transition at x/c =  0.5952   59
 Side 2 forced transition at x/c =  1.0000   75

   3   rms: 0.2770E-02   max: 0.4220E-01   C at   59  1
       a =  4.000      CL =  0.9163
      Cm = -0.1018     CD =  0.00821   =>   CDf =  0.00522    CDp =  0.00299

 Side 1  free  transition at x/c =  0.5942   59
 Side 2 forced transition at x/c =  1.0000   75

   4   rms: 0.2367E-04   max: -.3280E-03   D at   59  1
       a =  4.000      CL =  0.9163
      Cm = -0.1018     CD =  0.00822   =>   CDf =  0.00524    CDp =  0.00298
 plradd ia,ip,cpol           17           0  2.57443357E-02

 Point added to stored polar  1
 Point written to save file  dae51_Re400k.base.pol                           
 Dump file unspecified or not available
 Calculating wake trajectory ...
 Calculating source influence matrix ...

 Solving BL system ...

 Side 1  free  transition at x/c =  0.5942   59
 Side 2 forced transition at x/c =  1.0000   75

   1   rms: 0.8987E-01   max: -.6408E-01   C at   75  2
       a =  4.500      CL =  0.9700
      Cm = -0.1015     CD =  0.00857   =>   CDf =  0.00524    CDp =  0.00333

 Side 1  free  transition at x/c =  0.5594   57
 Side 2 forced transition at x/c =  1.0000   75

   2   rms: 0.1954E-01   max: 0.3089E+00   D at   58  1
       a =  4.500      CL =  0.9695
      Cm = -0.1014     CD =  0.00862   =>   CDf =  0.00540    CDp =  0.00323

 Side 1  free  transition at x/c =  0.5642   57
 Side 2 forced transition at x/c =  1.0000   75

   3   rms: 0.6047E-02   max: 0.9829E-01   C at   57  1
       a =  4.500      CL =  0.9698
      Cm = -0.1015     CD =  0.00859   =>   CDf =  0.00528    CDp =  0.00331

 Side 1  free  transition at x/c =  0.5621   57
 Side 2 forced transition at x/c =  1.0000   75

   4   rms: 0.1373E-03   max: -.1777E-02   D at   59  1
       a =  4.500      CL =  0.9698
      Cm = -0.1015     CD =  0.00859   =>   CDf =  0.00532    CDp =  0.00327

 Side 1  free  transition at x/c =  0.5620   57
 Side 2 forced transition at x/c =  1.0000   75

   5   rms: 0.9785E-06   max: -.3380E-05   C at   83  2
       a =  4.500      CL =  0.9698
      Cm = -0.1015     CD =  0.00859   =>   CDf =  0.00532    CDp =  0.00327
 plradd ia,ip,cpol           18           0  8.05896241E-03

 Point added to stored polar  1
 Point written to save file  dae51_Re400k.base.pol                           
 Dump file unspecified or not available
 Calculating wake trajectory ...
 Calculating source influence matrix ...

 Solving BL system ...

 Side 1  free  transition at x/c =  0.5620   57
 Side 2 forced transition at x/c =  1.0000   75

   1   rms: 0.9461E-01   max: 0.5889E+00   C at   57  1
       a =  5.000      CL =  1.0220
      Cm = -0.1009     CD =  0.00909   =>   CDf =  0.00517    CDp =  0.00392

 Side 1  free  transition at x/c =  0.5223   55
 Side 2 forced transition at x/c =  1.0000   74

   2   rms: 0.2345E-01   max: 0.2988E+00   D at   57  1
       a =  5.000      CL =  1.0221
      Cm = -0.1009     CD =  0.00905   =>   CDf =  0.00544    CDp =  0.00361

 Side 1  free  transition at x/c =  0.5260   55
 Side 2 forced transition at x/c =  1.0000   74

   3   rms: 0.3163E-02   max: -.5192E-01   D at   57  1
       a =  5.000      CL =  1.0223
      Cm = -0.1009     CD =  0.00903   =>   CDf =  0.00537    CDp =  0.00366

 Side 1  free  transition at x/c =  0.5247   55
 Side 2 forced transition at x/c =  1.0000   74

   4   rms: 0.8771E-04   max: -.1903E-02   D at   57  1
       a =  5.000      CL =  1.0223
      Cm = -0.1009     CD =  0.00903   =>   CDf =  0.00538    CDp =  0.00365
 plradd ia,ip,cpol           19           0  5.61167160E-03

 Point added to stored polar  1
 Point written to save file  dae51_Re400k.base.pol                           
 Dump file unspecified or not available
 Calculating wake trajectory ...
 Calculating source influence matrix ...

 Solving BL system ...

 Side 1  free  transition at x/c =  0.5247   55
 Side 2 forced transition at x/c =  1.0000   74

   1   rms: 0.9197E-01   max: 0.4927E+00   C at   55  1
       a =  5.500      CL =  1.0750
      Cm = -0.1005     CD =  0.00944   =>   CDf =  0.00538    CDp =  0.00406

 Side 1  free  transition at x/c =  0.4667   51
 Side 2 forced transition at x/c =  1.0000   74

   2   rms: 0.2786E-01   max: -.3863E+00   D at   52  1
       a =  5.500      CL =  1.0723
      Cm = -0.1001     CD =  0.00966   =>   CDf =  0.00564    CDp =  0.00402

 Side 1  free  transition at x/c =  0.4800   52
 Side 2 forced transition at x/c =  1.0000   74

   3   rms: 0.1044E-01   max: 0.1798E+00   C at   52  1
       a =  5.500      CL =  1.0731
      Cm = -0.1002     CD =  0.00961   =>   CDf =  0.00548    CDp =  0.00413

 Side 1  free  transition at x/c =  0.4759   52
 Side 2 forced transition at x/c =  1.0000   74

   4   rms: 0.5713E-03   max: -.1142E-01   D at   54  1
       a =  5.500      CL =  1.0731
      Cm = -0.1002     CD =  0.00961   =>   CDf =  0.00552    CDp =  0.00409

 Side 1  free  transition at x/c =  0.4757   52
 Side 2 forced transition at x/c =  1.0000   74

   5   rms: 0.3650E-05   max: -.7326E-04   D at   54  1
       a =  5.500      CL =  1.0731
      Cm = -0.1002     CD =  0.00961   =>   CDf =  0.00552    CDp =  0.00409
 plradd ia,ip,cpol           20           0  3.72621929E-03

 Point added to stored polar  1
 Point written to save file  dae51_Re400k.base.pol                           
 Dump file unspecified or not available
 Calculating wake trajectory ...
 Calculating source influence matrix ...

 Solving BL system ...

 Side 1  free  transition at x/c =  0.4757   52
 Side 2 forced transition at x/c =  1.0000   74

   1   rms: 0.1058E+00   max: 0.9978E+00   C at   52  1   RLX: 0.906
       a =  6.000      CL =  1.1179
      Cm = -0.0993     CD =  0.01026   =>   CDf =  0.00533    CDp =  0.00492

 Side 1  free  transition at x/c =  0.4214   49
 Side 2 forced transition at x/c =  1.0000   73

   2   rms: 0.2538E-01   max: 0.2196E+00   D at   52  1
       a =  6.000      CL =  1.1224
      Cm = -0.0993     CD =  0.01030   =>   CDf =  0.00571    CDp =  0.00459

 Side 1  free  transition at x/c =  0.4211   49
 Side 2 forced transition at x/c =  1.0000   73

   3   rms: 0.2983E-02   max: 0.4617E-01   C at   49  1
       a =  6.000      CL =  1.1222
      Cm = -0.0992     CD =  0.01033   =>   CDf =  0.00566    CDp =  0.00467

 Side 1  free  transition at x/c =  0.4198   49
 Side 2 forced transition at x/c =  1.0000   73

   4   rms: 0.3331E-04   max: -.4545E-03   D at   52  1
       a =  6.000      CL =  1.1222
      Cm = -0.0992     CD =  0.01033   =>   CDf =  0.00567    CDp =  0.00466
 plradd ia,ip,cpol           21           0  2.33085710E-03

 Point added to stored polar  1
 Point written to save file  dae51_Re400k.base.pol                           
 Dump file unspecified or not available
 Calculating wake trajectory ...
 Calculating source influence matrix ...

 Solving BL system ...

 Side 1  free  transition at x/c =  0.4198   49
 Side 2 forced transition at x/c =  1.0000   73

   1   rms: 0.1219E+00   max: 0.1475E+01   C at   49  1   RLX: 0.756
       a =  6.500      CL =  1.1580
      Cm = -0.0984     CD =  0.01101   =>   CDf =  0.00568    CDp =  0.00534

 Side 1  free  transition at x/c =  0.3526   44
 Side 2 forced transition at x/c =  1.0000   73

   2   rms: 0.2913E-01   max: -.2288E+00   D at   45  1
       a =  6.500      CL =  1.1686
      Cm = -0.0980     CD =  0.01130   =>   CDf =  0.00601    CDp =  0.00529

 Side 1  free  transition at x/c =  0.3405   44
 Side 2 forced transition at x/c =  1.0000   73

   3   rms: 0.3494E-02   max: -.4912E-01   C at   44  1
       a =  6.500      CL =  1.1674
      Cm = -0.0978     CD =  0.01141   =>   CDf =  0.00602    CDp =  0.00539

 Side 1  free  transition at x/c =  0.3418   44
 Side 2 forced transition at x/c =  1.0000   73

   4   rms: 0.5653E-04   max: -.1016E-02   D at   46  1
       a =  6.500      CL =  1.1674
      Cm = -0.0978     CD =  0.01141   =>   CDf =  0.00600    CDp =  0.00541
 plradd ia,ip,cpol           22           0  2.33085710E-03

 Point added to stored polar  1
 Point written to save file  dae51_Re400k.base.pol                           
 Dump file unspecified or not available
 Calculating wake trajectory ...
 Calculating source influence matrix ...

 Solving BL system ...

 Side 1  free  transition at x/c =  0.3418   44
 Side 2 forced transition at x/c =  1.0000   73

   1   rms: 0.1466E+00   max: 0.2099E+01   C at   44  1   RLX: 0.574
       a =  7.000      CL =  1.1916
      Cm = -0.0968     CD =  0.01224   =>   CDf =  0.00579    CDp =  0.00645

 Side 1  free  transition at x/c =  0.2947   41
 Side 2 forced transition at x/c =  1.0000   72

   2   rms: 0.4237E-01   max: -.1993E+00   D at   42  1
       a =  7.000      CL =  1.2132
      Cm = -0.0966     CD =  0.01247   =>   CDf =  0.00622    CDp =  0.00625

 Side 1  free  transition at x/c =  0.2565   39
 Side 2 forced transition at x/c =  1.0000   72

   3   rms: 0.1567E-01   max: -.2772E+00   C at   39  1
       a =  7.000      CL =  1.2107
      Cm = -0.0963     CD =  0.01269   =>   CDf =  0.00640    CDp =  0.00629

 Side 1  free  transition at x/c =  0.2641   39
 Side 2 forced transition at x/c =  1.0000   72

   4   rms: 0.4646E-03   max: -.7000E-02   D at   40  1
       a =  7.000      CL =  1.2105
      Cm = -0.0962     CD =  0.01271   =>   CDf =  0.00633    CDp =  0.00637

 Side 1  free  transition at x/c =  0.2642   39
 Side 2 forced transition at x/c =  1.0000   72

   5   rms: 0.2925E-05   max: 0.3234E-04   C at   39  1
       a =  7.000      CL =  1.2105
      Cm = -0.0962     CD =  0.01271   =>   CDf =  0.00633    CDp =  0.00637
 plradd ia,ip,cpol           23           0  1.32798252E-03

 Point added to stored polar  1
 Point written to save file  dae51_Re400k.base.pol                           
 Dump file unspecified or not available
 Calculating wake trajectory ...
 Calculating source influence matrix ...

 Solving BL system ...

 Side 1  free  transition at x/c =  0.2642   39
 Side 2 forced transition at x/c =  1.0000   72

   1   rms: 0.1366E+00   max: 0.2178E+01   C at   39  1   RLX: 0.689
       a =  7.500      CL =  1.2410
      Cm = -0.0953     CD =  0.01356   =>   CDf =  0.00634    CDp =  0.00722

 Side 1  free  transition at x/c =  0.1986   35
 Side 2 forced transition at x/c =  1.0000   72

   2   rms: 0.3132E-01   max: -.2770E+00   D at   35  1
       a =  7.500      CL =  1.2501
      Cm = -0.0943     CD =  0.01432   =>   CDf =  0.00669    CDp =  0.00764

 Side 1  free  transition at x/c =  0.1805   33
 Side 2 forced transition at x/c =  1.0000   72

   3   rms: 0.4707E-02   max: -.8380E-01   C at   33  1
       a =  7.500      CL =  1.2499
      Cm = -0.0942     CD =  0.01433   =>   CDf =  0.00677    CDp =  0.00757

 Side 1  free  transition at x/c =  0.1812   33
 Side 2 forced transition at x/c =  1.0000   72

   4   rms: 0.3610E-02   max: -.7559E-01   C at   33  1
       a =  7.500      CL =  1.2499
      Cm = -0.0942     CD =  0.01433   =>   CDf =  0.00677    CDp =  0.00756

 Side 1  free  transition at x/c =  0.1817   33
 Side 2 forced transition at x/c =  1.0000   72

   5   rms: 0.9231E-04   max: 0.1907E-02   C at   33  1
       a =  7.500      CL =  1.2499
      Cm = -0.0942     CD =  0.01433   =>   CDf =  0.00676    CDp =  0.00758
 plradd ia,ip,cpol           24           0  1.32798252E-03

 Point added to stored polar  1
 Point written to save file  dae51_Re400k.base.pol                           
 Dump file unspecified or not available
 Calculating wake trajectory ...
 Calculating source influence matrix ...

 Solving BL system ...

 Side 1  free  transition at x/c =  0.1817   33
 Side 2 forced transition at x/c =  1.0000   72

   1   rms: 0.1291E+00   max: 0.2111E+01   C at   33  1   RLX: 0.711
       a =  8.000      CL =  1.2808
      Cm = -0.0931     CD =  0.01522   =>   CDf =  0.00651    CDp =  0.00871

 Side 1  free  transition at x/c =  0.1225   30
 Side 2 forced transition at x/c =  1.0000   71

   2   rms: 0.2859E-01   max: -.2923E+00   D at   30  1
       a =  8.000      CL =  1.2874
      Cm = -0.0920     CD =  0.01606   =>   CDf =  0.00708    CDp =  0.00898

 Side 1  free  transition at x/c =  0.1008   29
 Side 2 forced transition at x/c =  1.0000   71

   3   rms: 0.5341E-02   max: 0.8468E-01   D at   29  1
       a =  8.000      CL =  1.2849
      Cm = -0.0917     CD =  0.01628   =>   CDf =  0.00722    CDp =  0.00906

 Side 1  free  transition at x/c =  0.1019   29
 Side 2 forced transition at x/c =  1.0000   71

   4   rms: 0.9172E-03   max: 0.1464E-01   C at   29  1
       a =  8.000      CL =  1.2849
      Cm = -0.0917     CD =  0.01628   =>   CDf =  0.00720    CDp =  0.00909

 Side 1  free  transition at x/c =  0.1016   29
 Side 2 forced transition at x/c =  1.0000   71

   5   rms: 0.6117E-05   max: 0.4290E-04   D at   28  1
       a =  8.000      CL =  1.2849
      Cm = -0.0917     CD =  0.01628   =>   CDf =  0.00720    CDp =  0.00908
 plradd ia,ip,cpol           25           0  1.32798252E-03

 Point added to stored polar  1
 Point written to save file  dae51_Re400k.base.pol                           
 Dump file unspecified or not available
 Calculating wake trajectory ...
 Calculating source influence matrix ...

 Solving BL system ...

 Side 1  free  transition at x/c =  0.1016   29
 Side 2 forced transition at x/c =  1.0000   71

   1   rms: 0.1818E+00   max: 0.2411E+01   C at   29  1   RLX: 0.321
       a =  8.500      CL =  1.2936
      Cm = -0.0905     CD =  0.01719   =>   CDf =  0.00720    CDp =  0.00999

 Side 1  free  transition at x/c =  0.0824   27
 Side 2 forced transition at x/c =  1.0000   71

   2   rms: 0.1106E+00   max: 0.1681E+01   C at   27  1   RLX: 0.648
       a =  8.500      CL =  1.3091
      Cm = -0.0893     CD =  0.01793   =>   CDf =  0.00731    CDp =  0.01062

 Side 1  free  transition at x/c =  0.0614   25
 Side 2 forced transition at x/c =  1.0000   71

   3   rms: 0.3459E-01   max: -.3490E+00   D at   25  1
       a =  8.500      CL =  1.3178
      Cm = -0.0887     CD =  0.01833   =>   CDf =  0.00746    CDp =  0.01087

 Side 1  free  transition at x/c =  0.0509   24
 Side 2 forced transition at x/c =  1.0000   71

   4   rms: 0.8987E-02   max: -.1170E+00   D at   24  1
       a =  8.500      CL =  1.3161
      Cm = -0.0884     CD =  0.01843   =>   CDf =  0.00751    CDp =  0.01093

 Side 1  free  transition at x/c =  0.0505   24
 Side 2 forced transition at x/c =  1.0000   71

   5   rms: 0.7315E-03   max: 0.1231E-01   C at   24  1
       a =  8.500      CL =  1.3159
      Cm = -0.0884     CD =  0.01846   =>   CDf =  0.00752    CDp =  0.01094

 Side 1  free  transition at x/c =  0.0504   24
 Side 2 forced transition at x/c =  1.0000   71

   6   rms: 0.4550E-05   max: 0.2073E-04   D at   73  2
       a =  8.500      CL =  1.3159
      Cm = -0.0884     CD =  0.01846   =>   CDf =  0.00752    CDp =  0.01094
 plradd ia,ip,cpol           26           0  6.31589675E-04

 Point added to stored polar  1
 Point written to save file  dae51_Re400k.base.pol                           
 Dump file unspecified or not available
 Calculating wake trajectory ...
 Calculating source influence matrix ...

 Solving BL system ...

 Side 1  free  transition at x/c =  0.0504   24
 Side 2 forced transition at x/c =  1.0000   71

   1   rms: 0.1033E+00   max: 0.6520E+00   T at   24  1   RLX: 0.797
       a =  9.000      CL =  1.3445
      Cm = -0.0862     CD =  0.01986   =>   CDf =  0.00724    CDp =  0.01262

 Side 1  free  transition at x/c =  0.0372   24
 Side 2 forced transition at x/c =  1.0000   70

   2   rms: 0.6008E-01   max: -.6238E+00   D at   24  1   RLX: 0.801
       a =  9.000      CL =  1.3505
      Cm = -0.0861     CD =  0.01994   =>   CDf =  0.00740    CDp =  0.01255

 Side 1  free  transition at x/c =  0.0359   24
 Side 2 forced transition at x/c =  1.0000   70

   3   rms: 0.1126E-01   max: -.1488E+00   D at   24  1
       a =  9.000      CL =  1.3463
      Cm = -0.0850     CD =  0.02044   =>   CDf =  0.00749    CDp =  0.01294

 Side 1  free  transition at x/c =  0.0348   24
 Side 2 forced transition at x/c =  1.0000   70

   4   rms: 0.2153E-02   max: 0.1441E-01   D at   23  1
       a =  9.000      CL =  1.3453
      Cm = -0.0848     CD =  0.02052   =>   CDf =  0.00753    CDp =  0.01299

 Side 1  free  transition at x/c =  0.0346   24
 Side 2 forced transition at x/c =  1.0000   70

   5   rms: 0.7577E-04   max: -.6129E-03   D at   24  1
       a =  9.000      CL =  1.3452
      Cm = -0.0848     CD =  0.02052   =>   CDf =  0.00753    CDp =  0.01299
 plradd ia,ip,cpol           27           0  6.31589675E-04

 Point added to stored polar  1
 Point written to save file  dae51_Re400k.base.pol                           
 Dump file unspecified or not available
 Calculating wake trajectory ...
 Calculating source influence matrix ...

 Solving BL system ...

 Side 1  free  transition at x/c =  0.0346   24
 Side 2 forced transition at x/c =  1.0000   70

   1   rms: 0.1185E+00   max: 0.5102E+00   T at   24  1
       a =  9.500      CL =  1.3604
      Cm = -0.0792     CD =  0.02390   =>   CDf =  0.00754    CDp =  0.01636

 Side 1  free  transition at x/c =  0.0283   23
 Side 2 forced transition at x/c =  1.0000   70

   2   rms: 0.9328E-01   max: -.6764E+00   D at   23  1   RLX: 0.739
       a =  9.500      CL =  1.3544
      Cm = -0.0789     CD =  0.02308   =>   CDf =  0.00723    CDp =  0.01585

 Side 1  free  transition at x/c =  0.0298   23
 Side 2 forced transition at x/c =  1.0000   70

   3   rms: 0.3712E-01   max: -.3318E+00   D at   23  1
       a =  9.500      CL =  1.3722
      Cm = -0.0806     CD =  0.02216   =>   CDf =  0.00730    CDp =  0.01485

 Side 1  free  transition at x/c =  0.0288   23
 Side 2 forced transition at x/c =  1.0000   70

   4   rms: 0.1404E-02   max: -.1386E-01   D at   24  1
       a =  9.500      CL =  1.3719
      Cm = -0.0807     CD =  0.02234   =>   CDf =  0.00738    CDp =  0.01496

 Side 1  free  transition at x/c =  0.0288   23
 Side 2 forced transition at x/c =  1.0000   70

   5   rms: 0.1511E-04   max: 0.9931E-04   C at   70  2
       a =  9.500      CL =  1.3718
      Cm = -0.0807     CD =  0.02234   =>   CDf =  0.00738    CDp =  0.01496
 plradd ia,ip,cpol           28           0  6.31589675E-04

 Point added to stored polar  1
 Point written to save file  dae51_Re400k.base.pol                           
 Dump file unspecified or not available
 Calculating wake trajectory ...
 Calculating source influence matrix ...

 Solving BL system ...

 Side 1  free  transition at x/c =  0.0288   23
 Side 2 forced transition at x/c =  1.0000   70

   1   rms: 0.8188E-01   max: 0.4309E+00   T at   23  1
       a = 10.000      CL =  1.3947
      Cm = -0.0763     CD =  0.02443   =>   CDf =  0.00739    CDp =  0.01704

 MRCHDU: Convergence failed at  23  side 1    Res =  0.3358E+01
 MRCHDU: Convergence failed at  24  side 1    Res =  0.1489E+01
 MRCHDU: Convergence failed at  25  side 1    Res =  0.1311E+01
 MRCHDU: Convergence failed at  26  side 1    Res =  0.2678E+01
 MRCHDU: Convergence failed at  27  side 1    Res =  0.3601E+01
 MRCHDU: Convergence failed at  28  side 1    Res =  0.4803E+01
 MRCHDU: Convergence failed at  29  side 1    Res =  0.5667E+01
 MRCHDU: Convergence failed at  30  side 1    Res =  0.6393E+01
 MRCHDU: Convergence failed at  31  side 1    Res =  0.6946E+01
 MRCHDU: Convergence failed at  32  side 1    Res =  0.7165E+01
 MRCHDU: Convergence failed at  33  side 1    Res =  0.7192E+01
 MRCHDU: Convergence failed at  34  side 1    Res =  0.7090E+01
 MRCHDU: Convergence failed at  35  side 1    Res =  0.6943E+01
 MRCHDU: Convergence failed at  36  side 1    Res =  0.6723E+01
 MRCHDU: Convergence failed at  37  side 1    Res =  0.6806E+01
 MRCHDU: Convergence failed at  38  side 1    Res =  0.1641E+02
 MRCHDU: Convergence failed at  39  side 1    Res =  0.1778E+02
 MRCHDU: Convergence failed at  40  side 1    Res =  0.2265E+02
 MRCHDU: Convergence failed at  41  side 1    Res =  0.2458E+02
 MRCHDU: Convergence failed at  42  side 1    Res =  0.2684E+02
 MRCHDU: Convergence failed at  43  side 1    Res =  0.2585E+02
 MRCHDU: Convergence failed at  44  side 1    Res =  0.2512E+02
 MRCHDU: Convergence failed at  45  side 1    Res =  0.2454E+02
 MRCHDU: Convergence failed at  46  side 1    Res =  0.2382E+02
 MRCHDU: Convergence failed at  47  side 1    Res =  0.2348E+02
 MRCHDU: Convergence failed at  48  side 1    Res =  0.2390E+02
 MRCHDU: Convergence failed at  49  side 1    Res =  0.1922E+02
 MRCHDU: Convergence failed at  50  side 1    Res =  0.2041E+02
 MRCHDU: Convergence failed at  51  side 1    Res =  0.2045E+02
 MRCHDU: Convergence failed at  52  side 1    Res =  0.2194E+02
 MRCHDU: Convergence failed at  53  side 1    Res =  0.6367E+02
 MRCHDU: Convergence failed at  54  side 1    Res =  0.6769E+02
 MRCHDU: Convergence failed at  55  side 1    Res =  0.7244E+02
 MRCHDU: Convergence failed at  56  side 1    Res =  0.6466E+02
 MRCHDU: Convergence failed at  57  side 1    Res =  0.5900E+02
 MRCHDU: Convergence failed at  58  side 1    Res =  0.6217E+02
 MRCHDU: Convergence failed at  59  side 1    Res =  0.6620E+02
 MRCHDU: Convergence failed at  60  side 1    Res =  0.5296E+02
 MRCHDU: Convergence failed at  61  side 1    Res =  0.6452E+02
 MRCHDU: Convergence failed at  62  side 1    Res =  0.8265E+02
 MRCHDU: Convergence failed at  63  side 1    Res =  0.5997E+03
 MRCHDU: Convergence failed at  64  side 1    Res =  0.2964E+03
 MRCHDU: Convergence failed at  65  side 1    Res =  0.1082E+03
 MRCHDU: Convergence failed at  66  side 1    Res =  0.7760E+02
 MRCHDU: Convergence failed at  67  side 1    Res =  0.1593E+03
 MRCHDU: Convergence failed at  68  side 1    Res =  0.5104E+03
 MRCHDU: Convergence failed at  69  side 1    Res =  0.7855E+03
 MRCHDU: Convergence failed at  70  side 1    Res =  0.2253E+03
 MRCHDU: Convergence failed at  71  side 1    Res =  0.4215E+02
 MRCHDU: Convergence failed at  72  side 1    Res =  0.4695E+02
 MRCHDU: Convergence failed at  73  side 1    Res =  0.3975E+02
 MRCHDU: Convergence failed at  74  side 1    Res =  0.3476E+02
 MRCHDU: Convergence failed at  75  side 1    Res =  0.3521E+02
 MRCHDU: Convergence failed at  76  side 1    Res =  0.2213E+02
 MRCHDU: Convergence failed at  77  side 1    Res =  0.1750E+03
 MRCHDU: Convergence failed at  78  side 1    Res =  0.3963E+02
 MRCHDU: Convergence failed at  79  side 1    Res =  0.7027E+03
 MRCHDU: Convergence failed at  80  side 1    Res =  0.1908E+03
 MRCHDU: Convergence failed at  81  side 1    Res =  0.2759E+02
 MRCHDU: Convergence failed at  82  side 1    Res =  0.3003E+03
 MRCHDU: Convergence failed at  83  side 1    Res =  0.1357E+03
 MRCHDU: Convergence failed at  84  side 1    Res =  0.1655E+03
 MRCHDU: Convergence failed at  85  side 1    Res =  0.8277E+02
 MRCHDU: Convergence failed at  86  side 1    Res =  0.1117E+03
 MRCHDU: Convergence failed at  87  side 1    Res =  0.5772E+02
 MRCHDU: Convergence failed at  88  side 1    Res =  0.7394E+02
 MRCHDU: Convergence failed at  89  side 1    Res =  0.6262E+02
 MRCHDU: Convergence failed at  90  side 1    Res =  0.5997E+02
 MRCHDU: Convergence failed at  91  side 1    Res =  0.5744E+02
 MRCHDU: Convergence failed at  92  side 1    Res =  0.5278E+02
 Side 1  free  transition at x/c =  0.0250   22
 Side 2 forced transition at x/c =  1.0000   70

   2   rms: 0.2532E+01   max: 0.9227E+01   D at   74  2   RLX: 0.083
       a = 10.000      CL =  3.7917
      Cm = -0.8928     CD =  0.00425   =>   CDf =  0.00126    CDp =  0.00299

 MRCHDU: Convergence failed at  25  side 1    Res =  0.1093E+00
 MRCHDU: Convergence failed at  26  side 1    Res =  0.8036E-01
 MRCHDU: Convergence failed at  92  side 1    Res =  0.1206E+00
 MRCHDU: Convergence failed at  74  side 2    Res =  0.2422E+01
 MRCHDU: Convergence failed at  75  side 2    Res =  0.2074E+01
 MRCHDU: Convergence failed at  76  side 2    Res =  0.2291E+01
 Side 1  free  transition at x/c =  0.0239   22
 Side 2 forced transition at x/c =  1.0000   70

   3   rms: 0.8373E+00   max: 0.9380E+00   D at   77  2   RLX: 0.187
       a = 10.000      CL =  2.6533
      Cm = -0.5128     CD =  0.05122   =>   CDf =  0.00589    CDp =  0.04533

 MRCHDU: Convergence failed at  26  side 1    Res =  0.1615E+00
 MRCHDU: Convergence failed at  27  side 1    Res =  0.2313E+00
 MRCHDU: Convergence failed at  28  side 1    Res =  0.2228E+00
 MRCHDU: Convergence failed at  29  side 1    Res =  0.2178E+00
 MRCHDU: Convergence failed at  30  side 1    Res =  0.2227E+00
 MRCHDU: Convergence failed at  31  side 1    Res =  0.2216E+00
 MRCHDU: Convergence failed at  32  side 1    Res =  0.2257E+00
 MRCHDU: Convergence failed at  33  side 1    Res =  0.2459E+00
 MRCHDU: Convergence failed at  48  side 1    Res =  0.3831E+00
 MRCHDU: Convergence failed at  49  side 1    Res =  0.1105E+01
 MRCHDU: Convergence failed at  50  side 1    Res =  0.2928E+00
 MRCHDU: Convergence failed at  51  side 1    Res =  0.1564E+00
 MRCHDU: Convergence failed at  91  side 1    Res =  0.5187E-01
 MRCHDU: Convergence failed at  92  side 1    Res =  0.3528E-02
 MRCHDU: Convergence failed at  72  side 2    Res =  0.1622E+01
 MRCHDU: Convergence failed at  74  side 2    Res =  0.8385E+00
 MRCHDU: Convergence failed at  75  side 2    Res =  0.2432E+01
 MRCHDU: Convergence failed at  76  side 2    Res =  0.2132E+01
 Side 1  free  transition at x/c =  0.0274   23
 Side 2 forced transition at x/c =  1.0000   70

   4   rms: 0.5783E+00   max: 0.3739E+01   C at   70  2   RLX: 0.292
       a = 10.000      CL =  1.9070
      Cm = -0.2849     CD =  0.02863   =>   CDf =  0.00242    CDp =  0.02621

 Side 1  free  transition at x/c =  0.0269   24
 Side 2 forced transition at x/c =  1.0000   69

   5   rms: 0.7670E+00   max: -.2400E+01   D at   44  1   RLX: 0.208
       a = 10.000      CL =  1.7017
      Cm = -0.1880     CD =  0.02199   =>   CDf =  0.00386    CDp =  0.01812

 MRCHDU: Convergence failed at  92  side 1    Res =  0.3239E+00
 MRCHDU: Convergence failed at  93  side 1    Res =  0.2523E+00
 Side 1  free  transition at x/c =  0.0281   24
 Side 2 forced transition at x/c =  1.0000   69

   6   rms: 0.4627E+01   max: -.1820E+02   D at   44  1   RLX: 0.027
       a = 10.000      CL =  1.6285
      Cm = -0.1448     CD =  0.02329   =>   CDf =  0.00406    CDp =  0.01923

 Side 1  free  transition at x/c =  0.0273   24
 Side 2 forced transition at x/c =  1.0000   69

   7   rms: 0.1893E+02   max: -.9003E+02   D at   71  2   RLX: 0.006
       a = 10.000      CL =  1.6326
      Cm = -0.1314     CD =  0.01929   =>   CDf =  0.00438    CDp =  0.01490

 MRCHDU: Convergence failed at  71  side 2    Res =  0.1443E+00
 MRCHDU: Convergence failed at  72  side 2    Res =  0.2718E-03
 Side 1  free  transition at x/c =  0.0270   24
 Side 2 forced transition at x/c =  1.0000   69

   8   rms: 0.5786E+01   max: -.3033E+02   D at   72  2   RLX: 0.016
       a = 10.000      CL =  1.6386
      Cm = -0.1223     CD =  0.01705   =>   CDf =  0.00463    CDp =  0.01242

 MRCHDU: Convergence failed at  72  side 2    Res =  0.2520E+00
 MRCHDU: Convergence failed at  73  side 2    Res =  0.2943E+00
 MRCHDU: Convergence failed at  74  side 2    Res =  0.4036E+00
 MRCHDU: Convergence failed at  75  side 2    Res =  0.4952E+00
 MRCHDU: Convergence failed at  76  side 2    Res =  0.2044E+00
 MRCHDU: Convergence failed at  77  side 2    Res =  0.1725E+00
 MRCHDU: Convergence failed at  78  side 2    Res =  0.1120E+00
 MRCHDU: Convergence failed at  79  side 2    Res =  0.4994E-01
 Side 1  free  transition at x/c =  0.0266   24
 Side 2 forced transition at x/c =  1.0000   69

   9   rms: 0.4197E+01   max: -.2439E+02   D at   79  2   RLX: 0.020
       a = 10.000      CL =  1.6591
      Cm = -0.1161     CD =  0.01569   =>   CDf =  0.00488    CDp =  0.01081

 MRCHDU: Convergence failed at  79  side 2    Res =  0.4568E+00
 MRCHDU: Convergence failed at  80  side 2    Res =  0.3162E+00
 MRCHDU: Convergence failed at  81  side 2    Res =  0.2635E+00
 MRCHDU: Convergence failed at  82  side 2    Res =  0.2236E+00
 MRCHDU: Convergence failed at  83  side 2    Res =  0.2075E+00
 MRCHDU: Convergence failed at  84  side 2    Res =  0.1999E+00
 MRCHDU: Convergence failed at  85  side 2    Res =  0.1978E+00
 MRCHDU: Convergence failed at  86  side 2    Res =  0.1995E+00
 MRCHDU: Convergence failed at  87  side 2    Res =  0.1928E+00
 MRCHDU: Convergence failed at  88  side 2    Res =  0.1801E+00
 MRCHDU: Convergence failed at  89  side 2    Res =  0.1604E+00
 MRCHDU: Convergence failed at  90  side 2    Res =  0.1315E+00
 MRCHDU: Convergence failed at  91  side 2    Res =  0.9856E-01
 Side 1  free  transition at x/c =  0.0257   23
 Side 2 forced transition at x/c =  1.0000   69

  10   rms: 0.1052E+01   max: -.4298E+01   D at   60  1   RLX: 0.116
       a = 10.000      CL =  1.6742
      Cm = -0.1087     CD =  0.02235   =>   CDf =  0.00511    CDp =  0.01724

 Side 1  free  transition at x/c =  0.0238   23
 Side 2 forced transition at x/c =  1.0000   69

  11   rms: 0.8254E+00   max: -.4966E+01   D at   38  1   RLX: 0.101
       a = 10.000      CL =  1.6561
      Cm = -0.1098     CD =  0.05265   =>   CDf =  0.00572    CDp =  0.04694

 Side 1  free  transition at x/c =  0.0240   23
 Side 2 forced transition at x/c =  1.0000   69

  12   rms: 0.6431E+00   max: -.3498E+01   D at   38  1   RLX: 0.143
       a = 10.000      CL =  1.6246
      Cm = -0.1034     CD =  0.05200   =>   CDf =  0.00588    CDp =  0.04612

 MRCHDU: Convergence failed at  37  side 1    Res =  0.2160E+01
 MRCHDU: Convergence failed at  38  side 1    Res =  0.5830E+00
 MRCHDU: Convergence failed at  39  side 1    Res =  0.2087E+00
 Side 1  free  transition at x/c =  0.0242   23
 Side 2 forced transition at x/c =  1.0000   69

  13   rms: 0.6714E+00   max: -.2917E+01   D at   64  1   RLX: 0.171
       a = 10.000      CL =  1.7091
      Cm = -0.0997     CD =  0.04632   =>   CDf =  0.00700    CDp =  0.03933

 MRCHDU: Convergence failed at  40  side 1    Res =  0.3608E+00
 MRCHDU: Convergence failed at  66  side 1    Res =  0.4032E+01
 MRCHDU: Convergence failed at  67  side 1    Res =  0.9208E+00
 Side 1  free  transition at x/c =  0.0230   23
 Side 2 forced transition at x/c =  1.0000   69

  14   rms: 0.7078E+00   max: -.2773E+01   D at   67  1   RLX: 0.180
       a = 10.000      CL =  1.7770
      Cm = -0.1226     CD =  0.04385   =>   CDf =  0.00648    CDp =  0.03737

 Side 1  free  transition at x/c =  0.0222   23
 Side 2 forced transition at x/c =  1.0000   69

  15   rms: 0.4812E+00   max: -.1734E+01   D at   69  1   RLX: 0.288
       a = 10.000      CL =  1.7052
      Cm = -0.1081     CD =  0.03979   =>   CDf =  0.00673    CDp =  0.03306

 Side 1  free  transition at x/c =  0.0217   23
 Side 2 forced transition at x/c =  1.0000   69

  16   rms: 0.3765E+00   max: -.2000E+01   D at   87  2   RLX: 0.250
       a = 10.000      CL =  1.6773
      Cm = -0.1083     CD =  0.03897   =>   CDf =  0.00710    CDp =  0.03187

 Side 1  free  transition at x/c =  0.0211   23
 Side 2 forced transition at x/c =  1.0000   69

  17   rms: 0.3296E+00   max: -.2214E+01   D at   87  2   RLX: 0.226
       a = 10.000      CL =  1.6472
      Cm = -0.1061     CD =  0.03389   =>   CDf =  0.00732    CDp =  0.02657

 Side 1  free  transition at x/c =  0.0210   23
 Side 2 forced transition at x/c =  1.0000   69

  18   rms: 0.2722E+00   max: -.1826E+01   D at   88  2   RLX: 0.274
       a = 10.000      CL =  1.5990
      Cm = -0.1009     CD =  0.03066   =>   CDf =  0.00742    CDp =  0.02324

 Side 1  free  transition at x/c =  0.0213   23
 Side 2 forced transition at x/c =  1.0000   69

  19   rms: 0.2102E+00   max: -.1514E+01   D at   89  2   RLX: 0.330
       a = 10.000      CL =  1.5402
      Cm = -0.0939     CD =  0.02846   =>   CDf =  0.00744    CDp =  0.02102

 Side 1  free  transition at x/c =  0.0221   23
 Side 2 forced transition at x/c =  1.0000   69

  20   rms: 0.1490E+00   max: -.1105E+01   D at   89  2   RLX: 0.453
       a = 10.000      CL =  1.4751
      Cm = -0.0860     CD =  0.02669   =>   CDf =  0.00740    CDp =  0.01929

 Side 1  free  transition at x/c =  0.0230   23
 Side 2 forced transition at x/c =  1.0000   69
 idif Ue xi dudx           1  0.13206646      6.40594959E-03   20.616219    
 Uenew xinew           2  7.83742871E-03  3.80158424E-04

  21   rms: 0.8632E-01   max: -.6387E+00   D at   89  2   RLX: 0.783
       a = 10.000      CL =  1.4072
      Cm = -0.0778     CD =  0.02511   =>   CDf =  0.00767    CDp =  0.01744

 Side 1  free  transition at x/c =  0.0244   22
 Side 2 forced transition at x/c =  1.0000   70

  22   rms: 0.2521E-01   max: -.2219E+00   D at    2  2
       a = 10.000      CL =  1.3858
      Cm = -0.0753     CD =  0.02491   =>   CDf =  0.00726    CDp =  0.01764

 Side 1  free  transition at x/c =  0.0249   22
 Side 2 forced transition at x/c =  1.0000   70

  23   rms: 0.3343E-03   max: -.2710E-02   D at   90  2
       a = 10.000      CL =  1.3859
      Cm = -0.0753     CD =  0.02494   =>   CDf =  0.00724    CDp =  0.01770

 Side 1  free  transition at x/c =  0.0248   22
 Side 2 forced transition at x/c =  1.0000   70

  24   rms: 0.1959E-05   max: 0.2179E-04   C at   70  2
       a = 10.000      CL =  1.3859
      Cm = -0.0753     CD =  0.02494   =>   CDf =  0.00724    CDp =  0.01770
 plradd ia,ip,cpol           29           0  6.31589675E-04

 Point added to stored polar  1
 Point written to save file  dae51_Re400k.base.pol                           
 Dump file unspecified or not available

.OPERva   c>  
 Solving BL system ...

 Side 1  free  transition at x/c =  0.0248   22
 Side 2 forced transition at x/c =  1.0000   70

   1   rms: 0.3614E-06   max: -.3123E-05   C at   70  2
       a = 10.000      CL =  1.3859
      Cm = -0.0753     CD =  0.02494   =>   CDf =  0.00724    CDp =  0.01770
 plradd ia,ip,cpol           30         182  6.31589675E-04

 Point added to stored polar  1
 Point written to save file  dae51_Re400k.base.pol                           
 Dump file unspecified or not available
 Calculating wake trajectory ...
 Calculating source influence matrix ...

 Solving BL system ...

 Side 1  free  transition at x/c =  0.0248   22
 Side 2 forced transition at x/c =  1.0000   70

   1   rms: 0.3723E-01   max: 0.2045E+00   T at   22  1
       a = 10.250      CL =  1.3992
      Cm = -0.0736     CD =  0.02592   =>   CDf =  0.00686    CDp =  0.01906

 Side 1  free  transition at x/c =  0.0233   23
 Side 2 forced transition at x/c =  1.0000   69

   2   rms: 0.9085E-02   max: -.1494E+00   T at    2  1
       a = 10.250      CL =  1.3970
      Cm = -0.0734     CD =  0.02601   =>   CDf =  0.00714    CDp =  0.01888

 Side 1  free  transition at x/c =  0.0233   23
 Side 2 forced transition at x/c =  1.0000   69

   3   rms: 0.1220E-02   max: -.1568E-01   D at    4  1
       a = 10.250      CL =  1.3970
      Cm = -0.0734     CD =  0.02601   =>   CDf =  0.00713    CDp =  0.01888

 Side 1  free  transition at x/c =  0.0233   23
 Side 2 forced transition at x/c =  1.0000   69

   4   rms: 0.4684E-05   max: -.4415E-04   D at    5  1
       a = 10.250      CL =  1.3970
      Cm = -0.0734     CD =  0.02601   =>   CDf =  0.00713    CDp =  0.01888
 plradd ia,ip,cpol           31           0  6.31589675E-04

 Point added to stored polar  1
 Point written to save file  dae51_Re400k.base.pol                           
 Dump file unspecified or not available
 Calculating wake trajectory ...
 Calculating source influence matrix ...

 Solving BL system ...

 Side 1  free  transition at x/c =  0.0233   23
 Side 2 forced transition at x/c =  1.0000   69

   1   rms: 0.3783E-01   max: 0.1788E+00   T at   23  1
       a = 10.500      CL =  1.4082
      Cm = -0.0716     CD =  0.02721   =>   CDf =  0.00714    CDp =  0.02007

 Side 1  free  transition at x/c =  0.0220   23
 Side 2 forced transition at x/c =  1.0000   69

   2   rms: 0.3606E-02   max: -.1807E-01   D at   23  1
       a = 10.500      CL =  1.4061
      Cm = -0.0714     CD =  0.02726   =>   CDf =  0.00706    CDp =  0.02020

 Side 1  free  transition at x/c =  0.0220   23
 Side 2 forced transition at x/c =  1.0000   69

   3   rms: 0.1288E-03   max: -.6362E-03   D at   86  1
       a = 10.500      CL =  1.4061
      Cm = -0.0714     CD =  0.02726   =>   CDf =  0.00706    CDp =  0.02020

 Side 1  free  transition at x/c =  0.0220   23
 Side 2 forced transition at x/c =  1.0000   69

   4   rms: 0.1350E-05   max: 0.1375E-04   C at   69  2
       a = 10.500      CL =  1.4061
      Cm = -0.0714     CD =  0.02726   =>   CDf =  0.00706    CDp =  0.02020
 plradd ia,ip,cpol           32           0  1.95231449E-04

 Point added to stored polar  1
 Point written to save file  dae51_Re400k.base.pol                           
 Dump file unspecified or not available
 Calculating wake trajectory ...
 Calculating source influence matrix ...

 Solving BL system ...

 Side 1  free  transition at x/c =  0.0220   23
 Side 2 forced transition at x/c =  1.0000   69

   1   rms: 0.3812E-01   max: 0.1713E+00   T at   23  1
       a = 10.750      CL =  1.4157
      Cm = -0.0696     CD =  0.02865   =>   CDf =  0.00706    CDp =  0.02159

 Side 1  free  transition at x/c =  0.0209   23
 Side 2 forced transition at x/c =  1.0000   69

   2   rms: 0.4523E-02   max: 0.2384E-01   D at   84  1
       a = 10.750      CL =  1.4126
      Cm = -0.0694     CD =  0.02877   =>   CDf =  0.00700    CDp =  0.02177

 Side 1  free  transition at x/c =  0.0210   23
 Side 2 forced transition at x/c =  1.0000   69

   3   rms: 0.1356E-03   max: -.7314E-03   D at   85  1
       a = 10.750      CL =  1.4127
      Cm = -0.0694     CD =  0.02876   =>   CDf =  0.00700    CDp =  0.02177

 Side 1  free  transition at x/c =  0.0210   23
 Side 2 forced transition at x/c =  1.0000   69

   4   rms: 0.1722E-05   max: 0.1713E-04   C at   69  2
       a = 10.750      CL =  1.4127
      Cm = -0.0694     CD =  0.02876   =>   CDf =  0.00700    CDp =  0.02177
 plradd ia,ip,cpol           33           0  1.95231449E-04

 Point added to stored polar  1
 Point written to save file  dae51_Re400k.base.pol                           
 Dump file unspecified or not available
 Calculating wake trajectory ...
 Calculating source influence matrix ...

 Solving BL system ...

 Side 1  free  transition at x/c =  0.0210   23
 Side 2 forced transition at x/c =  1.0000   69

   1   rms: 0.4135E-01   max: 0.1601E+00   T at   23  1
       a = 11.000      CL =  1.4177
      Cm = -0.0673     CD =  0.03064   =>   CDf =  0.00700    CDp =  0.02364

 Side 1  free  transition at x/c =  0.0200   23
 Side 2 forced transition at x/c =  1.0000   69

   2   rms: 0.7589E-02   max: 0.3151E-01   D at   83  1
       a = 11.000      CL =  1.4118
      Cm = -0.0667     CD =  0.03101   =>   CDf =  0.00692    CDp =  0.02408

 Side 1  free  transition at x/c =  0.0200   23
 Side 2 forced transition at x/c =  1.0000   69

   3   rms: 0.1843E-03   max: 0.3695E-02   D at   79  2
       a = 11.000      CL =  1.4118
      Cm = -0.0667     CD =  0.03099   =>   CDf =  0.00692    CDp =  0.02407

 Side 1  free  transition at x/c =  0.0200   23
 Side 2 forced transition at x/c =  1.0000   69

   4   rms: 0.2082E-05   max: 0.4156E-04   D at   79  2
       a = 11.000      CL =  1.4118
      Cm = -0.0667     CD =  0.03099   =>   CDf =  0.00692    CDp =  0.02407
 plradd ia,ip,cpol           34           0  1.95231449E-04

 Point added to stored polar  1
 Point written to save file  dae51_Re400k.base.pol                           
 Dump file unspecified or not available
 Calculating wake trajectory ...
 Calculating source influence matrix ...

 Solving BL system ...

 Side 1  free  transition at x/c =  0.0200   23
 Side 2 forced transition at x/c =  1.0000   69

   1   rms: 0.5491E-01   max: 0.1526E+00   D at   76  1
       a = 11.250      CL =  1.4080
      Cm = -0.0638     CD =  0.03393   =>   CDf =  0.00692    CDp =  0.02701

 Side 1  free  transition at x/c =  0.0193   22
 Side 2 forced transition at x/c =  1.0000   69

   2   rms: 0.1537E-01   max: -.1195E+00   D at   22  1
       a = 11.250      CL =  1.4124
      Cm = -0.0643     CD =  0.03313   =>   CDf =  0.00678    CDp =  0.02635

 Side 1  free  transition at x/c =  0.0193   22
 Side 2 forced transition at x/c =  1.0000   69

   3   rms: 0.2312E-02   max: -.8716E-02   D at   81  1
       a = 11.250      CL =  1.4140
      Cm = -0.0644     CD =  0.03308   =>   CDf =  0.00680    CDp =  0.02628

 Side 1  free  transition at x/c =  0.0193   22
 Side 2 forced transition at x/c =  1.0000   69

   4   rms: 0.4186E-04   max: 0.5124E-03   D at   80  1
       a = 11.250      CL =  1.4140
      Cm = -0.0644     CD =  0.03309   =>   CDf =  0.00680    CDp =  0.02628
 plradd ia,ip,cpol           35           0  1.95231449E-04

 Point added to stored polar  1
 Point written to save file  dae51_Re400k.base.pol                           
 Dump file unspecified or not available
 Calculating wake trajectory ...
 Calculating source influence matrix ...

 Solving BL system ...

 Side 1  free  transition at x/c =  0.0193   22
 Side 2 forced transition at x/c =  1.0000   69

   1   rms: 0.3493E-01   max: 0.1683E+00   T at   22  1
       a = 11.500      CL =  1.4252
      Cm = -0.0630     CD =  0.03455   =>   CDf =  0.00680    CDp =  0.02774

 Side 1  free  transition at x/c =  0.0187   22
 Side 2 forced transition at x/c =  1.0000   69

   2   rms: 0.3366E-02   max: 0.1583E-01   D at   80  1
       a = 11.500      CL =  1.4226
      Cm = -0.0628     CD =  0.03461   =>   CDf =  0.00668    CDp =  0.02793

 Side 1  free  transition at x/c =  0.0187   22
 Side 2 forced transition at x/c =  1.0000   69

   3   rms: 0.1046E-03   max: 0.8359E-03   D at   80  2
       a = 11.500      CL =  1.4227
      Cm = -0.0628     CD =  0.03460   =>   CDf =  0.00668    CDp =  0.02792

 Side 1  free  transition at x/c =  0.0187   22
 Side 2 forced transition at x/c =  1.0000   69

   4   rms: 0.4668E-05   max: 0.4824E-04   C at   69  2
       a = 11.500      CL =  1.4227
      Cm = -0.0628     CD =  0.03460   =>   CDf =  0.00668    CDp =  0.02792
 plradd ia,ip,cpol           36           0  1.95231449E-04

 Point added to stored polar  1
 Point written to save file  dae51_Re400k.base.pol                           
 Dump file unspecified or not available
 Calculating wake trajectory ...
 Calculating source influence matrix ...

 Solving BL system ...

 Side 1  free  transition at x/c =  0.0187   22
 Side 2 forced transition at x/c =  1.0000   69

   1   rms: 0.3506E-01   max: 0.1507E+00   T at   22  1
       a = 11.750      CL =  1.4323
      Cm = -0.0615     CD =  0.03627   =>   CDf =  0.00668    CDp =  0.02958

 Side 1  free  transition at x/c =  0.0179   22
 Side 2 forced transition at x/c =  1.0000   69

   2   rms: 0.3682E-02   max: 0.1563E-01   D at   79  1
       a = 11.750      CL =  1.4299
      Cm = -0.0613     CD =  0.03627   =>   CDf =  0.00657    CDp =  0.02970

 Side 1  free  transition at x/c =  0.0179   22
 Side 2 forced transition at x/c =  1.0000   69

   3   rms: 0.2220E-03   max: -.1073E-02   D at   80  1
       a = 11.750      CL =  1.4300
      Cm = -0.0613     CD =  0.03626   =>   CDf =  0.00657    CDp =  0.02969

 Side 1  free  transition at x/c =  0.0179   22
 Side 2 forced transition at x/c =  1.0000   69

   4   rms: 0.7623E-05   max: -.4955E-04   D at   80  2
       a = 11.750      CL =  1.4301
      Cm = -0.0613     CD =  0.03626   =>   CDf =  0.00657    CDp =  0.02969
 plradd ia,ip,cpol           37           0  1.95231449E-04

 Point added to stored polar  1
 Point written to save file  dae51_Re400k.base.pol                           
 Dump file unspecified or not available
 Calculating wake trajectory ...
 Calculating source influence matrix ...

 Solving BL system ...

 Side 1  free  transition at x/c =  0.0179   22
 Side 2 forced transition at x/c =  1.0000   69

   1   rms: 0.3482E-01   max: 0.1465E+00   T at   22  1
       a = 12.000      CL =  1.4391
      Cm = -0.0600     CD =  0.03804   =>   CDf =  0.00657    CDp =  0.03147

 Side 1  free  transition at x/c =  0.0171   22
 Side 2 forced transition at x/c =  1.0000   69

   2   rms: 0.4548E-02   max: -.2468E-01   D at   22  1
       a = 12.000      CL =  1.4367
      Cm = -0.0599     CD =  0.03801   =>   CDf =  0.00647    CDp =  0.03154

 Side 1  free  transition at x/c =  0.0172   22
 Side 2 forced transition at x/c =  1.0000   69

   3   rms: 0.4024E-03   max: -.1810E-02   D at   79  1
       a = 12.000      CL =  1.4369
      Cm = -0.0599     CD =  0.03799   =>   CDf =  0.00647    CDp =  0.03152

 Side 1  free  transition at x/c =  0.0172   22
 Side 2 forced transition at x/c =  1.0000   69

   4   rms: 0.1259E-04   max: -.9458E-04   D at   81  2
       a = 12.000      CL =  1.4369
      Cm = -0.0599     CD =  0.03799   =>   CDf =  0.00647    CDp =  0.03152
 plradd ia,ip,cpol           38           0  1.95231449E-04

 Point added to stored polar  1
 Point written to save file  dae51_Re400k.base.pol                           
 Dump file unspecified or not available
 Calculating wake trajectory ...
 Calculating source influence matrix ...

 Solving BL system ...

 Side 1  free  transition at x/c =  0.0172   22
 Side 2 forced transition at x/c =  1.0000   69

   1   rms: 0.3448E-01   max: 0.1366E+00   T at   22  1
       a = 12.250      CL =  1.4453
      Cm = -0.0587     CD =  0.03987   =>   CDf =  0.00602    CDp =  0.03385

 Side 1  free  transition at x/c =  0.0165   23
 Side 2 forced transition at x/c =  1.0000   68

   2   rms: 0.9840E-02   max: -.1543E+00   D at    2  1
       a = 12.250      CL =  1.4426
      Cm = -0.0585     CD =  0.03986   =>   CDf =  0.00637    CDp =  0.03349

 Side 1  free  transition at x/c =  0.0166   23
 Side 2 forced transition at x/c =  1.0000   68

   3   rms: 0.1145E-02   max: -.1415E-01   D at    4  1
       a = 12.250      CL =  1.4428
      Cm = -0.0585     CD =  0.03984   =>   CDf =  0.00637    CDp =  0.03347

 Side 1  free  transition at x/c =  0.0165   23
 Side 2 forced transition at x/c =  1.0000   68

   4   rms: 0.1419E-04   max: -.8894E-04   D at   80  2
       a = 12.250      CL =  1.4428
      Cm = -0.0585     CD =  0.03985   =>   CDf =  0.00637    CDp =  0.03348
 plradd ia,ip,cpol           39           0  1.95231449E-04

 Point added to stored polar  1
 Point written to save file  dae51_Re400k.base.pol                           
 Dump file unspecified or not available
 Calculating wake trajectory ...
 Calculating source influence matrix ...

 Solving BL system ...

 Side 1  free  transition at x/c =  0.0165   23
 Side 2 forced transition at x/c =  1.0000   68

   1   rms: 0.3468E-01   max: 0.1437E+00   T at   23  1
       a = 12.500      CL =  1.4503
      Cm = -0.0574     CD =  0.04185   =>   CDf =  0.00637    CDp =  0.03548

 Side 1  free  transition at x/c =  0.0160   23
 Side 2 forced transition at x/c =  1.0000   68

   2   rms: 0.3758E-02   max: 0.1701E-01   D at   77  1
       a = 12.500      CL =  1.4473
      Cm = -0.0572     CD =  0.04189   =>   CDf =  0.00630    CDp =  0.03559

 Side 1  free  transition at x/c =  0.0160   23
 Side 2 forced transition at x/c =  1.0000   68

   3   rms: 0.8609E-04   max: -.4973E-03   D at   78  1
       a = 12.500      CL =  1.4473
      Cm = -0.0572     CD =  0.04187   =>   CDf =  0.00630    CDp =  0.03557
 plradd ia,ip,cpol           40           0  1.95231449E-04

 Point added to stored polar  1
 Point written to save file  dae51_Re400k.base.pol                           
 Dump file unspecified or not available
 Calculating wake trajectory ...
 Calculating source influence matrix ...

 Solving BL system ...

 Side 1  free  transition at x/c =  0.0160   23
 Side 2 forced transition at x/c =  1.0000   68

   1   rms: 0.3503E-01   max: 0.1335E+00   T at   23  1   RLX: 0.968
       a = 12.750      CL =  1.4530
      Cm = -0.0560     CD =  0.04407   =>   CDf =  0.00630    CDp =  0.03777

 Side 1  free  transition at x/c =  0.0155   23
 Side 2 forced transition at x/c =  1.0000   68

   2   rms: 0.3866E-02   max: 0.2109E-01   D at   81  2
       a = 12.750      CL =  1.4499
      Cm = -0.0557     CD =  0.04420   =>   CDf =  0.00622    CDp =  0.03798

 Side 1  free  transition at x/c =  0.0155   23
 Side 2 forced transition at x/c =  1.0000   68

   3   rms: 0.9470E-04   max: 0.2081E-02   D at   81  2
       a = 12.750      CL =  1.4498
      Cm = -0.0557     CD =  0.04418   =>   CDf =  0.00622    CDp =  0.03796
 plradd ia,ip,cpol           41           0  1.95231449E-04

 Point added to stored polar  1
 Point written to save file  dae51_Re400k.base.pol                           
 Dump file unspecified or not available
 Calculating wake trajectory ...
 Calculating source influence matrix ...

 Solving BL system ...

 Side 1  free  transition at x/c =  0.0155   23
 Side 2 forced transition at x/c =  1.0000   68

   1   rms: 0.3752E-01   max: 0.1379E+00   T at   23  1   RLX: 0.919
       a = 13.000      CL =  1.4536
      Cm = -0.0544     CD =  0.04658   =>   CDf =  0.00622    CDp =  0.04036

 Side 1  free  transition at x/c =  0.0151   23
 Side 2 forced transition at x/c =  1.0000   68

   2   rms: 0.6377E-02   max: 0.3105E-01   D at   81  2
       a = 13.000      CL =  1.4500
      Cm = -0.0539     CD =  0.04697   =>   CDf =  0.00613    CDp =  0.04085

 Side 1  free  transition at x/c =  0.0151   23
 Side 2 forced transition at x/c =  1.0000   68

   3   rms: 0.6817E-03   max: 0.1982E-02   D at   75  1
       a = 13.000      CL =  1.4496
      Cm = -0.0539     CD =  0.04696   =>   CDf =  0.00612    CDp =  0.04084

 Side 1  free  transition at x/c =  0.0151   23
 Side 2 forced transition at x/c =  1.0000   68

   4   rms: 0.4570E-04   max: -.2098E-03   D at   76  1
       a = 13.000      CL =  1.4496
      Cm = -0.0539     CD =  0.04695   =>   CDf =  0.00612    CDp =  0.04083
 plradd ia,ip,cpol           42           0  1.95231449E-04

 Point added to stored polar  1
 Point written to save file  dae51_Re400k.base.pol                           
 Dump file unspecified or not available
 Calculating wake trajectory ...
 Calculating source influence matrix ...

 Solving BL system ...

 Side 1  free  transition at x/c =  0.0151   23
 Side 2 forced transition at x/c =  1.0000   68

   1   rms: 0.5329E-01   max: 0.1647E+00   T at   23  1   RLX: 0.871
       a = 13.250      CL =  1.4520
      Cm = -0.0519     CD =  0.04984   =>   CDf =  0.00612    CDp =  0.04372

 Side 1  free  transition at x/c =  0.0147   22
 Side 2 forced transition at x/c =  1.0000   68

   2   rms: 0.8617E-02   max: -.4598E-01   D at   22  1
       a = 13.250      CL =  1.4497
      Cm = -0.0519     CD =  0.05007   =>   CDf =  0.00596    CDp =  0.04411

 Side 1  free  transition at x/c =  0.0147   22
 Side 2 forced transition at x/c =  1.0000   68

   3   rms: 0.3658E-03   max: 0.2351E-02   D at   82  2
       a = 13.250      CL =  1.4498
      Cm = -0.0519     CD =  0.04996   =>   CDf =  0.00596    CDp =  0.04401

 Side 1  free  transition at x/c =  0.0147   22
 Side 2 forced transition at x/c =  1.0000   68

   4   rms: 0.3353E-04   max: 0.9695E-04   D at   72  1
       a = 13.250      CL =  1.4498
      Cm = -0.0519     CD =  0.04996   =>   CDf =  0.00596    CDp =  0.04401
 plradd ia,ip,cpol           43           0  1.95231449E-04

 Point added to stored polar  1
 Point written to save file  dae51_Re400k.base.pol                           
 Dump file unspecified or not available
 Calculating wake trajectory ...
 Calculating source influence matrix ...

 Solving BL system ...

 Side 1  free  transition at x/c =  0.0147   22
 Side 2 forced transition at x/c =  1.0000   68

   1   rms: 0.3186E-01   max: 0.1205E+00   T at   22  1   RLX: 0.835
       a = 13.500      CL =  1.4545
      Cm = -0.0512     CD =  0.05203   =>   CDf =  0.00596    CDp =  0.04607

 Side 1  free  transition at x/c =  0.0145   22
 Side 2 forced transition at x/c =  1.0000   68

   2   rms: 0.6027E-02   max: 0.2870E-01   D at   74  1
       a = 13.500      CL =  1.4527
      Cm = -0.0509     CD =  0.05245   =>   CDf =  0.00581    CDp =  0.04664

 Side 1  free  transition at x/c =  0.0145   22
 Side 2 forced transition at x/c =  1.0000   68

   3   rms: 0.6778E-03   max: 0.5103E-02   D at   82  2
       a = 13.500      CL =  1.4521
      Cm = -0.0509     CD =  0.05241   =>   CDf =  0.00578    CDp =  0.04663

 Side 1  free  transition at x/c =  0.0145   22
 Side 2 forced transition at x/c =  1.0000   68

   4   rms: 0.1478E-04   max: 0.1713E-03   D at   82  2
       a = 13.500      CL =  1.4521
      Cm = -0.0509     CD =  0.05240   =>   CDf =  0.00578    CDp =  0.04662
 plradd ia,ip,cpol           44           0  1.95231449E-04

 Point added to stored polar  1
 Point written to save file  dae51_Re400k.base.pol                           
 Dump file unspecified or not available
 Calculating wake trajectory ...
 Calculating source influence matrix ...

 Solving BL system ...

 Side 1  free  transition at x/c =  0.0145   22
 Side 2 forced transition at x/c =  1.0000   68

   1   rms: 0.3245E-01   max: 0.1028E+00   T at   22  1   RLX: 0.799
       a = 13.750      CL =  1.4557
      Cm = -0.0502     CD =  0.05459   =>   CDf =  0.00578    CDp =  0.04881

 Side 1  free  transition at x/c =  0.0143   22
 Side 2 forced transition at x/c =  1.0000   68

   2   rms: 0.7464E-02   max: 0.3194E-01   D at   73  1
       a = 13.750      CL =  1.4536
      Cm = -0.0500     CD =  0.05517   =>   CDf =  0.00564    CDp =  0.04953

 Side 1  free  transition at x/c =  0.0143   22
 Side 2 forced transition at x/c =  1.0000   68

   3   rms: 0.8894E-03   max: 0.4171E-02   D at   83  2
       a = 13.750      CL =  1.4529
      Cm = -0.0499     CD =  0.05511   =>   CDf =  0.00560    CDp =  0.04951

 Side 1  free  transition at x/c =  0.0143   22
 Side 2 forced transition at x/c =  1.0000   68

   4   rms: 0.2171E-04   max: 0.1878E-03   D at   82  2
       a = 13.750      CL =  1.4529
      Cm = -0.0499     CD =  0.05510   =>   CDf =  0.00560    CDp =  0.04950
 plradd ia,ip,cpol           45           0  1.95231449E-04

 Point added to stored polar  1
 Point written to save file  dae51_Re400k.base.pol                           
 Dump file unspecified or not available
 Calculating wake trajectory ...
 Calculating source influence matrix ...

 Solving BL system ...

 Side 1  free  transition at x/c =  0.0143   22
 Side 2 forced transition at x/c =  1.0000   68

   1   rms: 0.3310E-01   max: 0.9251E-01   D at   67  1   RLX: 0.764
       a = 14.000      CL =  1.4555
      Cm = -0.0493     CD =  0.05743   =>   CDf =  0.00561    CDp =  0.05182

 Side 1  free  transition at x/c =  0.0141   22
 Side 2 forced transition at x/c =  1.0000   68

   2   rms: 0.8930E-02   max: 0.3613E-01   D at   72  1
       a = 14.000      CL =  1.4531
      Cm = -0.0491     CD =  0.05817   =>   CDf =  0.00546    CDp =  0.05270

 Side 1  free  transition at x/c =  0.0141   22
 Side 2 forced transition at x/c =  1.0000   68

   3   rms: 0.1178E-02   max: 0.6200E-02   D at   83  2
       a = 14.000      CL =  1.4521
      Cm = -0.0490     CD =  0.05809   =>   CDf =  0.00542    CDp =  0.05266

 Side 1  free  transition at x/c =  0.0141   22
 Side 2 forced transition at x/c =  1.0000   68

   4   rms: 0.3280E-04   max: 0.3234E-03   D at   83  2
       a = 14.000      CL =  1.4521
      Cm = -0.0490     CD =  0.05807   =>   CDf =  0.00542    CDp =  0.05265
 plradd ia,ip,cpol           46           0  1.95231449E-04

 Point added to stored polar  1
 Point written to save file  dae51_Re400k.base.pol                           
 Dump file unspecified or not available
 Calculating wake trajectory ...
 Calculating source influence matrix ...

 Solving BL system ...

 Side 1  free  transition at x/c =  0.0141   22
 Side 2 forced transition at x/c =  1.0000   68

   1   rms: 0.3372E-01   max: 0.9785E-01   D at   66  1   RLX: 0.730
       a = 14.250      CL =  1.4536
      Cm = -0.0486     CD =  0.06056   =>   CDf =  0.00542    CDp =  0.05513

 Side 1  free  transition at x/c =  0.0139   22
 Side 2 forced transition at x/c =  1.0000   68

   2   rms: 0.9955E-02   max: 0.4013E-01   D at   71  1
       a = 14.250      CL =  1.4506
      Cm = -0.0484     CD =  0.06145   =>   CDf =  0.00528    CDp =  0.05618

 Side 1  free  transition at x/c =  0.0138   22
 Side 2 forced transition at x/c =  1.0000   68

   3   rms: 0.1404E-02   max: 0.1108E-01   D at   83  2
       a = 14.250      CL =  1.4496
      Cm = -0.0483     CD =  0.06133   =>   CDf =  0.00523    CDp =  0.05609

 Side 1  free  transition at x/c =  0.0138   22
 Side 2 forced transition at x/c =  1.0000   68

   4   rms: 0.4570E-04   max: 0.6263E-03   D at   83  2
       a = 14.250      CL =  1.4496
      Cm = -0.0483     CD =  0.06131   =>   CDf =  0.00523    CDp =  0.05607
 plradd ia,ip,cpol           47           0  1.95231449E-04

 Point added to stored polar  1
 Point written to save file  dae51_Re400k.base.pol                           
 Dump file unspecified or not available
 Calculating wake trajectory ...
 Calculating source influence matrix ...

 Solving BL system ...

 Side 1  free  transition at x/c =  0.0138   22
 Side 2 forced transition at x/c =  1.0000   68

   1   rms: 0.3362E-01   max: 0.1038E+00   D at   65  1   RLX: 0.697
       a = 14.500      CL =  1.4497
      Cm = -0.0480     CD =  0.06389   =>   CDf =  0.00524    CDp =  0.05866

 Side 1  free  transition at x/c =  0.0137   22
 Side 2 forced transition at x/c =  1.0000   68

   2   rms: 0.1115E-01   max: 0.4275E-01   D at   69  1
       a = 14.500      CL =  1.4463
      Cm = -0.0479     CD =  0.06497   =>   CDf =  0.00510    CDp =  0.05987

 Side 1  free  transition at x/c =  0.0136   22
 Side 2 forced transition at x/c =  1.0000   68

   3   rms: 0.1553E-02   max: 0.8523E-02   D at   69  1
       a = 14.500      CL =  1.4451
      Cm = -0.0478     CD =  0.06483   =>   CDf =  0.00505    CDp =  0.05979

 Side 1  free  transition at x/c =  0.0136   22
 Side 2 forced transition at x/c =  1.0000   68

   4   rms: 0.4529E-04   max: 0.3938E-03   D at   83  2
       a = 14.500      CL =  1.4451
      Cm = -0.0478     CD =  0.06481   =>   CDf =  0.00505    CDp =  0.05976
 plradd ia,ip,cpol           48           0  6.69628980E-06

 Point added to stored polar  1
 Point written to save file  dae51_Re400k.base.pol                           
 Dump file unspecified or not available
 Calculating wake trajectory ...
 Calculating source influence matrix ...

 Solving BL system ...

 Side 1  free  transition at x/c =  0.0136   22
 Side 2 forced transition at x/c =  1.0000   68

   1   rms: 0.3358E-01   max: 0.1086E+00   D at   64  1   RLX: 0.666
       a = 14.750      CL =  1.4444
      Cm = -0.0478     CD =  0.06749   =>   CDf =  0.00505    CDp =  0.06244

 Side 1  free  transition at x/c =  0.0134   22
 Side 2 forced transition at x/c =  1.0000   68

   2   rms: 0.1225E-01   max: 0.5015E-01   D at   68  1
       a = 14.750      CL =  1.4406
      Cm = -0.0477     CD =  0.06877   =>   CDf =  0.00492    CDp =  0.06385

 Side 1  free  transition at x/c =  0.0134   22
 Side 2 forced transition at x/c =  1.0000   68

   3   rms: 0.1597E-02   max: 0.9188E-02   D at   84  2
       a = 14.750      CL =  1.4394
      Cm = -0.0477     CD =  0.06859   =>   CDf =  0.00486    CDp =  0.06373

 Side 1  free  transition at x/c =  0.0134   22
 Side 2 forced transition at x/c =  1.0000   68

   4   rms: 0.4910E-04   max: 0.4712E-03   D at   84  2
       a = 14.750      CL =  1.4394
      Cm = -0.0476     CD =  0.06857   =>   CDf =  0.00486    CDp =  0.06371
 plradd ia,ip,cpol           49           0  6.69628980E-06

 Point added to stored polar  1
 Point written to save file  dae51_Re400k.base.pol                           
 Dump file unspecified or not available
 Calculating wake trajectory ...
 Calculating source influence matrix ...

 Solving BL system ...

 Side 1  free  transition at x/c =  0.0134   22
 Side 2 forced transition at x/c =  1.0000   68

   1   rms: 0.3363E-01   max: 0.1132E+00   D at   63  1   RLX: 0.636
       a = 15.000      CL =  1.4378
      Cm = -0.0478     CD =  0.07137   =>   CDf =  0.00487    CDp =  0.06651

 Side 1  free  transition at x/c =  0.0132   22
 Side 2 forced transition at x/c =  1.0000   68

   2   rms: 0.1345E-01   max: 0.5755E-01   D at   67  1
       a = 15.000      CL =  1.4339
      Cm = -0.0479     CD =  0.07289   =>   CDf =  0.00474    CDp =  0.06815

 Side 1  free  transition at x/c =  0.0132   22
 Side 2 forced transition at x/c =  1.0000   68

   3   rms: 0.2025E-02   max: 0.1290E-01   D at   84  2
       a = 15.000      CL =  1.4323
      Cm = -0.0478     CD =  0.07267   =>   CDf =  0.00468    CDp =  0.06799

 Side 1  free  transition at x/c =  0.0132   22
 Side 2 forced transition at x/c =  1.0000   68

   4   rms: 0.8630E-04   max: 0.1452E-02   D at   84  2
       a = 15.000      CL =  1.4323
      Cm = -0.0478     CD =  0.07263   =>   CDf =  0.00468    CDp =  0.06795
 plradd ia,ip,cpol           50           0  6.69628980E-06

 Point added to stored polar  1
 Point written to save file  dae51_Re400k.base.pol                           
 Dump file unspecified or not available
 Calculating wake trajectory ...
 Calculating source influence matrix ...

 Solving BL system ...

 Side 1  free  transition at x/c =  0.0132   22
 Side 2 forced transition at x/c =  1.0000   68

   1   rms: 0.3380E-01   max: 0.1183E+00   D at   62  1   RLX: 0.608
       a = 15.250      CL =  1.4302
      Cm = -0.0482     CD =  0.07555   =>   CDf =  0.00468    CDp =  0.07087

 Side 1  free  transition at x/c =  0.0130   22
 Side 2 forced transition at x/c =  1.0000   68

   2   rms: 0.1437E-01   max: 0.5678E-01   D at   65  1
       a = 15.250      CL =  1.4259
      Cm = -0.0485     CD =  0.07727   =>   CDf =  0.00457    CDp =  0.07270

 Side 1  free  transition at x/c =  0.0130   22
 Side 2 forced transition at x/c =  1.0000   68

   3   rms: 0.2258E-02   max: 0.1173E-01   D at   84  2
       a = 15.250      CL =  1.4242
      Cm = -0.0484     CD =  0.07702   =>   CDf =  0.00450    CDp =  0.07251

 Side 1  free  transition at x/c =  0.0130   22
 Side 2 forced transition at x/c =  1.0000   68

   4   rms: 0.7773E-04   max: 0.7163E-03   D at   84  2
       a = 15.250      CL =  1.4241
      Cm = -0.0483     CD =  0.07698   =>   CDf =  0.00450    CDp =  0.07247
 plradd ia,ip,cpol           51           0  6.69628980E-06

 Point added to stored polar  1
 Point written to save file  dae51_Re400k.base.pol                           
 Dump file unspecified or not available
 Calculating wake trajectory ...
 Calculating source influence matrix ...

 Solving BL system ...

 Side 1  free  transition at x/c =  0.0130   22
 Side 2 forced transition at x/c =  1.0000   68

   1   rms: 0.3348E-01   max: 0.1200E+00   D at   60  1   RLX: 0.583
       a = 15.500      CL =  1.4219
      Cm = -0.0489     CD =  0.07994   =>   CDf =  0.00401    CDp =  0.07593

 Side 1  free  transition at x/c =  0.0128   23
 Side 2 forced transition at x/c =  1.0000   67

   2   rms: 0.9217E-01   max: 0.1596E+01   D at    2  1   RLX: 0.707
       a = 15.500      CL =  1.4190
      Cm = -0.0494     CD =  0.08110   =>   CDf =  0.00439    CDp =  0.07671

 Side 1  free  transition at x/c =  0.0128   23
 Side 2 forced transition at x/c =  1.0000   67

   3   rms: 0.5962E-02   max: 0.3007E-01   D at    4  1
       a = 15.500      CL =  1.4161
      Cm = -0.0493     CD =  0.08171   =>   CDf =  0.00434    CDp =  0.07737

 Side 1  free  transition at x/c =  0.0128   23
 Side 2 forced transition at x/c =  1.0000   67

   4   rms: 0.8183E-03   max: 0.4652E-02   D at   84  2
       a = 15.500      CL =  1.4155
      Cm = -0.0493     CD =  0.08158   =>   CDf =  0.00432    CDp =  0.07726

 Side 1  free  transition at x/c =  0.0128   23
 Side 2 forced transition at x/c =  1.0000   67

   5   rms: 0.3253E-04   max: 0.2961E-03   D at   84  2
       a = 15.500      CL =  1.4155
      Cm = -0.0493     CD =  0.08157   =>   CDf =  0.00432    CDp =  0.07725
 plradd ia,ip,cpol           52           0  6.69628980E-06

 Point added to stored polar  1
 Point written to save file  dae51_Re400k.base.pol                           
 Dump file unspecified or not available
 Calculating wake trajectory ...
 Calculating source influence matrix ...

 Solving BL system ...

 Side 1  free  transition at x/c =  0.0128   23
 Side 2 forced transition at x/c =  1.0000   67

   1   rms: 0.3405E-01   max: 0.1251E+00   D at   60  1   RLX: 0.558
       a = 15.750      CL =  1.4129
      Cm = -0.0501     CD =  0.08470   =>   CDf =  0.00432    CDp =  0.08038

 Side 1  free  transition at x/c =  0.0127   23
 Side 2 forced transition at x/c =  1.0000   67

   2   rms: 0.1654E-01   max: 0.6618E-01   D at   63  1
       a = 15.750      CL =  1.4081
      Cm = -0.0507     CD =  0.08696   =>   CDf =  0.00423    CDp =  0.08274

 Side 1  free  transition at x/c =  0.0126   23
 Side 2 forced transition at x/c =  1.0000   67

   3   rms: 0.3141E-02   max: 0.1653E-01   D at   84  2
       a = 15.750      CL =  1.4057
      Cm = -0.0506     CD =  0.08661   =>   CDf =  0.00415    CDp =  0.08245

 Side 1  free  transition at x/c =  0.0126   23
 Side 2 forced transition at x/c =  1.0000   67

   4   rms: 0.1699E-03   max: 0.1730E-02   D at   84  2
       a = 15.750      CL =  1.4056
      Cm = -0.0505     CD =  0.08654   =>   CDf =  0.00415    CDp =  0.08239

 Side 1  free  transition at x/c =  0.0126   23
 Side 2 forced transition at x/c =  1.0000   67

   5   rms: 0.7737E-05   max: 0.2587E-04   C at   67  2
       a = 15.750      CL =  1.4056
      Cm = -0.0505     CD =  0.08654   =>   CDf =  0.00415    CDp =  0.08239
 plradd ia,ip,cpol           53           0  6.69628980E-06

 Point added to stored polar  1
 Point written to save file  dae51_Re400k.base.pol                           
 Dump file unspecified or not available
 Calculating wake trajectory ...
 Calculating source influence matrix ...

 Solving BL system ...

 Side 1  free  transition at x/c =  0.0126   23
 Side 2 forced transition at x/c =  1.0000   67

   1   rms: 0.3466E-01   max: 0.1307E+00   D at   58  1   RLX: 0.535
       a = 16.000      CL =  1.4026
      Cm = -0.0515     CD =  0.08978   =>   CDf =  0.00415    CDp =  0.08563

 Side 1  free  transition at x/c =  0.0125   23
 Side 2 forced transition at x/c =  1.0000   67

   2   rms: 0.1796E-01   max: 0.6913E-01   D at   61  1
       a = 16.000      CL =  1.3972
      Cm = -0.0524     CD =  0.09240   =>   CDf =  0.00406    CDp =  0.08833

 Side 1  free  transition at x/c =  0.0125   23
 Side 2 forced transition at x/c =  1.0000   67

   3   rms: 0.4200E-02   max: 0.2339E-01   D at   84  2
       a = 16.000      CL =  1.3943
      Cm = -0.0523     CD =  0.09206   =>   CDf =  0.00398    CDp =  0.08809

 Side 1  free  transition at x/c =  0.0125   23
 Side 2 forced transition at x/c =  1.0000   67

   4   rms: 0.3377E-03   max: 0.3665E-02   D at   84  2
       a = 16.000      CL =  1.3940
      Cm = -0.0522     CD =  0.09197   =>   CDf =  0.00398    CDp =  0.08799

 Side 1  free  transition at x/c =  0.0125   23
 Side 2 forced transition at x/c =  1.0000   67

   5   rms: 0.1294E-04   max: -.4812E-04   T at   84  2
       a = 16.000      CL =  1.3940
      Cm = -0.0522     CD =  0.09196   =>   CDf =  0.00398    CDp =  0.08799
 plradd ia,ip,cpol           54           0  6.69628980E-06

 Point added to stored polar  1
 Point written to save file  dae51_Re400k.base.pol                           
 Dump file unspecified or not available

.OPERva   c>  
 Polar accumulation disabled

.OPERv   c>  
 XFOIL   c>  
 XFOIL   c>  