
 ===================================================
  XFOIL Version 6.99
  Copyright (C) 2000   Mark Drela, Harold Youngren

  This software comes with ABSOLUTELY NO WARRANTY,
    subject to the GNU General Public License.

  Caveat computor
 ===================================================

 File  xfoil.def  not found

   QUIT    Exit program

  .OPER    Direct operating point(s)
  .MDES    Complex mapping design routine
  .QDES    Surface speed design routine
  .GDES    Geometry design routine

   SAVE f  Write airfoil to labeled coordinate file
   PSAV f  Write airfoil to plain coordinate file
   ISAV f  Write airfoil to ISES coordinate file
   MSAV f  Write airfoil to MSES coordinate file
   REVE    Reverse written-airfoil node ordering

   LOAD f  Read buffer airfoil from coordinate file
   NACA i  Set NACA 4,5-digit airfoil and buffer airfoil
   INTE    Set buffer airfoil by interpolating two airfoils
   NORM    Buffer airfoil normalization toggle
   XYCM rr Change CM reference location, currently  0.25000 0.00000

   BEND    Display structural properties of current airfoil

   PCOP    Set current-airfoil panel nodes directly from buffer airfoil points
   PANE    Set current-airfoil panel nodes ( 160 ) based on curvature
  .PPAR    Show/change paneling

  .PLOP    Plotting options

   WDEF f  Write  current-settings file
   RDEF f  Reread current-settings file
   NAME s  Specify new airfoil name
   NINC    Increment name version number

   Z       Zoom    | (available in all menus)
   U       Unzoom  | 

 XFOIL   c>  
 Labeled airfoil file.  Name:  E423                                            

 Number of input coordinate points:  72
 Counterclockwise ordering
 Max thickness =     0.125212  at x =   0.240
 Max camber    =     0.099212  at x =   0.448

  LE  x,y  =  -0.00001   0.00222  |   Chord =   1.00001
  TE  x,y  =   1.00000   0.00000  |

 Current airfoil nodes set from buffer airfoil nodes (  72 )

 XFOIL   c>  
 XFOIL   c>  
 Sharp trailing edge

 Paneling parameters used...
   Number of panel nodes       160
   Panel bunching parameter    1.000
   TE/LE panel density ratio   0.150
   Refined-area/LE panel density ratio    0.200
   Top    side refined area x/c limits  1.000 1.000
   Bottom side refined area x/c limits  1.000 1.000

 XFOIL   c>  
.OPERi   c>  
 Xtr/c     =  1.0000    top    side
 Xtr/c     =  1.0000    bottom side
 Ncrit     =    9.00   ( 0.070 % turb. level )
 Vacc      =  0.0100

 Klag  =  5.6000     Uxwt  =    1.00
 A     =  6.7000     B     =  0.7500       KCt = 0.01485
 CtiniK=  1.8000     CtiniX=  3.3000

..VPAR   c>  
..VPAR   c>  
.OPERi   c>  
 M  =    0.0000
 Re =    500000

.OPERv   c>  
.OPERv   c>  
.OPERv   c>  
 Polar  1 newly created for accumulation
 Airfoil archived with polar: E423                                            

Enter  polar save filename  OR  <return> for no file   s>  
 New polar save file available

Enter  polar dump filename  OR  <return> for no file   s>  
 Polar dump file will NOT be written

 Polar accumulation enabled

.OPERva   c>   Calculating unit vorticity distributions ...
 Calculating wake trajectory ...
 Calculating source influence matrix ...

 Solving BL system ...

 Initializing BL ...
    side            1  ...
 MRCHUE: Inverse mode at  49     Hk =   4.628
 MRCHUE: Inverse mode at  50     Hk =   5.561
 MRCHUE: Inverse mode at  51     Hk =   6.487
 MRCHUE: Inverse mode at  52     Hk =   7.409
 MRCHUE: Inverse mode at  53     Hk =   8.328
 MRCHUE: Inverse mode at  54     Hk =   9.245
 MRCHUE: Inverse mode at  55     Hk =   5.812
 MRCHUE: Inverse mode at  56     Hk =   3.297
 MRCHUE: Inverse mode at  78     Hk =   2.500
 MRCHUE: Inverse mode at  79     Hk =   2.500
    side            2  ...
 MRCHUE: Inverse mode at  13     Hk =   4.218
 MRCHUE: Inverse mode at  14     Hk =   5.564
 MRCHUE: Inverse mode at  15     Hk =   6.647
 MRCHUE: Inverse mode at  16     Hk =   7.622
 MRCHUE: Inverse mode at  17     Hk =   8.544
 MRCHUE: Inverse mode at  18     Hk =   9.443
 MRCHUE: Inverse mode at  19     Hk =  10.339
 MRCHUE: Inverse mode at  20     Hk =   6.005
 MRCHUE: Inverse mode at  21     Hk =   3.994
 MRCHUE: Inverse mode at  22     Hk =   2.601

 Side 1  free  transition at x/c =  0.6190   55
 Side 2  free  transition at x/c =  0.0196   20
 idif Ue xi dudx           1  0.14013161      4.09364700E-03   34.231483    
 Uenew xinew           2  3.93135697E-02  1.14846230E-03

   1   rms: 0.1831E+00   max: -.8323E+00   T at   55  1   RLX: 0.601
       a = -4.000      CL =  0.7110
      Cm = -0.2499     CD =  0.01341   =>   CDf =  0.00685    CDp =  0.00656

 Side 1  free  transition at x/c =  0.6293   54
 Side 2  free  transition at x/c =  0.0202   21

   2   rms: 0.9470E-01   max: -.5679E+00   D at   55  1   RLX: 0.880
       a = -4.000      CL =  0.6807
      Cm = -0.2418     CD =  0.01393   =>   CDf =  0.00675    CDp =  0.00718

 MRCHDU: Convergence failed at  55  side 1    Res =  0.5530E+01
 MRCHDU: Convergence failed at  56  side 1    Res =  0.1907E+01
 MRCHDU: Convergence failed at  57  side 1    Res =  0.2994E+01
 MRCHDU: Convergence failed at  58  side 1    Res =  0.7231E+01
 MRCHDU: Convergence failed at  59  side 1    Res =  0.1392E+02
 MRCHDU: Convergence failed at  60  side 1    Res =  0.2045E+02
 MRCHDU: Convergence failed at  61  side 1    Res =  0.2323E+02
 MRCHDU: Convergence failed at  62  side 1    Res =  0.2275E+02
 MRCHDU: Convergence failed at  63  side 1    Res =  0.2123E+02
 MRCHDU: Convergence failed at  64  side 1    Res =  0.1936E+02
 MRCHDU: Convergence failed at  65  side 1    Res =  0.1761E+02
 MRCHDU: Convergence failed at  66  side 1    Res =  0.1587E+02
 MRCHDU: Convergence failed at  67  side 1    Res =  0.1441E+02
 MRCHDU: Convergence failed at  68  side 1    Res =  0.1312E+02
 MRCHDU: Convergence failed at  69  side 1    Res =  0.1186E+02
 MRCHDU: Convergence failed at  70  side 1    Res =  0.1065E+02
 MRCHDU: Convergence failed at  71  side 1    Res =  0.9392E+01
 MRCHDU: Convergence failed at  72  side 1    Res =  0.7197E+01
 MRCHDU: Convergence failed at  73  side 1    Res =  0.1133E+02
 MRCHDU: Convergence failed at  74  side 1    Res =  0.3022E+02
 MRCHDU: Convergence failed at  75  side 1    Res =  0.2864E+02
 MRCHDU: Convergence failed at  76  side 1    Res =  0.1510E+02
 MRCHDU: Convergence failed at  77  side 1    Res =  0.1564E+02
 MRCHDU: Convergence failed at  78  side 1    Res =  0.2122E+02
 Side 1  free  transition at x/c =  0.6433   55
 Side 2  free  transition at x/c =  0.0219   21

   3   rms: 0.4921E+00   max: 0.3525E+01   D at   78  1   RLX: 0.425
       a = -4.000      CL =  0.7136
      Cm = -0.2885     CD =  0.00865   =>   CDf =  0.00488    CDp =  0.00377

 Side 1  free  transition at x/c =  0.6396   55
 Side 2  free  transition at x/c =  0.0198   21
 idif Ue xi dudx           1  0.10219571      3.22306156E-03   31.707651    
 Uenew xinew           2  3.28846648E-03  1.03712082E-04

   4   rms: 0.1452E+00   max: -.3977E+00   D at   22  2   RLX: 0.717
       a = -4.000      CL =  0.6177
      Cm = -0.2365     CD =  0.01245   =>   CDf =  0.00671    CDp =  0.00574

 Side 1  free  transition at x/c =  0.6438   54
 Side 2  free  transition at x/c =  0.0198   22

   5   rms: 0.1265E+00   max: -.7630E+00   T at   22  2   RLX: 0.655
       a = -4.000      CL =  0.6737
      Cm = -0.2429     CD =  0.01237   =>   CDf =  0.00670    CDp =  0.00567

 Side 1  free  transition at x/c =  0.6441   55
 Side 2  free  transition at x/c =  0.0216   21

   6   rms: 0.6577E-01   max: -.3454E+00   D at   21  2
       a = -4.000      CL =  0.6847
      Cm = -0.2423     CD =  0.01309   =>   CDf =  0.00655    CDp =  0.00654

 Side 1  free  transition at x/c =  0.6440   55
 Side 2  free  transition at x/c =  0.0228   21

   7   rms: 0.2259E-01   max: 0.2109E+00   T at   21  2
       a = -4.000      CL =  0.6657
      Cm = -0.2383     CD =  0.01314   =>   CDf =  0.00662    CDp =  0.00652

 Side 1  free  transition at x/c =  0.6440   55
 Side 2  free  transition at x/c =  0.0219   21

   8   rms: 0.1391E-02   max: -.2800E-01   D at   22  2
       a = -4.000      CL =  0.6652
      Cm = -0.2381     CD =  0.01318   =>   CDf =  0.00656    CDp =  0.00662

 Side 1  free  transition at x/c =  0.6440   55
 Side 2  free  transition at x/c =  0.0219   21

   9   rms: 0.7236E-04   max: 0.7908E-03   D at   22  2
       a = -4.000      CL =  0.6652
      Cm = -0.2381     CD =  0.01318   =>   CDf =  0.00656    CDp =  0.00662
 plradd ia,ip,cpol            1           0  2.39326712E-03

 Point added to stored polar  1
 Point written to save file  e423_Re500k.base.pol                            
 Dump file unspecified or not available
 Calculating wake trajectory ...
 Calculating source influence matrix ...

 Solving BL system ...

 Side 1  free  transition at x/c =  0.6440   55
 Side 2  free  transition at x/c =  0.0219   21

   1   rms: 0.1027E+00   max: -.7928E+00   T at   21  2   RLX: 0.631
       a = -3.500      CL =  0.7007
      Cm = -0.2383     CD =  0.01279   =>   CDf =  0.00656    CDp =  0.00623

 MRCHDU: Convergence failed at  23  side 2    Res =  0.2022E+01
 MRCHDU: Convergence failed at  24  side 2    Res =  0.2879E+01
 MRCHDU: Convergence failed at  25  side 2    Res =  0.4863E+01
 MRCHDU: Convergence failed at  26  side 2    Res =  0.4520E+02
 MRCHDU: Convergence failed at  27  side 2    Res =  0.6398E+01
 MRCHDU: Convergence failed at  28  side 2    Res =  0.4248E+01
 MRCHDU: Convergence failed at  29  side 2    Res =  0.3711E+01
 MRCHDU: Convergence failed at  30  side 2    Res =  0.4719E+01
 MRCHDU: Convergence failed at  31  side 2    Res =  0.7370E+01
 MRCHDU: Convergence failed at  32  side 2    Res =  0.1337E+02
 MRCHDU: Convergence failed at  33  side 2    Res =  0.3076E+02
 MRCHDU: Convergence failed at  34  side 2    Res =  0.2445E+02
 MRCHDU: Convergence failed at  35  side 2    Res =  0.5457E+02
 MRCHDU: Convergence failed at  36  side 2    Res =  0.2082E+02
 MRCHDU: Convergence failed at  37  side 2    Res =  0.3837E+03
 MRCHDU: Convergence failed at  38  side 2    Res =  0.9262E+02
 MRCHDU: Convergence failed at  39  side 2    Res =  0.1155E+03
 MRCHDU: Convergence failed at  40  side 2    Res =  0.3801E+04
 MRCHDU: Convergence failed at  41  side 2    Res =  0.1056E+04
 MRCHDU: Convergence failed at  42  side 2    Res =  0.2021E+03
 MRCHDU: Convergence failed at  43  side 2    Res =  0.8836E+02
 MRCHDU: Convergence failed at  44  side 2    Res =  0.5286E+03
 MRCHDU: Convergence failed at  45  side 2    Res =  0.3063E+04
 MRCHDU: Convergence failed at  46  side 2    Res =  0.5236E+03
 MRCHDU: Convergence failed at  47  side 2    Res =  0.1235E+03
 MRCHDU: Convergence failed at  48  side 2    Res =  0.1463E+03
 MRCHDU: Convergence failed at  49  side 2    Res =  0.1643E+03
 MRCHDU: Convergence failed at  50  side 2    Res =  0.1720E+03
 MRCHDU: Convergence failed at  51  side 2    Res =  0.1667E+03
 MRCHDU: Convergence failed at  52  side 2    Res =  0.1528E+03
 MRCHDU: Convergence failed at  53  side 2    Res =  0.1365E+03
 MRCHDU: Convergence failed at  54  side 2    Res =  0.1218E+03
 MRCHDU: Convergence failed at  55  side 2    Res =  0.5987E+02
 MRCHDU: Convergence failed at  56  side 2    Res =  0.6143E+02
 MRCHDU: Convergence failed at  57  side 2    Res =  0.6298E+02
 MRCHDU: Convergence failed at  58  side 2    Res =  0.6460E+02
 MRCHDU: Convergence failed at  59  side 2    Res =  0.6617E+02
 MRCHDU: Convergence failed at  60  side 2    Res =  0.6770E+02
 MRCHDU: Convergence failed at  61  side 2    Res =  0.6926E+02
 MRCHDU: Convergence failed at  62  side 2    Res =  0.3654E+02
 MRCHDU: Convergence failed at  63  side 2    Res =  0.3642E+02
 MRCHDU: Convergence failed at  64  side 2    Res =  0.3121E+02
 MRCHDU: Convergence failed at  65  side 2    Res =  0.1892E+02
 MRCHDU: Convergence failed at  66  side 2    Res =  0.3417E+02
 MRCHDU: Convergence failed at  67  side 2    Res =  0.6843E+02
 MRCHDU: Convergence failed at  68  side 2    Res =  0.2769E+02
 MRCHDU: Convergence failed at  69  side 2    Res =  0.2720E+02
 MRCHDU: Convergence failed at  70  side 2    Res =  0.2447E+02
 MRCHDU: Convergence failed at  71  side 2    Res =  0.2389E+02
 MRCHDU: Convergence failed at  72  side 2    Res =  0.2336E+02
 MRCHDU: Convergence failed at  73  side 2    Res =  0.2284E+02
 MRCHDU: Convergence failed at  74  side 2    Res =  0.2239E+02
 MRCHDU: Convergence failed at  75  side 2    Res =  0.2193E+02
 MRCHDU: Convergence failed at  76  side 2    Res =  0.2150E+02
 MRCHDU: Convergence failed at  77  side 2    Res =  0.2120E+02
 MRCHDU: Convergence failed at  78  side 2    Res =  0.8442E+03
 MRCHDU: Convergence failed at  79  side 2    Res =  0.1272E+04
 MRCHDU: Convergence failed at  80  side 2    Res =  0.1590E+04
 MRCHDU: Convergence failed at  81  side 2    Res =  0.1599E+04
 MRCHDU: Convergence failed at  82  side 2    Res =  0.1769E+04
 MRCHDU: Convergence failed at  83  side 2    Res =  0.3484E+02
 MRCHDU: Convergence failed at  84  side 2    Res =  0.3033E+03
 Side 1  free  transition at x/c =  0.6393   55
 Side 2  free  transition at x/c =  0.0261   22

   2   rms: 0.1858E+01   max: 0.6504E+01   D at   53  2   RLX: 0.231
       a = -3.500      CL = -0.6499
      Cm =  0.1687     CD =  0.00856   =>   CDf =  0.00383    CDp =  0.00473

 MRCHDU: Convergence failed at  26  side 2    Res =  0.1894E+00
 MRCHDU: Convergence failed at  27  side 2    Res =  0.1501E+00
 MRCHDU: Convergence failed at  29  side 2    Res =  0.2145E+00
 MRCHDU: Convergence failed at  30  side 2    Res =  0.1852E+00
 MRCHDU: Convergence failed at  31  side 2    Res =  0.1523E+00
 MRCHDU: Convergence failed at  32  side 2    Res =  0.7048E-01
 MRCHDU: Convergence failed at  33  side 2    Res =  0.1408E+01
 MRCHDU: Convergence failed at  34  side 2    Res =  0.2555E+01
 MRCHDU: Convergence failed at  46  side 2    Res =  0.4668E+00
 MRCHDU: Convergence failed at  47  side 2    Res =  0.4154E+00
 MRCHDU: Convergence failed at  48  side 2    Res =  0.3589E+00
 MRCHDU: Convergence failed at  49  side 2    Res =  0.2992E+00
 MRCHDU: Convergence failed at  50  side 2    Res =  0.2390E+00
 MRCHDU: Convergence failed at  51  side 2    Res =  0.1952E+00
 MRCHDU: Convergence failed at  52  side 2    Res =  0.1497E+00
 MRCHDU: Convergence failed at  53  side 2    Res =  0.1382E+00
 MRCHDU: Convergence failed at  54  side 2    Res =  0.1074E+00
 MRCHDU: Convergence failed at  55  side 2    Res =  0.1041E+00
 MRCHDU: Convergence failed at  56  side 2    Res =  0.1114E+00
 MRCHDU: Convergence failed at  57  side 2    Res =  0.1269E+00
 MRCHDU: Convergence failed at  58  side 2    Res =  0.1473E+00
 MRCHDU: Convergence failed at  59  side 2    Res =  0.1781E+00
 MRCHDU: Convergence failed at  60  side 2    Res =  0.2118E+00
 MRCHDU: Convergence failed at  61  side 2    Res =  0.2484E+00
 MRCHDU: Convergence failed at  62  side 2    Res =  0.2888E+00
 MRCHDU: Convergence failed at  63  side 2    Res =  0.3313E+00
 MRCHDU: Convergence failed at  64  side 2    Res =  0.3723E+00
 MRCHDU: Convergence failed at  65  side 2    Res =  0.4122E+00
 MRCHDU: Convergence failed at  66  side 2    Res =  0.4506E+00
 MRCHDU: Convergence failed at  67  side 2    Res =  0.4877E+00
 MRCHDU: Convergence failed at  68  side 2    Res =  0.5234E+00
 MRCHDU: Convergence failed at  69  side 2    Res =  0.5570E+00
 MRCHDU: Convergence failed at  70  side 2    Res =  0.5881E+00
 MRCHDU: Convergence failed at  71  side 2    Res =  0.6175E+00
 MRCHDU: Convergence failed at  72  side 2    Res =  0.6459E+00
 MRCHDU: Convergence failed at  73  side 2    Res =  0.6734E+00
 MRCHDU: Convergence failed at  74  side 2    Res =  0.7010E+00
 MRCHDU: Convergence failed at  75  side 2    Res =  0.7287E+00
 MRCHDU: Convergence failed at  76  side 2    Res =  0.7563E+00
 MRCHDU: Convergence failed at  77  side 2    Res =  0.7837E+00
 MRCHDU: Convergence failed at  78  side 2    Res =  0.8119E+00
 MRCHDU: Convergence failed at  79  side 2    Res =  0.8409E+00
 MRCHDU: Convergence failed at  80  side 2    Res =  0.8696E+00
 MRCHDU: Convergence failed at  81  side 2    Res =  0.8966E+00
 MRCHDU: Convergence failed at  82  side 2    Res =  0.9214E+00
 MRCHDU: Convergence failed at  83  side 2    Res =  0.9231E+00
 Side 1  free  transition at x/c =  0.6386   56
 Side 2  free  transition at x/c =  0.0275   22
 idif Ue xi dudx           1  0.14652874      4.33969498E-03   33.764755    
 Uenew xinew           2  4.70852964E-02  1.39451027E-03

   3   rms: 0.5405E+00   max: -.7587E+00   D at   84  2   RLX: 0.347
       a = -3.500      CL =  0.1821
      Cm = -0.0941     CD =  0.02006   =>   CDf =  0.00503    CDp =  0.01503

 Side 1  free  transition at x/c =  0.6398   55
 Side 2  free  transition at x/c =  0.0255   22
 idif Ue xi dudx           1  0.11596831      3.50093842E-03   33.124920    
 Uenew xinew           2  1.26401028E-02  3.81588936E-04

   4   rms: 0.8028E+00   max: 0.4631E+01   T at   22  2   RLX: 0.176
       a = -3.500      CL =  0.2437
      Cm = -0.1499     CD =  0.03110   =>   CDf =  0.00482    CDp =  0.02628

 MRCHDU: Convergence failed at  23  side 2    Res =  0.1822E+01
 MRCHDU: Convergence failed at  24  side 2    Res =  0.2469E+01
 MRCHDU: Convergence failed at  25  side 2    Res =  0.6273E+01
 MRCHDU: Convergence failed at  26  side 2    Res =  0.6165E+01
 MRCHDU: Convergence failed at  27  side 2    Res =  0.9750E+01
 MRCHDU: Convergence failed at  28  side 2    Res =  0.1701E+02
 MRCHDU: Convergence failed at  29  side 2    Res =  0.6709E+02
 MRCHDU: Convergence failed at  30  side 2    Res =  0.6531E+02
 MRCHDU: Convergence failed at  31  side 2    Res =  0.1053E+02
 MRCHDU: Convergence failed at  32  side 2    Res =  0.4737E+01
 MRCHDU: Convergence failed at  33  side 2    Res =  0.7715E+01
 MRCHDU: Convergence failed at  34  side 2    Res =  0.9780E+01
 MRCHDU: Convergence failed at  35  side 2    Res =  0.1839E+02
 MRCHDU: Convergence failed at  36  side 2    Res =  0.3386E+02
 MRCHDU: Convergence failed at  37  side 2    Res =  0.5855E+01
 MRCHDU: Convergence failed at  38  side 2    Res =  0.2085E+03
 MRCHDU: Convergence failed at  39  side 2    Res =  0.9294E+01
 MRCHDU: Convergence failed at  40  side 2    Res =  0.7574E+01
 MRCHDU: Convergence failed at  41  side 2    Res =  0.1087E+02
 MRCHDU: Convergence failed at  42  side 2    Res =  0.2378E+02
 MRCHDU: Convergence failed at  43  side 2    Res =  0.3081E+02
 MRCHDU: Convergence failed at  44  side 2    Res =  0.1050E+02
 MRCHDU: Convergence failed at  45  side 2    Res =  0.2844E+02
 MRCHDU: Convergence failed at  46  side 2    Res =  0.4493E+02
 MRCHDU: Convergence failed at  47  side 2    Res =  0.2179E+02
 MRCHDU: Convergence failed at  48  side 2    Res =  0.1633E+02
 MRCHDU: Convergence failed at  49  side 2    Res =  0.1576E+02
 MRCHDU: Convergence failed at  50  side 2    Res =  0.1741E+02
 MRCHDU: Convergence failed at  51  side 2    Res =  0.1813E+02
 MRCHDU: Convergence failed at  52  side 2    Res =  0.1817E+02
 MRCHDU: Convergence failed at  53  side 2    Res =  0.1943E+02
 MRCHDU: Convergence failed at  54  side 2    Res =  0.3071E+02
 MRCHDU: Convergence failed at  55  side 2    Res =  0.2960E+02
 MRCHDU: Convergence failed at  56  side 2    Res =  0.2860E+02
 MRCHDU: Convergence failed at  57  side 2    Res =  0.2768E+02
 MRCHDU: Convergence failed at  58  side 2    Res =  0.2685E+02
 MRCHDU: Convergence failed at  59  side 2    Res =  0.2605E+02
 MRCHDU: Convergence failed at  60  side 2    Res =  0.2530E+02
 MRCHDU: Convergence failed at  61  side 2    Res =  0.3032E+02
 MRCHDU: Convergence failed at  62  side 2    Res =  0.2891E+02
 MRCHDU: Convergence failed at  63  side 2    Res =  0.2768E+02
 MRCHDU: Convergence failed at  64  side 2    Res =  0.2660E+02
 MRCHDU: Convergence failed at  65  side 2    Res =  0.2566E+02
 MRCHDU: Convergence failed at  66  side 2    Res =  0.2484E+02
 MRCHDU: Convergence failed at  67  side 2    Res =  0.2412E+02
 MRCHDU: Convergence failed at  68  side 2    Res =  0.2815E+02
 MRCHDU: Convergence failed at  69  side 2    Res =  0.2730E+02
 MRCHDU: Convergence failed at  70  side 2    Res =  0.2655E+02
 MRCHDU: Convergence failed at  71  side 2    Res =  0.2586E+02
 MRCHDU: Convergence failed at  72  side 2    Res =  0.2519E+02
 MRCHDU: Convergence failed at  73  side 2    Res =  0.2455E+02
 MRCHDU: Convergence failed at  74  side 2    Res =  0.2396E+02
 MRCHDU: Convergence failed at  75  side 2    Res =  0.2338E+02
 MRCHDU: Convergence failed at  76  side 2    Res =  0.2538E+02
 MRCHDU: Convergence failed at  77  side 2    Res =  0.2469E+02
 MRCHDU: Convergence failed at  78  side 2    Res =  0.2397E+02
 MRCHDU: Convergence failed at  79  side 2    Res =  0.2317E+02
 MRCHDU: Convergence failed at  80  side 2    Res =  0.1944E+02
 MRCHDU: Convergence failed at  81  side 2    Res =  0.2065E+02
 MRCHDU: Convergence failed at  82  side 2    Res =  0.2341E+02
 MRCHDU: Convergence failed at  83  side 2    Res =  0.2737E+02
 MRCHDU: Convergence failed at  84  side 2    Res =  0.2921E+02
 MRCHDU: Convergence failed at  85  side 2    Res =  0.5225E+02
 Side 1  free  transition at x/c =  0.6403   54
 Side 2  free  transition at x/c =  0.0207   22

   5   rms: 0.1617E+01   max: 0.4890E+01   D at   51  2   RLX: 0.307
       a = -3.500      CL = -0.8077
      Cm =  0.1988     CD =  0.00834   =>   CDf =  0.00368    CDp =  0.00465

 MRCHDU: Convergence failed at  26  side 2    Res =  0.4066E-01
 MRCHDU: Convergence failed at  44  side 2    Res =  0.6833E-01
 MRCHDU: Convergence failed at  74  side 2    Res =  0.1278E+00
 MRCHDU: Convergence failed at  75  side 2    Res =  0.2259E+00
 MRCHDU: Convergence failed at  76  side 2    Res =  0.3052E+00
 MRCHDU: Convergence failed at  77  side 2    Res =  0.3575E+00
 MRCHDU: Convergence failed at  78  side 2    Res =  0.3989E+00
 MRCHDU: Convergence failed at  79  side 2    Res =  0.4348E+00
 MRCHDU: Convergence failed at  80  side 2    Res =  0.4654E+00
 MRCHDU: Convergence failed at  81  side 2    Res =  0.4924E+00
 MRCHDU: Convergence failed at  82  side 2    Res =  0.5164E+00
 MRCHDU: Convergence failed at  83  side 2    Res =  0.5386E+00
 MRCHDU: Convergence failed at  84  side 2    Res =  0.5247E+00
 Side 1  free  transition at x/c =  0.6390   55
 Side 2  free  transition at x/c =  0.0225   21

   6   rms: 0.1240E+02   max: 0.1316E+03   T at   21  2   RLX: 0.006
       a = -3.500      CL = -0.2987
      Cm =  0.0458     CD =  0.03297   =>   CDf =  0.00467    CDp =  0.02831

 MRCHDU: Convergence failed at  44  side 2    Res =  0.1893E-02
 Side 1  free  transition at x/c =  0.6390   55
 Side 2  free  transition at x/c =  0.0203   21
 idif Ue xi dudx           1  0.13139945      4.15623188E-03   31.615044    
 Uenew xinew           2  3.27810831E-02  1.03688240E-03

   7   rms: 0.5509E+00   max: -.8081E+00   D at   85  2   RLX: 0.534
       a = -3.500      CL =  0.1083
      Cm = -0.1012     CD =  0.02963   =>   CDf =  0.00440    CDp =  0.02524

 MRCHDU: Convergence failed at  22  side 2    Res =  0.5867E+02
 MRCHDU: Convergence failed at  23  side 2    Res =  0.1214E+02
 MRCHDU: Convergence failed at  24  side 2    Res =  0.5847E+03
 MRCHDU: Convergence failed at  25  side 2    Res =  0.1020E+02
 MRCHDU: Convergence failed at  26  side 2    Res =  0.8507E+01
 MRCHDU: Convergence failed at  27  side 2    Res =  0.8313E+01
 MRCHDU: Convergence failed at  28  side 2    Res =  0.5416E+01
 MRCHDU: Convergence failed at  29  side 2    Res =  0.8028E+03
 MRCHDU: Convergence failed at  30  side 2    Res =  0.1793E+03
 MRCHDU: Convergence failed at  31  side 2    Res =  0.4950E+02
 MRCHDU: Convergence failed at  32  side 2    Res =  0.2449E+02
 MRCHDU: Convergence failed at  33  side 2    Res =  0.1690E+02
 MRCHDU: Convergence failed at  34  side 2    Res =  0.1387E+02
 MRCHDU: Convergence failed at  35  side 2    Res =  0.1144E+02
 MRCHDU: Convergence failed at  36  side 2    Res =  0.1001E+02
 MRCHDU: Convergence failed at  37  side 2    Res =  0.8698E+01
 MRCHDU: Convergence failed at  38  side 2    Res =  0.7511E+01
 MRCHDU: Convergence failed at  39  side 2    Res =  0.9594E+01
 MRCHDU: Convergence failed at  40  side 2    Res =  0.1456E+02
 MRCHDU: Convergence failed at  41  side 2    Res =  0.3502E+02
 MRCHDU: Convergence failed at  42  side 2    Res =  0.6393E+03
 MRCHDU: Convergence failed at  43  side 2    Res =  0.1169E+03
 MRCHDU: Convergence failed at  44  side 2    Res =  0.2054E+02
 MRCHDU: Convergence failed at  45  side 2    Res =  0.2710E+02
 MRCHDU: Convergence failed at  46  side 2    Res =  0.5239E+02
 MRCHDU: Convergence failed at  47  side 2    Res =  0.9749E+02
 MRCHDU: Convergence failed at  48  side 2    Res =  0.3108E+04
 MRCHDU: Convergence failed at  49  side 2    Res =  0.8785E+02
 MRCHDU: Convergence failed at  50  side 2    Res =  0.4289E+02
 MRCHDU: Convergence failed at  51  side 2    Res =  0.3283E+02
 MRCHDU: Convergence failed at  52  side 2    Res =  0.7404E+02
 MRCHDU: Convergence failed at  53  side 2    Res =  0.9213E+02
 MRCHDU: Convergence failed at  54  side 2    Res =  0.1181E+03
 MRCHDU: Convergence failed at  55  side 2    Res =  0.2580E+03
 MRCHDU: Convergence failed at  56  side 2    Res =  0.3744E+03
 MRCHDU: Convergence failed at  57  side 2    Res =  0.5102E+03
 MRCHDU: Convergence failed at  58  side 2    Res =  0.7375E+03
 MRCHDU: Convergence failed at  59  side 2    Res =  0.1159E+04
 MRCHDU: Convergence failed at  60  side 2    Res =  0.1431E+04
 MRCHDU: Convergence failed at  61  side 2    Res =  0.2867E+04
 MRCHDU: Convergence failed at  62  side 2    Res =  0.6934E+04
 MRCHDU: Convergence failed at  63  side 2    Res =  0.3568E+05
 MRCHDU: Convergence failed at  64  side 2    Res =  0.1712E+05
 MRCHDU: Convergence failed at  65  side 2    Res =  0.3461E+04
 MRCHDU: Convergence failed at  66  side 2    Res =  0.1573E+04
 MRCHDU: Convergence failed at  67  side 2    Res =  0.7588E+03
 MRCHDU: Convergence failed at  68  side 2    Res =  0.3343E+03
 MRCHDU: Convergence failed at  69  side 2    Res =  0.3896E+02
 MRCHDU: Convergence failed at  70  side 2    Res =  0.3713E+03
 MRCHDU: Convergence failed at  71  side 2    Res =  0.4066E+02
 MRCHDU: Convergence failed at  72  side 2    Res =  0.1177E+04
 MRCHDU: Convergence failed at  73  side 2    Res =  0.9556E+02
 MRCHDU: Convergence failed at  74  side 2    Res =  0.2800E+02
 MRCHDU: Convergence failed at  75  side 2    Res =  0.2888E+02
 MRCHDU: Convergence failed at  76  side 2    Res =  0.2979E+02
 MRCHDU: Convergence failed at  77  side 2    Res =  0.2467E+02
 MRCHDU: Convergence failed at  78  side 2    Res =  0.2544E+02
 MRCHDU: Convergence failed at  79  side 2    Res =  0.2636E+02
 MRCHDU: Convergence failed at  80  side 2    Res =  0.2751E+02
 MRCHDU: Convergence failed at  81  side 2    Res =  0.2898E+02
 MRCHDU: Convergence failed at  82  side 2    Res =  0.3235E+02
 MRCHDU: Convergence failed at  83  side 2    Res =  0.4323E+02
 MRCHDU: Convergence failed at  84  side 2    Res =  0.3356E+02
 MRCHDU: Convergence failed at  85  side 2    Res =  0.4486E+02
 Side 1  free  transition at x/c =  0.6423   54
 Side 2  free  transition at x/c =  0.0186   21

   8   rms: 0.1942E+01   max: 0.6443E+01   D at   52  2   RLX: 0.233
       a = -3.500      CL = -1.2102
      Cm =  0.3100     CD =  0.00794   =>   CDf =  0.00356    CDp =  0.00438

 MRCHDU: Convergence failed at  51  side 2    Res =  0.9950E-01
 Side 1  free  transition at x/c =  0.6405   55
 Side 2  free  transition at x/c =  0.0198   21
 idif Ue xi dudx           1  0.10430353      3.43155861E-03   30.395382    
 Uenew xinew           2  9.48971603E-03  3.12209129E-04

   9   rms: 0.6378E+00   max: -.8904E+00   C at   99  2   RLX: 0.315
       a = -3.500      CL = -0.2069
      Cm =  0.0317     CD =  0.03404   =>   CDf =  0.00428    CDp =  0.02976

 Side 1  free  transition at x/c =  0.6445   54
 Side 2  free  transition at x/c =  0.0191   21

  10   rms: 0.4770E+00   max: -.7792E+00   D at   86  2   RLX: 0.375
       a = -3.500      CL =  0.0801
      Cm = -0.0705     CD =  0.03540   =>   CDf =  0.00422    CDp =  0.03118

 Side 1  free  transition at x/c =  0.6457   54
 Side 2  free  transition at x/c =  0.0201   22

  11   rms: 0.5012E+00   max: -.2511E+01   D at   27  2   RLX: 0.199
       a = -3.500      CL =  0.2354
      Cm = -0.1103     CD =  0.03339   =>   CDf =  0.00421    CDp =  0.02917

 Side 1  free  transition at x/c =  0.6454   54
 Side 2  free  transition at x/c =  0.0215   22

  12   rms: 0.1928E+01   max: -.1206E+02   D at   28  2   RLX: 0.041
       a = -3.500      CL =  0.3011
      Cm = -0.1217     CD =  0.03238   =>   CDf =  0.00426    CDp =  0.02812

 Side 1  free  transition at x/c =  0.6455   54
 Side 2  free  transition at x/c =  0.0236   23

  13   rms: 0.9265E+00   max: -.6785E+01   D at   31  2   RLX: 0.074
       a = -3.500      CL =  0.3368
      Cm = -0.1281     CD =  0.03170   =>   CDf =  0.00441    CDp =  0.02729

 Side 1  free  transition at x/c =  0.6453   54
 Side 2  free  transition at x/c =  0.0245   23

  14   rms: 0.6977E+00   max: -.4940E+01   D at   33  2   RLX: 0.101
       a = -3.500      CL =  0.3588
      Cm = -0.1349     CD =  0.03095   =>   CDf =  0.00452    CDp =  0.02643

 Side 1  free  transition at x/c =  0.6450   54
 Side 2  free  transition at x/c =  0.0249   23

  15   rms: 0.4344E+00   max: -.1943E+01   D at   35  2   RLX: 0.257
       a = -3.500      CL =  0.3748
      Cm = -0.1515     CD =  0.02795   =>   CDf =  0.00464    CDp =  0.02331

 Side 1  free  transition at x/c =  0.6441   54
 Side 2  free  transition at x/c =  0.0214   22

  16   rms: 0.3935E+00   max: 0.1709E+01   T at   22  2   RLX: 0.419
       a = -3.500      CL =  0.3681
      Cm = -0.1690     CD =  0.02293   =>   CDf =  0.00474    CDp =  0.01819

 Side 1  free  transition at x/c =  0.6423   54
 Side 2  free  transition at x/c =  0.0183   21
 idif Ue xi dudx           1  0.13676730      4.70721722E-03   29.054810    
 Uenew xinew           2  4.05241586E-02  1.39474869E-03

  17   rms: 0.5072E+00   max: -.1759E+01   D at   85  2   RLX: 0.284
       a = -3.500      CL =  0.2972
      Cm = -0.1689     CD =  0.02145   =>   CDf =  0.00461    CDp =  0.01684

 Side 1  free  transition at x/c =  0.6410   53
 Side 2  free  transition at x/c =  0.0166   22

  18   rms: 0.4670E+00   max: -.2008E+01   D at   86  2   RLX: 0.249
       a = -3.500      CL =  0.3193
      Cm = -0.1771     CD =  0.01808   =>   CDf =  0.00463    CDp =  0.01345

 Side 1  free  transition at x/c =  0.6400   53
 Side 2  free  transition at x/c =  0.0167   22

  19   rms: 0.4875E+00   max: -.1862E+01   D at   86  2   RLX: 0.269
       a = -3.500      CL =  0.3816
      Cm = -0.1894     CD =  0.01556   =>   CDf =  0.00485    CDp =  0.01070

 Side 1  free  transition at x/c =  0.6392   53
 Side 2  free  transition at x/c =  0.0173   22

  20   rms: 0.5164E+00   max: -.1720E+01   D at   86  2   RLX: 0.291
       a = -3.500      CL =  0.4587
      Cm = -0.2028     CD =  0.01389   =>   CDf =  0.00521    CDp =  0.00868

 Side 1  free  transition at x/c =  0.6387   54
 Side 2  free  transition at x/c =  0.0183   21

  21   rms: 0.4116E+00   max: -.1235E+01   D at   85  2   RLX: 0.405
       a = -3.500      CL =  0.5618
      Cm = -0.2186     CD =  0.01290   =>   CDf =  0.00578    CDp =  0.00712

 MRCHDU: Convergence failed at  52  side 2    Res =  0.3047E+00
 MRCHDU: Convergence failed at  53  side 2    Res =  0.2125E+00
 MRCHDU: Convergence failed at  54  side 2    Res =  0.2932E+00
 Side 1  free  transition at x/c =  0.6381   55
 Side 2  free  transition at x/c =  0.0202   21

  22   rms: 0.2828E+00   max: -.2114E+01   D at    2  1   RLX: 0.237
       a = -3.500      CL =  0.5815
      Cm = -0.2198     CD =  0.01286   =>   CDf =  0.00641    CDp =  0.00645

 Side 1  free  transition at x/c =  0.6378   55
 Side 2  free  transition at x/c =  0.0213   21

  23   rms: 0.1866E+00   max: -.8078E+00   T at   21  2   RLX: 0.619
       a = -3.500      CL =  0.6716
      Cm = -0.2327     CD =  0.01257   =>   CDf =  0.00646    CDp =  0.00611

 Side 1  free  transition at x/c =  0.6374   55
 Side 2  free  transition at x/c =  0.0250   22

  24   rms: 0.7640E-01   max: 0.5738E+00   D at   22  2
       a = -3.500      CL =  0.7231
      Cm = -0.2389     CD =  0.01266   =>   CDf =  0.00675    CDp =  0.00591

 Side 1  free  transition at x/c =  0.6371   56
 Side 2  free  transition at x/c =  0.0281   22

  25   rms: 0.1318E-01   max: 0.1745E+00   D at   22  2
       a = -3.500      CL =  0.7224
      Cm = -0.2387     CD =  0.01262   =>   CDf =  0.00674    CDp =  0.00588

 Side 1  free  transition at x/c =  0.6371   56
 Side 2  free  transition at x/c =  0.0288   22

  26   rms: 0.2225E-02   max: -.1981E-01   D at   22  2
       a = -3.500      CL =  0.7224
      Cm = -0.2387     CD =  0.01263   =>   CDf =  0.00672    CDp =  0.00590

 Side 1  free  transition at x/c =  0.6371   56
 Side 2  free  transition at x/c =  0.0288   22

  27   rms: 0.4833E-05   max: -.3876E-04   D at   24  2
       a = -3.500      CL =  0.7224
      Cm = -0.2387     CD =  0.01263   =>   CDf =  0.00673    CDp =  0.00590
 plradd ia,ip,cpol            2           0  2.39326712E-03

 Point added to stored polar  1
 Point written to save file  e423_Re500k.base.pol                            
 Dump file unspecified or not available
 Calculating wake trajectory ...
 Calculating source influence matrix ...

 Solving BL system ...

 Side 1  free  transition at x/c =  0.6371   56
 Side 2  free  transition at x/c =  0.0288   22

   1   rms: 0.1216E+00   max: -.1344E+01   T at   22  2   RLX: 0.372
       a = -3.000      CL =  0.7441
      Cm = -0.2389     CD =  0.01253   =>   CDf =  0.00673    CDp =  0.00581

 Side 1  free  transition at x/c =  0.6347   56
 Side 2  free  transition at x/c =  0.0330   23

   2   rms: 0.8348E-01   max: -.8571E+00   T at   23  2   RLX: 0.583
       a = -3.000      CL =  0.7668
      Cm = -0.2395     CD =  0.01238   =>   CDf =  0.00681    CDp =  0.00557

 Side 1  free  transition at x/c =  0.6323   55
 Side 2  free  transition at x/c =  0.0374   24

   3   rms: 0.3492E-01   max: -.3860E+00   T at   24  2
       a = -3.000      CL =  0.7804
      Cm = -0.2393     CD =  0.01226   =>   CDf =  0.00687    CDp =  0.00539

 Side 1  free  transition at x/c =  0.6307   55
 Side 2  free  transition at x/c =  0.0409   25

   4   rms: 0.1408E-01   max: -.1303E+00   T at   25  2
       a = -3.000      CL =  0.7808
      Cm = -0.2393     CD =  0.01222   =>   CDf =  0.00687    CDp =  0.00535

 Side 1  free  transition at x/c =  0.6307   55
 Side 2  free  transition at x/c =  0.0417   25

   5   rms: 0.9016E-03   max: -.1260E-01   D at   26  2
       a = -3.000      CL =  0.7808
      Cm = -0.2393     CD =  0.01223   =>   CDf =  0.00686    CDp =  0.00538

 Side 1  free  transition at x/c =  0.6307   55
 Side 2  free  transition at x/c =  0.0417   25

   6   rms: 0.4862E-05   max: -.8984E-04   D at   26  2
       a = -3.000      CL =  0.7808
      Cm = -0.2393     CD =  0.01223   =>   CDf =  0.00686    CDp =  0.00538
 plradd ia,ip,cpol            3           0  2.39326712E-03

 Point added to stored polar  1
 Point written to save file  e423_Re500k.base.pol                            
 Dump file unspecified or not available
 Calculating wake trajectory ...
 Calculating source influence matrix ...

 Solving BL system ...

 Side 1  free  transition at x/c =  0.6307   55
 Side 2  free  transition at x/c =  0.0417   25

   1   rms: 0.1234E+00   max: -.1309E+01   T at   25  2   RLX: 0.382
       a = -2.500      CL =  0.8012
      Cm = -0.2392     CD =  0.01214   =>   CDf =  0.00689    CDp =  0.00525

 Side 1  free  transition at x/c =  0.6281   56
 Side 2  free  transition at x/c =  0.0458   25

   2   rms: 0.5564E+00   max: -.2641E+01   T at   25  2   RLX: 0.189
       a = -2.500      CL =  0.8097
      Cm = -0.2399     CD =  0.01157   =>   CDf =  0.00692    CDp =  0.00465

 Side 1  free  transition at x/c =  0.6274   56
 Side 2  free  transition at x/c =  0.0519   25

   3   rms: 0.6220E-01   max: -.3200E+00   T at   25  2
       a = -2.500      CL =  0.8351
      Cm = -0.2389     CD =  0.01214   =>   CDf =  0.00688    CDp =  0.00525

 Side 1  free  transition at x/c =  0.6240   56
 Side 2  free  transition at x/c =  0.0558   26

   4   rms: 0.2577E-01   max: 0.4325E+00   D at   26  2
       a = -2.500      CL =  0.8353
      Cm = -0.2391     CD =  0.01201   =>   CDf =  0.00690    CDp =  0.00511

 Side 1  free  transition at x/c =  0.6241   56
 Side 2  free  transition at x/c =  0.0554   26

   5   rms: 0.4498E-02   max: 0.5315E-01   D at   26  2
       a = -2.500      CL =  0.8353
      Cm = -0.2391     CD =  0.01203   =>   CDf =  0.00689    CDp =  0.00514

 Side 1  free  transition at x/c =  0.6241   56
 Side 2  free  transition at x/c =  0.0551   26

   6   rms: 0.3808E-04   max: -.5366E-03   D at   27  2
       a = -2.500      CL =  0.8353
      Cm = -0.2391     CD =  0.01203   =>   CDf =  0.00689    CDp =  0.00514
 plradd ia,ip,cpol            4           0  2.39326712E-03

 Point added to stored polar  1
 Point written to save file  e423_Re500k.base.pol                            
 Dump file unspecified or not available
 Calculating wake trajectory ...
 Calculating source influence matrix ...

 Solving BL system ...

 Side 1  free  transition at x/c =  0.6241   56
 Side 2  free  transition at x/c =  0.0551   26

   1   rms: 0.1045E+00   max: -.1034E+01   T at   26  2   RLX: 0.483
       a = -2.000      CL =  0.8617
      Cm = -0.2390     CD =  0.01201   =>   CDf =  0.00689    CDp =  0.00512

 Side 1  free  transition at x/c =  0.6211   56
 Side 2  free  transition at x/c =  0.0600   27

   2   rms: 0.1955E+00   max: -.1162E+01   T at   27  2   RLX: 0.430
       a = -2.000      CL =  0.8756
      Cm = -0.2395     CD =  0.01164   =>   CDf =  0.00697    CDp =  0.00468

 Side 1  free  transition at x/c =  0.6199   57
 Side 2  free  transition at x/c =  0.0664   26

   3   rms: 0.5603E-01   max: -.7587E+00   D at    2  1   RLX: 0.659
       a = -2.000      CL =  0.8856
      Cm = -0.2393     CD =  0.01202   =>   CDf =  0.00695    CDp =  0.00507

 Side 1  free  transition at x/c =  0.6187   57
 Side 2  free  transition at x/c =  0.0682   27

   4   rms: 0.2234E-01   max: -.1334E+00   T at   27  2
       a = -2.000      CL =  0.8918
      Cm = -0.2393     CD =  0.01188   =>   CDf =  0.00699    CDp =  0.00489

 Side 1  free  transition at x/c =  0.6181   57
 Side 2  free  transition at x/c =  0.0703   27

   5   rms: 0.4603E-02   max: 0.4798E-01   D at   27  2
       a = -2.000      CL =  0.8917
      Cm = -0.2393     CD =  0.01193   =>   CDf =  0.00697    CDp =  0.00496

 Side 1  free  transition at x/c =  0.6181   57
 Side 2  free  transition at x/c =  0.0698   27

   6   rms: 0.1231E-03   max: -.1558E-02   D at   27  2
       a = -2.000      CL =  0.8917
      Cm = -0.2393     CD =  0.01193   =>   CDf =  0.00697    CDp =  0.00496

 Side 1  free  transition at x/c =  0.6181   57
 Side 2  free  transition at x/c =  0.0698   27

   7   rms: 0.1181E-05   max: 0.5726E-05   D at   57  1
       a = -2.000      CL =  0.8917
      Cm = -0.2393     CD =  0.01193   =>   CDf =  0.00697    CDp =  0.00496
 plradd ia,ip,cpol            5           0  2.39326712E-03

 Point added to stored polar  1
 Point written to save file  e423_Re500k.base.pol                            
 Dump file unspecified or not available
 Calculating wake trajectory ...
 Calculating source influence matrix ...

 Solving BL system ...

 Side 1  free  transition at x/c =  0.6181   57
 Side 2  free  transition at x/c =  0.0698   27

   1   rms: 0.1111E+00   max: -.9895E+00   T at   27  2   RLX: 0.505
       a = -1.500      CL =  0.9211
      Cm = -0.2396     CD =  0.01194   =>   CDf =  0.00698    CDp =  0.00496

 Side 1  free  transition at x/c =  0.6150   57
 Side 2  free  transition at x/c =  0.0761   27

   2   rms: 0.6239E-01   max: -.7618E+00   T at   27  2   RLX: 0.656
       a = -1.500      CL =  0.9430
      Cm = -0.2402     CD =  0.01250   =>   CDf =  0.00708    CDp =  0.00542

 Side 1  free  transition at x/c =  0.6128   56
 Side 2  free  transition at x/c =  0.0832   28

   3   rms: 0.3150E-01   max: 0.5841E+00   D at   28  2
       a = -1.500      CL =  0.9478
      Cm = -0.2393     CD =  0.01191   =>   CDf =  0.00705    CDp =  0.00486

 Side 1  free  transition at x/c =  0.6122   56
 Side 2  free  transition at x/c =  0.0866   28

   4   rms: 0.1118E-02   max: -.1632E-01   D at   28  2
       a = -1.500      CL =  0.9479
      Cm = -0.2393     CD =  0.01196   =>   CDf =  0.00704    CDp =  0.00492

 Side 1  free  transition at x/c =  0.6121   56
 Side 2  free  transition at x/c =  0.0868   29

   5   rms: 0.1384E-02   max: -.1097E-01   D at   28  2
       a = -1.500      CL =  0.9479
      Cm = -0.2393     CD =  0.01195   =>   CDf =  0.00704    CDp =  0.00491

 Side 1  free  transition at x/c =  0.6121   56
 Side 2  free  transition at x/c =  0.0869   29

   6   rms: 0.2846E-04   max: 0.1467E-03   D at   28  2
       a = -1.500      CL =  0.9479
      Cm = -0.2393     CD =  0.01195   =>   CDf =  0.00704    CDp =  0.00492
 plradd ia,ip,cpol            6           0  4.08062013E-03

 Point added to stored polar  1
 Point written to save file  e423_Re500k.base.pol                            
 Dump file unspecified or not available
 Calculating wake trajectory ...
 Calculating source influence matrix ...

 Solving BL system ...

 Side 1  free  transition at x/c =  0.6121   56
 Side 2  free  transition at x/c =  0.0869   29

   1   rms: 0.2086E+00   max: -.1159E+01   T at   29  2   RLX: 0.431
       a = -1.000      CL =  0.9720
      Cm = -0.2396     CD =  0.01141   =>   CDf =  0.00699    CDp =  0.00442

 MRCHDU: Convergence failed at  29  side 2    Res =  0.3055E+01
 MRCHDU: Convergence failed at  30  side 2    Res =  0.6619E+01
 MRCHDU: Convergence failed at  31  side 2    Res =  0.4868E+01
 MRCHDU: Convergence failed at  32  side 2    Res =  0.4636E+01
 MRCHDU: Convergence failed at  33  side 2    Res =  0.6860E+01
 MRCHDU: Convergence failed at  34  side 2    Res =  0.1093E+02
 MRCHDU: Convergence failed at  35  side 2    Res =  0.2647E+02
 MRCHDU: Convergence failed at  36  side 2    Res =  0.1613E+03
 MRCHDU: Convergence failed at  37  side 2    Res =  0.2280E+02
 MRCHDU: Convergence failed at  38  side 2    Res =  0.1398E+02
 MRCHDU: Convergence failed at  39  side 2    Res =  0.1307E+02
 MRCHDU: Convergence failed at  40  side 2    Res =  0.1556E+02
 MRCHDU: Convergence failed at  41  side 2    Res =  0.1802E+02
 MRCHDU: Convergence failed at  42  side 2    Res =  0.1939E+02
 MRCHDU: Convergence failed at  43  side 2    Res =  0.1927E+02
 MRCHDU: Convergence failed at  44  side 2    Res =  0.1890E+02
 MRCHDU: Convergence failed at  45  side 2    Res =  0.1836E+02
 MRCHDU: Convergence failed at  46  side 2    Res =  0.1752E+02
 MRCHDU: Convergence failed at  47  side 2    Res =  0.1705E+02
 MRCHDU: Convergence failed at  48  side 2    Res =  0.1605E+02
 MRCHDU: Convergence failed at  49  side 2    Res =  0.1539E+02
 MRCHDU: Convergence failed at  50  side 2    Res =  0.2028E+02
 MRCHDU: Convergence failed at  51  side 2    Res =  0.2082E+02
 MRCHDU: Convergence failed at  52  side 2    Res =  0.1931E+02
 MRCHDU: Convergence failed at  53  side 2    Res =  0.2271E+02
 MRCHDU: Convergence failed at  54  side 2    Res =  0.2747E+02
 MRCHDU: Convergence failed at  55  side 2    Res =  0.2900E+02
 MRCHDU: Convergence failed at  56  side 2    Res =  0.2307E+02
 MRCHDU: Convergence failed at  57  side 2    Res =  0.2376E+02
 MRCHDU: Convergence failed at  58  side 2    Res =  0.1192E+02
 MRCHDU: Convergence failed at  59  side 2    Res =  0.1171E+02
 MRCHDU: Convergence failed at  60  side 2    Res =  0.1153E+02
 MRCHDU: Convergence failed at  61  side 2    Res =  0.1135E+02
 MRCHDU: Convergence failed at  62  side 2    Res =  0.1102E+02
 MRCHDU: Convergence failed at  63  side 2    Res =  0.1075E+02
 MRCHDU: Convergence failed at  64  side 2    Res =  0.2360E+02
 MRCHDU: Convergence failed at  65  side 2    Res =  0.1003E+02
 MRCHDU: Convergence failed at  66  side 2    Res =  0.1382E+02
 MRCHDU: Convergence failed at  67  side 2    Res =  0.1442E+02
 MRCHDU: Convergence failed at  68  side 2    Res =  0.1895E+02
 MRCHDU: Convergence failed at  69  side 2    Res =  0.1565E+02
 MRCHDU: Convergence failed at  70  side 2    Res =  0.1649E+02
 MRCHDU: Convergence failed at  71  side 2    Res =  0.1731E+02
 MRCHDU: Convergence failed at  72  side 2    Res =  0.1835E+02
 MRCHDU: Convergence failed at  73  side 2    Res =  0.1964E+02
 MRCHDU: Convergence failed at  74  side 2    Res =  0.2151E+02
 MRCHDU: Convergence failed at  75  side 2    Res =  0.2360E+02
 MRCHDU: Convergence failed at  76  side 2    Res =  0.2686E+02
 MRCHDU: Convergence failed at  77  side 2    Res =  0.3169E+02
 MRCHDU: Convergence failed at  78  side 2    Res =  0.4245E+02
 MRCHDU: Convergence failed at  79  side 2    Res =  0.1973E+03
 MRCHDU: Convergence failed at  80  side 2    Res =  0.1503E+03
 Side 1  free  transition at x/c =  0.6095   57
 Side 2  free  transition at x/c =  0.1072   29

   2   rms: 0.5435E+00   max: 0.1617E+01   T at   47  2   RLX: 0.720
       a = -1.000      CL =  0.7985
      Cm = -0.1822     CD =  0.01047   =>   CDf =  0.00440    CDp =  0.00607

 Side 1  free  transition at x/c =  0.6075   57
 Side 2  free  transition at x/c =  0.0943   28

   3   rms: 0.1298E+00   max: -.5907E+00   T at   28  2   RLX: 0.847
       a = -1.000      CL =  0.9720
      Cm = -0.2306     CD =  0.01197   =>   CDf =  0.00769    CDp =  0.00428

 Side 1  free  transition at x/c =  0.6064   57
 Side 2  free  transition at x/c =  0.1049   29

   4   rms: 0.3037E-01   max: 0.2756E+00   D at   29  2
       a = -1.000      CL =  1.0018
      Cm = -0.2390     CD =  0.01187   =>   CDf =  0.00710    CDp =  0.00477

 Side 1  free  transition at x/c =  0.6062   57
 Side 2  free  transition at x/c =  0.1062   29

   5   rms: 0.2342E-02   max: 0.2712E-01   D at   29  2
       a = -1.000      CL =  1.0017
      Cm = -0.2389     CD =  0.01188   =>   CDf =  0.00700    CDp =  0.00488

 Side 1  free  transition at x/c =  0.6062   57
 Side 2  free  transition at x/c =  0.1061   29

   6   rms: 0.1336E-04   max: 0.1692E-03   T at   29  2
       a = -1.000      CL =  1.0017
      Cm = -0.2389     CD =  0.01188   =>   CDf =  0.00700    CDp =  0.00488
 plradd ia,ip,cpol            7           0  0.34824559    

 Point added to stored polar  1
 Point written to save file  e423_Re500k.base.pol                            
 Dump file unspecified or not available
 Calculating wake trajectory ...
 Calculating source influence matrix ...

 Solving BL system ...

 Side 1  free  transition at x/c =  0.6062   57
 Side 2  free  transition at x/c =  0.1061   29

   1   rms: 0.8930E-01   max: -.7163E+00   T at   29  2   RLX: 0.698
       a = -0.500      CL =  1.0394
      Cm = -0.2387     CD =  0.01195   =>   CDf =  0.00693    CDp =  0.00502

 Side 1  free  transition at x/c =  0.6019   58
 Side 2  free  transition at x/c =  0.1183   29

   2   rms: 0.3019E-01   max: 0.3514E+00   D at   29  2
       a = -0.500      CL =  1.0565
      Cm = -0.2387     CD =  0.01194   =>   CDf =  0.00704    CDp =  0.00490

 Side 1  free  transition at x/c =  0.6004   58
 Side 2  free  transition at x/c =  0.1237   29

   3   rms: 0.2640E-02   max: -.2991E-01   D at   29  2
       a = -0.500      CL =  1.0567
      Cm = -0.2388     CD =  0.01197   =>   CDf =  0.00706    CDp =  0.00491

 Side 1  free  transition at x/c =  0.6004   58
 Side 2  free  transition at x/c =  0.1241   29

   4   rms: 0.1181E-04   max: 0.1169E-03   T at   29  2
       a = -0.500      CL =  1.0567
      Cm = -0.2388     CD =  0.01197   =>   CDf =  0.00706    CDp =  0.00491
 plradd ia,ip,cpol            8           0  0.33236280    

 Point added to stored polar  1
 Point written to save file  e423_Re500k.base.pol                            
 Dump file unspecified or not available
 Calculating wake trajectory ...
 Calculating source influence matrix ...

 Solving BL system ...

 Side 1  free  transition at x/c =  0.6004   58
 Side 2  free  transition at x/c =  0.1241   29

   1   rms: 0.8767E-01   max: -.6458E+00   T at   29  2   RLX: 0.774
       a =  0.000      CL =  1.1008
      Cm = -0.2390     CD =  0.01218   =>   CDf =  0.00699    CDp =  0.00520

 Side 1  free  transition at x/c =  0.5963   58
 Side 2  free  transition at x/c =  0.1400   29

   2   rms: 0.3542E-01   max: -.4443E+00   D at    2  1
       a =  0.000      CL =  1.1118
      Cm = -0.2387     CD =  0.01213   =>   CDf =  0.00712    CDp =  0.00501

 Side 1  free  transition at x/c =  0.5947   58
 Side 2  free  transition at x/c =  0.1419   29

   3   rms: 0.1985E-02   max: -.2391E-01   D at    4  1
       a =  0.000      CL =  1.1122
      Cm = -0.2388     CD =  0.01214   =>   CDf =  0.00710    CDp =  0.00504

 Side 1  free  transition at x/c =  0.5946   58
 Side 2  free  transition at x/c =  0.1419   29

   4   rms: 0.5946E-05   max: 0.3345E-04   D at    8  1
       a =  0.000      CL =  1.1122
      Cm = -0.2388     CD =  0.01214   =>   CDf =  0.00710    CDp =  0.00504
 plradd ia,ip,cpol            9           0  0.33236280    

 Point added to stored polar  1
 Point written to save file  e423_Re500k.base.pol                            
 Dump file unspecified or not available
 Calculating wake trajectory ...
 Calculating source influence matrix ...

 Solving BL system ...

 Side 1  free  transition at x/c =  0.5946   58
 Side 2  free  transition at x/c =  0.1419   29

   1   rms: 0.8462E-01   max: 0.7319E+00   C at   29  2   RLX: 0.783
       a =  0.500      CL =  1.1520
      Cm = -0.2380     CD =  0.01228   =>   CDf =  0.00711    CDp =  0.00518

 MRCHDU: Convergence failed at  31  side 2    Res =  0.1948E+02
 MRCHDU: Convergence failed at  32  side 2    Res =  0.1575E+01
 MRCHDU: Convergence failed at  33  side 2    Res =  0.2517E+01
 MRCHDU: Convergence failed at  34  side 2    Res =  0.3945E+01
 MRCHDU: Convergence failed at  35  side 2    Res =  0.5548E+01
 MRCHDU: Convergence failed at  36  side 2    Res =  0.7138E+01
 MRCHDU: Convergence failed at  37  side 2    Res =  0.8442E+01
 MRCHDU: Convergence failed at  38  side 2    Res =  0.9400E+01
 MRCHDU: Convergence failed at  39  side 2    Res =  0.9722E+01
 MRCHDU: Convergence failed at  40  side 2    Res =  0.9166E+01
 MRCHDU: Convergence failed at  41  side 2    Res =  0.8973E+01
 MRCHDU: Convergence failed at  42  side 2    Res =  0.7803E+01
 MRCHDU: Convergence failed at  43  side 2    Res =  0.7656E+01
 MRCHDU: Convergence failed at  44  side 2    Res =  0.7531E+01
 MRCHDU: Convergence failed at  45  side 2    Res =  0.6903E+01
 MRCHDU: Convergence failed at  46  side 2    Res =  0.6809E+01
 MRCHDU: Convergence failed at  47  side 2    Res =  0.6707E+01
 MRCHDU: Convergence failed at  48  side 2    Res =  0.6585E+01
 MRCHDU: Convergence failed at  49  side 2    Res =  0.6435E+01
 MRCHDU: Convergence failed at  50  side 2    Res =  0.6264E+01
 MRCHDU: Convergence failed at  51  side 2    Res =  0.5709E+01
 MRCHDU: Convergence failed at  52  side 2    Res =  0.5559E+01
 MRCHDU: Convergence failed at  53  side 2    Res =  0.5411E+01
 MRCHDU: Convergence failed at  54  side 2    Res =  0.5266E+01
 MRCHDU: Convergence failed at  55  side 2    Res =  0.4549E+01
 MRCHDU: Convergence failed at  56  side 2    Res =  0.4378E+01
 MRCHDU: Convergence failed at  57  side 2    Res =  0.4208E+01
 MRCHDU: Convergence failed at  58  side 2    Res =  0.1759E+02
 MRCHDU: Convergence failed at  59  side 2    Res =  0.1734E+02
 MRCHDU: Convergence failed at  60  side 2    Res =  0.1683E+02
 MRCHDU: Convergence failed at  61  side 2    Res =  0.1608E+02
 MRCHDU: Convergence failed at  62  side 2    Res =  0.1513E+02
 MRCHDU: Convergence failed at  63  side 2    Res =  0.1407E+02
 MRCHDU: Convergence failed at  64  side 2    Res =  0.1302E+02
 MRCHDU: Convergence failed at  65  side 2    Res =  0.1199E+02
 MRCHDU: Convergence failed at  66  side 2    Res =  0.1102E+02
 MRCHDU: Convergence failed at  67  side 2    Res =  0.1010E+02
 MRCHDU: Convergence failed at  68  side 2    Res =  0.9251E+01
 MRCHDU: Convergence failed at  69  side 2    Res =  0.8435E+01
 MRCHDU: Convergence failed at  70  side 2    Res =  0.7658E+01
 MRCHDU: Convergence failed at  71  side 2    Res =  0.7098E+01
 MRCHDU: Convergence failed at  72  side 2    Res =  0.6676E+01
 MRCHDU: Convergence failed at  73  side 2    Res =  0.6433E+01
 MRCHDU: Convergence failed at  74  side 2    Res =  0.6863E+01
 MRCHDU: Convergence failed at  75  side 2    Res =  0.7812E+01
 MRCHDU: Convergence failed at  76  side 2    Res =  0.1017E+02
 MRCHDU: Convergence failed at  77  side 2    Res =  0.2514E+02
 MRCHDU: Convergence failed at  78  side 2    Res =  0.1520E+02
 Side 1  free  transition at x/c =  0.5901   58
 Side 2  free  transition at x/c =  0.1568   30

   2   rms: 0.3704E+00   max: 0.1943E+01   T at   30  2   RLX: 0.356
       a =  0.500      CL =  0.9513
      Cm = -0.1779     CD =  0.01099   =>   CDf =  0.00469    CDp =  0.00631

 MRCHDU: Convergence failed at  36  side 2    Res =  0.2320E-01
 Side 1  free  transition at x/c =  0.5901   58
 Side 2  free  transition at x/c =  0.1415   29

   3   rms: 0.2737E+00   max: -.1244E+01   D at   44  2   RLX: 0.402
       a =  0.500      CL =  1.0824
      Cm = -0.2129     CD =  0.01465   =>   CDf =  0.00624    CDp =  0.00841

 MRCHDU: Convergence failed at  30  side 2    Res =  0.2802E+01
 Side 1  free  transition at x/c =  0.5897   58
 Side 2  free  transition at x/c =  0.1526   30

   4   rms: 0.3813E+00   max: -.2575E+01   D at   33  2   RLX: 0.194
       a =  0.500      CL =  1.1061
      Cm = -0.2212     CD =  0.01328   =>   CDf =  0.00654    CDp =  0.00674

 Side 1  free  transition at x/c =  0.5895   58
 Side 2  free  transition at x/c =  0.1596   30

   5   rms: 0.4229E+00   max: -.2672E+01   D at   40  2   RLX: 0.187
       a =  0.500      CL =  1.1192
      Cm = -0.2250     CD =  0.01279   =>   CDf =  0.00673    CDp =  0.00605

 Side 1  free  transition at x/c =  0.5894   58
 Side 2  free  transition at x/c =  0.1617   31

   6   rms: 0.5510E+00   max: -.4262E+01   D at   40  2   RLX: 0.117
       a =  0.500      CL =  1.1246
      Cm = -0.2268     CD =  0.01263   =>   CDf =  0.00675    CDp =  0.00587

 MRCHDU: Convergence failed at  38  side 2    Res =  0.5919E+00
 MRCHDU: Convergence failed at  39  side 2    Res =  0.1682E+00
 MRCHDU: Convergence failed at  43  side 2    Res =  0.1307E+01
 Side 1  free  transition at x/c =  0.5894   58
 Side 2  free  transition at x/c =  0.1634   31

   7   rms: 0.4404E+00   max: -.2654E+01   D at   58  2   RLX: 0.188
       a =  0.500      CL =  1.1192
      Cm = -0.2282     CD =  0.01237   =>   CDf =  0.00698    CDp =  0.00539

 Side 1  free  transition at x/c =  0.5893   58
 Side 2  free  transition at x/c =  0.1647   31

   8   rms: 0.2857E+00   max: -.1586E+01   D at   41  2   RLX: 0.315
       a =  0.500      CL =  1.1328
      Cm = -0.2318     CD =  0.01216   =>   CDf =  0.00703    CDp =  0.00514

 Side 1  free  transition at x/c =  0.5892   58
 Side 2  free  transition at x/c =  0.1645   31

   9   rms: 0.1625E+00   max: -.1076E+01   D at   42  2   RLX: 0.465
       a =  0.500      CL =  1.1479
      Cm = -0.2349     CD =  0.01207   =>   CDf =  0.00717    CDp =  0.00491

 Side 1  free  transition at x/c =  0.5891   58
 Side 2  free  transition at x/c =  0.1625   31

  10   rms: 0.1003E+00   max: -.7478E+00   D at   42  2   RLX: 0.669
       a =  0.500      CL =  1.1592
      Cm = -0.2371     CD =  0.01215   =>   CDf =  0.00710    CDp =  0.00505

 Side 1  free  transition at x/c =  0.5890   58
 Side 2  free  transition at x/c =  0.1603   31

  11   rms: 0.4381E-01   max: -.3442E+00   D at   42  2
       a =  0.500      CL =  1.1642
      Cm = -0.2380     CD =  0.01227   =>   CDf =  0.00709    CDp =  0.00518

 Side 1  free  transition at x/c =  0.5890   58
 Side 2  free  transition at x/c =  0.1587   30

  12   rms: 0.1043E-01   max: -.1126E+00   D at   30  2
       a =  0.500      CL =  1.1642
      Cm = -0.2381     CD =  0.01221   =>   CDf =  0.00708    CDp =  0.00513

 Side 1  free  transition at x/c =  0.5890   58
 Side 2  free  transition at x/c =  0.1595   30

  13   rms: 0.9955E-04   max: 0.1133E-02   T at   30  2
       a =  0.500      CL =  1.1642
      Cm = -0.2381     CD =  0.01221   =>   CDf =  0.00708    CDp =  0.00514
 plradd ia,ip,cpol           10           0  0.31655347    

 Point added to stored polar  1
 Point written to save file  e423_Re500k.base.pol                            
 Dump file unspecified or not available
 Calculating wake trajectory ...
 Calculating source influence matrix ...

 Solving BL system ...

 Side 1  free  transition at x/c =  0.5890   58
 Side 2  free  transition at x/c =  0.1595   30

   1   rms: 0.8359E-01   max: 0.6959E+00   C at   30  2   RLX: 0.825
       a =  1.000      CL =  1.2072
      Cm = -0.2374     CD =  0.01239   =>   CDf =  0.00699    CDp =  0.00540

 MRCHDU: Convergence failed at  31  side 2    Res =  0.2627E+02
 MRCHDU: Convergence failed at  32  side 2    Res =  0.1589E+01
 MRCHDU: Convergence failed at  33  side 2    Res =  0.2162E+01
 MRCHDU: Convergence failed at  34  side 2    Res =  0.3032E+01
 MRCHDU: Convergence failed at  35  side 2    Res =  0.3848E+01
 MRCHDU: Convergence failed at  36  side 2    Res =  0.4561E+01
 MRCHDU: Convergence failed at  37  side 2    Res =  0.5155E+01
 MRCHDU: Convergence failed at  38  side 2    Res =  0.5517E+01
 MRCHDU: Convergence failed at  39  side 2    Res =  0.5776E+01
 MRCHDU: Convergence failed at  40  side 2    Res =  0.5895E+01
 MRCHDU: Convergence failed at  41  side 2    Res =  0.5911E+01
 MRCHDU: Convergence failed at  42  side 2    Res =  0.5693E+01
 MRCHDU: Convergence failed at  43  side 2    Res =  0.5618E+01
 MRCHDU: Convergence failed at  44  side 2    Res =  0.5367E+01
 MRCHDU: Convergence failed at  45  side 2    Res =  0.5249E+01
 MRCHDU: Convergence failed at  46  side 2    Res =  0.4966E+01
 MRCHDU: Convergence failed at  47  side 2    Res =  0.4689E+01
 MRCHDU: Convergence failed at  48  side 2    Res =  0.4409E+01
 MRCHDU: Convergence failed at  49  side 2    Res =  0.4162E+01
 MRCHDU: Convergence failed at  50  side 2    Res =  0.3944E+01
 MRCHDU: Convergence failed at  51  side 2    Res =  0.3625E+01
 MRCHDU: Convergence failed at  52  side 2    Res =  0.3486E+01
 MRCHDU: Convergence failed at  53  side 2    Res =  0.3361E+01
 MRCHDU: Convergence failed at  54  side 2    Res =  0.3250E+01
 MRCHDU: Convergence failed at  55  side 2    Res =  0.3148E+01
 MRCHDU: Convergence failed at  56  side 2    Res =  0.8467E+01
 MRCHDU: Convergence failed at  57  side 2    Res =  0.8423E+01
 MRCHDU: Convergence failed at  58  side 2    Res =  0.8291E+01
 MRCHDU: Convergence failed at  59  side 2    Res =  0.8071E+01
 MRCHDU: Convergence failed at  60  side 2    Res =  0.7765E+01
 MRCHDU: Convergence failed at  61  side 2    Res =  0.7396E+01
 MRCHDU: Convergence failed at  62  side 2    Res =  0.6975E+01
 MRCHDU: Convergence failed at  63  side 2    Res =  0.6564E+01
 MRCHDU: Convergence failed at  64  side 2    Res =  0.6210E+01
 MRCHDU: Convergence failed at  65  side 2    Res =  0.5832E+01
 MRCHDU: Convergence failed at  66  side 2    Res =  0.5486E+01
 MRCHDU: Convergence failed at  67  side 2    Res =  0.5199E+01
 MRCHDU: Convergence failed at  68  side 2    Res =  0.4949E+01
 MRCHDU: Convergence failed at  69  side 2    Res =  0.5169E+01
 MRCHDU: Convergence failed at  70  side 2    Res =  0.5384E+01
 MRCHDU: Convergence failed at  71  side 2    Res =  0.6110E+01
 MRCHDU: Convergence failed at  72  side 2    Res =  0.8288E+01
 MRCHDU: Convergence failed at  73  side 2    Res =  0.1537E+02
 MRCHDU: Convergence failed at  74  side 2    Res =  0.5296E+02
 MRCHDU: Convergence failed at  75  side 2    Res =  0.7780E+01
 Side 1  free  transition at x/c =  0.5838   59
 Side 2  free  transition at x/c =  0.1750   30

   2   rms: 0.2681E+00   max: -.1396E+01   D at   76  2   RLX: 0.358
       a =  1.000      CL =  1.1038
      Cm = -0.2038     CD =  0.01141   =>   CDf =  0.00478    CDp =  0.00663

 Side 1  free  transition at x/c =  0.5836   59
 Side 2  free  transition at x/c =  0.1700   30

   3   rms: 0.1057E+00   max: -.7135E+00   D at   31  2   RLX: 0.701
       a =  1.000      CL =  1.1871
      Cm = -0.2283     CD =  0.01259   =>   CDf =  0.00757    CDp =  0.00502

 Side 1  free  transition at x/c =  0.5833   59
 Side 2  free  transition at x/c =  0.1756   30

   4   rms: 0.3482E-01   max: -.4097E+00   D at   31  2
       a =  1.000      CL =  1.2174
      Cm = -0.2376     CD =  0.01233   =>   CDf =  0.00724    CDp =  0.00509

 Side 1  free  transition at x/c =  0.5832   59
 Side 2  free  transition at x/c =  0.1776   30

   5   rms: 0.2555E-02   max: -.4257E-01   D at   31  2
       a =  1.000      CL =  1.2175
      Cm = -0.2376     CD =  0.01232   =>   CDf =  0.00710    CDp =  0.00521

 Side 1  free  transition at x/c =  0.5832   59
 Side 2  free  transition at x/c =  0.1772   30

   6   rms: 0.2489E-04   max: -.4109E-03   D at   31  2
       a =  1.000      CL =  1.2175
      Cm = -0.2376     CD =  0.01232   =>   CDf =  0.00710    CDp =  0.00521
 plradd ia,ip,cpol           11           0  0.31655347    

 Point added to stored polar  1
 Point written to save file  e423_Re500k.base.pol                            
 Dump file unspecified or not available
 Calculating wake trajectory ...
 Calculating source influence matrix ...

 Solving BL system ...

 Side 1  free  transition at x/c =  0.5832   59
 Side 2  free  transition at x/c =  0.1772   30

   1   rms: 0.8470E-01   max: 0.6296E+00   C at   30  2   RLX: 0.860
       a =  1.500      CL =  1.2650
      Cm = -0.2376     CD =  0.01258   =>   CDf =  0.00700    CDp =  0.00558

 MRCHDU: Convergence failed at  31  side 2    Res =  0.8458E+02
 MRCHDU: Convergence failed at  32  side 2    Res =  0.1503E+01
 MRCHDU: Convergence failed at  33  side 2    Res =  0.1872E+01
 MRCHDU: Convergence failed at  34  side 2    Res =  0.2448E+01
 MRCHDU: Convergence failed at  35  side 2    Res =  0.2846E+01
 MRCHDU: Convergence failed at  36  side 2    Res =  0.3152E+01
 MRCHDU: Convergence failed at  37  side 2    Res =  0.3383E+01
 MRCHDU: Convergence failed at  38  side 2    Res =  0.3549E+01
 MRCHDU: Convergence failed at  39  side 2    Res =  0.3640E+01
 MRCHDU: Convergence failed at  40  side 2    Res =  0.3666E+01
 MRCHDU: Convergence failed at  41  side 2    Res =  0.3470E+01
 MRCHDU: Convergence failed at  42  side 2    Res =  0.3316E+01
 MRCHDU: Convergence failed at  43  side 2    Res =  0.3164E+01
 MRCHDU: Convergence failed at  44  side 2    Res =  0.3015E+01
 MRCHDU: Convergence failed at  45  side 2    Res =  0.2875E+01
 MRCHDU: Convergence failed at  46  side 2    Res =  0.2750E+01
 MRCHDU: Convergence failed at  47  side 2    Res =  0.2610E+01
 MRCHDU: Convergence failed at  48  side 2    Res =  0.2525E+01
 MRCHDU: Convergence failed at  49  side 2    Res =  0.2443E+01
 MRCHDU: Convergence failed at  50  side 2    Res =  0.4516E+01
 MRCHDU: Convergence failed at  51  side 2    Res =  0.4532E+01
 MRCHDU: Convergence failed at  52  side 2    Res =  0.4553E+01
 MRCHDU: Convergence failed at  53  side 2    Res =  0.4626E+01
 MRCHDU: Convergence failed at  54  side 2    Res =  0.4664E+01
 MRCHDU: Convergence failed at  55  side 2    Res =  0.4691E+01
 MRCHDU: Convergence failed at  56  side 2    Res =  0.4719E+01
 MRCHDU: Convergence failed at  57  side 2    Res =  0.4692E+01
 MRCHDU: Convergence failed at  58  side 2    Res =  0.4638E+01
 MRCHDU: Convergence failed at  59  side 2    Res =  0.4553E+01
 MRCHDU: Convergence failed at  60  side 2    Res =  0.4455E+01
 MRCHDU: Convergence failed at  61  side 2    Res =  0.4347E+01
 MRCHDU: Convergence failed at  62  side 2    Res =  0.4271E+01
 MRCHDU: Convergence failed at  63  side 2    Res =  0.4704E+01
 MRCHDU: Convergence failed at  64  side 2    Res =  0.4929E+01
 MRCHDU: Convergence failed at  65  side 2    Res =  0.5388E+01
 MRCHDU: Convergence failed at  66  side 2    Res =  0.6313E+01
 MRCHDU: Convergence failed at  67  side 2    Res =  0.7844E+01
 MRCHDU: Convergence failed at  68  side 2    Res =  0.1246E+02
 MRCHDU: Convergence failed at  69  side 2    Res =  0.1350E+03
 MRCHDU: Convergence failed at  70  side 2    Res =  0.1309E+02
 MRCHDU: Convergence failed at  71  side 2    Res =  0.5479E+01
 MRCHDU: Convergence failed at  72  side 2    Res =  0.3310E+01
 Side 1  free  transition at x/c =  0.5788   59
 Side 2  free  transition at x/c =  0.1942   30

   2   rms: 0.2497E+00   max: -.1297E+01   D at   73  2   RLX: 0.386
       a =  1.500      CL =  1.2018
      Cm = -0.2170     CD =  0.01166   =>   CDf =  0.00495    CDp =  0.00671

 Side 1  free  transition at x/c =  0.5783   59
 Side 2  free  transition at x/c =  0.1912   30

   3   rms: 0.8567E-01   max: -.7006E+00   D at   31  2   RLX: 0.714
       a =  1.500      CL =  1.2558
      Cm = -0.2325     CD =  0.01275   =>   CDf =  0.00750    CDp =  0.00525

 Side 1  free  transition at x/c =  0.5778   59
 Side 2  free  transition at x/c =  0.1952   30

   4   rms: 0.2677E-01   max: -.3132E+00   D at   31  2
       a =  1.500      CL =  1.2731
      Cm = -0.2378     CD =  0.01254   =>   CDf =  0.00722    CDp =  0.00531

 Side 1  free  transition at x/c =  0.5776   59
 Side 2  free  transition at x/c =  0.1957   30

   5   rms: 0.1395E-02   max: -.2487E-01   D at   31  2
       a =  1.500      CL =  1.2731
      Cm = -0.2378     CD =  0.01253   =>   CDf =  0.00713    CDp =  0.00541

 Side 1  free  transition at x/c =  0.5776   59
 Side 2  free  transition at x/c =  0.1955   30

   6   rms: 0.8640E-05   max: -.1492E-03   D at   31  2
       a =  1.500      CL =  1.2731
      Cm = -0.2378     CD =  0.01253   =>   CDf =  0.00712    CDp =  0.00541
 plradd ia,ip,cpol           12           0  0.30082712    

 Point added to stored polar  1
 Point written to save file  e423_Re500k.base.pol                            
 Dump file unspecified or not available
 Calculating wake trajectory ...
 Calculating source influence matrix ...

 Solving BL system ...

 Side 1  free  transition at x/c =  0.5776   59
 Side 2  free  transition at x/c =  0.1955   30

   1   rms: 0.7825E-01   max: 0.5390E+00   C at   30  2   RLX: 0.982
       a =  2.000      CL =  1.3198
      Cm = -0.2362     CD =  0.01266   =>   CDf =  0.00713    CDp =  0.00553

 MRCHDU: Convergence failed at  32  side 2    Res =  0.4318E+01
 MRCHDU: Convergence failed at  33  side 2    Res =  0.2242E+03
 MRCHDU: Convergence failed at  34  side 2    Res =  0.9780E+01
 MRCHDU: Convergence failed at  35  side 2    Res =  0.8463E+01
 MRCHDU: Convergence failed at  36  side 2    Res =  0.9926E+01
 MRCHDU: Convergence failed at  37  side 2    Res =  0.1145E+02
 MRCHDU: Convergence failed at  38  side 2    Res =  0.1427E+02
 MRCHDU: Convergence failed at  39  side 2    Res =  0.1870E+02
 MRCHDU: Convergence failed at  40  side 2    Res =  0.2573E+02
 MRCHDU: Convergence failed at  41  side 2    Res =  0.3598E+02
 MRCHDU: Convergence failed at  42  side 2    Res =  0.5951E+02
 MRCHDU: Convergence failed at  43  side 2    Res =  0.1206E+03
 MRCHDU: Convergence failed at  44  side 2    Res =  0.1663E+04
 MRCHDU: Convergence failed at  45  side 2    Res =  0.1327E+03
 MRCHDU: Convergence failed at  46  side 2    Res =  0.6195E+02
 MRCHDU: Convergence failed at  47  side 2    Res =  0.3917E+02
 MRCHDU: Convergence failed at  48  side 2    Res =  0.2813E+02
 MRCHDU: Convergence failed at  49  side 2    Res =  0.2162E+02
 MRCHDU: Convergence failed at  50  side 2    Res =  0.1754E+02
 MRCHDU: Convergence failed at  51  side 2    Res =  0.1436E+02
 MRCHDU: Convergence failed at  52  side 2    Res =  0.1236E+02
 MRCHDU: Convergence failed at  53  side 2    Res =  0.1084E+02
 MRCHDU: Convergence failed at  54  side 2    Res =  0.9624E+01
 MRCHDU: Convergence failed at  55  side 2    Res =  0.8614E+01
 MRCHDU: Convergence failed at  56  side 2    Res =  0.7743E+01
 MRCHDU: Convergence failed at  57  side 2    Res =  0.6970E+01
 MRCHDU: Convergence failed at  58  side 2    Res =  0.6262E+01
 MRCHDU: Convergence failed at  59  side 2    Res =  0.5591E+01
 MRCHDU: Convergence failed at  60  side 2    Res =  0.4961E+01
 MRCHDU: Convergence failed at  61  side 2    Res =  0.4385E+01
 MRCHDU: Convergence failed at  62  side 2    Res =  0.3855E+01
 MRCHDU: Convergence failed at  63  side 2    Res =  0.3358E+01
 MRCHDU: Convergence failed at  64  side 2    Res =  0.2908E+01
 MRCHDU: Convergence failed at  65  side 2    Res =  0.2506E+01
 MRCHDU: Convergence failed at  66  side 2    Res =  0.2248E+01
 MRCHDU: Convergence failed at  67  side 2    Res =  0.2185E+01
 MRCHDU: Convergence failed at  68  side 2    Res =  0.2107E+01
 MRCHDU: Convergence failed at  69  side 2    Res =  0.2061E+01
 Side 1  free  transition at x/c =  0.5717   59
 Side 2  free  transition at x/c =  0.2150   32

   2   rms: 0.3345E+00   max: -.1625E+01   D at   70  2   RLX: 0.308
       a =  2.000      CL =  1.2626
      Cm = -0.2192     CD =  0.01175   =>   CDf =  0.00491    CDp =  0.00683

 Side 1  free  transition at x/c =  0.5716   60
 Side 2  free  transition at x/c =  0.2183   31

   3   rms: 0.7972E-01   max: -.5417E+00   D at   31  2   RLX: 0.923
       a =  2.000      CL =  1.3185
      Cm = -0.2355     CD =  0.01262   =>   CDf =  0.00733    CDp =  0.00528

 Side 1  free  transition at x/c =  0.5718   60
 Side 2  free  transition at x/c =  0.2149   31
 idif Ue xi dudx           1  0.16938944      2.18009949E-03   77.698036    
 Uenew xinew           2  4.53854067E-04  5.84125519E-06

   4   rms: 0.9354E-02   max: -.1033E+00   D at   31  2
       a =  2.000      CL =  1.3224
      Cm = -0.2366     CD =  0.01263   =>   CDf =  0.00718    CDp =  0.00545

 Side 1  free  transition at x/c =  0.5718   59
 Side 2  free  transition at x/c =  0.2138   31

   5   rms: 0.4954E-02   max: -.6971E-01   T at    2  2
       a =  2.000      CL =  1.3225
      Cm = -0.2366     CD =  0.01261   =>   CDf =  0.00705    CDp =  0.00556

 Side 1  free  transition at x/c =  0.5718   59
 Side 2  free  transition at x/c =  0.2140   31

   6   rms: 0.6614E-03   max: -.6433E-02   D at    4  2
       a =  2.000      CL =  1.3225
      Cm = -0.2366     CD =  0.01261   =>   CDf =  0.00705    CDp =  0.00556

 Side 1  free  transition at x/c =  0.5718   59
 Side 2  free  transition at x/c =  0.2140   31

   7   rms: 0.1678E-04   max: -.2014E-03   D at    7  2
       a =  2.000      CL =  1.3225
      Cm = -0.2366     CD =  0.01261   =>   CDf =  0.00705    CDp =  0.00556
 plradd ia,ip,cpol           13           0  0.30082712    

 Point added to stored polar  1
 Point written to save file  e423_Re500k.base.pol                            
 Dump file unspecified or not available
 Calculating wake trajectory ...
 Calculating source influence matrix ...

 Solving BL system ...

 Side 1  free  transition at x/c =  0.5718   59
 Side 2  free  transition at x/c =  0.2140   31

   1   rms: 0.9720E-01   max: 0.9882E+00   D at    2  2   RLX: 0.958
       a =  2.500      CL =  1.3708
      Cm = -0.2357     CD =  0.01280   =>   CDf =  0.00694    CDp =  0.00587

 MRCHDU: Convergence failed at  32  side 2    Res =  0.1561E+01
 MRCHDU: Convergence failed at  33  side 2    Res =  0.7200E+02
 MRCHDU: Convergence failed at  34  side 2    Res =  0.7845E+01
 MRCHDU: Convergence failed at  35  side 2    Res =  0.7261E+01
 MRCHDU: Convergence failed at  36  side 2    Res =  0.8400E+01
 MRCHDU: Convergence failed at  37  side 2    Res =  0.1082E+02
 MRCHDU: Convergence failed at  38  side 2    Res =  0.1461E+02
 MRCHDU: Convergence failed at  39  side 2    Res =  0.2203E+02
 MRCHDU: Convergence failed at  40  side 2    Res =  0.4241E+02
 MRCHDU: Convergence failed at  41  side 2    Res =  0.1337E+03
 MRCHDU: Convergence failed at  42  side 2    Res =  0.9349E+02
 MRCHDU: Convergence failed at  43  side 2    Res =  0.3375E+02
 MRCHDU: Convergence failed at  44  side 2    Res =  0.2017E+02
 MRCHDU: Convergence failed at  45  side 2    Res =  0.1411E+02
 MRCHDU: Convergence failed at  46  side 2    Res =  0.1072E+02
 MRCHDU: Convergence failed at  47  side 2    Res =  0.8440E+01
 MRCHDU: Convergence failed at  48  side 2    Res =  0.7042E+01
 MRCHDU: Convergence failed at  49  side 2    Res =  0.6038E+01
 MRCHDU: Convergence failed at  50  side 2    Res =  0.5282E+01
 MRCHDU: Convergence failed at  51  side 2    Res =  0.4694E+01
 MRCHDU: Convergence failed at  52  side 2    Res =  0.4222E+01
 MRCHDU: Convergence failed at  53  side 2    Res =  0.3836E+01
 MRCHDU: Convergence failed at  54  side 2    Res =  0.3556E+01
 MRCHDU: Convergence failed at  55  side 2    Res =  0.3244E+01
 MRCHDU: Convergence failed at  56  side 2    Res =  0.2968E+01
 MRCHDU: Convergence failed at  57  side 2    Res =  0.2691E+01
 MRCHDU: Convergence failed at  58  side 2    Res =  0.2428E+01
 MRCHDU: Convergence failed at  59  side 2    Res =  0.2171E+01
 MRCHDU: Convergence failed at  60  side 2    Res =  0.2111E+01
 MRCHDU: Convergence failed at  61  side 2    Res =  0.2064E+01
 MRCHDU: Convergence failed at  62  side 2    Res =  0.2002E+01
 MRCHDU: Convergence failed at  63  side 2    Res =  0.1962E+01
 MRCHDU: Convergence failed at  64  side 2    Res =  0.1907E+01
 Side 1  free  transition at x/c =  0.5659   60
 Side 2  free  transition at x/c =  0.2352   32

   2   rms: 0.3106E+00   max: -.1559E+01   D at   60  2   RLX: 0.321
       a =  2.500      CL =  1.3305
      Cm = -0.2248     CD =  0.01209   =>   CDf =  0.00531    CDp =  0.00678

 Side 1  free  transition at x/c =  0.5659   60
 Side 2  free  transition at x/c =  0.2394   32

   3   rms: 0.6059E-01   max: -.4494E+00   D at   32  2
       a =  2.500      CL =  1.3740
      Cm = -0.2360     CD =  0.01270   =>   CDf =  0.00720    CDp =  0.00550

 Side 1  free  transition at x/c =  0.5661   60
 Side 2  free  transition at x/c =  0.2360   32

   4   rms: 0.2549E-02   max: 0.5103E-01   D at   33  2
       a =  2.500      CL =  1.3740
      Cm = -0.2360     CD =  0.01273   =>   CDf =  0.00701    CDp =  0.00572

 Side 1  free  transition at x/c =  0.5661   60
 Side 2  free  transition at x/c =  0.2359   32

   5   rms: 0.4876E-04   max: -.9814E-03   D at   33  2
       a =  2.500      CL =  1.3740
      Cm = -0.2360     CD =  0.01273   =>   CDf =  0.00701    CDp =  0.00572
 plradd ia,ip,cpol           14           0  0.28518933    

 Point added to stored polar  1
 Point written to save file  e423_Re500k.base.pol                            
 Dump file unspecified or not available
 Calculating wake trajectory ...
 Calculating source influence matrix ...

 Solving BL system ...

 Side 1  free  transition at x/c =  0.5661   60
 Side 2  free  transition at x/c =  0.2359   32

   1   rms: 0.9577E-01   max: 0.5755E+00   D at   32  2   RLX: 0.872
       a =  3.000      CL =  1.4208
      Cm = -0.2359     CD =  0.01283   =>   CDf =  0.00689    CDp =  0.00595

 Side 1  free  transition at x/c =  0.5613   60
 Side 2  free  transition at x/c =  0.2545   32

   2   rms: 0.6862E-01   max: -.4425E+00   T at   32  2
       a =  3.000      CL =  1.4285
      Cm = -0.2361     CD =  0.01287   =>   CDf =  0.00709    CDp =  0.00578

 Side 1  free  transition at x/c =  0.5602   60
 Side 2  free  transition at x/c =  0.2697   33

   3   rms: 0.1022E-01   max: -.1439E+00   D at   33  2
       a =  3.000      CL =  1.4284
      Cm = -0.2360     CD =  0.01301   =>   CDf =  0.00698    CDp =  0.00603

 Side 1  free  transition at x/c =  0.5602   60
 Side 2  free  transition at x/c =  0.2647   32

   4   rms: 0.6675E-02   max: -.8243E-01   D at   32  2
       a =  3.000      CL =  1.4285
      Cm = -0.2360     CD =  0.01299   =>   CDf =  0.00699    CDp =  0.00600

 Side 1  free  transition at x/c =  0.5602   60
 Side 2  free  transition at x/c =  0.2649   32

   5   rms: 0.2499E-03   max: 0.3705E-02   C at   32  2
       a =  3.000      CL =  1.4285
      Cm = -0.2360     CD =  0.01299   =>   CDf =  0.00698    CDp =  0.00601

 Side 1  free  transition at x/c =  0.5602   60
 Side 2  free  transition at x/c =  0.2648   32

   6   rms: 0.1506E-05   max: -.7243E-05   D at   33  2
       a =  3.000      CL =  1.4285
      Cm = -0.2360     CD =  0.01299   =>   CDf =  0.00698    CDp =  0.00601
 plradd ia,ip,cpol           15           0  0.28518933    

 Point added to stored polar  1
 Point written to save file  e423_Re500k.base.pol                            
 Dump file unspecified or not available
 Calculating wake trajectory ...
 Calculating source influence matrix ...

 Solving BL system ...

 Side 1  free  transition at x/c =  0.5602   60
 Side 2  free  transition at x/c =  0.2648   32

   1   rms: 0.7843E-01   max: -.4841E+00   T at   32  2
       a =  3.500      CL =  1.4735
      Cm = -0.2341     CD =  0.01311   =>   CDf =  0.00698    CDp =  0.00613

 MRCHDU: Convergence failed at  34  side 2    Res =  0.4926E+01
 Side 1  free  transition at x/c =  0.5540   60
 Side 2  free  transition at x/c =  0.2987   34

   2   rms: 0.1653E-01   max: -.2260E+00   D at   34  2
       a =  3.500      CL =  1.4751
      Cm = -0.2344     CD =  0.01311   =>   CDf =  0.00682    CDp =  0.00629

 Side 1  free  transition at x/c =  0.5543   60
 Side 2  free  transition at x/c =  0.3068   35

   3   rms: 0.4304E-02   max: -.8625E-01   D at   34  2
       a =  3.500      CL =  1.4752
      Cm = -0.2345     CD =  0.01310   =>   CDf =  0.00683    CDp =  0.00627

 Side 1  free  transition at x/c =  0.5543   60
 Side 2  free  transition at x/c =  0.3059   35

   4   rms: 0.5330E-03   max: 0.7646E-02   C at   35  2
       a =  3.500      CL =  1.4752
      Cm = -0.2345     CD =  0.01310   =>   CDf =  0.00682    CDp =  0.00628

 Side 1  free  transition at x/c =  0.5543   60
 Side 2  free  transition at x/c =  0.3057   35

   5   rms: 0.5863E-05   max: 0.6922E-04   C at   35  2
       a =  3.500      CL =  1.4752
      Cm = -0.2345     CD =  0.01310   =>   CDf =  0.00682    CDp =  0.00628
 plradd ia,ip,cpol           16           0  0.26963916    

 Point added to stored polar  1
 Point written to save file  e423_Re500k.base.pol                            
 Dump file unspecified or not available
 Calculating wake trajectory ...
 Calculating source influence matrix ...

 Solving BL system ...

 Side 1  free  transition at x/c =  0.5543   60
 Side 2  free  transition at x/c =  0.3057   35

   1   rms: 0.1182E+00   max: -.1101E+01   C at   35  2   RLX: 0.454
       a =  4.000      CL =  1.4970
      Cm = -0.2339     CD =  0.01312   =>   CDf =  0.00668    CDp =  0.00644

 Side 1  free  transition at x/c =  0.5513   61
 Side 2  free  transition at x/c =  0.3296   35

   2   rms: 0.8120E-01   max: -.9300E+00   C at   35  2   RLX: 0.538
       a =  4.000      CL =  1.5117
      Cm = -0.2336     CD =  0.01321   =>   CDf =  0.00677    CDp =  0.00644

 Side 1  free  transition at x/c =  0.5496   61
 Side 2  free  transition at x/c =  0.3499   36

   3   rms: 0.5868E-01   max: -.1035E+01   C at   36  2   RLX: 0.483
       a =  4.000      CL =  1.5179
      Cm = -0.2336     CD =  0.01322   =>   CDf =  0.00672    CDp =  0.00650

 Side 1  free  transition at x/c =  0.5490   61
 Side 2  free  transition at x/c =  0.3632   37

   4   rms: 0.5537E-01   max: -.9747E+00   C at   37  2   RLX: 0.513
       a =  4.000      CL =  1.5215
      Cm = -0.2336     CD =  0.01321   =>   CDf =  0.00670    CDp =  0.00650

 Side 1  free  transition at x/c =  0.5486   61
 Side 2  free  transition at x/c =  0.3764   38

   5   rms: 0.4792E-01   max: -.7901E+00   C at   38  2   RLX: 0.633
       a =  4.000      CL =  1.5237
      Cm = -0.2336     CD =  0.01318   =>   CDf =  0.00668    CDp =  0.00650

 Side 1  free  transition at x/c =  0.5484   61
 Side 2  free  transition at x/c =  0.3980   39

   6   rms: 0.4027E-01   max: -.8112E+00   C at   39  2   RLX: 0.616
       a =  4.000      CL =  1.5245
      Cm = -0.2337     CD =  0.01317   =>   CDf =  0.00662    CDp =  0.00655

 Side 1  free  transition at x/c =  0.5483   61
 Side 2  free  transition at x/c =  0.4115   40

   7   rms: 0.2875E-01   max: -.5741E+00   C at   40  2   RLX: 0.871
       a =  4.000      CL =  1.5248
      Cm = -0.2337     CD =  0.01315   =>   CDf =  0.00659    CDp =  0.00655

 Side 1  free  transition at x/c =  0.5483   61
 Side 2  free  transition at x/c =  0.4317   41

   8   rms: 0.7140E-02   max: -.1450E+00   C at   41  2
       a =  4.000      CL =  1.5249
      Cm = -0.2337     CD =  0.01314   =>   CDf =  0.00654    CDp =  0.00660

 Side 1  free  transition at x/c =  0.5483   61
 Side 2  free  transition at x/c =  0.4369   41

   9   rms: 0.5354E-03   max: -.1086E-01   C at   41  2
       a =  4.000      CL =  1.5249
      Cm = -0.2337     CD =  0.01314   =>   CDf =  0.00653    CDp =  0.00661

 Side 1  free  transition at x/c =  0.5483   61
 Side 2  free  transition at x/c =  0.4373   41

  10   rms: 0.7556E-05   max: 0.1484E-03   C at   41  2
       a =  4.000      CL =  1.5249
      Cm = -0.2337     CD =  0.01314   =>   CDf =  0.00653    CDp =  0.00661
 plradd ia,ip,cpol           17           0  0.25417641    

 Point added to stored polar  1
 Point written to save file  e423_Re500k.base.pol                            
 Dump file unspecified or not available
 Calculating wake trajectory ...
 Calculating source influence matrix ...

 Solving BL system ...

 Side 1  free  transition at x/c =  0.5483   61
 Side 2  free  transition at x/c =  0.4373   41

   1   rms: 0.7976E+00   max: -.1598E+02   C at   41  2   RLX: 0.031
       a =  4.500      CL =  1.5265
      Cm = -0.2337     CD =  0.01312   =>   CDf =  0.00653    CDp =  0.00659

 Side 1  free  transition at x/c =  0.5481   61
 Side 2  free  transition at x/c =  0.4544   42

   2   rms: 0.1087E+01   max: -.2157E+02   C at   42  2   RLX: 0.023
       a =  4.500      CL =  1.5279
      Cm = -0.2337     CD =  0.01311   =>   CDf =  0.00650    CDp =  0.00661

 Side 1  free  transition at x/c =  0.5479   61
 Side 2  free  transition at x/c =  0.4795   43

   3   rms: 0.2035E+01   max: -.3814E+02   C at   43  2   RLX: 0.013
       a =  4.500      CL =  1.5286
      Cm = -0.2338     CD =  0.01308   =>   CDf =  0.00645    CDp =  0.00663

 Side 1  free  transition at x/c =  0.5479   61
 Side 2  free  transition at x/c =  0.4986   44

   4   rms: 0.3426E+01   max: -.6301E+02   C at   44  2   RLX: 0.008
       a =  4.500      CL =  1.5291
      Cm = -0.2338     CD =  0.01306   =>   CDf =  0.00642    CDp =  0.00665

 Side 1  free  transition at x/c =  0.5478   61
 Side 2  free  transition at x/c =  0.5185   45

   5   rms: 0.5204E+01   max: -.9383E+02   C at   45  2   RLX: 0.005
       a =  4.500      CL =  1.5294
      Cm = -0.2338     CD =  0.01304   =>   CDf =  0.00638    CDp =  0.00666

 Side 1  free  transition at x/c =  0.5478   61
 Side 2  free  transition at x/c =  0.5381   46

   6   rms: 0.7651E+01   max: -.1347E+03   C at   46  2   RLX: 0.004
       a =  4.500      CL =  1.5297
      Cm = -0.2339     CD =  0.01302   =>   CDf =  0.00635    CDp =  0.00667

 Side 1  free  transition at x/c =  0.5478   61
 Side 2  free  transition at x/c =  0.5565   47

   7   rms: 0.9416E+01   max: -.1646E+03   C at   47  2   RLX: 0.003
       a =  4.500      CL =  1.5299
      Cm = -0.2339     CD =  0.01300   =>   CDf =  0.00632    CDp =  0.00668

 Side 1  free  transition at x/c =  0.5478   61
 Side 2  free  transition at x/c =  0.5749   48

   8   rms: 0.1105E+02   max: -.1920E+03   C at   48  2   RLX: 0.003
       a =  4.500      CL =  1.5301
      Cm = -0.2339     CD =  0.01298   =>   CDf =  0.00628    CDp =  0.00669

 Side 1  free  transition at x/c =  0.5477   61
 Side 2  free  transition at x/c =  0.5936   49

   9   rms: 0.1261E+02   max: -.2175E+03   C at   49  2   RLX: 0.002
       a =  4.500      CL =  1.5303
      Cm = -0.2339     CD =  0.01295   =>   CDf =  0.00625    CDp =  0.00670

 Side 1  free  transition at x/c =  0.5477   61
 Side 2  free  transition at x/c =  0.6122   50

  10   rms: 0.1378E+02   max: -.2357E+03   C at   50  2   RLX: 0.002
       a =  4.500      CL =  1.5304
      Cm = -0.2340     CD =  0.01293   =>   CDf =  0.00622    CDp =  0.00671

 Side 1  free  transition at x/c =  0.5477   61
 Side 2  free  transition at x/c =  0.6309   51

  11   rms: 0.1458E+02   max: -.2476E+03   C at   51  2   RLX: 0.002
       a =  4.500      CL =  1.5305
      Cm = -0.2340     CD =  0.01291   =>   CDf =  0.00619    CDp =  0.00672

 Side 1  free  transition at x/c =  0.5477   61
 Side 2  free  transition at x/c =  0.6500   52

  12   rms: 0.1490E+02   max: -.2510E+03   C at   52  2   RLX: 0.002
       a =  4.500      CL =  1.5306
      Cm = -0.2340     CD =  0.01288   =>   CDf =  0.00615    CDp =  0.00673

 Side 1  free  transition at x/c =  0.5477   61
 Side 2  free  transition at x/c =  0.6691   53

  13   rms: 0.1905E+02   max: -.3181E+03   C at   53  2   RLX: 0.002
       a =  4.500      CL =  1.5307
      Cm = -0.2340     CD =  0.01286   =>   CDf =  0.00612    CDp =  0.00674

 Side 1  free  transition at x/c =  0.5477   61
 Side 2  free  transition at x/c =  0.6878   54

  14   rms: 0.1241E+02   max: -.2056E+03   C at   54  2   RLX: 0.002
       a =  4.500      CL =  1.5307
      Cm = -0.2340     CD =  0.01283   =>   CDf =  0.00609    CDp =  0.00674

 Side 1  free  transition at x/c =  0.5477   61
 Side 2  free  transition at x/c =  0.7062   55

  15   rms: 0.1121E+02   max: -.1844E+03   C at   55  2   RLX: 0.003
       a =  4.500      CL =  1.5307
      Cm = -0.2340     CD =  0.01280   =>   CDf =  0.00605    CDp =  0.00675

 Side 1  free  transition at x/c =  0.5477   61
 Side 2  free  transition at x/c =  0.7243   56

  16   rms: 0.1118E+02   max: -.1827E+03   C at   56  2   RLX: 0.003
       a =  4.500      CL =  1.5306
      Cm = -0.2339     CD =  0.01278   =>   CDf =  0.00602    CDp =  0.00675

 Side 1  free  transition at x/c =  0.5477   61
 Side 2  free  transition at x/c =  0.7420   57

  17   rms: 0.9340E+01   max: -.1520E+03   C at   57  2   RLX: 0.003
       a =  4.500      CL =  1.5305
      Cm = -0.2339     CD =  0.01275   =>   CDf =  0.00599    CDp =  0.00676

 Side 1  free  transition at x/c =  0.5477   61
 Side 2  free  transition at x/c =  0.7596   58

  18   rms: 0.7633E+01   max: -.1236E+03   C at   58  2   RLX: 0.004
       a =  4.500      CL =  1.5303
      Cm = -0.2338     CD =  0.01272   =>   CDf =  0.00595    CDp =  0.00676

 Side 1  free  transition at x/c =  0.5476   61
 Side 2  free  transition at x/c =  0.7770   59

  19   rms: 0.6050E+01   max: -.9627E+02   C at   59  2   RLX: 0.005
       a =  4.500      CL =  1.5301
      Cm = -0.2337     CD =  0.01269   =>   CDf =  0.00592    CDp =  0.00677

 Side 1  free  transition at x/c =  0.5476   61
 Side 2  free  transition at x/c =  0.7944   60

  20   rms: 0.4544E+01   max: -.7206E+02   C at   60  2   RLX: 0.007
       a =  4.500      CL =  1.5296
      Cm = -0.2335     CD =  0.01266   =>   CDf =  0.00589    CDp =  0.00677

 Side 1  free  transition at x/c =  0.5476   61
 Side 2  free  transition at x/c =  0.8122   61

  21   rms: 0.3822E+01   max: -.6036E+02   C at   61  2   RLX: 0.008
       a =  4.500      CL =  1.5291
      Cm = -0.2333     CD =  0.01263   =>   CDf =  0.00586    CDp =  0.00677

 Side 1  free  transition at x/c =  0.5476   61
 Side 2  free  transition at x/c =  0.8302   62

  22   rms: 0.4806E+01   max: -.7541E+02   C at   62  2   RLX: 0.007
       a =  4.500      CL =  1.5287
      Cm = -0.2331     CD =  0.01260   =>   CDf =  0.00584    CDp =  0.00677

 Side 1  free  transition at x/c =  0.5475   61
 Side 2  free  transition at x/c =  0.8477   63

  23   rms: 0.4635E+01   max: -.7212E+02   C at   63  2   RLX: 0.007
       a =  4.500      CL =  1.5283
      Cm = -0.2330     CD =  0.01258   =>   CDf =  0.00581    CDp =  0.00677

 Side 1  free  transition at x/c =  0.5475   61
 Side 2  free  transition at x/c =  0.8652   64

  24   rms: 0.5443E+01   max: -.8355E+02   C at   64  2   RLX: 0.006
       a =  4.500      CL =  1.5279
      Cm = -0.2328     CD =  0.01256   =>   CDf =  0.00579    CDp =  0.00676

 Side 1  free  transition at x/c =  0.5475   61
 Side 2  free  transition at x/c =  0.8823   65

  25   rms: 0.1103E+02   max: -.1658E+03   C at   65  2   RLX: 0.003
       a =  4.500      CL =  1.5277
      Cm = -0.2327     CD =  0.01254   =>   CDf =  0.00577    CDp =  0.00676

 Side 1  free  transition at x/c =  0.5475   61
 Side 2  free  transition at x/c =  0.8990   66

  26   rms: 0.2153E+02   max: 0.3142E+03   C at   66  2   RLX: 0.005
       a =  4.500      CL =  1.5272
      Cm = -0.2326     CD =  0.01259   =>   CDf =  0.00576    CDp =  0.00683

 Side 1  free  transition at x/c =  0.5475   61
 Side 2  free  transition at x/c =  0.8519   63

  27   rms: 0.4819E+01   max: -.7340E+02   C at   63  2   RLX: 0.007
       a =  4.500      CL =  1.5268
      Cm = -0.2325     CD =  0.01257   =>   CDf =  0.00581    CDp =  0.00676

 Side 1  free  transition at x/c =  0.5474   61
 Side 2  free  transition at x/c =  0.8694   64

  28   rms: 0.5959E+01   max: -.8951E+02   C at   64  2   RLX: 0.006
       a =  4.500      CL =  1.5265
      Cm = -0.2323     CD =  0.01255   =>   CDf =  0.00579    CDp =  0.00676

 Side 1  free  transition at x/c =  0.5474   61
 Side 2  free  transition at x/c =  0.8864   65

  29   rms: 0.1513E+02   max: -.2224E+03   C at   65  2   RLX: 0.002
       a =  4.500      CL =  1.5264
      Cm = -0.2323     CD =  0.01253   =>   CDf =  0.00577    CDp =  0.00676

 Side 1  free  transition at x/c =  0.5474   61
 Side 2  free  transition at x/c =  0.9029   66

  30   rms: 0.8917E+01   max: 0.1253E+03   C at   66  2   RLX: 0.012
       a =  4.500      CL =  1.5254
      Cm = -0.2319     CD =  0.01257   =>   CDf =  0.00576    CDp =  0.00681

 Side 1  free  transition at x/c =  0.5474   61
 Side 2  free  transition at x/c =  0.8575   64

  31   rms: 0.4388E+01   max: -.7155E+02   C at   64  2   RLX: 0.007
       a =  4.500      CL =  1.5250
      Cm = -0.2318     CD =  0.01256   =>   CDf =  0.00580    CDp =  0.00676

 Side 1  free  transition at x/c =  0.5474   61
 Side 2  free  transition at x/c =  0.8756   65

  32   rms: 0.7960E+01   max: -.1248E+03   C at   65  2   RLX: 0.004
       a =  4.500      CL =  1.5248
      Cm = -0.2317     CD =  0.01254   =>   CDf =  0.00578    CDp =  0.00676

 Side 1  free  transition at x/c =  0.5473   61
 Side 2  free  transition at x/c =  0.8925   66

  33   rms: 0.5912E+02   max: 0.8994E+03   C at   66  2   RLX: 0.002
       a =  4.500      CL =  1.5245
      Cm = -0.2317     CD =  0.01259   =>   CDf =  0.00577    CDp =  0.00683

 Side 1  free  transition at x/c =  0.5473   61
 Side 2  free  transition at x/c =  0.8465   63

  34   rms: 0.4637E+01   max: -.7278E+02   C at   63  2   RLX: 0.007
       a =  4.500      CL =  1.5241
      Cm = -0.2315     CD =  0.01257   =>   CDf =  0.00582    CDp =  0.00675

 Side 1  free  transition at x/c =  0.5473   61
 Side 2  free  transition at x/c =  0.8644   64

  35   rms: 0.5335E+01   max: -.8255E+02   C at   64  2   RLX: 0.006
       a =  4.500      CL =  1.5238
      Cm = -0.2314     CD =  0.01255   =>   CDf =  0.00579    CDp =  0.00675

 Side 1  free  transition at x/c =  0.5473   61
 Side 2  free  transition at x/c =  0.8820   65

  36   rms: 0.1071E+02   max: -.1620E+03   C at   65  2   RLX: 0.003
       a =  4.500      CL =  1.5236
      Cm = -0.2313     CD =  0.01253   =>   CDf =  0.00578    CDp =  0.00675

 Side 1  free  transition at x/c =  0.5473   61
 Side 2  free  transition at x/c =  0.8984   66

  37   rms: 0.9610E+01   max: 0.1389E+03   C at   66  2   RLX: 0.011
       a =  4.500      CL =  1.5227
      Cm = -0.2310     CD =  0.01257   =>   CDf =  0.00576    CDp =  0.00681

 Side 1  free  transition at x/c =  0.5472   61
 Side 2  free  transition at x/c =  0.8549   63

  38   rms: 0.5045E+01   max: -.7583E+02   C at   63  2   RLX: 0.007
       a =  4.500      CL =  1.5223
      Cm = -0.2309     CD =  0.01256   =>   CDf =  0.00581    CDp =  0.00675

 Side 1  free  transition at x/c =  0.5472   61
 Side 2  free  transition at x/c =  0.8726   64

  39   rms: 0.6510E+01   max: -.9650E+02   C at   64  2   RLX: 0.005
       a =  4.500      CL =  1.5221
      Cm = -0.2308     CD =  0.01254   =>   CDf =  0.00579    CDp =  0.00675

 Side 1  free  transition at x/c =  0.5472   61
 Side 2  free  transition at x/c =  0.8899   65

  40   rms: 0.1115E+04   max: 0.1588E+05   C at   65  2   RLX: 0.000
       a =  4.500      CL =  1.5219
      Cm = -0.2308     CD =  0.01259   =>   CDf =  0.00577    CDp =  0.00681

 Side 1  free  transition at x/c =  0.5472   61
 Side 2  free  transition at x/c =  0.8441   63

  41   rms: 0.4542E+01   max: -.7222E+02   C at   63  2   RLX: 0.007
       a =  4.500      CL =  1.5215
      Cm = -0.2306     CD =  0.01257   =>   CDf =  0.00582    CDp =  0.00675

 Side 1  free  transition at x/c =  0.5472   61
 Side 2  free  transition at x/c =  0.8625   64

  42   rms: 0.5061E+01   max: -.7931E+02   C at   64  2   RLX: 0.006
       a =  4.500      CL =  1.5212
      Cm = -0.2305     CD =  0.01254   =>   CDf =  0.00580    CDp =  0.00675

 Side 1  free  transition at x/c =  0.5472   61
 Side 2  free  transition at x/c =  0.8806   65

  43   rms: 0.9381E+01   max: -.1435E+03   C at   65  2   RLX: 0.003
       a =  4.500      CL =  1.5210
      Cm = -0.2304     CD =  0.01252   =>   CDf =  0.00578    CDp =  0.00675

 Side 1  free  transition at x/c =  0.5471   61
 Side 2  free  transition at x/c =  0.8969   66

  44   rms: 0.9898E+01   max: 0.1446E+03   C at   66  2   RLX: 0.010
       a =  4.500      CL =  1.5201
      Cm = -0.2301     CD =  0.01257   =>   CDf =  0.00577    CDp =  0.00680

 Side 1  free  transition at x/c =  0.5471   61
 Side 2  free  transition at x/c =  0.8560   64

  45   rms: 0.4198E+01   max: -.6923E+02   C at   64  2   RLX: 0.007
       a =  4.500      CL =  1.5198
      Cm = -0.2300     CD =  0.01255   =>   CDf =  0.00581    CDp =  0.00674

 Side 1  free  transition at x/c =  0.5471   61
 Side 2  free  transition at x/c =  0.8749   65

  46   rms: 0.7210E+01   max: -.1142E+03   C at   65  2   RLX: 0.004
       a =  4.500      CL =  1.5195
      Cm = -0.2299     CD =  0.01253   =>   CDf =  0.00579    CDp =  0.00674

 Side 1  free  transition at x/c =  0.5471   61
 Side 2  free  transition at x/c =  0.8916   65

  47   rms: 0.1151E+03   max: 0.1625E+04   C at   65  2   RLX: 0.001
       a =  4.500      CL =  1.5193
      Cm = -0.2299     CD =  0.01258   =>   CDf =  0.00577    CDp =  0.00681

 Side 1  free  transition at x/c =  0.5471   61
 Side 2  free  transition at x/c =  0.8464   63

  48   rms: 0.4577E+01   max: -.7197E+02   C at   63  2   RLX: 0.007
       a =  4.500      CL =  1.5190
      Cm = -0.2297     CD =  0.01256   =>   CDf =  0.00582    CDp =  0.00674

 Side 1  free  transition at x/c =  0.5470   61
 Side 2  free  transition at x/c =  0.8648   64

  49   rms: 0.5164E+01   max: -.8009E+02   C at   64  2   RLX: 0.006
       a =  4.500      CL =  1.5186
      Cm = -0.2296     CD =  0.01253   =>   CDf =  0.00580    CDp =  0.00674

 Side 1  free  transition at x/c =  0.5470   61
 Side 2  free  transition at x/c =  0.8831   65

  50   rms: 0.1052E+02   max: -.1590E+03   C at   65  2   RLX: 0.003
       a =  4.500      CL =  1.5185
      Cm = -0.2295     CD =  0.01252   =>   CDf =  0.00578    CDp =  0.00674

 Side 1  free  transition at x/c =  0.5470   61
 Side 2  free  transition at x/c =  0.8991   66

  51   rms: 0.8790E+01   max: 0.1265E+03   C at   66  2   RLX: 0.012
       a =  4.500      CL =  1.5175
      Cm = -0.2292     CD =  0.01256   =>   CDf =  0.00576    CDp =  0.00679

 Side 1  free  transition at x/c =  0.5470   61
 Side 2  free  transition at x/c =  0.8604   64

  52   rms: 0.4893E+01   max: -.7766E+02   C at   64  2   RLX: 0.006
       a =  4.500      CL =  1.5172
      Cm = -0.2291     CD =  0.01254   =>   CDf =  0.00580    CDp =  0.00673

 Side 1  free  transition at x/c =  0.5470   61
 Side 2  free  transition at x/c =  0.8790   65

  53   rms: 0.8520E+01   max: -.1321E+03   C at   65  2   RLX: 0.004
       a =  4.500      CL =  1.5171
      Cm = -0.2290     CD =  0.01252   =>   CDf =  0.00578    CDp =  0.00673

 Side 1  free  transition at x/c =  0.5469   61
 Side 2  free  transition at x/c =  0.8954   66

  54   rms: 0.2590E+02   max: 0.3888E+03   C at   66  2   RLX: 0.004
       a =  4.500      CL =  1.5167
      Cm = -0.2289     CD =  0.01257   =>   CDf =  0.00577    CDp =  0.00680

 Side 1  free  transition at x/c =  0.5469   61
 Side 2  free  transition at x/c =  0.8560   64

  55   rms: 0.4135E+01   max: -.6827E+02   C at   64  2   RLX: 0.007
       a =  4.500      CL =  1.5163
      Cm = -0.2288     CD =  0.01253   =>   CDf =  0.00581    CDp =  0.00673

 Side 1  free  transition at x/c =  0.5469   61
 Side 2  free  transition at x/c =  0.8753   65

  56   rms: 0.7047E+01   max: -.1117E+03   C at   65  2   RLX: 0.004
       a =  4.500      CL =  1.5161
      Cm = -0.2287     CD =  0.01252   =>   CDf =  0.00579    CDp =  0.00673

 Side 1  free  transition at x/c =  0.5469   61
 Side 2  free  transition at x/c =  0.8920   66

  57   rms: 0.9137E+02   max: 0.1407E+04   C at   66  2   RLX: 0.001
       a =  4.500      CL =  1.5158
      Cm = -0.2287     CD =  0.01257   =>   CDf =  0.00577    CDp =  0.00680

 Side 1  free  transition at x/c =  0.5469   61
 Side 2  free  transition at x/c =  0.8522   63

  58   rms: 0.4687E+01   max: -.7162E+02   C at   63  2   RLX: 0.007
       a =  4.500      CL =  1.5155
      Cm = -0.2285     CD =  0.01254   =>   CDf =  0.00581    CDp =  0.00673

 Side 1  free  transition at x/c =  0.5469   61
 Side 2  free  transition at x/c =  0.8704   64

  59   rms: 0.5569E+01   max: -.8405E+02   C at   64  2   RLX: 0.006
       a =  4.500      CL =  1.5152
      Cm = -0.2284     CD =  0.01252   =>   CDf =  0.00579    CDp =  0.00673

 Side 1  free  transition at x/c =  0.5469   61
 Side 2  free  transition at x/c =  0.8887   65

  60   rms: 0.6737E+02   max: -.9722E+03   C at   65  2   RLX: 0.001
       a =  4.500      CL =  1.5152
      Cm = -0.2284     CD =  0.01250   =>   CDf =  0.00577    CDp =  0.00673

 Side 1  free  transition at x/c =  0.5469   61
 Side 2  free  transition at x/c =  0.9044   66

  61   rms: 0.7300E+01   max: 0.1011E+03   C at   66  2   RLX: 0.015
       a =  4.500      CL =  1.5142
      Cm = -0.2280     CD =  0.01254   =>   CDf =  0.00576    CDp =  0.00678

 Side 1  free  transition at x/c =  0.5468   61
 Side 2  free  transition at x/c =  0.8675   64

  62   rms: 0.5458E+01   max: -.8364E+02   C at   64  2   RLX: 0.006
       a =  4.500      CL =  1.5139
      Cm = -0.2279     CD =  0.01252   =>   CDf =  0.00580    CDp =  0.00672

 Side 1  free  transition at x/c =  0.5468   61
 Side 2  free  transition at x/c =  0.8859   65

  63   rms: 0.4499E+02   max: -.6606E+03   C at   65  2   RLX: 0.001
       a =  4.500      CL =  1.5139
      Cm = -0.2279     CD =  0.01250   =>   CDf =  0.00578    CDp =  0.00672

 Side 1  free  transition at x/c =  0.5468   61
 Side 2  free  transition at x/c =  0.9019   66

  64   rms: 0.7273E+01   max: 0.1028E+03   C at   66  2   RLX: 0.015
       a =  4.500      CL =  1.5128
      Cm = -0.2276     CD =  0.01254   =>   CDf =  0.00576    CDp =  0.00677

 Side 1  free  transition at x/c =  0.5467   61
 Side 2  free  transition at x/c =  0.8647   64

  65   rms: 0.5347E+01   max: -.8313E+02   C at   64  2   RLX: 0.006
       a =  4.500      CL =  1.5126
      Cm = -0.2275     CD =  0.01252   =>   CDf =  0.00580    CDp =  0.00672

 Side 1  free  transition at x/c =  0.5467   61
 Side 2  free  transition at x/c =  0.8833   65

  66   rms: 0.1175E+02   max: -.1780E+03   C at   65  2   RLX: 0.003
       a =  4.500      CL =  1.5125
      Cm = -0.2274     CD =  0.01250   =>   CDf =  0.00578    CDp =  0.00672

 Side 1  free  transition at x/c =  0.5467   61
 Side 2  free  transition at x/c =  0.8996   66

  67   rms: 0.7352E+01   max: 0.1057E+03   C at   66  2   RLX: 0.014
       a =  4.500      CL =  1.5115
      Cm = -0.2271     CD =  0.01254   =>   CDf =  0.00577    CDp =  0.00677

 Side 1  free  transition at x/c =  0.5467   61
 Side 2  free  transition at x/c =  0.8621   64

  68   rms: 0.5243E+01   max: -.8260E+02   C at   64  2   RLX: 0.006
       a =  4.500      CL =  1.5112
      Cm = -0.2270     CD =  0.01252   =>   CDf =  0.00580    CDp =  0.00671

 Side 1  free  transition at x/c =  0.5467   61
 Side 2  free  transition at x/c =  0.8809   65

  69   rms: 0.1042E+02   max: -.1602E+03   C at   65  2   RLX: 0.003
       a =  4.500      CL =  1.5111
      Cm = -0.2269     CD =  0.01250   =>   CDf =  0.00578    CDp =  0.00671

 Side 1  free  transition at x/c =  0.5466   61
 Side 2  free  transition at x/c =  0.8974   66

  70   rms: 0.7536E+01   max: 0.1102E+03   C at   66  2   RLX: 0.014
       a =  4.500      CL =  1.5101
      Cm = -0.2266     CD =  0.01253   =>   CDf =  0.00577    CDp =  0.00677

 Side 1  free  transition at x/c =  0.5466   61
 Side 2  free  transition at x/c =  0.8595   64

  71   rms: 0.4586E+01   max: -.7443E+02   C at   64  2   RLX: 0.007
       a =  4.500      CL =  1.5099
      Cm = -0.2265     CD =  0.01251   =>   CDf =  0.00581    CDp =  0.00671

 Side 1  free  transition at x/c =  0.5466   61
 Side 2  free  transition at x/c =  0.8787   65

  72   rms: 0.9344E+01   max: -.1457E+03   C at   65  2   RLX: 0.003
       a =  4.500      CL =  1.5097
      Cm = -0.2264     CD =  0.01249   =>   CDf =  0.00579    CDp =  0.00671

 Side 1  free  transition at x/c =  0.5466   61
 Side 2  free  transition at x/c =  0.8954   66

  73   rms: 0.7833E+01   max: 0.1163E+03   C at   66  2   RLX: 0.013
       a =  4.500      CL =  1.5088
      Cm = -0.2262     CD =  0.01253   =>   CDf =  0.00577    CDp =  0.00676

 Side 1  free  transition at x/c =  0.5465   61
 Side 2  free  transition at x/c =  0.8572   64

  74   rms: 0.4457E+01   max: -.7319E+02   C at   64  2   RLX: 0.007
       a =  4.500      CL =  1.5086
      Cm = -0.2261     CD =  0.01251   =>   CDf =  0.00581    CDp =  0.00670

 Side 1  free  transition at x/c =  0.5465   61
 Side 2  free  transition at x/c =  0.8768   65

  75   rms: 0.8556E+01   max: -.1349E+03   C at   65  2   RLX: 0.004
       a =  4.500      CL =  1.5084
      Cm = -0.2260     CD =  0.01249   =>   CDf =  0.00579    CDp =  0.00670

 Side 1  free  transition at x/c =  0.5465   61
 Side 2  free  transition at x/c =  0.8934   66

  76   rms: 0.2092E+02   max: 0.3200E+03   C at   66  2   RLX: 0.005
       a =  4.500      CL =  1.5080
      Cm = -0.2259     CD =  0.01254   =>   CDf =  0.00577    CDp =  0.00677

 Side 1  free  transition at x/c =  0.5465   61
 Side 2  free  transition at x/c =  0.8551   63

  77   rms: 0.5118E+01   max: -.7711E+02   C at   63  2   RLX: 0.006
       a =  4.500      CL =  1.5077
      Cm = -0.2258     CD =  0.01251   =>   CDf =  0.00581    CDp =  0.00670

 Side 1  free  transition at x/c =  0.5465   61
 Side 2  free  transition at x/c =  0.8732   64

  78   rms: 0.6521E+01   max: -.9719E+02   C at   64  2   RLX: 0.005
       a =  4.500      CL =  1.5075
      Cm = -0.2257     CD =  0.01249   =>   CDf =  0.00579    CDp =  0.00670

 Side 1  free  transition at x/c =  0.5465   61
 Side 2  free  transition at x/c =  0.8916   65

  79   rms: 0.4184E+02   max: 0.5955E+03   C at   65  2   RLX: 0.003
       a =  4.500      CL =  1.5072
      Cm = -0.2256     CD =  0.01253   =>   CDf =  0.00577    CDp =  0.00676

 Side 1  free  transition at x/c =  0.5465   61
 Side 2  free  transition at x/c =  0.8461   63

  80   rms: 0.4697E+01   max: -.7408E+02   C at   63  2   RLX: 0.007
       a =  4.500      CL =  1.5069
      Cm = -0.2255     CD =  0.01252   =>   CDf =  0.00582    CDp =  0.00669

 Side 1  free  transition at x/c =  0.5464   61
 Side 2  free  transition at x/c =  0.8648   64

  81   rms: 0.5253E+01   max: -.8182E+02   C at   64  2   RLX: 0.006
       a =  4.500      CL =  1.5067
      Cm = -0.2254     CD =  0.01250   =>   CDf =  0.00580    CDp =  0.00670

 Side 1  free  transition at x/c =  0.5464   61
 Side 2  free  transition at x/c =  0.8838   65

  82   rms: 0.3792E+02   max: -.5658E+03   C at   65  2   RLX: 0.001
       a =  4.500      CL =  1.5067
      Cm = -0.2254     CD =  0.01248   =>   CDf =  0.00578    CDp =  0.00670

 Side 1  free  transition at x/c =  0.5464   61
 Side 2  free  transition at x/c =  0.8999   66

  83   rms: 0.6627E+01   max: 0.9508E+02   C at   66  2   RLX: 0.016
       a =  4.500      CL =  1.5057
      Cm = -0.2251     CD =  0.01252   =>   CDf =  0.00577    CDp =  0.00675

 Side 1  free  transition at x/c =  0.5464   61
 Side 2  free  transition at x/c =  0.8648   64

  84   rms: 0.5418E+01   max: -.8435E+02   C at   64  2   RLX: 0.006
       a =  4.500      CL =  1.5054
      Cm = -0.2250     CD =  0.01249   =>   CDf =  0.00580    CDp =  0.00669

 Side 1  free  transition at x/c =  0.5464   61
 Side 2  free  transition at x/c =  0.8838   65

  85   rms: 0.5044E+02   max: -.7529E+03   C at   65  2   RLX: 0.001
       a =  4.500      CL =  1.5055
      Cm = -0.2250     CD =  0.01248   =>   CDf =  0.00578    CDp =  0.00670

 Side 1  free  transition at x/c =  0.5464   61
 Side 2  free  transition at x/c =  0.9001   66

  86   rms: 0.6276E+01   max: 0.8998E+02   C at   66  2   RLX: 0.017
       a =  4.500      CL =  1.5044
      Cm = -0.2246     CD =  0.01251   =>   CDf =  0.00577    CDp =  0.00674

 Side 1  free  transition at x/c =  0.5463   61
 Side 2  free  transition at x/c =  0.8650   64

  87   rms: 0.5616E+01   max: -.8734E+02   C at   64  2   RLX: 0.006
       a =  4.500      CL =  1.5042
      Cm = -0.2245     CD =  0.01249   =>   CDf =  0.00580    CDp =  0.00669

 Side 1  free  transition at x/c =  0.5463   61
 Side 2  free  transition at x/c =  0.8840   65

  88   rms: 0.8355E+02   max: -.1246E+04   C at   65  2   RLX: 0.000
       a =  4.500      CL =  1.5043
      Cm = -0.2245     CD =  0.01247   =>   CDf =  0.00578    CDp =  0.00669

 Side 1  free  transition at x/c =  0.5463   61
 Side 2  free  transition at x/c =  0.9003   66

  89   rms: 0.5947E+01   max: 0.8522E+02   C at   66  2   RLX: 0.018
       a =  4.500      CL =  1.5032
      Cm = -0.2242     CD =  0.01251   =>   CDf =  0.00577    CDp =  0.00674

 Side 1  free  transition at x/c =  0.5462   61
 Side 2  free  transition at x/c =  0.8650   64

  90   rms: 0.5832E+01   max: -.9068E+02   C at   64  2   RLX: 0.006
       a =  4.500      CL =  1.5030
      Cm = -0.2241     CD =  0.01249   =>   CDf =  0.00580    CDp =  0.00668

 Side 1  free  transition at x/c =  0.5462   61
 Side 2  free  transition at x/c =  0.8840   65

  91   rms: 0.2360E+03   max: -.3520E+04   C at   65  2   RLX: 0.000
       a =  4.500      CL =  1.5031
      Cm = -0.2241     CD =  0.01247   =>   CDf =  0.00578    CDp =  0.00669

 Side 1  free  transition at x/c =  0.5462   61
 Side 2  free  transition at x/c =  0.9005   66

  92   rms: 0.5619E+01   max: 0.8044E+02   C at   66  2   RLX: 0.019
       a =  4.500      CL =  1.5019
      Cm = -0.2238     CD =  0.01250   =>   CDf =  0.00577    CDp =  0.00673

 Side 1  free  transition at x/c =  0.5462   61
 Side 2  free  transition at x/c =  0.8652   64

  93   rms: 0.6107E+01   max: -.9481E+02   C at   64  2   RLX: 0.005
       a =  4.500      CL =  1.5018
      Cm = -0.2237     CD =  0.01248   =>   CDf =  0.00580    CDp =  0.00668

 Side 1  free  transition at x/c =  0.5462   61
 Side 2  free  transition at x/c =  0.8842   65

  94   rms: 0.1928E+03   max: 0.2872E+04   C at   65  2   RLX: 0.001
       a =  4.500      CL =  1.5015
      Cm = -0.2237     CD =  0.01252   =>   CDf =  0.00578    CDp =  0.00674

 Side 1  free  transition at x/c =  0.5462   61
 Side 2  free  transition at x/c =  0.8369   62

  95   rms: 0.5367E+01   max: -.8152E+02   C at   62  2   RLX: 0.006
       a =  4.500      CL =  1.5014
      Cm = -0.2236     CD =  0.01251   =>   CDf =  0.00584    CDp =  0.00667

 Side 1  free  transition at x/c =  0.5462   61
 Side 2  free  transition at x/c =  0.8545   63

  96   rms: 0.5270E+01   max: -.7972E+02   C at   63  2   RLX: 0.006
       a =  4.500      CL =  1.5011
      Cm = -0.2235     CD =  0.01249   =>   CDf =  0.00582    CDp =  0.00667

 Side 1  free  transition at x/c =  0.5461   61
 Side 2  free  transition at x/c =  0.8727   64

  97   rms: 0.6816E+01   max: -.1020E+03   C at   64  2   RLX: 0.005
       a =  4.500      CL =  1.5010
      Cm = -0.2234     CD =  0.01247   =>   CDf =  0.00580    CDp =  0.00668

 Side 1  free  transition at x/c =  0.5461   61
 Side 2  free  transition at x/c =  0.8911   65

  98   rms: 0.2607E+02   max: 0.3727E+03   C at   65  2   RLX: 0.004
       a =  4.500      CL =  1.5006
      Cm = -0.2233     CD =  0.01251   =>   CDf =  0.00578    CDp =  0.00673

 Side 1  free  transition at x/c =  0.5461   61
 Side 2  free  transition at x/c =  0.8457   63

  99   rms: 0.4842E+01   max: -.7658E+02   C at   63  2   RLX: 0.007
       a =  4.500      CL =  1.5004
      Cm = -0.2232     CD =  0.01250   =>   CDf =  0.00583    CDp =  0.00667

 Side 1  free  transition at x/c =  0.5461   61
 Side 2  free  transition at x/c =  0.8645   64

 100   rms: 0.5452E+01   max: -.8515E+02   C at   64  2   RLX: 0.006
       a =  4.500      CL =  1.5002
      Cm = -0.2231     CD =  0.01248   =>   CDf =  0.00581    CDp =  0.00667

 Side 1  free  transition at x/c =  0.5461   61
 Side 2  free  transition at x/c =  0.8833   65

 101   rms: 0.7288E+02   max: -.1092E+04   C at   65  2   RLX: 0.000
       a =  4.500      CL =  1.5002
      Cm = -0.2231     CD =  0.01246   =>   CDf =  0.00578    CDp =  0.00668

 Side 1  free  transition at x/c =  0.5461   61
 Side 2  free  transition at x/c =  0.8994   66

 102   rms: 0.5673E+01   max: 0.8158E+02   C at   66  2   RLX: 0.018
       a =  4.500      CL =  1.4992
      Cm = -0.2228     CD =  0.01249   =>   CDf =  0.00577    CDp =  0.00672

 Side 1  free  transition at x/c =  0.5460   61
 Side 2  free  transition at x/c =  0.8664   64

 103   rms: 0.5876E+01   max: -.9083E+02   C at   64  2   RLX: 0.006
       a =  4.500      CL =  1.4990
      Cm = -0.2227     CD =  0.01247   =>   CDf =  0.00580    CDp =  0.00667

 Side 1  free  transition at x/c =  0.5460   61
 Side 2  free  transition at x/c =  0.8852   65

 104   rms: 0.1974E+03   max: 0.2925E+04   C at   65  2   RLX: 0.001
       a =  4.500      CL =  1.4988
      Cm = -0.2227     CD =  0.01251   =>   CDf =  0.00578    CDp =  0.00673

 Side 1  free  transition at x/c =  0.5460   61
 Side 2  free  transition at x/c =  0.8393   63

 105   rms: 0.4345E+01   max: -.7208E+02   C at   63  2   RLX: 0.007
       a =  4.500      CL =  1.4986
      Cm = -0.2226     CD =  0.01250   =>   CDf =  0.00584    CDp =  0.00666

 Side 1  free  transition at x/c =  0.5460   61
 Side 2  free  transition at x/c =  0.8588   64

 106   rms: 0.4391E+01   max: -.7177E+02   C at   64  2   RLX: 0.007
       a =  4.500      CL =  1.4983
      Cm = -0.2225     CD =  0.01247   =>   CDf =  0.00581    CDp =  0.00666

 Side 1  free  transition at x/c =  0.5460   61
 Side 2  free  transition at x/c =  0.8781   65

 107   rms: 0.8755E+01   max: -.1375E+03   C at   65  2   RLX: 0.004
       a =  4.500      CL =  1.4982
      Cm = -0.2224     CD =  0.01246   =>   CDf =  0.00579    CDp =  0.00667

 Side 1  free  transition at x/c =  0.5460   61
 Side 2  free  transition at x/c =  0.8941   66

 108   rms: 0.6795E+01   max: 0.1018E+03   C at   66  2   RLX: 0.015
       a =  4.500      CL =  1.4974
      Cm = -0.2222     CD =  0.01250   =>   CDf =  0.00578    CDp =  0.00672

 Side 1  free  transition at x/c =  0.5459   61
 Side 2  free  transition at x/c =  0.8604   64

 109   rms: 0.5024E+01   max: -.8011E+02   C at   64  2   RLX: 0.006
       a =  4.500      CL =  1.4972
      Cm = -0.2221     CD =  0.01247   =>   CDf =  0.00581    CDp =  0.00666

 Side 1  free  transition at x/c =  0.5459   61
 Side 2  free  transition at x/c =  0.8795   65

 110   rms: 0.9648E+01   max: -.1502E+03   C at   65  2   RLX: 0.003
       a =  4.500      CL =  1.4971
      Cm = -0.2220     CD =  0.01245   =>   CDf =  0.00579    CDp =  0.00666

 Side 1  free  transition at x/c =  0.5459   61
 Side 2  free  transition at x/c =  0.8956   66

 111   rms: 0.6243E+01   max: 0.9248E+02   C at   66  2   RLX: 0.016
       a =  4.500      CL =  1.4963
      Cm = -0.2218     CD =  0.01249   =>   CDf =  0.00578    CDp =  0.00671

 Side 1  free  transition at x/c =  0.5459   61
 Side 2  free  transition at x/c =  0.8625   64

 112   rms: 0.5240E+01   max: -.8270E+02   C at   64  2   RLX: 0.006
       a =  4.500      CL =  1.4961
      Cm = -0.2217     CD =  0.01246   =>   CDf =  0.00581    CDp =  0.00665

 Side 1  free  transition at x/c =  0.5459   61
 Side 2  free  transition at x/c =  0.8813   65

 113   rms: 0.1130E+02   max: -.1740E+03   C at   65  2   RLX: 0.003
       a =  4.500      CL =  1.4960
      Cm = -0.2216     CD =  0.01245   =>   CDf =  0.00579    CDp =  0.00666

 Side 1  free  transition at x/c =  0.5459   61
 Side 2  free  transition at x/c =  0.8974   66

 114   rms: 0.5669E+01   max: 0.8283E+02   C at   66  2   RLX: 0.018
       a =  4.500      CL =  1.4951
      Cm = -0.2214     CD =  0.01248   =>   CDf =  0.00577    CDp =  0.00671

 Side 1  free  transition at x/c =  0.5458   61
 Side 2  free  transition at x/c =  0.8644   64

 115   rms: 0.5555E+01   max: -.8678E+02   C at   64  2   RLX: 0.006
       a =  4.500      CL =  1.4949
      Cm = -0.2213     CD =  0.01246   =>   CDf =  0.00581    CDp =  0.00665

 Side 1  free  transition at x/c =  0.5458   61
 Side 2  free  transition at x/c =  0.8832   65

 116   rms: 0.1730E+03   max: -.2594E+04   C at   65  2   RLX: 0.000
       a =  4.500      CL =  1.4950
      Cm = -0.2213     CD =  0.01244   =>   CDf =  0.00579    CDp =  0.00666

 Side 1  free  transition at x/c =  0.5458   61
 Side 2  free  transition at x/c =  0.8993   66

 117   rms: 0.5139E+01   max: 0.7399E+02   C at   66  2   RLX: 0.020
       a =  4.500      CL =  1.4939
      Cm = -0.2209     CD =  0.01248   =>   CDf =  0.00577    CDp =  0.00670

 Side 1  free  transition at x/c =  0.5458   61
 Side 2  free  transition at x/c =  0.8666   64

 118   rms: 0.6035E+01   max: -.9324E+02   C at   64  2   RLX: 0.005
       a =  4.500      CL =  1.4938
      Cm = -0.2209     CD =  0.01245   =>   CDf =  0.00581    CDp =  0.00665

 Side 1  free  transition at x/c =  0.5457   61
 Side 2  free  transition at x/c =  0.8852   65

 119   rms: 0.6824E+02   max: 0.1011E+04   C at   65  2   RLX: 0.001
       a =  4.500      CL =  1.4935
      Cm = -0.2208     CD =  0.01249   =>   CDf =  0.00579    CDp =  0.00671

 Side 1  free  transition at x/c =  0.5457   61
 Side 2  free  transition at x/c =  0.8392   63

 120   rms: 0.4371E+01   max: -.7254E+02   C at   63  2   RLX: 0.007
       a =  4.500      CL =  1.4933
      Cm = -0.2208     CD =  0.01248   =>   CDf =  0.00584    CDp =  0.00664

 Side 1  free  transition at x/c =  0.5457   61
 Side 2  free  transition at x/c =  0.8588   64

 121   rms: 0.4404E+01   max: -.7202E+02   C at   64  2   RLX: 0.007
       a =  4.500      CL =  1.4931
      Cm = -0.2207     CD =  0.01246   =>   CDf =  0.00582    CDp =  0.00664

 Side 1  free  transition at x/c =  0.5457   61
 Side 2  free  transition at x/c =  0.8779   65

 122   rms: 0.8910E+01   max: -.1400E+03   C at   65  2   RLX: 0.004
       a =  4.500      CL =  1.4931
      Cm = -0.2206     CD =  0.01244   =>   CDf =  0.00579    CDp =  0.00665

 Side 1  free  transition at x/c =  0.5457   61
 Side 2  free  transition at x/c =  0.8939   66

 123   rms: 0.6190E+01   max: 0.9289E+02   C at   66  2   RLX: 0.016
       a =  4.500      CL =  1.4923
      Cm = -0.2204     CD =  0.01248   =>   CDf =  0.00578    CDp =  0.00670

 Side 1  free  transition at x/c =  0.5457   61
 Side 2  free  transition at x/c =  0.8605   64

 124   rms: 0.5031E+01   max: -.8018E+02   C at   64  2   RLX: 0.006
       a =  4.500      CL =  1.4921
      Cm = -0.2203     CD =  0.01245   =>   CDf =  0.00581    CDp =  0.00664

 Side 1  free  transition at x/c =  0.5457   61
 Side 2  free  transition at x/c =  0.8795   65

 125   rms: 0.9837E+01   max: -.1531E+03   C at   65  2   RLX: 0.003
       a =  4.500      CL =  1.4920
      Cm = -0.2202     CD =  0.01243   =>   CDf =  0.00579    CDp =  0.00664

 Side 1  free  transition at x/c =  0.5456   61
 Side 2  free  transition at x/c =  0.8957   66

 126   rms: 0.5684E+01   max: 0.8417E+02   C at   66  2   RLX: 0.018
       a =  4.500      CL =  1.4911
      Cm = -0.2200     CD =  0.01247   =>   CDf =  0.00578    CDp =  0.00669

 Side 1  free  transition at x/c =  0.5456   61
 Side 2  free  transition at x/c =  0.8626   64

 127   rms: 0.5226E+01   max: -.8240E+02   C at   64  2   RLX: 0.006
       a =  4.500      CL =  1.4910
      Cm = -0.2199     CD =  0.01245   =>   CDf =  0.00581    CDp =  0.00663

 Side 1  free  transition at x/c =  0.5456   61
 Side 2  free  transition at x/c =  0.8814   65

 128   rms: 0.5516E+02   max: -.8359E+03   C at   65  2   RLX: 0.001
       a =  4.500      CL =  1.4910
      Cm = -0.2199     CD =  0.01243   =>   CDf =  0.00579    CDp =  0.00664

 Side 1  free  transition at x/c =  0.5456   61
 Side 2  free  transition at x/c =  0.8974   66

 129   rms: 0.5211E+01   max: 0.7611E+02   C at   66  2   RLX: 0.020
       a =  4.500      CL =  1.4901
      Cm = -0.2196     CD =  0.01247   =>   CDf =  0.00578    CDp =  0.00669

 Side 1  free  transition at x/c =  0.5456   61
 Side 2  free  transition at x/c =  0.8649   64

 130   rms: 0.5534E+01   max: -.8624E+02   C at   64  2   RLX: 0.006
       a =  4.500      CL =  1.4899
      Cm = -0.2195     CD =  0.01244   =>   CDf =  0.00581    CDp =  0.00663

 Side 1  free  transition at x/c =  0.5455   61
 Side 2  free  transition at x/c =  0.8835   65

 131   rms: 0.3532E+04   max: -.5285E+05   C at   65  2   RLX: 0.000
       a =  4.500      CL =  1.4900
      Cm = -0.2195     CD =  0.01243   =>   CDf =  0.00579    CDp =  0.00664

 Side 1  free  transition at x/c =  0.5455   61
 Side 2  free  transition at x/c =  0.8996   66

 132   rms: 0.4714E+01   max: 0.6769E+02   C at   66  2   RLX: 0.022
       a =  4.500      CL =  1.4890
      Cm = -0.2192     CD =  0.01246   =>   CDf =  0.00578    CDp =  0.00668

 Side 1  free  transition at x/c =  0.5455   61
 Side 2  free  transition at x/c =  0.8673   64

 133   rms: 0.6053E+01   max: -.9313E+02   C at   64  2   RLX: 0.005
       a =  4.500      CL =  1.4889
      Cm = -0.2191     CD =  0.01244   =>   CDf =  0.00581    CDp =  0.00663

 Side 1  free  transition at x/c =  0.5455   61
 Side 2  free  transition at x/c =  0.8857   65

 134   rms: 0.4392E+02   max: 0.6488E+03   C at   65  2   RLX: 0.002
       a =  4.500      CL =  1.4886
      Cm = -0.2191     CD =  0.01248   =>   CDf =  0.00579    CDp =  0.00669

 Side 1  free  transition at x/c =  0.5455   61
 Side 2  free  transition at x/c =  0.8398   63

 135   rms: 0.4273E+01   max: -.7066E+02   C at   63  2   RLX: 0.007
       a =  4.500      CL =  1.4884
      Cm = -0.2190     CD =  0.01246   =>   CDf =  0.00584    CDp =  0.00662

 Side 1  free  transition at x/c =  0.5455   61
 Side 2  free  transition at x/c =  0.8594   64

 136   rms: 0.4278E+01   max: -.6971E+02   C at   64  2   RLX: 0.007
       a =  4.500      CL =  1.4883
      Cm = -0.2189     CD =  0.01244   =>   CDf =  0.00582    CDp =  0.00662

 Side 1  free  transition at x/c =  0.5455   61
 Side 2  free  transition at x/c =  0.8782   65

 137   rms: 0.8669E+01   max: -.1359E+03   C at   65  2   RLX: 0.004
       a =  4.500      CL =  1.4882
      Cm = -0.2189     CD =  0.01242   =>   CDf =  0.00580    CDp =  0.00662

 Side 1  free  transition at x/c =  0.5454   61
 Side 2  free  transition at x/c =  0.8942   66

 138   rms: 0.5774E+01   max: 0.8640E+02   C at   66  2   RLX: 0.017
       a =  4.500      CL =  1.4874
      Cm = -0.2186     CD =  0.01246   =>   CDf =  0.00578    CDp =  0.00668

 Side 1  free  transition at x/c =  0.5454   61
 Side 2  free  transition at x/c =  0.8612   64

 139   rms: 0.4800E+01   max: -.7623E+02   C at   64  2   RLX: 0.007
       a =  4.500      CL =  1.4873
      Cm = -0.2186     CD =  0.01244   =>   CDf =  0.00582    CDp =  0.00662

 Side 1  free  transition at x/c =  0.5454   61
 Side 2  free  transition at x/c =  0.8800   65

 140   rms: 0.9395E+01   max: -.1457E+03   C at   65  2   RLX: 0.003
       a =  4.500      CL =  1.4872
      Cm = -0.2185     CD =  0.01242   =>   CDf =  0.00580    CDp =  0.00662

 Side 1  free  transition at x/c =  0.5454   61
 Side 2  free  transition at x/c =  0.8960   66

 141   rms: 0.5362E+01   max: 0.7910E+02   C at   66  2   RLX: 0.019
       a =  4.500      CL =  1.4864
      Cm = -0.2183     CD =  0.01246   =>   CDf =  0.00578    CDp =  0.00667

 Side 1  free  transition at x/c =  0.5453   61
 Side 2  free  transition at x/c =  0.8635   64

 142   rms: 0.4917E+01   max: -.7716E+02   C at   64  2   RLX: 0.006
       a =  4.500      CL =  1.4862
      Cm = -0.2182     CD =  0.01243   =>   CDf =  0.00582    CDp =  0.00661

 Side 1  free  transition at x/c =  0.5453   61
 Side 2  free  transition at x/c =  0.8820   65

 143   rms: 0.4494E+02   max: -.6780E+03   C at   65  2   RLX: 0.001
       a =  4.500      CL =  1.4863
      Cm = -0.2182     CD =  0.01241   =>   CDf =  0.00580    CDp =  0.00662

 Side 1  free  transition at x/c =  0.5453   61
 Side 2  free  transition at x/c =  0.8979   66

 144   rms: 0.4943E+01   max: 0.7182E+02   C at   66  2   RLX: 0.021
       a =  4.500      CL =  1.4854
      Cm = -0.2179     CD =  0.01245   =>   CDf =  0.00578    CDp =  0.00667

 Side 1  free  transition at x/c =  0.5453   61
 Side 2  free  transition at x/c =  0.8658   64

 145   rms: 0.5143E+01   max: -.7975E+02   C at   64  2   RLX: 0.006
       a =  4.500      CL =  1.4852
      Cm = -0.2178     CD =  0.01242   =>   CDf =  0.00581    CDp =  0.00661

 Side 1  free  transition at x/c =  0.5453   61
 Side 2  free  transition at x/c =  0.8841   65

 146   rms: 0.2000E+03   max: -.2979E+04   C at   65  2   RLX: 0.000
       a =  4.500      CL =  1.4853
      Cm = -0.2178     CD =  0.01241   =>   CDf =  0.00580    CDp =  0.00661

 Side 1  free  transition at x/c =  0.5453   61
 Side 2  free  transition at x/c =  0.9001   66

 147   rms: 0.3364E+01   max: 0.4753E+02   C at   66  2   RLX: 0.032
       a =  4.500      CL =  1.4841
      Cm = -0.2174     CD =  0.01244   =>   CDf =  0.00578    CDp =  0.00666

 Side 1  free  transition at x/c =  0.5452   61
 Side 2  free  transition at x/c =  0.8681   64

 148   rms: 0.6540E+01   max: -.1002E+03   C at   64  2   RLX: 0.005
       a =  4.500      CL =  1.4840
      Cm = -0.2174     CD =  0.01242   =>   CDf =  0.00581    CDp =  0.00661

 Side 1  free  transition at x/c =  0.5452   61
 Side 2  free  transition at x/c =  0.8863   65

 149   rms: 0.2146E+02   max: 0.3156E+03   C at   65  2   RLX: 0.005
       a =  4.500      CL =  1.4836
      Cm = -0.2173     CD =  0.01246   =>   CDf =  0.00579    CDp =  0.00667

 Side 1  free  transition at x/c =  0.5452   61
 Side 2  free  transition at x/c =  0.8409   63

 150   rms: 0.3709E+01   max: -.6097E+02   C at   63  2   RLX: 0.008
       a =  4.500      CL =  1.4835
      Cm = -0.2172     CD =  0.01245   =>   CDf =  0.00585    CDp =  0.00660

 Side 1  free  transition at x/c =  0.5452   61
 Side 2  free  transition at x/c =  0.8603   64

 151   rms: 0.4904E+01   max: -.7823E+02   C at   64  2   RLX: 0.006
       a =  4.500      CL =  1.4834
      Cm = -0.2172     CD =  0.01243   =>   CDf =  0.00582    CDp =  0.00660

 Side 1  free  transition at x/c =  0.5452   61
 Side 2  free  transition at x/c =  0.8788   65

 152   rms: 0.9797E+01   max: -.1529E+03   C at   65  2   RLX: 0.003
       a =  4.500      CL =  1.4833
      Cm = -0.2171     CD =  0.01241   =>   CDf =  0.00580    CDp =  0.00660

 Side 1  free  transition at x/c =  0.5452   61
 Side 2  free  transition at x/c =  0.8949   66

 153   rms: 0.4944E+01   max: 0.7356E+02   C at   66  2   RLX: 0.020
       a =  4.500      CL =  1.4825
      Cm = -0.2169     CD =  0.01245   =>   CDf =  0.00579    CDp =  0.00666

 Side 1  free  transition at x/c =  0.5451   61
 Side 2  free  transition at x/c =  0.8621   64

 154   rms: 0.4828E+01   max: -.7626E+02   C at   64  2   RLX: 0.007
       a =  4.500      CL =  1.4824
      Cm = -0.2168     CD =  0.01242   =>   CDf =  0.00582    CDp =  0.00660

 Side 1  free  transition at x/c =  0.5451   61
 Side 2  free  transition at x/c =  0.8806   65

 155   rms: 0.4430E+02   max: -.6730E+03   C at   65  2   RLX: 0.001
       a =  4.500      CL =  1.4824
      Cm = -0.2168     CD =  0.01240   =>   CDf =  0.00580    CDp =  0.00660

 Side 1  free  transition at x/c =  0.5451   61
 Side 2  free  transition at x/c =  0.8969   66

 156   rms: 0.4679E+01   max: 0.6852E+02   C at   66  2   RLX: 0.022
       a =  4.500      CL =  1.4816
      Cm = -0.2165     CD =  0.01244   =>   CDf =  0.00579    CDp =  0.00665

 Side 1  free  transition at x/c =  0.5451   61
 Side 2  free  transition at x/c =  0.8646   64

 157   rms: 0.4897E+01   max: -.7634E+02   C at   64  2   RLX: 0.007
       a =  4.500      CL =  1.4814
      Cm = -0.2164     CD =  0.01241   =>   CDf =  0.00582    CDp =  0.00659

 Side 1  free  transition at x/c =  0.5451   61
 Side 2  free  transition at x/c =  0.8828   65

 158   rms: 0.9185E+02   max: -.1378E+04   C at   65  2   RLX: 0.000
       a =  4.500      CL =  1.4815
      Cm = -0.2164     CD =  0.01240   =>   CDf =  0.00580    CDp =  0.00660

 Side 1  free  transition at x/c =  0.5451   61
 Side 2  free  transition at x/c =  0.8989   66

 159   rms: 0.4352E+01   max: 0.6270E+02   C at   66  2   RLX: 0.024
       a =  4.500      CL =  1.4806
      Cm = -0.2162     CD =  0.01244   =>   CDf =  0.00579    CDp =  0.00665

 Side 1  free  transition at x/c =  0.5450   61
 Side 2  free  transition at x/c =  0.8669   64

 160   rms: 0.5141E+01   max: -.7918E+02   C at   64  2   RLX: 0.006
       a =  4.500      CL =  1.4805
      Cm = -0.2161     CD =  0.01241   =>   CDf =  0.00582    CDp =  0.00659

 Side 1  free  transition at x/c =  0.5450   61
 Side 2  free  transition at x/c =  0.8850   65

 161   rms: 0.1184E+03   max: 0.1753E+04   C at   65  2   RLX: 0.001
       a =  4.500      CL =  1.4802
      Cm = -0.2160     CD =  0.01245   =>   CDf =  0.00580    CDp =  0.00665

 Side 1  free  transition at x/c =  0.5450   61
 Side 2  free  transition at x/c =  0.8394   63

 162   rms: 0.3090E+01   max: -.5113E+02   C at   63  2   RLX: 0.010
       a =  4.500      CL =  1.4800
      Cm = -0.2160     CD =  0.01243   =>   CDf =  0.00586    CDp =  0.00658

 Side 1  free  transition at x/c =  0.5450   61
 Side 2  free  transition at x/c =  0.8591   64

 163   rms: 0.2973E+01   max: -.4848E+02   C at   64  2   RLX: 0.010
       a =  4.500      CL =  1.4798
      Cm = -0.2159     CD =  0.01241   =>   CDf =  0.00583    CDp =  0.00658

 Side 1  free  transition at x/c =  0.5450   61
 Side 2  free  transition at x/c =  0.8776   65

 164   rms: 0.6111E+01   max: -.9595E+02   C at   65  2   RLX: 0.005
       a =  4.500      CL =  1.4798
      Cm = -0.2158     CD =  0.01239   =>   CDf =  0.00581    CDp =  0.00658

 Side 1  free  transition at x/c =  0.5450   61
 Side 2  free  transition at x/c =  0.8935   66

 165   rms: 0.6344E+01   max: 0.9520E+02   C at   66  2   RLX: 0.016
       a =  4.500      CL =  1.4792
      Cm = -0.2156     CD =  0.01244   =>   CDf =  0.00580    CDp =  0.00664

 Side 1  free  transition at x/c =  0.5450   61
 Side 2  free  transition at x/c =  0.8607   64

 166   rms: 0.3058E+01   max: -.4863E+02   C at   64  2   RLX: 0.010
       a =  4.500      CL =  1.4789
      Cm = -0.2155     CD =  0.01241   =>   CDf =  0.00583    CDp =  0.00658

 Side 1  free  transition at x/c =  0.5449   61
 Side 2  free  transition at x/c =  0.8792   65

 167   rms: 0.1093E+02   max: -.1673E+03   C at   65  2   RLX: 0.003
       a =  4.500      CL =  1.4789
      Cm = -0.2155     CD =  0.01239   =>   CDf =  0.00581    CDp =  0.00658

 Side 1  free  transition at x/c =  0.5449   61
 Side 2  free  transition at x/c =  0.8952   66

 168   rms: 0.6353E+01   max: 0.9410E+02   C at   66  2   RLX: 0.016
       a =  4.500      CL =  1.4783
      Cm = -0.2153     CD =  0.01243   =>   CDf =  0.00580    CDp =  0.00664

 Side 1  free  transition at x/c =  0.5449   61
 Side 2  free  transition at x/c =  0.8629   64

 169   rms: 0.2973E+01   max: -.4675E+02   C at   64  2   RLX: 0.011
       a =  4.500      CL =  1.4780
      Cm = -0.2152     CD =  0.01240   =>   CDf =  0.00583    CDp =  0.00657

 Side 1  free  transition at x/c =  0.5449   61
 Side 2  free  transition at x/c =  0.8812   65

 170   rms: 0.1109E+02   max: -.1678E+03   C at   65  2   RLX: 0.003
       a =  4.500      CL =  1.4780
      Cm = -0.2152     CD =  0.01239   =>   CDf =  0.00581    CDp =  0.00657

 Side 1  free  transition at x/c =  0.5449   61
 Side 2  free  transition at x/c =  0.8973   66

 171   rms: 0.5953E+01   max: 0.8672E+02   C at   66  2   RLX: 0.017
       a =  4.500      CL =  1.4774
      Cm = -0.2150     CD =  0.01243   =>   CDf =  0.00580    CDp =  0.00663

 Side 1  free  transition at x/c =  0.5449   61
 Side 2  free  transition at x/c =  0.8653   64

 172   rms: 0.3009E+01   max: -.4669E+02   C at   64  2   RLX: 0.011
       a =  4.500      CL =  1.4772
      Cm = -0.2148     CD =  0.01240   =>   CDf =  0.00583    CDp =  0.00657

 Side 1  free  transition at x/c =  0.5448   61
 Side 2  free  transition at x/c =  0.8834   65

 173   rms: 0.1337E+02   max: -.1995E+03   C at   65  2   RLX: 0.003
       a =  4.500      CL =  1.4772
      Cm = -0.2148     CD =  0.01238   =>   CDf =  0.00581    CDp =  0.00657

 Side 1  free  transition at x/c =  0.5448   61
 Side 2  free  transition at x/c =  0.8993   66

 174   rms: 0.3598E+01   max: 0.5100E+02   C at   66  2   RLX: 0.029
       a =  4.500      CL =  1.4762
      Cm = -0.2145     CD =  0.01241   =>   CDf =  0.00580    CDp =  0.00662

 Side 1  free  transition at x/c =  0.5448   61
 Side 2  free  transition at x/c =  0.8675   64

 175   rms: 0.4445E+01   max: -.6816E+02   C at   64  2   RLX: 0.007
       a =  4.500      CL =  1.4762
      Cm = -0.2145     CD =  0.01240   =>   CDf =  0.00583    CDp =  0.00657

 Side 1  free  transition at x/c =  0.5448   61
 Side 2  free  transition at x/c =  0.8856   65

 176   rms: 0.1050E+03   max: -.1548E+04   C at   65  2   RLX: 0.000
       a =  4.500      CL =  1.4763
      Cm = -0.2145     CD =  0.01238   =>   CDf =  0.00581    CDp =  0.00657

 Side 1  free  transition at x/c =  0.5448   61
 Side 2  free  transition at x/c =  0.9014   66

 177   rms: 0.3079E+01   max: 0.4295E+02   C at   66  2   RLX: 0.035
       a =  4.500      CL =  1.4752
      Cm = -0.2141     CD =  0.01241   =>   CDf =  0.00580    CDp =  0.00662

 Side 1  free  transition at x/c =  0.5447   61
 Side 2  free  transition at x/c =  0.8694   64

 178   rms: 0.5989E+01   max: -.9089E+02   C at   64  2   RLX: 0.006
       a =  4.500      CL =  1.4752
      Cm = -0.2141     CD =  0.01240   =>   CDf =  0.00583    CDp =  0.00657

 Side 1  free  transition at x/c =  0.5447   61
 Side 2  free  transition at x/c =  0.8873   65

 179   rms: 0.1725E+02   max: 0.2516E+03   C at   65  2   RLX: 0.006
       a =  4.500      CL =  1.4748
      Cm = -0.2140     CD =  0.01244   =>   CDf =  0.00581    CDp =  0.00663

 Side 1  free  transition at x/c =  0.5447   61
 Side 2  free  transition at x/c =  0.8424   63

 180   rms: 0.3252E+01   max: -.5216E+02   C at   63  2   RLX: 0.010
       a =  4.500      CL =  1.4747
      Cm = -0.2140     CD =  0.01242   =>   CDf =  0.00586    CDp =  0.00656

 Side 1  free  transition at x/c =  0.5447   61
 Side 2  free  transition at x/c =  0.8615   64

 181   rms: 0.3341E+01   max: -.5286E+02   C at   64  2   RLX: 0.009
       a =  4.500      CL =  1.4745
      Cm = -0.2139     CD =  0.01240   =>   CDf =  0.00584    CDp =  0.00656

 Side 1  free  transition at x/c =  0.5447   61
 Side 2  free  transition at x/c =  0.8799   65

 182   rms: 0.2263E+02   max: -.3448E+03   C at   65  2   RLX: 0.001
       a =  4.500      CL =  1.4746
      Cm = -0.2139     CD =  0.01238   =>   CDf =  0.00582    CDp =  0.00657

 Side 1  free  transition at x/c =  0.5447   61
 Side 2  free  transition at x/c =  0.8960   66

 183   rms: 0.4603E+01   max: 0.6775E+02   C at   66  2   RLX: 0.022
       a =  4.500      CL =  1.4739
      Cm = -0.2137     CD =  0.01243   =>   CDf =  0.00581    CDp =  0.00662

 Side 1  free  transition at x/c =  0.5447   61
 Side 2  free  transition at x/c =  0.8639   64

 184   rms: 0.3244E+01   max: -.5067E+02   C at   64  2   RLX: 0.010
       a =  4.500      CL =  1.4737
      Cm = -0.2136     CD =  0.01240   =>   CDf =  0.00584    CDp =  0.00656

 Side 1  free  transition at x/c =  0.5446   61
 Side 2  free  transition at x/c =  0.8822   65

 185   rms: 0.2400E+02   max: -.3607E+03   C at   65  2   RLX: 0.001
       a =  4.500      CL =  1.4738
      Cm = -0.2136     CD =  0.01238   =>   CDf =  0.00582    CDp =  0.00656

 Side 1  free  transition at x/c =  0.5446   61
 Side 2  free  transition at x/c =  0.8984   66

 186   rms: 0.4383E+01   max: 0.6330E+02   C at   66  2   RLX: 0.024
       a =  4.500      CL =  1.4730
      Cm = -0.2133     CD =  0.01242   =>   CDf =  0.00581    CDp =  0.00661

 Side 1  free  transition at x/c =  0.5446   61
 Side 2  free  transition at x/c =  0.8666   64

 187   rms: 0.4177E+01   max: -.6431E+02   C at   64  2   RLX: 0.008
       a =  4.500      CL =  1.4729
      Cm = -0.2132     CD =  0.01239   =>   CDf =  0.00584    CDp =  0.00655

 Side 1  free  transition at x/c =  0.5446   61
 Side 2  free  transition at x/c =  0.8847   65

 188   rms: 0.4645E+02   max: -.6877E+03   C at   65  2   RLX: 0.001
       a =  4.500      CL =  1.4730
      Cm = -0.2132     CD =  0.01237   =>   CDf =  0.00582    CDp =  0.00655

 Side 1  free  transition at x/c =  0.5446   61
 Side 2  free  transition at x/c =  0.9007   66

 189   rms: 0.3003E+01   max: 0.4212E+02   C at   66  2   RLX: 0.036
       a =  4.500      CL =  1.4720
      Cm = -0.2129     CD =  0.01241   =>   CDf =  0.00581    CDp =  0.00660

 Side 1  free  transition at x/c =  0.5445   61
 Side 2  free  transition at x/c =  0.8689   64

 190   rms: 0.5658E+01   max: -.8607E+02   C at   64  2   RLX: 0.006
       a =  4.500      CL =  1.4720
      Cm = -0.2129     CD =  0.01239   =>   CDf =  0.00584    CDp =  0.00655

 Side 1  free  transition at x/c =  0.5445   61
 Side 2  free  transition at x/c =  0.8868   65

 191   rms: 0.1881E+02   max: 0.2750E+03   C at   65  2   RLX: 0.005
       a =  4.500      CL =  1.4716
      Cm = -0.2128     CD =  0.01244   =>   CDf =  0.00582    CDp =  0.00662

 Side 1  free  transition at x/c =  0.5445   61
 Side 2  free  transition at x/c =  0.8417   63

 192   rms: 0.2875E+01   max: -.4698E+02   C at   63  2   RLX: 0.011
       a =  4.500      CL =  1.4715
      Cm = -0.2128     CD =  0.01242   =>   CDf =  0.00587    CDp =  0.00655

 Side 1  free  transition at x/c =  0.5445   61
 Side 2  free  transition at x/c =  0.8608   64

 193   rms: 0.3018E+01   max: -.4789E+02   C at   64  2   RLX: 0.010
       a =  4.500      CL =  1.4714
      Cm = -0.2127     CD =  0.01240   =>   CDf =  0.00585    CDp =  0.00655

 Side 1  free  transition at x/c =  0.5445   61
 Side 2  free  transition at x/c =  0.8792   65

 194   rms: 0.1502E+02   max: -.2295E+03   C at   65  2   RLX: 0.002
       a =  4.500      CL =  1.4714
      Cm = -0.2127     CD =  0.01238   =>   CDf =  0.00583    CDp =  0.00655

 Side 1  free  transition at x/c =  0.5445   61
 Side 2  free  transition at x/c =  0.8953   66

 195   rms: 0.4950E+01   max: 0.7321E+02   C at   66  2   RLX: 0.020
       a =  4.500      CL =  1.4708
      Cm = -0.2125     CD =  0.01242   =>   CDf =  0.00581    CDp =  0.00661

 Side 1  free  transition at x/c =  0.5445   61
 Side 2  free  transition at x/c =  0.8629   64

 196   rms: 0.2876E+01   max: -.4514E+02   C at   64  2   RLX: 0.011
       a =  4.500      CL =  1.4706
      Cm = -0.2124     CD =  0.01239   =>   CDf =  0.00585    CDp =  0.00654

 Side 1  free  transition at x/c =  0.5445   61
 Side 2  free  transition at x/c =  0.8811   65

 197   rms: 0.1358E+02   max: -.2052E+03   C at   65  2   RLX: 0.002
       a =  4.500      CL =  1.4707
      Cm = -0.2124     CD =  0.01237   =>   CDf =  0.00583    CDp =  0.00654

 Side 1  free  transition at x/c =  0.5445   61
 Side 2  free  transition at x/c =  0.8972   66

 198   rms: 0.4939E+01   max: 0.7193E+02   C at   66  2   RLX: 0.021
       a =  4.500      CL =  1.4701
      Cm = -0.2122     CD =  0.01242   =>   CDf =  0.00582    CDp =  0.00660

 Side 1  free  transition at x/c =  0.5444   61
 Side 2  free  transition at x/c =  0.8650   64

 199   rms: 0.2872E+01   max: -.4455E+02   C at   64  2   RLX: 0.011
       a =  4.500      CL =  1.4699
      Cm = -0.2121     CD =  0.01239   =>   CDf =  0.00585    CDp =  0.00654

 Side 1  free  transition at x/c =  0.5444   61
 Side 2  free  transition at x/c =  0.8830   65

 200   rms: 0.1542E+02   max: -.2303E+03   C at   65  2   RLX: 0.002
       a =  4.500      CL =  1.4699
      Cm = -0.2121     CD =  0.01237   =>   CDf =  0.00583    CDp =  0.00654

 Side 1  free  transition at x/c =  0.5444   61
 Side 2  free  transition at x/c =  0.8991   66

 201   rms: 0.1403E+02   max: 0.1990E+03   C at   66  2   RLX: 0.008
       a =  4.500      CL =  1.4696
      Cm = -0.2120     CD =  0.01241   =>   CDf =  0.00582    CDp =  0.00659

 Side 1  free  transition at x/c =  0.5444   61
 Side 2  free  transition at x/c =  0.8669   64

 202   rms: 0.3971E+01   max: -.6101E+02   C at   64  2   RLX: 0.008
       a =  4.500      CL =  1.4696
      Cm = -0.2120     CD =  0.01239   =>   CDf =  0.00585    CDp =  0.00654

 Side 1  free  transition at x/c =  0.5444   61
 Side 2  free  transition at x/c =  0.8848   65

 203   rms: 0.3452E+02   max: -.5103E+03   C at   65  2   RLX: 0.001
       a =  4.500      CL =  1.4697
      Cm = -0.2120     CD =  0.01237   =>   CDf =  0.00583    CDp =  0.00654

 Side 1  free  transition at x/c =  0.5444   61
 Side 2  free  transition at x/c =  0.9010   66

 204   rms: 0.1137E+02   max: 0.1590E+03   C at   66  2   RLX: 0.009
       a =  4.500      CL =  1.4693
      Cm = -0.2119     CD =  0.01241   =>   CDf =  0.00582    CDp =  0.00659

 Side 1  free  transition at x/c =  0.5444   61
 Side 2  free  transition at x/c =  0.8687   64

 205   rms: 0.4473E+01   max: -.6806E+02   C at   64  2   RLX: 0.007
       a =  4.500      CL =  1.4693
      Cm = -0.2119     CD =  0.01239   =>   CDf =  0.00585    CDp =  0.00654

 Side 1  free  transition at x/c =  0.5444   61
 Side 2  free  transition at x/c =  0.8867   65

 206   rms: 0.1052E+03   max: 0.1539E+04   C at   65  2   RLX: 0.001
       a =  4.500      CL =  1.4690
      Cm = -0.2119     CD =  0.01244   =>   CDf =  0.00583    CDp =  0.00661

 Side 1  free  transition at x/c =  0.5444   61
 Side 2  free  transition at x/c =  0.8415   63

 207   rms: 0.2501E+01   max: -.4090E+02   C at   63  2   RLX: 0.012
       a =  4.500      CL =  1.4689
      Cm = -0.2118     CD =  0.01242   =>   CDf =  0.00588    CDp =  0.00654

 Side 1  free  transition at x/c =  0.5444   61
 Side 2  free  transition at x/c =  0.8605   64

 208   rms: 0.2552E+01   max: -.4055E+02   C at   64  2   RLX: 0.012
       a =  4.500      CL =  1.4688
      Cm = -0.2117     CD =  0.01239   =>   CDf =  0.00586    CDp =  0.00654

 Side 1  free  transition at x/c =  0.5444   61
 Side 2  free  transition at x/c =  0.8788   65

 209   rms: 0.4900E+01   max: -.7623E+02   C at   65  2   RLX: 0.007
       a =  4.500      CL =  1.4688
      Cm = -0.2117     CD =  0.01237   =>   CDf =  0.00584    CDp =  0.00654

 Side 1  free  transition at x/c =  0.5444   61
 Side 2  free  transition at x/c =  0.8950   66

 210   rms: 0.6598E+01   max: 0.9776E+02   C at   66  2   RLX: 0.015
       a =  4.500      CL =  1.4683
      Cm = -0.2116     CD =  0.01242   =>   CDf =  0.00582    CDp =  0.00660

 Side 1  free  transition at x/c =  0.5443   61
 Side 2  free  transition at x/c =  0.8624   64

 211   rms: 0.2448E+01   max: -.3850E+02   C at   64  2   RLX: 0.013
       a =  4.500      CL =  1.4681
      Cm = -0.2115     CD =  0.01239   =>   CDf =  0.00586    CDp =  0.00653

 Side 1  free  transition at x/c =  0.5443   61
 Side 2  free  transition at x/c =  0.8806   65

 212   rms: 0.7810E+01   max: -.1183E+03   C at   65  2   RLX: 0.004
       a =  4.500      CL =  1.4681
      Cm = -0.2114     CD =  0.01237   =>   CDf =  0.00584    CDp =  0.00653

 Side 1  free  transition at x/c =  0.5443   61
 Side 2  free  transition at x/c =  0.8968   66

 213   rms: 0.1615E+02   max: -.2359E+03   C at   66  2   RLX: 0.002
       a =  4.500      CL =  1.4682
      Cm = -0.2114     CD =  0.01236   =>   CDf =  0.00583    CDp =  0.00653

 Side 1  free  transition at x/c =  0.5443   61
 Side 2  free  transition at x/c =  0.9079   66

 214   rms: 0.1923E+02   max: 0.2537E+03   C at   66  2   RLX: 0.006
       a =  4.500      CL =  1.4679
      Cm = -0.2114     CD =  0.01239   =>   CDf =  0.00582    CDp =  0.00657

 Side 1  free  transition at x/c =  0.5443   61
 Side 2  free  transition at x/c =  0.8764   65

 215   rms: 0.3655E+01   max: -.5764E+02   C at   65  2   RLX: 0.009
       a =  4.500      CL =  1.4680
      Cm = -0.2114     CD =  0.01237   =>   CDf =  0.00584    CDp =  0.00653

 Side 1  free  transition at x/c =  0.5443   61
 Side 2  free  transition at x/c =  0.8930   66

 216   rms: 0.1298E+02   max: 0.1957E+03   C at   66  2   RLX: 0.008
       a =  4.500      CL =  1.4676
      Cm = -0.2114     CD =  0.01242   =>   CDf =  0.00583    CDp =  0.00660

 Side 1  free  transition at x/c =  0.5443   61
 Side 2  free  transition at x/c =  0.8592   64

 217   rms: 0.2119E+01   max: -.3387E+02   C at   64  2   RLX: 0.015
       a =  4.500      CL =  1.4674
      Cm = -0.2112     CD =  0.01239   =>   CDf =  0.00586    CDp =  0.00653

 Side 1  free  transition at x/c =  0.5443   61
 Side 2  free  transition at x/c =  0.8777   65

 218   rms: 0.3465E+01   max: -.5424E+02   C at   65  2   RLX: 0.009
       a =  4.500      CL =  1.4674
      Cm = -0.2112     CD =  0.01237   =>   CDf =  0.00584    CDp =  0.00652

 Side 1  free  transition at x/c =  0.5443   61
 Side 2  free  transition at x/c =  0.8943   66

 219   rms: 0.7856E+01   max: -.1172E+03   C at   66  2   RLX: 0.004
       a =  4.500      CL =  1.4674
      Cm = -0.2112     CD =  0.01236   =>   CDf =  0.00583    CDp =  0.00652

 Side 1  free  transition at x/c =  0.5443   61
 Side 2  free  transition at x/c =  0.9059   66

 220   rms: 0.5153E+02   max: 0.6927E+03   C at   66  2   RLX: 0.002
       a =  4.500      CL =  1.4672
      Cm = -0.2112     CD =  0.01239   =>   CDf =  0.00583    CDp =  0.00657

 Side 1  free  transition at x/c =  0.5443   61
 Side 2  free  transition at x/c =  0.8735   64

 221   rms: 0.2760E+01   max: -.4038E+02   C at   64  2   RLX: 0.012
       a =  4.500      CL =  1.4672
      Cm = -0.2112     CD =  0.01237   =>   CDf =  0.00585    CDp =  0.00653

 Side 1  free  transition at x/c =  0.5443   61
 Side 2  free  transition at x/c =  0.8911   65

 222   rms: 0.7119E+01   max: -.1002E+03   C at   65  2   RLX: 0.005
       a =  4.500      CL =  1.4672
      Cm = -0.2112     CD =  0.01236   =>   CDf =  0.00583    CDp =  0.00653

 Side 1  free  transition at x/c =  0.5442   61
 Side 2  free  transition at x/c =  0.9069   66

 223   rms: 0.3334E+02   max: 0.4457E+03   C at   66  2   RLX: 0.003
       a =  4.500      CL =  1.4670
      Cm = -0.2111     CD =  0.01239   =>   CDf =  0.00582    CDp =  0.00657

 Side 1  free  transition at x/c =  0.5442   61
 Side 2  free  transition at x/c =  0.8737   64

 224   rms: 0.2860E+01   max: -.4178E+02   C at   64  2   RLX: 0.012
       a =  4.500      CL =  1.4670
      Cm = -0.2111     CD =  0.01238   =>   CDf =  0.00585    CDp =  0.00653

 Side 1  free  transition at x/c =  0.5442   61
 Side 2  free  transition at x/c =  0.8913   65

 225   rms: 0.7734E+01   max: -.1087E+03   C at   65  2   RLX: 0.005
       a =  4.500      CL =  1.4670
      Cm = -0.2111     CD =  0.01236   =>   CDf =  0.00583    CDp =  0.00653

 Side 1  free  transition at x/c =  0.5442   61
 Side 2  free  transition at x/c =  0.9071   66

 226   rms: 0.2723E+02   max: 0.3640E+03   C at   66  2   RLX: 0.004
       a =  4.500      CL =  1.4667
      Cm = -0.2110     CD =  0.01239   =>   CDf =  0.00582    CDp =  0.00657

 Side 1  free  transition at x/c =  0.5442   61
 Side 2  free  transition at x/c =  0.8732   64

 227   rms: 0.2902E+01   max: -.4251E+02   C at   64  2   RLX: 0.012
       a =  4.500      CL =  1.4668
      Cm = -0.2111     CD =  0.01238   =>   CDf =  0.00585    CDp =  0.00653

 Side 1  free  transition at x/c =  0.5442   61
 Side 2  free  transition at x/c =  0.8908   65

 228   rms: 0.4354E+02   max: 0.6136E+03   C at   65  2   RLX: 0.002
       a =  4.500      CL =  1.4664
      Cm = -0.2110     CD =  0.01242   =>   CDf =  0.00583    CDp =  0.00659

 Side 1  free  transition at x/c =  0.5442   61
 Side 2  free  transition at x/c =  0.8458   63

 229   rms: 0.2211E+01   max: -.3481E+02   C at   63  2   RLX: 0.014
       a =  4.500      CL =  1.4664
      Cm = -0.2110     CD =  0.01241   =>   CDf =  0.00588    CDp =  0.00653

 Side 1  free  transition at x/c =  0.5442   61
 Side 2  free  transition at x/c =  0.8645   64

 230   rms: 0.2278E+01   max: -.3541E+02   C at   64  2   RLX: 0.014
       a =  4.500      CL =  1.4663
      Cm = -0.2109     CD =  0.01239   =>   CDf =  0.00586    CDp =  0.00653

 Side 1  free  transition at x/c =  0.5442   61
 Side 2  free  transition at x/c =  0.8826   65

 231   rms: 0.6642E+01   max: -.9946E+02   C at   65  2   RLX: 0.005
       a =  4.500      CL =  1.4663
      Cm = -0.2109     CD =  0.01237   =>   CDf =  0.00584    CDp =  0.00653

 Side 1  free  transition at x/c =  0.5442   61
 Side 2  free  transition at x/c =  0.8987   66

 232   rms: 0.5884E+02   max: 0.8395E+03   C at   66  2   RLX: 0.002
       a =  4.500      CL =  1.4661
      Cm = -0.2108     CD =  0.01241   =>   CDf =  0.00583    CDp =  0.00658

 Side 1  free  transition at x/c =  0.5442   61
 Side 2  free  transition at x/c =  0.8646   64

 233   rms: 0.2349E+01   max: -.3650E+02   C at   64  2   RLX: 0.014
       a =  4.500      CL =  1.4660
      Cm = -0.2108     CD =  0.01239   =>   CDf =  0.00586    CDp =  0.00653

 Side 1  free  transition at x/c =  0.5442   61
 Side 2  free  transition at x/c =  0.8827   65

 234   rms: 0.7396E+01   max: -.1107E+03   C at   65  2   RLX: 0.005
       a =  4.500      CL =  1.4661
      Cm = -0.2108     CD =  0.01237   =>   CDf =  0.00584    CDp =  0.00654

 Side 1  free  transition at x/c =  0.5442   61
 Side 2  free  transition at x/c =  0.8990   66

 235   rms: 0.3447E+02   max: 0.4909E+03   C at   66  2   RLX: 0.003
       a =  4.500      CL =  1.4658
      Cm = -0.2108     CD =  0.01241   =>   CDf =  0.00583    CDp =  0.00658

 Side 1  free  transition at x/c =  0.5442   61
 Side 2  free  transition at x/c =  0.8648   64

 236   rms: 0.2442E+01   max: -.3790E+02   C at   64  2   RLX: 0.013
       a =  4.500      CL =  1.4658
      Cm = -0.2108     CD =  0.01239   =>   CDf =  0.00586    CDp =  0.00654

 Side 1  free  transition at x/c =  0.5442   61
 Side 2  free  transition at x/c =  0.8830   65

 237   rms: 0.8532E+01   max: -.1276E+03   C at   65  2   RLX: 0.004
       a =  4.500      CL =  1.4658
      Cm = -0.2108     CD =  0.01238   =>   CDf =  0.00584    CDp =  0.00654

 Side 1  free  transition at x/c =  0.5442   61
 Side 2  free  transition at x/c =  0.8994   66

 238   rms: 0.2419E+02   max: 0.3440E+03   C at   66  2   RLX: 0.004
       a =  4.500      CL =  1.4656
      Cm = -0.2107     CD =  0.01241   =>   CDf =  0.00583    CDp =  0.00659

 Side 1  free  transition at x/c =  0.5442   61
 Side 2  free  transition at x/c =  0.8651   64

 239   rms: 0.2547E+01   max: -.3948E+02   C at   64  2   RLX: 0.013
       a =  4.500      CL =  1.4656
      Cm = -0.2107     CD =  0.01240   =>   CDf =  0.00586    CDp =  0.00654

 Side 1  free  transition at x/c =  0.5441   61
 Side 2  free  transition at x/c =  0.8833   65

 240   rms: 0.1032E+02   max: -.1541E+03   C at   65  2   RLX: 0.003
       a =  4.500      CL =  1.4656
      Cm = -0.2107     CD =  0.01238   =>   CDf =  0.00584    CDp =  0.00654

 Side 1  free  transition at x/c =  0.5441   61
 Side 2  free  transition at x/c =  0.8997   66

 241   rms: 0.1854E+02   max: 0.2632E+03   C at   66  2   RLX: 0.006
       a =  4.500      CL =  1.4653
      Cm = -0.2106     CD =  0.01242   =>   CDf =  0.00583    CDp =  0.00659

 Side 1  free  transition at x/c =  0.5441   61
 Side 2  free  transition at x/c =  0.8653   64

 242   rms: 0.2664E+01   max: -.4124E+02   C at   64  2   RLX: 0.012
       a =  4.500      CL =  1.4654
      Cm = -0.2106     CD =  0.01240   =>   CDf =  0.00586    CDp =  0.00654

 Side 1  free  transition at x/c =  0.5441   61
 Side 2  free  transition at x/c =  0.8835   65

 243   rms: 0.1298E+02   max: -.1936E+03   C at   65  2   RLX: 0.003
       a =  4.500      CL =  1.4654
      Cm = -0.2106     CD =  0.01238   =>   CDf =  0.00584    CDp =  0.00655

 Side 1  free  transition at x/c =  0.5441   61
 Side 2  free  transition at x/c =  0.9000   66

 244   rms: 0.1482E+02   max: 0.2100E+03   C at   66  2   RLX: 0.007
       a =  4.500      CL =  1.4651
      Cm = -0.2105     CD =  0.01242   =>   CDf =  0.00582    CDp =  0.00659

 Side 1  free  transition at x/c =  0.5441   61
 Side 2  free  transition at x/c =  0.8655   64

 245   rms: 0.2800E+01   max: -.4331E+02   C at   64  2   RLX: 0.012
       a =  4.500      CL =  1.4651
      Cm = -0.2106     CD =  0.01240   =>   CDf =  0.00586    CDp =  0.00655

 Side 1  free  transition at x/c =  0.5441   61
 Side 2  free  transition at x/c =  0.8837   65

 246   rms: 0.1785E+02   max: -.2660E+03   C at   65  2   RLX: 0.002
       a =  4.500      CL =  1.4652
      Cm = -0.2105     CD =  0.01239   =>   CDf =  0.00584    CDp =  0.00655

 Side 1  free  transition at x/c =  0.5441   61
 Side 2  free  transition at x/c =  0.9004   66

 247   rms: 0.1216E+02   max: 0.1720E+03   C at   66  2   RLX: 0.009
       a =  4.500      CL =  1.4649
      Cm = -0.2105     CD =  0.01242   =>   CDf =  0.00582    CDp =  0.00660

 Side 1  free  transition at x/c =  0.5441   61
 Side 2  free  transition at x/c =  0.8657   64

 248   rms: 0.2970E+01   max: -.4590E+02   C at   64  2   RLX: 0.011
       a =  4.500      CL =  1.4649
      Cm = -0.2105     CD =  0.01240   =>   CDf =  0.00585    CDp =  0.00655

 Side 1  free  transition at x/c =  0.5441   61
 Side 2  free  transition at x/c =  0.8839   65

 249   rms: 0.3011E+02   max: -.4484E+03   C at   65  2   RLX: 0.001
       a =  4.500      CL =  1.4650
      Cm = -0.2105     CD =  0.01239   =>   CDf =  0.00584    CDp =  0.00655

 Side 1  free  transition at x/c =  0.5441   61
 Side 2  free  transition at x/c =  0.9006   66

 250   rms: 0.1021E+02   max: 0.1442E+03   C at   66  2   RLX: 0.010
       a =  4.500      CL =  1.4646
      Cm = -0.2104     CD =  0.01242   =>   CDf =  0.00582    CDp =  0.00660

 Side 1  free  transition at x/c =  0.5441   61
 Side 2  free  transition at x/c =  0.8658   64

 251   rms: 0.3173E+01   max: -.4901E+02   C at   64  2   RLX: 0.010
       a =  4.500      CL =  1.4647
      Cm = -0.2104     CD =  0.01241   =>   CDf =  0.00585    CDp =  0.00655

 Side 1  free  transition at x/c =  0.5441   61
 Side 2  free  transition at x/c =  0.8841   65

 252   rms: 0.1270E+03   max: -.1890E+04   C at   65  2   RLX: 0.000
       a =  4.500      CL =  1.4648
      Cm = -0.2104     CD =  0.01239   =>   CDf =  0.00584    CDp =  0.00656

 Side 1  free  transition at x/c =  0.5441   61
 Side 2  free  transition at x/c =  0.9007   66

 253   rms: 0.2671E+01   max: 0.3776E+02   C at   66  2   RLX: 0.040
       a =  4.500      CL =  1.4640
      Cm = -0.2102     CD =  0.01243   =>   CDf =  0.00582    CDp =  0.00660

 Side 1  free  transition at x/c =  0.5441   60
 Side 2  free  transition at x/c =  0.8658   64

 254   rms: 0.5387E+01   max: -.8319E+02   C at   64  2   RLX: 0.006
       a =  4.500      CL =  1.4641
      Cm = -0.2102     CD =  0.01241   =>   CDf =  0.00585    CDp =  0.00655

 Side 1  free  transition at x/c =  0.5441   60
 Side 2  free  transition at x/c =  0.8840   65

 255   rms: 0.1643E+02   max: 0.2445E+03   C at   65  2   RLX: 0.006
       a =  4.500      CL =  1.4637
      Cm = -0.2101     CD =  0.01246   =>   CDf =  0.00583    CDp =  0.00663

 Side 1  free  transition at x/c =  0.5441   60
 Side 2  free  transition at x/c =  0.8373   63

 256   rms: 0.2520E+01   max: -.4205E+02   C at   63  2   RLX: 0.012
       a =  4.500      CL =  1.4636
      Cm = -0.2101     CD =  0.01244   =>   CDf =  0.00589    CDp =  0.00655

 Side 1  free  transition at x/c =  0.5440   60
 Side 2  free  transition at x/c =  0.8566   64

 257   rms: 0.2388E+01   max: -.3932E+02   C at   64  2   RLX: 0.013
       a =  4.500      CL =  1.4636
      Cm = -0.2100     CD =  0.01241   =>   CDf =  0.00587    CDp =  0.00654

 Side 1  free  transition at x/c =  0.5440   60
 Side 2  free  transition at x/c =  0.8755   65

 258   rms: 0.5334E+01   max: -.8459E+02   C at   65  2   RLX: 0.006
       a =  4.500      CL =  1.4636
      Cm = -0.2100     CD =  0.01239   =>   CDf =  0.00584    CDp =  0.00655

 Side 1  free  transition at x/c =  0.5440   60
 Side 2  free  transition at x/c =  0.8922   66

 259   rms: 0.5419E+01   max: 0.8223E+02   C at   66  2   RLX: 0.018
       a =  4.500      CL =  1.4632
      Cm = -0.2099     CD =  0.01244   =>   CDf =  0.00583    CDp =  0.00661

 Side 1  free  transition at x/c =  0.5440   60
 Side 2  free  transition at x/c =  0.8567   64

 260   rms: 0.2182E+01   max: -.3592E+02   C at   64  2   RLX: 0.014
       a =  4.500      CL =  1.4630
      Cm = -0.2098     CD =  0.01241   =>   CDf =  0.00587    CDp =  0.00654

 Side 1  free  transition at x/c =  0.5440   60
 Side 2  free  transition at x/c =  0.8756   65

 261   rms: 0.4360E+01   max: -.6916E+02   C at   65  2   RLX: 0.007
       a =  4.500      CL =  1.4630
      Cm = -0.2098     CD =  0.01239   =>   CDf =  0.00585    CDp =  0.00654

 Side 1  free  transition at x/c =  0.5440   60
 Side 2  free  transition at x/c =  0.8922   66

 262   rms: 0.1373E+02   max: -.2084E+03   C at   66  2   RLX: 0.002
       a =  4.500      CL =  1.4631
      Cm = -0.2098     CD =  0.01237   =>   CDf =  0.00583    CDp =  0.00654

 Side 1  free  transition at x/c =  0.5440   60
 Side 2  free  transition at x/c =  0.9046   66

 263   rms: 0.1441E+02   max: 0.1965E+03   C at   66  2   RLX: 0.008
       a =  4.500      CL =  1.4629
      Cm = -0.2097     CD =  0.01241   =>   CDf =  0.00582    CDp =  0.00658

 Side 1  free  transition at x/c =  0.5440   60
 Side 2  free  transition at x/c =  0.8706   64

 264   rms: 0.3377E+01   max: -.5089E+02   C at   64  2   RLX: 0.010
       a =  4.500      CL =  1.4630
      Cm = -0.2098     CD =  0.01239   =>   CDf =  0.00585    CDp =  0.00654

 Side 1  free  transition at x/c =  0.5440   60
 Side 2  free  transition at x/c =  0.8885   65

 265   rms: 0.1246E+02   max: 0.1782E+03   C at   65  2   RLX: 0.008
       a =  4.500      CL =  1.4625
      Cm = -0.2097     CD =  0.01244   =>   CDf =  0.00583    CDp =  0.00660

 Side 1  free  transition at x/c =  0.5440   60
 Side 2  free  transition at x/c =  0.8440   63

 266   rms: 0.2329E+01   max: -.3702E+02   C at   63  2   RLX: 0.014
       a =  4.500      CL =  1.4625
      Cm = -0.2097     CD =  0.01242   =>   CDf =  0.00588    CDp =  0.00654

 Side 1  free  transition at x/c =  0.5440   60
 Side 2  free  transition at x/c =  0.8627   64

 267   rms: 0.2394E+01   max: -.3759E+02   C at   64  2   RLX: 0.013
       a =  4.500      CL =  1.4625
      Cm = -0.2096     CD =  0.01240   =>   CDf =  0.00586    CDp =  0.00654

 Side 1  free  transition at x/c =  0.5440   60
 Side 2  free  transition at x/c =  0.8812   65

 268   rms: 0.9537E+01   max: -.1441E+03   C at   65  2   RLX: 0.003
       a =  4.500      CL =  1.4625
      Cm = -0.2096     CD =  0.01238   =>   CDf =  0.00584    CDp =  0.00654

 Side 1  free  transition at x/c =  0.5440   60
 Side 2  free  transition at x/c =  0.8973   66

 269   rms: 0.2472E+02   max: -.3607E+03   C at   66  2   RLX: 0.001
       a =  4.500      CL =  1.4626
      Cm = -0.2096     CD =  0.01236   =>   CDf =  0.00583    CDp =  0.00654

 Side 1  free  transition at x/c =  0.5440   60
 Side 2  free  transition at x/c =  0.9090   66

 270   rms: 0.1526E+02   max: 0.2009E+03   C at   66  2   RLX: 0.007
       a =  4.500      CL =  1.4624
      Cm = -0.2096     CD =  0.01240   =>   CDf =  0.00582    CDp =  0.00658

 Side 1  free  transition at x/c =  0.5440   60
 Side 2  free  transition at x/c =  0.8760   65

 271   rms: 0.3138E+01   max: -.4964E+02   C at   65  2   RLX: 0.010
       a =  4.500      CL =  1.4625
      Cm = -0.2096     CD =  0.01238   =>   CDf =  0.00584    CDp =  0.00653

 Side 1  free  transition at x/c =  0.5440   60
 Side 2  free  transition at x/c =  0.8926   66

 272   rms: 0.7051E+01   max: -.1067E+03   C at   66  2   RLX: 0.005
       a =  4.500      CL =  1.4625
      Cm = -0.2096     CD =  0.01236   =>   CDf =  0.00583    CDp =  0.00653

 Side 1  free  transition at x/c =  0.5440   60
 Side 2  free  transition at x/c =  0.9050   66

 273   rms: 0.5379E+02   max: 0.7313E+03   C at   66  2   RLX: 0.002
       a =  4.500      CL =  1.4623
      Cm = -0.2096     CD =  0.01240   =>   CDf =  0.00582    CDp =  0.00658

 Side 1  free  transition at x/c =  0.5440   60
 Side 2  free  transition at x/c =  0.8713   64

 274   rms: 0.2122E+01   max: -.3184E+02   C at   64  2   RLX: 0.016
       a =  4.500      CL =  1.4624
      Cm = -0.2097     CD =  0.01238   =>   CDf =  0.00585    CDp =  0.00653

 Side 1  free  transition at x/c =  0.5440   60
 Side 2  free  transition at x/c =  0.8891   65

 275   rms: 0.5710E+01   max: -.8138E+02   C at   65  2   RLX: 0.006
       a =  4.500      CL =  1.4624
      Cm = -0.2096     CD =  0.01236   =>   CDf =  0.00583    CDp =  0.00653

 Side 1  free  transition at x/c =  0.5440   60
 Side 2  free  transition at x/c =  0.9050   66

 276   rms: 0.1018E+03   max: 0.1386E+04   C at   66  2   RLX: 0.001
       a =  4.500      CL =  1.4622
      Cm = -0.2096     CD =  0.01240   =>   CDf =  0.00582    CDp =  0.00658

 Side 1  free  transition at x/c =  0.5440   60
 Side 2  free  transition at x/c =  0.8710   64

 277   rms: 0.2042E+01   max: -.3068E+02   C at   64  2   RLX: 0.016
       a =  4.500      CL =  1.4622
      Cm = -0.2096     CD =  0.01237   =>   CDf =  0.00585    CDp =  0.00652

 Side 1  free  transition at x/c =  0.5440   60
 Side 2  free  transition at x/c =  0.8889   65

 278   rms: 0.5244E+01   max: -.7485E+02   C at   65  2   RLX: 0.007
       a =  4.500      CL =  1.4622
      Cm = -0.2096     CD =  0.01236   =>   CDf =  0.00583    CDp =  0.00653

 Side 1  free  transition at x/c =  0.5440   60
 Side 2  free  transition at x/c =  0.9049   66

 279   rms: 0.3389E+03   max: -.4621E+04   C at   66  2   RLX: 0.000
       a =  4.500      CL =  1.4623
      Cm = -0.2096     CD =  0.01235   =>   CDf =  0.00582    CDp =  0.00652

 Side 1  free  transition at x/c =  0.5440   60
 Side 2  free  transition at x/c =  0.9164   67

 280   rms: 0.1542E+02   max: 0.2035E+03   C at   67  2   RLX: 0.007
       a =  4.500      CL =  1.4621
      Cm = -0.2096     CD =  0.01237   =>   CDf =  0.00582    CDp =  0.00655

 Side 1  free  transition at x/c =  0.5440   60
 Side 2  free  transition at x/c =  0.8919   66

 281   rms: 0.3996E+01   max: -.6076E+02   C at   66  2   RLX: 0.008
       a =  4.500      CL =  1.4622
      Cm = -0.2096     CD =  0.01235   =>   CDf =  0.00583    CDp =  0.00652

 Side 1  free  transition at x/c =  0.5440   60
 Side 2  free  transition at x/c =  0.9046   66

 282   rms: 0.1910E+02   max: -.2609E+03   C at   66  2   RLX: 0.002
       a =  4.500      CL =  1.4623
      Cm = -0.2096     CD =  0.01234   =>   CDf =  0.00582    CDp =  0.00651

 Side 1  free  transition at x/c =  0.5440   60
 Side 2  free  transition at x/c =  0.9163   67

 283   rms: 0.7590E+02   max: 0.1003E+04   C at   67  2   RLX: 0.001
       a =  4.500      CL =  1.4622
      Cm = -0.2096     CD =  0.01236   =>   CDf =  0.00582    CDp =  0.00654

 Side 1  free  transition at x/c =  0.5440   60
 Side 2  free  transition at x/c =  0.8915   65

 284   rms: 0.3884E+01   max: -.5452E+02   C at   65  2   RLX: 0.009
       a =  4.500      CL =  1.4622
      Cm = -0.2097     CD =  0.01234   =>   CDf =  0.00583    CDp =  0.00651

 Side 1  free  transition at x/c =  0.5440   60
 Side 2  free  transition at x/c =  0.9074   66

 285   rms: 0.8640E+01   max: -.1157E+03   C at   66  2   RLX: 0.004
       a =  4.500      CL =  1.4622
      Cm = -0.2096     CD =  0.01233   =>   CDf =  0.00583    CDp =  0.00650

 Side 1  free  transition at x/c =  0.5440   60
 Side 2  free  transition at x/c =  0.9190   67

 286   rms: 0.5099E+02   max: -.6587E+03   C at   67  2   RLX: 0.001
       a =  4.500      CL =  1.4623
      Cm = -0.2097     CD =  0.01231   =>   CDf =  0.00582    CDp =  0.00649

 Side 1  free  transition at x/c =  0.5440   60
 Side 2  free  transition at x/c =  0.9268   68

 287   rms: 0.1625E+02   max: -.2106E+03   C at   68  2   RLX: 0.002
       a =  4.500      CL =  1.4623
      Cm = -0.2097     CD =  0.01231   =>   CDf =  0.00582    CDp =  0.00649

 Side 1  free  transition at x/c =  0.5440   60
 Side 2  free  transition at x/c =  0.9374   68

 288   rms: 0.2266E+02   max: -.2802E+03   C at   68  2   RLX: 0.002
       a =  4.500      CL =  1.4624
      Cm = -0.2097     CD =  0.01230   =>   CDf =  0.00582    CDp =  0.00648

 Side 1  free  transition at x/c =  0.5440   60
 Side 2  free  transition at x/c =  0.9475   69

 289   rms: 0.4892E+02   max: -.6345E+03   C at   69  2   RLX: 0.001
       a =  4.500      CL =  1.4624
      Cm = -0.2097     CD =  0.01230   =>   CDf =  0.00582    CDp =  0.00648

 Side 1  free  transition at x/c =  0.5439   60
 Side 2  free  transition at x/c =  0.9629   70

 290   rms: 0.5267E+01   max: -.7766E+02   C at   70  2   RLX: 0.006
       a =  4.500      CL =  1.4622
      Cm = -0.2097     CD =  0.01229   =>   CDf =  0.00582    CDp =  0.00647

 Side 1  free  transition at x/c =  0.5439   60
 Side 2  free  transition at x/c =  0.9264   67

 291   rms: 0.1697E+02   max: -.2073E+03   C at   67  2   RLX: 0.002
       a =  4.500      CL =  1.4624
      Cm = -0.2097     CD =  0.01229   =>   CDf =  0.00582    CDp =  0.00647

 Side 1  free  transition at x/c =  0.5439   60
 Side 2  free  transition at x/c =  0.9341   68

 292   rms: 0.2639E+02   max: -.3307E+03   C at   68  2   RLX: 0.002
       a =  4.500      CL =  1.4624
      Cm = -0.2097     CD =  0.01229   =>   CDf =  0.00582    CDp =  0.00647

 Side 1  free  transition at x/c =  0.5439   60
 Side 2  free  transition at x/c =  0.9442   69

 293   rms: 0.5532E+02   max: -.7217E+03   C at   69  2   RLX: 0.001
       a =  4.500      CL =  1.4625
      Cm = -0.2098     CD =  0.01229   =>   CDf =  0.00582    CDp =  0.00647

 Side 1  free  transition at x/c =  0.5439   60
 Side 2  free  transition at x/c =  0.9601   70

 294   rms: 0.1028E+02   max: -.1500E+03   C at   70  2   RLX: 0.003
       a =  4.500      CL =  1.4623
      Cm = -0.2097     CD =  0.01228   =>   CDf =  0.00582    CDp =  0.00646

 Side 1  free  transition at x/c =  0.5439   60
 Side 2  free  transition at x/c =  0.9318   68

 295   rms: 0.2994E+02   max: -.3789E+03   C at   68  2   RLX: 0.001
       a =  4.500      CL =  1.4624
      Cm = -0.2098     CD =  0.01228   =>   CDf =  0.00582    CDp =  0.00646

 Side 1  free  transition at x/c =  0.5439   60
 Side 2  free  transition at x/c =  0.9420   68

 296   rms: 0.3693E+02   max: -.4493E+03   C at   68  2   RLX: 0.001
       a =  4.500      CL =  1.4625
      Cm = -0.2098     CD =  0.01228   =>   CDf =  0.00582    CDp =  0.00646

 Side 1  free  transition at x/c =  0.5439   60
 Side 2  free  transition at x/c =  0.9521   69

 297   rms: 0.7364E+02   max: -.9469E+03   C at   69  2   RLX: 0.001
       a =  4.500      CL =  1.4626
      Cm = -0.2098     CD =  0.01228   =>   CDf =  0.00582    CDp =  0.00646

 Side 1  free  transition at x/c =  0.5439   60
 Side 2  free  transition at x/c =  0.9681   70

 298   rms: 0.9401E+00   max: -.1177E+02   T at   71  2   RLX: 0.042
       a =  4.500      CL =  1.4585
      Cm = -0.2087     CD =  0.01218   =>   CDf =  0.00582    CDp =  0.00636

 MRCHDU: Convergence failed at  72  side 2    Res =  0.9148E-02
 Side 1  free  transition at x/c =  0.5440   60
 Side 2  free  transition at x/c =  0.4764   43

 299   rms: 0.1617E+01   max: -.3111E+02   C at   43  2   RLX: 0.016
       a =  4.500      CL =  1.4625
      Cm = -0.2105     CD =  0.01279   =>   CDf =  0.00650    CDp =  0.00629

 MRCHDU: Convergence failed at  72  side 2    Res =  0.1083E-01
 Side 1  free  transition at x/c =  0.5439   60
 Side 2  free  transition at x/c =  0.4885   44

 300   rms: 0.1860E+01   max: -.3649E+02   C at   44  2   RLX: 0.014
       a =  4.500      CL =  1.4639
      Cm = -0.2108     CD =  0.01278   =>   CDf =  0.00648    CDp =  0.00630

 MRCHDU: Convergence failed at  72  side 2    Res =  0.1240E-01
 Side 1  free  transition at x/c =  0.5439   60
 Side 2  free  transition at x/c =  0.5138   45

 301   rms: 0.3431E+01   max: -.6347E+02   C at   45  2   RLX: 0.008
       a =  4.500      CL =  1.4645
      Cm = -0.2109     CD =  0.01276   =>   CDf =  0.00643    CDp =  0.00633

 MRCHDU: Convergence failed at  72  side 2    Res =  0.1438E-01
 Side 1  free  transition at x/c =  0.5439   60
 Side 2  free  transition at x/c =  0.5318   46

 302   rms: 0.4070E+01   max: -.7420E+02   C at   46  2   RLX: 0.007
       a =  4.500      CL =  1.4650
      Cm = -0.2110     CD =  0.01274   =>   CDf =  0.00639    CDp =  0.00634

 MRCHDU: Convergence failed at  72  side 2    Res =  0.1637E-01
 Side 1  free  transition at x/c =  0.5439   60
 Side 2  free  transition at x/c =  0.5491   47

 303   rms: 0.4370E+01   max: -.7917E+02   C at   47  2   RLX: 0.006
       a =  4.500      CL =  1.4654
      Cm = -0.2111     CD =  0.01272   =>   CDf =  0.00636    CDp =  0.00636

 MRCHDU: Convergence failed at  72  side 2    Res =  0.1837E-01
 Side 1  free  transition at x/c =  0.5439   60
 Side 2  free  transition at x/c =  0.5674   48

 304   rms: 0.4608E+01   max: -.8281E+02   C at   48  2   RLX: 0.006
       a =  4.500      CL =  1.4658
      Cm = -0.2112     CD =  0.01270   =>   CDf =  0.00633    CDp =  0.00637

 MRCHDU: Convergence failed at  72  side 2    Res =  0.2038E-01
 Side 1  free  transition at x/c =  0.5439   60
 Side 2  free  transition at x/c =  0.5869   49

 305   rms: 0.5040E+01   max: -.8862E+02   C at   49  2   RLX: 0.006
       a =  4.500      CL =  1.4661
      Cm = -0.2113     CD =  0.01268   =>   CDf =  0.00630    CDp =  0.00638
 VISCAL:  Convergence failed
 Calculating wake trajectory ...
 Calculating source influence matrix ...

 Solving BL system ...

 MRCHDU: Convergence failed at  72  side 2    Res =  0.2245E-01
 Side 1  free  transition at x/c =  0.5439   60
 Side 2  free  transition at x/c =  0.6064   50

   1   rms: 0.9314E+01   max: -.1624E+03   C at   50  2   RLX: 0.003
       a =  5.000      CL =  1.4660
      Cm = -0.2112     CD =  0.01266   =>   CDf =  0.00627    CDp =  0.00639

 MRCHDU: Convergence failed at  72  side 2    Res =  0.2509E-01
 Side 1  free  transition at x/c =  0.5439   60
 Side 2  free  transition at x/c =  0.6263   51

   2   rms: 0.9439E+01   max: -.1631E+03   C at   51  2   RLX: 0.003
       a =  5.000      CL =  1.4659
      Cm = -0.2112     CD =  0.01263   =>   CDf =  0.00623    CDp =  0.00640

 MRCHDU: Convergence failed at  72  side 2    Res =  0.2765E-01
 Side 1  free  transition at x/c =  0.5439   60
 Side 2  free  transition at x/c =  0.6462   52

   3   rms: 0.9365E+01   max: -.1603E+03   C at   52  2   RLX: 0.003
       a =  5.000      CL =  1.4659
      Cm = -0.2112     CD =  0.01261   =>   CDf =  0.00620    CDp =  0.00641

 MRCHDU: Convergence failed at  72  side 2    Res =  0.3051E-01
 Side 1  free  transition at x/c =  0.5438   60
 Side 2  free  transition at x/c =  0.6656   53

   4   rms: 0.8915E+01   max: -.1511E+03   C at   53  2   RLX: 0.003
       a =  5.000      CL =  1.4657
      Cm = -0.2111     CD =  0.01258   =>   CDf =  0.00616    CDp =  0.00642

 MRCHDU: Convergence failed at  72  side 2    Res =  0.3310E-01
 Side 1  free  transition at x/c =  0.5438   60
 Side 2  free  transition at x/c =  0.6843   54

   5   rms: 0.8688E+01   max: -.1463E+03   C at   54  2   RLX: 0.003
       a =  5.000      CL =  1.4656
      Cm = -0.2110     CD =  0.01256   =>   CDf =  0.00613    CDp =  0.00643

 MRCHDU: Convergence failed at  72  side 2    Res =  0.3543E-01
 Side 1  free  transition at x/c =  0.5438   60
 Side 2  free  transition at x/c =  0.7029   55

   6   rms: 0.8373E+01   max: -.1400E+03   C at   55  2   RLX: 0.004
       a =  5.000      CL =  1.4654
      Cm = -0.2110     CD =  0.01253   =>   CDf =  0.00610    CDp =  0.00643

 MRCHDU: Convergence failed at  72  side 2    Res =  0.4387E-01
 Side 1  free  transition at x/c =  0.5438   60
 Side 2  free  transition at x/c =  0.7211   56

   7   rms: 0.7117E+01   max: -.1183E+03   C at   56  2   RLX: 0.004
       a =  5.000      CL =  1.4652
      Cm = -0.2108     CD =  0.01251   =>   CDf =  0.00606    CDp =  0.00644

 MRCHDU: Convergence failed at  72  side 2    Res =  0.4444E-01
 Side 1  free  transition at x/c =  0.5438   60
 Side 2  free  transition at x/c =  0.7388   57

   8   rms: 0.6757E+01   max: -.1118E+03   C at   57  2   RLX: 0.004
       a =  5.000      CL =  1.4649
      Cm = -0.2107     CD =  0.01248   =>   CDf =  0.00603    CDp =  0.00645

 MRCHDU: Convergence failed at  72  side 2    Res =  0.4473E-01
 Side 1  free  transition at x/c =  0.5438   60
 Side 2  free  transition at x/c =  0.7564   58

   9   rms: 0.6375E+01   max: -.1051E+03   C at   58  2   RLX: 0.005
       a =  5.000      CL =  1.4646
      Cm = -0.2106     CD =  0.01246   =>   CDf =  0.00600    CDp =  0.00646

 MRCHDU: Convergence failed at  72  side 2    Res =  0.4419E-01
 Side 1  free  transition at x/c =  0.5438   60
 Side 2  free  transition at x/c =  0.7736   59

  10   rms: 0.5759E+01   max: -.9469E+02   C at   59  2   RLX: 0.005
       a =  5.000      CL =  1.4642
      Cm = -0.2105     CD =  0.01243   =>   CDf =  0.00596    CDp =  0.00646

 MRCHDU: Convergence failed at  72  side 2    Res =  0.4035E-01
 Side 1  free  transition at x/c =  0.5437   60
 Side 2  free  transition at x/c =  0.7910   60

  11   rms: 0.6118E+01   max: -.1005E+03   C at   60  2   RLX: 0.005
       a =  5.000      CL =  1.4638
      Cm = -0.2103     CD =  0.01241   =>   CDf =  0.00594    CDp =  0.00647

 MRCHDU: Convergence failed at  72  side 2    Res =  0.2941E-01
 Side 1  free  transition at x/c =  0.5437   60
 Side 2  free  transition at x/c =  0.8082   61

  12   rms: 0.6287E+01   max: -.1015E+03   C at   61  2   RLX: 0.005
       a =  5.000      CL =  1.4634
      Cm = -0.2102     CD =  0.01238   =>   CDf =  0.00591    CDp =  0.00647

 MRCHDU: Convergence failed at  72  side 2    Res =  0.1750E-01
 Side 1  free  transition at x/c =  0.5437   60
 Side 2  free  transition at x/c =  0.8254   62

  13   rms: 0.6508E+01   max: -.1047E+03   C at   62  2   RLX: 0.005
       a =  5.000      CL =  1.4631
      Cm = -0.2100     CD =  0.01236   =>   CDf =  0.00589    CDp =  0.00648

 MRCHDU: Convergence failed at  72  side 2    Res =  0.3727E-02
 Side 1  free  transition at x/c =  0.5437   60
 Side 2  free  transition at x/c =  0.8430   63

  14   rms: 0.7358E+01   max: -.1178E+03   C at   63  2   RLX: 0.004
       a =  5.000      CL =  1.4628
      Cm = -0.2099     CD =  0.01234   =>   CDf =  0.00586    CDp =  0.00648

 Side 1  free  transition at x/c =  0.5437   60
 Side 2  free  transition at x/c =  0.8615   64

  15   rms: 0.1233E+02   max: -.1949E+03   C at   64  2   RLX: 0.003
       a =  5.000      CL =  1.4626
      Cm = -0.2098     CD =  0.01232   =>   CDf =  0.00584    CDp =  0.00648

 Side 1  free  transition at x/c =  0.5437   60
 Side 2  free  transition at x/c =  0.8793   65

  16   rms: 0.1757E+02   max: 0.2722E+03   C at   65  2   RLX: 0.006
       a =  5.000      CL =  1.4618
      Cm = -0.2096     CD =  0.01235   =>   CDf =  0.00582    CDp =  0.00653

 MRCHDU: Convergence failed at  72  side 2    Res =  0.3254E-01
 Side 1  free  transition at x/c =  0.5436   60
 Side 2  free  transition at x/c =  0.8325   62

  17   rms: 0.6816E+01   max: -.1058E+03   C at   62  2   RLX: 0.005
       a =  5.000      CL =  1.4615
      Cm = -0.2095     CD =  0.01234   =>   CDf =  0.00587    CDp =  0.00647

 MRCHDU: Convergence failed at  72  side 2    Res =  0.1305E-01
 Side 1  free  transition at x/c =  0.5436   60
 Side 2  free  transition at x/c =  0.8500   63

  18   rms: 0.7954E+01   max: -.1231E+03   C at   63  2   RLX: 0.004
       a =  5.000      CL =  1.4612
      Cm = -0.2093     CD =  0.01232   =>   CDf =  0.00585    CDp =  0.00647

 Side 1  free  transition at x/c =  0.5436   60
 Side 2  free  transition at x/c =  0.8681   64

  19   rms: 0.1406E+02   max: -.2147E+03   C at   64  2   RLX: 0.002
       a =  5.000      CL =  1.4610
      Cm = -0.2092     CD =  0.01231   =>   CDf =  0.00583    CDp =  0.00647

 Side 1  free  transition at x/c =  0.5436   60
 Side 2  free  transition at x/c =  0.8854   65

  20   rms: 0.1054E+02   max: 0.1548E+03   C at   65  2   RLX: 0.010
       a =  5.000      CL =  1.4599
      Cm = -0.2089     CD =  0.01233   =>   CDf =  0.00582    CDp =  0.00651

 MRCHDU: Convergence failed at  72  side 2    Res =  0.4076E-01
 Side 1  free  transition at x/c =  0.5436   60
 Side 2  free  transition at x/c =  0.8412   63

  21   rms: 0.6223E+01   max: -.1022E+03   C at   63  2   RLX: 0.005
       a =  5.000      CL =  1.4596
      Cm = -0.2088     CD =  0.01232   =>   CDf =  0.00586    CDp =  0.00646

 MRCHDU: Convergence failed at  72  side 2    Res =  0.1428E-01
 Side 1  free  transition at x/c =  0.5435   60
 Side 2  free  transition at x/c =  0.8601   64

  22   rms: 0.9393E+01   max: -.1499E+03   C at   64  2   RLX: 0.003
       a =  5.000      CL =  1.4593
      Cm = -0.2087     CD =  0.01230   =>   CDf =  0.00584    CDp =  0.00646

 Side 1  free  transition at x/c =  0.5435   60
 Side 2  free  transition at x/c =  0.8778   65

  23   rms: 0.7829E+02   max: 0.1219E+04   C at   65  2   RLX: 0.001
       a =  5.000      CL =  1.4590
      Cm = -0.2086     CD =  0.01234   =>   CDf =  0.00582    CDp =  0.00652

 MRCHDU: Convergence failed at  72  side 2    Res =  0.5237E-01
 Side 1  free  transition at x/c =  0.5435   60
 Side 2  free  transition at x/c =  0.8332   62

  24   rms: 0.6639E+01   max: -.1028E+03   C at   62  2   RLX: 0.005
       a =  5.000      CL =  1.4587
      Cm = -0.2085     CD =  0.01232   =>   CDf =  0.00587    CDp =  0.00645

 MRCHDU: Convergence failed at  72  side 2    Res =  0.2863E-01
 Side 1  free  transition at x/c =  0.5435   60
 Side 2  free  transition at x/c =  0.8508   63

  25   rms: 0.7791E+01   max: -.1203E+03   C at   63  2   RLX: 0.004
       a =  5.000      CL =  1.4584
      Cm = -0.2083     CD =  0.01231   =>   CDf =  0.00585    CDp =  0.00646

 MRCHDU: Convergence failed at  72  side 2    Res =  0.2856E-03
 Side 1  free  transition at x/c =  0.5435   60
 Side 2  free  transition at x/c =  0.8690   64

  26   rms: 0.1179E+02   max: -.1794E+03   C at   64  2   RLX: 0.003
       a =  5.000      CL =  1.4582
      Cm = -0.2083     CD =  0.01229   =>   CDf =  0.00583    CDp =  0.00646

 Side 1  free  transition at x/c =  0.5435   60
 Side 2  free  transition at x/c =  0.8861   65

  27   rms: 0.1218E+02   max: 0.1778E+03   C at   65  2   RLX: 0.008
       a =  5.000      CL =  1.4572
      Cm = -0.2080     CD =  0.01231   =>   CDf =  0.00581    CDp =  0.00650

 MRCHDU: Convergence failed at  72  side 2    Res =  0.5145E-01
 Side 1  free  transition at x/c =  0.5435   60
 Side 2  free  transition at x/c =  0.8439   63

  28   rms: 0.6917E+01   max: -.1105E+03   C at   63  2   RLX: 0.005
       a =  5.000      CL =  1.4569
      Cm = -0.2078     CD =  0.01230   =>   CDf =  0.00586    CDp =  0.00645

 MRCHDU: Convergence failed at  72  side 2    Res =  0.2061E-01
 Side 1  free  transition at x/c =  0.5434   60
 Side 2  free  transition at x/c =  0.8626   64

  29   rms: 0.9624E+01   max: -.1517E+03   C at   64  2   RLX: 0.003
       a =  5.000      CL =  1.4567
      Cm = -0.2077     CD =  0.01229   =>   CDf =  0.00584    CDp =  0.00645

 Side 1  free  transition at x/c =  0.5434   60
 Side 2  free  transition at x/c =  0.8802   65

  30   rms: 0.2363E+02   max: 0.3567E+03   C at   65  2   RLX: 0.004
       a =  5.000      CL =  1.4561
      Cm = -0.2076     CD =  0.01232   =>   CDf =  0.00582    CDp =  0.00650

 MRCHDU: Convergence failed at  72  side 2    Res =  0.5930E-01
 Side 1  free  transition at x/c =  0.5434   60
 Side 2  free  transition at x/c =  0.8376   63

  31   rms: 0.5654E+01   max: -.9468E+02   C at   63  2   RLX: 0.005
       a =  5.000      CL =  1.4557
      Cm = -0.2074     CD =  0.01230   =>   CDf =  0.00586    CDp =  0.00644

 MRCHDU: Convergence failed at  72  side 2    Res =  0.3146E-01
 Side 1  free  transition at x/c =  0.5434   60
 Side 2  free  transition at x/c =  0.8571   64

  32   rms: 0.7098E+01   max: -.1174E+03   C at   64  2   RLX: 0.004
       a =  5.000      CL =  1.4554
      Cm = -0.2073     CD =  0.01229   =>   CDf =  0.00584    CDp =  0.00645

 Side 1  free  transition at x/c =  0.5434   60
 Side 2  free  transition at x/c =  0.8751   65

  33   rms: 0.1722E+02   max: -.2737E+03   C at   65  2   RLX: 0.002
       a =  5.000      CL =  1.4553
      Cm = -0.2072     CD =  0.01228   =>   CDf =  0.00582    CDp =  0.00645

 Side 1  free  transition at x/c =  0.5434   60
 Side 2  free  transition at x/c =  0.8899   65

  34   rms: 0.8742E+01   max: 0.1229E+03   C at   65  2   RLX: 0.012
       a =  5.000      CL =  1.4540
      Cm = -0.2068     CD =  0.01229   =>   CDf =  0.00581    CDp =  0.00649

 MRCHDU: Convergence failed at  72  side 2    Res =  0.4804E-01
 Side 1  free  transition at x/c =  0.5433   60
 Side 2  free  transition at x/c =  0.8495   63

  35   rms: 0.7529E+01   max: -.1171E+03   C at   63  2   RLX: 0.004
       a =  5.000      CL =  1.4538
      Cm = -0.2067     CD =  0.01229   =>   CDf =  0.00585    CDp =  0.00644

 MRCHDU: Convergence failed at  72  side 2    Res =  0.1502E-01
 Side 1  free  transition at x/c =  0.5433   60
 Side 2  free  transition at x/c =  0.8680   64

  36   rms: 0.1133E+02   max: -.1738E+03   C at   64  2   RLX: 0.003
       a =  5.000      CL =  1.4536
      Cm = -0.2066     CD =  0.01227   =>   CDf =  0.00583    CDp =  0.00645

 Side 1  free  transition at x/c =  0.5433   60
 Side 2  free  transition at x/c =  0.8854   65

  37   rms: 0.1286E+02   max: 0.1875E+03   C at   65  2   RLX: 0.008
       a =  5.000      CL =  1.4527
      Cm = -0.2064     CD =  0.01230   =>   CDf =  0.00581    CDp =  0.00649

 MRCHDU: Convergence failed at  72  side 2    Res =  0.6186E-01
 Side 1  free  transition at x/c =  0.5433   60
 Side 2  free  transition at x/c =  0.8446   63

  38   rms: 0.6885E+01   max: -.1097E+03   C at   63  2   RLX: 0.005
       a =  5.000      CL =  1.4524
      Cm = -0.2062     CD =  0.01229   =>   CDf =  0.00585    CDp =  0.00644

 MRCHDU: Convergence failed at  72  side 2    Res =  0.2886E-01
 Side 1  free  transition at x/c =  0.5433   60
 Side 2  free  transition at x/c =  0.8636   64

  39   rms: 0.9851E+01   max: -.1548E+03   C at   64  2   RLX: 0.003
       a =  5.000      CL =  1.4522
      Cm = -0.2062     CD =  0.01227   =>   CDf =  0.00583    CDp =  0.00644

 Side 1  free  transition at x/c =  0.5432   60
 Side 2  free  transition at x/c =  0.8812   65

  40   rms: 0.2267E+02   max: 0.3403E+03   C at   65  2   RLX: 0.004
       a =  5.000      CL =  1.4516
      Cm = -0.2060     CD =  0.01230   =>   CDf =  0.00581    CDp =  0.00649

 MRCHDU: Convergence failed at  72  side 2    Res =  0.6497E-01
 Side 1  free  transition at x/c =  0.5432   60
 Side 2  free  transition at x/c =  0.8400   63

  41   rms: 0.5739E+01   max: -.9501E+02   C at   63  2   RLX: 0.005
       a =  5.000      CL =  1.4512
      Cm = -0.2059     CD =  0.01229   =>   CDf =  0.00585    CDp =  0.00643

 MRCHDU: Convergence failed at  72  side 2    Res =  0.3577E-01
 Side 1  free  transition at x/c =  0.5432   60
 Side 2  free  transition at x/c =  0.8596   64

  42   rms: 0.8757E+01   max: -.1407E+03   C at   64  2   RLX: 0.004
       a =  5.000      CL =  1.4510
      Cm = -0.2058     CD =  0.01227   =>   CDf =  0.00583    CDp =  0.00644

 Side 1  free  transition at x/c =  0.5432   60
 Side 2  free  transition at x/c =  0.8774   65

  43   rms: 0.7242E+02   max: -.1134E+04   C at   65  2   RLX: 0.000
       a =  5.000      CL =  1.4511
      Cm = -0.2057     CD =  0.01226   =>   CDf =  0.00582    CDp =  0.00644

 Side 1  free  transition at x/c =  0.5432   60
 Side 2  free  transition at x/c =  0.8918   65

  44   rms: 0.7929E+01   max: 0.1101E+03   C at   65  2   RLX: 0.014
       a =  5.000      CL =  1.4497
      Cm = -0.2053     CD =  0.01228   =>   CDf =  0.00580    CDp =  0.00648

 MRCHDU: Convergence failed at  72  side 2    Res =  0.5032E-01
 Side 1  free  transition at x/c =  0.5431   60
 Side 2  free  transition at x/c =  0.8520   63

  45   rms: 0.7768E+01   max: -.1194E+03   C at   63  2   RLX: 0.004
       a =  5.000      CL =  1.4495
      Cm = -0.2052     CD =  0.01227   =>   CDf =  0.00584    CDp =  0.00643

 MRCHDU: Convergence failed at  72  side 2    Res =  0.1568E-01
 Side 1  free  transition at x/c =  0.5431   60
 Side 2  free  transition at x/c =  0.8705   64

  46   rms: 0.1751E+02   max: -.2612E+03   C at   64  2   RLX: 0.002
       a =  5.000      CL =  1.4494
      Cm = -0.2052     CD =  0.01226   =>   CDf =  0.00582    CDp =  0.00644

 Side 1  free  transition at x/c =  0.5431   60
 Side 2  free  transition at x/c =  0.8878   65

  47   rms: 0.1058E+02   max: 0.1528E+03   C at   65  2   RLX: 0.010
       a =  5.000      CL =  1.4483
      Cm = -0.2048     CD =  0.01228   =>   CDf =  0.00580    CDp =  0.00648

 MRCHDU: Convergence failed at  72  side 2    Res =  0.6294E-01
 Side 1  free  transition at x/c =  0.5431   60
 Side 2  free  transition at x/c =  0.8477   63

  48   rms: 0.7089E+01   max: -.1113E+03   C at   63  2   RLX: 0.004
       a =  5.000      CL =  1.4480
      Cm = -0.2047     CD =  0.01227   =>   CDf =  0.00584    CDp =  0.00643

 MRCHDU: Convergence failed at  72  side 2    Res =  0.2908E-01
 Side 1  free  transition at x/c =  0.5431   60
 Side 2  free  transition at x/c =  0.8666   64

  49   rms: 0.1067E+02   max: -.1651E+03   C at   64  2   RLX: 0.003
       a =  5.000      CL =  1.4479
      Cm = -0.2046     CD =  0.01225   =>   CDf =  0.00582    CDp =  0.00643

 Side 1  free  transition at x/c =  0.5431   60
 Side 2  free  transition at x/c =  0.8841   65

  50   rms: 0.1530E+02   max: 0.2254E+03   C at   65  2   RLX: 0.007
       a =  5.000      CL =  1.4471
      Cm = -0.2044     CD =  0.01228   =>   CDf =  0.00581    CDp =  0.00647

 MRCHDU: Convergence failed at  72  side 2    Res =  0.6978E-01
 Side 1  free  transition at x/c =  0.5430   60
 Side 2  free  transition at x/c =  0.8437   63

  51   rms: 0.6546E+01   max: -.1048E+03   C at   63  2   RLX: 0.005
       a =  5.000      CL =  1.4468
      Cm = -0.2043     CD =  0.01227   =>   CDf =  0.00585    CDp =  0.00642

 MRCHDU: Convergence failed at  72  side 2    Res =  0.3771E-01
 Side 1  free  transition at x/c =  0.5430   60
 Side 2  free  transition at x/c =  0.8629   64

  52   rms: 0.9395E+01   max: -.1483E+03   C at   64  2   RLX: 0.003
       a =  5.000      CL =  1.4466
      Cm = -0.2042     CD =  0.01225   =>   CDf =  0.00583    CDp =  0.00643

 Side 1  free  transition at x/c =  0.5430   60
 Side 2  free  transition at x/c =  0.8807   65

  53   rms: 0.2999E+02   max: 0.4524E+03   C at   65  2   RLX: 0.003
       a =  5.000      CL =  1.4461
      Cm = -0.2041     CD =  0.01228   =>   CDf =  0.00581    CDp =  0.00647

 MRCHDU: Convergence failed at  72  side 2    Res =  0.7106E-01
 Side 1  free  transition at x/c =  0.5430   60
 Side 2  free  transition at x/c =  0.8400   63

  54   rms: 0.5479E+01   max: -.9073E+02   C at   63  2   RLX: 0.006
       a =  5.000      CL =  1.4458
      Cm = -0.2039     CD =  0.01227   =>   CDf =  0.00585    CDp =  0.00642

 MRCHDU: Convergence failed at  72  side 2    Res =  0.4327E-01
 Side 1  free  transition at x/c =  0.5430   60
 Side 2  free  transition at x/c =  0.8597   64

  55   rms: 0.8411E+01   max: -.1352E+03   C at   64  2   RLX: 0.004
       a =  5.000      CL =  1.4456
      Cm = -0.2038     CD =  0.01225   =>   CDf =  0.00583    CDp =  0.00642

 MRCHDU: Convergence failed at  72  side 2    Res =  0.1475E-02
 Side 1  free  transition at x/c =  0.5430   60
 Side 2  free  transition at x/c =  0.8777   65

  56   rms: 0.1228E+03   max: 0.1891E+04   C at   65  2   RLX: 0.001
       a =  5.000      CL =  1.4453
      Cm = -0.2038     CD =  0.01228   =>   CDf =  0.00581    CDp =  0.00647

 MRCHDU: Convergence failed at  72  side 2    Res =  0.7162E-01
 Side 1  free  transition at x/c =  0.5430   60
 Side 2  free  transition at x/c =  0.8369   62

  57   rms: 0.6195E+01   max: -.9427E+02   C at   62  2   RLX: 0.005
       a =  5.000      CL =  1.4449
      Cm = -0.2036     CD =  0.01227   =>   CDf =  0.00585    CDp =  0.00642

 MRCHDU: Convergence failed at  72  side 2    Res =  0.4903E-01
 Side 1  free  transition at x/c =  0.5430   60
 Side 2  free  transition at x/c =  0.8545   63

  58   rms: 0.7455E+01   max: -.1134E+03   C at   63  2   RLX: 0.004
       a =  5.000      CL =  1.4447
      Cm = -0.2035     CD =  0.01225   =>   CDf =  0.00583    CDp =  0.00642

 MRCHDU: Convergence failed at  72  side 2    Res =  0.1480E-01
 Side 1  free  transition at x/c =  0.5429   60
 Side 2  free  transition at x/c =  0.8730   64

  59   rms: 0.3050E+02   max: -.4492E+03   C at   64  2   RLX: 0.001
       a =  5.000      CL =  1.4447
      Cm = -0.2035     CD =  0.01224   =>   CDf =  0.00581    CDp =  0.00643

 Side 1  free  transition at x/c =  0.5429   60
 Side 2  free  transition at x/c =  0.8901   65

  60   rms: 0.8977E+01   max: 0.1260E+03   C at   65  2   RLX: 0.012
       a =  5.000      CL =  1.4435
      Cm = -0.2031     CD =  0.01226   =>   CDf =  0.00580    CDp =  0.00646

 MRCHDU: Convergence failed at  72  side 2    Res =  0.6076E-01
 Side 1  free  transition at x/c =  0.5429   60
 Side 2  free  transition at x/c =  0.8516   63

  61   rms: 0.7008E+01   max: -.1081E+03   C at   63  2   RLX: 0.005
       a =  5.000      CL =  1.4432
      Cm = -0.2030     CD =  0.01225   =>   CDf =  0.00583    CDp =  0.00642

 MRCHDU: Convergence failed at  72  side 2    Res =  0.2831E-01
 Side 1  free  transition at x/c =  0.5429   60
 Side 2  free  transition at x/c =  0.8702   64

  62   rms: 0.2691E+02   max: -.4025E+03   C at   64  2   RLX: 0.001
       a =  5.000      CL =  1.4432
      Cm = -0.2030     CD =  0.01224   =>   CDf =  0.00582    CDp =  0.00642

 Side 1  free  transition at x/c =  0.5429   60
 Side 2  free  transition at x/c =  0.8874   65

  63   rms: 0.9918E+01   max: 0.1409E+03   C at   65  2   RLX: 0.011
       a =  5.000      CL =  1.4421
      Cm = -0.2027     CD =  0.01226   =>   CDf =  0.00580    CDp =  0.00646

 MRCHDU: Convergence failed at  72  side 2    Res =  0.6700E-01
 Side 1  free  transition at x/c =  0.5428   60
 Side 2  free  transition at x/c =  0.8488   63

  64   rms: 0.6622E+01   max: -.1036E+03   C at   63  2   RLX: 0.005
       a =  5.000      CL =  1.4419
      Cm = -0.2025     CD =  0.01225   =>   CDf =  0.00584    CDp =  0.00641

 MRCHDU: Convergence failed at  72  side 2    Res =  0.3700E-01
 Side 1  free  transition at x/c =  0.5428   60
 Side 2  free  transition at x/c =  0.8676   64

  65   rms: 0.1468E+02   max: -.2263E+03   C at   64  2   RLX: 0.002
       a =  5.000      CL =  1.4418
      Cm = -0.2025     CD =  0.01223   =>   CDf =  0.00582    CDp =  0.00642

 Side 1  free  transition at x/c =  0.5428   60
 Side 2  free  transition at x/c =  0.8851   65

  66   rms: 0.1570E+02   max: 0.2297E+03   C at   65  2   RLX: 0.007
       a =  5.000      CL =  1.4410
      Cm = -0.2023     CD =  0.01226   =>   CDf =  0.00580    CDp =  0.00646

 MRCHDU: Convergence failed at  72  side 2    Res =  0.7367E-01
 Side 1  free  transition at x/c =  0.5428   60
 Side 2  free  transition at x/c =  0.8460   63

  67   rms: 0.6140E+01   max: -.9729E+02   C at   63  2   RLX: 0.005
       a =  5.000      CL =  1.4407
      Cm = -0.2021     CD =  0.01225   =>   CDf =  0.00584    CDp =  0.00641

 MRCHDU: Convergence failed at  72  side 2    Res =  0.4626E-01
 Side 1  free  transition at x/c =  0.5428   60
 Side 2  free  transition at x/c =  0.8651   64

  68   rms: 0.1259E+02   max: -.1968E+03   C at   64  2   RLX: 0.003
       a =  5.000      CL =  1.4406
      Cm = -0.2021     CD =  0.01223   =>   CDf =  0.00582    CDp =  0.00641

 Side 1  free  transition at x/c =  0.5428   60
 Side 2  free  transition at x/c =  0.8828   65

  69   rms: 0.3220E+02   max: 0.4793E+03   C at   65  2   RLX: 0.003
       a =  5.000      CL =  1.4402
      Cm = -0.2020     CD =  0.01226   =>   CDf =  0.00580    CDp =  0.00646

 MRCHDU: Convergence failed at  72  side 2    Res =  0.7612E-01
 Side 1  free  transition at x/c =  0.5428   60
 Side 2  free  transition at x/c =  0.8433   63

  70   rms: 0.5726E+01   max: -.9191E+02   C at   63  2   RLX: 0.005
       a =  5.000      CL =  1.4398
      Cm = -0.2018     CD =  0.01225   =>   CDf =  0.00584    CDp =  0.00640

 MRCHDU: Convergence failed at  72  side 2    Res =  0.5154E-01
 Side 1  free  transition at x/c =  0.5427   60
 Side 2  free  transition at x/c =  0.8627   64

  71   rms: 0.1093E+02   max: -.1731E+03   C at   64  2   RLX: 0.003
       a =  5.000      CL =  1.4397
      Cm = -0.2017     CD =  0.01223   =>   CDf =  0.00582    CDp =  0.00641

 MRCHDU: Convergence failed at  72  side 2    Res =  0.5594E-03
 Side 1  free  transition at x/c =  0.5427   60
 Side 2  free  transition at x/c =  0.8808   65

  72   rms: 0.1583E+03   max: 0.2392E+04   C at   65  2   RLX: 0.001
       a =  5.000      CL =  1.4394
      Cm = -0.2017     CD =  0.01226   =>   CDf =  0.00581    CDp =  0.00646

 MRCHDU: Convergence failed at  72  side 2    Res =  0.7681E-01
 Side 1  free  transition at x/c =  0.5427   60
 Side 2  free  transition at x/c =  0.8409   63

  73   rms: 0.4862E+01   max: -.8019E+02   C at   63  2   RLX: 0.006
       a =  5.000      CL =  1.4390
      Cm = -0.2015     CD =  0.01224   =>   CDf =  0.00584    CDp =  0.00640

 MRCHDU: Convergence failed at  72  side 2    Res =  0.5658E-01
 Side 1  free  transition at x/c =  0.5427   60
 Side 2  free  transition at x/c =  0.8606   64

  74   rms: 0.9624E+01   max: -.1541E+03   C at   64  2   RLX: 0.003
       a =  5.000      CL =  1.4389
      Cm = -0.2015     CD =  0.01223   =>   CDf =  0.00582    CDp =  0.00641

 MRCHDU: Convergence failed at  72  side 2    Res =  0.8451E-02
 Side 1  free  transition at x/c =  0.5427   60
 Side 2  free  transition at x/c =  0.8787   65

  75   rms: 0.2381E+03   max: -.3648E+04   C at   65  2   RLX: 0.000
       a =  5.000      CL =  1.4389
      Cm = -0.2015     CD =  0.01222   =>   CDf =  0.00581    CDp =  0.00641

 Side 1  free  transition at x/c =  0.5427   60
 Side 2  free  transition at x/c =  0.8924   66

  76   rms: 0.8118E+01   max: 0.1214E+03   C at   66  2   RLX: 0.012
       a =  5.000      CL =  1.4378
      Cm = -0.2011     CD =  0.01224   =>   CDf =  0.00579    CDp =  0.00645

 MRCHDU: Convergence failed at  72  side 2    Res =  0.4880E-01
 Side 1  free  transition at x/c =  0.5427   60
 Side 2  free  transition at x/c =  0.8649   64

  77   rms: 0.1041E+02   max: -.1630E+03   C at   64  2   RLX: 0.003
       a =  5.000      CL =  1.4377
      Cm = -0.2010     CD =  0.01222   =>   CDf =  0.00582    CDp =  0.00640

 Side 1  free  transition at x/c =  0.5427   60
 Side 2  free  transition at x/c =  0.8827   65

  78   rms: 0.2294E+03   max: 0.3421E+04   C at   65  2   RLX: 0.000
       a =  5.000      CL =  1.4374
      Cm = -0.2010     CD =  0.01225   =>   CDf =  0.00581    CDp =  0.00645

 MRCHDU: Convergence failed at  72  side 2    Res =  0.8624E-01
 Side 1  free  transition at x/c =  0.5427   60
 Side 2  free  transition at x/c =  0.8430   63

  79   rms: 0.6198E+01   max: -.9964E+02   C at   63  2   RLX: 0.005
       a =  5.000      CL =  1.4371
      Cm = -0.2009     CD =  0.01224   =>   CDf =  0.00584    CDp =  0.00640

 MRCHDU: Convergence failed at  72  side 2    Res =  0.5440E-01
 Side 1  free  transition at x/c =  0.5426   60
 Side 2  free  transition at x/c =  0.8624   64

  80   rms: 0.8991E+01   max: -.1426E+03   C at   64  2   RLX: 0.004
       a =  5.000      CL =  1.4369
      Cm = -0.2008     CD =  0.01222   =>   CDf =  0.00582    CDp =  0.00640

 MRCHDU: Convergence failed at  72  side 2    Res =  0.6578E-02
 Side 1  free  transition at x/c =  0.5426   60
 Side 2  free  transition at x/c =  0.8806   65

  81   rms: 0.9110E+02   max: -.1380E+04   C at   65  2   RLX: 0.000
       a =  5.000      CL =  1.4370
      Cm = -0.2008     CD =  0.01221   =>   CDf =  0.00581    CDp =  0.00640

 Side 1  free  transition at x/c =  0.5426   60
 Side 2  free  transition at x/c =  0.8943   66

  82   rms: 0.8642E+01   max: 0.1271E+03   C at   66  2   RLX: 0.012
       a =  5.000      CL =  1.4359
      Cm = -0.2004     CD =  0.01223   =>   CDf =  0.00579    CDp =  0.00644

 MRCHDU: Convergence failed at  72  side 2    Res =  0.4316E-01
 Side 1  free  transition at x/c =  0.5426   60
 Side 2  free  transition at x/c =  0.8681   64

  83   rms: 0.1361E+02   max: -.2063E+03   C at   64  2   RLX: 0.002
       a =  5.000      CL =  1.4358
      Cm = -0.2004     CD =  0.01222   =>   CDf =  0.00582    CDp =  0.00640

 Side 1  free  transition at x/c =  0.5426   60
 Side 2  free  transition at x/c =  0.8858   65

  84   rms: 0.2653E+02   max: 0.3831E+03   C at   65  2   RLX: 0.004
       a =  5.000      CL =  1.4353
      Cm = -0.2002     CD =  0.01224   =>   CDf =  0.00580    CDp =  0.00644

 MRCHDU: Convergence failed at  72  side 2    Res =  0.7990E-01
 Side 1  free  transition at x/c =  0.5426   60
 Side 2  free  transition at x/c =  0.8460   63

  85   rms: 0.6061E+01   max: -.9599E+02   C at   63  2   RLX: 0.005
       a =  5.000      CL =  1.4350
      Cm = -0.2001     CD =  0.01223   =>   CDf =  0.00584    CDp =  0.00639

 MRCHDU: Convergence failed at  72  side 2    Res =  0.4931E-01
 Side 1  free  transition at x/c =  0.5426   60
 Side 2  free  transition at x/c =  0.8651   64

  86   rms: 0.8813E+01   max: -.1379E+03   C at   64  2   RLX: 0.004
       a =  5.000      CL =  1.4349
      Cm = -0.2000     CD =  0.01221   =>   CDf =  0.00582    CDp =  0.00639

 MRCHDU: Convergence failed at  72  side 2    Res =  0.7871E-03
 Side 1  free  transition at x/c =  0.5425   60
 Side 2  free  transition at x/c =  0.8832   65

  87   rms: 0.7777E+02   max: -.1158E+04   C at   65  2   RLX: 0.000
       a =  5.000      CL =  1.4349
      Cm = -0.2000     CD =  0.01220   =>   CDf =  0.00581    CDp =  0.00640

 Side 1  free  transition at x/c =  0.5425   60
 Side 2  free  transition at x/c =  0.8969   66

  88   rms: 0.8018E+01   max: 0.1149E+03   C at   66  2   RLX: 0.013
       a =  5.000      CL =  1.4338
      Cm = -0.1997     CD =  0.01222   =>   CDf =  0.00579    CDp =  0.00643

 MRCHDU: Convergence failed at  72  side 2    Res =  0.3694E-01
 Side 1  free  transition at x/c =  0.5425   60
 Side 2  free  transition at x/c =  0.8720   64

  89   rms: 0.1336E+02   max: -.1985E+03   C at   64  2   RLX: 0.003
       a =  5.000      CL =  1.4337
      Cm = -0.1996     CD =  0.01221   =>   CDf =  0.00581    CDp =  0.00639

 Side 1  free  transition at x/c =  0.5425   60
 Side 2  free  transition at x/c =  0.8895   65

  90   rms: 0.2219E+02   max: 0.3125E+03   C at   65  2   RLX: 0.005
       a =  5.000      CL =  1.4331
      Cm = -0.1994     CD =  0.01223   =>   CDf =  0.00580    CDp =  0.00643

 MRCHDU: Convergence failed at  72  side 2    Res =  0.7732E-01
 Side 1  free  transition at x/c =  0.5425   60
 Side 2  free  transition at x/c =  0.8496   63

  91   rms: 0.5908E+01   max: -.9194E+02   C at   63  2   RLX: 0.005
       a =  5.000      CL =  1.4328
      Cm = -0.1993     CD =  0.01222   =>   CDf =  0.00584    CDp =  0.00638

 MRCHDU: Convergence failed at  72  side 2    Res =  0.4693E-01
 Side 1  free  transition at x/c =  0.5425   60
 Side 2  free  transition at x/c =  0.8683   64

  92   rms: 0.1136E+02   max: -.1721E+03   C at   64  2   RLX: 0.003
       a =  5.000      CL =  1.4327
      Cm = -0.1992     CD =  0.01221   =>   CDf =  0.00582    CDp =  0.00639

 Side 1  free  transition at x/c =  0.5425   60
 Side 2  free  transition at x/c =  0.8862   65

  93   rms: 0.6707E+02   max: 0.9675E+03   C at   65  2   RLX: 0.002
       a =  5.000      CL =  1.4324
      Cm = -0.1992     CD =  0.01223   =>   CDf =  0.00580    CDp =  0.00643

 MRCHDU: Convergence failed at  72  side 2    Res =  0.8145E-01
 Side 1  free  transition at x/c =  0.5425   60
 Side 2  free  transition at x/c =  0.8460   63

  94   rms: 0.5420E+01   max: -.8583E+02   C at   63  2   RLX: 0.006
       a =  5.000      CL =  1.4321
      Cm = -0.1990     CD =  0.01222   =>   CDf =  0.00584    CDp =  0.00638

 MRCHDU: Convergence failed at  72  side 2    Res =  0.5343E-01
 Side 1  free  transition at x/c =  0.5424   60
 Side 2  free  transition at x/c =  0.8650   64

  95   rms: 0.7621E+01   max: -.1192E+03   C at   64  2   RLX: 0.004
       a =  5.000      CL =  1.4319
      Cm = -0.1989     CD =  0.01221   =>   CDf =  0.00582    CDp =  0.00638

 MRCHDU: Convergence failed at  72  side 2    Res =  0.8147E-02
 Side 1  free  transition at x/c =  0.5424   60
 Side 2  free  transition at x/c =  0.8832   65

  96   rms: 0.3799E+02   max: -.5667E+03   C at   65  2   RLX: 0.001
       a =  5.000      CL =  1.4319
      Cm = -0.1989     CD =  0.01219   =>   CDf =  0.00581    CDp =  0.00639

 Side 1  free  transition at x/c =  0.5424   60
 Side 2  free  transition at x/c =  0.8971   66

  97   rms: 0.9636E+01   max: 0.1380E+03   C at   66  2   RLX: 0.011
       a =  5.000      CL =  1.4309
      Cm = -0.1986     CD =  0.01222   =>   CDf =  0.00579    CDp =  0.00642

 MRCHDU: Convergence failed at  72  side 2    Res =  0.3726E-01
 Side 1  free  transition at x/c =  0.5424   60
 Side 2  free  transition at x/c =  0.8725   64

  98   rms: 0.1087E+02   max: -.1610E+03   C at   64  2   RLX: 0.003
       a =  5.000      CL =  1.4308
      Cm = -0.1985     CD =  0.01220   =>   CDf =  0.00582    CDp =  0.00638

 Side 1  free  transition at x/c =  0.5424   60
 Side 2  free  transition at x/c =  0.8902   65

  99   rms: 0.3692E+02   max: 0.5185E+03   C at   65  2   RLX: 0.003
       a =  5.000      CL =  1.4304
      Cm = -0.1984     CD =  0.01223   =>   CDf =  0.00580    CDp =  0.00642

 MRCHDU: Convergence failed at  72  side 2    Res =  0.7561E-01
 Side 1  free  transition at x/c =  0.5424   60
 Side 2  free  transition at x/c =  0.8498   63

 100   rms: 0.5246E+01   max: -.8151E+02   C at   63  2   RLX: 0.006
       a =  5.000      CL =  1.4301
      Cm = -0.1983     CD =  0.01221   =>   CDf =  0.00584    CDp =  0.00638

 MRCHDU: Convergence failed at  72  side 2    Res =  0.4853E-01
 Side 1  free  transition at x/c =  0.5424   60
 Side 2  free  transition at x/c =  0.8685   64

 101   rms: 0.9233E+01   max: -.1396E+03   C at   64  2   RLX: 0.004
       a =  5.000      CL =  1.4299
      Cm = -0.1982     CD =  0.01220   =>   CDf =  0.00582    CDp =  0.00638

 MRCHDU: Convergence failed at  72  side 2    Res =  0.3574E-03
 Side 1  free  transition at x/c =  0.5423   60
 Side 2  free  transition at x/c =  0.8866   65

 102   rms: 0.2594E+03   max: -.3731E+04   C at   65  2   RLX: 0.000
       a =  5.000      CL =  1.4299
      Cm = -0.1982     CD =  0.01219   =>   CDf =  0.00581    CDp =  0.00638

 Side 1  free  transition at x/c =  0.5423   60
 Side 2  free  transition at x/c =  0.9003   66

 103   rms: 0.1204E+02   max: 0.1648E+03   C at   66  2   RLX: 0.009
       a =  5.000      CL =  1.4292
      Cm = -0.1980     CD =  0.01221   =>   CDf =  0.00579    CDp =  0.00642

 MRCHDU: Convergence failed at  72  side 2    Res =  0.2490E-01
 Side 1  free  transition at x/c =  0.5423   60
 Side 2  free  transition at x/c =  0.8768   65

 104   rms: 0.1575E+02   max: -.2449E+03   C at   65  2   RLX: 0.002
       a =  5.000      CL =  1.4291
      Cm = -0.1979     CD =  0.01219   =>   CDf =  0.00581    CDp =  0.00638

 Side 1  free  transition at x/c =  0.5423   60
 Side 2  free  transition at x/c =  0.8913   65

 105   rms: 0.2989E+02   max: 0.4160E+03   C at   65  2   RLX: 0.004
       a =  5.000      CL =  1.4287
      Cm = -0.1978     CD =  0.01222   =>   CDf =  0.00580    CDp =  0.00642

 MRCHDU: Convergence failed at  72  side 2    Res =  0.7252E-01
 Side 1  free  transition at x/c =  0.5423   60
 Side 2  free  transition at x/c =  0.8509   63

 106   rms: 0.5194E+01   max: -.8023E+02   C at   63  2   RLX: 0.006
       a =  5.000      CL =  1.4284
      Cm = -0.1977     CD =  0.01221   =>   CDf =  0.00584    CDp =  0.00637

 MRCHDU: Convergence failed at  72  side 2    Res =  0.4629E-01
 Side 1  free  transition at x/c =  0.5423   60
 Side 2  free  transition at x/c =  0.8695   64

 107   rms: 0.9182E+01   max: -.1382E+03   C at   64  2   RLX: 0.004
       a =  5.000      CL =  1.4282
      Cm = -0.1976     CD =  0.01220   =>   CDf =  0.00582    CDp =  0.00638

 MRCHDU: Convergence failed at  72  side 2    Res =  0.1675E-03
 Side 1  free  transition at x/c =  0.5423   60
 Side 2  free  transition at x/c =  0.8875   65

 108   rms: 0.5654E+03   max: -.8085E+04   C at   65  2   RLX: 0.000
       a =  5.000      CL =  1.4283
      Cm = -0.1976     CD =  0.01218   =>   CDf =  0.00581    CDp =  0.00638

 Side 1  free  transition at x/c =  0.5423   60
 Side 2  free  transition at x/c =  0.9013   66

 109   rms: 0.1182E+02   max: 0.1604E+03   C at   66  2   RLX: 0.009
       a =  5.000      CL =  1.4275
      Cm = -0.1974     CD =  0.01220   =>   CDf =  0.00579    CDp =  0.00641

 MRCHDU: Convergence failed at  72  side 2    Res =  0.2256E-01
 Side 1  free  transition at x/c =  0.5423   60
 Side 2  free  transition at x/c =  0.8777   65

 110   rms: 0.1597E+02   max: -.2469E+03   C at   65  2   RLX: 0.002
       a =  5.000      CL =  1.4275
      Cm = -0.1973     CD =  0.01219   =>   CDf =  0.00581    CDp =  0.00638

 Side 1  free  transition at x/c =  0.5422   60
 Side 2  free  transition at x/c =  0.8923   66

 111   rms: 0.2230E+02   max: 0.3327E+03   C at   66  2   RLX: 0.005
       a =  5.000      CL =  1.4270
      Cm = -0.1972     CD =  0.01222   =>   CDf =  0.00580    CDp =  0.00642

 MRCHDU: Convergence failed at  72  side 2    Res =  0.3846E-01
 Side 1  free  transition at x/c =  0.5422   60
 Side 2  free  transition at x/c =  0.8651   64

 112   rms: 0.5677E+01   max: -.8868E+02   C at   64  2   RLX: 0.006
       a =  5.000      CL =  1.4267
      Cm = -0.1970     CD =  0.01220   =>   CDf =  0.00582    CDp =  0.00637

 MRCHDU: Convergence failed at  72  side 2    Res =  0.1167E-02
 Side 1  free  transition at x/c =  0.5422   60
 Side 2  free  transition at x/c =  0.8835   65

 113   rms: 0.1631E+02   max: -.2430E+03   C at   65  2   RLX: 0.002
       a =  5.000      CL =  1.4266
      Cm = -0.1970     CD =  0.01218   =>   CDf =  0.00581    CDp =  0.00637

 Side 1  free  transition at x/c =  0.5422   60
 Side 2  free  transition at x/c =  0.8978   66

 114   rms: 0.1378E+02   max: 0.1939E+03   C at   66  2   RLX: 0.008
       a =  5.000      CL =  1.4260
      Cm = -0.1968     CD =  0.01221   =>   CDf =  0.00580    CDp =  0.00641

 MRCHDU: Convergence failed at  72  side 2    Res =  0.2149E-01
 Side 1  free  transition at x/c =  0.5422   60
 Side 2  free  transition at x/c =  0.8731   64

 115   rms: 0.8215E+01   max: -.1212E+03   C at   64  2   RLX: 0.004
       a =  5.000      CL =  1.4258
      Cm = -0.1967     CD =  0.01219   =>   CDf =  0.00582    CDp =  0.00637

 Side 1  free  transition at x/c =  0.5422   60
 Side 2  free  transition at x/c =  0.8908   65

 116   rms: 0.5052E+02   max: 0.7079E+03   C at   65  2   RLX: 0.002
       a =  5.000      CL =  1.4254
      Cm = -0.1966     CD =  0.01222   =>   CDf =  0.00580    CDp =  0.00642

 MRCHDU: Convergence failed at  72  side 2    Res =  0.5685E-01
 Side 1  free  transition at x/c =  0.5422   60
 Side 2  free  transition at x/c =  0.8493   63

 117   rms: 0.4267E+01   max: -.6638E+02   C at   63  2   RLX: 0.008
       a =  5.000      CL =  1.4251
      Cm = -0.1965     CD =  0.01221   =>   CDf =  0.00584    CDp =  0.00637

 MRCHDU: Convergence failed at  72  side 2    Res =  0.3664E-01
 Side 1  free  transition at x/c =  0.5422   60
 Side 2  free  transition at x/c =  0.8679   64

 118   rms: 0.6744E+01   max: -.1023E+03   C at   64  2   RLX: 0.005
       a =  5.000      CL =  1.4248
      Cm = -0.1964     CD =  0.01219   =>   CDf =  0.00582    CDp =  0.00637

 MRCHDU: Convergence failed at  72  side 2    Res =  0.6370E-04
 Side 1  free  transition at x/c =  0.5421   60
 Side 2  free  transition at x/c =  0.8859   65

 119   rms: 0.3541E+02   max: -.5129E+03   C at   65  2   RLX: 0.001
       a =  5.000      CL =  1.4249
      Cm = -0.1963     CD =  0.01218   =>   CDf =  0.00581    CDp =  0.00637

 Side 1  free  transition at x/c =  0.5421   60
 Side 2  free  transition at x/c =  0.9001   66

 120   rms: 0.1408E+02   max: 0.1935E+03   C at   66  2   RLX: 0.008
       a =  5.000      CL =  1.4242
      Cm = -0.1961     CD =  0.01220   =>   CDf =  0.00579    CDp =  0.00641

 MRCHDU: Convergence failed at  72  side 2    Res =  0.1518E-01
 Side 1  free  transition at x/c =  0.5421   60
 Side 2  free  transition at x/c =  0.8761   65

 121   rms: 0.9332E+01   max: -.1459E+03   C at   65  2   RLX: 0.003
       a =  5.000      CL =  1.4241
      Cm = -0.1961     CD =  0.01219   =>   CDf =  0.00582    CDp =  0.00637

 Side 1  free  transition at x/c =  0.5421   60
 Side 2  free  transition at x/c =  0.8912   65

 122   rms: 0.9435E+02   max: 0.1319E+04   C at   65  2   RLX: 0.001
       a =  5.000      CL =  1.4238
      Cm = -0.1960     CD =  0.01222   =>   CDf =  0.00580    CDp =  0.00642

 MRCHDU: Convergence failed at  72  side 2    Res =  0.5659E-01
 Side 1  free  transition at x/c =  0.5421   60
 Side 2  free  transition at x/c =  0.8496   63

 123   rms: 0.4094E+01   max: -.6356E+02   C at   63  2   RLX: 0.008
       a =  5.000      CL =  1.4234
      Cm = -0.1959     CD =  0.01221   =>   CDf =  0.00584    CDp =  0.00637

 MRCHDU: Convergence failed at  72  side 2    Res =  0.3766E-01
 Side 1  free  transition at x/c =  0.5421   60
 Side 2  free  transition at x/c =  0.8682   64

 124   rms: 0.6372E+01   max: -.9650E+02   C at   64  2   RLX: 0.005
       a =  5.000      CL =  1.4232
      Cm = -0.1958     CD =  0.01219   =>   CDf =  0.00582    CDp =  0.00637

 MRCHDU: Convergence failed at  72  side 2    Res =  0.4886E-03
 Side 1  free  transition at x/c =  0.5421   60
 Side 2  free  transition at x/c =  0.8862   65

 125   rms: 0.2843E+02   max: -.4112E+03   C at   65  2   RLX: 0.001
       a =  5.000      CL =  1.4232
      Cm = -0.1957     CD =  0.01217   =>   CDf =  0.00581    CDp =  0.00636

 Side 1  free  transition at x/c =  0.5421   60
 Side 2  free  transition at x/c =  0.9005   66

 126   rms: 0.1552E+02   max: 0.2118E+03   C at   66  2   RLX: 0.007
       a =  5.000      CL =  1.4226
      Cm = -0.1956     CD =  0.01220   =>   CDf =  0.00580    CDp =  0.00640

 MRCHDU: Convergence failed at  72  side 2    Res =  0.1773E-01
 Side 1  free  transition at x/c =  0.5421   60
 Side 2  free  transition at x/c =  0.8763   65

 127   rms: 0.8625E+01   max: -.1347E+03   C at   65  2   RLX: 0.004
       a =  5.000      CL =  1.4225
      Cm = -0.1955     CD =  0.01218   =>   CDf =  0.00582    CDp =  0.00636

 Side 1  free  transition at x/c =  0.5420   60
 Side 2  free  transition at x/c =  0.8913   65

 128   rms: 0.5414E+03   max: -.7568E+04   C at   65  2   RLX: 0.000
       a =  5.000      CL =  1.4225
      Cm = -0.1955     CD =  0.01217   =>   CDf =  0.00581    CDp =  0.00636

 Side 1  free  transition at x/c =  0.5420   60
 Side 2  free  transition at x/c =  0.9052   66

 129   rms: 0.1340E+02   max: 0.1751E+03   C at   66  2   RLX: 0.009
       a =  5.000      CL =  1.4219
      Cm = -0.1953     CD =  0.01219   =>   CDf =  0.00579    CDp =  0.00640

 MRCHDU: Convergence failed at  72  side 2    Res =  0.7056E-02
 Side 1  free  transition at x/c =  0.5420   60
 Side 2  free  transition at x/c =  0.8817   65

 130   rms: 0.1151E+02   max: -.1735E+03   C at   65  2   RLX: 0.003
       a =  5.000      CL =  1.4218
      Cm = -0.1953     CD =  0.01217   =>   CDf =  0.00581    CDp =  0.00636

 Side 1  free  transition at x/c =  0.5420   60
 Side 2  free  transition at x/c =  0.8962   66

 131   rms: 0.1905E+02   max: 0.2723E+03   C at   66  2   RLX: 0.006
       a =  5.000      CL =  1.4213
      Cm = -0.1951     CD =  0.01221   =>   CDf =  0.00580    CDp =  0.00641

 MRCHDU: Convergence failed at  72  side 2    Res =  0.2397E-01
 Side 1  free  transition at x/c =  0.5420   60
 Side 2  free  transition at x/c =  0.8699   64

 132   rms: 0.6351E+01   max: -.9522E+02   C at   64  2   RLX: 0.005
       a =  5.000      CL =  1.4211
      Cm = -0.1950     CD =  0.01219   =>   CDf =  0.00582    CDp =  0.00636

 Side 1  free  transition at x/c =  0.5420   60
 Side 2  free  transition at x/c =  0.8879   65

 133   rms: 0.6063E+02   max: -.8671E+03   C at   65  2   RLX: 0.001
       a =  5.000      CL =  1.4211
      Cm = -0.1950     CD =  0.01217   =>   CDf =  0.00581    CDp =  0.00636

 Side 1  free  transition at x/c =  0.5420   60
 Side 2  free  transition at x/c =  0.9021   66

 134   rms: 0.1313E+02   max: 0.1775E+03   C at   66  2   RLX: 0.008
       a =  5.000      CL =  1.4205
      Cm = -0.1948     CD =  0.01220   =>   CDf =  0.00579    CDp =  0.00640

 MRCHDU: Convergence failed at  72  side 2    Res =  0.7170E-02
 Side 1  free  transition at x/c =  0.5420   60
 Side 2  free  transition at x/c =  0.8773   65

 135   rms: 0.8654E+01   max: -.1342E+03   C at   65  2   RLX: 0.004
       a =  5.000      CL =  1.4204
      Cm = -0.1947     CD =  0.01218   =>   CDf =  0.00582    CDp =  0.00636

 Side 1  free  transition at x/c =  0.5420   60
 Side 2  free  transition at x/c =  0.8923   66

 136   rms: 0.6335E+02   max: 0.9517E+03   C at   66  2   RLX: 0.002
       a =  5.000      CL =  1.4201
      Cm = -0.1947     CD =  0.01222   =>   CDf =  0.00581    CDp =  0.00641

 MRCHDU: Convergence failed at  72  side 2    Res =  0.1348E-01
 Side 1  free  transition at x/c =  0.5420   60
 Side 2  free  transition at x/c =  0.8639   64

 137   rms: 0.3919E+01   max: -.6148E+02   C at   64  2   RLX: 0.008
       a =  5.000      CL =  1.4196
      Cm = -0.1945     CD =  0.01219   =>   CDf =  0.00583    CDp =  0.00636

 Side 1  free  transition at x/c =  0.5419   60
 Side 2  free  transition at x/c =  0.8820   65

 138   rms: 0.9056E+01   max: -.1363E+03   C at   65  2   RLX: 0.004
       a =  5.000      CL =  1.4195
      Cm = -0.1944     CD =  0.01217   =>   CDf =  0.00581    CDp =  0.00636

 Side 1  free  transition at x/c =  0.5419   60
 Side 2  free  transition at x/c =  0.8969   66

 139   rms: 0.2112E+02   max: 0.3008E+03   C at   66  2   RLX: 0.005
       a =  5.000      CL =  1.4191
      Cm = -0.1943     CD =  0.01221   =>   CDf =  0.00580    CDp =  0.00641

 MRCHDU: Convergence failed at  72  side 2    Res =  0.2826E-02
 Side 1  free  transition at x/c =  0.5419   60
 Side 2  free  transition at x/c =  0.8705   64

 140   rms: 0.4985E+01   max: -.7446E+02   C at   64  2   RLX: 0.007
       a =  5.000      CL =  1.4188
      Cm = -0.1941     CD =  0.01218   =>   CDf =  0.00582    CDp =  0.00636

 Side 1  free  transition at x/c =  0.5419   60
 Side 2  free  transition at x/c =  0.8883   65

 141   rms: 0.3376E+02   max: -.4823E+03   C at   65  2   RLX: 0.001
       a =  5.000      CL =  1.4188
      Cm = -0.1941     CD =  0.01217   =>   CDf =  0.00581    CDp =  0.00636

 Side 1  free  transition at x/c =  0.5419   60
 Side 2  free  transition at x/c =  0.9028   66

 142   rms: 0.1510E+02   max: 0.2036E+03   C at   66  2   RLX: 0.007
       a =  5.000      CL =  1.4182
      Cm = -0.1939     CD =  0.01220   =>   CDf =  0.00580    CDp =  0.00640

 Side 1  free  transition at x/c =  0.5419   60
 Side 2  free  transition at x/c =  0.8776   65

 143   rms: 0.6669E+01   max: -.1032E+03   C at   65  2   RLX: 0.005
       a =  5.000      CL =  1.4180
      Cm = -0.1939     CD =  0.01218   =>   CDf =  0.00582    CDp =  0.00636

 Side 1  free  transition at x/c =  0.5419   60
 Side 2  free  transition at x/c =  0.8929   66

 144   rms: 0.1461E+03   max: 0.2190E+04   C at   66  2   RLX: 0.001
       a =  5.000      CL =  1.4178
      Cm = -0.1938     CD =  0.01222   =>   CDf =  0.00580    CDp =  0.00641

 Side 1  free  transition at x/c =  0.5419   60
 Side 2  free  transition at x/c =  0.8643   64

 145   rms: 0.3241E+01   max: -.5066E+02   C at   64  2   RLX: 0.010
       a =  5.000      CL =  1.4173
      Cm = -0.1936     CD =  0.01219   =>   CDf =  0.00583    CDp =  0.00636

 Side 1  free  transition at x/c =  0.5418   60
 Side 2  free  transition at x/c =  0.8825   65

 146   rms: 0.7082E+01   max: -.1063E+03   C at   65  2   RLX: 0.005
       a =  5.000      CL =  1.4171
      Cm = -0.1935     CD =  0.01217   =>   CDf =  0.00581    CDp =  0.00636

 Side 1  free  transition at x/c =  0.5418   60
 Side 2  free  transition at x/c =  0.8975   66

 147   rms: 0.3421E+02   max: 0.4874E+03   C at   66  2   RLX: 0.003
       a =  5.000      CL =  1.4168
      Cm = -0.1934     CD =  0.01221   =>   CDf =  0.00580    CDp =  0.00641

 Side 1  free  transition at x/c =  0.5418   60
 Side 2  free  transition at x/c =  0.8707   64

 148   rms: 0.4088E+01   max: -.6094E+02   C at   64  2   RLX: 0.008
       a =  5.000      CL =  1.4164
      Cm = -0.1933     CD =  0.01219   =>   CDf =  0.00582    CDp =  0.00636

 Side 1  free  transition at x/c =  0.5418   60
 Side 2  free  transition at x/c =  0.8884   65

 149   rms: 0.1857E+02   max: -.2654E+03   C at   65  2   RLX: 0.002
       a =  5.000      CL =  1.4164
      Cm = -0.1932     CD =  0.01217   =>   CDf =  0.00581    CDp =  0.00636

 Side 1  free  transition at x/c =  0.5418   60
 Side 2  free  transition at x/c =  0.9032   66

 150   rms: 0.2004E+02   max: 0.2705E+03   C at   66  2   RLX: 0.006
       a =  5.000      CL =  1.4159
      Cm = -0.1931     CD =  0.01220   =>   CDf =  0.00580    CDp =  0.00641

 Side 1  free  transition at x/c =  0.5418   60
 Side 2  free  transition at x/c =  0.8772   65

 151   rms: 0.5139E+01   max: -.7969E+02   C at   65  2   RLX: 0.006
       a =  5.000      CL =  1.4157
      Cm = -0.1930     CD =  0.01218   =>   CDf =  0.00582    CDp =  0.00636

 Side 1  free  transition at x/c =  0.5418   60
 Side 2  free  transition at x/c =  0.8928   66

 152   rms: 0.3592E+02   max: -.5398E+03   C at   66  2   RLX: 0.001
       a =  5.000      CL =  1.4157
      Cm = -0.1930     CD =  0.01216   =>   CDf =  0.00581    CDp =  0.00636

 Side 1  free  transition at x/c =  0.5418   60
 Side 2  free  transition at x/c =  0.9026   66

 153   rms: 0.1971E+02   max: 0.2678E+03   C at   66  2   RLX: 0.006
       a =  5.000      CL =  1.4153
      Cm = -0.1929     CD =  0.01220   =>   CDf =  0.00580    CDp =  0.00640

 Side 1  free  transition at x/c =  0.5417   60
 Side 2  free  transition at x/c =  0.8761   65

 154   rms: 0.5254E+01   max: -.8200E+02   C at   65  2   RLX: 0.006
       a =  5.000      CL =  1.4151
      Cm = -0.1928     CD =  0.01217   =>   CDf =  0.00582    CDp =  0.00635

 Side 1  free  transition at x/c =  0.5417   60
 Side 2  free  transition at x/c =  0.8918   65

 155   rms: 0.4074E+02   max: -.5694E+03   C at   65  2   RLX: 0.001
       a =  5.000      CL =  1.4151
      Cm = -0.1928     CD =  0.01216   =>   CDf =  0.00581    CDp =  0.00635

 Side 1  free  transition at x/c =  0.5417   60
 Side 2  free  transition at x/c =  0.9064   66

 156   rms: 0.1663E+02   max: 0.2182E+03   C at   66  2   RLX: 0.007
       a =  5.000      CL =  1.4146
      Cm = -0.1926     CD =  0.01219   =>   CDf =  0.00580    CDp =  0.00639

 Side 1  free  transition at x/c =  0.5417   60
 Side 2  free  transition at x/c =  0.8799   65

 157   rms: 0.6435E+01   max: -.9807E+02   C at   65  2   RLX: 0.005
       a =  5.000      CL =  1.4144
      Cm = -0.1926     CD =  0.01217   =>   CDf =  0.00582    CDp =  0.00635

 Side 1  free  transition at x/c =  0.5417   60
 Side 2  free  transition at x/c =  0.8953   66

 158   rms: 0.4919E+02   max: 0.7148E+03   C at   66  2   RLX: 0.002
       a =  5.000      CL =  1.4142
      Cm = -0.1925     CD =  0.01221   =>   CDf =  0.00580    CDp =  0.00640

 MRCHDU: Convergence failed at  72  side 2    Res =  0.4179E-03
 Side 1  free  transition at x/c =  0.5417   60
 Side 2  free  transition at x/c =  0.8662   64

 159   rms: 0.3445E+01   max: -.5325E+02   C at   64  2   RLX: 0.009
       a =  5.000      CL =  1.4138
      Cm = -0.1924     CD =  0.01218   =>   CDf =  0.00583    CDp =  0.00635

 Side 1  free  transition at x/c =  0.5417   60
 Side 2  free  transition at x/c =  0.8840   65

 160   rms: 0.1197E+02   max: -.1758E+03   C at   65  2   RLX: 0.003
       a =  5.000      CL =  1.4137
      Cm = -0.1923     CD =  0.01217   =>   CDf =  0.00581    CDp =  0.00635

 Side 1  free  transition at x/c =  0.5417   60
 Side 2  free  transition at x/c =  0.8992   66

 161   rms: 0.2998E+02   max: 0.4216E+03   C at   66  2   RLX: 0.004
       a =  5.000      CL =  1.4133
      Cm = -0.1922     CD =  0.01220   =>   CDf =  0.00580    CDp =  0.00640

 Side 1  free  transition at x/c =  0.5417   60
 Side 2  free  transition at x/c =  0.8710   64

 162   rms: 0.4177E+01   max: -.6208E+02   C at   64  2   RLX: 0.008
       a =  5.000      CL =  1.4130
      Cm = -0.1921     CD =  0.01218   =>   CDf =  0.00583    CDp =  0.00635

 Side 1  free  transition at x/c =  0.5416   60
 Side 2  free  transition at x/c =  0.8886   65

 163   rms: 0.1854E+02   max: -.2644E+03   C at   65  2   RLX: 0.002
       a =  5.000      CL =  1.4130
      Cm = -0.1920     CD =  0.01216   =>   CDf =  0.00581    CDp =  0.00635

 Side 1  free  transition at x/c =  0.5416   60
 Side 2  free  transition at x/c =  0.9035   66

 164   rms: 0.2082E+02   max: 0.2816E+03   C at   66  2   RLX: 0.005
       a =  5.000      CL =  1.4126
      Cm = -0.1919     CD =  0.01219   =>   CDf =  0.00580    CDp =  0.00639

 Side 1  free  transition at x/c =  0.5416   60
 Side 2  free  transition at x/c =  0.8756   65

 165   rms: 0.4914E+01   max: -.7682E+02   C at   65  2   RLX: 0.007
       a =  5.000      CL =  1.4124
      Cm = -0.1918     CD =  0.01217   =>   CDf =  0.00582    CDp =  0.00635

 Side 1  free  transition at x/c =  0.5416   60
 Side 2  free  transition at x/c =  0.8914   65

 166   rms: 0.2875E+02   max: -.4026E+03   C at   65  2   RLX: 0.001
       a =  5.000      CL =  1.4124
      Cm = -0.1918     CD =  0.01216   =>   CDf =  0.00581    CDp =  0.00635

 Side 1  free  transition at x/c =  0.5416   60
 Side 2  free  transition at x/c =  0.9061   66

 167   rms: 0.1829E+02   max: 0.2420E+03   C at   66  2   RLX: 0.006
       a =  5.000      CL =  1.4119
      Cm = -0.1917     CD =  0.01219   =>   CDf =  0.00580    CDp =  0.00639

 Side 1  free  transition at x/c =  0.5416   60
 Side 2  free  transition at x/c =  0.8780   65

 168   rms: 0.5563E+01   max: -.8571E+02   C at   65  2   RLX: 0.006
       a =  5.000      CL =  1.4117
      Cm = -0.1916     CD =  0.01216   =>   CDf =  0.00582    CDp =  0.00634

 Side 1  free  transition at x/c =  0.5416   60
 Side 2  free  transition at x/c =  0.8936   66

 169   rms: 0.4651E+02   max: -.6940E+03   C at   66  2   RLX: 0.001
       a =  5.000      CL =  1.4118
      Cm = -0.1916     CD =  0.01215   =>   CDf =  0.00581    CDp =  0.00634

 Side 1  free  transition at x/c =  0.5416   60
 Side 2  free  transition at x/c =  0.9039   66

 170   rms: 0.1996E+02   max: 0.2685E+03   C at   66  2   RLX: 0.006
       a =  5.000      CL =  1.4114
      Cm = -0.1915     CD =  0.01218   =>   CDf =  0.00580    CDp =  0.00638

 MRCHDU: Convergence failed at  72  side 2    Res =  0.1298E-01
 Side 1  free  transition at x/c =  0.5416   60
 Side 2  free  transition at x/c =  0.8750   65

 171   rms: 0.4483E+01   max: -.7146E+02   C at   65  2   RLX: 0.007
       a =  5.000      CL =  1.4111
      Cm = -0.1914     CD =  0.01216   =>   CDf =  0.00582    CDp =  0.00634

 Side 1  free  transition at x/c =  0.5415   60
 Side 2  free  transition at x/c =  0.8909   65

 172   rms: 0.2403E+02   max: -.3373E+03   C at   65  2   RLX: 0.001
       a =  5.000      CL =  1.4112
      Cm = -0.1914     CD =  0.01215   =>   CDf =  0.00581    CDp =  0.00633

 Side 1  free  transition at x/c =  0.5415   60
 Side 2  free  transition at x/c =  0.9057   66

 173   rms: 0.1931E+02   max: 0.2561E+03   C at   66  2   RLX: 0.006
       a =  5.000      CL =  1.4107
      Cm = -0.1913     CD =  0.01218   =>   CDf =  0.00580    CDp =  0.00638

 MRCHDU: Convergence failed at  72  side 2    Res =  0.2100E-01
 Side 1  free  transition at x/c =  0.5415   60
 Side 2  free  transition at x/c =  0.8763   65

 174   rms: 0.6502E+01   max: -.1011E+03   C at   65  2   RLX: 0.005
       a =  5.000      CL =  1.4106
      Cm = -0.1912     CD =  0.01216   =>   CDf =  0.00582    CDp =  0.00634

 MRCHDU: Convergence failed at  72  side 2    Res =  0.1355E-03
 Side 1  free  transition at x/c =  0.5415   60
 Side 2  free  transition at x/c =  0.8921   66

 175   rms: 0.2399E+02   max: -.3625E+03   C at   66  2   RLX: 0.001
       a =  5.000      CL =  1.4106
      Cm = -0.1912     CD =  0.01214   =>   CDf =  0.00581    CDp =  0.00633

 Side 1  free  transition at x/c =  0.5415   60
 Side 2  free  transition at x/c =  0.9031   66

 176   rms: 0.2423E+02   max: 0.3291E+03   C at   66  2   RLX: 0.005
       a =  5.000      CL =  1.4102
      Cm = -0.1911     CD =  0.01218   =>   CDf =  0.00581    CDp =  0.00637

 MRCHDU: Convergence failed at  72  side 2    Res =  0.3744E-01
 Side 1  free  transition at x/c =  0.5415   60
 Side 2  free  transition at x/c =  0.8729   64

 177   rms: 0.6065E+01   max: -.8912E+02   C at   64  2   RLX: 0.006
       a =  5.000      CL =  1.4101
      Cm = -0.1911     CD =  0.01216   =>   CDf =  0.00582    CDp =  0.00633

 MRCHDU: Convergence failed at  72  side 2    Res =  0.1156E-01
 Side 1  free  transition at x/c =  0.5415   60
 Side 2  free  transition at x/c =  0.8901   65

 178   rms: 0.3512E+02   max: -.4952E+03   C at   65  2   RLX: 0.001
       a =  5.000      CL =  1.4101
      Cm = -0.1911     CD =  0.01214   =>   CDf =  0.00581    CDp =  0.00633

 Side 1  free  transition at x/c =  0.5415   60
 Side 2  free  transition at x/c =  0.9050   66

 179   rms: 0.2077E+02   max: 0.2777E+03   C at   66  2   RLX: 0.005
       a =  5.000      CL =  1.4097
      Cm = -0.1909     CD =  0.01217   =>   CDf =  0.00581    CDp =  0.00637

 MRCHDU: Convergence failed at  72  side 2    Res =  0.3905E-01
 Side 1  free  transition at x/c =  0.5415   60
 Side 2  free  transition at x/c =  0.8745   65

 180   rms: 0.5589E+01   max: -.8931E+02   C at   65  2   RLX: 0.006
       a =  5.000      CL =  1.4096
      Cm = -0.1909     CD =  0.01215   =>   CDf =  0.00582    CDp =  0.00633

 MRCHDU: Convergence failed at  72  side 2    Res =  0.1770E-01
 Side 1  free  transition at x/c =  0.5415   60
 Side 2  free  transition at x/c =  0.8906   65

 181   rms: 0.6255E+02   max: -.8788E+03   C at   65  2   RLX: 0.001
       a =  5.000      CL =  1.4096
      Cm = -0.1909     CD =  0.01214   =>   CDf =  0.00581    CDp =  0.00633

 Side 1  free  transition at x/c =  0.5415   60
 Side 2  free  transition at x/c =  0.9055   66

 182   rms: 0.2064E+02   max: 0.2753E+03   C at   66  2   RLX: 0.005
       a =  5.000      CL =  1.4092
      Cm = -0.1908     CD =  0.01217   =>   CDf =  0.00581    CDp =  0.00636

 MRCHDU: Convergence failed at  72  side 2    Res =  0.4765E-01
 Side 1  free  transition at x/c =  0.5415   60
 Side 2  free  transition at x/c =  0.8742   65

 183   rms: 0.6116E+01   max: -.9790E+02   C at   65  2   RLX: 0.005
       a =  5.000      CL =  1.4091
      Cm = -0.1907     CD =  0.01215   =>   CDf =  0.00582    CDp =  0.00633

 MRCHDU: Convergence failed at  72  side 2    Res =  0.2520E-01
 Side 1  free  transition at x/c =  0.5415   60
 Side 2  free  transition at x/c =  0.8901   65

 184   rms: 0.2345E+03   max: -.3303E+04   C at   65  2   RLX: 0.000
       a =  5.000      CL =  1.4092
      Cm = -0.1907     CD =  0.01214   =>   CDf =  0.00581    CDp =  0.00633

 Side 1  free  transition at x/c =  0.5414   60
 Side 2  free  transition at x/c =  0.9051   66

 185   rms: 0.2084E+02   max: 0.2793E+03   C at   66  2   RLX: 0.005
       a =  5.000      CL =  1.4087
      Cm = -0.1906     CD =  0.01217   =>   CDf =  0.00581    CDp =  0.00636

 MRCHDU: Convergence failed at  72  side 2    Res =  0.5600E-01
 Side 1  free  transition at x/c =  0.5414   60
 Side 2  free  transition at x/c =  0.8731   64

 186   rms: 0.7938E+01   max: -.1165E+03   C at   64  2   RLX: 0.004
       a =  5.000      CL =  1.4087
      Cm = -0.1906     CD =  0.01215   =>   CDf =  0.00582    CDp =  0.00633

 MRCHDU: Convergence failed at  72  side 2    Res =  0.2638E-01
 Side 1  free  transition at x/c =  0.5414   60
 Side 2  free  transition at x/c =  0.8904   65

 187   rms: 0.1712E+03   max: 0.2406E+04   C at   65  2   RLX: 0.001
       a =  5.000      CL =  1.4084
      Cm = -0.1905     CD =  0.01219   =>   CDf =  0.00581    CDp =  0.00638

 MRCHDU: Convergence failed at  72  side 2    Res =  0.8625E-01
 Side 1  free  transition at x/c =  0.5414   60
 Side 2  free  transition at x/c =  0.8466   63

 188   rms: 0.3568E+01   max: -.5598E+02   C at   63  2   RLX: 0.009
       a =  5.000      CL =  1.4081
      Cm = -0.1904     CD =  0.01218   =>   CDf =  0.00585    CDp =  0.00633

 MRCHDU: Convergence failed at  72  side 2    Res =  0.7362E-01
 Side 1  free  transition at x/c =  0.5414   60
 Side 2  free  transition at x/c =  0.8647   64

 189   rms: 0.4824E+01   max: -.7504E+02   C at   64  2   RLX: 0.007
       a =  5.000      CL =  1.4079
      Cm = -0.1903     CD =  0.01216   =>   CDf =  0.00583    CDp =  0.00633

 MRCHDU: Convergence failed at  72  side 2    Res =  0.4965E-01
 Side 1  free  transition at x/c =  0.5414   60
 Side 2  free  transition at x/c =  0.8825   65

 190   rms: 0.1549E+02   max: -.2319E+03   C at   65  2   RLX: 0.002
       a =  5.000      CL =  1.4079
      Cm = -0.1903     CD =  0.01214   =>   CDf =  0.00582    CDp =  0.00632

 MRCHDU: Convergence failed at  72  side 2    Res =  0.2248E-01
 Side 1  free  transition at x/c =  0.5414   60
 Side 2  free  transition at x/c =  0.8978   66

 191   rms: 0.2621E+02   max: 0.3732E+03   C at   66  2   RLX: 0.004
       a =  5.000      CL =  1.4075
      Cm = -0.1902     CD =  0.01217   =>   CDf =  0.00581    CDp =  0.00636

 MRCHDU: Convergence failed at  72  side 2    Res =  0.7210E-01
 Side 1  free  transition at x/c =  0.5414   60
 Side 2  free  transition at x/c =  0.8655   64

 192   rms: 0.5088E+01   max: -.7884E+02   C at   64  2   RLX: 0.006
       a =  5.000      CL =  1.4074
      Cm = -0.1901     CD =  0.01216   =>   CDf =  0.00583    CDp =  0.00633

 MRCHDU: Convergence failed at  72  side 2    Res =  0.4737E-01
 Side 1  free  transition at x/c =  0.5414   60
 Side 2  free  transition at x/c =  0.8832   65

 193   rms: 0.1858E+02   max: -.2770E+03   C at   65  2   RLX: 0.002
       a =  5.000      CL =  1.4074
      Cm = -0.1901     CD =  0.01214   =>   CDf =  0.00582    CDp =  0.00632

 MRCHDU: Convergence failed at  72  side 2    Res =  0.1961E-01
 Side 1  free  transition at x/c =  0.5414   60
 Side 2  free  transition at x/c =  0.8985   66

 194   rms: 0.2272E+02   max: 0.3218E+03   C at   66  2   RLX: 0.005
       a =  5.000      CL =  1.4070
      Cm = -0.1900     CD =  0.01217   =>   CDf =  0.00581    CDp =  0.00636

 MRCHDU: Convergence failed at  72  side 2    Res =  0.7054E-01
 Side 1  free  transition at x/c =  0.5414   60
 Side 2  free  transition at x/c =  0.8664   64

 195   rms: 0.5403E+01   max: -.8333E+02   C at   64  2   RLX: 0.006
       a =  5.000      CL =  1.4068
      Cm = -0.1899     CD =  0.01215   =>   CDf =  0.00583    CDp =  0.00633

 MRCHDU: Convergence failed at  72  side 2    Res =  0.4502E-01
 Side 1  free  transition at x/c =  0.5414   60
 Side 2  free  transition at x/c =  0.8840   65

 196   rms: 0.1496E+03   max: -.2192E+04   C at   65  2   RLX: 0.000
       a =  5.000      CL =  1.4069
      Cm = -0.1899     CD =  0.01214   =>   CDf =  0.00581    CDp =  0.00633

 MRCHDU: Convergence failed at  72  side 2    Res =  0.1380E-01
 Side 1  free  transition at x/c =  0.5413   60
 Side 2  free  transition at x/c =  0.8994   66

 197   rms: 0.2113E+02   max: 0.2972E+03   C at   66  2   RLX: 0.005
       a =  5.000      CL =  1.4065
      Cm = -0.1898     CD =  0.01217   =>   CDf =  0.00581    CDp =  0.00636

 MRCHDU: Convergence failed at  72  side 2    Res =  0.6635E-01
 Side 1  free  transition at x/c =  0.5413   60
 Side 2  free  transition at x/c =  0.8673   64

 198   rms: 0.5638E+01   max: -.8653E+02   C at   64  2   RLX: 0.006
       a =  5.000      CL =  1.4064
      Cm = -0.1898     CD =  0.01215   =>   CDf =  0.00583    CDp =  0.00633

 MRCHDU: Convergence failed at  72  side 2    Res =  0.4055E-01
 Side 1  free  transition at x/c =  0.5413   60
 Side 2  free  transition at x/c =  0.8849   65

 199   rms: 0.1354E+04   max: -.1973E+05   C at   65  2   RLX: 0.000
       a =  5.000      CL =  1.4064
      Cm = -0.1898     CD =  0.01214   =>   CDf =  0.00581    CDp =  0.00633

 MRCHDU: Convergence failed at  72  side 2    Res =  0.8768E-02
 Side 1  free  transition at x/c =  0.5413   60
 Side 2  free  transition at x/c =  0.9004   66

 200   rms: 0.1971E+02   max: 0.2752E+03   C at   66  2   RLX: 0.005
       a =  5.000      CL =  1.4060
      Cm = -0.1897     CD =  0.01217   =>   CDf =  0.00581    CDp =  0.00636

 MRCHDU: Convergence failed at  72  side 2    Res =  0.6305E-01
 Side 1  free  transition at x/c =  0.5413   60
 Side 2  free  transition at x/c =  0.8683   64

 201   rms: 0.5924E+01   max: -.9045E+02   C at   64  2   RLX: 0.006
       a =  5.000      CL =  1.4059
      Cm = -0.1896     CD =  0.01215   =>   CDf =  0.00583    CDp =  0.00633

 MRCHDU: Convergence failed at  72  side 2    Res =  0.3719E-01
 Side 1  free  transition at x/c =  0.5413   60
 Side 2  free  transition at x/c =  0.8857   65

 202   rms: 0.1772E+03   max: 0.2571E+04   C at   65  2   RLX: 0.001
       a =  5.000      CL =  1.4056
      Cm = -0.1896     CD =  0.01219   =>   CDf =  0.00581    CDp =  0.00638

 MRCHDU: Convergence failed at  72  side 2    Res =  0.9112E-01
 Side 1  free  transition at x/c =  0.5413   60
 Side 2  free  transition at x/c =  0.8411   63

 203   rms: 0.3309E+01   max: -.5333E+02   C at   63  2   RLX: 0.009
       a =  5.000      CL =  1.4053
      Cm = -0.1894     CD =  0.01218   =>   CDf =  0.00585    CDp =  0.00633

 MRCHDU: Convergence failed at  72  side 2    Res =  0.8059E-01
 Side 1  free  transition at x/c =  0.5413   60
 Side 2  free  transition at x/c =  0.8596   64

 204   rms: 0.4362E+01   max: -.6970E+02   C at   64  2   RLX: 0.007
       a =  5.000      CL =  1.4051
      Cm = -0.1893     CD =  0.01216   =>   CDf =  0.00583    CDp =  0.00633

 MRCHDU: Convergence failed at  72  side 2    Res =  0.5949E-01
 Side 1  free  transition at x/c =  0.5413   60
 Side 2  free  transition at x/c =  0.8780   65

 205   rms: 0.1304E+02   max: -.2010E+03   C at   65  2   RLX: 0.002
       a =  5.000      CL =  1.4051
      Cm = -0.1893     CD =  0.01214   =>   CDf =  0.00582    CDp =  0.00632

 MRCHDU: Convergence failed at  72  side 2    Res =  0.3242E-01
 Side 1  free  transition at x/c =  0.5413   60
 Side 2  free  transition at x/c =  0.8938   66

 206   rms: 0.2518E+02   max: 0.3718E+03   C at   66  2   RLX: 0.004
       a =  5.000      CL =  1.4048
      Cm = -0.1892     CD =  0.01218   =>   CDf =  0.00581    CDp =  0.00637

 MRCHDU: Convergence failed at  72  side 2    Res =  0.7436E-01
 Side 1  free  transition at x/c =  0.5413   60
 Side 2  free  transition at x/c =  0.8613   64

 207   rms: 0.4567E+01   max: -.7233E+02   C at   64  2   RLX: 0.007
       a =  5.000      CL =  1.4046
      Cm = -0.1891     CD =  0.01216   =>   CDf =  0.00583    CDp =  0.00633

 MRCHDU: Convergence failed at  72  side 2    Res =  0.5263E-01
 Side 1  free  transition at x/c =  0.5413   60
 Side 2  free  transition at x/c =  0.8795   65

 208   rms: 0.1479E+02   max: -.2259E+03   C at   65  2   RLX: 0.002
       a =  5.000      CL =  1.4045
      Cm = -0.1891     CD =  0.01214   =>   CDf =  0.00582    CDp =  0.00632

 MRCHDU: Convergence failed at  72  side 2    Res =  0.2479E-01
 Side 1  free  transition at x/c =  0.5412   60
 Side 2  free  transition at x/c =  0.8955   66

 209   rms: 0.2268E+02   max: 0.3305E+03   C at   66  2   RLX: 0.005
       a =  5.000      CL =  1.4042
      Cm = -0.1890     CD =  0.01218   =>   CDf =  0.00581    CDp =  0.00637

 MRCHDU: Convergence failed at  72  side 2    Res =  0.6856E-01
 Side 1  free  transition at x/c =  0.5412   60
 Side 2  free  transition at x/c =  0.8633   64

 210   rms: 0.4834E+01   max: -.7578E+02   C at   64  2   RLX: 0.007
       a =  5.000      CL =  1.4040
      Cm = -0.1889     CD =  0.01216   =>   CDf =  0.00583    CDp =  0.00633

 MRCHDU: Convergence failed at  72  side 2    Res =  0.4562E-01
 Side 1  free  transition at x/c =  0.5412   60
 Side 2  free  transition at x/c =  0.8814   65

 211   rms: 0.1761E+02   max: -.2659E+03   C at   65  2   RLX: 0.002
       a =  5.000      CL =  1.4040
      Cm = -0.1889     CD =  0.01214   =>   CDf =  0.00582    CDp =  0.00632

 MRCHDU: Convergence failed at  72  side 2    Res =  0.1748E-01
 Side 1  free  transition at x/c =  0.5412   60
 Side 2  free  transition at x/c =  0.8973   66

 212   rms: 0.2060E+02   max: 0.2956E+03   C at   66  2   RLX: 0.005
       a =  5.000      CL =  1.4036
      Cm = -0.1888     CD =  0.01217   =>   CDf =  0.00581    CDp =  0.00636

 MRCHDU: Convergence failed at  72  side 2    Res =  0.6349E-01
 Side 1  free  transition at x/c =  0.5412   60
 Side 2  free  transition at x/c =  0.8656   64

 213   rms: 0.5188E+01   max: -.8038E+02   C at   64  2   RLX: 0.006
       a =  5.000      CL =  1.4035
      Cm = -0.1887     CD =  0.01216   =>   CDf =  0.00583    CDp =  0.00633

 MRCHDU: Convergence failed at  72  side 2    Res =  0.3939E-01
 Side 1  free  transition at x/c =  0.5412   60
 Side 2  free  transition at x/c =  0.8836   65

 214   rms: 0.1436E+03   max: -.2116E+04   C at   65  2   RLX: 0.000
       a =  5.000      CL =  1.4035
      Cm = -0.1887     CD =  0.01214   =>   CDf =  0.00582    CDp =  0.00633

 MRCHDU: Convergence failed at  72  side 2    Res =  0.8127E-02
 Side 1  free  transition at x/c =  0.5412   60
 Side 2  free  transition at x/c =  0.8993   66

 215   rms: 0.1987E+02   max: 0.2805E+03   C at   66  2   RLX: 0.005
       a =  5.000      CL =  1.4031
      Cm = -0.1886     CD =  0.01217   =>   CDf =  0.00581    CDp =  0.00636

 MRCHDU: Convergence failed at  72  side 2    Res =  0.5676E-01
 Side 1  free  transition at x/c =  0.5412   60
 Side 2  free  transition at x/c =  0.8678   64

 216   rms: 0.5504E+01   max: -.8428E+02   C at   64  2   RLX: 0.006
       a =  5.000      CL =  1.4030
      Cm = -0.1886     CD =  0.01215   =>   CDf =  0.00583    CDp =  0.00633

 MRCHDU: Convergence failed at  72  side 2    Res =  0.3232E-01
 Side 1  free  transition at x/c =  0.5412   60
 Side 2  free  transition at x/c =  0.8856   65

 217   rms: 0.1345E+04   max: -.1956E+05   C at   65  2   RLX: 0.000
       a =  5.000      CL =  1.4031
      Cm = -0.1886     CD =  0.01214   =>   CDf =  0.00582    CDp =  0.00633

 MRCHDU: Convergence failed at  72  side 2    Res =  0.4585E-03
 Side 1  free  transition at x/c =  0.5412   60
 Side 2  free  transition at x/c =  0.9013   66

 218   rms: 0.1906E+02   max: 0.2645E+03   C at   66  2   RLX: 0.006
       a =  5.000      CL =  1.4027
      Cm = -0.1885     CD =  0.01217   =>   CDf =  0.00581    CDp =  0.00636

 MRCHDU: Convergence failed at  72  side 2    Res =  0.5194E-01
 Side 1  free  transition at x/c =  0.5412   60
 Side 2  free  transition at x/c =  0.8701   64

 219   rms: 0.7325E+01   max: -.1093E+03   C at   64  2   RLX: 0.005
       a =  5.000      CL =  1.4026
      Cm = -0.1884     CD =  0.01215   =>   CDf =  0.00583    CDp =  0.00633

 MRCHDU: Convergence failed at  72  side 2    Res =  0.2526E-01
 Side 1  free  transition at x/c =  0.5412   60
 Side 2  free  transition at x/c =  0.8877   65

 220   rms: 0.1270E+03   max: 0.1824E+04   C at   65  2   RLX: 0.001
       a =  5.000      CL =  1.4023
      Cm = -0.1884     CD =  0.01219   =>   CDf =  0.00581    CDp =  0.00638

 MRCHDU: Convergence failed at  72  side 2    Res =  0.7948E-01
 Side 1  free  transition at x/c =  0.5412   60
 Side 2  free  transition at x/c =  0.8425   63

 221   rms: 0.3244E+01   max: -.5192E+02   C at   63  2   RLX: 0.010
       a =  5.000      CL =  1.4020
      Cm = -0.1882     CD =  0.01218   =>   CDf =  0.00585    CDp =  0.00633

 MRCHDU: Convergence failed at  72  side 2    Res =  0.6993E-01
 Side 1  free  transition at x/c =  0.5411   60
 Side 2  free  transition at x/c =  0.8608   64

 222   rms: 0.4282E+01   max: -.6799E+02   C at   64  2   RLX: 0.007
       a =  5.000      CL =  1.4018
      Cm = -0.1882     CD =  0.01216   =>   CDf =  0.00583    CDp =  0.00632

 MRCHDU: Convergence failed at  72  side 2    Res =  0.4979E-01
 Side 1  free  transition at x/c =  0.5411   60
 Side 2  free  transition at x/c =  0.8792   65

 223   rms: 0.1275E+02   max: -.1953E+03   C at   65  2   RLX: 0.003
       a =  5.000      CL =  1.4018
      Cm = -0.1881     CD =  0.01214   =>   CDf =  0.00582    CDp =  0.00632

 MRCHDU: Convergence failed at  72  side 2    Res =  0.2407E-01
 Side 1  free  transition at x/c =  0.5411   60
 Side 2  free  transition at x/c =  0.8952   66

 224   rms: 0.2461E+02   max: 0.3601E+03   C at   66  2   RLX: 0.004
       a =  5.000      CL =  1.4015
      Cm = -0.1880     CD =  0.01218   =>   CDf =  0.00581    CDp =  0.00636

 MRCHDU: Convergence failed at  72  side 2    Res =  0.6341E-01
 Side 1  free  transition at x/c =  0.5411   60
 Side 2  free  transition at x/c =  0.8633   64

 225   rms: 0.4529E+01   max: -.7099E+02   C at   64  2   RLX: 0.007
       a =  5.000      CL =  1.4013
      Cm = -0.1880     CD =  0.01216   =>   CDf =  0.00583    CDp =  0.00632

 MRCHDU: Convergence failed at  72  side 2    Res =  0.4202E-01
 Side 1  free  transition at x/c =  0.5411   60
 Side 2  free  transition at x/c =  0.8816   65

 226   rms: 0.1480E+02   max: -.2235E+03   C at   65  2   RLX: 0.002
       a =  5.000      CL =  1.4013
      Cm = -0.1879     CD =  0.01214   =>   CDf =  0.00582    CDp =  0.00632

 MRCHDU: Convergence failed at  72  side 2    Res =  0.1616E-01
 Side 1  free  transition at x/c =  0.5411   60
 Side 2  free  transition at x/c =  0.8974   66

 227   rms: 0.2242E+02   max: 0.3221E+03   C at   66  2   RLX: 0.005
       a =  5.000      CL =  1.4010
      Cm = -0.1878     CD =  0.01217   =>   CDf =  0.00581    CDp =  0.00636

 MRCHDU: Convergence failed at  72  side 2    Res =  0.5827E-01
 Side 1  free  transition at x/c =  0.5411   60
 Side 2  free  transition at x/c =  0.8659   64

 228   rms: 0.4849E+01   max: -.7501E+02   C at   64  2   RLX: 0.007
       a =  5.000      CL =  1.4008
      Cm = -0.1878     CD =  0.01215   =>   CDf =  0.00583    CDp =  0.00632

 MRCHDU: Convergence failed at  72  side 2    Res =  0.3593E-01
 Side 1  free  transition at x/c =  0.5411   60
 Side 2  free  transition at x/c =  0.8840   65

 229   rms: 0.6196E+02   max: -.9114E+03   C at   65  2   RLX: 0.001
       a =  5.000      CL =  1.4009
      Cm = -0.1878     CD =  0.01214   =>   CDf =  0.00582    CDp =  0.00632

 MRCHDU: Convergence failed at  72  side 2    Res =  0.5944E-02
 Side 1  free  transition at x/c =  0.5411   60
 Side 2  free  transition at x/c =  0.8998   66

 230   rms: 0.2177E+02   max: 0.3064E+03   C at   66  2   RLX: 0.005
       a =  5.000      CL =  1.4005
      Cm = -0.1877     CD =  0.01217   =>   CDf =  0.00581    CDp =  0.00636

 MRCHDU: Convergence failed at  72  side 2    Res =  0.5137E-01
 Side 1  free  transition at x/c =  0.5411   60
 Side 2  free  transition at x/c =  0.8687   64

 231   rms: 0.5168E+01   max: -.7881E+02   C at   64  2   RLX: 0.006
       a =  5.000      CL =  1.4003
      Cm = -0.1876     CD =  0.01215   =>   CDf =  0.00583    CDp =  0.00632

 MRCHDU: Convergence failed at  72  side 2    Res =  0.2878E-01
 Side 1  free  transition at x/c =  0.5411   60
 Side 2  free  transition at x/c =  0.8865   65

 232   rms: 0.1058E+03   max: -.1533E+04   C at   65  2   RLX: 0.000
       a =  5.000      CL =  1.4004
      Cm = -0.1876     CD =  0.01214   =>   CDf =  0.00582    CDp =  0.00632

 MRCHDU: Convergence failed at  72  side 2    Res =  0.5914E-04
 Side 1  free  transition at x/c =  0.5411   60
 Side 2  free  transition at x/c =  0.9022   66

 233   rms: 0.1926E+02   max: 0.2657E+03   C at   66  2   RLX: 0.006
       a =  5.000      CL =  1.4000
      Cm = -0.1875     CD =  0.01217   =>   CDf =  0.00581    CDp =  0.00636

 MRCHDU: Convergence failed at  72  side 2    Res =  0.4724E-01
 Side 1  free  transition at x/c =  0.5411   60
 Side 2  free  transition at x/c =  0.8712   64

 234   rms: 0.6754E+01   max: -.1003E+03   C at   64  2   RLX: 0.005
       a =  5.000      CL =  1.3999
      Cm = -0.1874     CD =  0.01215   =>   CDf =  0.00583    CDp =  0.00633

 MRCHDU: Convergence failed at  72  side 2    Res =  0.2253E-01
 Side 1  free  transition at x/c =  0.5410   60
 Side 2  free  transition at x/c =  0.8889   65

 235   rms: 0.4652E+04   max: -.6644E+05   C at   65  2   RLX: 0.000
       a =  5.000      CL =  1.4000
      Cm = -0.1874     CD =  0.01214   =>   CDf =  0.00582    CDp =  0.00632

 Side 1  free  transition at x/c =  0.5410   60
 Side 2  free  transition at x/c =  0.9044   66

 236   rms: 0.1532E+02   max: 0.2078E+03   C at   66  2   RLX: 0.007
       a =  5.000      CL =  1.3996
      Cm = -0.1873     CD =  0.01217   =>   CDf =  0.00581    CDp =  0.00636

 MRCHDU: Convergence failed at  72  side 2    Res =  0.4562E-01
 Side 1  free  transition at x/c =  0.5410   60
 Side 2  free  transition at x/c =  0.8730   64

 237   rms: 0.7361E+01   max: -.1082E+03   C at   64  2   RLX: 0.005
       a =  5.000      CL =  1.3995
      Cm = -0.1873     CD =  0.01215   =>   CDf =  0.00582    CDp =  0.00632

 MRCHDU: Convergence failed at  72  side 2    Res =  0.2050E-01
 Side 1  free  transition at x/c =  0.5410   60
 Side 2  free  transition at x/c =  0.8905   65

 238   rms: 0.1115E+03   max: 0.1576E+04   C at   65  2   RLX: 0.001
       a =  5.000      CL =  1.3992
      Cm = -0.1872     CD =  0.01219   =>   CDf =  0.00582    CDp =  0.00637

 MRCHDU: Convergence failed at  72  side 2    Res =  0.7454E-01
 Side 1  free  transition at x/c =  0.5410   60
 Side 2  free  transition at x/c =  0.8451   63

 239   rms: 0.3218E+01   max: -.5082E+02   C at   63  2   RLX: 0.010
       a =  5.000      CL =  1.3990
      Cm = -0.1871     CD =  0.01218   =>   CDf =  0.00585    CDp =  0.00633

 MRCHDU: Convergence failed at  72  side 2    Res =  0.6528E-01
 Side 1  free  transition at x/c =  0.5410   60
 Side 2  free  transition at x/c =  0.8633   64

 240   rms: 0.4277E+01   max: -.6704E+02   C at   64  2   RLX: 0.007
       a =  5.000      CL =  1.3988
      Cm = -0.1870     CD =  0.01215   =>   CDf =  0.00583    CDp =  0.00632

 MRCHDU: Convergence failed at  72  side 2    Res =  0.4567E-01
 Side 1  free  transition at x/c =  0.5410   60
 Side 2  free  transition at x/c =  0.8814   65

 241   rms: 0.1280E+02   max: -.1935E+03   C at   65  2   RLX: 0.003
       a =  5.000      CL =  1.3988
      Cm = -0.1870     CD =  0.01214   =>   CDf =  0.00582    CDp =  0.00632

 MRCHDU: Convergence failed at  72  side 2    Res =  0.2145E-01
 Side 1  free  transition at x/c =  0.5410   60
 Side 2  free  transition at x/c =  0.8974   66

 242   rms: 0.2442E+02   max: 0.3511E+03   C at   66  2   RLX: 0.004
       a =  5.000      CL =  1.3985
      Cm = -0.1869     CD =  0.01217   =>   CDf =  0.00581    CDp =  0.00636

 MRCHDU: Convergence failed at  72  side 2    Res =  0.6110E-01
 Side 1  free  transition at x/c =  0.5410   60
 Side 2  free  transition at x/c =  0.8655   64

 243   rms: 0.4522E+01   max: -.7009E+02   C at   64  2   RLX: 0.007
       a =  5.000      CL =  1.3983
      Cm = -0.1869     CD =  0.01215   =>   CDf =  0.00583    CDp =  0.00632

 MRCHDU: Convergence failed at  72  side 2    Res =  0.4067E-01
 Side 1  free  transition at x/c =  0.5410   60
 Side 2  free  transition at x/c =  0.8835   65

 244   rms: 0.3905E+02   max: -.5765E+03   C at   65  2   RLX: 0.001
       a =  5.000      CL =  1.3984
      Cm = -0.1869     CD =  0.01214   =>   CDf =  0.00582    CDp =  0.00632

 MRCHDU: Convergence failed at  72  side 2    Res =  0.1282E-01
 Side 1  free  transition at x/c =  0.5410   60
 Side 2  free  transition at x/c =  0.8994   66

 245   rms: 0.2378E+02   max: 0.3365E+03   C at   66  2   RLX: 0.004
       a =  5.000      CL =  1.3980
      Cm = -0.1868     CD =  0.01217   =>   CDf =  0.00581    CDp =  0.00636

 MRCHDU: Convergence failed at  72  side 2    Res =  0.5485E-01
 Side 1  free  transition at x/c =  0.5410   60
 Side 2  free  transition at x/c =  0.8677   64

 246   rms: 0.4727E+01   max: -.7244E+02   C at   64  2   RLX: 0.007
       a =  5.000      CL =  1.3979
      Cm = -0.1867     CD =  0.01215   =>   CDf =  0.00583    CDp =  0.00632

 MRCHDU: Convergence failed at  72  side 2    Res =  0.3417E-01
 Side 1  free  transition at x/c =  0.5410   60
 Side 2  free  transition at x/c =  0.8856   65

 247   rms: 0.4856E+02   max: -.7079E+03   C at   65  2   RLX: 0.001
       a =  5.000      CL =  1.3979
      Cm = -0.1867     CD =  0.01214   =>   CDf =  0.00582    CDp =  0.00632

 MRCHDU: Convergence failed at  72  side 2    Res =  0.5805E-02
 Side 1  free  transition at x/c =  0.5410   60
 Side 2  free  transition at x/c =  0.9014   66

 248   rms: 0.2282E+02   max: 0.3175E+03   C at   66  2   RLX: 0.005
       a =  5.000      CL =  1.3976
      Cm = -0.1866     CD =  0.01217   =>   CDf =  0.00581    CDp =  0.00636

 MRCHDU: Convergence failed at  72  side 2    Res =  0.5094E-01
 Side 1  free  transition at x/c =  0.5409   60
 Side 2  free  transition at x/c =  0.8698   64

 249   rms: 0.5978E+01   max: -.8938E+02   C at   64  2   RLX: 0.006
       a =  5.000      CL =  1.3975
      Cm = -0.1866     CD =  0.01215   =>   CDf =  0.00583    CDp =  0.00632

 MRCHDU: Convergence failed at  72  side 2    Res =  0.2823E-01
 Side 1  free  transition at x/c =  0.5409   60
 Side 2  free  transition at x/c =  0.8875   65

 250   rms: 0.7794E+02   max: -.1123E+04   C at   65  2   RLX: 0.000
       a =  5.000      CL =  1.3976
      Cm = -0.1866     CD =  0.01214   =>   CDf =  0.00582    CDp =  0.00632

 MRCHDU: Convergence failed at  72  side 2    Res =  0.1524E-03
 Side 1  free  transition at x/c =  0.5409   60
 Side 2  free  transition at x/c =  0.9033   66

 251   rms: 0.2087E+02   max: 0.2861E+03   C at   66  2   RLX: 0.005
       a =  5.000      CL =  1.3972
      Cm = -0.1865     CD =  0.01217   =>   CDf =  0.00581    CDp =  0.00635

 MRCHDU: Convergence failed at  72  side 2    Res =  0.4882E-01
 Side 1  free  transition at x/c =  0.5409   60
 Side 2  free  transition at x/c =  0.8713   64

 252   rms: 0.6397E+01   max: -.9489E+02   C at   64  2   RLX: 0.005
       a =  5.000      CL =  1.3971
      Cm = -0.1864     CD =  0.01215   =>   CDf =  0.00583    CDp =  0.00632

 MRCHDU: Convergence failed at  72  side 2    Res =  0.2560E-01
 Side 1  free  transition at x/c =  0.5409   60
 Side 2  free  transition at x/c =  0.8889   65

 253   rms: 0.2440E+03   max: -.3484E+04   C at   65  2   RLX: 0.000
       a =  5.000      CL =  1.3972
      Cm = -0.1864     CD =  0.01213   =>   CDf =  0.00582    CDp =  0.00632

 MRCHDU: Convergence failed at  72  side 2    Res =  0.1450E-04
 Side 1  free  transition at x/c =  0.5409   60
 Side 2  free  transition at x/c =  0.9045   66

 254   rms: 0.1758E+02   max: 0.2389E+03   C at   66  2   RLX: 0.006
       a =  5.000      CL =  1.3968
      Cm = -0.1863     CD =  0.01217   =>   CDf =  0.00581    CDp =  0.00635

 MRCHDU: Convergence failed at  72  side 2    Res =  0.4980E-01
 Side 1  free  transition at x/c =  0.5409   60
 Side 2  free  transition at x/c =  0.8719   64

 255   rms: 0.6803E+01   max: -.1005E+03   C at   64  2   RLX: 0.005
       a =  5.000      CL =  1.3967
      Cm = -0.1863     CD =  0.01215   =>   CDf =  0.00583    CDp =  0.00632

 MRCHDU: Convergence failed at  72  side 2    Res =  0.2608E-01
 Side 1  free  transition at x/c =  0.5409   60
 Side 2  free  transition at x/c =  0.8895   65

 256   rms: 0.2496E+03   max: 0.3549E+04   C at   65  2   RLX: 0.000
       a =  5.000      CL =  1.3965
      Cm = -0.1862     CD =  0.01219   =>   CDf =  0.00582    CDp =  0.00637

 MRCHDU: Convergence failed at  72  side 2    Res =  0.7587E-01
 Side 1  free  transition at x/c =  0.5409   60
 Side 2  free  transition at x/c =  0.8441   63

 257   rms: 0.3058E+01   max: -.4852E+02   C at   63  2   RLX: 0.010
       a =  5.000      CL =  1.3962
      Cm = -0.1861     CD =  0.01218   =>   CDf =  0.00585    CDp =  0.00632

 MRCHDU: Convergence failed at  72  side 2    Res =  0.6789E-01
 Side 1  free  transition at x/c =  0.5409   60
 Side 2  free  transition at x/c =  0.8623   64

 258   rms: 0.3983E+01   max: -.6275E+02   C at   64  2   RLX: 0.008
       a =  5.000      CL =  1.3961
      Cm = -0.1861     CD =  0.01215   =>   CDf =  0.00584    CDp =  0.00632

 MRCHDU: Convergence failed at  72  side 2    Res =  0.5028E-01
 Side 1  free  transition at x/c =  0.5409   60
 Side 2  free  transition at x/c =  0.8804   65

 259   rms: 0.1109E+02   max: -.1687E+03   C at   65  2   RLX: 0.003
       a =  5.000      CL =  1.3961
      Cm = -0.1860     CD =  0.01214   =>   CDf =  0.00582    CDp =  0.00631

 MRCHDU: Convergence failed at  72  side 2    Res =  0.2846E-01
 Side 1  free  transition at x/c =  0.5409   60
 Side 2  free  transition at x/c =  0.8965   66

 260   rms: 0.2657E+02   max: 0.3857E+03   C at   66  2   RLX: 0.004
       a =  5.000      CL =  1.3958
      Cm = -0.1860     CD =  0.01217   =>   CDf =  0.00582    CDp =  0.00636

 MRCHDU: Convergence failed at  72  side 2    Res =  0.6528E-01
 Side 1  free  transition at x/c =  0.5409   60
 Side 2  free  transition at x/c =  0.8635   64

 261   rms: 0.4104E+01   max: -.6423E+02   C at   64  2   RLX: 0.008
       a =  5.000      CL =  1.3956
      Cm = -0.1859     CD =  0.01215   =>   CDf =  0.00584    CDp =  0.00632

 MRCHDU: Convergence failed at  72  side 2    Res =  0.4710E-01
 Side 1  free  transition at x/c =  0.5409   60
 Side 2  free  transition at x/c =  0.8816   65

 262   rms: 0.1195E+02   max: -.1806E+03   C at   65  2   RLX: 0.003
       a =  5.000      CL =  1.3956
      Cm = -0.1859     CD =  0.01213   =>   CDf =  0.00582    CDp =  0.00631

 MRCHDU: Convergence failed at  72  side 2    Res =  0.2515E-01
 Side 1  free  transition at x/c =  0.5408   60
 Side 2  free  transition at x/c =  0.8977   66

 263   rms: 0.2454E+02   max: 0.3529E+03   C at   66  2   RLX: 0.004
       a =  5.000      CL =  1.3953
      Cm = -0.1858     CD =  0.01217   =>   CDf =  0.00582    CDp =  0.00636

 MRCHDU: Convergence failed at  72  side 2    Res =  0.6317E-01
 Side 1  free  transition at x/c =  0.5408   60
 Side 2  free  transition at x/c =  0.8649   64

 264   rms: 0.4276E+01   max: -.6644E+02   C at   64  2   RLX: 0.008
       a =  5.000      CL =  1.3951
      Cm = -0.1857     CD =  0.01215   =>   CDf =  0.00583    CDp =  0.00632

 MRCHDU: Convergence failed at  72  side 2    Res =  0.4447E-01
 Side 1  free  transition at x/c =  0.5408   60
 Side 2  free  transition at x/c =  0.8829   65

 265   rms: 0.3144E+02   max: -.4657E+03   C at   65  2   RLX: 0.001
       a =  5.000      CL =  1.3952
      Cm = -0.1857     CD =  0.01214   =>   CDf =  0.00582    CDp =  0.00632

 MRCHDU: Convergence failed at  72  side 2    Res =  0.1888E-01
 Side 1  free  transition at x/c =  0.5408   60
 Side 2  free  transition at x/c =  0.8990   66

 266   rms: 0.2439E+02   max: 0.3472E+03   C at   66  2   RLX: 0.004
       a =  5.000      CL =  1.3948
      Cm = -0.1856     CD =  0.01217   =>   CDf =  0.00582    CDp =  0.00635

 MRCHDU: Convergence failed at  72  side 2    Res =  0.5818E-01
 Side 1  free  transition at x/c =  0.5408   60
 Side 2  free  transition at x/c =  0.8663   64

 267   rms: 0.4364E+01   max: -.6732E+02   C at   64  2   RLX: 0.007
       a =  5.000      CL =  1.3947
      Cm = -0.1855     CD =  0.01215   =>   CDf =  0.00583    CDp =  0.00632

 MRCHDU: Convergence failed at  72  side 2    Res =  0.3952E-01
 Side 1  free  transition at x/c =  0.5408   60
 Side 2  free  transition at x/c =  0.8843   65

 268   rms: 0.3362E+02   max: -.4943E+03   C at   65  2   RLX: 0.001
       a =  5.000      CL =  1.3948
      Cm = -0.1855     CD =  0.01214   =>   CDf =  0.00582    CDp =  0.00631

 MRCHDU: Convergence failed at  72  side 2    Res =  0.1377E-01
 Side 1  free  transition at x/c =  0.5408   60
 Side 2  free  transition at x/c =  0.9003   66

 269   rms: 0.2392E+02   max: 0.3370E+03   C at   66  2   RLX: 0.004
       a =  5.000      CL =  1.3944
      Cm = -0.1855     CD =  0.01217   =>   CDf =  0.00582    CDp =  0.00635

 MRCHDU: Convergence failed at  72  side 2    Res =  0.5460E-01
 Side 1  free  transition at x/c =  0.5408   60
 Side 2  free  transition at x/c =  0.8677   64

 270   rms: 0.4483E+01   max: -.6865E+02   C at   64  2   RLX: 0.007
       a =  5.000      CL =  1.3943
      Cm = -0.1854     CD =  0.01215   =>   CDf =  0.00583    CDp =  0.00632

 MRCHDU: Convergence failed at  72  side 2    Res =  0.3611E-01
 Side 1  free  transition at x/c =  0.5408   60
 Side 2  free  transition at x/c =  0.8855   65

 271   rms: 0.3768E+02   max: -.5499E+03   C at   65  2   RLX: 0.001
       a =  5.000      CL =  1.3944
      Cm = -0.1854     CD =  0.01213   =>   CDf =  0.00582    CDp =  0.00631

 MRCHDU: Convergence failed at  72  side 2    Res =  0.1015E-01
 Side 1  free  transition at x/c =  0.5408   60
 Side 2  free  transition at x/c =  0.9015   66

 272   rms: 0.2313E+02   max: 0.3227E+03   C at   66  2   RLX: 0.005
       a =  5.000      CL =  1.3940
      Cm = -0.1853     CD =  0.01217   =>   CDf =  0.00582    CDp =  0.00635

 MRCHDU: Convergence failed at  72  side 2    Res =  0.5284E-01
 Side 1  free  transition at x/c =  0.5408   60
 Side 2  free  transition at x/c =  0.8689   64

 273   rms: 0.4620E+01   max: -.7031E+02   C at   64  2   RLX: 0.007
       a =  5.000      CL =  1.3939
      Cm = -0.1853     CD =  0.01215   =>   CDf =  0.00583    CDp =  0.00631

 MRCHDU: Convergence failed at  72  side 2    Res =  0.3391E-01
 Side 1  free  transition at x/c =  0.5408   60
 Side 2  free  transition at x/c =  0.8867   65

 274   rms: 0.4526E+02   max: -.6557E+03   C at   65  2   RLX: 0.001
       a =  5.000      CL =  1.3940
      Cm = -0.1853     CD =  0.01213   =>   CDf =  0.00582    CDp =  0.00631

 MRCHDU: Convergence failed at  72  side 2    Res =  0.7815E-02
 Side 1  free  transition at x/c =  0.5408   60
 Side 2  free  transition at x/c =  0.9027   66

 275   rms: 0.2208E+02   max: 0.3053E+03   C at   66  2   RLX: 0.005
       a =  5.000      CL =  1.3936
      Cm = -0.1852     CD =  0.01217   =>   CDf =  0.00582    CDp =  0.00635

 MRCHDU: Convergence failed at  72  side 2    Res =  0.5240E-01
 Side 1  free  transition at x/c =  0.5408   60
 Side 2  free  transition at x/c =  0.8699   64

 276   rms: 0.5685E+01   max: -.8490E+02   C at   64  2   RLX: 0.006
       a =  5.000      CL =  1.3935
      Cm = -0.1851     CD =  0.01215   =>   CDf =  0.00583    CDp =  0.00632

 MRCHDU: Convergence failed at  72  side 2    Res =  0.3196E-01
 Side 1  free  transition at x/c =  0.5408   60
 Side 2  free  transition at x/c =  0.8876   65

 277   rms: 0.6268E+02   max: -.9032E+03   C at   65  2   RLX: 0.001
       a =  5.000      CL =  1.3936
      Cm = -0.1851     CD =  0.01213   =>   CDf =  0.00582    CDp =  0.00631

 MRCHDU: Convergence failed at  72  side 2    Res =  0.6218E-02
 Side 1  free  transition at x/c =  0.5408   60
 Side 2  free  transition at x/c =  0.9035   66

 278   rms: 0.2048E+02   max: 0.2816E+03   C at   66  2   RLX: 0.005
       a =  5.000      CL =  1.3933
      Cm = -0.1850     CD =  0.01216   =>   CDf =  0.00582    CDp =  0.00635

 MRCHDU: Convergence failed at  72  side 2    Res =  0.5305E-01
 Side 1  free  transition at x/c =  0.5408   60
 Side 2  free  transition at x/c =  0.8702   64

 279   rms: 0.5889E+01   max: -.8781E+02   C at   64  2   RLX: 0.006
       a =  5.000      CL =  1.3932
      Cm = -0.1850     CD =  0.01215   =>   CDf =  0.00583    CDp =  0.00632

 MRCHDU: Convergence failed at  72  side 2    Res =  0.3231E-01
 Side 1  free  transition at x/c =  0.5407   60
 Side 2  free  transition at x/c =  0.8878   65

 280   rms: 0.9825E+02   max: -.1413E+04   C at   65  2   RLX: 0.000
       a =  5.000      CL =  1.3933
      Cm = -0.1850     CD =  0.01213   =>   CDf =  0.00582    CDp =  0.00631

 MRCHDU: Convergence failed at  72  side 2    Res =  0.7000E-02
 Side 1  free  transition at x/c =  0.5407   60
 Side 2  free  transition at x/c =  0.9037   66

 281   rms: 0.1891E+02   max: 0.2599E+03   C at   66  2   RLX: 0.006
       a =  5.000      CL =  1.3929
      Cm = -0.1849     CD =  0.01216   =>   CDf =  0.00582    CDp =  0.00635

 MRCHDU: Convergence failed at  72  side 2    Res =  0.5506E-01
 Side 1  free  transition at x/c =  0.5407   60
 Side 2  free  transition at x/c =  0.8699   64

 282   rms: 0.5027E+01   max: -.7607E+02   C at   64  2   RLX: 0.007
       a =  5.000      CL =  1.3928
      Cm = -0.1849     CD =  0.01214   =>   CDf =  0.00583    CDp =  0.00631

 MRCHDU: Convergence failed at  72  side 2    Res =  0.3577E-01
 Side 1  free  transition at x/c =  0.5407   60
 Side 2  free  transition at x/c =  0.8875   65

 283   rms: 0.1562E+03   max: -.2252E+04   C at   65  2   RLX: 0.000
       a =  5.000      CL =  1.3929
      Cm = -0.1849     CD =  0.01213   =>   CDf =  0.00582    CDp =  0.00631

 MRCHDU: Convergence failed at  72  side 2    Res =  0.1024E-01
 Side 1  free  transition at x/c =  0.5407   60
 Side 2  free  transition at x/c =  0.9034   66

 284   rms: 0.1779E+02   max: 0.2451E+03   C at   66  2   RLX: 0.006
       a =  5.000      CL =  1.3925
      Cm = -0.1848     CD =  0.01216   =>   CDf =  0.00582    CDp =  0.00635

 MRCHDU: Convergence failed at  72  side 2    Res =  0.5852E-01
 Side 1  free  transition at x/c =  0.5407   60
 Side 2  free  transition at x/c =  0.8693   64

 285   rms: 0.5055E+01   max: -.7670E+02   C at   64  2   RLX: 0.007
       a =  5.000      CL =  1.3925
      Cm = -0.1847     CD =  0.01214   =>   CDf =  0.00583    CDp =  0.00631

 MRCHDU: Convergence failed at  72  side 2    Res =  0.3916E-01
 Side 1  free  transition at x/c =  0.5407   60
 Side 2  free  transition at x/c =  0.8870   65

 286   rms: 0.2938E+03   max: -.4247E+04   C at   65  2   RLX: 0.000
       a =  5.000      CL =  1.3925
      Cm = -0.1847     CD =  0.01213   =>   CDf =  0.00582    CDp =  0.00631

 MRCHDU: Convergence failed at  72  side 2    Res =  0.1346E-01
 Side 1  free  transition at x/c =  0.5407   60
 Side 2  free  transition at x/c =  0.9030   66

 287   rms: 0.1686E+02   max: 0.2332E+03   C at   66  2   RLX: 0.006
       a =  5.000      CL =  1.3922
      Cm = -0.1846     CD =  0.01216   =>   CDf =  0.00582    CDp =  0.00635

 MRCHDU: Convergence failed at  72  side 2    Res =  0.6158E-01
 Side 1  free  transition at x/c =  0.5407   60
 Side 2  free  transition at x/c =  0.8686   64

 288   rms: 0.5046E+01   max: -.7683E+02   C at   64  2   RLX: 0.007
       a =  5.000      CL =  1.3921
      Cm = -0.1846     CD =  0.01214   =>   CDf =  0.00583    CDp =  0.00631

 MRCHDU: Convergence failed at  72  side 2    Res =  0.4212E-01
 Side 1  free  transition at x/c =  0.5407   60
 Side 2  free  transition at x/c =  0.8864   65

 289   rms: 0.7666E+03   max: -.1112E+05   C at   65  2   RLX: 0.000
       a =  5.000      CL =  1.3922
      Cm = -0.1846     CD =  0.01213   =>   CDf =  0.00582    CDp =  0.00631

 MRCHDU: Convergence failed at  72  side 2    Res =  0.1638E-01
 Side 1  free  transition at x/c =  0.5407   60
 Side 2  free  transition at x/c =  0.9024   66

 290   rms: 0.1614E+02   max: 0.2243E+03   C at   66  2   RLX: 0.007
       a =  5.000      CL =  1.3918
      Cm = -0.1845     CD =  0.01216   =>   CDf =  0.00582    CDp =  0.00635

 MRCHDU: Convergence failed at  72  side 2    Res =  0.6374E-01
 Side 1  free  transition at x/c =  0.5407   60
 Side 2  free  transition at x/c =  0.8680   64

 291   rms: 0.5016E+01   max: -.7664E+02   C at   64  2   RLX: 0.007
       a =  5.000      CL =  1.3917
      Cm = -0.1845     CD =  0.01214   =>   CDf =  0.00583    CDp =  0.00631

 MRCHDU: Convergence failed at  72  side 2    Res =  0.4451E-01
 Side 1  free  transition at x/c =  0.5407   60
 Side 2  free  transition at x/c =  0.8857   65

 292   rms: 0.5345E+04   max: -.7787E+05   C at   65  2   RLX: 0.000
       a =  5.000      CL =  1.3918
      Cm = -0.1845     CD =  0.01213   =>   CDf =  0.00582    CDp =  0.00631

 MRCHDU: Convergence failed at  72  side 2    Res =  0.1880E-01
 Side 1  free  transition at x/c =  0.5407   60
 Side 2  free  transition at x/c =  0.9018   66

 293   rms: 0.1561E+02   max: 0.2181E+03   C at   66  2   RLX: 0.007
       a =  5.000      CL =  1.3914
      Cm = -0.1844     CD =  0.01216   =>   CDf =  0.00582    CDp =  0.00635

 MRCHDU: Convergence failed at  72  side 2    Res =  0.6575E-01
 Side 1  free  transition at x/c =  0.5407   60
 Side 2  free  transition at x/c =  0.8670   64

 294   rms: 0.4937E+01   max: -.7578E+02   C at   64  2   RLX: 0.007
       a =  5.000      CL =  1.3913
      Cm = -0.1843     CD =  0.01214   =>   CDf =  0.00583    CDp =  0.00631

 MRCHDU: Convergence failed at  72  side 2    Res =  0.4684E-01
 Side 1  free  transition at x/c =  0.5407   60
 Side 2  free  transition at x/c =  0.8848   65

 295   rms: 0.2546E+04   max: -.3729E+05   C at   65  2   RLX: 0.000
       a =  5.000      CL =  1.3914
      Cm = -0.1844     CD =  0.01213   =>   CDf =  0.00582    CDp =  0.00631

 MRCHDU: Convergence failed at  72  side 2    Res =  0.2088E-01
 Side 1  free  transition at x/c =  0.5407   60
 Side 2  free  transition at x/c =  0.9011   66

 296   rms: 0.1527E+02   max: 0.2146E+03   C at   66  2   RLX: 0.007
       a =  5.000      CL =  1.3910
      Cm = -0.1842     CD =  0.01216   =>   CDf =  0.00582    CDp =  0.00635

 MRCHDU: Convergence failed at  72  side 2    Res =  0.6674E-01
 Side 1  free  transition at x/c =  0.5406   60
 Side 2  free  transition at x/c =  0.8662   64

 297   rms: 0.4844E+01   max: -.7467E+02   C at   64  2   RLX: 0.007
       a =  5.000      CL =  1.3909
      Cm = -0.1842     CD =  0.01215   =>   CDf =  0.00583    CDp =  0.00631

 MRCHDU: Convergence failed at  72  side 2    Res =  0.4788E-01
 Side 1  free  transition at x/c =  0.5406   60
 Side 2  free  transition at x/c =  0.8841   65

 298   rms: 0.7312E+03   max: -.1075E+05   C at   65  2   RLX: 0.000
       a =  5.000      CL =  1.3910
      Cm = -0.1842     CD =  0.01213   =>   CDf =  0.00582    CDp =  0.00631

 MRCHDU: Convergence failed at  72  side 2    Res =  0.2220E-01
 Side 1  free  transition at x/c =  0.5406   60
 Side 2  free  transition at x/c =  0.9005   66

 299   rms: 0.1513E+02   max: 0.2138E+03   C at   66  2   RLX: 0.007
       a =  5.000      CL =  1.3906
      Cm = -0.1841     CD =  0.01216   =>   CDf =  0.00582    CDp =  0.00635

 MRCHDU: Convergence failed at  72  side 2    Res =  0.6723E-01
 Side 1  free  transition at x/c =  0.5406   60
 Side 2  free  transition at x/c =  0.8654   64

 300   rms: 0.4728E+01   max: -.7319E+02   C at   64  2   RLX: 0.007
       a =  5.000      CL =  1.3906
      Cm = -0.1841     CD =  0.01215   =>   CDf =  0.00584    CDp =  0.00631

 MRCHDU: Convergence failed at  72  side 2    Res =  0.4891E-01
 Side 1  free  transition at x/c =  0.5406   60
 Side 2  free  transition at x/c =  0.8832   65

 301   rms: 0.2716E+03   max: -.4015E+04   C at   65  2   RLX: 0.000
       a =  5.000      CL =  1.3906
      Cm = -0.1841     CD =  0.01213   =>   CDf =  0.00582    CDp =  0.00631

 MRCHDU: Convergence failed at  72  side 2    Res =  0.2334E-01
 Side 1  free  transition at x/c =  0.5406   60
 Side 2  free  transition at x/c =  0.8997   66

 302   rms: 0.1517E+02   max: 0.2157E+03   C at   66  2   RLX: 0.007
       a =  5.000      CL =  1.3902
      Cm = -0.1840     CD =  0.01217   =>   CDf =  0.00582    CDp =  0.00635

 MRCHDU: Convergence failed at  72  side 2    Res =  0.6710E-01
 Side 1  free  transition at x/c =  0.5406   60
 Side 2  free  transition at x/c =  0.8646   64

 303   rms: 0.4595E+01   max: -.7142E+02   C at   64  2   RLX: 0.007
       a =  5.000      CL =  1.3902
      Cm = -0.1839     CD =  0.01215   =>   CDf =  0.00584    CDp =  0.00631

 MRCHDU: Convergence failed at  72  side 2    Res =  0.4904E-01
 Side 1  free  transition at x/c =  0.5406   60
 Side 2  free  transition at x/c =  0.8825   65

 304   rms: 0.1439E+03   max: -.2136E+04   C at   65  2   RLX: 0.000
       a =  5.000      CL =  1.3902
      Cm = -0.1839     CD =  0.01213   =>   CDf =  0.00582    CDp =  0.00631

 MRCHDU: Convergence failed at  72  side 2    Res =  0.2392E-01
 Side 1  free  transition at x/c =  0.5406   60
 Side 2  free  transition at x/c =  0.8991   66

 305   rms: 0.1543E+02   max: 0.2206E+03   C at   66  2   RLX: 0.007
       a =  5.000      CL =  1.3899
      Cm = -0.1838     CD =  0.01217   =>   CDf =  0.00582    CDp =  0.00635
 VISCAL:  Convergence failed
 Calculating wake trajectory ...
 Calculating source influence matrix ...

 Solving BL system ...

 MRCHDU: Convergence failed at  72  side 2    Res =  0.6647E-01
 Side 1  free  transition at x/c =  0.5406   60
 Side 2  free  transition at x/c =  0.8637   64

   1   rms: 0.5797E+01   max: -.9046E+02   C at   64  2   RLX: 0.006
       a =  5.500      CL =  1.3892
      Cm = -0.1836     CD =  0.01215   =>   CDf =  0.00584    CDp =  0.00631

 MRCHDU: Convergence failed at  72  side 2    Res =  0.5143E-01
 Side 1  free  transition at x/c =  0.5406   60
 Side 2  free  transition at x/c =  0.8817   65

   2   rms: 0.2326E+02   max: -.3511E+03   C at   65  2   RLX: 0.001
       a =  5.500      CL =  1.3892
      Cm = -0.1836     CD =  0.01213   =>   CDf =  0.00583    CDp =  0.00630

 MRCHDU: Convergence failed at  72  side 2    Res =  0.3044E-01
 Side 1  free  transition at x/c =  0.5405   60
 Side 2  free  transition at x/c =  0.8984   66

   3   rms: 0.1934E+02   max: 0.2780E+03   C at   66  2   RLX: 0.005
       a =  5.500      CL =  1.3884
      Cm = -0.1833     CD =  0.01216   =>   CDf =  0.00582    CDp =  0.00634

 MRCHDU: Convergence failed at  72  side 2    Res =  0.7348E-01
 Side 1  free  transition at x/c =  0.5405   60
 Side 2  free  transition at x/c =  0.8630   64

   4   rms: 0.5723E+01   max: -.8962E+02   C at   64  2   RLX: 0.006
       a =  5.500      CL =  1.3879
      Cm = -0.1831     CD =  0.01214   =>   CDf =  0.00584    CDp =  0.00630

 MRCHDU: Convergence failed at  72  side 2    Res =  0.5867E-01
 Side 1  free  transition at x/c =  0.5405   60
 Side 2  free  transition at x/c =  0.8811   65

   5   rms: 0.2335E+02   max: -.3538E+03   C at   65  2   RLX: 0.001
       a =  5.500      CL =  1.3878
      Cm = -0.1831     CD =  0.01213   =>   CDf =  0.00583    CDp =  0.00630

 MRCHDU: Convergence failed at  72  side 2    Res =  0.3779E-01
 Side 1  free  transition at x/c =  0.5405   60
 Side 2  free  transition at x/c =  0.8979   66

   6   rms: 0.1860E+02   max: 0.2686E+03   C at   66  2   RLX: 0.006
       a =  5.500      CL =  1.3870
      Cm = -0.1828     CD =  0.01216   =>   CDf =  0.00582    CDp =  0.00634

 MRCHDU: Convergence failed at  72  side 2    Res =  0.7943E-01
 Side 1  free  transition at x/c =  0.5404   60
 Side 2  free  transition at x/c =  0.8624   64

   7   rms: 0.5633E+01   max: -.8850E+02   C at   64  2   RLX: 0.006
       a =  5.500      CL =  1.3865
      Cm = -0.1826     CD =  0.01214   =>   CDf =  0.00584    CDp =  0.00630

 MRCHDU: Convergence failed at  72  side 2    Res =  0.6501E-01
 Side 1  free  transition at x/c =  0.5404   60
 Side 2  free  transition at x/c =  0.8805   65

   8   rms: 0.2305E+02   max: -.3504E+03   C at   65  2   RLX: 0.001
       a =  5.500      CL =  1.3864
      Cm = -0.1826     CD =  0.01212   =>   CDf =  0.00583    CDp =  0.00630

 MRCHDU: Convergence failed at  72  side 2    Res =  0.4405E-01
 Side 1  free  transition at x/c =  0.5404   60
 Side 2  free  transition at x/c =  0.8974   66

   9   rms: 0.1806E+02   max: 0.2618E+03   C at   66  2   RLX: 0.006
       a =  5.500      CL =  1.3856
      Cm = -0.1823     CD =  0.01216   =>   CDf =  0.00582    CDp =  0.00634

 MRCHDU: Convergence failed at  72  side 2    Res =  0.8426E-01
 Side 1  free  transition at x/c =  0.5404   60
 Side 2  free  transition at x/c =  0.8619   64

  10   rms: 0.5539E+01   max: -.8725E+02   C at   64  2   RLX: 0.006
       a =  5.500      CL =  1.3850
      Cm = -0.1821     CD =  0.01214   =>   CDf =  0.00584    CDp =  0.00630

 MRCHDU: Convergence failed at  72  side 2    Res =  0.7027E-01
 Side 1  free  transition at x/c =  0.5403   60
 Side 2  free  transition at x/c =  0.8800   65

  11   rms: 0.2252E+02   max: -.3435E+03   C at   65  2   RLX: 0.001
       a =  5.500      CL =  1.3850
      Cm = -0.1821     CD =  0.01212   =>   CDf =  0.00583    CDp =  0.00629

 MRCHDU: Convergence failed at  72  side 2    Res =  0.4964E-01
 Side 1  free  transition at x/c =  0.5403   60
 Side 2  free  transition at x/c =  0.8970   66

  12   rms: 0.1769E+02   max: 0.2574E+03   C at   66  2   RLX: 0.006
       a =  5.500      CL =  1.3842
      Cm = -0.1818     CD =  0.01216   =>   CDf =  0.00582    CDp =  0.00633

 MRCHDU: Convergence failed at  72  side 2    Res =  0.8838E-01
 Side 1  free  transition at x/c =  0.5403   60
 Side 2  free  transition at x/c =  0.8614   64

  13   rms: 0.5430E+01   max: -.8575E+02   C at   64  2   RLX: 0.006
       a =  5.500      CL =  1.3836
      Cm = -0.1816     CD =  0.01214   =>   CDf =  0.00584    CDp =  0.00629

 MRCHDU: Convergence failed at  72  side 2    Res =  0.7485E-01
 Side 1  free  transition at x/c =  0.5403   60
 Side 2  free  transition at x/c =  0.8795   65

  14   rms: 0.2169E+02   max: -.3317E+03   C at   65  2   RLX: 0.002
       a =  5.500      CL =  1.3836
      Cm = -0.1815     CD =  0.01212   =>   CDf =  0.00583    CDp =  0.00629

 MRCHDU: Convergence failed at  72  side 2    Res =  0.5431E-01
 Side 1  free  transition at x/c =  0.5402   60
 Side 2  free  transition at x/c =  0.8966   66

  15   rms: 0.1747E+02   max: 0.2550E+03   C at   66  2   RLX: 0.006
       a =  5.500      CL =  1.3828
      Cm = -0.1813     CD =  0.01215   =>   CDf =  0.00582    CDp =  0.00633

 MRCHDU: Convergence failed at  72  side 2    Res =  0.9162E-01
 Side 1  free  transition at x/c =  0.5402   60
 Side 2  free  transition at x/c =  0.8610   64

  16   rms: 0.5322E+01   max: -.8419E+02   C at   64  2   RLX: 0.006
       a =  5.500      CL =  1.3822
      Cm = -0.1811     CD =  0.01213   =>   CDf =  0.00584    CDp =  0.00629

 MRCHDU: Convergence failed at  72  side 2    Res =  0.7850E-01
 Side 1  free  transition at x/c =  0.5402   60
 Side 2  free  transition at x/c =  0.8792   65

  17   rms: 0.2077E+02   max: -.3182E+03   C at   65  2   RLX: 0.002
       a =  5.500      CL =  1.3821
      Cm = -0.1810     CD =  0.01212   =>   CDf =  0.00583    CDp =  0.00629

 MRCHDU: Convergence failed at  72  side 2    Res =  0.5868E-01
 Side 1  free  transition at x/c =  0.5402   60
 Side 2  free  transition at x/c =  0.8963   66

  18   rms: 0.1740E+02   max: 0.2549E+03   C at   66  2   RLX: 0.006
       a =  5.500      CL =  1.3813
      Cm = -0.1808     CD =  0.01215   =>   CDf =  0.00582    CDp =  0.00633

 MRCHDU: Convergence failed at  72  side 2    Res =  0.9410E-01
 Side 1  free  transition at x/c =  0.5401   60
 Side 2  free  transition at x/c =  0.8608   64

  19   rms: 0.5211E+01   max: -.8253E+02   C at   64  2   RLX: 0.006
       a =  5.500      CL =  1.3808
      Cm = -0.1806     CD =  0.01213   =>   CDf =  0.00584    CDp =  0.00629

 MRCHDU: Convergence failed at  72  side 2    Res =  0.8158E-01
 Side 1  free  transition at x/c =  0.5401   60
 Side 2  free  transition at x/c =  0.8789   65

  20   rms: 0.1967E+02   max: -.3019E+03   C at   65  2   RLX: 0.002
       a =  5.500      CL =  1.3807
      Cm = -0.1805     CD =  0.01211   =>   CDf =  0.00583    CDp =  0.00628

 MRCHDU: Convergence failed at  72  side 2    Res =  0.6229E-01
 Side 1  free  transition at x/c =  0.5401   60
 Side 2  free  transition at x/c =  0.8960   66

  21   rms: 0.1748E+02   max: 0.2566E+03   C at   66  2   RLX: 0.006
       a =  5.500      CL =  1.3799
      Cm = -0.1803     CD =  0.01215   =>   CDf =  0.00582    CDp =  0.00633

 MRCHDU: Convergence failed at  72  side 2    Res =  0.9628E-01
 Side 1  free  transition at x/c =  0.5401   60
 Side 2  free  transition at x/c =  0.8605   64

  22   rms: 0.5090E+01   max: -.8073E+02   C at   64  2   RLX: 0.006
       a =  5.500      CL =  1.3794
      Cm = -0.1800     CD =  0.01213   =>   CDf =  0.00584    CDp =  0.00629

 MRCHDU: Convergence failed at  72  side 2    Res =  0.8440E-01
 Side 1  free  transition at x/c =  0.5400   60
 Side 2  free  transition at x/c =  0.8786   65

  23   rms: 0.1842E+02   max: -.2833E+03   C at   65  2   RLX: 0.002
       a =  5.500      CL =  1.3793
      Cm = -0.1800     CD =  0.01211   =>   CDf =  0.00583    CDp =  0.00628

 MRCHDU: Convergence failed at  72  side 2    Res =  0.6523E-01
 Side 1  free  transition at x/c =  0.5400   60
 Side 2  free  transition at x/c =  0.8959   66

  24   rms: 0.1770E+02   max: 0.2601E+03   C at   66  2   RLX: 0.006
       a =  5.500      CL =  1.3785
      Cm = -0.1798     CD =  0.01215   =>   CDf =  0.00582    CDp =  0.00633

 MRCHDU: Convergence failed at  72  side 2    Res =  0.9776E-01
 Side 1  free  transition at x/c =  0.5400   60
 Side 2  free  transition at x/c =  0.8604   64

  25   rms: 0.4975E+01   max: -.7894E+02   C at   64  2   RLX: 0.006
       a =  5.500      CL =  1.3779
      Cm = -0.1795     CD =  0.01213   =>   CDf =  0.00584    CDp =  0.00628

 MRCHDU: Convergence failed at  72  side 2    Res =  0.8615E-01
 Side 1  free  transition at x/c =  0.5399   60
 Side 2  free  transition at x/c =  0.8786   65

  26   rms: 0.1734E+02   max: -.2667E+03   C at   65  2   RLX: 0.002
       a =  5.500      CL =  1.3779
      Cm = -0.1795     CD =  0.01211   =>   CDf =  0.00583    CDp =  0.00628

 MRCHDU: Convergence failed at  72  side 2    Res =  0.6802E-01
 Side 1  free  transition at x/c =  0.5399   60
 Side 2  free  transition at x/c =  0.8958   66

  27   rms: 0.1806E+02   max: 0.2659E+03   C at   66  2   RLX: 0.006
       a =  5.500      CL =  1.3771
      Cm = -0.1793     CD =  0.01215   =>   CDf =  0.00582    CDp =  0.00632

 MRCHDU: Convergence failed at  72  side 2    Res =  0.9888E-01
 Side 1  free  transition at x/c =  0.5399   60
 Side 2  free  transition at x/c =  0.8603   64

  28   rms: 0.4856E+01   max: -.7707E+02   C at   64  2   RLX: 0.006
       a =  5.500      CL =  1.3765
      Cm = -0.1790     CD =  0.01212   =>   CDf =  0.00584    CDp =  0.00628

 MRCHDU: Convergence failed at  72  side 2    Res =  0.8794E-01
 Side 1  free  transition at x/c =  0.5399   60
 Side 2  free  transition at x/c =  0.8785   65

  29   rms: 0.1616E+02   max: -.2487E+03   C at   65  2   RLX: 0.002
       a =  5.500      CL =  1.3764
      Cm = -0.1790     CD =  0.01211   =>   CDf =  0.00583    CDp =  0.00628

 MRCHDU: Convergence failed at  72  side 2    Res =  0.7037E-01
 Side 1  free  transition at x/c =  0.5398   60
 Side 2  free  transition at x/c =  0.8958   66

  30   rms: 0.1860E+02   max: 0.2739E+03   C at   66  2   RLX: 0.005
       a =  5.500      CL =  1.3757
      Cm = -0.1787     CD =  0.01214   =>   CDf =  0.00582    CDp =  0.00632

 MRCHDU: Convergence failed at  72  side 2    Res =  0.9977E-01
 Side 1  free  transition at x/c =  0.5398   60
 Side 2  free  transition at x/c =  0.8603   64

  31   rms: 0.4734E+01   max: -.7513E+02   C at   64  2   RLX: 0.007
       a =  5.500      CL =  1.3751
      Cm = -0.1785     CD =  0.01212   =>   CDf =  0.00584    CDp =  0.00628

 MRCHDU: Convergence failed at  72  side 2    Res =  0.8934E-01
 Side 1  free  transition at x/c =  0.5398   60
 Side 2  free  transition at x/c =  0.8785   65

  32   rms: 0.1504E+02   max: -.2315E+03   C at   65  2   RLX: 0.002
       a =  5.500      CL =  1.3750
      Cm = -0.1784     CD =  0.01210   =>   CDf =  0.00583    CDp =  0.00627

 MRCHDU: Convergence failed at  72  side 2    Res =  0.7242E-01
 Side 1  free  transition at x/c =  0.5398   60
 Side 2  free  transition at x/c =  0.8958   66

  33   rms: 0.1931E+02   max: 0.2845E+03   C at   66  2   RLX: 0.005
       a =  5.500      CL =  1.3743
      Cm = -0.1782     CD =  0.01214   =>   CDf =  0.00582    CDp =  0.00632

 MRCHDU: Convergence failed at  72  side 2    Res =  0.1002E+00
 MRCHDU: Convergence failed at  73  side 2    Res =  0.6184E+02
 Side 1  free  transition at x/c =  0.5397   60
 Side 2  free  transition at x/c =  0.8604   64

  34   rms: 0.6891E+00   max: 0.1039E+02   C at   64  2   RLX: 0.144
       a =  5.500      CL =  1.3615
      Cm = -0.1746     CD =  0.01220   =>   CDf =  0.00566    CDp =  0.00654

 Side 1  free  transition at x/c =  0.5388   60
 Side 2  free  transition at x/c =  0.8081   61

  35   rms: 0.7690E+01   max: -.1231E+03   C at   61  2   RLX: 0.004
       a =  5.500      CL =  1.3619
      Cm = -0.1749     CD =  0.01223   =>   CDf =  0.00575    CDp =  0.00649

 Side 1  free  transition at x/c =  0.5388   60
 Side 2  free  transition at x/c =  0.8249   62

  36   rms: 0.8960E+01   max: -.1425E+03   C at   62  2   RLX: 0.004
       a =  5.500      CL =  1.3617
      Cm = -0.1748     CD =  0.01223   =>   CDf =  0.00572    CDp =  0.00651

 Side 1  free  transition at x/c =  0.5388   60
 Side 2  free  transition at x/c =  0.8419   63

  37   rms: 0.4567E+04   max: 0.7241E+05   C at   63  2   RLX: 0.000
       a =  5.500      CL =  1.3615
      Cm = -0.1748     CD =  0.01223   =>   CDf =  0.00568    CDp =  0.00655

 Side 1  free  transition at x/c =  0.5388   60
 Side 2  free  transition at x/c =  0.8158   61

  38   rms: 0.7985E+01   max: -.1227E+03   C at   61  2   RLX: 0.004
       a =  5.500      CL =  1.3613
      Cm = -0.1747     CD =  0.01222   =>   CDf =  0.00573    CDp =  0.00649

 Side 1  free  transition at x/c =  0.5388   60
 Side 2  free  transition at x/c =  0.8325   62

  39   rms: 0.1176E+02   max: -.1799E+03   C at   62  2   RLX: 0.003
       a =  5.500      CL =  1.3612
      Cm = -0.1746     CD =  0.01222   =>   CDf =  0.00570    CDp =  0.00652

 Side 1  free  transition at x/c =  0.5388   60
 Side 2  free  transition at x/c =  0.8492   63

  40   rms: 0.1523E+02   max: 0.2326E+03   C at   63  2   RLX: 0.006
       a =  5.500      CL =  1.3603
      Cm = -0.1744     CD =  0.01223   =>   CDf =  0.00567    CDp =  0.00655

 Side 1  free  transition at x/c =  0.5387   60
 Side 2  free  transition at x/c =  0.8021   61

  41   rms: 0.6543E+01   max: -.1099E+03   C at   61  2   RLX: 0.005
       a =  5.500      CL =  1.3601
      Cm = -0.1743     CD =  0.01221   =>   CDf =  0.00576    CDp =  0.00645

 Side 1  free  transition at x/c =  0.5387   60
 Side 2  free  transition at x/c =  0.8198   62

  42   rms: 0.7089E+01   max: -.1185E+03   C at   62  2   RLX: 0.004
       a =  5.500      CL =  1.3599
      Cm = -0.1742     CD =  0.01220   =>   CDf =  0.00573    CDp =  0.00647

 Side 1  free  transition at x/c =  0.5387   60
 Side 2  free  transition at x/c =  0.8372   62

  43   rms: 0.1359E+02   max: -.2002E+03   C at   62  2   RLX: 0.002
       a =  5.500      CL =  1.3598
      Cm = -0.1741     CD =  0.01220   =>   CDf =  0.00570    CDp =  0.00650

 Side 1  free  transition at x/c =  0.5387   60
 Side 2  free  transition at x/c =  0.8535   63

  44   rms: 0.8980E+01   max: 0.1318E+03   C at   63  2   RLX: 0.011
       a =  5.500      CL =  1.3585
      Cm = -0.1738     CD =  0.01219   =>   CDf =  0.00567    CDp =  0.00652

 Side 1  free  transition at x/c =  0.5386   60
 Side 2  free  transition at x/c =  0.8083   61

  45   rms: 0.7022E+01   max: -.1126E+03   C at   61  2   RLX: 0.004
       a =  5.500      CL =  1.3582
      Cm = -0.1736     CD =  0.01218   =>   CDf =  0.00575    CDp =  0.00642

 Side 1  free  transition at x/c =  0.5386   60
 Side 2  free  transition at x/c =  0.8256   62

  46   rms: 0.7611E+01   max: -.1216E+03   C at   62  2   RLX: 0.004
       a =  5.500      CL =  1.3580
      Cm = -0.1735     CD =  0.01216   =>   CDf =  0.00572    CDp =  0.00644

 Side 1  free  transition at x/c =  0.5386   60
 Side 2  free  transition at x/c =  0.8427   63

  47   rms: 0.1354E+02   max: -.2147E+03   C at   63  2   RLX: 0.002
       a =  5.500      CL =  1.3579
      Cm = -0.1734     CD =  0.01216   =>   CDf =  0.00569    CDp =  0.00647

 Side 1  free  transition at x/c =  0.5386   60
 Side 2  free  transition at x/c =  0.8589   64

  48   rms: 0.1042E+02   max: 0.1610E+03   C at   64  2   RLX: 0.009
       a =  5.500      CL =  1.3567
      Cm = -0.1732     CD =  0.01213   =>   CDf =  0.00566    CDp =  0.00647

 Side 1  free  transition at x/c =  0.5385   60
 Side 2  free  transition at x/c =  0.8172   61

  49   rms: 0.7595E+01   max: -.1167E+03   C at   61  2   RLX: 0.004
       a =  5.500      CL =  1.3560
      Cm = -0.1727     CD =  0.01212   =>   CDf =  0.00576    CDp =  0.00636

 Side 1  free  transition at x/c =  0.5385   60
 Side 2  free  transition at x/c =  0.8341   62

  50   rms: 0.8062E+01   max: -.1238E+03   C at   62  2   RLX: 0.004
       a =  5.500      CL =  1.3558
      Cm = -0.1726     CD =  0.01211   =>   CDf =  0.00573    CDp =  0.00638

 Side 1  free  transition at x/c =  0.5385   60
 Side 2  free  transition at x/c =  0.8508   63

  51   rms: 0.1669E+02   max: -.2511E+03   C at   63  2   RLX: 0.002
       a =  5.500      CL =  1.3557
      Cm = -0.1725     CD =  0.01210   =>   CDf =  0.00570    CDp =  0.00640

 Side 1  free  transition at x/c =  0.5385   60
 Side 2  free  transition at x/c =  0.8664   64

  52   rms: 0.1226E+02   max: 0.1811E+03   C at   64  2   RLX: 0.008
       a =  5.500      CL =  1.3547
      Cm = -0.1722     CD =  0.01208   =>   CDf =  0.00567    CDp =  0.00641

 Side 1  free  transition at x/c =  0.5384   60
 Side 2  free  transition at x/c =  0.8268   62

  53   rms: 0.8024E+01   max: -.1282E+03   C at   62  2   RLX: 0.004
       a =  5.500      CL =  1.3540
      Cm = -0.1717     CD =  0.01209   =>   CDf =  0.00575    CDp =  0.00634

 Side 1  free  transition at x/c =  0.5384   60
 Side 2  free  transition at x/c =  0.8438   63

  54   rms: 0.1065E+02   max: -.1692E+03   C at   63  2   RLX: 0.003
       a =  5.500      CL =  1.3538
      Cm = -0.1716     CD =  0.01208   =>   CDf =  0.00572    CDp =  0.00636

 Side 1  free  transition at x/c =  0.5384   60
 Side 2  free  transition at x/c =  0.8598   64

  55   rms: 0.6557E+02   max: -.1031E+04   C at   64  2   RLX: 0.000
       a =  5.500      CL =  1.3538
      Cm = -0.1716     CD =  0.01208   =>   CDf =  0.00569    CDp =  0.00639

 Side 1  free  transition at x/c =  0.5384   60
 Side 2  free  transition at x/c =  0.8737   64

  56   rms: 0.4210E+01   max: 0.5854E+02   C at   64  2   RLX: 0.026
       a =  5.500      CL =  1.3515
      Cm = -0.1709     CD =  0.01205   =>   CDf =  0.00567    CDp =  0.00638

 Side 1  free  transition at x/c =  0.5383   60
 Side 2  free  transition at x/c =  0.8345   62

  57   rms: 0.9234E+01   max: -.1417E+03   C at   62  2   RLX: 0.004
       a =  5.500      CL =  1.3508
      Cm = -0.1704     CD =  0.01207   =>   CDf =  0.00574    CDp =  0.00632

 Side 1  free  transition at x/c =  0.5383   60
 Side 2  free  transition at x/c =  0.8512   63

  58   rms: 0.2293E+02   max: -.3454E+03   C at   63  2   RLX: 0.001
       a =  5.500      CL =  1.3507
      Cm = -0.1703     CD =  0.01206   =>   CDf =  0.00571    CDp =  0.00635

 Side 1  free  transition at x/c =  0.5383   60
 Side 2  free  transition at x/c =  0.8669   64

  59   rms: 0.9575E+01   max: 0.1416E+03   C at   64  2   RLX: 0.011
       a =  5.500      CL =  1.3496
      Cm = -0.1700     CD =  0.01206   =>   CDf =  0.00569    CDp =  0.00637

 Side 1  free  transition at x/c =  0.5382   60
 Side 2  free  transition at x/c =  0.8275   62

  60   rms: 0.8526E+01   max: -.1358E+03   C at   62  2   RLX: 0.004
       a =  5.500      CL =  1.3490
      Cm = -0.1696     CD =  0.01206   =>   CDf =  0.00576    CDp =  0.00630

 Side 1  free  transition at x/c =  0.5382   60
 Side 2  free  transition at x/c =  0.8445   63

  61   rms: 0.1069E+02   max: -.1696E+03   C at   63  2   RLX: 0.003
       a =  5.500      CL =  1.3488
      Cm = -0.1695     CD =  0.01205   =>   CDf =  0.00573    CDp =  0.00632

 Side 1  free  transition at x/c =  0.5382   60
 Side 2  free  transition at x/c =  0.8607   64

  62   rms: 0.5385E+02   max: 0.8434E+03   C at   64  2   RLX: 0.002
       a =  5.500      CL =  1.3484
      Cm = -0.1694     CD =  0.01206   =>   CDf =  0.00570    CDp =  0.00636

 Side 1  free  transition at x/c =  0.5382   60
 Side 2  free  transition at x/c =  0.8205   62

  63   rms: 0.7283E+01   max: -.1222E+03   C at   62  2   RLX: 0.004
       a =  5.500      CL =  1.3478
      Cm = -0.1690     CD =  0.01206   =>   CDf =  0.00577    CDp =  0.00629

 Side 1  free  transition at x/c =  0.5382   60
 Side 2  free  transition at x/c =  0.8383   63

  64   rms: 0.9046E+01   max: -.1485E+03   C at   63  2   RLX: 0.003
       a =  5.500      CL =  1.3477
      Cm = -0.1689     CD =  0.01205   =>   CDf =  0.00574    CDp =  0.00631

 Side 1  free  transition at x/c =  0.5381   60
 Side 2  free  transition at x/c =  0.8547   63

  65   rms: 0.6725E+02   max: -.9921E+03   C at   63  2   RLX: 0.001
       a =  5.500      CL =  1.3477
      Cm = -0.1689     CD =  0.01205   =>   CDf =  0.00571    CDp =  0.00634

 Side 1  free  transition at x/c =  0.5381   60
 Side 2  free  transition at x/c =  0.8702   64

  66   rms: 0.3777E+01   max: 0.5365E+02   C at   64  2   RLX: 0.028
       a =  5.500      CL =  1.3453
      Cm = -0.1681     CD =  0.01201   =>   CDf =  0.00569    CDp =  0.00633

 Side 1  free  transition at x/c =  0.5380   60
 Side 2  free  transition at x/c =  0.8314   62

  67   rms: 0.9670E+01   max: -.1509E+03   C at   62  2   RLX: 0.003
       a =  5.500      CL =  1.3445
      Cm = -0.1676     CD =  0.01203   =>   CDf =  0.00576    CDp =  0.00627

 Side 1  free  transition at x/c =  0.5380   60
 Side 2  free  transition at x/c =  0.8485   63

  68   rms: 0.2551E+02   max: -.3902E+03   C at   63  2   RLX: 0.001
       a =  5.500      CL =  1.3445
      Cm = -0.1675     CD =  0.01203   =>   CDf =  0.00573    CDp =  0.00630

 Side 1  free  transition at x/c =  0.5380   60
 Side 2  free  transition at x/c =  0.8642   64

  69   rms: 0.6937E+01   max: 0.1043E+03   C at   64  2   RLX: 0.014
       a =  5.500      CL =  1.3432
      Cm = -0.1671     CD =  0.01202   =>   CDf =  0.00570    CDp =  0.00631

 Side 1  free  transition at x/c =  0.5379   60
 Side 2  free  transition at x/c =  0.8249   62

  70   rms: 0.9275E+01   max: -.1496E+03   C at   62  2   RLX: 0.003
       a =  5.500      CL =  1.3426
      Cm = -0.1667     CD =  0.01203   =>   CDf =  0.00578    CDp =  0.00625

 Side 1  free  transition at x/c =  0.5379   60
 Side 2  free  transition at x/c =  0.8424   63

  71   rms: 0.1348E+02   max: -.2165E+03   C at   63  2   RLX: 0.002
       a =  5.500      CL =  1.3425
      Cm = -0.1666     CD =  0.01202   =>   CDf =  0.00575    CDp =  0.00627

 Side 1  free  transition at x/c =  0.5379   60
 Side 2  free  transition at x/c =  0.8586   64

  72   rms: 0.1644E+02   max: 0.2607E+03   C at   64  2   RLX: 0.006
       a =  5.500      CL =  1.3418
      Cm = -0.1664     CD =  0.01202   =>   CDf =  0.00572    CDp =  0.00631

 Side 1  free  transition at x/c =  0.5379   60
 Side 2  free  transition at x/c =  0.8186   61

  73   rms: 0.9766E+01   max: -.1491E+03   C at   61  2   RLX: 0.003
       a =  5.500      CL =  1.3412
      Cm = -0.1660     CD =  0.01202   =>   CDf =  0.00579    CDp =  0.00623

 Side 1  free  transition at x/c =  0.5379   60
 Side 2  free  transition at x/c =  0.8357   62

  74   rms: 0.1389E+02   max: -.2094E+03   C at   62  2   RLX: 0.002
       a =  5.500      CL =  1.3411
      Cm = -0.1660     CD =  0.01201   =>   CDf =  0.00576    CDp =  0.00625

 Side 1  free  transition at x/c =  0.5379   60
 Side 2  free  transition at x/c =  0.8526   63

  75   rms: 0.3876E+02   max: 0.5787E+03   C at   63  2   RLX: 0.003
       a =  5.500      CL =  1.3406
      Cm = -0.1659     CD =  0.01202   =>   CDf =  0.00573    CDp =  0.00629

 Side 1  free  transition at x/c =  0.5379   60
 Side 2  free  transition at x/c =  0.8081   61

  76   rms: 0.1025E+02   max: -.1650E+03   C at   61  2   RLX: 0.003
       a =  5.500      CL =  1.3402
      Cm = -0.1656     CD =  0.01203   =>   CDf =  0.00581    CDp =  0.00622

 Side 1  free  transition at x/c =  0.5378   60
 Side 2  free  transition at x/c =  0.8256   62

  77   rms: 0.1009E+02   max: -.1623E+03   C at   62  2   RLX: 0.003
       a =  5.500      CL =  1.3401
      Cm = -0.1655     CD =  0.01202   =>   CDf =  0.00578    CDp =  0.00623

 Side 1  free  transition at x/c =  0.5378   60
 Side 2  free  transition at x/c =  0.8433   63

  78   rms: 0.2136E+02   max: -.3414E+03   C at   63  2   RLX: 0.001
       a =  5.500      CL =  1.3401
      Cm = -0.1654     CD =  0.01201   =>   CDf =  0.00575    CDp =  0.00626

 Side 1  free  transition at x/c =  0.5378   60
 Side 2  free  transition at x/c =  0.8592   64

  79   rms: 0.5317E+01   max: 0.8218E+02   C at   64  2   RLX: 0.018
       a =  5.500      CL =  1.3386
      Cm = -0.1650     CD =  0.01199   =>   CDf =  0.00572    CDp =  0.00627

 Side 1  free  transition at x/c =  0.5377   60
 Side 2  free  transition at x/c =  0.8213   62

  80   rms: 0.1071E+02   max: -.1761E+03   C at   62  2   RLX: 0.003
       a =  5.500      CL =  1.3378
      Cm = -0.1645     CD =  0.01200   =>   CDf =  0.00580    CDp =  0.00621

 Side 1  free  transition at x/c =  0.5377   60
 Side 2  free  transition at x/c =  0.8393   63

  81   rms: 0.2156E+02   max: -.3525E+03   C at   63  2   RLX: 0.001
       a =  5.500      CL =  1.3378
      Cm = -0.1644     CD =  0.01199   =>   CDf =  0.00576    CDp =  0.00623

 Side 1  free  transition at x/c =  0.5377   60
 Side 2  free  transition at x/c =  0.8556   63

  82   rms: 0.5539E+00   max: -.7105E+01   n at   62  2   RLX: 0.070
       a =  5.500      CL =  1.3567
      Cm = -0.1681     CD =  0.01205   =>   CDf =  0.00574    CDp =  0.00631

 MRCHDU: Convergence failed at  72  side 2    Res =  0.1448E+01
 MRCHDU: Convergence failed at  73  side 2    Res =  0.4395E+01
 Side 1  free  transition at x/c =  0.5372   60
 Side 2 forced transition at x/c =  1.0000   73

  83   rms: 0.3400E+00   max: -.4289E+01   C at   73  2   RLX: 0.117
       a =  5.500      CL =  1.3864
      Cm = -0.1729     CD =  0.01194   =>   CDf =  0.00574    CDp =  0.00620

 Side 1  free  transition at x/c =  0.5362   60
 Side 2 forced transition at x/c =  1.0000   73

  84   rms: 0.2719E+00   max: -.2526E+01   C at   73  2   RLX: 0.198
       a =  5.500      CL =  1.4375
      Cm = -0.1832     CD =  0.01218   =>   CDf =  0.00576    CDp =  0.00643

 Side 1  free  transition at x/c =  0.5348   60
 Side 2 forced transition at x/c =  1.0000   73

  85   rms: 0.2090E+00   max: -.1749E+01   C at   73  2   RLX: 0.286
       a =  5.500      CL =  1.4987
      Cm = -0.1957     CD =  0.01250   =>   CDf =  0.00578    CDp =  0.00672

 Side 1  free  transition at x/c =  0.5330   60
 Side 2 forced transition at x/c =  1.0000   73

  86   rms: 0.1422E+00   max: -.1112E+01   C at   73  2   RLX: 0.450
       a =  5.500      CL =  1.5688
      Cm = -0.2098     CD =  0.01290   =>   CDf =  0.00564    CDp =  0.00726

 Side 1  free  transition at x/c =  0.5309   61
 Side 2 forced transition at x/c =  1.0000   72

  87   rms: 0.7897E-01   max: -.5426E+00   C at   72  2   RLX: 0.922
       a =  5.500      CL =  1.6498
      Cm = -0.2261     CD =  0.01336   =>   CDf =  0.00582    CDp =  0.00753

 Side 1  free  transition at x/c =  0.5286   61
 Side 2 forced transition at x/c =  1.0000   72

  88   rms: 0.7053E-02   max: -.1878E-01   C at   72  2
       a =  5.500      CL =  1.6582
      Cm = -0.2278     CD =  0.01344   =>   CDf =  0.00587    CDp =  0.00758

 Side 1  free  transition at x/c =  0.5283   61
 Side 2 forced transition at x/c =  1.0000   72

  89   rms: 0.8108E-04   max: -.3619E-03   D at   90  1
       a =  5.500      CL =  1.6583
      Cm = -0.2278     CD =  0.01344   =>   CDf =  0.00587    CDp =  0.00757
 plradd ia,ip,cpol           18           0  0.19380777    

 Point added to stored polar  1
 Point written to save file  e423_Re500k.base.pol                            
 Dump file unspecified or not available
 Calculating wake trajectory ...
 Calculating source influence matrix ...

 Solving BL system ...

 Side 1  free  transition at x/c =  0.5283   61
 Side 2 forced transition at x/c =  1.0000   72

   1   rms: 0.8240E-01   max: -.9140E-01   n at   71  2
       a =  6.000      CL =  1.7169
      Cm = -0.2290     CD =  0.01401   =>   CDf =  0.00571    CDp =  0.00830

 Side 1  free  transition at x/c =  0.5209   61
 Side 2 forced transition at x/c =  1.0000   71

   2   rms: 0.2616E-01   max: -.1660E+00   D at   61  1
       a =  6.000      CL =  1.6941
      Cm = -0.2241     CD =  0.01374   =>   CDf =  0.00585    CDp =  0.00789

 Side 1  free  transition at x/c =  0.5210   61
 Side 2 forced transition at x/c =  1.0000   71

   3   rms: 0.2400E-02   max: 0.1730E-01   D at   90  1
       a =  6.000      CL =  1.6951
      Cm = -0.2244     CD =  0.01378   =>   CDf =  0.00580    CDp =  0.00798

 Side 1  free  transition at x/c =  0.5208   61
 Side 2 forced transition at x/c =  1.0000   71

   4   rms: 0.1801E-04   max: -.1791E-03   D at   90  1
       a =  6.000      CL =  1.6951
      Cm = -0.2244     CD =  0.01378   =>   CDf =  0.00580    CDp =  0.00798
 plradd ia,ip,cpol           19           0  0.17931648    

 Point added to stored polar  1
 Point written to save file  e423_Re500k.base.pol                            
 Dump file unspecified or not available
 Calculating wake trajectory ...
 Calculating source influence matrix ...

 Solving BL system ...

 Side 1  free  transition at x/c =  0.5208   61
 Side 2 forced transition at x/c =  1.0000   71

   1   rms: 0.6745E-01   max: -.7627E-01   n at   51  2
       a =  6.500      CL =  1.7309
      Cm = -0.2208     CD =  0.01409   =>   CDf =  0.00580    CDp =  0.00829

 Side 1  free  transition at x/c =  0.5119   61
 Side 2 forced transition at x/c =  1.0000   71

   2   rms: 0.1428E-01   max: -.1244E+00   D at   61  1
       a =  6.500      CL =  1.7326
      Cm = -0.2211     CD =  0.01412   =>   CDf =  0.00585    CDp =  0.00827

 Side 1  free  transition at x/c =  0.5131   61
 Side 2 forced transition at x/c =  1.0000   71

   3   rms: 0.1413E-02   max: -.7002E-02   D at   89  1
       a =  6.500      CL =  1.7339
      Cm = -0.2214     CD =  0.01413   =>   CDf =  0.00581    CDp =  0.00832

 Side 1  free  transition at x/c =  0.5130   61
 Side 2 forced transition at x/c =  1.0000   71

   4   rms: 0.6564E-05   max: 0.1243E-03   D at   75  2
       a =  6.500      CL =  1.7339
      Cm = -0.2214     CD =  0.01413   =>   CDf =  0.00581    CDp =  0.00832
 plradd ia,ip,cpol           20           0  0.15137531    

 Point added to stored polar  1
 Point written to save file  e423_Re500k.base.pol                            
 Dump file unspecified or not available
 Calculating wake trajectory ...
 Calculating source influence matrix ...

 Solving BL system ...

 Side 1  free  transition at x/c =  0.5130   61
 Side 2 forced transition at x/c =  1.0000   71

   1   rms: 0.7182E-01   max: 0.5930E-01   D at   80  2
       a =  7.000      CL =  1.7787
      Cm = -0.2198     CD =  0.01460   =>   CDf =  0.00562    CDp =  0.00898

 Side 1  free  transition at x/c =  0.5059   61
 Side 2 forced transition at x/c =  1.0000   70

   2   rms: 0.1419E-01   max: -.1010E+00   D at   61  1
       a =  7.000      CL =  1.7704
      Cm = -0.2181     CD =  0.01456   =>   CDf =  0.00579    CDp =  0.00877

 Side 1  free  transition at x/c =  0.5051   61
 Side 2 forced transition at x/c =  1.0000   70

   3   rms: 0.1669E-02   max: -.8055E-02   D at   90  1
       a =  7.000      CL =  1.7716
      Cm = -0.2184     CD =  0.01457   =>   CDf =  0.00575    CDp =  0.00882

 Side 1  free  transition at x/c =  0.5050   61
 Side 2 forced transition at x/c =  1.0000   70

   4   rms: 0.7671E-05   max: -.5502E-04   D at   78  2
       a =  7.000      CL =  1.7716
      Cm = -0.2184     CD =  0.01457   =>   CDf =  0.00576    CDp =  0.00882
 plradd ia,ip,cpol           21           0  0.12515469    

 Point added to stored polar  1
 Point written to save file  e423_Re500k.base.pol                            
 Dump file unspecified or not available
 Calculating wake trajectory ...
 Calculating source influence matrix ...

 Solving BL system ...

 Side 1  free  transition at x/c =  0.5050   61
 Side 2 forced transition at x/c =  1.0000   70

   1   rms: 0.6521E-01   max: 0.8325E-01   D at   76  2
       a =  7.500      CL =  1.8041
      Cm = -0.2143     CD =  0.01500   =>   CDf =  0.00576    CDp =  0.00924

 Side 1  free  transition at x/c =  0.4949   61
 Side 2 forced transition at x/c =  1.0000   70

   2   rms: 0.1459E-01   max: -.1360E+00   D at   61  1
       a =  7.500      CL =  1.8049
      Cm = -0.2145     CD =  0.01502   =>   CDf =  0.00579    CDp =  0.00923

 Side 1  free  transition at x/c =  0.4965   61
 Side 2 forced transition at x/c =  1.0000   70

   3   rms: 0.2272E-02   max: -.1126E-01   D at   89  1
       a =  7.500      CL =  1.8068
      Cm = -0.2149     CD =  0.01503   =>   CDf =  0.00573    CDp =  0.00930

 Side 1  free  transition at x/c =  0.4963   61
 Side 2 forced transition at x/c =  1.0000   70

   4   rms: 0.4781E-04   max: -.4679E-03   D at    4  2
       a =  7.500      CL =  1.8068
      Cm = -0.2149     CD =  0.01503   =>   CDf =  0.00574    CDp =  0.00929
 plradd ia,ip,cpol           22           0  0.10114059    

 Point added to stored polar  1
 Point written to save file  e423_Re500k.base.pol                            
 Dump file unspecified or not available
 Calculating wake trajectory ...
 Calculating source influence matrix ...

 Solving BL system ...

 Side 1  free  transition at x/c =  0.4963   61
 Side 2 forced transition at x/c =  1.0000   70

   1   rms: 0.7305E-01   max: -.4530E+00   D at    3  2
       a =  8.000      CL =  1.8466
      Cm = -0.2125     CD =  0.01559   =>   CDf =  0.00552    CDp =  0.01007

 Side 1  free  transition at x/c =  0.4882   61
 Side 2 forced transition at x/c =  1.0000   69

   2   rms: 0.1573E-01   max: -.1137E+00   D at   61  1
       a =  8.000      CL =  1.8391
      Cm = -0.2110     CD =  0.01559   =>   CDf =  0.00570    CDp =  0.00989

 Side 1  free  transition at x/c =  0.4874   61
 Side 2 forced transition at x/c =  1.0000   69

   3   rms: 0.2015E-02   max: -.9248E-02   D at   90  1
       a =  8.000      CL =  1.8405
      Cm = -0.2113     CD =  0.01559   =>   CDf =  0.00566    CDp =  0.00994

 Side 1  free  transition at x/c =  0.4873   61
 Side 2 forced transition at x/c =  1.0000   69

   4   rms: 0.1943E-04   max: -.1085E-03   D at   78  2
       a =  8.000      CL =  1.8405
      Cm = -0.2113     CD =  0.01559   =>   CDf =  0.00566    CDp =  0.00994
 plradd ia,ip,cpol           23           0  9.01167840E-02

 Point added to stored polar  1
 Point written to save file  e423_Re500k.base.pol                            
 Dump file unspecified or not available
 Calculating wake trajectory ...
 Calculating source influence matrix ...

 Solving BL system ...

 Side 1  free  transition at x/c =  0.4873   61
 Side 2 forced transition at x/c =  1.0000   69

   1   rms: 0.6734E-01   max: 0.9347E-01   D at   77  2
       a =  8.500      CL =  1.8708
      Cm = -0.2072     CD =  0.01617   =>   CDf =  0.00543    CDp =  0.01075

 Side 1  free  transition at x/c =  0.4764   61
 Side 2 forced transition at x/c =  1.0000   68

   2   rms: 0.8370E-02   max: -.4053E-01   D at   90  1
       a =  8.500      CL =  1.8747
      Cm = -0.2080     CD =  0.01625   =>   CDf =  0.00570    CDp =  0.01054

 Side 1  free  transition at x/c =  0.4774   62
 Side 2 forced transition at x/c =  1.0000   68

   3   rms: 0.2898E-02   max: -.3309E-01   D at   61  1
       a =  8.500      CL =  1.8734
      Cm = -0.2077     CD =  0.01624   =>   CDf =  0.00569    CDp =  0.01055

 Side 1  free  transition at x/c =  0.4776   62
 Side 2 forced transition at x/c =  1.0000   68

   4   rms: 0.4121E-03   max: -.1848E-02   D at   90  1
       a =  8.500      CL =  1.8737
      Cm = -0.2078     CD =  0.01624   =>   CDf =  0.00566    CDp =  0.01058

 Side 1  free  transition at x/c =  0.4776   62
 Side 2 forced transition at x/c =  1.0000   68

   5   rms: 0.1803E-05   max: 0.2413E-04   C at   68  2
       a =  8.500      CL =  1.8737
      Cm = -0.2078     CD =  0.01624   =>   CDf =  0.00567    CDp =  0.01058
 plradd ia,ip,cpol           24           0  7.98270926E-02

 Point added to stored polar  1
 Point written to save file  e423_Re500k.base.pol                            
 Dump file unspecified or not available
 Calculating wake trajectory ...
 Calculating source influence matrix ...

 Solving BL system ...

 Side 1  free  transition at x/c =  0.4776   62
 Side 2 forced transition at x/c =  1.0000   68

   1   rms: 0.7094E-01   max: -.2555E+00   D at   62  1
       a =  9.000      CL =  1.9141
      Cm = -0.2057     CD =  0.01704   =>   CDf =  0.00567    CDp =  0.01137

 Side 1  free  transition at x/c =  0.4671   61
 Side 2 forced transition at x/c =  1.0000   68

   2   rms: 0.2287E-01   max: -.2188E+00   D at   61  1
       a =  9.000      CL =  1.8988
      Cm = -0.2028     CD =  0.01698   =>   CDf =  0.00559    CDp =  0.01139

 Side 1  free  transition at x/c =  0.4679   61
 Side 2 forced transition at x/c =  1.0000   68

   3   rms: 0.4471E-02   max: -.2203E-01   D at   90  1
       a =  9.000      CL =  1.9022
      Cm = -0.2035     CD =  0.01698   =>   CDf =  0.00552    CDp =  0.01146

 Side 1  free  transition at x/c =  0.4672   61
 Side 2 forced transition at x/c =  1.0000   68

   4   rms: 0.8041E-04   max: -.5686E-03   D at   62  1
       a =  9.000      CL =  1.9022
      Cm = -0.2035     CD =  0.01699   =>   CDf =  0.00553    CDp =  0.01145
 plradd ia,ip,cpol           25           0  7.03147352E-02

 Point added to stored polar  1
 Point written to save file  e423_Re500k.base.pol                            
 Dump file unspecified or not available
 Calculating wake trajectory ...
 Calculating source influence matrix ...

 Solving BL system ...

 Side 1  free  transition at x/c =  0.4672   61
 Side 2 forced transition at x/c =  1.0000   68

   1   rms: 0.6479E-01   max: 0.1040E+00   D at   77  2   RLX: 0.952
       a =  9.500      CL =  1.9293
      Cm = -0.1996     CD =  0.01779   =>   CDf =  0.00528    CDp =  0.01251

 Side 1  free  transition at x/c =  0.4566   61
 Side 2 forced transition at x/c =  1.0000   67

   2   rms: 0.7561E-02   max: -.8840E-01   D at   61  1
       a =  9.500      CL =  1.9283
      Cm = -0.1991     CD =  0.01793   =>   CDf =  0.00553    CDp =  0.01240

 Side 1  free  transition at x/c =  0.4563   61
 Side 2 forced transition at x/c =  1.0000   67

   3   rms: 0.1429E-02   max: -.7412E-02   D at   89  1
       a =  9.500      CL =  1.9294
      Cm = -0.1993     CD =  0.01792   =>   CDf =  0.00548    CDp =  0.01244

 Side 1  free  transition at x/c =  0.4562   61
 Side 2 forced transition at x/c =  1.0000   67

   4   rms: 0.1620E-04   max: -.1203E-03   D at   75  2
       a =  9.500      CL =  1.9294
      Cm = -0.1993     CD =  0.01792   =>   CDf =  0.00548    CDp =  0.01244
 plradd ia,ip,cpol           26           0  5.37117235E-02

 Point added to stored polar  1
 Point written to save file  e423_Re500k.base.pol                            
 Dump file unspecified or not available
 Calculating wake trajectory ...
 Calculating source influence matrix ...

 Solving BL system ...

 Side 1  free  transition at x/c =  0.4562   61
 Side 2 forced transition at x/c =  1.0000   67

   1   rms: 0.6378E-01   max: 0.1057E+00   D at   77  2   RLX: 0.897
       a = 10.000      CL =  1.9534
      Cm = -0.1955     CD =  0.01877   =>   CDf =  0.00548    CDp =  0.01329

 Side 1  free  transition at x/c =  0.4433   60
 Side 2 forced transition at x/c =  1.0000   67

   2   rms: 0.7191E-02   max: -.7310E-01   C at   60  1
       a = 10.000      CL =  1.9526
      Cm = -0.1945     CD =  0.01909   =>   CDf =  0.00552    CDp =  0.01357

 Side 1  free  transition at x/c =  0.4441   60
 Side 2 forced transition at x/c =  1.0000   67

   3   rms: 0.6254E-03   max: -.4097E-02   D at   88  1
       a = 10.000      CL =  1.9531
      Cm = -0.1946     CD =  0.01907   =>   CDf =  0.00546    CDp =  0.01361

 Side 1  free  transition at x/c =  0.4440   60
 Side 2 forced transition at x/c =  1.0000   67

   4   rms: 0.6703E-05   max: 0.7853E-04   C at   67  2
       a = 10.000      CL =  1.9531
      Cm = -0.1946     CD =  0.01907   =>   CDf =  0.00546    CDp =  0.01361
 plradd ia,ip,cpol           27           0  4.66057472E-02

 Point added to stored polar  1
 Point written to save file  e423_Re500k.base.pol                            
 Dump file unspecified or not available

.OPERva   c>  
 Solving BL system ...

 Side 1  free  transition at x/c =  0.4440   60
 Side 2 forced transition at x/c =  1.0000   67

   1   rms: 0.1037E-05   max: 0.5237E-05   D at    4  2
       a = 10.000      CL =  1.9531
      Cm = -0.1946     CD =  0.01907   =>   CDf =  0.00546    CDp =  0.01361
 plradd ia,ip,cpol           28         182  4.66057472E-02

 Point added to stored polar  1
 Point written to save file  e423_Re500k.base.pol                            
 Dump file unspecified or not available
 Calculating wake trajectory ...
 Calculating source influence matrix ...

 Solving BL system ...

 Side 1  free  transition at x/c =  0.4440   60
 Side 2 forced transition at x/c =  1.0000   67

   1   rms: 0.3234E-01   max: -.1144E+00   C at   60  1   RLX: 0.868
       a = 10.250      CL =  1.9643
      Cm = -0.1929     CD =  0.01954   =>   CDf =  0.00518    CDp =  0.01436

 Side 1  free  transition at x/c =  0.4377   61
 Side 2 forced transition at x/c =  1.0000   66

   2   rms: 0.6935E-02   max: 0.9102E-01   T at    2  1
       a = 10.250      CL =  1.9647
      Cm = -0.1924     CD =  0.01968   =>   CDf =  0.00539    CDp =  0.01429

 Side 1  free  transition at x/c =  0.4375   61
 Side 2 forced transition at x/c =  1.0000   66

   3   rms: 0.1478E-03   max: -.1613E-02   D at    4  1
       a = 10.250      CL =  1.9647
      Cm = -0.1924     CD =  0.01967   =>   CDf =  0.00536    CDp =  0.01431

 Side 1  free  transition at x/c =  0.4375   61
 Side 2 forced transition at x/c =  1.0000   66

   4   rms: 0.9427E-06   max: 0.5826E-05   D at    4  1
       a = 10.250      CL =  1.9647
      Cm = -0.1924     CD =  0.01967   =>   CDf =  0.00536    CDp =  0.01431
 plradd ia,ip,cpol           29           0  4.66057472E-02

 Point added to stored polar  1
 Point written to save file  e423_Re500k.base.pol                            
 Dump file unspecified or not available
 Calculating wake trajectory ...
 Calculating source influence matrix ...

 Solving BL system ...

 Side 1  free  transition at x/c =  0.4375   61
 Side 2 forced transition at x/c =  1.0000   66

   1   rms: 0.3229E-01   max: 0.6095E-01   D at   77  2   RLX: 0.841
       a = 10.500      CL =  1.9742
      Cm = -0.1905     CD =  0.02024   =>   CDf =  0.00537    CDp =  0.01487

 Side 1  free  transition at x/c =  0.4311   61
 Side 2 forced transition at x/c =  1.0000   66

   2   rms: 0.5000E-02   max: -.4065E-01   D at   61  1
       a = 10.500      CL =  1.9744
      Cm = -0.1899     CD =  0.02042   =>   CDf =  0.00538    CDp =  0.01504

 Side 1  free  transition at x/c =  0.4308   61
 Side 2 forced transition at x/c =  1.0000   66

   3   rms: 0.1421E-03   max: 0.2108E-02   D at   87  1
       a = 10.500      CL =  1.9743
      Cm = -0.1899     CD =  0.02042   =>   CDf =  0.00536    CDp =  0.01506

 Side 1  free  transition at x/c =  0.4308   61
 Side 2 forced transition at x/c =  1.0000   66

   4   rms: 0.3172E-05   max: 0.2221E-04   D at   76  2
       a = 10.500      CL =  1.9743
      Cm = -0.1899     CD =  0.02042   =>   CDf =  0.00536    CDp =  0.01506
 plradd ia,ip,cpol           30           0  4.02585901E-02

 Point added to stored polar  1
 Point written to save file  e423_Re500k.base.pol                            
 Dump file unspecified or not available
 Calculating wake trajectory ...
 Calculating source influence matrix ...

 Solving BL system ...

 Side 1  free  transition at x/c =  0.4308   61
 Side 2 forced transition at x/c =  1.0000   66

   1   rms: 0.3357E-01   max: -.1477E+00   D at   61  1   RLX: 0.810
       a = 10.750      CL =  1.9807
      Cm = -0.1877     CD =  0.02114   =>   CDf =  0.00536    CDp =  0.01578

 Side 1  free  transition at x/c =  0.4262   60
 Side 2 forced transition at x/c =  1.0000   66

   2   rms: 0.6988E-02   max: -.4116E-01   C at   60  1
       a = 10.750      CL =  1.9843
      Cm = -0.1876     CD =  0.02119   =>   CDf =  0.00534    CDp =  0.01585

 Side 1  free  transition at x/c =  0.4242   60
 Side 2 forced transition at x/c =  1.0000   66

   3   rms: 0.2069E-03   max: -.2702E-02   C at   60  1
       a = 10.750      CL =  1.9843
      Cm = -0.1876     CD =  0.02119   =>   CDf =  0.00531    CDp =  0.01588

 Side 1  free  transition at x/c =  0.4243   60
 Side 2 forced transition at x/c =  1.0000   66

   4   rms: 0.3030E-05   max: 0.3165E-04   C at   66  2
       a = 10.750      CL =  1.9843
      Cm = -0.1876     CD =  0.02119   =>   CDf =  0.00531    CDp =  0.01588
 plradd ia,ip,cpol           31           0  4.02585901E-02

 Point added to stored polar  1
 Point written to save file  e423_Re500k.base.pol                            
 Dump file unspecified or not available
 Calculating wake trajectory ...
 Calculating source influence matrix ...

 Solving BL system ...

 Side 1  free  transition at x/c =  0.4243   60
 Side 2 forced transition at x/c =  1.0000   66

   1   rms: 0.3201E-01   max: 0.5995E-01   D at   78  2   RLX: 0.791
       a = 11.000      CL =  1.9931
      Cm = -0.1859     CD =  0.02179   =>   CDf =  0.00531    CDp =  0.01648

 Side 1  free  transition at x/c =  0.4174   60
 Side 2 forced transition at x/c =  1.0000   66

   2   rms: 0.6978E-02   max: -.4481E-01   D at   60  1
       a = 11.000      CL =  1.9926
      Cm = -0.1851     CD =  0.02208   =>   CDf =  0.00529    CDp =  0.01679

 Side 1  free  transition at x/c =  0.4168   60
 Side 2 forced transition at x/c =  1.0000   66

   3   rms: 0.2485E-03   max: 0.2265E-02   D at   86  1
       a = 11.000      CL =  1.9925
      Cm = -0.1851     CD =  0.02208   =>   CDf =  0.00527    CDp =  0.01681

 Side 1  free  transition at x/c =  0.4168   60
 Side 2 forced transition at x/c =  1.0000   66

   4   rms: 0.4414E-05   max: -.5320E-04   C at   66  2
       a = 11.000      CL =  1.9925
      Cm = -0.1851     CD =  0.02208   =>   CDf =  0.00527    CDp =  0.01681
 plradd ia,ip,cpol           32           0  3.46188098E-02

 Point added to stored polar  1
 Point written to save file  e423_Re500k.base.pol                            
 Dump file unspecified or not available
 Calculating wake trajectory ...
 Calculating source influence matrix ...

 Solving BL system ...

 Side 1  free  transition at x/c =  0.4168   60
 Side 2 forced transition at x/c =  1.0000   66

   1   rms: 0.3389E-01   max: -.1391E+00   D at   60  1   RLX: 0.760
       a = 11.250      CL =  1.9971
      Cm = -0.1830     CD =  0.02289   =>   CDf =  0.00527    CDp =  0.01761

 Side 1  free  transition at x/c =  0.4112   59
 Side 2 forced transition at x/c =  1.0000   66

   2   rms: 0.7802E-02   max: -.3795E-01   C at   59  1
       a = 11.250      CL =  1.9997
      Cm = -0.1826     CD =  0.02309   =>   CDf =  0.00498    CDp =  0.01810

 Side 1  free  transition at x/c =  0.4094   60
 Side 2 forced transition at x/c =  1.0000   65

   3   rms: 0.2263E-02   max: -.3855E-01   D at    2  1
       a = 11.250      CL =  1.9993
      Cm = -0.1825     CD =  0.02310   =>   CDf =  0.00525    CDp =  0.01785

 Side 1  free  transition at x/c =  0.4095   60
 Side 2 forced transition at x/c =  1.0000   65

   4   rms: 0.8369E-03   max: -.1061E-01   D at    4  1
       a = 11.250      CL =  1.9993
      Cm = -0.1825     CD =  0.02310   =>   CDf =  0.00525    CDp =  0.01785

 Side 1  free  transition at x/c =  0.4095   60
 Side 2 forced transition at x/c =  1.0000   65

   5   rms: 0.1050E-05   max: -.9142E-05   D at    4  1
       a = 11.250      CL =  1.9993
      Cm = -0.1825     CD =  0.02310   =>   CDf =  0.00525    CDp =  0.01785
 plradd ia,ip,cpol           33           0  3.46188098E-02

 Point added to stored polar  1
 Point written to save file  e423_Re500k.base.pol                            
 Dump file unspecified or not available
 Calculating wake trajectory ...
 Calculating source influence matrix ...

 Solving BL system ...

 Side 1  free  transition at x/c =  0.4095   60
 Side 2 forced transition at x/c =  1.0000   65

   1   rms: 0.3273E-01   max: 0.9200E-01   D at   84  1   RLX: 0.740
       a = 11.500      CL =  2.0065
      Cm = -0.1810     CD =  0.02379   =>   CDf =  0.00525    CDp =  0.01854

 Side 1  free  transition at x/c =  0.4027   60
 Side 2 forced transition at x/c =  1.0000   65

   2   rms: 0.8691E-02   max: -.4219E-01   D at   60  1
       a = 11.500      CL =  2.0065
      Cm = -0.1801     CD =  0.02417   =>   CDf =  0.00522    CDp =  0.01895

 Side 1  free  transition at x/c =  0.4013   60
 Side 2 forced transition at x/c =  1.0000   65

   3   rms: 0.3682E-03   max: 0.3853E-02   D at   76  2
       a = 11.500      CL =  2.0062
      Cm = -0.1801     CD =  0.02417   =>   CDf =  0.00520    CDp =  0.01897

 Side 1  free  transition at x/c =  0.4013   60
 Side 2 forced transition at x/c =  1.0000   65

   4   rms: 0.8168E-05   max: 0.1214E-03   D at   76  2
       a = 11.500      CL =  2.0062
      Cm = -0.1801     CD =  0.02417   =>   CDf =  0.00520    CDp =  0.01897
 plradd ia,ip,cpol           34           0  2.96298061E-02

 Point added to stored polar  1
 Point written to save file  e423_Re500k.base.pol                            
 Dump file unspecified or not available
 Calculating wake trajectory ...
 Calculating source influence matrix ...

 Solving BL system ...

 Side 1  free  transition at x/c =  0.4013   60
 Side 2 forced transition at x/c =  1.0000   65

   1   rms: 0.3461E-01   max: 0.1376E+00   C at   60  1   RLX: 0.712
       a = 11.750      CL =  2.0097
      Cm = -0.1782     CD =  0.02508   =>   CDf =  0.00520    CDp =  0.01988

 Side 1  free  transition at x/c =  0.3953   59
 Side 2 forced transition at x/c =  1.0000   65

   2   rms: 0.9822E-02   max: 0.4830E-01   D at   85  1
       a = 11.750      CL =  2.0105
      Cm = -0.1774     CD =  0.02547   =>   CDf =  0.00523    CDp =  0.02024

 Side 1  free  transition at x/c =  0.3931   59
 Side 2 forced transition at x/c =  1.0000   65

   3   rms: 0.3947E-03   max: 0.3132E-02   D at   76  2
       a = 11.750      CL =  2.0102
      Cm = -0.1774     CD =  0.02547   =>   CDf =  0.00519    CDp =  0.02029

 Side 1  free  transition at x/c =  0.3932   59
 Side 2 forced transition at x/c =  1.0000   65

   4   rms: 0.3571E-05   max: -.4844E-04   C at   65  2
       a = 11.750      CL =  2.0102
      Cm = -0.1774     CD =  0.02547   =>   CDf =  0.00519    CDp =  0.02029
 plradd ia,ip,cpol           35           0  2.52286606E-02

 Point added to stored polar  1
 Point written to save file  e423_Re500k.base.pol                            
 Dump file unspecified or not available
 Calculating wake trajectory ...
 Calculating source influence matrix ...

 Solving BL system ...

 Side 1  free  transition at x/c =  0.3932   59
 Side 2 forced transition at x/c =  1.0000   65

   1   rms: 0.3282E-01   max: 0.9576E-01   D at   83  1   RLX: 0.692
       a = 12.000      CL =  2.0165
      Cm = -0.1760     CD =  0.02624   =>   CDf =  0.00519    CDp =  0.02105

 Side 1  free  transition at x/c =  0.3864   59
 Side 2 forced transition at x/c =  1.0000   65

   2   rms: 0.1112E-01   max: 0.5674E-01   D at   84  1
       a = 12.000      CL =  2.0154
      Cm = -0.1750     CD =  0.02681   =>   CDf =  0.00516    CDp =  0.02165

 Side 1  free  transition at x/c =  0.3843   59
 Side 2 forced transition at x/c =  1.0000   65

   3   rms: 0.8536E-03   max: 0.5798E-02   D at   84  1
       a = 12.000      CL =  2.0148
      Cm = -0.1749     CD =  0.02682   =>   CDf =  0.00515    CDp =  0.02167

 Side 1  free  transition at x/c =  0.3845   59
 Side 2 forced transition at x/c =  1.0000   65

   4   rms: 0.1905E-04   max: -.2705E-03   C at   65  2
       a = 12.000      CL =  2.0148
      Cm = -0.1749     CD =  0.02682   =>   CDf =  0.00514    CDp =  0.02168
 plradd ia,ip,cpol           36           0  2.52286606E-02

 Point added to stored polar  1
 Point written to save file  e423_Re500k.base.pol                            
 Dump file unspecified or not available
 Calculating wake trajectory ...
 Calculating source influence matrix ...

 Solving BL system ...

 Side 1  free  transition at x/c =  0.3845   59
 Side 2 forced transition at x/c =  1.0000   65

   1   rms: 0.3667E-01   max: 0.1724E+00   C at   59  1   RLX: 0.663
       a = 12.250      CL =  2.0154
      Cm = -0.1730     CD =  0.02795   =>   CDf =  0.00515    CDp =  0.02281

 Side 1  free  transition at x/c =  0.3784   58
 Side 2 forced transition at x/c =  1.0000   65

   2   rms: 0.1127E-01   max: 0.4383E-01   D at   83  1
       a = 12.250      CL =  2.0180
      Cm = -0.1724     CD =  0.02836   =>   CDf =  0.00516    CDp =  0.02320

 Side 1  free  transition at x/c =  0.3750   58
 Side 2 forced transition at x/c =  1.0000   65

   3   rms: 0.1255E-02   max: -.8030E-02   C at   58  1
       a = 12.250      CL =  2.0170
      Cm = -0.1723     CD =  0.02841   =>   CDf =  0.00513    CDp =  0.02328

 Side 1  free  transition at x/c =  0.3753   58
 Side 2 forced transition at x/c =  1.0000   65

   4   rms: 0.3030E-04   max: 0.3212E-03   D at   77  2
       a = 12.250      CL =  2.0170
      Cm = -0.1723     CD =  0.02841   =>   CDf =  0.00512    CDp =  0.02328
 plradd ia,ip,cpol           37           0  2.13501938E-02

 Point added to stored polar  1
 Point written to save file  e423_Re500k.base.pol                            
 Dump file unspecified or not available
 Calculating wake trajectory ...
 Calculating source influence matrix ...

 Solving BL system ...

 Side 1  free  transition at x/c =  0.3753   58
 Side 2 forced transition at x/c =  1.0000   65

   1   rms: 0.3353E-01   max: 0.1176E+00   D at   81  1   RLX: 0.644
       a = 12.500      CL =  2.0204
      Cm = -0.1709     CD =  0.02939   =>   CDf =  0.00480    CDp =  0.02459

 Side 1  free  transition at x/c =  0.3680   59
 Side 2 forced transition at x/c =  1.0000   64

   2   rms: 0.1405E-01   max: 0.7602E-01   D at    2  1
       a = 12.500      CL =  2.0183
      Cm = -0.1697     CD =  0.03018   =>   CDf =  0.00512    CDp =  0.02506

 Side 1  free  transition at x/c =  0.3655   59
 Side 2 forced transition at x/c =  1.0000   64

   3   rms: 0.2055E-02   max: 0.1895E-01   D at   83  1
       a = 12.500      CL =  2.0169
      Cm = -0.1696     CD =  0.03025   =>   CDf =  0.00512    CDp =  0.02513

 Side 1  free  transition at x/c =  0.3656   59
 Side 2 forced transition at x/c =  1.0000   64

   4   rms: 0.8747E-04   max: 0.1101E-02   D at   76  2
       a = 12.500      CL =  2.0168
      Cm = -0.1696     CD =  0.03024   =>   CDf =  0.00511    CDp =  0.02513
 plradd ia,ip,cpol           38           0  2.13501938E-02

 Point added to stored polar  1
 Point written to save file  e423_Re500k.base.pol                            
 Dump file unspecified or not available
 Calculating wake trajectory ...
 Calculating source influence matrix ...

 Solving BL system ...

 Side 1  free  transition at x/c =  0.3656   59
 Side 2 forced transition at x/c =  1.0000   64

   1   rms: 0.3963E-01   max: 0.1803E+00   C at   59  1   RLX: 0.614
       a = 12.750      CL =  2.0143
      Cm = -0.1677     CD =  0.03167   =>   CDf =  0.00511    CDp =  0.02656

 Side 1  free  transition at x/c =  0.3605   58
 Side 2 forced transition at x/c =  1.0000   64

   2   rms: 0.1354E-01   max: -.5380E-01   D at   58  1
       a = 12.750      CL =  2.0204
      Cm = -0.1674     CD =  0.03194   =>   CDf =  0.00508    CDp =  0.02685

 Side 1  free  transition at x/c =  0.3550   58
 Side 2 forced transition at x/c =  1.0000   64

   3   rms: 0.2460E-02   max: -.2171E-01   C at   58  1
       a = 12.750      CL =  2.0185
      Cm = -0.1672     CD =  0.03206   =>   CDf =  0.00508    CDp =  0.02698

 Side 1  free  transition at x/c =  0.3556   58
 Side 2 forced transition at x/c =  1.0000   64

   4   rms: 0.8217E-04   max: 0.7204E-03   D at   76  2
       a = 12.750      CL =  2.0185
      Cm = -0.1672     CD =  0.03205   =>   CDf =  0.00507    CDp =  0.02699
 plradd ia,ip,cpol           39           0  1.79402009E-02

 Point added to stored polar  1
 Point written to save file  e423_Re500k.base.pol                            
 Dump file unspecified or not available
 Calculating wake trajectory ...
 Calculating source influence matrix ...

 Solving BL system ...

 Side 1  free  transition at x/c =  0.3556   58
 Side 2 forced transition at x/c =  1.0000   64

   1   rms: 0.3763E-01   max: 0.2109E+00   C at   58  1   RLX: 0.597
       a = 13.000      CL =  2.0177
      Cm = -0.1658     CD =  0.03338   =>   CDf =  0.00507    CDp =  0.02831

 Side 1  free  transition at x/c =  0.3484   58
 Side 2 forced transition at x/c =  1.0000   64

   2   rms: 0.1756E-01   max: 0.9136E-01   D at   81  1
       a = 13.000      CL =  2.0124
      Cm = -0.1643     CD =  0.03463   =>   CDf =  0.00511    CDp =  0.02952

 Side 1  free  transition at x/c =  0.3455   57
 Side 2 forced transition at x/c =  1.0000   64

   3   rms: 0.2515E-02   max: -.1165E-01   D at   82  1
       a = 13.000      CL =  2.0148
      Cm = -0.1646     CD =  0.03436   =>   CDf =  0.00507    CDp =  0.02929

 Side 1  free  transition at x/c =  0.3451   57
 Side 2 forced transition at x/c =  1.0000   64

   4   rms: 0.9735E-04   max: -.7148E-03   D at   76  2
       a = 13.000      CL =  2.0148
      Cm = -0.1646     CD =  0.03436   =>   CDf =  0.00507    CDp =  0.02929
 plradd ia,ip,cpol           40           0  1.79402009E-02

 Point added to stored polar  1
 Point written to save file  e423_Re500k.base.pol                            
 Dump file unspecified or not available
 Calculating wake trajectory ...
 Calculating source influence matrix ...

 Solving BL system ...

 Side 1  free  transition at x/c =  0.3451   57
 Side 2 forced transition at x/c =  1.0000   64

   1   rms: 0.3357E-01   max: 0.1247E+00   D at   80  1   RLX: 0.579
       a = 13.250      CL =  2.0173
      Cm = -0.1635     CD =  0.03547   =>   CDf =  0.00507    CDp =  0.03040

 Side 1  free  transition at x/c =  0.3381   57
 Side 2 forced transition at x/c =  1.0000   64

   2   rms: 0.1640E-01   max: 0.8036E-01   D at   80  1
       a = 13.250      CL =  2.0141
      Cm = -0.1624     CD =  0.03665   =>   CDf =  0.00506    CDp =  0.03159

 Side 1  free  transition at x/c =  0.3342   57
 Side 2 forced transition at x/c =  1.0000   64

   3   rms: 0.2491E-02   max: 0.2040E-01   D at   80  1
       a = 13.250      CL =  2.0123
      Cm = -0.1622     CD =  0.03672   =>   CDf =  0.00506    CDp =  0.03166

 Side 1  free  transition at x/c =  0.3346   57
 Side 2 forced transition at x/c =  1.0000   64

   4   rms: 0.1519E-03   max: 0.1060E-02   D at   77  2
       a = 13.250      CL =  2.0122
      Cm = -0.1622     CD =  0.03672   =>   CDf =  0.00505    CDp =  0.03166

 Side 1  free  transition at x/c =  0.3346   57
 Side 2 forced transition at x/c =  1.0000   64

   5   rms: 0.6763E-05   max: -.8809E-04   C at   64  2
       a = 13.250      CL =  2.0122
      Cm = -0.1622     CD =  0.03671   =>   CDf =  0.00505    CDp =  0.03166
 plradd ia,ip,cpol           41           0  1.79402009E-02

 Point added to stored polar  1
 Point written to save file  e423_Re500k.base.pol                            
 Dump file unspecified or not available
 Calculating wake trajectory ...
 Calculating source influence matrix ...

 Solving BL system ...

 Side 1  free  transition at x/c =  0.3346   57
 Side 2 forced transition at x/c =  1.0000   64

   1   rms: 0.4262E-01   max: 0.2409E+00   C at   57  1   RLX: 0.551
       a = 13.500      CL =  2.0075
      Cm = -0.1607     CD =  0.03846   =>   CDf =  0.00505    CDp =  0.03341

 Side 1  free  transition at x/c =  0.3293   56
 Side 2 forced transition at x/c =  1.0000   64

   2   rms: 0.1527E-01   max: 0.6300E-01   C at   56  1
       a = 13.500      CL =  2.0120
      Cm = -0.1602     CD =  0.03902   =>   CDf =  0.00504    CDp =  0.03398

 Side 1  free  transition at x/c =  0.3225   56
 Side 2 forced transition at x/c =  1.0000   64

   3   rms: 0.3860E-02   max: -.3364E-01   C at   56  1
       a = 13.500      CL =  2.0092
      Cm = -0.1600     CD =  0.03924   =>   CDf =  0.00504    CDp =  0.03419

 Side 1  free  transition at x/c =  0.3234   56
 Side 2 forced transition at x/c =  1.0000   64

   4   rms: 0.2272E-03   max: 0.2036E-02   D at   77  2
       a = 13.500      CL =  2.0090
      Cm = -0.1600     CD =  0.03923   =>   CDf =  0.00502    CDp =  0.03421

 Side 1  free  transition at x/c =  0.3235   56
 Side 2 forced transition at x/c =  1.0000   64

   5   rms: 0.9276E-05   max: -.1024E-03   C at   64  2
       a = 13.500      CL =  2.0090
      Cm = -0.1600     CD =  0.03923   =>   CDf =  0.00502    CDp =  0.03421
 plradd ia,ip,cpol           42           0  1.79402009E-02

 Point added to stored polar  1
 Point written to save file  e423_Re500k.base.pol                            
 Dump file unspecified or not available
 Calculating wake trajectory ...
 Calculating source influence matrix ...

 Solving BL system ...

 Side 1  free  transition at x/c =  0.3235   56
 Side 2 forced transition at x/c =  1.0000   64

   1   rms: 0.3949E-01   max: 0.2668E+00   C at   56  1   RLX: 0.535
       a = 13.750      CL =  2.0063
      Cm = -0.1588     CD =  0.04084   =>   CDf =  0.00503    CDp =  0.03581

 Side 1  free  transition at x/c =  0.3170   56
 Side 2 forced transition at x/c =  1.0000   64

   2   rms: 0.2086E-01   max: 0.1088E+00   D at   78  1
       a = 13.750      CL =  1.9995
      Cm = -0.1575     CD =  0.04256   =>   CDf =  0.00506    CDp =  0.03750

 Side 1  free  transition at x/c =  0.3134   55
 Side 2 forced transition at x/c =  1.0000   64

   3   rms: 0.3294E-02   max: -.1833E-01   D at   56  1
       a = 13.750      CL =  2.0026
      Cm = -0.1577     CD =  0.04211   =>   CDf =  0.00502    CDp =  0.03709

 Side 1  free  transition at x/c =  0.3127   55
 Side 2 forced transition at x/c =  1.0000   64

   4   rms: 0.1473E-03   max: -.1146E-02   D at   77  2
       a = 13.750      CL =  2.0027
      Cm = -0.1577     CD =  0.04212   =>   CDf =  0.00502    CDp =  0.03710

 Side 1  free  transition at x/c =  0.3127   55
 Side 2 forced transition at x/c =  1.0000   64

   5   rms: 0.6432E-05   max: 0.8186E-04   C at   64  2
       a = 13.750      CL =  2.0027
      Cm = -0.1577     CD =  0.04212   =>   CDf =  0.00502    CDp =  0.03710
 plradd ia,ip,cpol           43           0  1.79402009E-02

 Point added to stored polar  1
 Point written to save file  e423_Re500k.base.pol                            
 Dump file unspecified or not available
 Calculating wake trajectory ...
 Calculating source influence matrix ...

 Solving BL system ...

 Side 1  free  transition at x/c =  0.3127   55
 Side 2 forced transition at x/c =  1.0000   64

   1   rms: 0.3529E-01   max: 0.2058E+00   C at   55  1   RLX: 0.519
       a = 14.000      CL =  2.0026
      Cm = -0.1568     CD =  0.04350   =>   CDf =  0.00469    CDp =  0.03881

 Side 1  free  transition at x/c =  0.3054   56
 Side 2 forced transition at x/c =  1.0000   63

   2   rms: 0.2117E-01   max: 0.1074E+00   D at   78  1
       a = 14.000      CL =  1.9961
      Cm = -0.1556     CD =  0.04535   =>   CDf =  0.00503    CDp =  0.04032

 Side 1  free  transition at x/c =  0.3006   56
 Side 2 forced transition at x/c =  1.0000   63

   3   rms: 0.3622E-02   max: 0.2986E-01   D at   78  1
       a = 14.000      CL =  1.9936
      Cm = -0.1554     CD =  0.04544   =>   CDf =  0.00504    CDp =  0.04039

 Side 1  free  transition at x/c =  0.3010   56
 Side 2 forced transition at x/c =  1.0000   63

   4   rms: 0.2769E-03   max: 0.1705E-02   D at   77  2
       a = 14.000      CL =  1.9934
      Cm = -0.1554     CD =  0.04543   =>   CDf =  0.00503    CDp =  0.04040

 Side 1  free  transition at x/c =  0.3010   56
 Side 2 forced transition at x/c =  1.0000   63

   5   rms: 0.1567E-04   max: -.1823E-03   C at   63  2
       a = 14.000      CL =  1.9934
      Cm = -0.1554     CD =  0.04542   =>   CDf =  0.00503    CDp =  0.04040
 plradd ia,ip,cpol           44           0  1.49507560E-02

 Point added to stored polar  1
 Point written to save file  e423_Re500k.base.pol                            
 Dump file unspecified or not available
 Calculating wake trajectory ...
 Calculating source influence matrix ...

 Solving BL system ...

 Side 1  free  transition at x/c =  0.3010   56
 Side 2 forced transition at x/c =  1.0000   63

   1   rms: 0.4454E-01   max: 0.2248E+00   C at   56  1   RLX: 0.493
       a = 14.250      CL =  1.9872
      Cm = -0.1543     CD =  0.04747   =>   CDf =  0.00503    CDp =  0.04244

 Side 1  free  transition at x/c =  0.2964   55
 Side 2 forced transition at x/c =  1.0000   63

   2   rms: 0.1792E-01   max: 0.1349E+00   C at   55  1
       a = 14.250      CL =  1.9922
      Cm = -0.1539     CD =  0.04814   =>   CDf =  0.00499    CDp =  0.04315

 Side 1  free  transition at x/c =  0.2882   55
 Side 2 forced transition at x/c =  1.0000   63

   3   rms: 0.4930E-02   max: -.4356E-01   C at   55  1
       a = 14.250      CL =  1.9886
      Cm = -0.1537     CD =  0.04845   =>   CDf =  0.00503    CDp =  0.04342

 Side 1  free  transition at x/c =  0.2895   55
 Side 2 forced transition at x/c =  1.0000   63

   4   rms: 0.3498E-03   max: 0.2202E-02   D at   77  2
       a = 14.250      CL =  1.9884
      Cm = -0.1536     CD =  0.04844   =>   CDf =  0.00500    CDp =  0.04344

 Side 1  free  transition at x/c =  0.2895   55
 Side 2 forced transition at x/c =  1.0000   63

   5   rms: 0.1758E-04   max: -.2133E-03   C at   63  2
       a = 14.250      CL =  1.9884
      Cm = -0.1536     CD =  0.04844   =>   CDf =  0.00500    CDp =  0.04344
 plradd ia,ip,cpol           45           0  1.49507560E-02

 Point added to stored polar  1
 Point written to save file  e423_Re500k.base.pol                            
 Dump file unspecified or not available
 Calculating wake trajectory ...
 Calculating source influence matrix ...

 Solving BL system ...

 Side 1  free  transition at x/c =  0.2895   55
 Side 2 forced transition at x/c =  1.0000   63

   1   rms: 0.4312E-01   max: 0.3081E+00   C at   55  1   RLX: 0.479
       a = 14.500      CL =  1.9832
      Cm = -0.1527     CD =  0.05041   =>   CDf =  0.00500    CDp =  0.04541

 Side 1  free  transition at x/c =  0.2842   54
 Side 2 forced transition at x/c =  1.0000   63

   2   rms: 0.1703E-01   max: 0.7191E-01   D at   76  1
       a = 14.500      CL =  1.9842
      Cm = -0.1521     CD =  0.05162   =>   CDf =  0.00503    CDp =  0.04659

 Side 1  free  transition at x/c =  0.2774   54
 Side 2 forced transition at x/c =  1.0000   63

   3   rms: 0.4381E-02   max: -.3482E-01   C at   54  1
       a = 14.500      CL =  1.9810
      Cm = -0.1519     CD =  0.05183   =>   CDf =  0.00501    CDp =  0.04681

 Side 1  free  transition at x/c =  0.2784   54
 Side 2 forced transition at x/c =  1.0000   63

   4   rms: 0.4101E-03   max: 0.3004E-02   D at   77  2
       a = 14.500      CL =  1.9807
      Cm = -0.1519     CD =  0.05182   =>   CDf =  0.00499    CDp =  0.04683

 Side 1  free  transition at x/c =  0.2784   54
 Side 2 forced transition at x/c =  1.0000   63

   5   rms: 0.2719E-04   max: -.3063E-03   C at   63  2
       a = 14.500      CL =  1.9807
      Cm = -0.1519     CD =  0.05182   =>   CDf =  0.00499    CDp =  0.04682
 plradd ia,ip,cpol           46           0  1.00538433E-02

 Point added to stored polar  1
 Point written to save file  e423_Re500k.base.pol                            
 Dump file unspecified or not available
 Calculating wake trajectory ...
 Calculating source influence matrix ...

 Solving BL system ...

 Side 1  free  transition at x/c =  0.2784   54
 Side 2 forced transition at x/c =  1.0000   63

   1   rms: 0.3804E-01   max: 0.2918E+00   C at   54  1   RLX: 0.465
       a = 14.750      CL =  1.9782
      Cm = -0.1512     CD =  0.05351   =>   CDf =  0.00499    CDp =  0.04852

 Side 1  free  transition at x/c =  0.2725   54
 Side 2 forced transition at x/c =  1.0000   63

   2   rms: 0.2335E-01   max: 0.1277E+00   C at   54  1
       a = 14.750      CL =  1.9704
      Cm = -0.1502     CD =  0.05590   =>   CDf =  0.00501    CDp =  0.05088

 Side 1  free  transition at x/c =  0.2679   53
 Side 2 forced transition at x/c =  1.0000   63

   3   rms: 0.1571E-02   max: -.1572E-01   C at   63  2
       a = 14.750      CL =  1.9707
      Cm = -0.1501     CD =  0.05554   =>   CDf =  0.00500    CDp =  0.05054

 Side 1  free  transition at x/c =  0.2678   53
 Side 2 forced transition at x/c =  1.0000   63

   4   rms: 0.3588E-04   max: 0.4737E-03   D at   75  1
       a = 14.750      CL =  1.9706
      Cm = -0.1501     CD =  0.05554   =>   CDf =  0.00500    CDp =  0.05054
 plradd ia,ip,cpol           47           0  1.00538433E-02

 Point added to stored polar  1
 Point written to save file  e423_Re500k.base.pol                            
 Dump file unspecified or not available
 Calculating wake trajectory ...
 Calculating source influence matrix ...

 Solving BL system ...

 Side 1  free  transition at x/c =  0.2678   53
 Side 2 forced transition at x/c =  1.0000   63

   1   rms: 0.3282E-01   max: 0.1830E+00   C at   53  1   RLX: 0.452
       a = 15.000      CL =  1.9711
      Cm = -0.1497     CD =  0.05688   =>   CDf =  0.00500    CDp =  0.05188

 Side 1  free  transition at x/c =  0.2619   53
 Side 2 forced transition at x/c =  1.0000   63

   2   rms: 0.2193E-01   max: 0.1314E+00   C at   53  1
       a = 15.000      CL =  1.9652
      Cm = -0.1489     CD =  0.05922   =>   CDf =  0.00500    CDp =  0.05422

 Side 1  free  transition at x/c =  0.2559   53
 Side 2 forced transition at x/c =  1.0000   63

   3   rms: 0.3532E-02   max: -.2166E-01   C at   53  1
       a = 15.000      CL =  1.9627
      Cm = -0.1487     CD =  0.05920   =>   CDf =  0.00501    CDp =  0.05419

 Side 1  free  transition at x/c =  0.2566   53
 Side 2 forced transition at x/c =  1.0000   63

   4   rms: 0.1681E-03   max: -.1658E-02   C at   63  2
       a = 15.000      CL =  1.9626
      Cm = -0.1487     CD =  0.05918   =>   CDf =  0.00499    CDp =  0.05419

 Side 1  free  transition at x/c =  0.2566   53
 Side 2 forced transition at x/c =  1.0000   63

   5   rms: 0.8788E-05   max: -.1098E-03   C at   63  2
       a = 15.000      CL =  1.9626
      Cm = -0.1487     CD =  0.05918   =>   CDf =  0.00499    CDp =  0.05419
 plradd ia,ip,cpol           48           0  1.00538433E-02

 Point added to stored polar  1
 Point written to save file  e423_Re500k.base.pol                            
 Dump file unspecified or not available
 Calculating wake trajectory ...
 Calculating source influence matrix ...

 Solving BL system ...

 Side 1  free  transition at x/c =  0.2566   53
 Side 2 forced transition at x/c =  1.0000   63

   1   rms: 0.4069E-01   max: 0.2729E+00   C at   53  1   RLX: 0.434
       a = 15.250      CL =  1.9583
      Cm = -0.1481     CD =  0.06111   =>   CDf =  0.00499    CDp =  0.05612

 Side 1  free  transition at x/c =  0.2525   52
 Side 2 forced transition at x/c =  1.0000   63

   2   rms: 0.1870E-01   max: 0.8390E-01   D at   74  1
       a = 15.250      CL =  1.9592
      Cm = -0.1477     CD =  0.06264   =>   CDf =  0.00500    CDp =  0.05764

 Side 1  free  transition at x/c =  0.2454   52
 Side 2 forced transition at x/c =  1.0000   63

   3   rms: 0.4322E-02   max: -.3749E-01   C at   52  1
       a = 15.250      CL =  1.9559
      Cm = -0.1475     CD =  0.06281   =>   CDf =  0.00499    CDp =  0.05782

 Side 1  free  transition at x/c =  0.2464   52
 Side 2 forced transition at x/c =  1.0000   63

   4   rms: 0.2237E-03   max: -.2289E-02   C at   63  2
       a = 15.250      CL =  1.9558
      Cm = -0.1475     CD =  0.06277   =>   CDf =  0.00497    CDp =  0.05780

 Side 1  free  transition at x/c =  0.2464   52
 Side 2 forced transition at x/c =  1.0000   63

   5   rms: 0.5241E-05   max: -.8068E-04   C at   63  2
       a = 15.250      CL =  1.9558
      Cm = -0.1475     CD =  0.06277   =>   CDf =  0.00497    CDp =  0.05780
 plradd ia,ip,cpol           49           0  1.00538433E-02

 Point added to stored polar  1
 Point written to save file  e423_Re500k.base.pol                            
 Dump file unspecified or not available
 Calculating wake trajectory ...
 Calculating source influence matrix ...

 Solving BL system ...

 Side 1  free  transition at x/c =  0.2464   52
 Side 2 forced transition at x/c =  1.0000   63

   1   rms: 0.3630E-01   max: 0.2862E+00   C at   52  1   RLX: 0.423
       a = 15.500      CL =  1.9539
      Cm = -0.1471     CD =  0.06441   =>   CDf =  0.00497    CDp =  0.05944

 Side 1  free  transition at x/c =  0.2416   52
 Side 2 forced transition at x/c =  1.0000   63

   2   rms: 0.2356E-01   max: 0.1308E+00   C at   52  1
       a = 15.500      CL =  1.9466
      Cm = -0.1464     CD =  0.06709   =>   CDf =  0.00499    CDp =  0.06210

 Side 1  free  transition at x/c =  0.2369   51
 Side 2 forced transition at x/c =  1.0000   63

   3   rms: 0.2287E-02   max: 0.2003E-01   D at   78  2
       a = 15.500      CL =  1.9462
      Cm = -0.1463     CD =  0.06678   =>   CDf =  0.00498    CDp =  0.06180

 Side 1  free  transition at x/c =  0.2368   51
 Side 2 forced transition at x/c =  1.0000   63

   4   rms: 0.1182E-03   max: -.1311E-02   C at   63  2
       a = 15.500      CL =  1.9461
      Cm = -0.1463     CD =  0.06676   =>   CDf =  0.00497    CDp =  0.06179

 Side 1  free  transition at x/c =  0.2368   51
 Side 2 forced transition at x/c =  1.0000   63

   5   rms: 0.3333E-05   max: -.4845E-04   C at   63  2
       a = 15.500      CL =  1.9461
      Cm = -0.1463     CD =  0.06676   =>   CDf =  0.00497    CDp =  0.06179
 plradd ia,ip,cpol           50           0  8.07266310E-03

 Point added to stored polar  1
 Point written to save file  e423_Re500k.base.pol                            
 Dump file unspecified or not available
 Calculating wake trajectory ...
 Calculating source influence matrix ...

 Solving BL system ...

 Side 1  free  transition at x/c =  0.2368   51
 Side 2 forced transition at x/c =  1.0000   63

   1   rms: 0.3113E-01   max: 0.1533E+00   C at   51  1   RLX: 0.413
       a = 15.750      CL =  1.9471
      Cm = -0.1460     CD =  0.06801   =>   CDf =  0.00497    CDp =  0.06304

 Side 1  free  transition at x/c =  0.2322   51
 Side 2 forced transition at x/c =  1.0000   63

   2   rms: 0.2060E-01   max: 0.1301E+00   C at   51  1
       a = 15.750      CL =  1.9437
      Cm = -0.1455     CD =  0.07030   =>   CDf =  0.00462    CDp =  0.06568

 Side 1  free  transition at x/c =  0.2260   52
 Side 2 forced transition at x/c =  1.0000   62

   3   rms: 0.5362E-02   max: -.4243E-01   D at    2  1
       a = 15.750      CL =  1.9402
      Cm = -0.1454     CD =  0.07046   =>   CDf =  0.00497    CDp =  0.06549

 Side 1  free  transition at x/c =  0.2268   52
 Side 2 forced transition at x/c =  1.0000   62

   4   rms: 0.9970E-03   max: -.1093E-01   D at    4  1
       a = 15.750      CL =  1.9398
      Cm = -0.1453     CD =  0.07044   =>   CDf =  0.00495    CDp =  0.06549

 Side 1  free  transition at x/c =  0.2269   52
 Side 2 forced transition at x/c =  1.0000   62

   5   rms: 0.3694E-04   max: -.3514E-03   C at   62  2
       a = 15.750      CL =  1.9398
      Cm = -0.1453     CD =  0.07043   =>   CDf =  0.00495    CDp =  0.06549
 plradd ia,ip,cpol           51           0  8.07266310E-03

 Point added to stored polar  1
 Point written to save file  e423_Re500k.base.pol                            
 Dump file unspecified or not available
 Calculating wake trajectory ...
 Calculating source influence matrix ...

 Solving BL system ...

 Side 1  free  transition at x/c =  0.2269   52
 Side 2 forced transition at x/c =  1.0000   62

   1   rms: 0.3898E-01   max: 0.2452E+00   C at   52  1   RLX: 0.397
       a = 16.000      CL =  1.9358
      Cm = -0.1450     CD =  0.07239   =>   CDf =  0.00495    CDp =  0.06745

 Side 1  free  transition at x/c =  0.2233   52
 Side 2 forced transition at x/c =  1.0000   62

   2   rms: 0.2378E-01   max: 0.1217E+00   D at   72  1
       a = 16.000      CL =  1.9287
      Cm = -0.1445     CD =  0.07527   =>   CDf =  0.00497    CDp =  0.07030

 Side 1  free  transition at x/c =  0.2186   51
 Side 2 forced transition at x/c =  1.0000   62

   3   rms: 0.6486E-02   max: -.4247E-01   D at   52  1
       a = 16.000      CL =  1.9341
      Cm = -0.1445     CD =  0.07401   =>   CDf =  0.00491    CDp =  0.06910

 Side 1  free  transition at x/c =  0.2181   51
 Side 2 forced transition at x/c =  1.0000   62

   4   rms: 0.5190E-03   max: 0.3661E-02   C at   62  2
       a = 16.000      CL =  1.9344
      Cm = -0.1445     CD =  0.07405   =>   CDf =  0.00492    CDp =  0.06913

 Side 1  free  transition at x/c =  0.2181   51
 Side 2 forced transition at x/c =  1.0000   62

   5   rms: 0.3971E-04   max: 0.3851E-03   C at   62  2
       a = 16.000      CL =  1.9345
      Cm = -0.1445     CD =  0.07406   =>   CDf =  0.00492    CDp =  0.06914
 plradd ia,ip,cpol           52           0  8.07266310E-03

 Point added to stored polar  1
 Point written to save file  e423_Re500k.base.pol                            
 Dump file unspecified or not available

.OPERva   c>  
 Polar accumulation disabled

.OPERv   c>  
 XFOIL   c>  
 XFOIL   c>  