
 ===================================================
  XFOIL Version 6.99
  Copyright (C) 2000   Mark Drela, Harold Youngren

  This software comes with ABSOLUTELY NO WARRANTY,
    subject to the GNU General Public License.

  Caveat computor
 ===================================================

 File  xfoil.def  not found

   QUIT    Exit program

  .OPER    Direct operating point(s)
  .MDES    Complex mapping design routine
  .QDES    Surface speed design routine
  .GDES    Geometry design routine

   SAVE f  Write airfoil to labeled coordinate file
   PSAV f  Write airfoil to plain coordinate file
   ISAV f  Write airfoil to ISES coordinate file
   MSAV f  Write airfoil to MSES coordinate file
   REVE    Reverse written-airfoil node ordering

   LOAD f  Read buffer airfoil from coordinate file
   NACA i  Set NACA 4,5-digit airfoil and buffer airfoil
   INTE    Set buffer airfoil by interpolating two airfoils
   NORM    Buffer airfoil normalization toggle
   XYCM rr Change CM reference location, currently  0.25000 0.00000

   BEND    Display structural properties of current airfoil

   PCOP    Set current-airfoil panel nodes directly from buffer airfoil points
   PANE    Set current-airfoil panel nodes ( 160 ) based on curvature
  .PPAR    Show/change paneling

  .PLOP    Plotting options

   WDEF f  Write  current-settings file
   RDEF f  Reread current-settings file
   NAME s  Specify new airfoil name
   NINC    Increment name version number

   Z       Zoom    | (available in all menus)
   U       Unzoom  | 

 XFOIL   c>  
 Labeled airfoil file.  Name:  FX 76-MP-160                                    

 Number of input coordinate points:  97
 Counterclockwise ordering
 Max thickness =     0.161478  at x =   0.339
 Max camber    =     0.060186  at x =   0.500

  LE  x,y  =  -0.00001   0.00076  |   Chord =   1.00001
  TE  x,y  =   1.00000   0.00000  |

 Current airfoil nodes set from buffer airfoil nodes (  97 )

 XFOIL   c>  
 XFOIL   c>  
 Sharp trailing edge

 Paneling parameters used...
   Number of panel nodes       160
   Panel bunching parameter    1.000
   TE/LE panel density ratio   0.150
   Refined-area/LE panel density ratio    0.200
   Top    side refined area x/c limits  1.000 1.000
   Bottom side refined area x/c limits  1.000 1.000

 XFOIL   c>  
.OPERi   c>  
 Xtr/c     =  1.0000    top    side
 Xtr/c     =  1.0000    bottom side
 Ncrit     =    9.00   ( 0.070 % turb. level )
 Vacc      =  0.0100

 Klag  =  5.6000     Uxwt  =    1.00
 A     =  6.7000     B     =  0.7500       KCt = 0.01485
 CtiniK=  1.8000     CtiniX=  3.3000

..VPAR   c>  
..VPAR   c>  
.OPERi   c>  
 M  =    0.0000
 Re =    300000

.OPERv   c>  
.OPERv   c>  
.OPERv   c>  
 Polar  1 newly created for accumulation
 Airfoil archived with polar: FX 76-MP-160                                    

Enter  polar save filename  OR  <return> for no file   s>  
 New polar save file available

Enter  polar dump filename  OR  <return> for no file   s>  
 Polar dump file will NOT be written

 Polar accumulation enabled

.OPERva   c>   Calculating unit vorticity distributions ...
 Calculating wake trajectory ...
 Calculating source influence matrix ...

 Solving BL system ...

 Initializing BL ...
    side            1  ...
 MRCHUE: Inverse mode at  49     Hk =   3.800
 MRCHUE: Inverse mode at  50     Hk =   4.461
 MRCHUE: Inverse mode at  51     Hk =   5.112
 MRCHUE: Inverse mode at  52     Hk =   5.747
 MRCHUE: Convergence failed at  53  side 1    Res =  0.2044E+01
 MRCHUE: Inverse mode at  54     Hk =   6.393
 MRCHUE: Inverse mode at  55     Hk =   7.017
 MRCHUE: Inverse mode at  56     Hk =   7.623
 MRCHUE: Inverse mode at  57     Hk =   8.217
 MRCHUE: Inverse mode at  58     Hk =   7.509
 MRCHUE: Inverse mode at  59     Hk =   5.156
 MRCHUE: Inverse mode at  60     Hk =   3.683
 MRCHUE: Inverse mode at  61     Hk =   2.637
 MRCHUE: Convergence failed at  69  side 1    Res =  0.8224E+01
    side            2  ...
 MRCHUE: Inverse mode at  16     Hk =   3.800
 MRCHUE: Inverse mode at  17     Hk =   4.602
 MRCHUE: Inverse mode at  21     Hk =   3.800
 MRCHUE: Inverse mode at  22     Hk =   4.551
 MRCHUE: Inverse mode at  23     Hk =   5.280
 MRCHUE: Inverse mode at  24     Hk =   5.992
 MRCHUE: Inverse mode at  25     Hk =   6.702
 MRCHUE: Inverse mode at  26     Hk =   7.432
 MRCHUE: Inverse mode at  27     Hk =   8.195
 MRCHUE: Inverse mode at  28     Hk =   8.980
 MRCHUE: Inverse mode at  29     Hk =   5.988
 MRCHUE: Inverse mode at  30     Hk =   3.509
 MRCHUE: Inverse mode at  82     Hk =   2.500
 MRCHUE: Inverse mode at  85     Hk =   2.500
 MRCHUE: Inverse mode at  88     Hk =   2.500
 MRCHUE: Inverse mode at  93     Hk =   2.500

 MRCHDU: Convergence failed at  69  side 1    Res =  0.5112E+01
 Side 1  free  transition at x/c =  0.8341   58
 Side 2  free  transition at x/c =  0.0801   29

   1   rms: 0.2860E+00   max: 0.2065E+01   T at   58  1   RLX: 0.416
       a = -4.000      CL =  0.4284
      Cm = -0.2104     CD =  0.01013   =>   CDf =  0.00714    CDp =  0.00299

 Side 1  free  transition at x/c =  0.8095   57
 Side 2  free  transition at x/c =  0.0858   29
 idif Ue xi dudx           1  0.16301337      4.72009182E-03   34.536060    
 Uenew xinew           2  5.21667488E-02  1.51050091E-03

   2   rms: 0.2041E+00   max: 0.9622E+00   T at   57  1   RLX: 0.703
       a = -4.000      CL =  0.2875
      Cm = -0.1715     CD =  0.01531   =>   CDf =  0.00725    CDp =  0.00806

 MRCHDU: Convergence failed at  31  side 2    Res =  0.5549E+01
 MRCHDU: Convergence failed at  32  side 2    Res =  0.5129E+01
 MRCHDU: Convergence failed at  33  side 2    Res =  0.5217E+01
 MRCHDU: Convergence failed at  34  side 2    Res =  0.2392E+02
 MRCHDU: Convergence failed at  35  side 2    Res =  0.9448E+02
 MRCHDU: Convergence failed at  36  side 2    Res =  0.4659E+02
 MRCHDU: Convergence failed at  37  side 2    Res =  0.2022E+02
 MRCHDU: Convergence failed at  38  side 2    Res =  0.3744E+02
 MRCHDU: Convergence failed at  39  side 2    Res =  0.1098E+03
 MRCHDU: Convergence failed at  40  side 2    Res =  0.1999E+03
 MRCHDU: Convergence failed at  41  side 2    Res =  0.3440E+03
 MRCHDU: Convergence failed at  42  side 2    Res =  0.4023E+02
 MRCHDU: Convergence failed at  43  side 2    Res =  0.2311E+02
 MRCHDU: Convergence failed at  44  side 2    Res =  0.2870E+02
 MRCHDU: Convergence failed at  45  side 2    Res =  0.2713E+02
 MRCHDU: Convergence failed at  46  side 2    Res =  0.1714E+02
 MRCHDU: Convergence failed at  47  side 2    Res =  0.1018E+02
 MRCHDU: Convergence failed at  48  side 2    Res =  0.1755E+02
 MRCHDU: Convergence failed at  49  side 2    Res =  0.1597E+02
 MRCHDU: Convergence failed at  50  side 2    Res =  0.1229E+02
 MRCHDU: Convergence failed at  51  side 2    Res =  0.1222E+02
 MRCHDU: Convergence failed at  52  side 2    Res =  0.1085E+02
 MRCHDU: Convergence failed at  53  side 2    Res =  0.1222E+02
 MRCHDU: Convergence failed at  54  side 2    Res =  0.1458E+02
 MRCHDU: Convergence failed at  55  side 2    Res =  0.1354E+02
 MRCHDU: Convergence failed at  56  side 2    Res =  0.1241E+02
 MRCHDU: Convergence failed at  57  side 2    Res =  0.1449E+02
 MRCHDU: Convergence failed at  58  side 2    Res =  0.1683E+02
 MRCHDU: Convergence failed at  59  side 2    Res =  0.1492E+02
 MRCHDU: Convergence failed at  60  side 2    Res =  0.1891E+02
 MRCHDU: Convergence failed at  61  side 2    Res =  0.2131E+02
 MRCHDU: Convergence failed at  62  side 2    Res =  0.2607E+02
 MRCHDU: Convergence failed at  63  side 2    Res =  0.2196E+02
 MRCHDU: Convergence failed at  64  side 2    Res =  0.2279E+02
 MRCHDU: Convergence failed at  65  side 2    Res =  0.2653E+02
 MRCHDU: Convergence failed at  66  side 2    Res =  0.2766E+02
 MRCHDU: Convergence failed at  67  side 2    Res =  0.3253E+02
 MRCHDU: Convergence failed at  68  side 2    Res =  0.2584E+02
 MRCHDU: Convergence failed at  69  side 2    Res =  0.3680E+02
 MRCHDU: Convergence failed at  70  side 2    Res =  0.3585E+02
 MRCHDU: Convergence failed at  71  side 2    Res =  0.4250E+02
 MRCHDU: Convergence failed at  72  side 2    Res =  0.1336E+03
 MRCHDU: Convergence failed at  73  side 2    Res =  0.7630E+04
 MRCHDU: Convergence failed at  74  side 2    Res =  0.3805E+03
 MRCHDU: Convergence failed at  75  side 2    Res =  0.1236E+03
 MRCHDU: Convergence failed at  76  side 2    Res =  0.5249E+02
 MRCHDU: Convergence failed at  77  side 2    Res =  0.7753E+02
 MRCHDU: Convergence failed at  78  side 2    Res =  0.8650E+02
 MRCHDU: Convergence failed at  79  side 2    Res =  0.3807E+02
 MRCHDU: Convergence failed at  80  side 2    Res =  0.3506E+02
 MRCHDU: Convergence failed at  81  side 2    Res =  0.6458E+02
 MRCHDU: Convergence failed at  82  side 2    Res =  0.4439E+02
 MRCHDU: Convergence failed at  83  side 2    Res =  0.2771E+02
 MRCHDU: Convergence failed at  84  side 2    Res =  0.6335E+02
 MRCHDU: Convergence failed at  85  side 2    Res =  0.8654E+02
 MRCHDU: Convergence failed at  86  side 2    Res =  0.4992E+02
 MRCHDU: Convergence failed at  87  side 2    Res =  0.8538E+02
 MRCHDU: Convergence failed at  88  side 2    Res =  0.1993E+03
 MRCHDU: Convergence failed at  89  side 2    Res =  0.7546E+02
 MRCHDU: Convergence failed at  90  side 2    Res =  0.1048E+03
 MRCHDU: Convergence failed at  91  side 2    Res =  0.4641E+02
 MRCHDU: Convergence failed at  92  side 2    Res =  0.4414E+02
 MRCHDU: Convergence failed at  93  side 2    Res =  0.2683E+02
 MRCHDU: Convergence failed at  94  side 2    Res =  0.4697E+02
 Side 1  free  transition at x/c =  0.7946   55
 Side 2  free  transition at x/c =  0.0916   31

   3   rms: 0.8400E+00   max: 0.8170E+00   D at   96  2   RLX: 0.675
       a = -4.000      CL =  0.0516
      Cm = -0.0759     CD =  0.01209   =>   CDf =  0.00344    CDp =  0.00866

 Side 1  free  transition at x/c =  0.7901   55
 Side 2  free  transition at x/c =  0.0950   31

   4   rms: 0.2475E+00   max: -.1047E+01   D at   63  2   RLX: 0.477
       a = -4.000      CL =  0.2305
      Cm = -0.1447     CD =  0.01875   =>   CDf =  0.00683    CDp =  0.01192

 Side 1  free  transition at x/c =  0.7886   55
 Side 2  free  transition at x/c =  0.1007   32

   5   rms: 0.3334E+00   max: -.1537E+01   D at   72  2   RLX: 0.325
       a = -4.000      CL =  0.2859
      Cm = -0.1640     CD =  0.01623   =>   CDf =  0.00690    CDp =  0.00934

 Side 1  free  transition at x/c =  0.7885   55
 Side 2  free  transition at x/c =  0.1045   32

   6   rms: 0.1722E+00   max: -.9709E+00   D at   71  2   RLX: 0.515
       a = -4.000      CL =  0.3143
      Cm = -0.1738     CD =  0.01650   =>   CDf =  0.00713    CDp =  0.00937

 Side 1  free  transition at x/c =  0.7878   55
 Side 2  free  transition at x/c =  0.1050   32

   7   rms: 0.1049E+00   max: -.5889E+00   D at   71  2   RLX: 0.849
       a = -4.000      CL =  0.3188
      Cm = -0.1760     CD =  0.01720   =>   CDf =  0.00709    CDp =  0.01011

 Side 1  free  transition at x/c =  0.7871   55
 Side 2  free  transition at x/c =  0.1026   32

   8   rms: 0.4381E-01   max: -.3353E+00   D at   87  2
       a = -4.000      CL =  0.3021
      Cm = -0.1715     CD =  0.01745   =>   CDf =  0.00703    CDp =  0.01042

 Side 1  free  transition at x/c =  0.7867   55
 Side 2  free  transition at x/c =  0.0995   32

   9   rms: 0.7070E-02   max: -.9357E-01   D at   87  2
       a = -4.000      CL =  0.2985
      Cm = -0.1706     CD =  0.01739   =>   CDf =  0.00705    CDp =  0.01034

 Side 1  free  transition at x/c =  0.7867   55
 Side 2  free  transition at x/c =  0.0993   32

  10   rms: 0.3157E-03   max: -.5963E-02   D at   87  2
       a = -4.000      CL =  0.2985
      Cm = -0.1706     CD =  0.01737   =>   CDf =  0.00706    CDp =  0.01032

 Side 1  free  transition at x/c =  0.7867   55
 Side 2  free  transition at x/c =  0.0993   32

  11   rms: 0.2224E-05   max: -.2409E-04   D at   87  2
       a = -4.000      CL =  0.2985
      Cm = -0.1706     CD =  0.01737   =>   CDf =  0.00706    CDp =  0.01032
 plradd ia,ip,cpol            1           0  9.30484571E-03

 Point added to stored polar  1
 Point written to save file  fx76mp160_Re300k.base.pol                       
 Dump file unspecified or not available
 Calculating wake trajectory ...
 Calculating source influence matrix ...

 Solving BL system ...

 Side 1  free  transition at x/c =  0.7867   55
 Side 2  free  transition at x/c =  0.0993   32

   1   rms: 0.9524E-01   max: -.8117E+00   T at   32  2   RLX: 0.616
       a = -3.500      CL =  0.3364
      Cm = -0.1714     CD =  0.01705   =>   CDf =  0.00707    CDp =  0.00999

 Side 1  free  transition at x/c =  0.7845   56
 Side 2  free  transition at x/c =  0.1084   32

   2   rms: 0.1174E+00   max: -.7200E+00   T at   32  2   RLX: 0.694
       a = -3.500      CL =  0.3510
      Cm = -0.1715     CD =  0.01656   =>   CDf =  0.00721    CDp =  0.00936

 Side 1  free  transition at x/c =  0.7837   56
 Side 2  free  transition at x/c =  0.1181   33

   3   rms: 0.3521E-01   max: -.2005E+00   D at   32  2
       a = -3.500      CL =  0.3597
      Cm = -0.1718     CD =  0.01685   =>   CDf =  0.00711    CDp =  0.00974

 Side 1  free  transition at x/c =  0.7833   55
 Side 2  free  transition at x/c =  0.1228   33

   4   rms: 0.9432E-02   max: 0.9743E-01   C at   33  2
       a = -3.500      CL =  0.3572
      Cm = -0.1713     CD =  0.01698   =>   CDf =  0.00700    CDp =  0.00999

 Side 1  free  transition at x/c =  0.7828   55
 Side 2  free  transition at x/c =  0.1207   33

   5   rms: 0.7946E-03   max: -.9879E-02   D at   33  2
       a = -3.500      CL =  0.3571
      Cm = -0.1713     CD =  0.01700   =>   CDf =  0.00701    CDp =  0.00999

 Side 1  free  transition at x/c =  0.7828   55
 Side 2  free  transition at x/c =  0.1207   33

   6   rms: 0.4734E-05   max: 0.2675E-04   D at   57  1
       a = -3.500      CL =  0.3571
      Cm = -0.1713     CD =  0.01700   =>   CDf =  0.00701    CDp =  0.00999
 plradd ia,ip,cpol            2           0  9.30484571E-03

 Point added to stored polar  1
 Point written to save file  fx76mp160_Re300k.base.pol                       
 Dump file unspecified or not available
 Calculating wake trajectory ...
 Calculating source influence matrix ...

 Solving BL system ...

 Side 1  free  transition at x/c =  0.7828   55
 Side 2  free  transition at x/c =  0.1207   33

   1   rms: 0.9019E-01   max: 0.6164E+00   T at   55  1
       a = -3.000      CL =  0.3707
      Cm = -0.1646     CD =  0.01762   =>   CDf =  0.00701    CDp =  0.01061

 Side 1  free  transition at x/c =  0.7677   55
 Side 2  free  transition at x/c =  0.1339   34

   2   rms: 0.7305E-01   max: -.3533E+00   D at   57  1
       a = -3.000      CL =  0.3943
      Cm = -0.1683     CD =  0.01741   =>   CDf =  0.00685    CDp =  0.01056

 Side 1  free  transition at x/c =  0.7728   55
 Side 2  free  transition at x/c =  0.1435   35

   3   rms: 0.1617E-01   max: -.9450E-01   D at   68  1
       a = -3.000      CL =  0.3976
      Cm = -0.1689     CD =  0.01708   =>   CDf =  0.00687    CDp =  0.01021

 Side 1  free  transition at x/c =  0.7742   55
 Side 2  free  transition at x/c =  0.1446   35

   4   rms: 0.5621E-03   max: -.4390E-02   D at   68  1
       a = -3.000      CL =  0.3975
      Cm = -0.1689     CD =  0.01708   =>   CDf =  0.00690    CDp =  0.01018

 Side 1  free  transition at x/c =  0.7742   55
 Side 2  free  transition at x/c =  0.1445   35

   5   rms: 0.2930E-05   max: -.2640E-04   D at   36  2
       a = -3.000      CL =  0.3975
      Cm = -0.1689     CD =  0.01708   =>   CDf =  0.00690    CDp =  0.01018
 plradd ia,ip,cpol            3           0  1.19209597E-02

 Point added to stored polar  1
 Point written to save file  fx76mp160_Re300k.base.pol                       
 Dump file unspecified or not available
 Calculating wake trajectory ...
 Calculating source influence matrix ...

 Solving BL system ...

 Side 1  free  transition at x/c =  0.7742   55
 Side 2  free  transition at x/c =  0.1445   35

   1   rms: 0.9950E-01   max: -.7790E+00   T at   35  2   RLX: 0.642
       a = -2.500      CL =  0.4336
      Cm = -0.1691     CD =  0.01673   =>   CDf =  0.00687    CDp =  0.00986

 Side 1  free  transition at x/c =  0.7700   56
 Side 2  free  transition at x/c =  0.1608   35

   2   rms: 0.4126E-01   max: -.2740E+00   C at   35  2
       a = -2.500      CL =  0.4581
      Cm = -0.1698     CD =  0.01651   =>   CDf =  0.00688    CDp =  0.00963

 Side 1  free  transition at x/c =  0.7690   56
 Side 2  free  transition at x/c =  0.1707   36

   3   rms: 0.1942E-01   max: -.1997E+00   C at   36  2
       a = -2.500      CL =  0.4584
      Cm = -0.1698     CD =  0.01649   =>   CDf =  0.00689    CDp =  0.00960

 Side 1  free  transition at x/c =  0.7690   56
 Side 2  free  transition at x/c =  0.1747   36

   4   rms: 0.1391E-02   max: -.2149E-01   D at   36  2
       a = -2.500      CL =  0.4585
      Cm = -0.1698     CD =  0.01652   =>   CDf =  0.00683    CDp =  0.00969

 Side 1  free  transition at x/c =  0.7690   56
 Side 2  free  transition at x/c =  0.1744   36

   5   rms: 0.1920E-04   max: -.2025E-03   C at   36  2
       a = -2.500      CL =  0.4585
      Cm = -0.1698     CD =  0.01652   =>   CDf =  0.00683    CDp =  0.00969
 plradd ia,ip,cpol            4           0  1.19209597E-02

 Point added to stored polar  1
 Point written to save file  fx76mp160_Re300k.base.pol                       
 Dump file unspecified or not available
 Calculating wake trajectory ...
 Calculating source influence matrix ...

 Solving BL system ...

 Side 1  free  transition at x/c =  0.7690   56
 Side 2  free  transition at x/c =  0.1744   36

   1   rms: 0.8814E-01   max: -.4655E+00   T at   36  2
       a = -2.000      CL =  0.5228
      Cm = -0.1713     CD =  0.01612   =>   CDf =  0.00678    CDp =  0.00934

 Side 1  free  transition at x/c =  0.7659   57
 Side 2  free  transition at x/c =  0.2075   37

   2   rms: 0.1649E-01   max: -.1842E+00   C at   37  2
       a = -2.000      CL =  0.5230
      Cm = -0.1714     CD =  0.01611   =>   CDf =  0.00689    CDp =  0.00922

 Side 1  free  transition at x/c =  0.7655   57
 Side 2  free  transition at x/c =  0.2087   38

   3   rms: 0.7653E-02   max: -.1178E+00   D at   37  2
       a = -2.000      CL =  0.5229
      Cm = -0.1714     CD =  0.01611   =>   CDf =  0.00687    CDp =  0.00924

 Side 1  free  transition at x/c =  0.7655   57
 Side 2  free  transition at x/c =  0.2087   38

   4   rms: 0.1130E-02   max: -.1371E-01   D at   39  2
       a = -2.000      CL =  0.5229
      Cm = -0.1714     CD =  0.01611   =>   CDf =  0.00683    CDp =  0.00928

 Side 1  free  transition at x/c =  0.7655   57
 Side 2  free  transition at x/c =  0.2083   38

   5   rms: 0.1896E-04   max: -.3249E-03   D at   39  2
       a = -2.000      CL =  0.5229
      Cm = -0.1714     CD =  0.01611   =>   CDf =  0.00683    CDp =  0.00928
 plradd ia,ip,cpol            5           0  2.54770033E-02

 Point added to stored polar  1
 Point written to save file  fx76mp160_Re300k.base.pol                       
 Dump file unspecified or not available
 Calculating wake trajectory ...
 Calculating source influence matrix ...

 Solving BL system ...

 Side 1  free  transition at x/c =  0.7655   57
 Side 2  free  transition at x/c =  0.2083   38

   1   rms: 0.1107E+00   max: -.7688E+00   C at   38  2   RLX: 0.650
       a = -1.500      CL =  0.5640
      Cm = -0.1725     CD =  0.01581   =>   CDf =  0.00684    CDp =  0.00898

 Side 1  free  transition at x/c =  0.7634   56
 Side 2  free  transition at x/c =  0.2284   39

   2   rms: 0.5294E-01   max: 0.3587E+00   T at   56  1
       a = -1.500      CL =  0.5514
      Cm = -0.1668     CD =  0.01639   =>   CDf =  0.00681    CDp =  0.00958

 Side 1  free  transition at x/c =  0.7546   56
 Side 2  free  transition at x/c =  0.2411   40

   3   rms: 0.2351E-01   max: -.1125E+00   D at   57  1
       a = -1.500      CL =  0.5639
      Cm = -0.1690     CD =  0.01623   =>   CDf =  0.00661    CDp =  0.00962

 MRCHDU: Convergence failed at  40  side 2    Res =  0.7735E-05
 Side 1  free  transition at x/c =  0.7568   56
 Side 2  free  transition at x/c =  0.2449   40

   4   rms: 0.1321E-02   max: -.7846E-02   D at   68  1
       a = -1.500      CL =  0.5645
      Cm = -0.1691     CD =  0.01622   =>   CDf =  0.00665    CDp =  0.00957

 Side 1  free  transition at x/c =  0.7569   56
 Side 2  free  transition at x/c =  0.2452   40

   5   rms: 0.8682E-05   max: 0.3569E-04   D at   92  2
       a = -1.500      CL =  0.5645
      Cm = -0.1691     CD =  0.01622   =>   CDf =  0.00665    CDp =  0.00957
 plradd ia,ip,cpol            6           0  0.27776611    

 Point added to stored polar  1
 Point written to save file  fx76mp160_Re300k.base.pol                       
 Dump file unspecified or not available
 Calculating wake trajectory ...
 Calculating source influence matrix ...

 Solving BL system ...

 Side 1  free  transition at x/c =  0.7569   56
 Side 2  free  transition at x/c =  0.2452   40

   1   rms: 0.8668E-01   max: -.6410E+00   C at   40  2   RLX: 0.780
       a = -1.000      CL =  0.6047
      Cm = -0.1686     CD =  0.01601   =>   CDf =  0.00657    CDp =  0.00944

 Side 1  free  transition at x/c =  0.7501   57
 Side 2  free  transition at x/c =  0.2812   41

   2   rms: 0.5953E-01   max: -.1047E+01   C at   41  2   RLX: 0.477
       a = -1.000      CL =  0.6131
      Cm = -0.1690     CD =  0.01596   =>   CDf =  0.00653    CDp =  0.00944

 Side 1  free  transition at x/c =  0.7503   57
 Side 2  free  transition at x/c =  0.2857   42

   3   rms: 0.4336E-01   max: -.5677E+00   C at   42  2   RLX: 0.881
       a = -1.000      CL =  0.6229
      Cm = -0.1698     CD =  0.01560   =>   CDf =  0.00658    CDp =  0.00902

 Side 1  free  transition at x/c =  0.7506   57
 Side 2  free  transition at x/c =  0.3000   43

   4   rms: 0.2896E-01   max: -.3260E+00   C at   43  2
       a = -1.000      CL =  0.6241
      Cm = -0.1699     CD =  0.01556   =>   CDf =  0.00659    CDp =  0.00898

 Side 1  free  transition at x/c =  0.7506   57
 Side 2  free  transition at x/c =  0.3114   43

   5   rms: 0.2666E-02   max: -.3641E-01   D at   43  2
       a = -1.000      CL =  0.6244
      Cm = -0.1699     CD =  0.01562   =>   CDf =  0.00647    CDp =  0.00915

 Side 1  free  transition at x/c =  0.7506   57
 Side 2  free  transition at x/c =  0.3101   43

   6   rms: 0.8181E-04   max: -.1286E-02   C at   43  2
       a = -1.000      CL =  0.6244
      Cm = -0.1699     CD =  0.01562   =>   CDf =  0.00647    CDp =  0.00915
 plradd ia,ip,cpol            7           0  0.27776611    

 Point added to stored polar  1
 Point written to save file  fx76mp160_Re300k.base.pol                       
 Dump file unspecified or not available
 Calculating wake trajectory ...
 Calculating source influence matrix ...

 Solving BL system ...

 Side 1  free  transition at x/c =  0.7506   57
 Side 2  free  transition at x/c =  0.3101   43

   1   rms: 0.1142E+00   max: -.1404E+01   C at   43  2   RLX: 0.356
       a = -0.500      CL =  0.6477
      Cm = -0.1705     CD =  0.01537   =>   CDf =  0.00648    CDp =  0.00889

 Side 1  free  transition at x/c =  0.7489   57
 Side 2  free  transition at x/c =  0.3362   45

   2   rms: 0.1136E+00   max: -.1728E+01   C at   45  2   RLX: 0.289
       a = -0.500      CL =  0.6604
      Cm = -0.1710     CD =  0.01522   =>   CDf =  0.00643    CDp =  0.00879

 Side 1  free  transition at x/c =  0.7481   57
 Side 2  free  transition at x/c =  0.3484   45

   3   rms: 0.5148E-01   max: -.5415E+00   C at   45  2   RLX: 0.923
       a = -0.500      CL =  0.6889
      Cm = -0.1718     CD =  0.01502   =>   CDf =  0.00632    CDp =  0.00870

 Side 1  free  transition at x/c =  0.7466   58
 Side 2  free  transition at x/c =  0.4469   50

   4   rms: 0.4371E-01   max: -.7154E+00   C at   50  2   RLX: 0.699
       a = -0.500      CL =  0.6882
      Cm = -0.1716     CD =  0.01469   =>   CDf =  0.00610    CDp =  0.00858

 Side 1  free  transition at x/c =  0.7464   58
 Side 2  free  transition at x/c =  0.4482   50

   5   rms: 0.1244E-01   max: -.1447E+00   C at   50  2
       a = -0.500      CL =  0.6906
      Cm = -0.1720     CD =  0.01476   =>   CDf =  0.00613    CDp =  0.00864

 Side 1  free  transition at x/c =  0.7464   58
 Side 2  free  transition at x/c =  0.4353   50

   6   rms: 0.1514E-02   max: -.2157E-01   D at   50  2
       a = -0.500      CL =  0.6908
      Cm = -0.1720     CD =  0.01481   =>   CDf =  0.00615    CDp =  0.00866

 Side 1  free  transition at x/c =  0.7464   58
 Side 2  free  transition at x/c =  0.4344   50

   7   rms: 0.2378E-04   max: 0.3935E-03   C at   50  2
       a = -0.500      CL =  0.6908
      Cm = -0.1720     CD =  0.01481   =>   CDf =  0.00615    CDp =  0.00866
 plradd ia,ip,cpol            8           0  0.27776611    

 Point added to stored polar  1
 Point written to save file  fx76mp160_Re300k.base.pol                       
 Dump file unspecified or not available
 Calculating wake trajectory ...
 Calculating source influence matrix ...

 Solving BL system ...

 Side 1  free  transition at x/c =  0.7464   58
 Side 2  free  transition at x/c =  0.4344   50

   1   rms: 0.2219E+00   max: -.3742E+01   C at   50  2   RLX: 0.134
       a =  0.000      CL =  0.6997
      Cm = -0.1723     CD =  0.01468   =>   CDf =  0.00616    CDp =  0.00852

 Side 1  free  transition at x/c =  0.7459   58
 Side 2  free  transition at x/c =  0.4519   51

   2   rms: 0.2323E+00   max: -.4063E+01   C at   51  2   RLX: 0.123
       a =  0.000      CL =  0.7072
      Cm = -0.1726     CD =  0.01461   =>   CDf =  0.00610    CDp =  0.00851

 Side 1  free  transition at x/c =  0.7454   58
 Side 2  free  transition at x/c =  0.4672   51

   3   rms: 0.1945E+00   max: -.3431E+01   C at   51  2   RLX: 0.146
       a =  0.000      CL =  0.7152
      Cm = -0.1730     CD =  0.01457   =>   CDf =  0.00606    CDp =  0.00851

 Side 1  free  transition at x/c =  0.7450   58
 Side 2  free  transition at x/c =  0.4852   53

   4   rms: 0.1656E+00   max: -.2859E+01   C at   53  2   RLX: 0.175
       a =  0.000      CL =  0.7230
      Cm = -0.1733     CD =  0.01450   =>   CDf =  0.00602    CDp =  0.00848

 Side 1  free  transition at x/c =  0.7446   57
 Side 2  free  transition at x/c =  0.5067   54

   5   rms: 0.1197E+00   max: -.1970E+01   C at   54  2   RLX: 0.254
       a =  0.000      CL =  0.7207
      Cm = -0.1716     CD =  0.01453   =>   CDf =  0.00595    CDp =  0.00858

 Side 1  free  transition at x/c =  0.7421   57
 Side 2  free  transition at x/c =  0.5226   55

   6   rms: 0.1278E+00   max: -.2290E+01   C at   55  2   RLX: 0.218
       a =  0.000      CL =  0.7216
      Cm = -0.1709     CD =  0.01461   =>   CDf =  0.00584    CDp =  0.00877

 Side 1  free  transition at x/c =  0.7407   57
 Side 2  free  transition at x/c =  0.5375   56

   7   rms: 0.9892E-01   max: -.1774E+01   C at   56  2   RLX: 0.282
       a =  0.000      CL =  0.7234
      Cm = -0.1703     CD =  0.01461   =>   CDf =  0.00576    CDp =  0.00885

 Side 1  free  transition at x/c =  0.7395   57
 Side 2  free  transition at x/c =  0.5611   57

   8   rms: 0.5667E-01   max: -.9972E+00   C at   57  2   RLX: 0.501
       a =  0.000      CL =  0.7267
      Cm = -0.1697     CD =  0.01459   =>   CDf =  0.00567    CDp =  0.00892

 Side 1  free  transition at x/c =  0.7381   57
 Side 2  free  transition at x/c =  0.6083   60

   9   rms: 0.2464E-01   max: -.4086E+00   C at   60  2
       a =  0.000      CL =  0.7297
      Cm = -0.1688     CD =  0.01451   =>   CDf =  0.00549    CDp =  0.00901

 Side 1  free  transition at x/c =  0.7371   57
 Side 2  free  transition at x/c =  0.6326   61

  10   rms: 0.3328E-02   max: 0.6691E-01   D at   60  2
       a =  0.000      CL =  0.7303
      Cm = -0.1690     CD =  0.01451   =>   CDf =  0.00543    CDp =  0.00908

 Side 1  free  transition at x/c =  0.7372   57
 Side 2  free  transition at x/c =  0.6320   61

  11   rms: 0.3063E-03   max: -.4747E-02   C at   61  2
       a =  0.000      CL =  0.7303
      Cm = -0.1690     CD =  0.01451   =>   CDf =  0.00544    CDp =  0.00907

 Side 1  free  transition at x/c =  0.7372   57
 Side 2  free  transition at x/c =  0.6322   61

  12   rms: 0.1799E-05   max: -.1412E-04   D at    4  2
       a =  0.000      CL =  0.7303
      Cm = -0.1690     CD =  0.01451   =>   CDf =  0.00544    CDp =  0.00907
 plradd ia,ip,cpol            9           0  0.22191107    

 Point added to stored polar  1
 Point written to save file  fx76mp160_Re300k.base.pol                       
 Dump file unspecified or not available
 Calculating wake trajectory ...
 Calculating source influence matrix ...

 Solving BL system ...

 Side 1  free  transition at x/c =  0.7372   57
 Side 2  free  transition at x/c =  0.6322   61

   1   rms: 0.1675E+00   max: -.2654E+01   C at   61  2   RLX: 0.188
       a =  0.500      CL =  0.7382
      Cm = -0.1684     CD =  0.01447   =>   CDf =  0.00532    CDp =  0.00915

 Side 1  free  transition at x/c =  0.7355   58
 Side 2  free  transition at x/c =  0.6622   62

   2   rms: 0.1338E+00   max: -.1468E+01   D at    2  1   RLX: 0.341
       a =  0.500      CL =  0.7518
      Cm = -0.1677     CD =  0.01444   =>   CDf =  0.00534    CDp =  0.00910

 Side 1  free  transition at x/c =  0.7332   58
 Side 2  free  transition at x/c =  0.7047   64

   3   rms: 0.7274E-01   max: 0.7528E+00   C at   64  2
       a =  0.500      CL =  0.7903
      Cm = -0.1693     CD =  0.01431   =>   CDf =  0.00526    CDp =  0.00905

 MRCHDU: Convergence failed at  68  side 2    Res =  0.2574E+01
 MRCHDU: Convergence failed at  69  side 2    Res =  0.1587E+01
 MRCHDU: Convergence failed at  70  side 2    Res =  0.1674E+01
 MRCHDU: Convergence failed at  71  side 2    Res =  0.2383E+01
 MRCHDU: Convergence failed at  72  side 2    Res =  0.3307E+01
 MRCHDU: Convergence failed at  73  side 2    Res =  0.3045E+01
 MRCHDU: Convergence failed at  74  side 2    Res =  0.3280E+01
 MRCHDU: Convergence failed at  75  side 2    Res =  0.3808E+01
 MRCHDU: Convergence failed at  76  side 2    Res =  0.3634E+01
 MRCHDU: Convergence failed at  77  side 2    Res =  0.3472E+01
 MRCHDU: Convergence failed at  78  side 2    Res =  0.3941E+01
 MRCHDU: Convergence failed at  79  side 2    Res =  0.4030E+01
 MRCHDU: Convergence failed at  80  side 2    Res =  0.3654E+01
 MRCHDU: Convergence failed at  81  side 2    Res =  0.3947E+01
 MRCHDU: Convergence failed at  82  side 2    Res =  0.4278E+01
 MRCHDU: Convergence failed at  83  side 2    Res =  0.3858E+01
 MRCHDU: Convergence failed at  84  side 2    Res =  0.4121E+01
 MRCHDU: Convergence failed at  85  side 2    Res =  0.4434E+01
 MRCHDU: Convergence failed at  86  side 2    Res =  0.3315E+01
 Side 1  free  transition at x/c =  0.7299   58
 Side 2  free  transition at x/c =  0.8190   72

   4   rms: 0.1842E+00   max: 0.1931E+01   C at   72  2   RLX: 0.777
       a =  0.500      CL =  0.7967
      Cm = -0.1676     CD =  0.01393   =>   CDf =  0.00494    CDp =  0.00899

 Side 1  free  transition at x/c =  0.7305   58
 Side 2  free  transition at x/c =  0.7608   68

   5   rms: 0.4135E-01   max: 0.3914E+00   D at   71  2
       a =  0.500      CL =  0.7874
      Cm = -0.1684     CD =  0.01425   =>   CDf =  0.00526    CDp =  0.00899

 Side 1  free  transition at x/c =  0.7304   58
 Side 2  free  transition at x/c =  0.7419   67

   6   rms: 0.9262E-02   max: -.1542E+00   D at   67  2
       a =  0.500      CL =  0.7864
      Cm = -0.1682     CD =  0.01422   =>   CDf =  0.00529    CDp =  0.00893

 Side 1  free  transition at x/c =  0.7304   58
 Side 2  free  transition at x/c =  0.7419   67

   7   rms: 0.1003E-02   max: 0.1838E-01   D at   67  2
       a =  0.500      CL =  0.7864
      Cm = -0.1682     CD =  0.01422   =>   CDf =  0.00529    CDp =  0.00893

 Side 1  free  transition at x/c =  0.7304   58
 Side 2  free  transition at x/c =  0.7417   67

   8   rms: 0.2021E-04   max: -.2124E-03   D at   70  2
       a =  0.500      CL =  0.7864
      Cm = -0.1682     CD =  0.01422   =>   CDf =  0.00530    CDp =  0.00893
 plradd ia,ip,cpol           10           0  0.22191107    

 Point added to stored polar  1
 Point written to save file  fx76mp160_Re300k.base.pol                       
 Dump file unspecified or not available
 Calculating wake trajectory ...
 Calculating source influence matrix ...

 Solving BL system ...

 Side 1  free  transition at x/c =  0.7304   58
 Side 2  free  transition at x/c =  0.7417   67

   1   rms: 0.1023E+00   max: 0.5534E+00   D at   69  2
       a =  1.000      CL =  0.8450
      Cm = -0.1674     CD =  0.01371   =>   CDf =  0.00517    CDp =  0.00854

 Side 1  free  transition at x/c =  0.7252   58
 Side 2  free  transition at x/c =  0.7705   67

   2   rms: 0.3934E-01   max: -.4224E+00   D at   69  2
       a =  1.000      CL =  0.8540
      Cm = -0.1698     CD =  0.01407   =>   CDf =  0.00542    CDp =  0.00865

 MRCHDU: Convergence failed at  69  side 2    Res =  0.2826E+01
 MRCHDU: Convergence failed at  70  side 2    Res =  0.3099E+02
 MRCHDU: Convergence failed at  71  side 2    Res =  0.3562E+01
 MRCHDU: Convergence failed at  72  side 2    Res =  0.3106E+01
 MRCHDU: Convergence failed at  73  side 2    Res =  0.2770E+01
 MRCHDU: Convergence failed at  74  side 2    Res =  0.3583E+01
 MRCHDU: Convergence failed at  75  side 2    Res =  0.4353E+01
 MRCHDU: Convergence failed at  76  side 2    Res =  0.5006E+01
 MRCHDU: Convergence failed at  77  side 2    Res =  0.6124E+01
 MRCHDU: Convergence failed at  78  side 2    Res =  0.6935E+01
 MRCHDU: Convergence failed at  79  side 2    Res =  0.7269E+01
 MRCHDU: Convergence failed at  80  side 2    Res =  0.7923E+01
 MRCHDU: Convergence failed at  81  side 2    Res =  0.7581E+01
 MRCHDU: Convergence failed at  82  side 2    Res =  0.7847E+01
 MRCHDU: Convergence failed at  83  side 2    Res =  0.6763E+01
 MRCHDU: Convergence failed at  84  side 2    Res =  0.3836E+01
 Side 1  free  transition at x/c =  0.7249   58
 Side 2  free  transition at x/c =  0.7950   69

   3   rms: 0.1526E+00   max: 0.7995E+00   T at   77  2   RLX: 0.708
       a =  1.000      CL =  0.8587
      Cm = -0.1677     CD =  0.01356   =>   CDf =  0.00496    CDp =  0.00860

 Side 1  free  transition at x/c =  0.7252   58
 Side 2  free  transition at x/c =  0.7897   69

   4   rms: 0.3024E-01   max: -.2459E+00   D at   70  2
       a =  1.000      CL =  0.8509
      Cm = -0.1690     CD =  0.01393   =>   CDf =  0.00542    CDp =  0.00851

 Side 1  free  transition at x/c =  0.7249   58
 Side 2  free  transition at x/c =  0.7859   68

   5   rms: 0.4087E-02   max: 0.5415E-01   D at   70  2
       a =  1.000      CL =  0.8494
      Cm = -0.1686     CD =  0.01392   =>   CDf =  0.00536    CDp =  0.00856

 Side 1  free  transition at x/c =  0.7249   58
 Side 2  free  transition at x/c =  0.7839   68

   6   rms: 0.2973E-03   max: -.3295E-02   D at   70  2
       a =  1.000      CL =  0.8495
      Cm = -0.1687     CD =  0.01392   =>   CDf =  0.00535    CDp =  0.00858

 Side 1  free  transition at x/c =  0.7249   58
 Side 2  free  transition at x/c =  0.7841   68

   7   rms: 0.1750E-05   max: -.9325E-05   D at   93  2
       a =  1.000      CL =  0.8495
      Cm = -0.1687     CD =  0.01392   =>   CDf =  0.00535    CDp =  0.00858
 plradd ia,ip,cpol           11           0  0.22191107    

 Point added to stored polar  1
 Point written to save file  fx76mp160_Re300k.base.pol                       
 Dump file unspecified or not available
 Calculating wake trajectory ...
 Calculating source influence matrix ...

 Solving BL system ...

 Side 1  free  transition at x/c =  0.7249   58
 Side 2  free  transition at x/c =  0.7841   68

   1   rms: 0.9296E-01   max: 0.6527E+00   T at   58  1   RLX: 0.935
       a =  1.500      CL =  0.8381
      Cm = -0.1569     CD =  0.01493   =>   CDf =  0.00535    CDp =  0.00958

 Side 1  free  transition at x/c =  0.7046   57
 Side 2  free  transition at x/c =  0.8088   70

   2   rms: 0.3526E+00   max: -.1917E+01   T at   57  1   RLX: 0.261
       a =  1.500      CL =  0.8887
      Cm = -0.1626     CD =  0.01442   =>   CDf =  0.00522    CDp =  0.00920

 MRCHDU: Convergence failed at  59  side 1    Res =  0.3379E+01
 MRCHDU: Convergence failed at  60  side 1    Res =  0.8431E+01
 MRCHDU: Convergence failed at  61  side 1    Res =  0.5682E+01
 MRCHDU: Convergence failed at  62  side 1    Res =  0.7034E+01
 MRCHDU: Convergence failed at  63  side 1    Res =  0.9811E+01
 MRCHDU: Convergence failed at  64  side 1    Res =  0.1169E+02
 MRCHDU: Convergence failed at  65  side 1    Res =  0.1275E+02
 MRCHDU: Convergence failed at  66  side 1    Res =  0.1403E+02
 MRCHDU: Convergence failed at  67  side 1    Res =  0.1363E+02
 MRCHDU: Convergence failed at  68  side 1    Res =  0.1340E+02
 MRCHDU: Convergence failed at  69  side 1    Res =  0.1234E+02
 MRCHDU: Convergence failed at  70  side 1    Res =  0.1193E+02
 MRCHDU: Convergence failed at  71  side 1    Res =  0.1561E+02
 MRCHDU: Convergence failed at  72  side 1    Res =  0.2001E+02
 MRCHDU: Convergence failed at  73  side 1    Res =  0.2723E+02
 MRCHDU: Convergence failed at  74  side 1    Res =  0.4262E+02
 MRCHDU: Convergence failed at  75  side 1    Res =  0.1203E+03
 Side 1  free  transition at x/c =  0.7265   59
 Side 2  free  transition at x/c =  0.8132   70

   3   rms: 0.6419E+00   max: 0.3246E+01   D at   75  1   RLX: 0.462
       a =  1.500      CL =  0.8905
      Cm = -0.2118     CD =  0.00614   =>   CDf =  0.00485    CDp =  0.00128

 Side 1  free  transition at x/c =  0.7055   57
 Side 2  free  transition at x/c =  0.8065   70

   4   rms: 0.1825E+00   max: -.5750E+00   D at   88  2   RLX: 0.637
       a =  1.500      CL =  0.8763
      Cm = -0.1714     CD =  0.01382   =>   CDf =  0.00537    CDp =  0.00845

 MRCHDU: Convergence failed at  59  side 1    Res =  0.3053E+01
 MRCHDU: Convergence failed at  60  side 1    Res =  0.4803E+02
 MRCHDU: Convergence failed at  61  side 1    Res =  0.6066E+01
 MRCHDU: Convergence failed at  62  side 1    Res =  0.5074E+01
 MRCHDU: Convergence failed at  63  side 1    Res =  0.4476E+01
 MRCHDU: Convergence failed at  64  side 1    Res =  0.6354E+01
 MRCHDU: Convergence failed at  65  side 1    Res =  0.7236E+01
 MRCHDU: Convergence failed at  66  side 1    Res =  0.1900E+02
 MRCHDU: Convergence failed at  67  side 1    Res =  0.1816E+02
 MRCHDU: Convergence failed at  68  side 1    Res =  0.3047E+02
 MRCHDU: Convergence failed at  69  side 1    Res =  0.1929E+03
 MRCHDU: Convergence failed at  70  side 1    Res =  0.5874E+02
 MRCHDU: Convergence failed at  71  side 1    Res =  0.2360E+02
 MRCHDU: Convergence failed at  72  side 1    Res =  0.1539E+02
 MRCHDU: Convergence failed at  73  side 1    Res =  0.1085E+02
 MRCHDU: Convergence failed at  74  side 1    Res =  0.9586E+01
 MRCHDU: Convergence failed at  75  side 1    Res =  0.2056E+02
 Side 1  free  transition at x/c =  0.7274   59
 Side 2  free  transition at x/c =  0.8117   70

   5   rms: 0.6292E+00   max: 0.3362E+01   D at   75  1   RLX: 0.446
       a =  1.500      CL =  0.8721
      Cm = -0.2091     CD =  0.00663   =>   CDf =  0.00490    CDp =  0.00172

 Side 1  free  transition at x/c =  0.7055   57
 Side 2  free  transition at x/c =  0.8042   70

   6   rms: 0.1917E+00   max: -.5780E+00   D at   88  2   RLX: 0.637
       a =  1.500      CL =  0.8701
      Cm = -0.1705     CD =  0.01409   =>   CDf =  0.00540    CDp =  0.00869

 MRCHDU: Convergence failed at  59  side 1    Res =  0.2813E+01
 MRCHDU: Convergence failed at  60  side 1    Res =  0.2982E+02
 MRCHDU: Convergence failed at  61  side 1    Res =  0.6081E+01
 MRCHDU: Convergence failed at  62  side 1    Res =  0.5040E+01
 MRCHDU: Convergence failed at  63  side 1    Res =  0.4438E+01
 MRCHDU: Convergence failed at  64  side 1    Res =  0.6340E+01
 MRCHDU: Convergence failed at  65  side 1    Res =  0.7182E+01
 MRCHDU: Convergence failed at  66  side 1    Res =  0.1904E+02
 MRCHDU: Convergence failed at  67  side 1    Res =  0.1825E+02
 MRCHDU: Convergence failed at  68  side 1    Res =  0.3087E+02
 MRCHDU: Convergence failed at  69  side 1    Res =  0.2241E+03
 MRCHDU: Convergence failed at  70  side 1    Res =  0.5482E+02
 MRCHDU: Convergence failed at  71  side 1    Res =  0.2271E+02
 MRCHDU: Convergence failed at  72  side 1    Res =  0.1527E+02
 MRCHDU: Convergence failed at  73  side 1    Res =  0.1051E+02
 MRCHDU: Convergence failed at  74  side 1    Res =  0.1002E+02
 MRCHDU: Convergence failed at  75  side 1    Res =  0.2081E+02
 Side 1  free  transition at x/c =  0.7273   59
 Side 2  free  transition at x/c =  0.8103   70

   7   rms: 0.6250E+00   max: 0.3382E+01   D at   75  1   RLX: 0.444
       a =  1.500      CL =  0.8687
      Cm = -0.2087     CD =  0.00672   =>   CDf =  0.00492    CDp =  0.00181

 Side 1  free  transition at x/c =  0.7054   57
 Side 2  free  transition at x/c =  0.8033   69

   8   rms: 0.1947E+00   max: -.5798E+00   D at   88  2   RLX: 0.639
       a =  1.500      CL =  0.8722
      Cm = -0.1711     CD =  0.01422   =>   CDf =  0.00541    CDp =  0.00881

 MRCHDU: Convergence failed at  59  side 1    Res =  0.2826E+01
 MRCHDU: Convergence failed at  60  side 1    Res =  0.2920E+02
 MRCHDU: Convergence failed at  61  side 1    Res =  0.6099E+01
 MRCHDU: Convergence failed at  62  side 1    Res =  0.5043E+01
 MRCHDU: Convergence failed at  63  side 1    Res =  0.4436E+01
 MRCHDU: Convergence failed at  64  side 1    Res =  0.6331E+01
 MRCHDU: Convergence failed at  65  side 1    Res =  0.7169E+01
 MRCHDU: Convergence failed at  66  side 1    Res =  0.1856E+02
 MRCHDU: Convergence failed at  67  side 1    Res =  0.1784E+02
 MRCHDU: Convergence failed at  68  side 1    Res =  0.2966E+02
 MRCHDU: Convergence failed at  69  side 1    Res =  0.1730E+03
 MRCHDU: Convergence failed at  70  side 1    Res =  0.5919E+02
 MRCHDU: Convergence failed at  71  side 1    Res =  0.2333E+02
 MRCHDU: Convergence failed at  72  side 1    Res =  0.1509E+02
 MRCHDU: Convergence failed at  73  side 1    Res =  0.1062E+02
 MRCHDU: Convergence failed at  74  side 1    Res =  0.9844E+01
 MRCHDU: Convergence failed at  75  side 1    Res =  0.1995E+02
 Side 1  free  transition at x/c =  0.7273   59
 Side 2  free  transition at x/c =  0.8170   70

   9   rms: 0.6375E+00   max: 0.3359E+01   D at   75  1   RLX: 0.447
       a =  1.500      CL =  0.8681
      Cm = -0.2078     CD =  0.00667   =>   CDf =  0.00487    CDp =  0.00180

 Side 1  free  transition at x/c =  0.7054   57
 Side 2  free  transition at x/c =  0.8067   70

  10   rms: 0.1947E+00   max: -.5777E+00   D at   88  2   RLX: 0.640
       a =  1.500      CL =  0.8685
      Cm = -0.1699     CD =  0.01411   =>   CDf =  0.00539    CDp =  0.00872

 MRCHDU: Convergence failed at  59  side 1    Res =  0.2832E+01
 MRCHDU: Convergence failed at  60  side 1    Res =  0.2982E+02
 MRCHDU: Convergence failed at  61  side 1    Res =  0.6144E+01
 MRCHDU: Convergence failed at  62  side 1    Res =  0.5076E+01
 MRCHDU: Convergence failed at  63  side 1    Res =  0.4462E+01
 MRCHDU: Convergence failed at  64  side 1    Res =  0.6348E+01
 MRCHDU: Convergence failed at  65  side 1    Res =  0.7204E+01
 MRCHDU: Convergence failed at  66  side 1    Res =  0.1832E+02
 MRCHDU: Convergence failed at  67  side 1    Res =  0.1761E+02
 MRCHDU: Convergence failed at  68  side 1    Res =  0.2900E+02
 MRCHDU: Convergence failed at  69  side 1    Res =  0.1523E+03
 MRCHDU: Convergence failed at  70  side 1    Res =  0.6230E+02
 MRCHDU: Convergence failed at  71  side 1    Res =  0.2378E+02
 MRCHDU: Convergence failed at  72  side 1    Res =  0.1530E+02
 MRCHDU: Convergence failed at  73  side 1    Res =  0.1074E+02
 MRCHDU: Convergence failed at  74  side 1    Res =  0.9776E+01
 MRCHDU: Convergence failed at  75  side 1    Res =  0.1991E+02
 Side 1  free  transition at x/c =  0.7273   59
 Side 2  free  transition at x/c =  0.8120   70

  11   rms: 0.6287E+00   max: 0.3381E+01   D at   75  1   RLX: 0.444
       a =  1.500      CL =  0.8675
      Cm = -0.2083     CD =  0.00672   =>   CDf =  0.00491    CDp =  0.00181

 Side 1  free  transition at x/c =  0.7054   57
 Side 2  free  transition at x/c =  0.8036   69

  12   rms: 0.1953E+00   max: -.5796E+00   D at   88  2   RLX: 0.640
       a =  1.500      CL =  0.8718
      Cm = -0.1710     CD =  0.01423   =>   CDf =  0.00541    CDp =  0.00881

 MRCHDU: Convergence failed at  59  side 1    Res =  0.2805E+01
 MRCHDU: Convergence failed at  60  side 1    Res =  0.2972E+02
 MRCHDU: Convergence failed at  61  side 1    Res =  0.6125E+01
 MRCHDU: Convergence failed at  62  side 1    Res =  0.5058E+01
 MRCHDU: Convergence failed at  63  side 1    Res =  0.4446E+01
 MRCHDU: Convergence failed at  64  side 1    Res =  0.6341E+01
 MRCHDU: Convergence failed at  65  side 1    Res =  0.7187E+01
 MRCHDU: Convergence failed at  66  side 1    Res =  0.1822E+02
 MRCHDU: Convergence failed at  67  side 1    Res =  0.1755E+02
 MRCHDU: Convergence failed at  68  side 1    Res =  0.2884E+02
 MRCHDU: Convergence failed at  69  side 1    Res =  0.1486E+03
 MRCHDU: Convergence failed at  70  side 1    Res =  0.6278E+02
 MRCHDU: Convergence failed at  71  side 1    Res =  0.2381E+02
 MRCHDU: Convergence failed at  72  side 1    Res =  0.1529E+02
 MRCHDU: Convergence failed at  73  side 1    Res =  0.1072E+02
 MRCHDU: Convergence failed at  74  side 1    Res =  0.9753E+01
 MRCHDU: Convergence failed at  75  side 1    Res =  0.1961E+02
 Side 1  free  transition at x/c =  0.7273   59
 Side 2  free  transition at x/c =  0.8163   70

  13   rms: 0.6308E+00   max: 0.3384E+01   D at   75  1   RLX: 0.443
       a =  1.500      CL =  0.8670
      Cm = -0.2080     CD =  0.00670   =>   CDf =  0.00493    CDp =  0.00177

 Side 1  free  transition at x/c =  0.7055   57
 Side 2  free  transition at x/c =  0.8020   69

  14   rms: 0.1952E+00   max: -.5801E+00   D at   88  2   RLX: 0.636
       a =  1.500      CL =  0.8715
      Cm = -0.1710     CD =  0.01421   =>   CDf =  0.00542    CDp =  0.00879

 MRCHDU: Convergence failed at  59  side 1    Res =  0.2824E+01
 MRCHDU: Convergence failed at  60  side 1    Res =  0.2920E+02
 MRCHDU: Convergence failed at  61  side 1    Res =  0.6058E+01
 MRCHDU: Convergence failed at  62  side 1    Res =  0.5019E+01
 MRCHDU: Convergence failed at  63  side 1    Res =  0.4421E+01
 MRCHDU: Convergence failed at  64  side 1    Res =  0.6325E+01
 MRCHDU: Convergence failed at  65  side 1    Res =  0.7154E+01
 MRCHDU: Convergence failed at  66  side 1    Res =  0.1928E+02
 MRCHDU: Convergence failed at  67  side 1    Res =  0.1852E+02
 MRCHDU: Convergence failed at  68  side 1    Res =  0.3163E+02
 MRCHDU: Convergence failed at  69  side 1    Res =  0.2705E+03
 MRCHDU: Convergence failed at  70  side 1    Res =  0.5262E+02
 MRCHDU: Convergence failed at  71  side 1    Res =  0.2236E+02
 MRCHDU: Convergence failed at  72  side 1    Res =  0.1510E+02
 MRCHDU: Convergence failed at  73  side 1    Res =  0.1043E+02
 MRCHDU: Convergence failed at  74  side 1    Res =  0.1003E+02
 MRCHDU: Convergence failed at  75  side 1    Res =  0.2084E+02
 Side 1  free  transition at x/c =  0.7274   59
 Side 2  free  transition at x/c =  0.8152   70

  15   rms: 0.6354E+00   max: 0.3370E+01   D at   75  1   RLX: 0.445
       a =  1.500      CL =  0.8679
      Cm = -0.2080     CD =  0.00669   =>   CDf =  0.00489    CDp =  0.00179

 Side 1  free  transition at x/c =  0.7054   57
 Side 2  free  transition at x/c =  0.8049   70

  16   rms: 0.1947E+00   max: -.5788E+00   D at   88  2   RLX: 0.637
       a =  1.500      CL =  0.8686
      Cm = -0.1701     CD =  0.01410   =>   CDf =  0.00541    CDp =  0.00870

 MRCHDU: Convergence failed at  59  side 1    Res =  0.2801E+01
 MRCHDU: Convergence failed at  60  side 1    Res =  0.2858E+02
 MRCHDU: Convergence failed at  61  side 1    Res =  0.6118E+01
 MRCHDU: Convergence failed at  62  side 1    Res =  0.5054E+01
 MRCHDU: Convergence failed at  63  side 1    Res =  0.4445E+01
 MRCHDU: Convergence failed at  64  side 1    Res =  0.6337E+01
 MRCHDU: Convergence failed at  65  side 1    Res =  0.7179E+01
 MRCHDU: Convergence failed at  66  side 1    Res =  0.1897E+02
 MRCHDU: Convergence failed at  67  side 1    Res =  0.1822E+02
 MRCHDU: Convergence failed at  68  side 1    Res =  0.3073E+02
 MRCHDU: Convergence failed at  69  side 1    Res =  0.2153E+03
 MRCHDU: Convergence failed at  70  side 1    Res =  0.5551E+02
 MRCHDU: Convergence failed at  71  side 1    Res =  0.2283E+02
 MRCHDU: Convergence failed at  72  side 1    Res =  0.1534E+02
 MRCHDU: Convergence failed at  73  side 1    Res =  0.1054E+02
 MRCHDU: Convergence failed at  74  side 1    Res =  0.9964E+01
 MRCHDU: Convergence failed at  75  side 1    Res =  0.2061E+02
 Side 1  free  transition at x/c =  0.7273   59
 Side 2  free  transition at x/c =  0.8112   70

  17   rms: 0.6271E+00   max: 0.3385E+01   D at   75  1   RLX: 0.443
       a =  1.500      CL =  0.8676
      Cm = -0.2084     CD =  0.00674   =>   CDf =  0.00492    CDp =  0.00182

 Side 1  free  transition at x/c =  0.7054   57
 Side 2  free  transition at x/c =  0.8032   69

  18   rms: 0.1952E+00   max: -.5799E+00   D at   88  2   RLX: 0.639
       a =  1.500      CL =  0.8718
      Cm = -0.1710     CD =  0.01422   =>   CDf =  0.00541    CDp =  0.00881

 MRCHDU: Convergence failed at  59  side 1    Res =  0.2793E+01
 MRCHDU: Convergence failed at  60  side 1    Res =  0.2911E+02
 MRCHDU: Convergence failed at  61  side 1    Res =  0.6118E+01
 MRCHDU: Convergence failed at  62  side 1    Res =  0.5051E+01
 MRCHDU: Convergence failed at  63  side 1    Res =  0.4441E+01
 MRCHDU: Convergence failed at  64  side 1    Res =  0.6336E+01
 MRCHDU: Convergence failed at  65  side 1    Res =  0.7178E+01
 MRCHDU: Convergence failed at  66  side 1    Res =  0.1846E+02
 MRCHDU: Convergence failed at  67  side 1    Res =  0.1778E+02
 MRCHDU: Convergence failed at  68  side 1    Res =  0.2948E+02
 MRCHDU: Convergence failed at  69  side 1    Res =  0.1670E+03
 MRCHDU: Convergence failed at  70  side 1    Res =  0.5995E+02
 MRCHDU: Convergence failed at  71  side 1    Res =  0.2344E+02
 MRCHDU: Convergence failed at  72  side 1    Res =  0.1514E+02
 MRCHDU: Convergence failed at  73  side 1    Res =  0.1064E+02
 MRCHDU: Convergence failed at  74  side 1    Res =  0.9821E+01
 MRCHDU: Convergence failed at  75  side 1    Res =  0.1985E+02
 Side 1  free  transition at x/c =  0.7273   59
 Side 2  free  transition at x/c =  0.8169   70

  19   rms: 0.6375E+00   max: 0.3361E+01   D at   75  1   RLX: 0.446
       a =  1.500      CL =  0.8678
      Cm = -0.2077     CD =  0.00668   =>   CDf =  0.00487    CDp =  0.00180

 Side 1  free  transition at x/c =  0.7054   57
 Side 2  free  transition at x/c =  0.8065   70

  20   rms: 0.1947E+00   max: -.5778E+00   D at   88  2   RLX: 0.640
       a =  1.500      CL =  0.8684
      Cm = -0.1699     CD =  0.01411   =>   CDf =  0.00539    CDp =  0.00872

 MRCHDU: Convergence failed at  59  side 1    Res =  0.2835E+01
 MRCHDU: Convergence failed at  60  side 1    Res =  0.2980E+02
 MRCHDU: Convergence failed at  61  side 1    Res =  0.6151E+01
 MRCHDU: Convergence failed at  62  side 1    Res =  0.5078E+01
 MRCHDU: Convergence failed at  63  side 1    Res =  0.4463E+01
 MRCHDU: Convergence failed at  64  side 1    Res =  0.6350E+01
 MRCHDU: Convergence failed at  65  side 1    Res =  0.7207E+01
 MRCHDU: Convergence failed at  66  side 1    Res =  0.1829E+02
 MRCHDU: Convergence failed at  67  side 1    Res =  0.1759E+02
 MRCHDU: Convergence failed at  68  side 1    Res =  0.2896E+02
 MRCHDU: Convergence failed at  69  side 1    Res =  0.1511E+03
 MRCHDU: Convergence failed at  70  side 1    Res =  0.6250E+02
 MRCHDU: Convergence failed at  71  side 1    Res =  0.2381E+02
 MRCHDU: Convergence failed at  72  side 1    Res =  0.1531E+02
 MRCHDU: Convergence failed at  73  side 1    Res =  0.1074E+02
 MRCHDU: Convergence failed at  74  side 1    Res =  0.9773E+01
 MRCHDU: Convergence failed at  75  side 1    Res =  0.1989E+02
 Side 1  free  transition at x/c =  0.7273   59
 Side 2  free  transition at x/c =  0.8119   70

  21   rms: 0.6286E+00   max: 0.3382E+01   D at   75  1   RLX: 0.444
       a =  1.500      CL =  0.8675
      Cm = -0.2083     CD =  0.00672   =>   CDf =  0.00491    CDp =  0.00181

 Side 1  free  transition at x/c =  0.7054   57
 Side 2  free  transition at x/c =  0.8035   69

  22   rms: 0.1953E+00   max: -.5796E+00   D at   88  2   RLX: 0.640
       a =  1.500      CL =  0.8719
      Cm = -0.1710     CD =  0.01422   =>   CDf =  0.00541    CDp =  0.00881

 MRCHDU: Convergence failed at  59  side 1    Res =  0.2805E+01
 MRCHDU: Convergence failed at  60  side 1    Res =  0.2970E+02
 MRCHDU: Convergence failed at  61  side 1    Res =  0.6128E+01
 MRCHDU: Convergence failed at  62  side 1    Res =  0.5059E+01
 MRCHDU: Convergence failed at  63  side 1    Res =  0.4447E+01
 MRCHDU: Convergence failed at  64  side 1    Res =  0.6341E+01
 MRCHDU: Convergence failed at  65  side 1    Res =  0.7188E+01
 MRCHDU: Convergence failed at  66  side 1    Res =  0.1821E+02
 MRCHDU: Convergence failed at  67  side 1    Res =  0.1754E+02
 MRCHDU: Convergence failed at  68  side 1    Res =  0.2882E+02
 MRCHDU: Convergence failed at  69  side 1    Res =  0.1482E+03
 MRCHDU: Convergence failed at  70  side 1    Res =  0.6286E+02
 MRCHDU: Convergence failed at  71  side 1    Res =  0.2382E+02
 MRCHDU: Convergence failed at  72  side 1    Res =  0.1529E+02
 MRCHDU: Convergence failed at  73  side 1    Res =  0.1072E+02
 MRCHDU: Convergence failed at  74  side 1    Res =  0.9748E+01
 MRCHDU: Convergence failed at  75  side 1    Res =  0.1959E+02
 Side 1  free  transition at x/c =  0.7273   59
 Side 2  free  transition at x/c =  0.8162   70

  23   rms: 0.6308E+00   max: 0.3384E+01   D at   75  1   RLX: 0.443
       a =  1.500      CL =  0.8670
      Cm = -0.2080     CD =  0.00670   =>   CDf =  0.00493    CDp =  0.00177

 Side 1  free  transition at x/c =  0.7055   57
 Side 2  free  transition at x/c =  0.8020   69

  24   rms: 0.1952E+00   max: -.5801E+00   D at   88  2   RLX: 0.636
       a =  1.500      CL =  0.8715
      Cm = -0.1710     CD =  0.01421   =>   CDf =  0.00542    CDp =  0.00879

 MRCHDU: Convergence failed at  59  side 1    Res =  0.2825E+01
 MRCHDU: Convergence failed at  60  side 1    Res =  0.2921E+02
 MRCHDU: Convergence failed at  61  side 1    Res =  0.6059E+01
 MRCHDU: Convergence failed at  62  side 1    Res =  0.5020E+01
 MRCHDU: Convergence failed at  63  side 1    Res =  0.4421E+01
 MRCHDU: Convergence failed at  64  side 1    Res =  0.6325E+01
 MRCHDU: Convergence failed at  65  side 1    Res =  0.7155E+01
 MRCHDU: Convergence failed at  66  side 1    Res =  0.1927E+02
 MRCHDU: Convergence failed at  67  side 1    Res =  0.1851E+02
 MRCHDU: Convergence failed at  68  side 1    Res =  0.3162E+02
 MRCHDU: Convergence failed at  69  side 1    Res =  0.2694E+03
 MRCHDU: Convergence failed at  70  side 1    Res =  0.5267E+02
 MRCHDU: Convergence failed at  71  side 1    Res =  0.2237E+02
 MRCHDU: Convergence failed at  72  side 1    Res =  0.1510E+02
 MRCHDU: Convergence failed at  73  side 1    Res =  0.1043E+02
 MRCHDU: Convergence failed at  74  side 1    Res =  0.1003E+02
 MRCHDU: Convergence failed at  75  side 1    Res =  0.2083E+02
 Side 1  free  transition at x/c =  0.7274   59
 Side 2  free  transition at x/c =  0.8152   70

  25   rms: 0.6354E+00   max: 0.3370E+01   D at   75  1   RLX: 0.445
       a =  1.500      CL =  0.8679
      Cm = -0.2080     CD =  0.00669   =>   CDf =  0.00489    CDp =  0.00179

 Side 1  free  transition at x/c =  0.7054   57
 Side 2  free  transition at x/c =  0.8049   70

  26   rms: 0.1947E+00   max: -.5788E+00   D at   88  2   RLX: 0.637
       a =  1.500      CL =  0.8686
      Cm = -0.1701     CD =  0.01410   =>   CDf =  0.00541    CDp =  0.00870

 MRCHDU: Convergence failed at  59  side 1    Res =  0.2801E+01
 MRCHDU: Convergence failed at  60  side 1    Res =  0.2858E+02
 MRCHDU: Convergence failed at  61  side 1    Res =  0.6118E+01
 MRCHDU: Convergence failed at  62  side 1    Res =  0.5054E+01
 MRCHDU: Convergence failed at  63  side 1    Res =  0.4445E+01
 MRCHDU: Convergence failed at  64  side 1    Res =  0.6337E+01
 MRCHDU: Convergence failed at  65  side 1    Res =  0.7180E+01
 MRCHDU: Convergence failed at  66  side 1    Res =  0.1897E+02
 MRCHDU: Convergence failed at  67  side 1    Res =  0.1822E+02
 MRCHDU: Convergence failed at  68  side 1    Res =  0.3074E+02
 MRCHDU: Convergence failed at  69  side 1    Res =  0.2156E+03
 MRCHDU: Convergence failed at  70  side 1    Res =  0.5549E+02
 MRCHDU: Convergence failed at  71  side 1    Res =  0.2283E+02
 MRCHDU: Convergence failed at  72  side 1    Res =  0.1534E+02
 MRCHDU: Convergence failed at  73  side 1    Res =  0.1054E+02
 MRCHDU: Convergence failed at  74  side 1    Res =  0.9965E+01
 MRCHDU: Convergence failed at  75  side 1    Res =  0.2062E+02
 Side 1  free  transition at x/c =  0.7273   59
 Side 2  free  transition at x/c =  0.8112   70

  27   rms: 0.6271E+00   max: 0.3385E+01   D at   75  1   RLX: 0.443
       a =  1.500      CL =  0.8676
      Cm = -0.2084     CD =  0.00674   =>   CDf =  0.00492    CDp =  0.00182

 Side 1  free  transition at x/c =  0.7054   57
 Side 2  free  transition at x/c =  0.8032   69

  28   rms: 0.1952E+00   max: -.5799E+00   D at   88  2   RLX: 0.639
       a =  1.500      CL =  0.8718
      Cm = -0.1710     CD =  0.01422   =>   CDf =  0.00541    CDp =  0.00881

 MRCHDU: Convergence failed at  59  side 1    Res =  0.2792E+01
 MRCHDU: Convergence failed at  60  side 1    Res =  0.2911E+02
 MRCHDU: Convergence failed at  61  side 1    Res =  0.6118E+01
 MRCHDU: Convergence failed at  62  side 1    Res =  0.5051E+01
 MRCHDU: Convergence failed at  63  side 1    Res =  0.4441E+01
 MRCHDU: Convergence failed at  64  side 1    Res =  0.6336E+01
 MRCHDU: Convergence failed at  65  side 1    Res =  0.7177E+01
 MRCHDU: Convergence failed at  66  side 1    Res =  0.1846E+02
 MRCHDU: Convergence failed at  67  side 1    Res =  0.1778E+02
 MRCHDU: Convergence failed at  68  side 1    Res =  0.2948E+02
 MRCHDU: Convergence failed at  69  side 1    Res =  0.1671E+03
 MRCHDU: Convergence failed at  70  side 1    Res =  0.5993E+02
 MRCHDU: Convergence failed at  71  side 1    Res =  0.2343E+02
 MRCHDU: Convergence failed at  72  side 1    Res =  0.1514E+02
 MRCHDU: Convergence failed at  73  side 1    Res =  0.1064E+02
 MRCHDU: Convergence failed at  74  side 1    Res =  0.9822E+01
 MRCHDU: Convergence failed at  75  side 1    Res =  0.1985E+02
 Side 1  free  transition at x/c =  0.7273   59
 Side 2  free  transition at x/c =  0.8169   70

  29   rms: 0.6375E+00   max: 0.3361E+01   D at   75  1   RLX: 0.446
       a =  1.500      CL =  0.8678
      Cm = -0.2077     CD =  0.00668   =>   CDf =  0.00487    CDp =  0.00180

 Side 1  free  transition at x/c =  0.7054   57
 Side 2  free  transition at x/c =  0.8065   70

  30   rms: 0.1947E+00   max: -.5778E+00   D at   88  2   RLX: 0.640
       a =  1.500      CL =  0.8684
      Cm = -0.1699     CD =  0.01411   =>   CDf =  0.00539    CDp =  0.00872

 MRCHDU: Convergence failed at  59  side 1    Res =  0.2835E+01
 MRCHDU: Convergence failed at  60  side 1    Res =  0.2980E+02
 MRCHDU: Convergence failed at  61  side 1    Res =  0.6151E+01
 MRCHDU: Convergence failed at  62  side 1    Res =  0.5078E+01
 MRCHDU: Convergence failed at  63  side 1    Res =  0.4463E+01
 MRCHDU: Convergence failed at  64  side 1    Res =  0.6350E+01
 MRCHDU: Convergence failed at  65  side 1    Res =  0.7207E+01
 MRCHDU: Convergence failed at  66  side 1    Res =  0.1829E+02
 MRCHDU: Convergence failed at  67  side 1    Res =  0.1759E+02
 MRCHDU: Convergence failed at  68  side 1    Res =  0.2896E+02
 MRCHDU: Convergence failed at  69  side 1    Res =  0.1511E+03
 MRCHDU: Convergence failed at  70  side 1    Res =  0.6249E+02
 MRCHDU: Convergence failed at  71  side 1    Res =  0.2381E+02
 MRCHDU: Convergence failed at  72  side 1    Res =  0.1531E+02
 MRCHDU: Convergence failed at  73  side 1    Res =  0.1074E+02
 MRCHDU: Convergence failed at  74  side 1    Res =  0.9773E+01
 MRCHDU: Convergence failed at  75  side 1    Res =  0.1990E+02
 Side 1  free  transition at x/c =  0.7273   59
 Side 2  free  transition at x/c =  0.8119   70

  31   rms: 0.6286E+00   max: 0.3382E+01   D at   75  1   RLX: 0.444
       a =  1.500      CL =  0.8675
      Cm = -0.2083     CD =  0.00672   =>   CDf =  0.00491    CDp =  0.00181

 Side 1  free  transition at x/c =  0.7054   57
 Side 2  free  transition at x/c =  0.8035   69

  32   rms: 0.1953E+00   max: -.5796E+00   D at   88  2   RLX: 0.640
       a =  1.500      CL =  0.8719
      Cm = -0.1710     CD =  0.01422   =>   CDf =  0.00541    CDp =  0.00881

 MRCHDU: Convergence failed at  59  side 1    Res =  0.2805E+01
 MRCHDU: Convergence failed at  60  side 1    Res =  0.2970E+02
 MRCHDU: Convergence failed at  61  side 1    Res =  0.6128E+01
 MRCHDU: Convergence failed at  62  side 1    Res =  0.5059E+01
 MRCHDU: Convergence failed at  63  side 1    Res =  0.4447E+01
 MRCHDU: Convergence failed at  64  side 1    Res =  0.6341E+01
 MRCHDU: Convergence failed at  65  side 1    Res =  0.7188E+01
 MRCHDU: Convergence failed at  66  side 1    Res =  0.1821E+02
 MRCHDU: Convergence failed at  67  side 1    Res =  0.1754E+02
 MRCHDU: Convergence failed at  68  side 1    Res =  0.2882E+02
 MRCHDU: Convergence failed at  69  side 1    Res =  0.1481E+03
 MRCHDU: Convergence failed at  70  side 1    Res =  0.6288E+02
 MRCHDU: Convergence failed at  71  side 1    Res =  0.2382E+02
 MRCHDU: Convergence failed at  72  side 1    Res =  0.1529E+02
 MRCHDU: Convergence failed at  73  side 1    Res =  0.1072E+02
 MRCHDU: Convergence failed at  74  side 1    Res =  0.9748E+01
 MRCHDU: Convergence failed at  75  side 1    Res =  0.1959E+02
 Side 1  free  transition at x/c =  0.7273   59
 Side 2  free  transition at x/c =  0.8162   70

  33   rms: 0.6308E+00   max: 0.3384E+01   D at   75  1   RLX: 0.443
       a =  1.500      CL =  0.8670
      Cm = -0.2080     CD =  0.00670   =>   CDf =  0.00493    CDp =  0.00177

 Side 1  free  transition at x/c =  0.7055   57
 Side 2  free  transition at x/c =  0.8020   69

  34   rms: 0.1952E+00   max: -.5801E+00   D at   88  2   RLX: 0.636
       a =  1.500      CL =  0.8715
      Cm = -0.1710     CD =  0.01421   =>   CDf =  0.00542    CDp =  0.00879

 MRCHDU: Convergence failed at  59  side 1    Res =  0.2825E+01
 MRCHDU: Convergence failed at  60  side 1    Res =  0.2921E+02
 MRCHDU: Convergence failed at  61  side 1    Res =  0.6059E+01
 MRCHDU: Convergence failed at  62  side 1    Res =  0.5020E+01
 MRCHDU: Convergence failed at  63  side 1    Res =  0.4421E+01
 MRCHDU: Convergence failed at  64  side 1    Res =  0.6325E+01
 MRCHDU: Convergence failed at  65  side 1    Res =  0.7155E+01
 MRCHDU: Convergence failed at  66  side 1    Res =  0.1927E+02
 MRCHDU: Convergence failed at  67  side 1    Res =  0.1851E+02
 MRCHDU: Convergence failed at  68  side 1    Res =  0.3161E+02
 MRCHDU: Convergence failed at  69  side 1    Res =  0.2691E+03
 MRCHDU: Convergence failed at  70  side 1    Res =  0.5268E+02
 MRCHDU: Convergence failed at  71  side 1    Res =  0.2237E+02
 MRCHDU: Convergence failed at  72  side 1    Res =  0.1510E+02
 MRCHDU: Convergence failed at  73  side 1    Res =  0.1043E+02
 MRCHDU: Convergence failed at  74  side 1    Res =  0.1003E+02
 MRCHDU: Convergence failed at  75  side 1    Res =  0.2083E+02
 Side 1  free  transition at x/c =  0.7274   59
 Side 2  free  transition at x/c =  0.8152   70

  35   rms: 0.6354E+00   max: 0.3370E+01   D at   75  1   RLX: 0.445
       a =  1.500      CL =  0.8679
      Cm = -0.2080     CD =  0.00669   =>   CDf =  0.00489    CDp =  0.00179

 Side 1  free  transition at x/c =  0.7054   57
 Side 2  free  transition at x/c =  0.8049   70

  36   rms: 0.1947E+00   max: -.5788E+00   D at   88  2   RLX: 0.637
       a =  1.500      CL =  0.8686
      Cm = -0.1701     CD =  0.01410   =>   CDf =  0.00541    CDp =  0.00870

 MRCHDU: Convergence failed at  59  side 1    Res =  0.2801E+01
 MRCHDU: Convergence failed at  60  side 1    Res =  0.2858E+02
 MRCHDU: Convergence failed at  61  side 1    Res =  0.6118E+01
 MRCHDU: Convergence failed at  62  side 1    Res =  0.5054E+01
 MRCHDU: Convergence failed at  63  side 1    Res =  0.4445E+01
 MRCHDU: Convergence failed at  64  side 1    Res =  0.6337E+01
 MRCHDU: Convergence failed at  65  side 1    Res =  0.7179E+01
 MRCHDU: Convergence failed at  66  side 1    Res =  0.1897E+02
 MRCHDU: Convergence failed at  67  side 1    Res =  0.1822E+02
 MRCHDU: Convergence failed at  68  side 1    Res =  0.3073E+02
 MRCHDU: Convergence failed at  69  side 1    Res =  0.2155E+03
 MRCHDU: Convergence failed at  70  side 1    Res =  0.5550E+02
 MRCHDU: Convergence failed at  71  side 1    Res =  0.2283E+02
 MRCHDU: Convergence failed at  72  side 1    Res =  0.1534E+02
 MRCHDU: Convergence failed at  73  side 1    Res =  0.1054E+02
 MRCHDU: Convergence failed at  74  side 1    Res =  0.9965E+01
 MRCHDU: Convergence failed at  75  side 1    Res =  0.2062E+02
 Side 1  free  transition at x/c =  0.7273   59
 Side 2  free  transition at x/c =  0.8112   70

  37   rms: 0.6271E+00   max: 0.3385E+01   D at   75  1   RLX: 0.443
       a =  1.500      CL =  0.8676
      Cm = -0.2084     CD =  0.00674   =>   CDf =  0.00492    CDp =  0.00182

 Side 1  free  transition at x/c =  0.7054   57
 Side 2  free  transition at x/c =  0.8032   69

  38   rms: 0.1952E+00   max: -.5799E+00   D at   88  2   RLX: 0.639
       a =  1.500      CL =  0.8718
      Cm = -0.1710     CD =  0.01422   =>   CDf =  0.00541    CDp =  0.00881

 MRCHDU: Convergence failed at  59  side 1    Res =  0.2792E+01
 MRCHDU: Convergence failed at  60  side 1    Res =  0.2911E+02
 MRCHDU: Convergence failed at  61  side 1    Res =  0.6118E+01
 MRCHDU: Convergence failed at  62  side 1    Res =  0.5052E+01
 MRCHDU: Convergence failed at  63  side 1    Res =  0.4441E+01
 MRCHDU: Convergence failed at  64  side 1    Res =  0.6336E+01
 MRCHDU: Convergence failed at  65  side 1    Res =  0.7177E+01
 MRCHDU: Convergence failed at  66  side 1    Res =  0.1846E+02
 MRCHDU: Convergence failed at  67  side 1    Res =  0.1778E+02
 MRCHDU: Convergence failed at  68  side 1    Res =  0.2948E+02
 MRCHDU: Convergence failed at  69  side 1    Res =  0.1669E+03
 MRCHDU: Convergence failed at  70  side 1    Res =  0.5996E+02
 MRCHDU: Convergence failed at  71  side 1    Res =  0.2344E+02
 MRCHDU: Convergence failed at  72  side 1    Res =  0.1514E+02
 MRCHDU: Convergence failed at  73  side 1    Res =  0.1064E+02
 MRCHDU: Convergence failed at  74  side 1    Res =  0.9821E+01
 MRCHDU: Convergence failed at  75  side 1    Res =  0.1985E+02
 Side 1  free  transition at x/c =  0.7273   59
 Side 2  free  transition at x/c =  0.8169   70

  39   rms: 0.6375E+00   max: 0.3361E+01   D at   75  1   RLX: 0.446
       a =  1.500      CL =  0.8678
      Cm = -0.2077     CD =  0.00668   =>   CDf =  0.00487    CDp =  0.00180

 Side 1  free  transition at x/c =  0.7054   57
 Side 2  free  transition at x/c =  0.8065   70

  40   rms: 0.1947E+00   max: -.5778E+00   D at   88  2   RLX: 0.640
       a =  1.500      CL =  0.8684
      Cm = -0.1699     CD =  0.01411   =>   CDf =  0.00539    CDp =  0.00872

 MRCHDU: Convergence failed at  59  side 1    Res =  0.2835E+01
 MRCHDU: Convergence failed at  60  side 1    Res =  0.2980E+02
 MRCHDU: Convergence failed at  61  side 1    Res =  0.6152E+01
 MRCHDU: Convergence failed at  62  side 1    Res =  0.5079E+01
 MRCHDU: Convergence failed at  63  side 1    Res =  0.4463E+01
 MRCHDU: Convergence failed at  64  side 1    Res =  0.6350E+01
 MRCHDU: Convergence failed at  65  side 1    Res =  0.7207E+01
 MRCHDU: Convergence failed at  66  side 1    Res =  0.1829E+02
 MRCHDU: Convergence failed at  67  side 1    Res =  0.1759E+02
 MRCHDU: Convergence failed at  68  side 1    Res =  0.2895E+02
 MRCHDU: Convergence failed at  69  side 1    Res =  0.1509E+03
 MRCHDU: Convergence failed at  70  side 1    Res =  0.6252E+02
 MRCHDU: Convergence failed at  71  side 1    Res =  0.2381E+02
 MRCHDU: Convergence failed at  72  side 1    Res =  0.1531E+02
 MRCHDU: Convergence failed at  73  side 1    Res =  0.1074E+02
 MRCHDU: Convergence failed at  74  side 1    Res =  0.9772E+01
 MRCHDU: Convergence failed at  75  side 1    Res =  0.1989E+02
 Side 1  free  transition at x/c =  0.7273   59
 Side 2  free  transition at x/c =  0.8119   70

  41   rms: 0.6286E+00   max: 0.3382E+01   D at   75  1   RLX: 0.444
       a =  1.500      CL =  0.8675
      Cm = -0.2083     CD =  0.00672   =>   CDf =  0.00491    CDp =  0.00181

 Side 1  free  transition at x/c =  0.7054   57
 Side 2  free  transition at x/c =  0.8035   69

  42   rms: 0.1953E+00   max: -.5796E+00   D at   88  2   RLX: 0.640
       a =  1.500      CL =  0.8719
      Cm = -0.1710     CD =  0.01422   =>   CDf =  0.00541    CDp =  0.00881

 MRCHDU: Convergence failed at  59  side 1    Res =  0.2805E+01
 MRCHDU: Convergence failed at  60  side 1    Res =  0.2970E+02
 MRCHDU: Convergence failed at  61  side 1    Res =  0.6128E+01
 MRCHDU: Convergence failed at  62  side 1    Res =  0.5059E+01
 MRCHDU: Convergence failed at  63  side 1    Res =  0.4447E+01
 MRCHDU: Convergence failed at  64  side 1    Res =  0.6341E+01
 MRCHDU: Convergence failed at  65  side 1    Res =  0.7188E+01
 MRCHDU: Convergence failed at  66  side 1    Res =  0.1821E+02
 MRCHDU: Convergence failed at  67  side 1    Res =  0.1754E+02
 MRCHDU: Convergence failed at  68  side 1    Res =  0.2882E+02
 MRCHDU: Convergence failed at  69  side 1    Res =  0.1482E+03
 MRCHDU: Convergence failed at  70  side 1    Res =  0.6286E+02
 MRCHDU: Convergence failed at  71  side 1    Res =  0.2382E+02
 MRCHDU: Convergence failed at  72  side 1    Res =  0.1529E+02
 MRCHDU: Convergence failed at  73  side 1    Res =  0.1072E+02
 MRCHDU: Convergence failed at  74  side 1    Res =  0.9748E+01
 MRCHDU: Convergence failed at  75  side 1    Res =  0.1959E+02
 Side 1  free  transition at x/c =  0.7273   59
 Side 2  free  transition at x/c =  0.8162   70

  43   rms: 0.6308E+00   max: 0.3384E+01   D at   75  1   RLX: 0.443
       a =  1.500      CL =  0.8670
      Cm = -0.2080     CD =  0.00670   =>   CDf =  0.00493    CDp =  0.00177

 Side 1  free  transition at x/c =  0.7055   57
 Side 2  free  transition at x/c =  0.8020   69

  44   rms: 0.1952E+00   max: -.5801E+00   D at   88  2   RLX: 0.636
       a =  1.500      CL =  0.8715
      Cm = -0.1710     CD =  0.01421   =>   CDf =  0.00542    CDp =  0.00879

 MRCHDU: Convergence failed at  59  side 1    Res =  0.2825E+01
 MRCHDU: Convergence failed at  60  side 1    Res =  0.2921E+02
 MRCHDU: Convergence failed at  61  side 1    Res =  0.6059E+01
 MRCHDU: Convergence failed at  62  side 1    Res =  0.5020E+01
 MRCHDU: Convergence failed at  63  side 1    Res =  0.4421E+01
 MRCHDU: Convergence failed at  64  side 1    Res =  0.6325E+01
 MRCHDU: Convergence failed at  65  side 1    Res =  0.7155E+01
 MRCHDU: Convergence failed at  66  side 1    Res =  0.1927E+02
 MRCHDU: Convergence failed at  67  side 1    Res =  0.1851E+02
 MRCHDU: Convergence failed at  68  side 1    Res =  0.3161E+02
 MRCHDU: Convergence failed at  69  side 1    Res =  0.2691E+03
 MRCHDU: Convergence failed at  70  side 1    Res =  0.5268E+02
 MRCHDU: Convergence failed at  71  side 1    Res =  0.2237E+02
 MRCHDU: Convergence failed at  72  side 1    Res =  0.1510E+02
 MRCHDU: Convergence failed at  73  side 1    Res =  0.1043E+02
 MRCHDU: Convergence failed at  74  side 1    Res =  0.1003E+02
 MRCHDU: Convergence failed at  75  side 1    Res =  0.2083E+02
 Side 1  free  transition at x/c =  0.7274   59
 Side 2  free  transition at x/c =  0.8152   70

  45   rms: 0.6354E+00   max: 0.3370E+01   D at   75  1   RLX: 0.445
       a =  1.500      CL =  0.8679
      Cm = -0.2080     CD =  0.00669   =>   CDf =  0.00489    CDp =  0.00179

 Side 1  free  transition at x/c =  0.7054   57
 Side 2  free  transition at x/c =  0.8049   70

  46   rms: 0.1947E+00   max: -.5788E+00   D at   88  2   RLX: 0.637
       a =  1.500      CL =  0.8686
      Cm = -0.1701     CD =  0.01410   =>   CDf =  0.00541    CDp =  0.00870

 MRCHDU: Convergence failed at  59  side 1    Res =  0.2801E+01
 MRCHDU: Convergence failed at  60  side 1    Res =  0.2858E+02
 MRCHDU: Convergence failed at  61  side 1    Res =  0.6118E+01
 MRCHDU: Convergence failed at  62  side 1    Res =  0.5054E+01
 MRCHDU: Convergence failed at  63  side 1    Res =  0.4445E+01
 MRCHDU: Convergence failed at  64  side 1    Res =  0.6337E+01
 MRCHDU: Convergence failed at  65  side 1    Res =  0.7179E+01
 MRCHDU: Convergence failed at  66  side 1    Res =  0.1897E+02
 MRCHDU: Convergence failed at  67  side 1    Res =  0.1822E+02
 MRCHDU: Convergence failed at  68  side 1    Res =  0.3074E+02
 MRCHDU: Convergence failed at  69  side 1    Res =  0.2157E+03
 MRCHDU: Convergence failed at  70  side 1    Res =  0.5548E+02
 MRCHDU: Convergence failed at  71  side 1    Res =  0.2283E+02
 MRCHDU: Convergence failed at  72  side 1    Res =  0.1534E+02
 MRCHDU: Convergence failed at  73  side 1    Res =  0.1054E+02
 MRCHDU: Convergence failed at  74  side 1    Res =  0.9965E+01
 MRCHDU: Convergence failed at  75  side 1    Res =  0.2062E+02
 Side 1  free  transition at x/c =  0.7273   59
 Side 2  free  transition at x/c =  0.8112   70

  47   rms: 0.6271E+00   max: 0.3385E+01   D at   75  1   RLX: 0.443
       a =  1.500      CL =  0.8676
      Cm = -0.2084     CD =  0.00674   =>   CDf =  0.00492    CDp =  0.00182

 Side 1  free  transition at x/c =  0.7054   57
 Side 2  free  transition at x/c =  0.8032   69

  48   rms: 0.1952E+00   max: -.5799E+00   D at   88  2   RLX: 0.639
       a =  1.500      CL =  0.8718
      Cm = -0.1710     CD =  0.01422   =>   CDf =  0.00541    CDp =  0.00881

 MRCHDU: Convergence failed at  59  side 1    Res =  0.2792E+01
 MRCHDU: Convergence failed at  60  side 1    Res =  0.2911E+02
 MRCHDU: Convergence failed at  61  side 1    Res =  0.6118E+01
 MRCHDU: Convergence failed at  62  side 1    Res =  0.5052E+01
 MRCHDU: Convergence failed at  63  side 1    Res =  0.4441E+01
 MRCHDU: Convergence failed at  64  side 1    Res =  0.6336E+01
 MRCHDU: Convergence failed at  65  side 1    Res =  0.7178E+01
 MRCHDU: Convergence failed at  66  side 1    Res =  0.1846E+02
 MRCHDU: Convergence failed at  67  side 1    Res =  0.1777E+02
 MRCHDU: Convergence failed at  68  side 1    Res =  0.2947E+02
 MRCHDU: Convergence failed at  69  side 1    Res =  0.1668E+03
 MRCHDU: Convergence failed at  70  side 1    Res =  0.5997E+02
 MRCHDU: Convergence failed at  71  side 1    Res =  0.2344E+02
 MRCHDU: Convergence failed at  72  side 1    Res =  0.1514E+02
 MRCHDU: Convergence failed at  73  side 1    Res =  0.1064E+02
 MRCHDU: Convergence failed at  74  side 1    Res =  0.9821E+01
 MRCHDU: Convergence failed at  75  side 1    Res =  0.1985E+02
 Side 1  free  transition at x/c =  0.7273   59
 Side 2  free  transition at x/c =  0.8169   70

  49   rms: 0.6375E+00   max: 0.3361E+01   D at   75  1   RLX: 0.446
       a =  1.500      CL =  0.8678
      Cm = -0.2077     CD =  0.00668   =>   CDf =  0.00487    CDp =  0.00180

 Side 1  free  transition at x/c =  0.7054   57
 Side 2  free  transition at x/c =  0.8065   70

  50   rms: 0.1947E+00   max: -.5778E+00   D at   88  2   RLX: 0.640
       a =  1.500      CL =  0.8684
      Cm = -0.1699     CD =  0.01411   =>   CDf =  0.00539    CDp =  0.00872

 MRCHDU: Convergence failed at  59  side 1    Res =  0.2835E+01
 MRCHDU: Convergence failed at  60  side 1    Res =  0.2980E+02
 MRCHDU: Convergence failed at  61  side 1    Res =  0.6151E+01
 MRCHDU: Convergence failed at  62  side 1    Res =  0.5079E+01
 MRCHDU: Convergence failed at  63  side 1    Res =  0.4463E+01
 MRCHDU: Convergence failed at  64  side 1    Res =  0.6350E+01
 MRCHDU: Convergence failed at  65  side 1    Res =  0.7207E+01
 MRCHDU: Convergence failed at  66  side 1    Res =  0.1829E+02
 MRCHDU: Convergence failed at  67  side 1    Res =  0.1759E+02
 MRCHDU: Convergence failed at  68  side 1    Res =  0.2895E+02
 MRCHDU: Convergence failed at  69  side 1    Res =  0.1510E+03
 MRCHDU: Convergence failed at  70  side 1    Res =  0.6251E+02
 MRCHDU: Convergence failed at  71  side 1    Res =  0.2381E+02
 MRCHDU: Convergence failed at  72  side 1    Res =  0.1531E+02
 MRCHDU: Convergence failed at  73  side 1    Res =  0.1074E+02
 MRCHDU: Convergence failed at  74  side 1    Res =  0.9773E+01
 MRCHDU: Convergence failed at  75  side 1    Res =  0.1989E+02
 Side 1  free  transition at x/c =  0.7273   59
 Side 2  free  transition at x/c =  0.8119   70

  51   rms: 0.6286E+00   max: 0.3382E+01   D at   75  1   RLX: 0.444
       a =  1.500      CL =  0.8675
      Cm = -0.2083     CD =  0.00672   =>   CDf =  0.00491    CDp =  0.00181

 Side 1  free  transition at x/c =  0.7054   57
 Side 2  free  transition at x/c =  0.8035   69

  52   rms: 0.1953E+00   max: -.5796E+00   D at   88  2   RLX: 0.640
       a =  1.500      CL =  0.8719
      Cm = -0.1710     CD =  0.01422   =>   CDf =  0.00541    CDp =  0.00881

 MRCHDU: Convergence failed at  59  side 1    Res =  0.2806E+01
 MRCHDU: Convergence failed at  60  side 1    Res =  0.2969E+02
 MRCHDU: Convergence failed at  61  side 1    Res =  0.6128E+01
 MRCHDU: Convergence failed at  62  side 1    Res =  0.5059E+01
 MRCHDU: Convergence failed at  63  side 1    Res =  0.4447E+01
 MRCHDU: Convergence failed at  64  side 1    Res =  0.6341E+01
 MRCHDU: Convergence failed at  65  side 1    Res =  0.7188E+01
 MRCHDU: Convergence failed at  66  side 1    Res =  0.1821E+02
 MRCHDU: Convergence failed at  67  side 1    Res =  0.1754E+02
 MRCHDU: Convergence failed at  68  side 1    Res =  0.2883E+02
 MRCHDU: Convergence failed at  69  side 1    Res =  0.1483E+03
 MRCHDU: Convergence failed at  70  side 1    Res =  0.6284E+02
 MRCHDU: Convergence failed at  71  side 1    Res =  0.2381E+02
 MRCHDU: Convergence failed at  72  side 1    Res =  0.1529E+02
 MRCHDU: Convergence failed at  73  side 1    Res =  0.1072E+02
 MRCHDU: Convergence failed at  74  side 1    Res =  0.9748E+01
 MRCHDU: Convergence failed at  75  side 1    Res =  0.1959E+02
 Side 1  free  transition at x/c =  0.7273   59
 Side 2  free  transition at x/c =  0.8162   70

  53   rms: 0.6308E+00   max: 0.3384E+01   D at   75  1   RLX: 0.443
       a =  1.500      CL =  0.8670
      Cm = -0.2080     CD =  0.00670   =>   CDf =  0.00493    CDp =  0.00177

 Side 1  free  transition at x/c =  0.7055   57
 Side 2  free  transition at x/c =  0.8020   69

  54   rms: 0.1952E+00   max: -.5801E+00   D at   88  2   RLX: 0.636
       a =  1.500      CL =  0.8715
      Cm = -0.1710     CD =  0.01421   =>   CDf =  0.00542    CDp =  0.00879

 MRCHDU: Convergence failed at  59  side 1    Res =  0.2825E+01
 MRCHDU: Convergence failed at  60  side 1    Res =  0.2922E+02
 MRCHDU: Convergence failed at  61  side 1    Res =  0.6059E+01
 MRCHDU: Convergence failed at  62  side 1    Res =  0.5020E+01
 MRCHDU: Convergence failed at  63  side 1    Res =  0.4421E+01
 MRCHDU: Convergence failed at  64  side 1    Res =  0.6325E+01
 MRCHDU: Convergence failed at  65  side 1    Res =  0.7155E+01
 MRCHDU: Convergence failed at  66  side 1    Res =  0.1926E+02
 MRCHDU: Convergence failed at  67  side 1    Res =  0.1851E+02
 MRCHDU: Convergence failed at  68  side 1    Res =  0.3160E+02
 MRCHDU: Convergence failed at  69  side 1    Res =  0.2682E+03
 MRCHDU: Convergence failed at  70  side 1    Res =  0.5271E+02
 MRCHDU: Convergence failed at  71  side 1    Res =  0.2238E+02
 MRCHDU: Convergence failed at  72  side 1    Res =  0.1510E+02
 MRCHDU: Convergence failed at  73  side 1    Res =  0.1043E+02
 MRCHDU: Convergence failed at  74  side 1    Res =  0.1003E+02
 MRCHDU: Convergence failed at  75  side 1    Res =  0.2083E+02
 Side 1  free  transition at x/c =  0.7274   59
 Side 2  free  transition at x/c =  0.8152   70

  55   rms: 0.6354E+00   max: 0.3370E+01   D at   75  1   RLX: 0.445
       a =  1.500      CL =  0.8679
      Cm = -0.2080     CD =  0.00669   =>   CDf =  0.00489    CDp =  0.00179

 Side 1  free  transition at x/c =  0.7054   57
 Side 2  free  transition at x/c =  0.8049   70

  56   rms: 0.1947E+00   max: -.5788E+00   D at   88  2   RLX: 0.637
       a =  1.500      CL =  0.8686
      Cm = -0.1701     CD =  0.01410   =>   CDf =  0.00541    CDp =  0.00870

 MRCHDU: Convergence failed at  59  side 1    Res =  0.2801E+01
 MRCHDU: Convergence failed at  60  side 1    Res =  0.2858E+02
 MRCHDU: Convergence failed at  61  side 1    Res =  0.6118E+01
 MRCHDU: Convergence failed at  62  side 1    Res =  0.5054E+01
 MRCHDU: Convergence failed at  63  side 1    Res =  0.4445E+01
 MRCHDU: Convergence failed at  64  side 1    Res =  0.6337E+01
 MRCHDU: Convergence failed at  65  side 1    Res =  0.7179E+01
 MRCHDU: Convergence failed at  66  side 1    Res =  0.1897E+02
 MRCHDU: Convergence failed at  67  side 1    Res =  0.1822E+02
 MRCHDU: Convergence failed at  68  side 1    Res =  0.3073E+02
 MRCHDU: Convergence failed at  69  side 1    Res =  0.2155E+03
 MRCHDU: Convergence failed at  70  side 1    Res =  0.5549E+02
 MRCHDU: Convergence failed at  71  side 1    Res =  0.2283E+02
 MRCHDU: Convergence failed at  72  side 1    Res =  0.1534E+02
 MRCHDU: Convergence failed at  73  side 1    Res =  0.1054E+02
 MRCHDU: Convergence failed at  74  side 1    Res =  0.9965E+01
 MRCHDU: Convergence failed at  75  side 1    Res =  0.2062E+02
 Side 1  free  transition at x/c =  0.7273   59
 Side 2  free  transition at x/c =  0.8112   70

  57   rms: 0.6271E+00   max: 0.3385E+01   D at   75  1   RLX: 0.443
       a =  1.500      CL =  0.8676
      Cm = -0.2084     CD =  0.00674   =>   CDf =  0.00492    CDp =  0.00182

 Side 1  free  transition at x/c =  0.7054   57
 Side 2  free  transition at x/c =  0.8032   69

  58   rms: 0.1952E+00   max: -.5799E+00   D at   88  2   RLX: 0.639
       a =  1.500      CL =  0.8718
      Cm = -0.1710     CD =  0.01422   =>   CDf =  0.00541    CDp =  0.00881

 MRCHDU: Convergence failed at  59  side 1    Res =  0.2792E+01
 MRCHDU: Convergence failed at  60  side 1    Res =  0.2911E+02
 MRCHDU: Convergence failed at  61  side 1    Res =  0.6118E+01
 MRCHDU: Convergence failed at  62  side 1    Res =  0.5051E+01
 MRCHDU: Convergence failed at  63  side 1    Res =  0.4441E+01
 MRCHDU: Convergence failed at  64  side 1    Res =  0.6336E+01
 MRCHDU: Convergence failed at  65  side 1    Res =  0.7177E+01
 MRCHDU: Convergence failed at  66  side 1    Res =  0.1846E+02
 MRCHDU: Convergence failed at  67  side 1    Res =  0.1778E+02
 MRCHDU: Convergence failed at  68  side 1    Res =  0.2948E+02
 MRCHDU: Convergence failed at  69  side 1    Res =  0.1670E+03
 MRCHDU: Convergence failed at  70  side 1    Res =  0.5995E+02
 MRCHDU: Convergence failed at  71  side 1    Res =  0.2344E+02
 MRCHDU: Convergence failed at  72  side 1    Res =  0.1514E+02
 MRCHDU: Convergence failed at  73  side 1    Res =  0.1064E+02
 MRCHDU: Convergence failed at  74  side 1    Res =  0.9820E+01
 MRCHDU: Convergence failed at  75  side 1    Res =  0.1985E+02
 Side 1  free  transition at x/c =  0.7273   59
 Side 2  free  transition at x/c =  0.8169   70

  59   rms: 0.6375E+00   max: 0.3361E+01   D at   75  1   RLX: 0.446
       a =  1.500      CL =  0.8678
      Cm = -0.2077     CD =  0.00668   =>   CDf =  0.00487    CDp =  0.00180

 Side 1  free  transition at x/c =  0.7054   57
 Side 2  free  transition at x/c =  0.8065   70

  60   rms: 0.1947E+00   max: -.5778E+00   D at   88  2   RLX: 0.640
       a =  1.500      CL =  0.8684
      Cm = -0.1699     CD =  0.01411   =>   CDf =  0.00539    CDp =  0.00872

 MRCHDU: Convergence failed at  59  side 1    Res =  0.2835E+01
 MRCHDU: Convergence failed at  60  side 1    Res =  0.2979E+02
 MRCHDU: Convergence failed at  61  side 1    Res =  0.6151E+01
 MRCHDU: Convergence failed at  62  side 1    Res =  0.5078E+01
 MRCHDU: Convergence failed at  63  side 1    Res =  0.4463E+01
 MRCHDU: Convergence failed at  64  side 1    Res =  0.6350E+01
 MRCHDU: Convergence failed at  65  side 1    Res =  0.7207E+01
 MRCHDU: Convergence failed at  66  side 1    Res =  0.1829E+02
 MRCHDU: Convergence failed at  67  side 1    Res =  0.1759E+02
 MRCHDU: Convergence failed at  68  side 1    Res =  0.2896E+02
 MRCHDU: Convergence failed at  69  side 1    Res =  0.1511E+03
 MRCHDU: Convergence failed at  70  side 1    Res =  0.6249E+02
 MRCHDU: Convergence failed at  71  side 1    Res =  0.2381E+02
 MRCHDU: Convergence failed at  72  side 1    Res =  0.1531E+02
 MRCHDU: Convergence failed at  73  side 1    Res =  0.1074E+02
 MRCHDU: Convergence failed at  74  side 1    Res =  0.9773E+01
 MRCHDU: Convergence failed at  75  side 1    Res =  0.1989E+02
 Side 1  free  transition at x/c =  0.7273   59
 Side 2  free  transition at x/c =  0.8119   70

  61   rms: 0.6286E+00   max: 0.3382E+01   D at   75  1   RLX: 0.444
       a =  1.500      CL =  0.8675
      Cm = -0.2083     CD =  0.00672   =>   CDf =  0.00491    CDp =  0.00181

 Side 1  free  transition at x/c =  0.7054   57
 Side 2  free  transition at x/c =  0.8035   69

  62   rms: 0.1953E+00   max: -.5796E+00   D at   88  2   RLX: 0.640
       a =  1.500      CL =  0.8718
      Cm = -0.1710     CD =  0.01422   =>   CDf =  0.00541    CDp =  0.00881

 MRCHDU: Convergence failed at  59  side 1    Res =  0.2805E+01
 MRCHDU: Convergence failed at  60  side 1    Res =  0.2970E+02
 MRCHDU: Convergence failed at  61  side 1    Res =  0.6128E+01
 MRCHDU: Convergence failed at  62  side 1    Res =  0.5059E+01
 MRCHDU: Convergence failed at  63  side 1    Res =  0.4447E+01
 MRCHDU: Convergence failed at  64  side 1    Res =  0.6341E+01
 MRCHDU: Convergence failed at  65  side 1    Res =  0.7188E+01
 MRCHDU: Convergence failed at  66  side 1    Res =  0.1821E+02
 MRCHDU: Convergence failed at  67  side 1    Res =  0.1754E+02
 MRCHDU: Convergence failed at  68  side 1    Res =  0.2882E+02
 MRCHDU: Convergence failed at  69  side 1    Res =  0.1480E+03
 MRCHDU: Convergence failed at  70  side 1    Res =  0.6288E+02
 MRCHDU: Convergence failed at  71  side 1    Res =  0.2382E+02
 MRCHDU: Convergence failed at  72  side 1    Res =  0.1530E+02
 MRCHDU: Convergence failed at  73  side 1    Res =  0.1072E+02
 MRCHDU: Convergence failed at  74  side 1    Res =  0.9748E+01
 MRCHDU: Convergence failed at  75  side 1    Res =  0.1958E+02
 Side 1  free  transition at x/c =  0.7273   59
 Side 2  free  transition at x/c =  0.8162   70

  63   rms: 0.6308E+00   max: 0.3384E+01   D at   75  1   RLX: 0.443
       a =  1.500      CL =  0.8670
      Cm = -0.2080     CD =  0.00670   =>   CDf =  0.00493    CDp =  0.00177

 Side 1  free  transition at x/c =  0.7055   57
 Side 2  free  transition at x/c =  0.8020   69

  64   rms: 0.1952E+00   max: -.5801E+00   D at   88  2   RLX: 0.636
       a =  1.500      CL =  0.8715
      Cm = -0.1710     CD =  0.01421   =>   CDf =  0.00542    CDp =  0.00879

 MRCHDU: Convergence failed at  59  side 1    Res =  0.2825E+01
 MRCHDU: Convergence failed at  60  side 1    Res =  0.2921E+02
 MRCHDU: Convergence failed at  61  side 1    Res =  0.6059E+01
 MRCHDU: Convergence failed at  62  side 1    Res =  0.5020E+01
 MRCHDU: Convergence failed at  63  side 1    Res =  0.4421E+01
 MRCHDU: Convergence failed at  64  side 1    Res =  0.6325E+01
 MRCHDU: Convergence failed at  65  side 1    Res =  0.7155E+01
 MRCHDU: Convergence failed at  66  side 1    Res =  0.1927E+02
 MRCHDU: Convergence failed at  67  side 1    Res =  0.1851E+02
 MRCHDU: Convergence failed at  68  side 1    Res =  0.3162E+02
 MRCHDU: Convergence failed at  69  side 1    Res =  0.2692E+03
 MRCHDU: Convergence failed at  70  side 1    Res =  0.5267E+02
 MRCHDU: Convergence failed at  71  side 1    Res =  0.2237E+02
 MRCHDU: Convergence failed at  72  side 1    Res =  0.1510E+02
 MRCHDU: Convergence failed at  73  side 1    Res =  0.1043E+02
 MRCHDU: Convergence failed at  74  side 1    Res =  0.1003E+02
 MRCHDU: Convergence failed at  75  side 1    Res =  0.2083E+02
 Side 1  free  transition at x/c =  0.7274   59
 Side 2  free  transition at x/c =  0.8152   70

  65   rms: 0.6354E+00   max: 0.3370E+01   D at   75  1   RLX: 0.445
       a =  1.500      CL =  0.8679
      Cm = -0.2080     CD =  0.00669   =>   CDf =  0.00489    CDp =  0.00179

 Side 1  free  transition at x/c =  0.7054   57
 Side 2  free  transition at x/c =  0.8049   70

  66   rms: 0.1947E+00   max: -.5788E+00   D at   88  2   RLX: 0.637
       a =  1.500      CL =  0.8686
      Cm = -0.1701     CD =  0.01410   =>   CDf =  0.00541    CDp =  0.00870

 MRCHDU: Convergence failed at  59  side 1    Res =  0.2801E+01
 MRCHDU: Convergence failed at  60  side 1    Res =  0.2858E+02
 MRCHDU: Convergence failed at  61  side 1    Res =  0.6118E+01
 MRCHDU: Convergence failed at  62  side 1    Res =  0.5054E+01
 MRCHDU: Convergence failed at  63  side 1    Res =  0.4445E+01
 MRCHDU: Convergence failed at  64  side 1    Res =  0.6337E+01
 MRCHDU: Convergence failed at  65  side 1    Res =  0.7180E+01
 MRCHDU: Convergence failed at  66  side 1    Res =  0.1897E+02
 MRCHDU: Convergence failed at  67  side 1    Res =  0.1822E+02
 MRCHDU: Convergence failed at  68  side 1    Res =  0.3074E+02
 MRCHDU: Convergence failed at  69  side 1    Res =  0.2156E+03
 MRCHDU: Convergence failed at  70  side 1    Res =  0.5549E+02
 MRCHDU: Convergence failed at  71  side 1    Res =  0.2283E+02
 MRCHDU: Convergence failed at  72  side 1    Res =  0.1534E+02
 MRCHDU: Convergence failed at  73  side 1    Res =  0.1054E+02
 MRCHDU: Convergence failed at  74  side 1    Res =  0.9965E+01
 MRCHDU: Convergence failed at  75  side 1    Res =  0.2061E+02
 Side 1  free  transition at x/c =  0.7273   59
 Side 2  free  transition at x/c =  0.8112   70

  67   rms: 0.6271E+00   max: 0.3385E+01   D at   75  1   RLX: 0.443
       a =  1.500      CL =  0.8676
      Cm = -0.2084     CD =  0.00674   =>   CDf =  0.00492    CDp =  0.00182

 Side 1  free  transition at x/c =  0.7054   57
 Side 2  free  transition at x/c =  0.8032   69

  68   rms: 0.1952E+00   max: -.5799E+00   D at   88  2   RLX: 0.639
       a =  1.500      CL =  0.8718
      Cm = -0.1710     CD =  0.01422   =>   CDf =  0.00541    CDp =  0.00881

 MRCHDU: Convergence failed at  59  side 1    Res =  0.2792E+01
 MRCHDU: Convergence failed at  60  side 1    Res =  0.2912E+02
 MRCHDU: Convergence failed at  61  side 1    Res =  0.6118E+01
 MRCHDU: Convergence failed at  62  side 1    Res =  0.5051E+01
 MRCHDU: Convergence failed at  63  side 1    Res =  0.4441E+01
 MRCHDU: Convergence failed at  64  side 1    Res =  0.6336E+01
 MRCHDU: Convergence failed at  65  side 1    Res =  0.7177E+01
 MRCHDU: Convergence failed at  66  side 1    Res =  0.1846E+02
 MRCHDU: Convergence failed at  67  side 1    Res =  0.1778E+02
 MRCHDU: Convergence failed at  68  side 1    Res =  0.2948E+02
 MRCHDU: Convergence failed at  69  side 1    Res =  0.1669E+03
 MRCHDU: Convergence failed at  70  side 1    Res =  0.5996E+02
 MRCHDU: Convergence failed at  71  side 1    Res =  0.2344E+02
 MRCHDU: Convergence failed at  72  side 1    Res =  0.1514E+02
 MRCHDU: Convergence failed at  73  side 1    Res =  0.1064E+02
 MRCHDU: Convergence failed at  74  side 1    Res =  0.9821E+01
 MRCHDU: Convergence failed at  75  side 1    Res =  0.1985E+02
 Side 1  free  transition at x/c =  0.7273   59
 Side 2  free  transition at x/c =  0.8169   70

  69   rms: 0.6375E+00   max: 0.3361E+01   D at   75  1   RLX: 0.446
       a =  1.500      CL =  0.8678
      Cm = -0.2077     CD =  0.00668   =>   CDf =  0.00487    CDp =  0.00180

 Side 1  free  transition at x/c =  0.7054   57
 Side 2  free  transition at x/c =  0.8065   70

  70   rms: 0.1947E+00   max: -.5778E+00   D at   88  2   RLX: 0.640
       a =  1.500      CL =  0.8684
      Cm = -0.1699     CD =  0.01411   =>   CDf =  0.00539    CDp =  0.00872

 MRCHDU: Convergence failed at  59  side 1    Res =  0.2835E+01
 MRCHDU: Convergence failed at  60  side 1    Res =  0.2980E+02
 MRCHDU: Convergence failed at  61  side 1    Res =  0.6151E+01
 MRCHDU: Convergence failed at  62  side 1    Res =  0.5078E+01
 MRCHDU: Convergence failed at  63  side 1    Res =  0.4463E+01
 MRCHDU: Convergence failed at  64  side 1    Res =  0.6350E+01
 MRCHDU: Convergence failed at  65  side 1    Res =  0.7207E+01
 MRCHDU: Convergence failed at  66  side 1    Res =  0.1830E+02
 MRCHDU: Convergence failed at  67  side 1    Res =  0.1759E+02
 MRCHDU: Convergence failed at  68  side 1    Res =  0.2896E+02
 MRCHDU: Convergence failed at  69  side 1    Res =  0.1513E+03
 MRCHDU: Convergence failed at  70  side 1    Res =  0.6245E+02
 MRCHDU: Convergence failed at  71  side 1    Res =  0.2380E+02
 MRCHDU: Convergence failed at  72  side 1    Res =  0.1531E+02
 MRCHDU: Convergence failed at  73  side 1    Res =  0.1074E+02
 MRCHDU: Convergence failed at  74  side 1    Res =  0.9775E+01
 MRCHDU: Convergence failed at  75  side 1    Res =  0.1990E+02
 Side 1  free  transition at x/c =  0.7273   59
 Side 2  free  transition at x/c =  0.8119   70

  71   rms: 0.6286E+00   max: 0.3382E+01   D at   75  1   RLX: 0.444
       a =  1.500      CL =  0.8675
      Cm = -0.2083     CD =  0.00672   =>   CDf =  0.00491    CDp =  0.00181

 Side 1  free  transition at x/c =  0.7054   57
 Side 2  free  transition at x/c =  0.8035   69

  72   rms: 0.1953E+00   max: -.5796E+00   D at   88  2   RLX: 0.640
       a =  1.500      CL =  0.8719
      Cm = -0.1710     CD =  0.01422   =>   CDf =  0.00541    CDp =  0.00881

 MRCHDU: Convergence failed at  59  side 1    Res =  0.2805E+01
 MRCHDU: Convergence failed at  60  side 1    Res =  0.2970E+02
 MRCHDU: Convergence failed at  61  side 1    Res =  0.6128E+01
 MRCHDU: Convergence failed at  62  side 1    Res =  0.5059E+01
 MRCHDU: Convergence failed at  63  side 1    Res =  0.4447E+01
 MRCHDU: Convergence failed at  64  side 1    Res =  0.6341E+01
 MRCHDU: Convergence failed at  65  side 1    Res =  0.7188E+01
 MRCHDU: Convergence failed at  66  side 1    Res =  0.1821E+02
 MRCHDU: Convergence failed at  67  side 1    Res =  0.1754E+02
 MRCHDU: Convergence failed at  68  side 1    Res =  0.2882E+02
 MRCHDU: Convergence failed at  69  side 1    Res =  0.1481E+03
 MRCHDU: Convergence failed at  70  side 1    Res =  0.6286E+02
 MRCHDU: Convergence failed at  71  side 1    Res =  0.2382E+02
 MRCHDU: Convergence failed at  72  side 1    Res =  0.1529E+02
 MRCHDU: Convergence failed at  73  side 1    Res =  0.1072E+02
 MRCHDU: Convergence failed at  74  side 1    Res =  0.9748E+01
 MRCHDU: Convergence failed at  75  side 1    Res =  0.1959E+02
 Side 1  free  transition at x/c =  0.7273   59
 Side 2  free  transition at x/c =  0.8162   70

  73   rms: 0.6308E+00   max: 0.3384E+01   D at   75  1   RLX: 0.443
       a =  1.500      CL =  0.8670
      Cm = -0.2080     CD =  0.00670   =>   CDf =  0.00493    CDp =  0.00177

 Side 1  free  transition at x/c =  0.7055   57
 Side 2  free  transition at x/c =  0.8020   69

  74   rms: 0.1952E+00   max: -.5801E+00   D at   88  2   RLX: 0.636
       a =  1.500      CL =  0.8715
      Cm = -0.1710     CD =  0.01421   =>   CDf =  0.00542    CDp =  0.00879

 MRCHDU: Convergence failed at  59  side 1    Res =  0.2825E+01
 MRCHDU: Convergence failed at  60  side 1    Res =  0.2921E+02
 MRCHDU: Convergence failed at  61  side 1    Res =  0.6059E+01
 MRCHDU: Convergence failed at  62  side 1    Res =  0.5020E+01
 MRCHDU: Convergence failed at  63  side 1    Res =  0.4421E+01
 MRCHDU: Convergence failed at  64  side 1    Res =  0.6325E+01
 MRCHDU: Convergence failed at  65  side 1    Res =  0.7155E+01
 MRCHDU: Convergence failed at  66  side 1    Res =  0.1927E+02
 MRCHDU: Convergence failed at  67  side 1    Res =  0.1851E+02
 MRCHDU: Convergence failed at  68  side 1    Res =  0.3161E+02
 MRCHDU: Convergence failed at  69  side 1    Res =  0.2688E+03
 MRCHDU: Convergence failed at  70  side 1    Res =  0.5269E+02
 MRCHDU: Convergence failed at  71  side 1    Res =  0.2237E+02
 MRCHDU: Convergence failed at  72  side 1    Res =  0.1510E+02
 MRCHDU: Convergence failed at  73  side 1    Res =  0.1043E+02
 MRCHDU: Convergence failed at  74  side 1    Res =  0.1003E+02
 MRCHDU: Convergence failed at  75  side 1    Res =  0.2083E+02
 Side 1  free  transition at x/c =  0.7274   59
 Side 2  free  transition at x/c =  0.8152   70

  75   rms: 0.6354E+00   max: 0.3370E+01   D at   75  1   RLX: 0.445
       a =  1.500      CL =  0.8679
      Cm = -0.2080     CD =  0.00669   =>   CDf =  0.00489    CDp =  0.00179

 Side 1  free  transition at x/c =  0.7054   57
 Side 2  free  transition at x/c =  0.8049   70

  76   rms: 0.1947E+00   max: -.5788E+00   D at   88  2   RLX: 0.637
       a =  1.500      CL =  0.8686
      Cm = -0.1701     CD =  0.01410   =>   CDf =  0.00541    CDp =  0.00870

 MRCHDU: Convergence failed at  59  side 1    Res =  0.2801E+01
 MRCHDU: Convergence failed at  60  side 1    Res =  0.2858E+02
 MRCHDU: Convergence failed at  61  side 1    Res =  0.6118E+01
 MRCHDU: Convergence failed at  62  side 1    Res =  0.5054E+01
 MRCHDU: Convergence failed at  63  side 1    Res =  0.4445E+01
 MRCHDU: Convergence failed at  64  side 1    Res =  0.6337E+01
 MRCHDU: Convergence failed at  65  side 1    Res =  0.7180E+01
 MRCHDU: Convergence failed at  66  side 1    Res =  0.1897E+02
 MRCHDU: Convergence failed at  67  side 1    Res =  0.1822E+02
 MRCHDU: Convergence failed at  68  side 1    Res =  0.3073E+02
 MRCHDU: Convergence failed at  69  side 1    Res =  0.2155E+03
 MRCHDU: Convergence failed at  70  side 1    Res =  0.5549E+02
 MRCHDU: Convergence failed at  71  side 1    Res =  0.2283E+02
 MRCHDU: Convergence failed at  72  side 1    Res =  0.1534E+02
 MRCHDU: Convergence failed at  73  side 1    Res =  0.1054E+02
 MRCHDU: Convergence failed at  74  side 1    Res =  0.9965E+01
 MRCHDU: Convergence failed at  75  side 1    Res =  0.2062E+02
 Side 1  free  transition at x/c =  0.7273   59
 Side 2  free  transition at x/c =  0.8112   70

  77   rms: 0.6271E+00   max: 0.3385E+01   D at   75  1   RLX: 0.443
       a =  1.500      CL =  0.8676
      Cm = -0.2084     CD =  0.00674   =>   CDf =  0.00492    CDp =  0.00182

 Side 1  free  transition at x/c =  0.7054   57
 Side 2  free  transition at x/c =  0.8032   69

  78   rms: 0.1952E+00   max: -.5799E+00   D at   88  2   RLX: 0.639
       a =  1.500      CL =  0.8718
      Cm = -0.1710     CD =  0.01422   =>   CDf =  0.00541    CDp =  0.00881

 MRCHDU: Convergence failed at  59  side 1    Res =  0.2793E+01
 MRCHDU: Convergence failed at  60  side 1    Res =  0.2911E+02
 MRCHDU: Convergence failed at  61  side 1    Res =  0.6118E+01
 MRCHDU: Convergence failed at  62  side 1    Res =  0.5051E+01
 MRCHDU: Convergence failed at  63  side 1    Res =  0.4441E+01
 MRCHDU: Convergence failed at  64  side 1    Res =  0.6336E+01
 MRCHDU: Convergence failed at  65  side 1    Res =  0.7177E+01
 MRCHDU: Convergence failed at  66  side 1    Res =  0.1846E+02
 MRCHDU: Convergence failed at  67  side 1    Res =  0.1778E+02
 MRCHDU: Convergence failed at  68  side 1    Res =  0.2948E+02
 MRCHDU: Convergence failed at  69  side 1    Res =  0.1671E+03
 MRCHDU: Convergence failed at  70  side 1    Res =  0.5993E+02
 MRCHDU: Convergence failed at  71  side 1    Res =  0.2343E+02
 MRCHDU: Convergence failed at  72  side 1    Res =  0.1514E+02
 MRCHDU: Convergence failed at  73  side 1    Res =  0.1064E+02
 MRCHDU: Convergence failed at  74  side 1    Res =  0.9822E+01
 MRCHDU: Convergence failed at  75  side 1    Res =  0.1986E+02
 Side 1  free  transition at x/c =  0.7273   59
 Side 2  free  transition at x/c =  0.8169   70

  79   rms: 0.6375E+00   max: 0.3361E+01   D at   75  1   RLX: 0.446
       a =  1.500      CL =  0.8678
      Cm = -0.2077     CD =  0.00668   =>   CDf =  0.00487    CDp =  0.00180

 Side 1  free  transition at x/c =  0.7054   57
 Side 2  free  transition at x/c =  0.8065   70

  80   rms: 0.1947E+00   max: -.5778E+00   D at   88  2   RLX: 0.640
       a =  1.500      CL =  0.8684
      Cm = -0.1699     CD =  0.01411   =>   CDf =  0.00539    CDp =  0.00872

 MRCHDU: Convergence failed at  59  side 1    Res =  0.2835E+01
 MRCHDU: Convergence failed at  60  side 1    Res =  0.2980E+02
 MRCHDU: Convergence failed at  61  side 1    Res =  0.6151E+01
 MRCHDU: Convergence failed at  62  side 1    Res =  0.5078E+01
 MRCHDU: Convergence failed at  63  side 1    Res =  0.4463E+01
 MRCHDU: Convergence failed at  64  side 1    Res =  0.6350E+01
 MRCHDU: Convergence failed at  65  side 1    Res =  0.7207E+01
 MRCHDU: Convergence failed at  66  side 1    Res =  0.1829E+02
 MRCHDU: Convergence failed at  67  side 1    Res =  0.1759E+02
 MRCHDU: Convergence failed at  68  side 1    Res =  0.2896E+02
 MRCHDU: Convergence failed at  69  side 1    Res =  0.1511E+03
 MRCHDU: Convergence failed at  70  side 1    Res =  0.6249E+02
 MRCHDU: Convergence failed at  71  side 1    Res =  0.2381E+02
 MRCHDU: Convergence failed at  72  side 1    Res =  0.1531E+02
 MRCHDU: Convergence failed at  73  side 1    Res =  0.1074E+02
 MRCHDU: Convergence failed at  74  side 1    Res =  0.9773E+01
 MRCHDU: Convergence failed at  75  side 1    Res =  0.1989E+02
 Side 1  free  transition at x/c =  0.7273   59
 Side 2  free  transition at x/c =  0.8119   70

  81   rms: 0.6286E+00   max: 0.3382E+01   D at   75  1   RLX: 0.444
       a =  1.500      CL =  0.8675
      Cm = -0.2083     CD =  0.00672   =>   CDf =  0.00491    CDp =  0.00181

 Side 1  free  transition at x/c =  0.7054   57
 Side 2  free  transition at x/c =  0.8035   69

  82   rms: 0.1953E+00   max: -.5796E+00   D at   88  2   RLX: 0.640
       a =  1.500      CL =  0.8719
      Cm = -0.1710     CD =  0.01422   =>   CDf =  0.00541    CDp =  0.00881

 MRCHDU: Convergence failed at  59  side 1    Res =  0.2805E+01
 MRCHDU: Convergence failed at  60  side 1    Res =  0.2970E+02
 MRCHDU: Convergence failed at  61  side 1    Res =  0.6128E+01
 MRCHDU: Convergence failed at  62  side 1    Res =  0.5059E+01
 MRCHDU: Convergence failed at  63  side 1    Res =  0.4447E+01
 MRCHDU: Convergence failed at  64  side 1    Res =  0.6341E+01
 MRCHDU: Convergence failed at  65  side 1    Res =  0.7188E+01
 MRCHDU: Convergence failed at  66  side 1    Res =  0.1821E+02
 MRCHDU: Convergence failed at  67  side 1    Res =  0.1754E+02
 MRCHDU: Convergence failed at  68  side 1    Res =  0.2882E+02
 MRCHDU: Convergence failed at  69  side 1    Res =  0.1482E+03
 MRCHDU: Convergence failed at  70  side 1    Res =  0.6286E+02
 MRCHDU: Convergence failed at  71  side 1    Res =  0.2382E+02
 MRCHDU: Convergence failed at  72  side 1    Res =  0.1529E+02
 MRCHDU: Convergence failed at  73  side 1    Res =  0.1072E+02
 MRCHDU: Convergence failed at  74  side 1    Res =  0.9749E+01
 MRCHDU: Convergence failed at  75  side 1    Res =  0.1959E+02
 Side 1  free  transition at x/c =  0.7273   59
 Side 2  free  transition at x/c =  0.8162   70

  83   rms: 0.6308E+00   max: 0.3384E+01   D at   75  1   RLX: 0.443
       a =  1.500      CL =  0.8670
      Cm = -0.2080     CD =  0.00670   =>   CDf =  0.00493    CDp =  0.00177

 Side 1  free  transition at x/c =  0.7055   57
 Side 2  free  transition at x/c =  0.8020   69

  84   rms: 0.1952E+00   max: -.5801E+00   D at   88  2   RLX: 0.636
       a =  1.500      CL =  0.8715
      Cm = -0.1710     CD =  0.01421   =>   CDf =  0.00542    CDp =  0.00879

 MRCHDU: Convergence failed at  59  side 1    Res =  0.2825E+01
 MRCHDU: Convergence failed at  60  side 1    Res =  0.2921E+02
 MRCHDU: Convergence failed at  61  side 1    Res =  0.6058E+01
 MRCHDU: Convergence failed at  62  side 1    Res =  0.5020E+01
 MRCHDU: Convergence failed at  63  side 1    Res =  0.4421E+01
 MRCHDU: Convergence failed at  64  side 1    Res =  0.6325E+01
 MRCHDU: Convergence failed at  65  side 1    Res =  0.7155E+01
 MRCHDU: Convergence failed at  66  side 1    Res =  0.1927E+02
 MRCHDU: Convergence failed at  67  side 1    Res =  0.1851E+02
 MRCHDU: Convergence failed at  68  side 1    Res =  0.3162E+02
 MRCHDU: Convergence failed at  69  side 1    Res =  0.2694E+03
 MRCHDU: Convergence failed at  70  side 1    Res =  0.5267E+02
 MRCHDU: Convergence failed at  71  side 1    Res =  0.2237E+02
 MRCHDU: Convergence failed at  72  side 1    Res =  0.1510E+02
 MRCHDU: Convergence failed at  73  side 1    Res =  0.1043E+02
 MRCHDU: Convergence failed at  74  side 1    Res =  0.1003E+02
 MRCHDU: Convergence failed at  75  side 1    Res =  0.2083E+02
 Side 1  free  transition at x/c =  0.7274   59
 Side 2  free  transition at x/c =  0.8152   70

  85   rms: 0.6354E+00   max: 0.3370E+01   D at   75  1   RLX: 0.445
       a =  1.500      CL =  0.8679
      Cm = -0.2080     CD =  0.00669   =>   CDf =  0.00489    CDp =  0.00179

 Side 1  free  transition at x/c =  0.7054   57
 Side 2  free  transition at x/c =  0.8049   70

  86   rms: 0.1947E+00   max: -.5788E+00   D at   88  2   RLX: 0.637
       a =  1.500      CL =  0.8686
      Cm = -0.1701     CD =  0.01410   =>   CDf =  0.00541    CDp =  0.00870

 MRCHDU: Convergence failed at  59  side 1    Res =  0.2801E+01
 MRCHDU: Convergence failed at  60  side 1    Res =  0.2858E+02
 MRCHDU: Convergence failed at  61  side 1    Res =  0.6118E+01
 MRCHDU: Convergence failed at  62  side 1    Res =  0.5054E+01
 MRCHDU: Convergence failed at  63  side 1    Res =  0.4445E+01
 MRCHDU: Convergence failed at  64  side 1    Res =  0.6337E+01
 MRCHDU: Convergence failed at  65  side 1    Res =  0.7179E+01
 MRCHDU: Convergence failed at  66  side 1    Res =  0.1897E+02
 MRCHDU: Convergence failed at  67  side 1    Res =  0.1822E+02
 MRCHDU: Convergence failed at  68  side 1    Res =  0.3074E+02
 MRCHDU: Convergence failed at  69  side 1    Res =  0.2159E+03
 MRCHDU: Convergence failed at  70  side 1    Res =  0.5547E+02
 MRCHDU: Convergence failed at  71  side 1    Res =  0.2282E+02
 MRCHDU: Convergence failed at  72  side 1    Res =  0.1534E+02
 MRCHDU: Convergence failed at  73  side 1    Res =  0.1054E+02
 MRCHDU: Convergence failed at  74  side 1    Res =  0.9966E+01
 MRCHDU: Convergence failed at  75  side 1    Res =  0.2062E+02
 Side 1  free  transition at x/c =  0.7273   59
 Side 2  free  transition at x/c =  0.8112   70

  87   rms: 0.6271E+00   max: 0.3385E+01   D at   75  1   RLX: 0.443
       a =  1.500      CL =  0.8676
      Cm = -0.2084     CD =  0.00674   =>   CDf =  0.00492    CDp =  0.00182

 Side 1  free  transition at x/c =  0.7054   57
 Side 2  free  transition at x/c =  0.8032   69

  88   rms: 0.1952E+00   max: -.5799E+00   D at   88  2   RLX: 0.639
       a =  1.500      CL =  0.8718
      Cm = -0.1710     CD =  0.01422   =>   CDf =  0.00541    CDp =  0.00881

 MRCHDU: Convergence failed at  59  side 1    Res =  0.2792E+01
 MRCHDU: Convergence failed at  60  side 1    Res =  0.2912E+02
 MRCHDU: Convergence failed at  61  side 1    Res =  0.6118E+01
 MRCHDU: Convergence failed at  62  side 1    Res =  0.5051E+01
 MRCHDU: Convergence failed at  63  side 1    Res =  0.4441E+01
 MRCHDU: Convergence failed at  64  side 1    Res =  0.6336E+01
 MRCHDU: Convergence failed at  65  side 1    Res =  0.7177E+01
 MRCHDU: Convergence failed at  66  side 1    Res =  0.1846E+02
 MRCHDU: Convergence failed at  67  side 1    Res =  0.1777E+02
 MRCHDU: Convergence failed at  68  side 1    Res =  0.2947E+02
 MRCHDU: Convergence failed at  69  side 1    Res =  0.1668E+03
 MRCHDU: Convergence failed at  70  side 1    Res =  0.5997E+02
 MRCHDU: Convergence failed at  71  side 1    Res =  0.2344E+02
 MRCHDU: Convergence failed at  72  side 1    Res =  0.1514E+02
 MRCHDU: Convergence failed at  73  side 1    Res =  0.1064E+02
 MRCHDU: Convergence failed at  74  side 1    Res =  0.9820E+01
 MRCHDU: Convergence failed at  75  side 1    Res =  0.1985E+02
 Side 1  free  transition at x/c =  0.7273   59
 Side 2  free  transition at x/c =  0.8169   70

  89   rms: 0.6375E+00   max: 0.3361E+01   D at   75  1   RLX: 0.446
       a =  1.500      CL =  0.8678
      Cm = -0.2077     CD =  0.00668   =>   CDf =  0.00487    CDp =  0.00180

 Side 1  free  transition at x/c =  0.7054   57
 Side 2  free  transition at x/c =  0.8065   70

  90   rms: 0.1947E+00   max: -.5778E+00   D at   88  2   RLX: 0.640
       a =  1.500      CL =  0.8684
      Cm = -0.1699     CD =  0.01411   =>   CDf =  0.00539    CDp =  0.00872

 MRCHDU: Convergence failed at  59  side 1    Res =  0.2835E+01
 MRCHDU: Convergence failed at  60  side 1    Res =  0.2980E+02
 MRCHDU: Convergence failed at  61  side 1    Res =  0.6151E+01
 MRCHDU: Convergence failed at  62  side 1    Res =  0.5078E+01
 MRCHDU: Convergence failed at  63  side 1    Res =  0.4463E+01
 MRCHDU: Convergence failed at  64  side 1    Res =  0.6350E+01
 MRCHDU: Convergence failed at  65  side 1    Res =  0.7207E+01
 MRCHDU: Convergence failed at  66  side 1    Res =  0.1829E+02
 MRCHDU: Convergence failed at  67  side 1    Res =  0.1759E+02
 MRCHDU: Convergence failed at  68  side 1    Res =  0.2896E+02
 MRCHDU: Convergence failed at  69  side 1    Res =  0.1511E+03
 MRCHDU: Convergence failed at  70  side 1    Res =  0.6249E+02
 MRCHDU: Convergence failed at  71  side 1    Res =  0.2381E+02
 MRCHDU: Convergence failed at  72  side 1    Res =  0.1531E+02
 MRCHDU: Convergence failed at  73  side 1    Res =  0.1074E+02
 MRCHDU: Convergence failed at  74  side 1    Res =  0.9773E+01
 MRCHDU: Convergence failed at  75  side 1    Res =  0.1990E+02
 Side 1  free  transition at x/c =  0.7273   59
 Side 2  free  transition at x/c =  0.8119   70

  91   rms: 0.6286E+00   max: 0.3382E+01   D at   75  1   RLX: 0.444
       a =  1.500      CL =  0.8675
      Cm = -0.2083     CD =  0.00672   =>   CDf =  0.00491    CDp =  0.00181

 Side 1  free  transition at x/c =  0.7054   57
 Side 2  free  transition at x/c =  0.8035   69

  92   rms: 0.1953E+00   max: -.5796E+00   D at   88  2   RLX: 0.640
       a =  1.500      CL =  0.8719
      Cm = -0.1710     CD =  0.01422   =>   CDf =  0.00541    CDp =  0.00881

 MRCHDU: Convergence failed at  59  side 1    Res =  0.2805E+01
 MRCHDU: Convergence failed at  60  side 1    Res =  0.2970E+02
 MRCHDU: Convergence failed at  61  side 1    Res =  0.6128E+01
 MRCHDU: Convergence failed at  62  side 1    Res =  0.5059E+01
 MRCHDU: Convergence failed at  63  side 1    Res =  0.4447E+01
 MRCHDU: Convergence failed at  64  side 1    Res =  0.6341E+01
 MRCHDU: Convergence failed at  65  side 1    Res =  0.7188E+01
 MRCHDU: Convergence failed at  66  side 1    Res =  0.1821E+02
 MRCHDU: Convergence failed at  67  side 1    Res =  0.1754E+02
 MRCHDU: Convergence failed at  68  side 1    Res =  0.2883E+02
 MRCHDU: Convergence failed at  69  side 1    Res =  0.1483E+03
 MRCHDU: Convergence failed at  70  side 1    Res =  0.6284E+02
 MRCHDU: Convergence failed at  71  side 1    Res =  0.2382E+02
 MRCHDU: Convergence failed at  72  side 1    Res =  0.1529E+02
 MRCHDU: Convergence failed at  73  side 1    Res =  0.1072E+02
 MRCHDU: Convergence failed at  74  side 1    Res =  0.9748E+01
 MRCHDU: Convergence failed at  75  side 1    Res =  0.1959E+02
 Side 1  free  transition at x/c =  0.7273   59
 Side 2  free  transition at x/c =  0.8162   70

  93   rms: 0.6308E+00   max: 0.3384E+01   D at   75  1   RLX: 0.443
       a =  1.500      CL =  0.8670
      Cm = -0.2080     CD =  0.00670   =>   CDf =  0.00493    CDp =  0.00177

 Side 1  free  transition at x/c =  0.7055   57
 Side 2  free  transition at x/c =  0.8020   69

  94   rms: 0.1952E+00   max: -.5801E+00   D at   88  2   RLX: 0.636
       a =  1.500      CL =  0.8715
      Cm = -0.1710     CD =  0.01421   =>   CDf =  0.00542    CDp =  0.00879

 MRCHDU: Convergence failed at  59  side 1    Res =  0.2825E+01
 MRCHDU: Convergence failed at  60  side 1    Res =  0.2921E+02
 MRCHDU: Convergence failed at  61  side 1    Res =  0.6059E+01
 MRCHDU: Convergence failed at  62  side 1    Res =  0.5020E+01
 MRCHDU: Convergence failed at  63  side 1    Res =  0.4421E+01
 MRCHDU: Convergence failed at  64  side 1    Res =  0.6325E+01
 MRCHDU: Convergence failed at  65  side 1    Res =  0.7155E+01
 MRCHDU: Convergence failed at  66  side 1    Res =  0.1927E+02
 MRCHDU: Convergence failed at  67  side 1    Res =  0.1851E+02
 MRCHDU: Convergence failed at  68  side 1    Res =  0.3162E+02
 MRCHDU: Convergence failed at  69  side 1    Res =  0.2694E+03
 MRCHDU: Convergence failed at  70  side 1    Res =  0.5267E+02
 MRCHDU: Convergence failed at  71  side 1    Res =  0.2237E+02
 MRCHDU: Convergence failed at  72  side 1    Res =  0.1510E+02
 MRCHDU: Convergence failed at  73  side 1    Res =  0.1043E+02
 MRCHDU: Convergence failed at  74  side 1    Res =  0.1003E+02
 MRCHDU: Convergence failed at  75  side 1    Res =  0.2083E+02
 Side 1  free  transition at x/c =  0.7274   59
 Side 2  free  transition at x/c =  0.8152   70

  95   rms: 0.6354E+00   max: 0.3370E+01   D at   75  1   RLX: 0.445
       a =  1.500      CL =  0.8679
      Cm = -0.2080     CD =  0.00669   =>   CDf =  0.00489    CDp =  0.00179

 Side 1  free  transition at x/c =  0.7054   57
 Side 2  free  transition at x/c =  0.8049   70

  96   rms: 0.1947E+00   max: -.5788E+00   D at   88  2   RLX: 0.637
       a =  1.500      CL =  0.8686
      Cm = -0.1701     CD =  0.01410   =>   CDf =  0.00541    CDp =  0.00870

 MRCHDU: Convergence failed at  59  side 1    Res =  0.2801E+01
 MRCHDU: Convergence failed at  60  side 1    Res =  0.2858E+02
 MRCHDU: Convergence failed at  61  side 1    Res =  0.6118E+01
 MRCHDU: Convergence failed at  62  side 1    Res =  0.5054E+01
 MRCHDU: Convergence failed at  63  side 1    Res =  0.4445E+01
 MRCHDU: Convergence failed at  64  side 1    Res =  0.6337E+01
 MRCHDU: Convergence failed at  65  side 1    Res =  0.7179E+01
 MRCHDU: Convergence failed at  66  side 1    Res =  0.1898E+02
 MRCHDU: Convergence failed at  67  side 1    Res =  0.1822E+02
 MRCHDU: Convergence failed at  68  side 1    Res =  0.3075E+02
 MRCHDU: Convergence failed at  69  side 1    Res =  0.2161E+03
 MRCHDU: Convergence failed at  70  side 1    Res =  0.5546E+02
 MRCHDU: Convergence failed at  71  side 1    Res =  0.2282E+02
 MRCHDU: Convergence failed at  72  side 1    Res =  0.1534E+02
 MRCHDU: Convergence failed at  73  side 1    Res =  0.1054E+02
 MRCHDU: Convergence failed at  74  side 1    Res =  0.9966E+01
 MRCHDU: Convergence failed at  75  side 1    Res =  0.2062E+02
 Side 1  free  transition at x/c =  0.7273   59
 Side 2  free  transition at x/c =  0.8112   70

  97   rms: 0.6271E+00   max: 0.3385E+01   D at   75  1   RLX: 0.443
       a =  1.500      CL =  0.8676
      Cm = -0.2084     CD =  0.00674   =>   CDf =  0.00492    CDp =  0.00182

 Side 1  free  transition at x/c =  0.7054   57
 Side 2  free  transition at x/c =  0.8032   69

  98   rms: 0.1952E+00   max: -.5799E+00   D at   88  2   RLX: 0.639
       a =  1.500      CL =  0.8718
      Cm = -0.1710     CD =  0.01422   =>   CDf =  0.00541    CDp =  0.00881

 MRCHDU: Convergence failed at  59  side 1    Res =  0.2792E+01
 MRCHDU: Convergence failed at  60  side 1    Res =  0.2911E+02
 MRCHDU: Convergence failed at  61  side 1    Res =  0.6118E+01
 MRCHDU: Convergence failed at  62  side 1    Res =  0.5052E+01
 MRCHDU: Convergence failed at  63  side 1    Res =  0.4441E+01
 MRCHDU: Convergence failed at  64  side 1    Res =  0.6336E+01
 MRCHDU: Convergence failed at  65  side 1    Res =  0.7178E+01
 MRCHDU: Convergence failed at  66  side 1    Res =  0.1846E+02
 MRCHDU: Convergence failed at  67  side 1    Res =  0.1777E+02
 MRCHDU: Convergence failed at  68  side 1    Res =  0.2947E+02
 MRCHDU: Convergence failed at  69  side 1    Res =  0.1667E+03
 MRCHDU: Convergence failed at  70  side 1    Res =  0.5998E+02
 MRCHDU: Convergence failed at  71  side 1    Res =  0.2344E+02
 MRCHDU: Convergence failed at  72  side 1    Res =  0.1514E+02
 MRCHDU: Convergence failed at  73  side 1    Res =  0.1064E+02
 MRCHDU: Convergence failed at  74  side 1    Res =  0.9820E+01
 MRCHDU: Convergence failed at  75  side 1    Res =  0.1985E+02
 Side 1  free  transition at x/c =  0.7273   59
 Side 2  free  transition at x/c =  0.8169   70

  99   rms: 0.6375E+00   max: 0.3361E+01   D at   75  1   RLX: 0.446
       a =  1.500      CL =  0.8678
      Cm = -0.2077     CD =  0.00668   =>   CDf =  0.00487    CDp =  0.00180

 Side 1  free  transition at x/c =  0.7054   57
 Side 2  free  transition at x/c =  0.8065   70

 100   rms: 0.1947E+00   max: -.5778E+00   D at   88  2   RLX: 0.640
       a =  1.500      CL =  0.8684
      Cm = -0.1699     CD =  0.01411   =>   CDf =  0.00539    CDp =  0.00872

 MRCHDU: Convergence failed at  59  side 1    Res =  0.2835E+01
 MRCHDU: Convergence failed at  60  side 1    Res =  0.2980E+02
 MRCHDU: Convergence failed at  61  side 1    Res =  0.6151E+01
 MRCHDU: Convergence failed at  62  side 1    Res =  0.5079E+01
 MRCHDU: Convergence failed at  63  side 1    Res =  0.4463E+01
 MRCHDU: Convergence failed at  64  side 1    Res =  0.6350E+01
 MRCHDU: Convergence failed at  65  side 1    Res =  0.7207E+01
 MRCHDU: Convergence failed at  66  side 1    Res =  0.1829E+02
 MRCHDU: Convergence failed at  67  side 1    Res =  0.1759E+02
 MRCHDU: Convergence failed at  68  side 1    Res =  0.2895E+02
 MRCHDU: Convergence failed at  69  side 1    Res =  0.1509E+03
 MRCHDU: Convergence failed at  70  side 1    Res =  0.6252E+02
 MRCHDU: Convergence failed at  71  side 1    Res =  0.2381E+02
 MRCHDU: Convergence failed at  72  side 1    Res =  0.1531E+02
 MRCHDU: Convergence failed at  73  side 1    Res =  0.1074E+02
 MRCHDU: Convergence failed at  74  side 1    Res =  0.9773E+01
 MRCHDU: Convergence failed at  75  side 1    Res =  0.1989E+02
 Side 1  free  transition at x/c =  0.7273   59
 Side 2  free  transition at x/c =  0.8119   70

 101   rms: 0.6286E+00   max: 0.3382E+01   D at   75  1   RLX: 0.444
       a =  1.500      CL =  0.8675
      Cm = -0.2083     CD =  0.00672   =>   CDf =  0.00491    CDp =  0.00181

 Side 1  free  transition at x/c =  0.7054   57
 Side 2  free  transition at x/c =  0.8035   69

 102   rms: 0.1953E+00   max: -.5796E+00   D at   88  2   RLX: 0.640
       a =  1.500      CL =  0.8719
      Cm = -0.1710     CD =  0.01422   =>   CDf =  0.00541    CDp =  0.00881

 MRCHDU: Convergence failed at  59  side 1    Res =  0.2805E+01
 MRCHDU: Convergence failed at  60  side 1    Res =  0.2970E+02
 MRCHDU: Convergence failed at  61  side 1    Res =  0.6128E+01
 MRCHDU: Convergence failed at  62  side 1    Res =  0.5059E+01
 MRCHDU: Convergence failed at  63  side 1    Res =  0.4447E+01
 MRCHDU: Convergence failed at  64  side 1    Res =  0.6341E+01
 MRCHDU: Convergence failed at  65  side 1    Res =  0.7188E+01
 MRCHDU: Convergence failed at  66  side 1    Res =  0.1821E+02
 MRCHDU: Convergence failed at  67  side 1    Res =  0.1754E+02
 MRCHDU: Convergence failed at  68  side 1    Res =  0.2882E+02
 MRCHDU: Convergence failed at  69  side 1    Res =  0.1480E+03
 MRCHDU: Convergence failed at  70  side 1    Res =  0.6289E+02
 MRCHDU: Convergence failed at  71  side 1    Res =  0.2382E+02
 MRCHDU: Convergence failed at  72  side 1    Res =  0.1530E+02
 MRCHDU: Convergence failed at  73  side 1    Res =  0.1072E+02
 MRCHDU: Convergence failed at  74  side 1    Res =  0.9747E+01
 MRCHDU: Convergence failed at  75  side 1    Res =  0.1958E+02
 Side 1  free  transition at x/c =  0.7273   59
 Side 2  free  transition at x/c =  0.8162   70

 103   rms: 0.6308E+00   max: 0.3384E+01   D at   75  1   RLX: 0.443
       a =  1.500      CL =  0.8670
      Cm = -0.2080     CD =  0.00670   =>   CDf =  0.00493    CDp =  0.00177

 Side 1  free  transition at x/c =  0.7055   57
 Side 2  free  transition at x/c =  0.8020   69

 104   rms: 0.1952E+00   max: -.5801E+00   D at   88  2   RLX: 0.636
       a =  1.500      CL =  0.8715
      Cm = -0.1710     CD =  0.01421   =>   CDf =  0.00542    CDp =  0.00879

 MRCHDU: Convergence failed at  59  side 1    Res =  0.2825E+01
 MRCHDU: Convergence failed at  60  side 1    Res =  0.2921E+02
 MRCHDU: Convergence failed at  61  side 1    Res =  0.6059E+01
 MRCHDU: Convergence failed at  62  side 1    Res =  0.5020E+01
 MRCHDU: Convergence failed at  63  side 1    Res =  0.4421E+01
 MRCHDU: Convergence failed at  64  side 1    Res =  0.6325E+01
 MRCHDU: Convergence failed at  65  side 1    Res =  0.7155E+01
 MRCHDU: Convergence failed at  66  side 1    Res =  0.1927E+02
 MRCHDU: Convergence failed at  67  side 1    Res =  0.1851E+02
 MRCHDU: Convergence failed at  68  side 1    Res =  0.3161E+02
 MRCHDU: Convergence failed at  69  side 1    Res =  0.2688E+03
 MRCHDU: Convergence failed at  70  side 1    Res =  0.5269E+02
 MRCHDU: Convergence failed at  71  side 1    Res =  0.2237E+02
 MRCHDU: Convergence failed at  72  side 1    Res =  0.1510E+02
 MRCHDU: Convergence failed at  73  side 1    Res =  0.1043E+02
 MRCHDU: Convergence failed at  74  side 1    Res =  0.1003E+02
 MRCHDU: Convergence failed at  75  side 1    Res =  0.2083E+02
 Side 1  free  transition at x/c =  0.7274   59
 Side 2  free  transition at x/c =  0.8152   70

 105   rms: 0.6354E+00   max: 0.3370E+01   D at   75  1   RLX: 0.445
       a =  1.500      CL =  0.8679
      Cm = -0.2080     CD =  0.00669   =>   CDf =  0.00489    CDp =  0.00179

 Side 1  free  transition at x/c =  0.7054   57
 Side 2  free  transition at x/c =  0.8049   70

 106   rms: 0.1947E+00   max: -.5788E+00   D at   88  2   RLX: 0.637
       a =  1.500      CL =  0.8686
      Cm = -0.1701     CD =  0.01410   =>   CDf =  0.00541    CDp =  0.00870

 MRCHDU: Convergence failed at  59  side 1    Res =  0.2801E+01
 MRCHDU: Convergence failed at  60  side 1    Res =  0.2858E+02
 MRCHDU: Convergence failed at  61  side 1    Res =  0.6118E+01
 MRCHDU: Convergence failed at  62  side 1    Res =  0.5054E+01
 MRCHDU: Convergence failed at  63  side 1    Res =  0.4445E+01
 MRCHDU: Convergence failed at  64  side 1    Res =  0.6337E+01
 MRCHDU: Convergence failed at  65  side 1    Res =  0.7179E+01
 MRCHDU: Convergence failed at  66  side 1    Res =  0.1897E+02
 MRCHDU: Convergence failed at  67  side 1    Res =  0.1822E+02
 MRCHDU: Convergence failed at  68  side 1    Res =  0.3073E+02
 MRCHDU: Convergence failed at  69  side 1    Res =  0.2155E+03
 MRCHDU: Convergence failed at  70  side 1    Res =  0.5549E+02
 MRCHDU: Convergence failed at  71  side 1    Res =  0.2283E+02
 MRCHDU: Convergence failed at  72  side 1    Res =  0.1534E+02
 MRCHDU: Convergence failed at  73  side 1    Res =  0.1054E+02
 MRCHDU: Convergence failed at  74  side 1    Res =  0.9965E+01
 MRCHDU: Convergence failed at  75  side 1    Res =  0.2061E+02
 Side 1  free  transition at x/c =  0.7273   59
 Side 2  free  transition at x/c =  0.8112   70

 107   rms: 0.6271E+00   max: 0.3385E+01   D at   75  1   RLX: 0.443
       a =  1.500      CL =  0.8676
      Cm = -0.2084     CD =  0.00674   =>   CDf =  0.00492    CDp =  0.00182

 Side 1  free  transition at x/c =  0.7054   57
 Side 2  free  transition at x/c =  0.8032   69

 108   rms: 0.1952E+00   max: -.5799E+00   D at   88  2   RLX: 0.639
       a =  1.500      CL =  0.8718
      Cm = -0.1710     CD =  0.01422   =>   CDf =  0.00541    CDp =  0.00881

 MRCHDU: Convergence failed at  59  side 1    Res =  0.2792E+01
 MRCHDU: Convergence failed at  60  side 1    Res =  0.2911E+02
 MRCHDU: Convergence failed at  61  side 1    Res =  0.6118E+01
 MRCHDU: Convergence failed at  62  side 1    Res =  0.5051E+01
 MRCHDU: Convergence failed at  63  side 1    Res =  0.4441E+01
 MRCHDU: Convergence failed at  64  side 1    Res =  0.6336E+01
 MRCHDU: Convergence failed at  65  side 1    Res =  0.7177E+01
 MRCHDU: Convergence failed at  66  side 1    Res =  0.1846E+02
 MRCHDU: Convergence failed at  67  side 1    Res =  0.1778E+02
 MRCHDU: Convergence failed at  68  side 1    Res =  0.2948E+02
 MRCHDU: Convergence failed at  69  side 1    Res =  0.1671E+03
 MRCHDU: Convergence failed at  70  side 1    Res =  0.5993E+02
 MRCHDU: Convergence failed at  71  side 1    Res =  0.2343E+02
 MRCHDU: Convergence failed at  72  side 1    Res =  0.1514E+02
 MRCHDU: Convergence failed at  73  side 1    Res =  0.1064E+02
 MRCHDU: Convergence failed at  74  side 1    Res =  0.9822E+01
 MRCHDU: Convergence failed at  75  side 1    Res =  0.1986E+02
 Side 1  free  transition at x/c =  0.7273   59
 Side 2  free  transition at x/c =  0.8169   70

 109   rms: 0.6375E+00   max: 0.3361E+01   D at   75  1   RLX: 0.446
       a =  1.500      CL =  0.8678
      Cm = -0.2077     CD =  0.00668   =>   CDf =  0.00487    CDp =  0.00180

 Side 1  free  transition at x/c =  0.7054   57
 Side 2  free  transition at x/c =  0.8065   70

 110   rms: 0.1947E+00   max: -.5778E+00   D at   88  2   RLX: 0.640
       a =  1.500      CL =  0.8684
      Cm = -0.1699     CD =  0.01411   =>   CDf =  0.00539    CDp =  0.00872

 MRCHDU: Convergence failed at  59  side 1    Res =  0.2835E+01
 MRCHDU: Convergence failed at  60  side 1    Res =  0.2980E+02
 MRCHDU: Convergence failed at  61  side 1    Res =  0.6151E+01
 MRCHDU: Convergence failed at  62  side 1    Res =  0.5078E+01
 MRCHDU: Convergence failed at  63  side 1    Res =  0.4463E+01
 MRCHDU: Convergence failed at  64  side 1    Res =  0.6350E+01
 MRCHDU: Convergence failed at  65  side 1    Res =  0.7207E+01
 MRCHDU: Convergence failed at  66  side 1    Res =  0.1829E+02
 MRCHDU: Convergence failed at  67  side 1    Res =  0.1759E+02
 MRCHDU: Convergence failed at  68  side 1    Res =  0.2896E+02
 MRCHDU: Convergence failed at  69  side 1    Res =  0.1511E+03
 MRCHDU: Convergence failed at  70  side 1    Res =  0.6250E+02
 MRCHDU: Convergence failed at  71  side 1    Res =  0.2381E+02
 MRCHDU: Convergence failed at  72  side 1    Res =  0.1531E+02
 MRCHDU: Convergence failed at  73  side 1    Res =  0.1074E+02
 MRCHDU: Convergence failed at  74  side 1    Res =  0.9772E+01
 MRCHDU: Convergence failed at  75  side 1    Res =  0.1989E+02
 Side 1  free  transition at x/c =  0.7273   59
 Side 2  free  transition at x/c =  0.8119   70

 111   rms: 0.6286E+00   max: 0.3382E+01   D at   75  1   RLX: 0.444
       a =  1.500      CL =  0.8675
      Cm = -0.2083     CD =  0.00672   =>   CDf =  0.00491    CDp =  0.00181

 Side 1  free  transition at x/c =  0.7054   57
 Side 2  free  transition at x/c =  0.8035   69

 112   rms: 0.1953E+00   max: -.5796E+00   D at   88  2   RLX: 0.640
       a =  1.500      CL =  0.8719
      Cm = -0.1710     CD =  0.01422   =>   CDf =  0.00541    CDp =  0.00881

 MRCHDU: Convergence failed at  59  side 1    Res =  0.2805E+01
 MRCHDU: Convergence failed at  60  side 1    Res =  0.2970E+02
 MRCHDU: Convergence failed at  61  side 1    Res =  0.6128E+01
 MRCHDU: Convergence failed at  62  side 1    Res =  0.5059E+01
 MRCHDU: Convergence failed at  63  side 1    Res =  0.4447E+01
 MRCHDU: Convergence failed at  64  side 1    Res =  0.6341E+01
 MRCHDU: Convergence failed at  65  side 1    Res =  0.7188E+01
 MRCHDU: Convergence failed at  66  side 1    Res =  0.1821E+02
 MRCHDU: Convergence failed at  67  side 1    Res =  0.1754E+02
 MRCHDU: Convergence failed at  68  side 1    Res =  0.2882E+02
 MRCHDU: Convergence failed at  69  side 1    Res =  0.1481E+03
 MRCHDU: Convergence failed at  70  side 1    Res =  0.6288E+02
 MRCHDU: Convergence failed at  71  side 1    Res =  0.2382E+02
 MRCHDU: Convergence failed at  72  side 1    Res =  0.1530E+02
 MRCHDU: Convergence failed at  73  side 1    Res =  0.1072E+02
 MRCHDU: Convergence failed at  74  side 1    Res =  0.9748E+01
 MRCHDU: Convergence failed at  75  side 1    Res =  0.1959E+02
 Side 1  free  transition at x/c =  0.7273   59
 Side 2  free  transition at x/c =  0.8162   70

 113   rms: 0.6308E+00   max: 0.3384E+01   D at   75  1   RLX: 0.443
       a =  1.500      CL =  0.8670
      Cm = -0.2080     CD =  0.00670   =>   CDf =  0.00493    CDp =  0.00177

 Side 1  free  transition at x/c =  0.7055   57
 Side 2  free  transition at x/c =  0.8020   69

 114   rms: 0.1952E+00   max: -.5801E+00   D at   88  2   RLX: 0.636
       a =  1.500      CL =  0.8715
      Cm = -0.1710     CD =  0.01421   =>   CDf =  0.00542    CDp =  0.00879

 MRCHDU: Convergence failed at  59  side 1    Res =  0.2825E+01
 MRCHDU: Convergence failed at  60  side 1    Res =  0.2921E+02
 MRCHDU: Convergence failed at  61  side 1    Res =  0.6058E+01
 MRCHDU: Convergence failed at  62  side 1    Res =  0.5020E+01
 MRCHDU: Convergence failed at  63  side 1    Res =  0.4421E+01
 MRCHDU: Convergence failed at  64  side 1    Res =  0.6325E+01
 MRCHDU: Convergence failed at  65  side 1    Res =  0.7155E+01
 MRCHDU: Convergence failed at  66  side 1    Res =  0.1927E+02
 MRCHDU: Convergence failed at  67  side 1    Res =  0.1851E+02
 MRCHDU: Convergence failed at  68  side 1    Res =  0.3161E+02
 MRCHDU: Convergence failed at  69  side 1    Res =  0.2690E+03
 MRCHDU: Convergence failed at  70  side 1    Res =  0.5268E+02
 MRCHDU: Convergence failed at  71  side 1    Res =  0.2237E+02
 MRCHDU: Convergence failed at  72  side 1    Res =  0.1510E+02
 MRCHDU: Convergence failed at  73  side 1    Res =  0.1043E+02
 MRCHDU: Convergence failed at  74  side 1    Res =  0.1003E+02
 MRCHDU: Convergence failed at  75  side 1    Res =  0.2083E+02
 Side 1  free  transition at x/c =  0.7274   59
 Side 2  free  transition at x/c =  0.8152   70

 115   rms: 0.6354E+00   max: 0.3370E+01   D at   75  1   RLX: 0.445
       a =  1.500      CL =  0.8679
      Cm = -0.2080     CD =  0.00669   =>   CDf =  0.00489    CDp =  0.00179

 Side 1  free  transition at x/c =  0.7054   57
 Side 2  free  transition at x/c =  0.8049   70

 116   rms: 0.1947E+00   max: -.5788E+00   D at   88  2   RLX: 0.637
       a =  1.500      CL =  0.8686
      Cm = -0.1701     CD =  0.01410   =>   CDf =  0.00541    CDp =  0.00870

 MRCHDU: Convergence failed at  59  side 1    Res =  0.2801E+01
 MRCHDU: Convergence failed at  60  side 1    Res =  0.2858E+02
 MRCHDU: Convergence failed at  61  side 1    Res =  0.6118E+01
 MRCHDU: Convergence failed at  62  side 1    Res =  0.5054E+01
 MRCHDU: Convergence failed at  63  side 1    Res =  0.4445E+01
 MRCHDU: Convergence failed at  64  side 1    Res =  0.6337E+01
 MRCHDU: Convergence failed at  65  side 1    Res =  0.7179E+01
 MRCHDU: Convergence failed at  66  side 1    Res =  0.1897E+02
 MRCHDU: Convergence failed at  67  side 1    Res =  0.1822E+02
 MRCHDU: Convergence failed at  68  side 1    Res =  0.3073E+02
 MRCHDU: Convergence failed at  69  side 1    Res =  0.2154E+03
 MRCHDU: Convergence failed at  70  side 1    Res =  0.5550E+02
 MRCHDU: Convergence failed at  71  side 1    Res =  0.2283E+02
 MRCHDU: Convergence failed at  72  side 1    Res =  0.1534E+02
 MRCHDU: Convergence failed at  73  side 1    Res =  0.1054E+02
 MRCHDU: Convergence failed at  74  side 1    Res =  0.9964E+01
 MRCHDU: Convergence failed at  75  side 1    Res =  0.2061E+02
 Side 1  free  transition at x/c =  0.7273   59
 Side 2  free  transition at x/c =  0.8112   70

 117   rms: 0.6271E+00   max: 0.3385E+01   D at   75  1   RLX: 0.443
       a =  1.500      CL =  0.8676
      Cm = -0.2084     CD =  0.00674   =>   CDf =  0.00492    CDp =  0.00182

 Side 1  free  transition at x/c =  0.7054   57
 Side 2  free  transition at x/c =  0.8032   69

 118   rms: 0.1952E+00   max: -.5799E+00   D at   88  2   RLX: 0.639
       a =  1.500      CL =  0.8718
      Cm = -0.1710     CD =  0.01422   =>   CDf =  0.00541    CDp =  0.00881

 MRCHDU: Convergence failed at  59  side 1    Res =  0.2792E+01
 MRCHDU: Convergence failed at  60  side 1    Res =  0.2911E+02
 MRCHDU: Convergence failed at  61  side 1    Res =  0.6118E+01
 MRCHDU: Convergence failed at  62  side 1    Res =  0.5052E+01
 MRCHDU: Convergence failed at  63  side 1    Res =  0.4441E+01
 MRCHDU: Convergence failed at  64  side 1    Res =  0.6336E+01
 MRCHDU: Convergence failed at  65  side 1    Res =  0.7178E+01
 MRCHDU: Convergence failed at  66  side 1    Res =  0.1846E+02
 MRCHDU: Convergence failed at  67  side 1    Res =  0.1778E+02
 MRCHDU: Convergence failed at  68  side 1    Res =  0.2948E+02
 MRCHDU: Convergence failed at  69  side 1    Res =  0.1669E+03
 MRCHDU: Convergence failed at  70  side 1    Res =  0.5996E+02
 MRCHDU: Convergence failed at  71  side 1    Res =  0.2344E+02
 MRCHDU: Convergence failed at  72  side 1    Res =  0.1514E+02
 MRCHDU: Convergence failed at  73  side 1    Res =  0.1064E+02
 MRCHDU: Convergence failed at  74  side 1    Res =  0.9822E+01
 MRCHDU: Convergence failed at  75  side 1    Res =  0.1986E+02
 Side 1  free  transition at x/c =  0.7273   59
 Side 2  free  transition at x/c =  0.8169   70

 119   rms: 0.6375E+00   max: 0.3361E+01   D at   75  1   RLX: 0.446
       a =  1.500      CL =  0.8678
      Cm = -0.2077     CD =  0.00668   =>   CDf =  0.00487    CDp =  0.00180

 Side 1  free  transition at x/c =  0.7054   57
 Side 2  free  transition at x/c =  0.8065   70

 120   rms: 0.1947E+00   max: -.5778E+00   D at   88  2   RLX: 0.640
       a =  1.500      CL =  0.8684
      Cm = -0.1699     CD =  0.01411   =>   CDf =  0.00539    CDp =  0.00872

 MRCHDU: Convergence failed at  59  side 1    Res =  0.2835E+01
 MRCHDU: Convergence failed at  60  side 1    Res =  0.2980E+02
 MRCHDU: Convergence failed at  61  side 1    Res =  0.6151E+01
 MRCHDU: Convergence failed at  62  side 1    Res =  0.5078E+01
 MRCHDU: Convergence failed at  63  side 1    Res =  0.4463E+01
 MRCHDU: Convergence failed at  64  side 1    Res =  0.6350E+01
 MRCHDU: Convergence failed at  65  side 1    Res =  0.7207E+01
 MRCHDU: Convergence failed at  66  side 1    Res =  0.1829E+02
 MRCHDU: Convergence failed at  67  side 1    Res =  0.1759E+02
 MRCHDU: Convergence failed at  68  side 1    Res =  0.2896E+02
 MRCHDU: Convergence failed at  69  side 1    Res =  0.1512E+03
 MRCHDU: Convergence failed at  70  side 1    Res =  0.6248E+02
 MRCHDU: Convergence failed at  71  side 1    Res =  0.2381E+02
 MRCHDU: Convergence failed at  72  side 1    Res =  0.1531E+02
 MRCHDU: Convergence failed at  73  side 1    Res =  0.1074E+02
 MRCHDU: Convergence failed at  74  side 1    Res =  0.9773E+01
 MRCHDU: Convergence failed at  75  side 1    Res =  0.1990E+02
 Side 1  free  transition at x/c =  0.7273   59
 Side 2  free  transition at x/c =  0.8119   70

 121   rms: 0.6286E+00   max: 0.3382E+01   D at   75  1   RLX: 0.444
       a =  1.500      CL =  0.8675
      Cm = -0.2083     CD =  0.00672   =>   CDf =  0.00491    CDp =  0.00181

 Side 1  free  transition at x/c =  0.7054   57
 Side 2  free  transition at x/c =  0.8035   69

 122   rms: 0.1953E+00   max: -.5796E+00   D at   88  2   RLX: 0.640
       a =  1.500      CL =  0.8719
      Cm = -0.1710     CD =  0.01422   =>   CDf =  0.00541    CDp =  0.00881

 MRCHDU: Convergence failed at  59  side 1    Res =  0.2805E+01
 MRCHDU: Convergence failed at  60  side 1    Res =  0.2970E+02
 MRCHDU: Convergence failed at  61  side 1    Res =  0.6128E+01
 MRCHDU: Convergence failed at  62  side 1    Res =  0.5059E+01
 MRCHDU: Convergence failed at  63  side 1    Res =  0.4447E+01
 MRCHDU: Convergence failed at  64  side 1    Res =  0.6341E+01
 MRCHDU: Convergence failed at  65  side 1    Res =  0.7188E+01
 MRCHDU: Convergence failed at  66  side 1    Res =  0.1820E+02
 MRCHDU: Convergence failed at  67  side 1    Res =  0.1754E+02
 MRCHDU: Convergence failed at  68  side 1    Res =  0.2882E+02
 MRCHDU: Convergence failed at  69  side 1    Res =  0.1480E+03
 MRCHDU: Convergence failed at  70  side 1    Res =  0.6289E+02
 MRCHDU: Convergence failed at  71  side 1    Res =  0.2382E+02
 MRCHDU: Convergence failed at  72  side 1    Res =  0.1530E+02
 MRCHDU: Convergence failed at  73  side 1    Res =  0.1072E+02
 MRCHDU: Convergence failed at  74  side 1    Res =  0.9747E+01
 MRCHDU: Convergence failed at  75  side 1    Res =  0.1958E+02
 Side 1  free  transition at x/c =  0.7273   59
 Side 2  free  transition at x/c =  0.8162   70

 123   rms: 0.6308E+00   max: 0.3384E+01   D at   75  1   RLX: 0.443
       a =  1.500      CL =  0.8670
      Cm = -0.2080     CD =  0.00670   =>   CDf =  0.00493    CDp =  0.00177

 Side 1  free  transition at x/c =  0.7055   57
 Side 2  free  transition at x/c =  0.8020   69

 124   rms: 0.1952E+00   max: -.5801E+00   D at   88  2   RLX: 0.636
       a =  1.500      CL =  0.8715
      Cm = -0.1710     CD =  0.01421   =>   CDf =  0.00542    CDp =  0.00879

 MRCHDU: Convergence failed at  59  side 1    Res =  0.2825E+01
 MRCHDU: Convergence failed at  60  side 1    Res =  0.2921E+02
 MRCHDU: Convergence failed at  61  side 1    Res =  0.6059E+01
 MRCHDU: Convergence failed at  62  side 1    Res =  0.5020E+01
 MRCHDU: Convergence failed at  63  side 1    Res =  0.4421E+01
 MRCHDU: Convergence failed at  64  side 1    Res =  0.6325E+01
 MRCHDU: Convergence failed at  65  side 1    Res =  0.7155E+01
 MRCHDU: Convergence failed at  66  side 1    Res =  0.1927E+02
 MRCHDU: Convergence failed at  67  side 1    Res =  0.1851E+02
 MRCHDU: Convergence failed at  68  side 1    Res =  0.3161E+02
 MRCHDU: Convergence failed at  69  side 1    Res =  0.2688E+03
 MRCHDU: Convergence failed at  70  side 1    Res =  0.5269E+02
 MRCHDU: Convergence failed at  71  side 1    Res =  0.2237E+02
 MRCHDU: Convergence failed at  72  side 1    Res =  0.1510E+02
 MRCHDU: Convergence failed at  73  side 1    Res =  0.1043E+02
 MRCHDU: Convergence failed at  74  side 1    Res =  0.1003E+02
 MRCHDU: Convergence failed at  75  side 1    Res =  0.2083E+02
 Side 1  free  transition at x/c =  0.7274   59
 Side 2  free  transition at x/c =  0.8152   70

 125   rms: 0.6354E+00   max: 0.3371E+01   D at   75  1   RLX: 0.445
       a =  1.500      CL =  0.8679
      Cm = -0.2080     CD =  0.00669   =>   CDf =  0.00489    CDp =  0.00179

 Side 1  free  transition at x/c =  0.7054   57
 Side 2  free  transition at x/c =  0.8049   70

 126   rms: 0.1947E+00   max: -.5788E+00   D at   88  2   RLX: 0.637
       a =  1.500      CL =  0.8686
      Cm = -0.1701     CD =  0.01410   =>   CDf =  0.00541    CDp =  0.00870

 MRCHDU: Convergence failed at  59  side 1    Res =  0.2801E+01
 MRCHDU: Convergence failed at  60  side 1    Res =  0.2858E+02
 MRCHDU: Convergence failed at  61  side 1    Res =  0.6118E+01
 MRCHDU: Convergence failed at  62  side 1    Res =  0.5054E+01
 MRCHDU: Convergence failed at  63  side 1    Res =  0.4445E+01
 MRCHDU: Convergence failed at  64  side 1    Res =  0.6337E+01
 MRCHDU: Convergence failed at  65  side 1    Res =  0.7179E+01
 MRCHDU: Convergence failed at  66  side 1    Res =  0.1897E+02
 MRCHDU: Convergence failed at  67  side 1    Res =  0.1822E+02
 MRCHDU: Convergence failed at  68  side 1    Res =  0.3074E+02
 MRCHDU: Convergence failed at  69  side 1    Res =  0.2157E+03
 MRCHDU: Convergence failed at  70  side 1    Res =  0.5548E+02
 MRCHDU: Convergence failed at  71  side 1    Res =  0.2283E+02
 MRCHDU: Convergence failed at  72  side 1    Res =  0.1534E+02
 MRCHDU: Convergence failed at  73  side 1    Res =  0.1054E+02
 MRCHDU: Convergence failed at  74  side 1    Res =  0.9965E+01
 MRCHDU: Convergence failed at  75  side 1    Res =  0.2062E+02
 Side 1  free  transition at x/c =  0.7273   59
 Side 2  free  transition at x/c =  0.8112   70

 127   rms: 0.6271E+00   max: 0.3385E+01   D at   75  1   RLX: 0.443
       a =  1.500      CL =  0.8676
      Cm = -0.2084     CD =  0.00674   =>   CDf =  0.00492    CDp =  0.00182

 Side 1  free  transition at x/c =  0.7054   57
 Side 2  free  transition at x/c =  0.8032   69

 128   rms: 0.1952E+00   max: -.5799E+00   D at   88  2   RLX: 0.639
       a =  1.500      CL =  0.8718
      Cm = -0.1710     CD =  0.01422   =>   CDf =  0.00541    CDp =  0.00881

 MRCHDU: Convergence failed at  59  side 1    Res =  0.2792E+01
 MRCHDU: Convergence failed at  60  side 1    Res =  0.2912E+02
 MRCHDU: Convergence failed at  61  side 1    Res =  0.6118E+01
 MRCHDU: Convergence failed at  62  side 1    Res =  0.5052E+01
 MRCHDU: Convergence failed at  63  side 1    Res =  0.4441E+01
 MRCHDU: Convergence failed at  64  side 1    Res =  0.6336E+01
 MRCHDU: Convergence failed at  65  side 1    Res =  0.7178E+01
 MRCHDU: Convergence failed at  66  side 1    Res =  0.1846E+02
 MRCHDU: Convergence failed at  67  side 1    Res =  0.1777E+02
 MRCHDU: Convergence failed at  68  side 1    Res =  0.2947E+02
 MRCHDU: Convergence failed at  69  side 1    Res =  0.1668E+03
 MRCHDU: Convergence failed at  70  side 1    Res =  0.5998E+02
 MRCHDU: Convergence failed at  71  side 1    Res =  0.2344E+02
 MRCHDU: Convergence failed at  72  side 1    Res =  0.1514E+02
 MRCHDU: Convergence failed at  73  side 1    Res =  0.1064E+02
 MRCHDU: Convergence failed at  74  side 1    Res =  0.9820E+01
 MRCHDU: Convergence failed at  75  side 1    Res =  0.1985E+02
 Side 1  free  transition at x/c =  0.7273   59
 Side 2  free  transition at x/c =  0.8169   70

 129   rms: 0.6375E+00   max: 0.3361E+01   D at   75  1   RLX: 0.446
       a =  1.500      CL =  0.8678
      Cm = -0.2077     CD =  0.00668   =>   CDf =  0.00487    CDp =  0.00180

 Side 1  free  transition at x/c =  0.7054   57
 Side 2  free  transition at x/c =  0.8065   70

 130   rms: 0.1947E+00   max: -.5778E+00   D at   88  2   RLX: 0.640
       a =  1.500      CL =  0.8684
      Cm = -0.1699     CD =  0.01411   =>   CDf =  0.00539    CDp =  0.00872

 MRCHDU: Convergence failed at  59  side 1    Res =  0.2835E+01
 MRCHDU: Convergence failed at  60  side 1    Res =  0.2980E+02
 MRCHDU: Convergence failed at  61  side 1    Res =  0.6151E+01
 MRCHDU: Convergence failed at  62  side 1    Res =  0.5079E+01
 MRCHDU: Convergence failed at  63  side 1    Res =  0.4463E+01
 MRCHDU: Convergence failed at  64  side 1    Res =  0.6350E+01
 MRCHDU: Convergence failed at  65  side 1    Res =  0.7207E+01
 MRCHDU: Convergence failed at  66  side 1    Res =  0.1829E+02
 MRCHDU: Convergence failed at  67  side 1    Res =  0.1759E+02
 MRCHDU: Convergence failed at  68  side 1    Res =  0.2895E+02
 MRCHDU: Convergence failed at  69  side 1    Res =  0.1510E+03
 MRCHDU: Convergence failed at  70  side 1    Res =  0.6251E+02
 MRCHDU: Convergence failed at  71  side 1    Res =  0.2381E+02
 MRCHDU: Convergence failed at  72  side 1    Res =  0.1531E+02
 MRCHDU: Convergence failed at  73  side 1    Res =  0.1074E+02
 MRCHDU: Convergence failed at  74  side 1    Res =  0.9772E+01
 MRCHDU: Convergence failed at  75  side 1    Res =  0.1989E+02
 Side 1  free  transition at x/c =  0.7273   59
 Side 2  free  transition at x/c =  0.8119   70

 131   rms: 0.6286E+00   max: 0.3382E+01   D at   75  1   RLX: 0.444
       a =  1.500      CL =  0.8675
      Cm = -0.2083     CD =  0.00672   =>   CDf =  0.00491    CDp =  0.00181

 Side 1  free  transition at x/c =  0.7054   57
 Side 2  free  transition at x/c =  0.8035   69

 132   rms: 0.1953E+00   max: -.5796E+00   D at   88  2   RLX: 0.640
       a =  1.500      CL =  0.8719
      Cm = -0.1710     CD =  0.01422   =>   CDf =  0.00541    CDp =  0.00881

 MRCHDU: Convergence failed at  59  side 1    Res =  0.2805E+01
 MRCHDU: Convergence failed at  60  side 1    Res =  0.2970E+02
 MRCHDU: Convergence failed at  61  side 1    Res =  0.6127E+01
 MRCHDU: Convergence failed at  62  side 1    Res =  0.5059E+01
 MRCHDU: Convergence failed at  63  side 1    Res =  0.4447E+01
 MRCHDU: Convergence failed at  64  side 1    Res =  0.6341E+01
 MRCHDU: Convergence failed at  65  side 1    Res =  0.7188E+01
 MRCHDU: Convergence failed at  66  side 1    Res =  0.1821E+02
 MRCHDU: Convergence failed at  67  side 1    Res =  0.1754E+02
 MRCHDU: Convergence failed at  68  side 1    Res =  0.2883E+02
 MRCHDU: Convergence failed at  69  side 1    Res =  0.1483E+03
 MRCHDU: Convergence failed at  70  side 1    Res =  0.6284E+02
 MRCHDU: Convergence failed at  71  side 1    Res =  0.2382E+02
 MRCHDU: Convergence failed at  72  side 1    Res =  0.1529E+02
 MRCHDU: Convergence failed at  73  side 1    Res =  0.1072E+02
 MRCHDU: Convergence failed at  74  side 1    Res =  0.9748E+01
 MRCHDU: Convergence failed at  75  side 1    Res =  0.1959E+02
 Side 1  free  transition at x/c =  0.7273   59
 Side 2  free  transition at x/c =  0.8162   70

 133   rms: 0.6308E+00   max: 0.3384E+01   D at   75  1   RLX: 0.443
       a =  1.500      CL =  0.8670
      Cm = -0.2080     CD =  0.00670   =>   CDf =  0.00493    CDp =  0.00177

 Side 1  free  transition at x/c =  0.7055   57
 Side 2  free  transition at x/c =  0.8020   69

 134   rms: 0.1952E+00   max: -.5801E+00   D at   88  2   RLX: 0.636
       a =  1.500      CL =  0.8715
      Cm = -0.1710     CD =  0.01421   =>   CDf =  0.00542    CDp =  0.00879

 MRCHDU: Convergence failed at  59  side 1    Res =  0.2825E+01
 MRCHDU: Convergence failed at  60  side 1    Res =  0.2921E+02
 MRCHDU: Convergence failed at  61  side 1    Res =  0.6059E+01
 MRCHDU: Convergence failed at  62  side 1    Res =  0.5020E+01
 MRCHDU: Convergence failed at  63  side 1    Res =  0.4421E+01
 MRCHDU: Convergence failed at  64  side 1    Res =  0.6325E+01
 MRCHDU: Convergence failed at  65  side 1    Res =  0.7155E+01
 MRCHDU: Convergence failed at  66  side 1    Res =  0.1927E+02
 MRCHDU: Convergence failed at  67  side 1    Res =  0.1851E+02
 MRCHDU: Convergence failed at  68  side 1    Res =  0.3162E+02
 MRCHDU: Convergence failed at  69  side 1    Res =  0.2695E+03
 MRCHDU: Convergence failed at  70  side 1    Res =  0.5266E+02
 MRCHDU: Convergence failed at  71  side 1    Res =  0.2237E+02
 MRCHDU: Convergence failed at  72  side 1    Res =  0.1510E+02
 MRCHDU: Convergence failed at  73  side 1    Res =  0.1043E+02
 MRCHDU: Convergence failed at  74  side 1    Res =  0.1003E+02
 MRCHDU: Convergence failed at  75  side 1    Res =  0.2083E+02
 Side 1  free  transition at x/c =  0.7274   59
 Side 2  free  transition at x/c =  0.8152   70

 135   rms: 0.6354E+00   max: 0.3370E+01   D at   75  1   RLX: 0.445
       a =  1.500      CL =  0.8679
      Cm = -0.2080     CD =  0.00669   =>   CDf =  0.00489    CDp =  0.00179

 Side 1  free  transition at x/c =  0.7054   57
 Side 2  free  transition at x/c =  0.8049   70

 136   rms: 0.1947E+00   max: -.5788E+00   D at   88  2   RLX: 0.637
       a =  1.500      CL =  0.8686
      Cm = -0.1701     CD =  0.01410   =>   CDf =  0.00541    CDp =  0.00870

 MRCHDU: Convergence failed at  59  side 1    Res =  0.2801E+01
 MRCHDU: Convergence failed at  60  side 1    Res =  0.2858E+02
 MRCHDU: Convergence failed at  61  side 1    Res =  0.6118E+01
 MRCHDU: Convergence failed at  62  side 1    Res =  0.5054E+01
 MRCHDU: Convergence failed at  63  side 1    Res =  0.4445E+01
 MRCHDU: Convergence failed at  64  side 1    Res =  0.6337E+01
 MRCHDU: Convergence failed at  65  side 1    Res =  0.7180E+01
 MRCHDU: Convergence failed at  66  side 1    Res =  0.1897E+02
 MRCHDU: Convergence failed at  67  side 1    Res =  0.1822E+02
 MRCHDU: Convergence failed at  68  side 1    Res =  0.3074E+02
 MRCHDU: Convergence failed at  69  side 1    Res =  0.2156E+03
 MRCHDU: Convergence failed at  70  side 1    Res =  0.5549E+02
 MRCHDU: Convergence failed at  71  side 1    Res =  0.2283E+02
 MRCHDU: Convergence failed at  72  side 1    Res =  0.1534E+02
 MRCHDU: Convergence failed at  73  side 1    Res =  0.1054E+02
 MRCHDU: Convergence failed at  74  side 1    Res =  0.9965E+01
 MRCHDU: Convergence failed at  75  side 1    Res =  0.2062E+02
 Side 1  free  transition at x/c =  0.7273   59
 Side 2  free  transition at x/c =  0.8112   70

 137   rms: 0.6271E+00   max: 0.3385E+01   D at   75  1   RLX: 0.443
       a =  1.500      CL =  0.8676
      Cm = -0.2084     CD =  0.00674   =>   CDf =  0.00492    CDp =  0.00182

 Side 1  free  transition at x/c =  0.7054   57
 Side 2  free  transition at x/c =  0.8032   69

 138   rms: 0.1952E+00   max: -.5799E+00   D at   88  2   RLX: 0.639
       a =  1.500      CL =  0.8718
      Cm = -0.1710     CD =  0.01422   =>   CDf =  0.00541    CDp =  0.00881

 MRCHDU: Convergence failed at  59  side 1    Res =  0.2792E+01
 MRCHDU: Convergence failed at  60  side 1    Res =  0.2912E+02
 MRCHDU: Convergence failed at  61  side 1    Res =  0.6118E+01
 MRCHDU: Convergence failed at  62  side 1    Res =  0.5051E+01
 MRCHDU: Convergence failed at  63  side 1    Res =  0.4441E+01
 MRCHDU: Convergence failed at  64  side 1    Res =  0.6336E+01
 MRCHDU: Convergence failed at  65  side 1    Res =  0.7178E+01
 MRCHDU: Convergence failed at  66  side 1    Res =  0.1846E+02
 MRCHDU: Convergence failed at  67  side 1    Res =  0.1778E+02
 MRCHDU: Convergence failed at  68  side 1    Res =  0.2948E+02
 MRCHDU: Convergence failed at  69  side 1    Res =  0.1670E+03
 MRCHDU: Convergence failed at  70  side 1    Res =  0.5996E+02
 MRCHDU: Convergence failed at  71  side 1    Res =  0.2344E+02
 MRCHDU: Convergence failed at  72  side 1    Res =  0.1514E+02
 MRCHDU: Convergence failed at  73  side 1    Res =  0.1064E+02
 MRCHDU: Convergence failed at  74  side 1    Res =  0.9821E+01
 MRCHDU: Convergence failed at  75  side 1    Res =  0.1985E+02
 Side 1  free  transition at x/c =  0.7273   59
 Side 2  free  transition at x/c =  0.8169   70

 139   rms: 0.6375E+00   max: 0.3361E+01   D at   75  1   RLX: 0.446
       a =  1.500      CL =  0.8678
      Cm = -0.2077     CD =  0.00668   =>   CDf =  0.00487    CDp =  0.00180

 Side 1  free  transition at x/c =  0.7054   57
 Side 2  free  transition at x/c =  0.8065   70

 140   rms: 0.1947E+00   max: -.5778E+00   D at   88  2   RLX: 0.640
       a =  1.500      CL =  0.8684
      Cm = -0.1699     CD =  0.01411   =>   CDf =  0.00539    CDp =  0.00872

 MRCHDU: Convergence failed at  59  side 1    Res =  0.2835E+01
 MRCHDU: Convergence failed at  60  side 1    Res =  0.2980E+02
 MRCHDU: Convergence failed at  61  side 1    Res =  0.6151E+01
 MRCHDU: Convergence failed at  62  side 1    Res =  0.5078E+01
 MRCHDU: Convergence failed at  63  side 1    Res =  0.4463E+01
 MRCHDU: Convergence failed at  64  side 1    Res =  0.6350E+01
 MRCHDU: Convergence failed at  65  side 1    Res =  0.7207E+01
 MRCHDU: Convergence failed at  66  side 1    Res =  0.1829E+02
 MRCHDU: Convergence failed at  67  side 1    Res =  0.1759E+02
 MRCHDU: Convergence failed at  68  side 1    Res =  0.2896E+02
 MRCHDU: Convergence failed at  69  side 1    Res =  0.1512E+03
 MRCHDU: Convergence failed at  70  side 1    Res =  0.6247E+02
 MRCHDU: Convergence failed at  71  side 1    Res =  0.2381E+02
 MRCHDU: Convergence failed at  72  side 1    Res =  0.1531E+02
 MRCHDU: Convergence failed at  73  side 1    Res =  0.1074E+02
 MRCHDU: Convergence failed at  74  side 1    Res =  0.9774E+01
 MRCHDU: Convergence failed at  75  side 1    Res =  0.1990E+02
 Side 1  free  transition at x/c =  0.7273   59
 Side 2  free  transition at x/c =  0.8119   70

 141   rms: 0.6286E+00   max: 0.3382E+01   D at   75  1   RLX: 0.444
       a =  1.500      CL =  0.8675
      Cm = -0.2083     CD =  0.00672   =>   CDf =  0.00491    CDp =  0.00181

 Side 1  free  transition at x/c =  0.7054   57
 Side 2  free  transition at x/c =  0.8035   69

 142   rms: 0.1953E+00   max: -.5796E+00   D at   88  2   RLX: 0.640
       a =  1.500      CL =  0.8718
      Cm = -0.1710     CD =  0.01422   =>   CDf =  0.00541    CDp =  0.00881

 MRCHDU: Convergence failed at  59  side 1    Res =  0.2805E+01
 MRCHDU: Convergence failed at  60  side 1    Res =  0.2970E+02
 MRCHDU: Convergence failed at  61  side 1    Res =  0.6128E+01
 MRCHDU: Convergence failed at  62  side 1    Res =  0.5059E+01
 MRCHDU: Convergence failed at  63  side 1    Res =  0.4447E+01
 MRCHDU: Convergence failed at  64  side 1    Res =  0.6341E+01
 MRCHDU: Convergence failed at  65  side 1    Res =  0.7188E+01
 MRCHDU: Convergence failed at  66  side 1    Res =  0.1821E+02
 MRCHDU: Convergence failed at  67  side 1    Res =  0.1754E+02
 MRCHDU: Convergence failed at  68  side 1    Res =  0.2882E+02
 MRCHDU: Convergence failed at  69  side 1    Res =  0.1480E+03
 MRCHDU: Convergence failed at  70  side 1    Res =  0.6289E+02
 MRCHDU: Convergence failed at  71  side 1    Res =  0.2382E+02
 MRCHDU: Convergence failed at  72  side 1    Res =  0.1530E+02
 MRCHDU: Convergence failed at  73  side 1    Res =  0.1072E+02
 MRCHDU: Convergence failed at  74  side 1    Res =  0.9748E+01
 MRCHDU: Convergence failed at  75  side 1    Res =  0.1959E+02
 Side 1  free  transition at x/c =  0.7273   59
 Side 2  free  transition at x/c =  0.8162   70

 143   rms: 0.6308E+00   max: 0.3384E+01   D at   75  1   RLX: 0.443
       a =  1.500      CL =  0.8670
      Cm = -0.2080     CD =  0.00670   =>   CDf =  0.00493    CDp =  0.00177

 Side 1  free  transition at x/c =  0.7055   57
 Side 2  free  transition at x/c =  0.8020   69

 144   rms: 0.1952E+00   max: -.5801E+00   D at   88  2   RLX: 0.636
       a =  1.500      CL =  0.8715
      Cm = -0.1710     CD =  0.01421   =>   CDf =  0.00542    CDp =  0.00879

 MRCHDU: Convergence failed at  59  side 1    Res =  0.2825E+01
 MRCHDU: Convergence failed at  60  side 1    Res =  0.2921E+02
 MRCHDU: Convergence failed at  61  side 1    Res =  0.6059E+01
 MRCHDU: Convergence failed at  62  side 1    Res =  0.5020E+01
 MRCHDU: Convergence failed at  63  side 1    Res =  0.4421E+01
 MRCHDU: Convergence failed at  64  side 1    Res =  0.6325E+01
 MRCHDU: Convergence failed at  65  side 1    Res =  0.7155E+01
 MRCHDU: Convergence failed at  66  side 1    Res =  0.1927E+02
 MRCHDU: Convergence failed at  67  side 1    Res =  0.1851E+02
 MRCHDU: Convergence failed at  68  side 1    Res =  0.3161E+02
 MRCHDU: Convergence failed at  69  side 1    Res =  0.2690E+03
 MRCHDU: Convergence failed at  70  side 1    Res =  0.5269E+02
 MRCHDU: Convergence failed at  71  side 1    Res =  0.2237E+02
 MRCHDU: Convergence failed at  72  side 1    Res =  0.1510E+02
 MRCHDU: Convergence failed at  73  side 1    Res =  0.1043E+02
 MRCHDU: Convergence failed at  74  side 1    Res =  0.1003E+02
 MRCHDU: Convergence failed at  75  side 1    Res =  0.2083E+02
 Side 1  free  transition at x/c =  0.7274   59
 Side 2  free  transition at x/c =  0.8152   70

 145   rms: 0.6354E+00   max: 0.3370E+01   D at   75  1   RLX: 0.445
       a =  1.500      CL =  0.8679
      Cm = -0.2080     CD =  0.00669   =>   CDf =  0.00489    CDp =  0.00179

 Side 1  free  transition at x/c =  0.7054   57
 Side 2  free  transition at x/c =  0.8049   70

 146   rms: 0.1947E+00   max: -.5788E+00   D at   88  2   RLX: 0.637
       a =  1.500      CL =  0.8686
      Cm = -0.1701     CD =  0.01410   =>   CDf =  0.00541    CDp =  0.00870

 MRCHDU: Convergence failed at  59  side 1    Res =  0.2801E+01
 MRCHDU: Convergence failed at  60  side 1    Res =  0.2858E+02
 MRCHDU: Convergence failed at  61  side 1    Res =  0.6118E+01
 MRCHDU: Convergence failed at  62  side 1    Res =  0.5054E+01
 MRCHDU: Convergence failed at  63  side 1    Res =  0.4445E+01
 MRCHDU: Convergence failed at  64  side 1    Res =  0.6337E+01
 MRCHDU: Convergence failed at  65  side 1    Res =  0.7179E+01
 MRCHDU: Convergence failed at  66  side 1    Res =  0.1897E+02
 MRCHDU: Convergence failed at  67  side 1    Res =  0.1822E+02
 MRCHDU: Convergence failed at  68  side 1    Res =  0.3074E+02
 MRCHDU: Convergence failed at  69  side 1    Res =  0.2158E+03
 MRCHDU: Convergence failed at  70  side 1    Res =  0.5547E+02
 MRCHDU: Convergence failed at  71  side 1    Res =  0.2283E+02
 MRCHDU: Convergence failed at  72  side 1    Res =  0.1534E+02
 MRCHDU: Convergence failed at  73  side 1    Res =  0.1054E+02
 MRCHDU: Convergence failed at  74  side 1    Res =  0.9965E+01
 MRCHDU: Convergence failed at  75  side 1    Res =  0.2062E+02
 Side 1  free  transition at x/c =  0.7273   59
 Side 2  free  transition at x/c =  0.8112   70

 147   rms: 0.6271E+00   max: 0.3385E+01   D at   75  1   RLX: 0.443
       a =  1.500      CL =  0.8676
      Cm = -0.2084     CD =  0.00674   =>   CDf =  0.00492    CDp =  0.00182

 Side 1  free  transition at x/c =  0.7054   57
 Side 2  free  transition at x/c =  0.8032   69

 148   rms: 0.1952E+00   max: -.5799E+00   D at   88  2   RLX: 0.639
       a =  1.500      CL =  0.8718
      Cm = -0.1710     CD =  0.01422   =>   CDf =  0.00541    CDp =  0.00881

 MRCHDU: Convergence failed at  59  side 1    Res =  0.2792E+01
 MRCHDU: Convergence failed at  60  side 1    Res =  0.2912E+02
 MRCHDU: Convergence failed at  61  side 1    Res =  0.6118E+01
 MRCHDU: Convergence failed at  62  side 1    Res =  0.5051E+01
 MRCHDU: Convergence failed at  63  side 1    Res =  0.4441E+01
 MRCHDU: Convergence failed at  64  side 1    Res =  0.6336E+01
 MRCHDU: Convergence failed at  65  side 1    Res =  0.7178E+01
 MRCHDU: Convergence failed at  66  side 1    Res =  0.1846E+02
 MRCHDU: Convergence failed at  67  side 1    Res =  0.1777E+02
 MRCHDU: Convergence failed at  68  side 1    Res =  0.2947E+02
 MRCHDU: Convergence failed at  69  side 1    Res =  0.1668E+03
 MRCHDU: Convergence failed at  70  side 1    Res =  0.5997E+02
 MRCHDU: Convergence failed at  71  side 1    Res =  0.2344E+02
 MRCHDU: Convergence failed at  72  side 1    Res =  0.1514E+02
 MRCHDU: Convergence failed at  73  side 1    Res =  0.1064E+02
 MRCHDU: Convergence failed at  74  side 1    Res =  0.9820E+01
 MRCHDU: Convergence failed at  75  side 1    Res =  0.1985E+02
 Side 1  free  transition at x/c =  0.7273   59
 Side 2  free  transition at x/c =  0.8169   70

 149   rms: 0.6375E+00   max: 0.3361E+01   D at   75  1   RLX: 0.446
       a =  1.500      CL =  0.8678
      Cm = -0.2077     CD =  0.00668   =>   CDf =  0.00487    CDp =  0.00180

 Side 1  free  transition at x/c =  0.7054   57
 Side 2  free  transition at x/c =  0.8065   70

 150   rms: 0.1947E+00   max: -.5778E+00   D at   88  2   RLX: 0.640
       a =  1.500      CL =  0.8684
      Cm = -0.1699     CD =  0.01411   =>   CDf =  0.00539    CDp =  0.00872

 MRCHDU: Convergence failed at  59  side 1    Res =  0.2835E+01
 MRCHDU: Convergence failed at  60  side 1    Res =  0.2980E+02
 MRCHDU: Convergence failed at  61  side 1    Res =  0.6151E+01
 MRCHDU: Convergence failed at  62  side 1    Res =  0.5078E+01
 MRCHDU: Convergence failed at  63  side 1    Res =  0.4463E+01
 MRCHDU: Convergence failed at  64  side 1    Res =  0.6350E+01
 MRCHDU: Convergence failed at  65  side 1    Res =  0.7207E+01
 MRCHDU: Convergence failed at  66  side 1    Res =  0.1830E+02
 MRCHDU: Convergence failed at  67  side 1    Res =  0.1759E+02
 MRCHDU: Convergence failed at  68  side 1    Res =  0.2897E+02
 MRCHDU: Convergence failed at  69  side 1    Res =  0.1514E+03
 MRCHDU: Convergence failed at  70  side 1    Res =  0.6244E+02
 MRCHDU: Convergence failed at  71  side 1    Res =  0.2380E+02
 MRCHDU: Convergence failed at  72  side 1    Res =  0.1531E+02
 MRCHDU: Convergence failed at  73  side 1    Res =  0.1074E+02
 MRCHDU: Convergence failed at  74  side 1    Res =  0.9774E+01
 MRCHDU: Convergence failed at  75  side 1    Res =  0.1990E+02
 Side 1  free  transition at x/c =  0.7273   59
 Side 2  free  transition at x/c =  0.8119   70

 151   rms: 0.6286E+00   max: 0.3382E+01   D at   75  1   RLX: 0.444
       a =  1.500      CL =  0.8675
      Cm = -0.2083     CD =  0.00672   =>   CDf =  0.00491    CDp =  0.00181

 Side 1  free  transition at x/c =  0.7054   57
 Side 2  free  transition at x/c =  0.8035   69

 152   rms: 0.1953E+00   max: -.5796E+00   D at   88  2   RLX: 0.640
       a =  1.500      CL =  0.8719
      Cm = -0.1710     CD =  0.01422   =>   CDf =  0.00541    CDp =  0.00881

 MRCHDU: Convergence failed at  59  side 1    Res =  0.2805E+01
 MRCHDU: Convergence failed at  60  side 1    Res =  0.2970E+02
 MRCHDU: Convergence failed at  61  side 1    Res =  0.6127E+01
 MRCHDU: Convergence failed at  62  side 1    Res =  0.5059E+01
 MRCHDU: Convergence failed at  63  side 1    Res =  0.4447E+01
 MRCHDU: Convergence failed at  64  side 1    Res =  0.6341E+01
 MRCHDU: Convergence failed at  65  side 1    Res =  0.7188E+01
 MRCHDU: Convergence failed at  66  side 1    Res =  0.1821E+02
 MRCHDU: Convergence failed at  67  side 1    Res =  0.1754E+02
 MRCHDU: Convergence failed at  68  side 1    Res =  0.2883E+02
 MRCHDU: Convergence failed at  69  side 1    Res =  0.1483E+03
 MRCHDU: Convergence failed at  70  side 1    Res =  0.6283E+02
 MRCHDU: Convergence failed at  71  side 1    Res =  0.2382E+02
 MRCHDU: Convergence failed at  72  side 1    Res =  0.1529E+02
 MRCHDU: Convergence failed at  73  side 1    Res =  0.1072E+02
 MRCHDU: Convergence failed at  74  side 1    Res =  0.9748E+01
 MRCHDU: Convergence failed at  75  side 1    Res =  0.1959E+02
 Side 1  free  transition at x/c =  0.7273   59
 Side 2  free  transition at x/c =  0.8162   70

 153   rms: 0.6308E+00   max: 0.3384E+01   D at   75  1   RLX: 0.443
       a =  1.500      CL =  0.8670
      Cm = -0.2080     CD =  0.00670   =>   CDf =  0.00493    CDp =  0.00177

 Side 1  free  transition at x/c =  0.7055   57
 Side 2  free  transition at x/c =  0.8020   69

 154   rms: 0.1952E+00   max: -.5801E+00   D at   88  2   RLX: 0.636
       a =  1.500      CL =  0.8715
      Cm = -0.1710     CD =  0.01421   =>   CDf =  0.00542    CDp =  0.00879

 MRCHDU: Convergence failed at  59  side 1    Res =  0.2825E+01
 MRCHDU: Convergence failed at  60  side 1    Res =  0.2921E+02
 MRCHDU: Convergence failed at  61  side 1    Res =  0.6059E+01
 MRCHDU: Convergence failed at  62  side 1    Res =  0.5020E+01
 MRCHDU: Convergence failed at  63  side 1    Res =  0.4421E+01
 MRCHDU: Convergence failed at  64  side 1    Res =  0.6325E+01
 MRCHDU: Convergence failed at  65  side 1    Res =  0.7155E+01
 MRCHDU: Convergence failed at  66  side 1    Res =  0.1927E+02
 MRCHDU: Convergence failed at  67  side 1    Res =  0.1851E+02
 MRCHDU: Convergence failed at  68  side 1    Res =  0.3161E+02
 MRCHDU: Convergence failed at  69  side 1    Res =  0.2687E+03
 MRCHDU: Convergence failed at  70  side 1    Res =  0.5269E+02
 MRCHDU: Convergence failed at  71  side 1    Res =  0.2237E+02
 MRCHDU: Convergence failed at  72  side 1    Res =  0.1510E+02
 MRCHDU: Convergence failed at  73  side 1    Res =  0.1043E+02
 MRCHDU: Convergence failed at  74  side 1    Res =  0.1003E+02
 MRCHDU: Convergence failed at  75  side 1    Res =  0.2083E+02
 Side 1  free  transition at x/c =  0.7274   59
 Side 2  free  transition at x/c =  0.8152   70

 155   rms: 0.6354E+00   max: 0.3370E+01   D at   75  1   RLX: 0.445
       a =  1.500      CL =  0.8679
      Cm = -0.2080     CD =  0.00669   =>   CDf =  0.00489    CDp =  0.00179

 Side 1  free  transition at x/c =  0.7054   57
 Side 2  free  transition at x/c =  0.8049   70

 156   rms: 0.1947E+00   max: -.5788E+00   D at   88  2   RLX: 0.637
       a =  1.500      CL =  0.8686
      Cm = -0.1701     CD =  0.01410   =>   CDf =  0.00541    CDp =  0.00870

 MRCHDU: Convergence failed at  59  side 1    Res =  0.2801E+01
 MRCHDU: Convergence failed at  60  side 1    Res =  0.2858E+02
 MRCHDU: Convergence failed at  61  side 1    Res =  0.6118E+01
 MRCHDU: Convergence failed at  62  side 1    Res =  0.5054E+01
 MRCHDU: Convergence failed at  63  side 1    Res =  0.4445E+01
 MRCHDU: Convergence failed at  64  side 1    Res =  0.6337E+01
 MRCHDU: Convergence failed at  65  side 1    Res =  0.7179E+01
 MRCHDU: Convergence failed at  66  side 1    Res =  0.1897E+02
 MRCHDU: Convergence failed at  67  side 1    Res =  0.1822E+02
 MRCHDU: Convergence failed at  68  side 1    Res =  0.3074E+02
 MRCHDU: Convergence failed at  69  side 1    Res =  0.2158E+03
 MRCHDU: Convergence failed at  70  side 1    Res =  0.5548E+02
 MRCHDU: Convergence failed at  71  side 1    Res =  0.2283E+02
 MRCHDU: Convergence failed at  72  side 1    Res =  0.1534E+02
 MRCHDU: Convergence failed at  73  side 1    Res =  0.1054E+02
 MRCHDU: Convergence failed at  74  side 1    Res =  0.9965E+01
 MRCHDU: Convergence failed at  75  side 1    Res =  0.2062E+02
 Side 1  free  transition at x/c =  0.7273   59
 Side 2  free  transition at x/c =  0.8112   70

 157   rms: 0.6271E+00   max: 0.3385E+01   D at   75  1   RLX: 0.443
       a =  1.500      CL =  0.8676
      Cm = -0.2084     CD =  0.00674   =>   CDf =  0.00492    CDp =  0.00182

 Side 1  free  transition at x/c =  0.7054   57
 Side 2  free  transition at x/c =  0.8032   69

 158   rms: 0.1952E+00   max: -.5799E+00   D at   88  2   RLX: 0.639
       a =  1.500      CL =  0.8718
      Cm = -0.1710     CD =  0.01422   =>   CDf =  0.00541    CDp =  0.00881

 MRCHDU: Convergence failed at  59  side 1    Res =  0.2792E+01
 MRCHDU: Convergence failed at  60  side 1    Res =  0.2911E+02
 MRCHDU: Convergence failed at  61  side 1    Res =  0.6118E+01
 MRCHDU: Convergence failed at  62  side 1    Res =  0.5051E+01
 MRCHDU: Convergence failed at  63  side 1    Res =  0.4441E+01
 MRCHDU: Convergence failed at  64  side 1    Res =  0.6336E+01
 MRCHDU: Convergence failed at  65  side 1    Res =  0.7178E+01
 MRCHDU: Convergence failed at  66  side 1    Res =  0.1846E+02
 MRCHDU: Convergence failed at  67  side 1    Res =  0.1777E+02
 MRCHDU: Convergence failed at  68  side 1    Res =  0.2947E+02
 MRCHDU: Convergence failed at  69  side 1    Res =  0.1668E+03
 MRCHDU: Convergence failed at  70  side 1    Res =  0.5997E+02
 MRCHDU: Convergence failed at  71  side 1    Res =  0.2344E+02
 MRCHDU: Convergence failed at  72  side 1    Res =  0.1514E+02
 MRCHDU: Convergence failed at  73  side 1    Res =  0.1064E+02
 MRCHDU: Convergence failed at  74  side 1    Res =  0.9821E+01
 MRCHDU: Convergence failed at  75  side 1    Res =  0.1985E+02
 Side 1  free  transition at x/c =  0.7273   59
 Side 2  free  transition at x/c =  0.8169   70

 159   rms: 0.6375E+00   max: 0.3361E+01   D at   75  1   RLX: 0.446
       a =  1.500      CL =  0.8678
      Cm = -0.2077     CD =  0.00668   =>   CDf =  0.00487    CDp =  0.00180

 Side 1  free  transition at x/c =  0.7054   57
 Side 2  free  transition at x/c =  0.8065   70

 160   rms: 0.1947E+00   max: -.5778E+00   D at   88  2   RLX: 0.640
       a =  1.500      CL =  0.8684
      Cm = -0.1699     CD =  0.01411   =>   CDf =  0.00539    CDp =  0.00872

 MRCHDU: Convergence failed at  59  side 1    Res =  0.2835E+01
 MRCHDU: Convergence failed at  60  side 1    Res =  0.2980E+02
 MRCHDU: Convergence failed at  61  side 1    Res =  0.6151E+01
 MRCHDU: Convergence failed at  62  side 1    Res =  0.5078E+01
 MRCHDU: Convergence failed at  63  side 1    Res =  0.4463E+01
 MRCHDU: Convergence failed at  64  side 1    Res =  0.6350E+01
 MRCHDU: Convergence failed at  65  side 1    Res =  0.7207E+01
 MRCHDU: Convergence failed at  66  side 1    Res =  0.1829E+02
 MRCHDU: Convergence failed at  67  side 1    Res =  0.1759E+02
 MRCHDU: Convergence failed at  68  side 1    Res =  0.2896E+02
 MRCHDU: Convergence failed at  69  side 1    Res =  0.1511E+03
 MRCHDU: Convergence failed at  70  side 1    Res =  0.6248E+02
 MRCHDU: Convergence failed at  71  side 1    Res =  0.2381E+02
 MRCHDU: Convergence failed at  72  side 1    Res =  0.1531E+02
 MRCHDU: Convergence failed at  73  side 1    Res =  0.1074E+02
 MRCHDU: Convergence failed at  74  side 1    Res =  0.9773E+01
 MRCHDU: Convergence failed at  75  side 1    Res =  0.1990E+02
 Side 1  free  transition at x/c =  0.7273   59
 Side 2  free  transition at x/c =  0.8119   70

 161   rms: 0.6286E+00   max: 0.3382E+01   D at   75  1   RLX: 0.444
       a =  1.500      CL =  0.8675
      Cm = -0.2083     CD =  0.00672   =>   CDf =  0.00491    CDp =  0.00181

 Side 1  free  transition at x/c =  0.7054   57
 Side 2  free  transition at x/c =  0.8035   69

 162   rms: 0.1953E+00   max: -.5796E+00   D at   88  2   RLX: 0.640
       a =  1.500      CL =  0.8719
      Cm = -0.1710     CD =  0.01422   =>   CDf =  0.00541    CDp =  0.00881

 MRCHDU: Convergence failed at  59  side 1    Res =  0.2805E+01
 MRCHDU: Convergence failed at  60  side 1    Res =  0.2970E+02
 MRCHDU: Convergence failed at  61  side 1    Res =  0.6127E+01
 MRCHDU: Convergence failed at  62  side 1    Res =  0.5059E+01
 MRCHDU: Convergence failed at  63  side 1    Res =  0.4447E+01
 MRCHDU: Convergence failed at  64  side 1    Res =  0.6341E+01
 MRCHDU: Convergence failed at  65  side 1    Res =  0.7188E+01
 MRCHDU: Convergence failed at  66  side 1    Res =  0.1821E+02
 MRCHDU: Convergence failed at  67  side 1    Res =  0.1754E+02
 MRCHDU: Convergence failed at  68  side 1    Res =  0.2883E+02
 MRCHDU: Convergence failed at  69  side 1    Res =  0.1483E+03
 MRCHDU: Convergence failed at  70  side 1    Res =  0.6284E+02
 MRCHDU: Convergence failed at  71  side 1    Res =  0.2382E+02
 MRCHDU: Convergence failed at  72  side 1    Res =  0.1529E+02
 MRCHDU: Convergence failed at  73  side 1    Res =  0.1072E+02
 MRCHDU: Convergence failed at  74  side 1    Res =  0.9748E+01
 MRCHDU: Convergence failed at  75  side 1    Res =  0.1959E+02
 Side 1  free  transition at x/c =  0.7273   59
 Side 2  free  transition at x/c =  0.8162   70

 163   rms: 0.6308E+00   max: 0.3384E+01   D at   75  1   RLX: 0.443
       a =  1.500      CL =  0.8670
      Cm = -0.2080     CD =  0.00670   =>   CDf =  0.00493    CDp =  0.00177

 Side 1  free  transition at x/c =  0.7055   57
 Side 2  free  transition at x/c =  0.8020   69

 164   rms: 0.1952E+00   max: -.5801E+00   D at   88  2   RLX: 0.636
       a =  1.500      CL =  0.8715
      Cm = -0.1710     CD =  0.01421   =>   CDf =  0.00542    CDp =  0.00879

 MRCHDU: Convergence failed at  59  side 1    Res =  0.2825E+01
 MRCHDU: Convergence failed at  60  side 1    Res =  0.2921E+02
 MRCHDU: Convergence failed at  61  side 1    Res =  0.6059E+01
 MRCHDU: Convergence failed at  62  side 1    Res =  0.5020E+01
 MRCHDU: Convergence failed at  63  side 1    Res =  0.4421E+01
 MRCHDU: Convergence failed at  64  side 1    Res =  0.6325E+01
 MRCHDU: Convergence failed at  65  side 1    Res =  0.7155E+01
 MRCHDU: Convergence failed at  66  side 1    Res =  0.1927E+02
 MRCHDU: Convergence failed at  67  side 1    Res =  0.1851E+02
 MRCHDU: Convergence failed at  68  side 1    Res =  0.3162E+02
 MRCHDU: Convergence failed at  69  side 1    Res =  0.2693E+03
 MRCHDU: Convergence failed at  70  side 1    Res =  0.5267E+02
 MRCHDU: Convergence failed at  71  side 1    Res =  0.2237E+02
 MRCHDU: Convergence failed at  72  side 1    Res =  0.1510E+02
 MRCHDU: Convergence failed at  73  side 1    Res =  0.1043E+02
 MRCHDU: Convergence failed at  74  side 1    Res =  0.1003E+02
 MRCHDU: Convergence failed at  75  side 1    Res =  0.2083E+02
 Side 1  free  transition at x/c =  0.7274   59
 Side 2  free  transition at x/c =  0.8152   70

 165   rms: 0.6354E+00   max: 0.3370E+01   D at   75  1   RLX: 0.445
       a =  1.500      CL =  0.8679
      Cm = -0.2080     CD =  0.00669   =>   CDf =  0.00489    CDp =  0.00179

 Side 1  free  transition at x/c =  0.7054   57
 Side 2  free  transition at x/c =  0.8049   70

 166   rms: 0.1947E+00   max: -.5788E+00   D at   88  2   RLX: 0.637
       a =  1.500      CL =  0.8686
      Cm = -0.1701     CD =  0.01410   =>   CDf =  0.00541    CDp =  0.00870

 MRCHDU: Convergence failed at  59  side 1    Res =  0.2801E+01
 MRCHDU: Convergence failed at  60  side 1    Res =  0.2858E+02
 MRCHDU: Convergence failed at  61  side 1    Res =  0.6118E+01
 MRCHDU: Convergence failed at  62  side 1    Res =  0.5054E+01
 MRCHDU: Convergence failed at  63  side 1    Res =  0.4445E+01
 MRCHDU: Convergence failed at  64  side 1    Res =  0.6337E+01
 MRCHDU: Convergence failed at  65  side 1    Res =  0.7179E+01
 MRCHDU: Convergence failed at  66  side 1    Res =  0.1897E+02
 MRCHDU: Convergence failed at  67  side 1    Res =  0.1822E+02
 MRCHDU: Convergence failed at  68  side 1    Res =  0.3073E+02
 MRCHDU: Convergence failed at  69  side 1    Res =  0.2153E+03
 MRCHDU: Convergence failed at  70  side 1    Res =  0.5551E+02
 MRCHDU: Convergence failed at  71  side 1    Res =  0.2283E+02
 MRCHDU: Convergence failed at  72  side 1    Res =  0.1534E+02
 MRCHDU: Convergence failed at  73  side 1    Res =  0.1054E+02
 MRCHDU: Convergence failed at  74  side 1    Res =  0.9964E+01
 MRCHDU: Convergence failed at  75  side 1    Res =  0.2061E+02
 Side 1  free  transition at x/c =  0.7273   59
 Side 2  free  transition at x/c =  0.8112   70

 167   rms: 0.6271E+00   max: 0.3385E+01   D at   75  1   RLX: 0.443
       a =  1.500      CL =  0.8676
      Cm = -0.2084     CD =  0.00674   =>   CDf =  0.00492    CDp =  0.00182

 Side 1  free  transition at x/c =  0.7054   57
 Side 2  free  transition at x/c =  0.8032   69

 168   rms: 0.1952E+00   max: -.5799E+00   D at   88  2   RLX: 0.639
       a =  1.500      CL =  0.8718
      Cm = -0.1710     CD =  0.01422   =>   CDf =  0.00541    CDp =  0.00881

 MRCHDU: Convergence failed at  59  side 1    Res =  0.2792E+01
 MRCHDU: Convergence failed at  60  side 1    Res =  0.2912E+02
 MRCHDU: Convergence failed at  61  side 1    Res =  0.6118E+01
 MRCHDU: Convergence failed at  62  side 1    Res =  0.5051E+01
 MRCHDU: Convergence failed at  63  side 1    Res =  0.4441E+01
 MRCHDU: Convergence failed at  64  side 1    Res =  0.6336E+01
 MRCHDU: Convergence failed at  65  side 1    Res =  0.7177E+01
 MRCHDU: Convergence failed at  66  side 1    Res =  0.1846E+02
 MRCHDU: Convergence failed at  67  side 1    Res =  0.1778E+02
 MRCHDU: Convergence failed at  68  side 1    Res =  0.2948E+02
 MRCHDU: Convergence failed at  69  side 1    Res =  0.1670E+03
 MRCHDU: Convergence failed at  70  side 1    Res =  0.5995E+02
 MRCHDU: Convergence failed at  71  side 1    Res =  0.2344E+02
 MRCHDU: Convergence failed at  72  side 1    Res =  0.1514E+02
 MRCHDU: Convergence failed at  73  side 1    Res =  0.1064E+02
 MRCHDU: Convergence failed at  74  side 1    Res =  0.9822E+01
 MRCHDU: Convergence failed at  75  side 1    Res =  0.1985E+02
 Side 1  free  transition at x/c =  0.7273   59
 Side 2  free  transition at x/c =  0.8169   70

 169   rms: 0.6375E+00   max: 0.3361E+01   D at   75  1   RLX: 0.446
       a =  1.500      CL =  0.8678
      Cm = -0.2077     CD =  0.00668   =>   CDf =  0.00487    CDp =  0.00180

 Side 1  free  transition at x/c =  0.7054   57
 Side 2  free  transition at x/c =  0.8065   70

 170   rms: 0.1947E+00   max: -.5778E+00   D at   88  2   RLX: 0.640
       a =  1.500      CL =  0.8684
      Cm = -0.1699     CD =  0.01411   =>   CDf =  0.00539    CDp =  0.00872

 MRCHDU: Convergence failed at  59  side 1    Res =  0.2835E+01
 MRCHDU: Convergence failed at  60  side 1    Res =  0.2980E+02
 MRCHDU: Convergence failed at  61  side 1    Res =  0.6151E+01
 MRCHDU: Convergence failed at  62  side 1    Res =  0.5078E+01
 MRCHDU: Convergence failed at  63  side 1    Res =  0.4463E+01
 MRCHDU: Convergence failed at  64  side 1    Res =  0.6350E+01
 MRCHDU: Convergence failed at  65  side 1    Res =  0.7207E+01
 MRCHDU: Convergence failed at  66  side 1    Res =  0.1830E+02
 MRCHDU: Convergence failed at  67  side 1    Res =  0.1759E+02
 MRCHDU: Convergence failed at  68  side 1    Res =  0.2896E+02
 MRCHDU: Convergence failed at  69  side 1    Res =  0.1513E+03
 MRCHDU: Convergence failed at  70  side 1    Res =  0.6246E+02
 MRCHDU: Convergence failed at  71  side 1    Res =  0.2381E+02
 MRCHDU: Convergence failed at  72  side 1    Res =  0.1531E+02
 MRCHDU: Convergence failed at  73  side 1    Res =  0.1074E+02
 MRCHDU: Convergence failed at  74  side 1    Res =  0.9774E+01
 MRCHDU: Convergence failed at  75  side 1    Res =  0.1990E+02
 Side 1  free  transition at x/c =  0.7273   59
 Side 2  free  transition at x/c =  0.8119   70

 171   rms: 0.6286E+00   max: 0.3382E+01   D at   75  1   RLX: 0.444
       a =  1.500      CL =  0.8675
      Cm = -0.2083     CD =  0.00672   =>   CDf =  0.00491    CDp =  0.00181

 Side 1  free  transition at x/c =  0.7054   57
 Side 2  free  transition at x/c =  0.8035   69

 172   rms: 0.1953E+00   max: -.5796E+00   D at   88  2   RLX: 0.640
       a =  1.500      CL =  0.8719
      Cm = -0.1710     CD =  0.01422   =>   CDf =  0.00541    CDp =  0.00881

 MRCHDU: Convergence failed at  59  side 1    Res =  0.2805E+01
 MRCHDU: Convergence failed at  60  side 1    Res =  0.2970E+02
 MRCHDU: Convergence failed at  61  side 1    Res =  0.6128E+01
 MRCHDU: Convergence failed at  62  side 1    Res =  0.5059E+01
 MRCHDU: Convergence failed at  63  side 1    Res =  0.4447E+01
 MRCHDU: Convergence failed at  64  side 1    Res =  0.6341E+01
 MRCHDU: Convergence failed at  65  side 1    Res =  0.7188E+01
 MRCHDU: Convergence failed at  66  side 1    Res =  0.1821E+02
 MRCHDU: Convergence failed at  67  side 1    Res =  0.1754E+02
 MRCHDU: Convergence failed at  68  side 1    Res =  0.2882E+02
 MRCHDU: Convergence failed at  69  side 1    Res =  0.1480E+03
 MRCHDU: Convergence failed at  70  side 1    Res =  0.6288E+02
 MRCHDU: Convergence failed at  71  side 1    Res =  0.2382E+02
 MRCHDU: Convergence failed at  72  side 1    Res =  0.1530E+02
 MRCHDU: Convergence failed at  73  side 1    Res =  0.1072E+02
 MRCHDU: Convergence failed at  74  side 1    Res =  0.9747E+01
 MRCHDU: Convergence failed at  75  side 1    Res =  0.1958E+02
 Side 1  free  transition at x/c =  0.7273   59
 Side 2  free  transition at x/c =  0.8162   70

 173   rms: 0.6308E+00   max: 0.3384E+01   D at   75  1   RLX: 0.443
       a =  1.500      CL =  0.8670
      Cm = -0.2080     CD =  0.00670   =>   CDf =  0.00493    CDp =  0.00177

 Side 1  free  transition at x/c =  0.7055   57
 Side 2  free  transition at x/c =  0.8020   69

 174   rms: 0.1952E+00   max: -.5801E+00   D at   88  2   RLX: 0.636
       a =  1.500      CL =  0.8715
      Cm = -0.1710     CD =  0.01421   =>   CDf =  0.00542    CDp =  0.00879

 MRCHDU: Convergence failed at  59  side 1    Res =  0.2825E+01
 MRCHDU: Convergence failed at  60  side 1    Res =  0.2921E+02
 MRCHDU: Convergence failed at  61  side 1    Res =  0.6058E+01
 MRCHDU: Convergence failed at  62  side 1    Res =  0.5020E+01
 MRCHDU: Convergence failed at  63  side 1    Res =  0.4421E+01
 MRCHDU: Convergence failed at  64  side 1    Res =  0.6325E+01
 MRCHDU: Convergence failed at  65  side 1    Res =  0.7155E+01
 MRCHDU: Convergence failed at  66  side 1    Res =  0.1927E+02
 MRCHDU: Convergence failed at  67  side 1    Res =  0.1851E+02
 MRCHDU: Convergence failed at  68  side 1    Res =  0.3162E+02
 MRCHDU: Convergence failed at  69  side 1    Res =  0.2697E+03
 MRCHDU: Convergence failed at  70  side 1    Res =  0.5265E+02
 MRCHDU: Convergence failed at  71  side 1    Res =  0.2237E+02
 MRCHDU: Convergence failed at  72  side 1    Res =  0.1510E+02
 MRCHDU: Convergence failed at  73  side 1    Res =  0.1043E+02
 MRCHDU: Convergence failed at  74  side 1    Res =  0.1003E+02
 MRCHDU: Convergence failed at  75  side 1    Res =  0.2083E+02
 Side 1  free  transition at x/c =  0.7274   59
 Side 2  free  transition at x/c =  0.8152   70

 175   rms: 0.6354E+00   max: 0.3370E+01   D at   75  1   RLX: 0.445
       a =  1.500      CL =  0.8679
      Cm = -0.2080     CD =  0.00669   =>   CDf =  0.00489    CDp =  0.00179

 Side 1  free  transition at x/c =  0.7054   57
 Side 2  free  transition at x/c =  0.8049   70

 176   rms: 0.1947E+00   max: -.5788E+00   D at   88  2   RLX: 0.637
       a =  1.500      CL =  0.8686
      Cm = -0.1701     CD =  0.01410   =>   CDf =  0.00541    CDp =  0.00870

 MRCHDU: Convergence failed at  59  side 1    Res =  0.2801E+01
 MRCHDU: Convergence failed at  60  side 1    Res =  0.2858E+02
 MRCHDU: Convergence failed at  61  side 1    Res =  0.6118E+01
 MRCHDU: Convergence failed at  62  side 1    Res =  0.5054E+01
 MRCHDU: Convergence failed at  63  side 1    Res =  0.4445E+01
 MRCHDU: Convergence failed at  64  side 1    Res =  0.6337E+01
 MRCHDU: Convergence failed at  65  side 1    Res =  0.7180E+01
 MRCHDU: Convergence failed at  66  side 1    Res =  0.1897E+02
 MRCHDU: Convergence failed at  67  side 1    Res =  0.1822E+02
 MRCHDU: Convergence failed at  68  side 1    Res =  0.3073E+02
 MRCHDU: Convergence failed at  69  side 1    Res =  0.2155E+03
 MRCHDU: Convergence failed at  70  side 1    Res =  0.5550E+02
 MRCHDU: Convergence failed at  71  side 1    Res =  0.2283E+02
 MRCHDU: Convergence failed at  72  side 1    Res =  0.1534E+02
 MRCHDU: Convergence failed at  73  side 1    Res =  0.1054E+02
 MRCHDU: Convergence failed at  74  side 1    Res =  0.9964E+01
 MRCHDU: Convergence failed at  75  side 1    Res =  0.2061E+02
 Side 1  free  transition at x/c =  0.7273   59
 Side 2  free  transition at x/c =  0.8112   70

 177   rms: 0.6271E+00   max: 0.3385E+01   D at   75  1   RLX: 0.443
       a =  1.500      CL =  0.8676
      Cm = -0.2084     CD =  0.00674   =>   CDf =  0.00492    CDp =  0.00182

 Side 1  free  transition at x/c =  0.7054   57
 Side 2  free  transition at x/c =  0.8032   69

 178   rms: 0.1952E+00   max: -.5799E+00   D at   88  2   RLX: 0.639
       a =  1.500      CL =  0.8718
      Cm = -0.1710     CD =  0.01422   =>   CDf =  0.00541    CDp =  0.00881

 MRCHDU: Convergence failed at  59  side 1    Res =  0.2792E+01
 MRCHDU: Convergence failed at  60  side 1    Res =  0.2911E+02
 MRCHDU: Convergence failed at  61  side 1    Res =  0.6118E+01
 MRCHDU: Convergence failed at  62  side 1    Res =  0.5051E+01
 MRCHDU: Convergence failed at  63  side 1    Res =  0.4441E+01
 MRCHDU: Convergence failed at  64  side 1    Res =  0.6336E+01
 MRCHDU: Convergence failed at  65  side 1    Res =  0.7178E+01
 MRCHDU: Convergence failed at  66  side 1    Res =  0.1846E+02
 MRCHDU: Convergence failed at  67  side 1    Res =  0.1778E+02
 MRCHDU: Convergence failed at  68  side 1    Res =  0.2948E+02
 MRCHDU: Convergence failed at  69  side 1    Res =  0.1669E+03
 MRCHDU: Convergence failed at  70  side 1    Res =  0.5995E+02
 MRCHDU: Convergence failed at  71  side 1    Res =  0.2344E+02
 MRCHDU: Convergence failed at  72  side 1    Res =  0.1514E+02
 MRCHDU: Convergence failed at  73  side 1    Res =  0.1064E+02
 MRCHDU: Convergence failed at  74  side 1    Res =  0.9822E+01
 MRCHDU: Convergence failed at  75  side 1    Res =  0.1986E+02
 Side 1  free  transition at x/c =  0.7273   59
 Side 2  free  transition at x/c =  0.8169   70

 179   rms: 0.6375E+00   max: 0.3361E+01   D at   75  1   RLX: 0.446
       a =  1.500      CL =  0.8678
      Cm = -0.2077     CD =  0.00668   =>   CDf =  0.00487    CDp =  0.00180

 Side 1  free  transition at x/c =  0.7054   57
 Side 2  free  transition at x/c =  0.8065   70

 180   rms: 0.1947E+00   max: -.5778E+00   D at   88  2   RLX: 0.640
       a =  1.500      CL =  0.8684
      Cm = -0.1699     CD =  0.01411   =>   CDf =  0.00539    CDp =  0.00872

 MRCHDU: Convergence failed at  59  side 1    Res =  0.2835E+01
 MRCHDU: Convergence failed at  60  side 1    Res =  0.2980E+02
 MRCHDU: Convergence failed at  61  side 1    Res =  0.6151E+01
 MRCHDU: Convergence failed at  62  side 1    Res =  0.5078E+01
 MRCHDU: Convergence failed at  63  side 1    Res =  0.4463E+01
 MRCHDU: Convergence failed at  64  side 1    Res =  0.6350E+01
 MRCHDU: Convergence failed at  65  side 1    Res =  0.7207E+01
 MRCHDU: Convergence failed at  66  side 1    Res =  0.1829E+02
 MRCHDU: Convergence failed at  67  side 1    Res =  0.1759E+02
 MRCHDU: Convergence failed at  68  side 1    Res =  0.2896E+02
 MRCHDU: Convergence failed at  69  side 1    Res =  0.1512E+03
 MRCHDU: Convergence failed at  70  side 1    Res =  0.6248E+02
 MRCHDU: Convergence failed at  71  side 1    Res =  0.2381E+02
 MRCHDU: Convergence failed at  72  side 1    Res =  0.1531E+02
 MRCHDU: Convergence failed at  73  side 1    Res =  0.1074E+02
 MRCHDU: Convergence failed at  74  side 1    Res =  0.9774E+01
 MRCHDU: Convergence failed at  75  side 1    Res =  0.1990E+02
 Side 1  free  transition at x/c =  0.7273   59
 Side 2  free  transition at x/c =  0.8119   70

 181   rms: 0.6286E+00   max: 0.3382E+01   D at   75  1   RLX: 0.444
       a =  1.500      CL =  0.8675
      Cm = -0.2083     CD =  0.00672   =>   CDf =  0.00491    CDp =  0.00181

 Side 1  free  transition at x/c =  0.7054   57
 Side 2  free  transition at x/c =  0.8035   69

 182   rms: 0.1953E+00   max: -.5796E+00   D at   88  2   RLX: 0.640
       a =  1.500      CL =  0.8719
      Cm = -0.1710     CD =  0.01422   =>   CDf =  0.00541    CDp =  0.00881

 MRCHDU: Convergence failed at  59  side 1    Res =  0.2805E+01
 MRCHDU: Convergence failed at  60  side 1    Res =  0.2970E+02
 MRCHDU: Convergence failed at  61  side 1    Res =  0.6128E+01
 MRCHDU: Convergence failed at  62  side 1    Res =  0.5059E+01
 MRCHDU: Convergence failed at  63  side 1    Res =  0.4447E+01
 MRCHDU: Convergence failed at  64  side 1    Res =  0.6341E+01
 MRCHDU: Convergence failed at  65  side 1    Res =  0.7188E+01
 MRCHDU: Convergence failed at  66  side 1    Res =  0.1821E+02
 MRCHDU: Convergence failed at  67  side 1    Res =  0.1754E+02
 MRCHDU: Convergence failed at  68  side 1    Res =  0.2882E+02
 MRCHDU: Convergence failed at  69  side 1    Res =  0.1480E+03
 MRCHDU: Convergence failed at  70  side 1    Res =  0.6288E+02
 MRCHDU: Convergence failed at  71  side 1    Res =  0.2382E+02
 MRCHDU: Convergence failed at  72  side 1    Res =  0.1530E+02
 MRCHDU: Convergence failed at  73  side 1    Res =  0.1072E+02
 MRCHDU: Convergence failed at  74  side 1    Res =  0.9748E+01
 MRCHDU: Convergence failed at  75  side 1    Res =  0.1958E+02
 Side 1  free  transition at x/c =  0.7273   59
 Side 2  free  transition at x/c =  0.8162   70

 183   rms: 0.6308E+00   max: 0.3384E+01   D at   75  1   RLX: 0.443
       a =  1.500      CL =  0.8670
      Cm = -0.2080     CD =  0.00670   =>   CDf =  0.00493    CDp =  0.00177

 Side 1  free  transition at x/c =  0.7055   57
 Side 2  free  transition at x/c =  0.8020   69

 184   rms: 0.1952E+00   max: -.5801E+00   D at   88  2   RLX: 0.636
       a =  1.500      CL =  0.8715
      Cm = -0.1710     CD =  0.01421   =>   CDf =  0.00542    CDp =  0.00879

 MRCHDU: Convergence failed at  59  side 1    Res =  0.2825E+01
 MRCHDU: Convergence failed at  60  side 1    Res =  0.2921E+02
 MRCHDU: Convergence failed at  61  side 1    Res =  0.6059E+01
 MRCHDU: Convergence failed at  62  side 1    Res =  0.5020E+01
 MRCHDU: Convergence failed at  63  side 1    Res =  0.4421E+01
 MRCHDU: Convergence failed at  64  side 1    Res =  0.6325E+01
 MRCHDU: Convergence failed at  65  side 1    Res =  0.7155E+01
 MRCHDU: Convergence failed at  66  side 1    Res =  0.1927E+02
 MRCHDU: Convergence failed at  67  side 1    Res =  0.1851E+02
 MRCHDU: Convergence failed at  68  side 1    Res =  0.3161E+02
 MRCHDU: Convergence failed at  69  side 1    Res =  0.2689E+03
 MRCHDU: Convergence failed at  70  side 1    Res =  0.5268E+02
 MRCHDU: Convergence failed at  71  side 1    Res =  0.2237E+02
 MRCHDU: Convergence failed at  72  side 1    Res =  0.1510E+02
 MRCHDU: Convergence failed at  73  side 1    Res =  0.1043E+02
 MRCHDU: Convergence failed at  74  side 1    Res =  0.1003E+02
 MRCHDU: Convergence failed at  75  side 1    Res =  0.2083E+02
 Side 1  free  transition at x/c =  0.7274   59
 Side 2  free  transition at x/c =  0.8152   70

 185   rms: 0.6354E+00   max: 0.3370E+01   D at   75  1   RLX: 0.445
       a =  1.500      CL =  0.8679
      Cm = -0.2080     CD =  0.00669   =>   CDf =  0.00489    CDp =  0.00179

 Side 1  free  transition at x/c =  0.7054   57
 Side 2  free  transition at x/c =  0.8049   70

 186   rms: 0.1947E+00   max: -.5788E+00   D at   88  2   RLX: 0.637
       a =  1.500      CL =  0.8686
      Cm = -0.1701     CD =  0.01410   =>   CDf =  0.00541    CDp =  0.00870

 MRCHDU: Convergence failed at  59  side 1    Res =  0.2801E+01
 MRCHDU: Convergence failed at  60  side 1    Res =  0.2858E+02
 MRCHDU: Convergence failed at  61  side 1    Res =  0.6118E+01
 MRCHDU: Convergence failed at  62  side 1    Res =  0.5054E+01
 MRCHDU: Convergence failed at  63  side 1    Res =  0.4445E+01
 MRCHDU: Convergence failed at  64  side 1    Res =  0.6337E+01
 MRCHDU: Convergence failed at  65  side 1    Res =  0.7180E+01
 MRCHDU: Convergence failed at  66  side 1    Res =  0.1897E+02
 MRCHDU: Convergence failed at  67  side 1    Res =  0.1822E+02
 MRCHDU: Convergence failed at  68  side 1    Res =  0.3073E+02
 MRCHDU: Convergence failed at  69  side 1    Res =  0.2155E+03
 MRCHDU: Convergence failed at  70  side 1    Res =  0.5550E+02
 MRCHDU: Convergence failed at  71  side 1    Res =  0.2283E+02
 MRCHDU: Convergence failed at  72  side 1    Res =  0.1534E+02
 MRCHDU: Convergence failed at  73  side 1    Res =  0.1054E+02
 MRCHDU: Convergence failed at  74  side 1    Res =  0.9965E+01
 MRCHDU: Convergence failed at  75  side 1    Res =  0.2062E+02
 Side 1  free  transition at x/c =  0.7273   59
 Side 2  free  transition at x/c =  0.8112   70

 187   rms: 0.6271E+00   max: 0.3385E+01   D at   75  1   RLX: 0.443
       a =  1.500      CL =  0.8676
      Cm = -0.2084     CD =  0.00674   =>   CDf =  0.00492    CDp =  0.00182

 Side 1  free  transition at x/c =  0.7054   57
 Side 2  free  transition at x/c =  0.8032   69

 188   rms: 0.1952E+00   max: -.5799E+00   D at   88  2   RLX: 0.639
       a =  1.500      CL =  0.8718
      Cm = -0.1710     CD =  0.01422   =>   CDf =  0.00541    CDp =  0.00881

 MRCHDU: Convergence failed at  59  side 1    Res =  0.2792E+01
 MRCHDU: Convergence failed at  60  side 1    Res =  0.2911E+02
 MRCHDU: Convergence failed at  61  side 1    Res =  0.6118E+01
 MRCHDU: Convergence failed at  62  side 1    Res =  0.5051E+01
 MRCHDU: Convergence failed at  63  side 1    Res =  0.4441E+01
 MRCHDU: Convergence failed at  64  side 1    Res =  0.6336E+01
 MRCHDU: Convergence failed at  65  side 1    Res =  0.7177E+01
 MRCHDU: Convergence failed at  66  side 1    Res =  0.1846E+02
 MRCHDU: Convergence failed at  67  side 1    Res =  0.1778E+02
 MRCHDU: Convergence failed at  68  side 1    Res =  0.2948E+02
 MRCHDU: Convergence failed at  69  side 1    Res =  0.1670E+03
 MRCHDU: Convergence failed at  70  side 1    Res =  0.5995E+02
 MRCHDU: Convergence failed at  71  side 1    Res =  0.2344E+02
 MRCHDU: Convergence failed at  72  side 1    Res =  0.1514E+02
 MRCHDU: Convergence failed at  73  side 1    Res =  0.1064E+02
 MRCHDU: Convergence failed at  74  side 1    Res =  0.9821E+01
 MRCHDU: Convergence failed at  75  side 1    Res =  0.1985E+02
 Side 1  free  transition at x/c =  0.7273   59
 Side 2  free  transition at x/c =  0.8169   70

 189   rms: 0.6375E+00   max: 0.3361E+01   D at   75  1   RLX: 0.446
       a =  1.500      CL =  0.8678
      Cm = -0.2077     CD =  0.00668   =>   CDf =  0.00487    CDp =  0.00180

 Side 1  free  transition at x/c =  0.7054   57
 Side 2  free  transition at x/c =  0.8065   70

 190   rms: 0.1947E+00   max: -.5778E+00   D at   88  2   RLX: 0.640
       a =  1.500      CL =  0.8684
      Cm = -0.1699     CD =  0.01411   =>   CDf =  0.00539    CDp =  0.00872

 MRCHDU: Convergence failed at  59  side 1    Res =  0.2835E+01
 MRCHDU: Convergence failed at  60  side 1    Res =  0.2980E+02
 MRCHDU: Convergence failed at  61  side 1    Res =  0.6151E+01
 MRCHDU: Convergence failed at  62  side 1    Res =  0.5078E+01
 MRCHDU: Convergence failed at  63  side 1    Res =  0.4463E+01
 MRCHDU: Convergence failed at  64  side 1    Res =  0.6350E+01
 MRCHDU: Convergence failed at  65  side 1    Res =  0.7207E+01
 MRCHDU: Convergence failed at  66  side 1    Res =  0.1829E+02
 MRCHDU: Convergence failed at  67  side 1    Res =  0.1759E+02
 MRCHDU: Convergence failed at  68  side 1    Res =  0.2896E+02
 MRCHDU: Convergence failed at  69  side 1    Res =  0.1512E+03
 MRCHDU: Convergence failed at  70  side 1    Res =  0.6247E+02
 MRCHDU: Convergence failed at  71  side 1    Res =  0.2381E+02
 MRCHDU: Convergence failed at  72  side 1    Res =  0.1531E+02
 MRCHDU: Convergence failed at  73  side 1    Res =  0.1074E+02
 MRCHDU: Convergence failed at  74  side 1    Res =  0.9773E+01
 MRCHDU: Convergence failed at  75  side 1    Res =  0.1990E+02
 Side 1  free  transition at x/c =  0.7273   59
 Side 2  free  transition at x/c =  0.8119   70

 191   rms: 0.6286E+00   max: 0.3382E+01   D at   75  1   RLX: 0.444
       a =  1.500      CL =  0.8675
      Cm = -0.2083     CD =  0.00672   =>   CDf =  0.00491    CDp =  0.00181

 Side 1  free  transition at x/c =  0.7054   57
 Side 2  free  transition at x/c =  0.8035   69

 192   rms: 0.1953E+00   max: -.5796E+00   D at   88  2   RLX: 0.640
       a =  1.500      CL =  0.8718
      Cm = -0.1710     CD =  0.01422   =>   CDf =  0.00541    CDp =  0.00881

 MRCHDU: Convergence failed at  59  side 1    Res =  0.2805E+01
 MRCHDU: Convergence failed at  60  side 1    Res =  0.2970E+02
 MRCHDU: Convergence failed at  61  side 1    Res =  0.6128E+01
 MRCHDU: Convergence failed at  62  side 1    Res =  0.5059E+01
 MRCHDU: Convergence failed at  63  side 1    Res =  0.4447E+01
 MRCHDU: Convergence failed at  64  side 1    Res =  0.6341E+01
 MRCHDU: Convergence failed at  65  side 1    Res =  0.7188E+01
 MRCHDU: Convergence failed at  66  side 1    Res =  0.1821E+02
 MRCHDU: Convergence failed at  67  side 1    Res =  0.1754E+02
 MRCHDU: Convergence failed at  68  side 1    Res =  0.2883E+02
 MRCHDU: Convergence failed at  69  side 1    Res =  0.1483E+03
 MRCHDU: Convergence failed at  70  side 1    Res =  0.6283E+02
 MRCHDU: Convergence failed at  71  side 1    Res =  0.2381E+02
 MRCHDU: Convergence failed at  72  side 1    Res =  0.1529E+02
 MRCHDU: Convergence failed at  73  side 1    Res =  0.1072E+02
 MRCHDU: Convergence failed at  74  side 1    Res =  0.9749E+01
 MRCHDU: Convergence failed at  75  side 1    Res =  0.1959E+02
 Side 1  free  transition at x/c =  0.7273   59
 Side 2  free  transition at x/c =  0.8162   70

 193   rms: 0.6308E+00   max: 0.3384E+01   D at   75  1   RLX: 0.443
       a =  1.500      CL =  0.8670
      Cm = -0.2080     CD =  0.00670   =>   CDf =  0.00493    CDp =  0.00177

 Side 1  free  transition at x/c =  0.7055   57
 Side 2  free  transition at x/c =  0.8020   69

 194   rms: 0.1952E+00   max: -.5801E+00   D at   88  2   RLX: 0.636
       a =  1.500      CL =  0.8715
      Cm = -0.1710     CD =  0.01421   =>   CDf =  0.00542    CDp =  0.00879

 MRCHDU: Convergence failed at  59  side 1    Res =  0.2825E+01
 MRCHDU: Convergence failed at  60  side 1    Res =  0.2921E+02
 MRCHDU: Convergence failed at  61  side 1    Res =  0.6059E+01
 MRCHDU: Convergence failed at  62  side 1    Res =  0.5020E+01
 MRCHDU: Convergence failed at  63  side 1    Res =  0.4421E+01
 MRCHDU: Convergence failed at  64  side 1    Res =  0.6325E+01
 MRCHDU: Convergence failed at  65  side 1    Res =  0.7155E+01
 MRCHDU: Convergence failed at  66  side 1    Res =  0.1927E+02
 MRCHDU: Convergence failed at  67  side 1    Res =  0.1851E+02
 MRCHDU: Convergence failed at  68  side 1    Res =  0.3161E+02
 MRCHDU: Convergence failed at  69  side 1    Res =  0.2686E+03
 MRCHDU: Convergence failed at  70  side 1    Res =  0.5270E+02
 MRCHDU: Convergence failed at  71  side 1    Res =  0.2237E+02
 MRCHDU: Convergence failed at  72  side 1    Res =  0.1510E+02
 MRCHDU: Convergence failed at  73  side 1    Res =  0.1043E+02
 MRCHDU: Convergence failed at  74  side 1    Res =  0.1003E+02
 MRCHDU: Convergence failed at  75  side 1    Res =  0.2083E+02
 Side 1  free  transition at x/c =  0.7274   59
 Side 2  free  transition at x/c =  0.8152   70

 195   rms: 0.6354E+00   max: 0.3370E+01   D at   75  1   RLX: 0.445
       a =  1.500      CL =  0.8679
      Cm = -0.2080     CD =  0.00669   =>   CDf =  0.00489    CDp =  0.00179

 Side 1  free  transition at x/c =  0.7054   57
 Side 2  free  transition at x/c =  0.8049   70

 196   rms: 0.1947E+00   max: -.5788E+00   D at   88  2   RLX: 0.637
       a =  1.500      CL =  0.8686
      Cm = -0.1701     CD =  0.01410   =>   CDf =  0.00541    CDp =  0.00870

 MRCHDU: Convergence failed at  59  side 1    Res =  0.2801E+01
 MRCHDU: Convergence failed at  60  side 1    Res =  0.2858E+02
 MRCHDU: Convergence failed at  61  side 1    Res =  0.6118E+01
 MRCHDU: Convergence failed at  62  side 1    Res =  0.5054E+01
 MRCHDU: Convergence failed at  63  side 1    Res =  0.4445E+01
 MRCHDU: Convergence failed at  64  side 1    Res =  0.6337E+01
 MRCHDU: Convergence failed at  65  side 1    Res =  0.7180E+01
 MRCHDU: Convergence failed at  66  side 1    Res =  0.1897E+02
 MRCHDU: Convergence failed at  67  side 1    Res =  0.1822E+02
 MRCHDU: Convergence failed at  68  side 1    Res =  0.3073E+02
 MRCHDU: Convergence failed at  69  side 1    Res =  0.2154E+03
 MRCHDU: Convergence failed at  70  side 1    Res =  0.5550E+02
 MRCHDU: Convergence failed at  71  side 1    Res =  0.2283E+02
 MRCHDU: Convergence failed at  72  side 1    Res =  0.1534E+02
 MRCHDU: Convergence failed at  73  side 1    Res =  0.1054E+02
 MRCHDU: Convergence failed at  74  side 1    Res =  0.9964E+01
 MRCHDU: Convergence failed at  75  side 1    Res =  0.2061E+02
 Side 1  free  transition at x/c =  0.7273   59
 Side 2  free  transition at x/c =  0.8112   70

 197   rms: 0.6271E+00   max: 0.3385E+01   D at   75  1   RLX: 0.443
       a =  1.500      CL =  0.8676
      Cm = -0.2084     CD =  0.00674   =>   CDf =  0.00492    CDp =  0.00182

 Side 1  free  transition at x/c =  0.7054   57
 Side 2  free  transition at x/c =  0.8032   69

 198   rms: 0.1952E+00   max: -.5799E+00   D at   88  2   RLX: 0.639
       a =  1.500      CL =  0.8718
      Cm = -0.1710     CD =  0.01422   =>   CDf =  0.00541    CDp =  0.00881

 MRCHDU: Convergence failed at  59  side 1    Res =  0.2792E+01
 MRCHDU: Convergence failed at  60  side 1    Res =  0.2912E+02
 MRCHDU: Convergence failed at  61  side 1    Res =  0.6118E+01
 MRCHDU: Convergence failed at  62  side 1    Res =  0.5051E+01
 MRCHDU: Convergence failed at  63  side 1    Res =  0.4441E+01
 MRCHDU: Convergence failed at  64  side 1    Res =  0.6336E+01
 MRCHDU: Convergence failed at  65  side 1    Res =  0.7178E+01
 MRCHDU: Convergence failed at  66  side 1    Res =  0.1846E+02
 MRCHDU: Convergence failed at  67  side 1    Res =  0.1777E+02
 MRCHDU: Convergence failed at  68  side 1    Res =  0.2947E+02
 MRCHDU: Convergence failed at  69  side 1    Res =  0.1668E+03
 MRCHDU: Convergence failed at  70  side 1    Res =  0.5997E+02
 MRCHDU: Convergence failed at  71  side 1    Res =  0.2344E+02
 MRCHDU: Convergence failed at  72  side 1    Res =  0.1514E+02
 MRCHDU: Convergence failed at  73  side 1    Res =  0.1064E+02
 MRCHDU: Convergence failed at  74  side 1    Res =  0.9820E+01
 MRCHDU: Convergence failed at  75  side 1    Res =  0.1985E+02
 Side 1  free  transition at x/c =  0.7273   59
 Side 2  free  transition at x/c =  0.8169   70

 199   rms: 0.6375E+00   max: 0.3361E+01   D at   75  1   RLX: 0.446
       a =  1.500      CL =  0.8678
      Cm = -0.2077     CD =  0.00668   =>   CDf =  0.00487    CDp =  0.00180

 Side 1  free  transition at x/c =  0.7054   57
 Side 2  free  transition at x/c =  0.8065   70

 200   rms: 0.1947E+00   max: -.5778E+00   D at   88  2   RLX: 0.640
       a =  1.500      CL =  0.8684
      Cm = -0.1699     CD =  0.01411   =>   CDf =  0.00539    CDp =  0.00872

 MRCHDU: Convergence failed at  59  side 1    Res =  0.2835E+01
 MRCHDU: Convergence failed at  60  side 1    Res =  0.2980E+02
 MRCHDU: Convergence failed at  61  side 1    Res =  0.6151E+01
 MRCHDU: Convergence failed at  62  side 1    Res =  0.5078E+01
 MRCHDU: Convergence failed at  63  side 1    Res =  0.4463E+01
 MRCHDU: Convergence failed at  64  side 1    Res =  0.6350E+01
 MRCHDU: Convergence failed at  65  side 1    Res =  0.7207E+01
 MRCHDU: Convergence failed at  66  side 1    Res =  0.1829E+02
 MRCHDU: Convergence failed at  67  side 1    Res =  0.1759E+02
 MRCHDU: Convergence failed at  68  side 1    Res =  0.2896E+02
 MRCHDU: Convergence failed at  69  side 1    Res =  0.1511E+03
 MRCHDU: Convergence failed at  70  side 1    Res =  0.6249E+02
 MRCHDU: Convergence failed at  71  side 1    Res =  0.2381E+02
 MRCHDU: Convergence failed at  72  side 1    Res =  0.1531E+02
 MRCHDU: Convergence failed at  73  side 1    Res =  0.1074E+02
 MRCHDU: Convergence failed at  74  side 1    Res =  0.9773E+01
 MRCHDU: Convergence failed at  75  side 1    Res =  0.1990E+02
 Side 1  free  transition at x/c =  0.7273   59
 Side 2  free  transition at x/c =  0.8119   70

 201   rms: 0.6286E+00   max: 0.3382E+01   D at   75  1   RLX: 0.444
       a =  1.500      CL =  0.8675
      Cm = -0.2083     CD =  0.00672   =>   CDf =  0.00491    CDp =  0.00181

 Side 1  free  transition at x/c =  0.7054   57
 Side 2  free  transition at x/c =  0.8035   69

 202   rms: 0.1953E+00   max: -.5796E+00   D at   88  2   RLX: 0.640
       a =  1.500      CL =  0.8719
      Cm = -0.1710     CD =  0.01422   =>   CDf =  0.00541    CDp =  0.00881

 MRCHDU: Convergence failed at  59  side 1    Res =  0.2805E+01
 MRCHDU: Convergence failed at  60  side 1    Res =  0.2970E+02
 MRCHDU: Convergence failed at  61  side 1    Res =  0.6128E+01
 MRCHDU: Convergence failed at  62  side 1    Res =  0.5059E+01
 MRCHDU: Convergence failed at  63  side 1    Res =  0.4447E+01
 MRCHDU: Convergence failed at  64  side 1    Res =  0.6341E+01
 MRCHDU: Convergence failed at  65  side 1    Res =  0.7188E+01
 MRCHDU: Convergence failed at  66  side 1    Res =  0.1821E+02
 MRCHDU: Convergence failed at  67  side 1    Res =  0.1754E+02
 MRCHDU: Convergence failed at  68  side 1    Res =  0.2882E+02
 MRCHDU: Convergence failed at  69  side 1    Res =  0.1481E+03
 MRCHDU: Convergence failed at  70  side 1    Res =  0.6287E+02
 MRCHDU: Convergence failed at  71  side 1    Res =  0.2382E+02
 MRCHDU: Convergence failed at  72  side 1    Res =  0.1529E+02
 MRCHDU: Convergence failed at  73  side 1    Res =  0.1072E+02
 MRCHDU: Convergence failed at  74  side 1    Res =  0.9748E+01
 MRCHDU: Convergence failed at  75  side 1    Res =  0.1959E+02
 Side 1  free  transition at x/c =  0.7273   59
 Side 2  free  transition at x/c =  0.8162   70

 203   rms: 0.6308E+00   max: 0.3384E+01   D at   75  1   RLX: 0.443
       a =  1.500      CL =  0.8670
      Cm = -0.2080     CD =  0.00670   =>   CDf =  0.00493    CDp =  0.00177

 Side 1  free  transition at x/c =  0.7055   57
 Side 2  free  transition at x/c =  0.8020   69

 204   rms: 0.1952E+00   max: -.5801E+00   D at   88  2   RLX: 0.636
       a =  1.500      CL =  0.8715
      Cm = -0.1710     CD =  0.01421   =>   CDf =  0.00542    CDp =  0.00879

 MRCHDU: Convergence failed at  59  side 1    Res =  0.2825E+01
 MRCHDU: Convergence failed at  60  side 1    Res =  0.2921E+02
 MRCHDU: Convergence failed at  61  side 1    Res =  0.6059E+01
 MRCHDU: Convergence failed at  62  side 1    Res =  0.5020E+01
 MRCHDU: Convergence failed at  63  side 1    Res =  0.4421E+01
 MRCHDU: Convergence failed at  64  side 1    Res =  0.6325E+01
 MRCHDU: Convergence failed at  65  side 1    Res =  0.7155E+01
 MRCHDU: Convergence failed at  66  side 1    Res =  0.1927E+02
 MRCHDU: Convergence failed at  67  side 1    Res =  0.1851E+02
 MRCHDU: Convergence failed at  68  side 1    Res =  0.3161E+02
 MRCHDU: Convergence failed at  69  side 1    Res =  0.2690E+03
 MRCHDU: Convergence failed at  70  side 1    Res =  0.5269E+02
 MRCHDU: Convergence failed at  71  side 1    Res =  0.2237E+02
 MRCHDU: Convergence failed at  72  side 1    Res =  0.1510E+02
 MRCHDU: Convergence failed at  73  side 1    Res =  0.1043E+02
 MRCHDU: Convergence failed at  74  side 1    Res =  0.1003E+02
 MRCHDU: Convergence failed at  75  side 1    Res =  0.2083E+02
 Side 1  free  transition at x/c =  0.7274   59
 Side 2  free  transition at x/c =  0.8152   70

 205   rms: 0.6354E+00   max: 0.3370E+01   D at   75  1   RLX: 0.445
       a =  1.500      CL =  0.8679
      Cm = -0.2080     CD =  0.00669   =>   CDf =  0.00489    CDp =  0.00179

 Side 1  free  transition at x/c =  0.7054   57
 Side 2  free  transition at x/c =  0.8049   70

 206   rms: 0.1947E+00   max: -.5788E+00   D at   88  2   RLX: 0.637
       a =  1.500      CL =  0.8686
      Cm = -0.1701     CD =  0.01410   =>   CDf =  0.00541    CDp =  0.00870

 MRCHDU: Convergence failed at  59  side 1    Res =  0.2801E+01
 MRCHDU: Convergence failed at  60  side 1    Res =  0.2858E+02
 MRCHDU: Convergence failed at  61  side 1    Res =  0.6118E+01
 MRCHDU: Convergence failed at  62  side 1    Res =  0.5054E+01
 MRCHDU: Convergence failed at  63  side 1    Res =  0.4445E+01
 MRCHDU: Convergence failed at  64  side 1    Res =  0.6337E+01
 MRCHDU: Convergence failed at  65  side 1    Res =  0.7179E+01
 MRCHDU: Convergence failed at  66  side 1    Res =  0.1897E+02
 MRCHDU: Convergence failed at  67  side 1    Res =  0.1822E+02
 MRCHDU: Convergence failed at  68  side 1    Res =  0.3074E+02
 MRCHDU: Convergence failed at  69  side 1    Res =  0.2158E+03
 MRCHDU: Convergence failed at  70  side 1    Res =  0.5548E+02
 MRCHDU: Convergence failed at  71  side 1    Res =  0.2283E+02
 MRCHDU: Convergence failed at  72  side 1    Res =  0.1534E+02
 MRCHDU: Convergence failed at  73  side 1    Res =  0.1054E+02
 MRCHDU: Convergence failed at  74  side 1    Res =  0.9965E+01
 MRCHDU: Convergence failed at  75  side 1    Res =  0.2062E+02
 Side 1  free  transition at x/c =  0.7273   59
 Side 2  free  transition at x/c =  0.8112   70

 207   rms: 0.6271E+00   max: 0.3385E+01   D at   75  1   RLX: 0.443
       a =  1.500      CL =  0.8676
      Cm = -0.2084     CD =  0.00674   =>   CDf =  0.00492    CDp =  0.00182

 Side 1  free  transition at x/c =  0.7054   57
 Side 2  free  transition at x/c =  0.8032   69

 208   rms: 0.1952E+00   max: -.5799E+00   D at   88  2   RLX: 0.639
       a =  1.500      CL =  0.8718
      Cm = -0.1710     CD =  0.01422   =>   CDf =  0.00541    CDp =  0.00881

 MRCHDU: Convergence failed at  59  side 1    Res =  0.2792E+01
 MRCHDU: Convergence failed at  60  side 1    Res =  0.2911E+02
 MRCHDU: Convergence failed at  61  side 1    Res =  0.6118E+01
 MRCHDU: Convergence failed at  62  side 1    Res =  0.5051E+01
 MRCHDU: Convergence failed at  63  side 1    Res =  0.4441E+01
 MRCHDU: Convergence failed at  64  side 1    Res =  0.6335E+01
 MRCHDU: Convergence failed at  65  side 1    Res =  0.7177E+01
 MRCHDU: Convergence failed at  66  side 1    Res =  0.1846E+02
 MRCHDU: Convergence failed at  67  side 1    Res =  0.1778E+02
 MRCHDU: Convergence failed at  68  side 1    Res =  0.2949E+02
 MRCHDU: Convergence failed at  69  side 1    Res =  0.1673E+03
 MRCHDU: Convergence failed at  70  side 1    Res =  0.5991E+02
 MRCHDU: Convergence failed at  71  side 1    Res =  0.2343E+02
 MRCHDU: Convergence failed at  72  side 1    Res =  0.1514E+02
 MRCHDU: Convergence failed at  73  side 1    Res =  0.1064E+02
 MRCHDU: Convergence failed at  74  side 1    Res =  0.9822E+01
 MRCHDU: Convergence failed at  75  side 1    Res =  0.1986E+02
 Side 1  free  transition at x/c =  0.7273   59
 Side 2  free  transition at x/c =  0.8169   70

 209   rms: 0.6375E+00   max: 0.3361E+01   D at   75  1   RLX: 0.446
       a =  1.500      CL =  0.8678
      Cm = -0.2077     CD =  0.00668   =>   CDf =  0.00487    CDp =  0.00180

 Side 1  free  transition at x/c =  0.7054   57
 Side 2  free  transition at x/c =  0.8065   70

 210   rms: 0.1947E+00   max: -.5778E+00   D at   88  2   RLX: 0.640
       a =  1.500      CL =  0.8684
      Cm = -0.1699     CD =  0.01411   =>   CDf =  0.00539    CDp =  0.00872

 MRCHDU: Convergence failed at  59  side 1    Res =  0.2835E+01
 MRCHDU: Convergence failed at  60  side 1    Res =  0.2980E+02
 MRCHDU: Convergence failed at  61  side 1    Res =  0.6151E+01
 MRCHDU: Convergence failed at  62  side 1    Res =  0.5078E+01
 MRCHDU: Convergence failed at  63  side 1    Res =  0.4463E+01
 MRCHDU: Convergence failed at  64  side 1    Res =  0.6350E+01
 MRCHDU: Convergence failed at  65  side 1    Res =  0.7207E+01
 MRCHDU: Convergence failed at  66  side 1    Res =  0.1829E+02
 MRCHDU: Convergence failed at  67  side 1    Res =  0.1759E+02
 MRCHDU: Convergence failed at  68  side 1    Res =  0.2896E+02
 MRCHDU: Convergence failed at  69  side 1    Res =  0.1511E+03
 MRCHDU: Convergence failed at  70  side 1    Res =  0.6250E+02
 MRCHDU: Convergence failed at  71  side 1    Res =  0.2381E+02
 MRCHDU: Convergence failed at  72  side 1    Res =  0.1531E+02
 MRCHDU: Convergence failed at  73  side 1    Res =  0.1074E+02
 MRCHDU: Convergence failed at  74  side 1    Res =  0.9773E+01
 MRCHDU: Convergence failed at  75  side 1    Res =  0.1990E+02
 Side 1  free  transition at x/c =  0.7273   59
 Side 2  free  transition at x/c =  0.8119   70

 211   rms: 0.6286E+00   max: 0.3382E+01   D at   75  1   RLX: 0.444
       a =  1.500      CL =  0.8675
      Cm = -0.2083     CD =  0.00672   =>   CDf =  0.00491    CDp =  0.00181

 Side 1  free  transition at x/c =  0.7054   57
 Side 2  free  transition at x/c =  0.8035   69

 212   rms: 0.1953E+00   max: -.5796E+00   D at   88  2   RLX: 0.640
       a =  1.500      CL =  0.8719
      Cm = -0.1710     CD =  0.01422   =>   CDf =  0.00541    CDp =  0.00881

 MRCHDU: Convergence failed at  59  side 1    Res =  0.2805E+01
 MRCHDU: Convergence failed at  60  side 1    Res =  0.2970E+02
 MRCHDU: Convergence failed at  61  side 1    Res =  0.6128E+01
 MRCHDU: Convergence failed at  62  side 1    Res =  0.5059E+01
 MRCHDU: Convergence failed at  63  side 1    Res =  0.4447E+01
 MRCHDU: Convergence failed at  64  side 1    Res =  0.6341E+01
 MRCHDU: Convergence failed at  65  side 1    Res =  0.7188E+01
 MRCHDU: Convergence failed at  66  side 1    Res =  0.1821E+02
 MRCHDU: Convergence failed at  67  side 1    Res =  0.1754E+02
 MRCHDU: Convergence failed at  68  side 1    Res =  0.2882E+02
 MRCHDU: Convergence failed at  69  side 1    Res =  0.1481E+03
 MRCHDU: Convergence failed at  70  side 1    Res =  0.6287E+02
 MRCHDU: Convergence failed at  71  side 1    Res =  0.2382E+02
 MRCHDU: Convergence failed at  72  side 1    Res =  0.1530E+02
 MRCHDU: Convergence failed at  73  side 1    Res =  0.1072E+02
 MRCHDU: Convergence failed at  74  side 1    Res =  0.9748E+01
 MRCHDU: Convergence failed at  75  side 1    Res =  0.1959E+02
 Side 1  free  transition at x/c =  0.7273   59
 Side 2  free  transition at x/c =  0.8162   70

 213   rms: 0.6308E+00   max: 0.3384E+01   D at   75  1   RLX: 0.443
       a =  1.500      CL =  0.8670
      Cm = -0.2080     CD =  0.00670   =>   CDf =  0.00493    CDp =  0.00177

 Side 1  free  transition at x/c =  0.7055   57
 Side 2  free  transition at x/c =  0.8020   69

 214   rms: 0.1952E+00   max: -.5801E+00   D at   88  2   RLX: 0.636
       a =  1.500      CL =  0.8715
      Cm = -0.1710     CD =  0.01421   =>   CDf =  0.00542    CDp =  0.00879

 MRCHDU: Convergence failed at  59  side 1    Res =  0.2825E+01
 MRCHDU: Convergence failed at  60  side 1    Res =  0.2921E+02
 MRCHDU: Convergence failed at  61  side 1    Res =  0.6058E+01
 MRCHDU: Convergence failed at  62  side 1    Res =  0.5020E+01
 MRCHDU: Convergence failed at  63  side 1    Res =  0.4421E+01
 MRCHDU: Convergence failed at  64  side 1    Res =  0.6325E+01
 MRCHDU: Convergence failed at  65  side 1    Res =  0.7155E+01
 MRCHDU: Convergence failed at  66  side 1    Res =  0.1927E+02
 MRCHDU: Convergence failed at  67  side 1    Res =  0.1851E+02
 MRCHDU: Convergence failed at  68  side 1    Res =  0.3161E+02
 MRCHDU: Convergence failed at  69  side 1    Res =  0.2691E+03
 MRCHDU: Convergence failed at  70  side 1    Res =  0.5268E+02
 MRCHDU: Convergence failed at  71  side 1    Res =  0.2237E+02
 MRCHDU: Convergence failed at  72  side 1    Res =  0.1510E+02
 MRCHDU: Convergence failed at  73  side 1    Res =  0.1043E+02
 MRCHDU: Convergence failed at  74  side 1    Res =  0.1003E+02
 MRCHDU: Convergence failed at  75  side 1    Res =  0.2083E+02
 Side 1  free  transition at x/c =  0.7274   59
 Side 2  free  transition at x/c =  0.8152   70

 215   rms: 0.6354E+00   max: 0.3370E+01   D at   75  1   RLX: 0.445
       a =  1.500      CL =  0.8679
      Cm = -0.2080     CD =  0.00669   =>   CDf =  0.00489    CDp =  0.00179

 Side 1  free  transition at x/c =  0.7054   57
 Side 2  free  transition at x/c =  0.8049   70

 216   rms: 0.1947E+00   max: -.5788E+00   D at   88  2   RLX: 0.637
       a =  1.500      CL =  0.8686
      Cm = -0.1701     CD =  0.01410   =>   CDf =  0.00541    CDp =  0.00870

 MRCHDU: Convergence failed at  59  side 1    Res =  0.2801E+01
 MRCHDU: Convergence failed at  60  side 1    Res =  0.2858E+02
 MRCHDU: Convergence failed at  61  side 1    Res =  0.6118E+01
 MRCHDU: Convergence failed at  62  side 1    Res =  0.5054E+01
 MRCHDU: Convergence failed at  63  side 1    Res =  0.4445E+01
 MRCHDU: Convergence failed at  64  side 1    Res =  0.6337E+01
 MRCHDU: Convergence failed at  65  side 1    Res =  0.7180E+01
 MRCHDU: Convergence failed at  66  side 1    Res =  0.1897E+02
 MRCHDU: Convergence failed at  67  side 1    Res =  0.1821E+02
 MRCHDU: Convergence failed at  68  side 1    Res =  0.3073E+02
 MRCHDU: Convergence failed at  69  side 1    Res =  0.2152E+03
 MRCHDU: Convergence failed at  70  side 1    Res =  0.5552E+02
 MRCHDU: Convergence failed at  71  side 1    Res =  0.2283E+02
 MRCHDU: Convergence failed at  72  side 1    Res =  0.1534E+02
 MRCHDU: Convergence failed at  73  side 1    Res =  0.1054E+02
 MRCHDU: Convergence failed at  74  side 1    Res =  0.9964E+01
 MRCHDU: Convergence failed at  75  side 1    Res =  0.2061E+02
 Side 1  free  transition at x/c =  0.7273   59
 Side 2  free  transition at x/c =  0.8112   70

 217   rms: 0.6271E+00   max: 0.3385E+01   D at   75  1   RLX: 0.443
       a =  1.500      CL =  0.8676
      Cm = -0.2084     CD =  0.00674   =>   CDf =  0.00492    CDp =  0.00182

 Side 1  free  transition at x/c =  0.7054   57
 Side 2  free  transition at x/c =  0.8032   69

 218   rms: 0.1952E+00   max: -.5799E+00   D at   88  2   RLX: 0.639
       a =  1.500      CL =  0.8718
      Cm = -0.1710     CD =  0.01422   =>   CDf =  0.00541    CDp =  0.00881

 MRCHDU: Convergence failed at  59  side 1    Res =  0.2792E+01
 MRCHDU: Convergence failed at  60  side 1    Res =  0.2911E+02
 MRCHDU: Convergence failed at  61  side 1    Res =  0.6118E+01
 MRCHDU: Convergence failed at  62  side 1    Res =  0.5051E+01
 MRCHDU: Convergence failed at  63  side 1    Res =  0.4441E+01
 MRCHDU: Convergence failed at  64  side 1    Res =  0.6335E+01
 MRCHDU: Convergence failed at  65  side 1    Res =  0.7177E+01
 MRCHDU: Convergence failed at  66  side 1    Res =  0.1846E+02
 MRCHDU: Convergence failed at  67  side 1    Res =  0.1778E+02
 MRCHDU: Convergence failed at  68  side 1    Res =  0.2948E+02
 MRCHDU: Convergence failed at  69  side 1    Res =  0.1671E+03
 MRCHDU: Convergence failed at  70  side 1    Res =  0.5993E+02
 MRCHDU: Convergence failed at  71  side 1    Res =  0.2343E+02
 MRCHDU: Convergence failed at  72  side 1    Res =  0.1514E+02
 MRCHDU: Convergence failed at  73  side 1    Res =  0.1064E+02
 MRCHDU: Convergence failed at  74  side 1    Res =  0.9821E+01
 MRCHDU: Convergence failed at  75  side 1    Res =  0.1985E+02
 Side 1  free  transition at x/c =  0.7273   59
 Side 2  free  transition at x/c =  0.8169   70

 219   rms: 0.6375E+00   max: 0.3361E+01   D at   75  1   RLX: 0.446
       a =  1.500      CL =  0.8678
      Cm = -0.2077     CD =  0.00668   =>   CDf =  0.00487    CDp =  0.00180

 Side 1  free  transition at x/c =  0.7054   57
 Side 2  free  transition at x/c =  0.8065   70

 220   rms: 0.1947E+00   max: -.5778E+00   D at   88  2   RLX: 0.640
       a =  1.500      CL =  0.8684
      Cm = -0.1699     CD =  0.01411   =>   CDf =  0.00539    CDp =  0.00872

 MRCHDU: Convergence failed at  59  side 1    Res =  0.2835E+01
 MRCHDU: Convergence failed at  60  side 1    Res =  0.2980E+02
 MRCHDU: Convergence failed at  61  side 1    Res =  0.6151E+01
 MRCHDU: Convergence failed at  62  side 1    Res =  0.5078E+01
 MRCHDU: Convergence failed at  63  side 1    Res =  0.4463E+01
 MRCHDU: Convergence failed at  64  side 1    Res =  0.6350E+01
 MRCHDU: Convergence failed at  65  side 1    Res =  0.7207E+01
 MRCHDU: Convergence failed at  66  side 1    Res =  0.1829E+02
 MRCHDU: Convergence failed at  67  side 1    Res =  0.1759E+02
 MRCHDU: Convergence failed at  68  side 1    Res =  0.2896E+02
 MRCHDU: Convergence failed at  69  side 1    Res =  0.1511E+03
 MRCHDU: Convergence failed at  70  side 1    Res =  0.6250E+02
 MRCHDU: Convergence failed at  71  side 1    Res =  0.2381E+02
 MRCHDU: Convergence failed at  72  side 1    Res =  0.1531E+02
 MRCHDU: Convergence failed at  73  side 1    Res =  0.1074E+02
 MRCHDU: Convergence failed at  74  side 1    Res =  0.9773E+01
 MRCHDU: Convergence failed at  75  side 1    Res =  0.1989E+02
 Side 1  free  transition at x/c =  0.7273   59
 Side 2  free  transition at x/c =  0.8119   70

 221   rms: 0.6286E+00   max: 0.3382E+01   D at   75  1   RLX: 0.444
       a =  1.500      CL =  0.8675
      Cm = -0.2083     CD =  0.00672   =>   CDf =  0.00491    CDp =  0.00181

 Side 1  free  transition at x/c =  0.7054   57
 Side 2  free  transition at x/c =  0.8035   69

 222   rms: 0.1953E+00   max: -.5796E+00   D at   88  2   RLX: 0.640
       a =  1.500      CL =  0.8719
      Cm = -0.1710     CD =  0.01422   =>   CDf =  0.00541    CDp =  0.00881

 MRCHDU: Convergence failed at  59  side 1    Res =  0.2805E+01
 MRCHDU: Convergence failed at  60  side 1    Res =  0.2970E+02
 MRCHDU: Convergence failed at  61  side 1    Res =  0.6128E+01
 MRCHDU: Convergence failed at  62  side 1    Res =  0.5059E+01
 MRCHDU: Convergence failed at  63  side 1    Res =  0.4447E+01
 MRCHDU: Convergence failed at  64  side 1    Res =  0.6341E+01
 MRCHDU: Convergence failed at  65  side 1    Res =  0.7188E+01
 MRCHDU: Convergence failed at  66  side 1    Res =  0.1821E+02
 MRCHDU: Convergence failed at  67  side 1    Res =  0.1754E+02
 MRCHDU: Convergence failed at  68  side 1    Res =  0.2882E+02
 MRCHDU: Convergence failed at  69  side 1    Res =  0.1480E+03
 MRCHDU: Convergence failed at  70  side 1    Res =  0.6289E+02
 MRCHDU: Convergence failed at  71  side 1    Res =  0.2382E+02
 MRCHDU: Convergence failed at  72  side 1    Res =  0.1530E+02
 MRCHDU: Convergence failed at  73  side 1    Res =  0.1072E+02
 MRCHDU: Convergence failed at  74  side 1    Res =  0.9747E+01
 MRCHDU: Convergence failed at  75  side 1    Res =  0.1959E+02
 Side 1  free  transition at x/c =  0.7273   59
 Side 2  free  transition at x/c =  0.8162   70

 223   rms: 0.6308E+00   max: 0.3384E+01   D at   75  1   RLX: 0.443
       a =  1.500      CL =  0.8670
      Cm = -0.2080     CD =  0.00670   =>   CDf =  0.00493    CDp =  0.00177

 Side 1  free  transition at x/c =  0.7055   57
 Side 2  free  transition at x/c =  0.8020   69

 224   rms: 0.1952E+00   max: -.5801E+00   D at   88  2   RLX: 0.636
       a =  1.500      CL =  0.8715
      Cm = -0.1710     CD =  0.01421   =>   CDf =  0.00542    CDp =  0.00879

 MRCHDU: Convergence failed at  59  side 1    Res =  0.2825E+01
 MRCHDU: Convergence failed at  60  side 1    Res =  0.2921E+02
 MRCHDU: Convergence failed at  61  side 1    Res =  0.6059E+01
 MRCHDU: Convergence failed at  62  side 1    Res =  0.5020E+01
 MRCHDU: Convergence failed at  63  side 1    Res =  0.4421E+01
 MRCHDU: Convergence failed at  64  side 1    Res =  0.6325E+01
 MRCHDU: Convergence failed at  65  side 1    Res =  0.7155E+01
 MRCHDU: Convergence failed at  66  side 1    Res =  0.1927E+02
 MRCHDU: Convergence failed at  67  side 1    Res =  0.1851E+02
 MRCHDU: Convergence failed at  68  side 1    Res =  0.3161E+02
 MRCHDU: Convergence failed at  69  side 1    Res =  0.2690E+03
 MRCHDU: Convergence failed at  70  side 1    Res =  0.5268E+02
 MRCHDU: Convergence failed at  71  side 1    Res =  0.2237E+02
 MRCHDU: Convergence failed at  72  side 1    Res =  0.1510E+02
 MRCHDU: Convergence failed at  73  side 1    Res =  0.1043E+02
 MRCHDU: Convergence failed at  74  side 1    Res =  0.1003E+02
 MRCHDU: Convergence failed at  75  side 1    Res =  0.2083E+02
 Side 1  free  transition at x/c =  0.7274   59
 Side 2  free  transition at x/c =  0.8152   70

 225   rms: 0.6354E+00   max: 0.3370E+01   D at   75  1   RLX: 0.445
       a =  1.500      CL =  0.8679
      Cm = -0.2080     CD =  0.00669   =>   CDf =  0.00489    CDp =  0.00179

 Side 1  free  transition at x/c =  0.7054   57
 Side 2  free  transition at x/c =  0.8049   70

 226   rms: 0.1947E+00   max: -.5788E+00   D at   88  2   RLX: 0.637
       a =  1.500      CL =  0.8686
      Cm = -0.1701     CD =  0.01410   =>   CDf =  0.00541    CDp =  0.00870

 MRCHDU: Convergence failed at  59  side 1    Res =  0.2801E+01
 MRCHDU: Convergence failed at  60  side 1    Res =  0.2858E+02
 MRCHDU: Convergence failed at  61  side 1    Res =  0.6118E+01
 MRCHDU: Convergence failed at  62  side 1    Res =  0.5054E+01
 MRCHDU: Convergence failed at  63  side 1    Res =  0.4445E+01
 MRCHDU: Convergence failed at  64  side 1    Res =  0.6337E+01
 MRCHDU: Convergence failed at  65  side 1    Res =  0.7180E+01
 MRCHDU: Convergence failed at  66  side 1    Res =  0.1897E+02
 MRCHDU: Convergence failed at  67  side 1    Res =  0.1822E+02
 MRCHDU: Convergence failed at  68  side 1    Res =  0.3074E+02
 MRCHDU: Convergence failed at  69  side 1    Res =  0.2156E+03
 MRCHDU: Convergence failed at  70  side 1    Res =  0.5549E+02
 MRCHDU: Convergence failed at  71  side 1    Res =  0.2283E+02
 MRCHDU: Convergence failed at  72  side 1    Res =  0.1534E+02
 MRCHDU: Convergence failed at  73  side 1    Res =  0.1054E+02
 MRCHDU: Convergence failed at  74  side 1    Res =  0.9965E+01
 MRCHDU: Convergence failed at  75  side 1    Res =  0.2062E+02
 Side 1  free  transition at x/c =  0.7273   59
 Side 2  free  transition at x/c =  0.8112   70

 227   rms: 0.6271E+00   max: 0.3385E+01   D at   75  1   RLX: 0.443
       a =  1.500      CL =  0.8676
      Cm = -0.2084     CD =  0.00674   =>   CDf =  0.00492    CDp =  0.00182

 Side 1  free  transition at x/c =  0.7054   57
 Side 2  free  transition at x/c =  0.8032   69

 228   rms: 0.1952E+00   max: -.5799E+00   D at   88  2   RLX: 0.639
       a =  1.500      CL =  0.8718
      Cm = -0.1710     CD =  0.01422   =>   CDf =  0.00541    CDp =  0.00881

 MRCHDU: Convergence failed at  59  side 1    Res =  0.2792E+01
 MRCHDU: Convergence failed at  60  side 1    Res =  0.2912E+02
 MRCHDU: Convergence failed at  61  side 1    Res =  0.6118E+01
 MRCHDU: Convergence failed at  62  side 1    Res =  0.5051E+01
 MRCHDU: Convergence failed at  63  side 1    Res =  0.4441E+01
 MRCHDU: Convergence failed at  64  side 1    Res =  0.6336E+01
 MRCHDU: Convergence failed at  65  side 1    Res =  0.7178E+01
 MRCHDU: Convergence failed at  66  side 1    Res =  0.1846E+02
 MRCHDU: Convergence failed at  67  side 1    Res =  0.1777E+02
 MRCHDU: Convergence failed at  68  side 1    Res =  0.2947E+02
 MRCHDU: Convergence failed at  69  side 1    Res =  0.1667E+03
 MRCHDU: Convergence failed at  70  side 1    Res =  0.5998E+02
 MRCHDU: Convergence failed at  71  side 1    Res =  0.2344E+02
 MRCHDU: Convergence failed at  72  side 1    Res =  0.1514E+02
 MRCHDU: Convergence failed at  73  side 1    Res =  0.1064E+02
 MRCHDU: Convergence failed at  74  side 1    Res =  0.9821E+01
 MRCHDU: Convergence failed at  75  side 1    Res =  0.1985E+02
 Side 1  free  transition at x/c =  0.7273   59
 Side 2  free  transition at x/c =  0.8169   70

 229   rms: 0.6375E+00   max: 0.3361E+01   D at   75  1   RLX: 0.446
       a =  1.500      CL =  0.8678
      Cm = -0.2077     CD =  0.00668   =>   CDf =  0.00487    CDp =  0.00180

 Side 1  free  transition at x/c =  0.7054   57
 Side 2  free  transition at x/c =  0.8065   70

 230   rms: 0.1947E+00   max: -.5778E+00   D at   88  2   RLX: 0.640
       a =  1.500      CL =  0.8684
      Cm = -0.1699     CD =  0.01411   =>   CDf =  0.00539    CDp =  0.00872

 MRCHDU: Convergence failed at  59  side 1    Res =  0.2835E+01
 MRCHDU: Convergence failed at  60  side 1    Res =  0.2980E+02
 MRCHDU: Convergence failed at  61  side 1    Res =  0.6151E+01
 MRCHDU: Convergence failed at  62  side 1    Res =  0.5078E+01
 MRCHDU: Convergence failed at  63  side 1    Res =  0.4463E+01
 MRCHDU: Convergence failed at  64  side 1    Res =  0.6350E+01
 MRCHDU: Convergence failed at  65  side 1    Res =  0.7207E+01
 MRCHDU: Convergence failed at  66  side 1    Res =  0.1829E+02
 MRCHDU: Convergence failed at  67  side 1    Res =  0.1759E+02
 MRCHDU: Convergence failed at  68  side 1    Res =  0.2895E+02
 MRCHDU: Convergence failed at  69  side 1    Res =  0.1510E+03
 MRCHDU: Convergence failed at  70  side 1    Res =  0.6250E+02
 MRCHDU: Convergence failed at  71  side 1    Res =  0.2381E+02
 MRCHDU: Convergence failed at  72  side 1    Res =  0.1531E+02
 MRCHDU: Convergence failed at  73  side 1    Res =  0.1074E+02
 MRCHDU: Convergence failed at  74  side 1    Res =  0.9772E+01
 MRCHDU: Convergence failed at  75  side 1    Res =  0.1989E+02
 Side 1  free  transition at x/c =  0.7273   59
 Side 2  free  transition at x/c =  0.8119   70

 231   rms: 0.6286E+00   max: 0.3382E+01   D at   75  1   RLX: 0.444
       a =  1.500      CL =  0.8675
      Cm = -0.2083     CD =  0.00672   =>   CDf =  0.00491    CDp =  0.00181

 Side 1  free  transition at x/c =  0.7054   57
 Side 2  free  transition at x/c =  0.8035   69

 232   rms: 0.1953E+00   max: -.5796E+00   D at   88  2   RLX: 0.640
       a =  1.500      CL =  0.8718
      Cm = -0.1710     CD =  0.01422   =>   CDf =  0.00541    CDp =  0.00881

 MRCHDU: Convergence failed at  59  side 1    Res =  0.2805E+01
 MRCHDU: Convergence failed at  60  side 1    Res =  0.2971E+02
 MRCHDU: Convergence failed at  61  side 1    Res =  0.6128E+01
 MRCHDU: Convergence failed at  62  side 1    Res =  0.5059E+01
 MRCHDU: Convergence failed at  63  side 1    Res =  0.4447E+01
 MRCHDU: Convergence failed at  64  side 1    Res =  0.6341E+01
 MRCHDU: Convergence failed at  65  side 1    Res =  0.7188E+01
 MRCHDU: Convergence failed at  66  side 1    Res =  0.1821E+02
 MRCHDU: Convergence failed at  67  side 1    Res =  0.1754E+02
 MRCHDU: Convergence failed at  68  side 1    Res =  0.2882E+02
 MRCHDU: Convergence failed at  69  side 1    Res =  0.1481E+03
 MRCHDU: Convergence failed at  70  side 1    Res =  0.6287E+02
 MRCHDU: Convergence failed at  71  side 1    Res =  0.2382E+02
 MRCHDU: Convergence failed at  72  side 1    Res =  0.1530E+02
 MRCHDU: Convergence failed at  73  side 1    Res =  0.1072E+02
 MRCHDU: Convergence failed at  74  side 1    Res =  0.9748E+01
 MRCHDU: Convergence failed at  75  side 1    Res =  0.1959E+02
 Side 1  free  transition at x/c =  0.7273   59
 Side 2  free  transition at x/c =  0.8162   70

 233   rms: 0.6308E+00   max: 0.3384E+01   D at   75  1   RLX: 0.443
       a =  1.500      CL =  0.8670
      Cm = -0.2080     CD =  0.00670   =>   CDf =  0.00493    CDp =  0.00177

 Side 1  free  transition at x/c =  0.7055   57
 Side 2  free  transition at x/c =  0.8020   69

 234   rms: 0.1952E+00   max: -.5801E+00   D at   88  2   RLX: 0.636
       a =  1.500      CL =  0.8715
      Cm = -0.1710     CD =  0.01421   =>   CDf =  0.00542    CDp =  0.00879

 MRCHDU: Convergence failed at  59  side 1    Res =  0.2825E+01
 MRCHDU: Convergence failed at  60  side 1    Res =  0.2921E+02
 MRCHDU: Convergence failed at  61  side 1    Res =  0.6059E+01
 MRCHDU: Convergence failed at  62  side 1    Res =  0.5020E+01
 MRCHDU: Convergence failed at  63  side 1    Res =  0.4421E+01
 MRCHDU: Convergence failed at  64  side 1    Res =  0.6325E+01
 MRCHDU: Convergence failed at  65  side 1    Res =  0.7155E+01
 MRCHDU: Convergence failed at  66  side 1    Res =  0.1927E+02
 MRCHDU: Convergence failed at  67  side 1    Res =  0.1851E+02
 MRCHDU: Convergence failed at  68  side 1    Res =  0.3161E+02
 MRCHDU: Convergence failed at  69  side 1    Res =  0.2687E+03
 MRCHDU: Convergence failed at  70  side 1    Res =  0.5269E+02
 MRCHDU: Convergence failed at  71  side 1    Res =  0.2237E+02
 MRCHDU: Convergence failed at  72  side 1    Res =  0.1510E+02
 MRCHDU: Convergence failed at  73  side 1    Res =  0.1043E+02
 MRCHDU: Convergence failed at  74  side 1    Res =  0.1003E+02
 MRCHDU: Convergence failed at  75  side 1    Res =  0.2083E+02
 Side 1  free  transition at x/c =  0.7274   59
 Side 2  free  transition at x/c =  0.8152   70

 235   rms: 0.6354E+00   max: 0.3370E+01   D at   75  1   RLX: 0.445
       a =  1.500      CL =  0.8679
      Cm = -0.2080     CD =  0.00669   =>   CDf =  0.00489    CDp =  0.00179

 Side 1  free  transition at x/c =  0.7054   57
 Side 2  free  transition at x/c =  0.8049   70

 236   rms: 0.1947E+00   max: -.5788E+00   D at   88  2   RLX: 0.637
       a =  1.500      CL =  0.8686
      Cm = -0.1701     CD =  0.01410   =>   CDf =  0.00541    CDp =  0.00870

 MRCHDU: Convergence failed at  59  side 1    Res =  0.2801E+01
 MRCHDU: Convergence failed at  60  side 1    Res =  0.2858E+02
 MRCHDU: Convergence failed at  61  side 1    Res =  0.6118E+01
 MRCHDU: Convergence failed at  62  side 1    Res =  0.5054E+01
 MRCHDU: Convergence failed at  63  side 1    Res =  0.4445E+01
 MRCHDU: Convergence failed at  64  side 1    Res =  0.6337E+01
 MRCHDU: Convergence failed at  65  side 1    Res =  0.7179E+01
 MRCHDU: Convergence failed at  66  side 1    Res =  0.1897E+02
 MRCHDU: Convergence failed at  67  side 1    Res =  0.1822E+02
 MRCHDU: Convergence failed at  68  side 1    Res =  0.3074E+02
 MRCHDU: Convergence failed at  69  side 1    Res =  0.2158E+03
 MRCHDU: Convergence failed at  70  side 1    Res =  0.5548E+02
 MRCHDU: Convergence failed at  71  side 1    Res =  0.2283E+02
 MRCHDU: Convergence failed at  72  side 1    Res =  0.1534E+02
 MRCHDU: Convergence failed at  73  side 1    Res =  0.1054E+02
 MRCHDU: Convergence failed at  74  side 1    Res =  0.9965E+01
 MRCHDU: Convergence failed at  75  side 1    Res =  0.2062E+02
 Side 1  free  transition at x/c =  0.7273   59
 Side 2  free  transition at x/c =  0.8112   70

 237   rms: 0.6271E+00   max: 0.3385E+01   D at   75  1   RLX: 0.443
       a =  1.500      CL =  0.8676
      Cm = -0.2084     CD =  0.00674   =>   CDf =  0.00492    CDp =  0.00182

 Side 1  free  transition at x/c =  0.7054   57
 Side 2  free  transition at x/c =  0.8032   69

 238   rms: 0.1952E+00   max: -.5799E+00   D at   88  2   RLX: 0.639
       a =  1.500      CL =  0.8718
      Cm = -0.1710     CD =  0.01422   =>   CDf =  0.00541    CDp =  0.00881

 MRCHDU: Convergence failed at  59  side 1    Res =  0.2792E+01
 MRCHDU: Convergence failed at  60  side 1    Res =  0.2912E+02
 MRCHDU: Convergence failed at  61  side 1    Res =  0.6118E+01
 MRCHDU: Convergence failed at  62  side 1    Res =  0.5051E+01
 MRCHDU: Convergence failed at  63  side 1    Res =  0.4441E+01
 MRCHDU: Convergence failed at  64  side 1    Res =  0.6336E+01
 MRCHDU: Convergence failed at  65  side 1    Res =  0.7178E+01
 MRCHDU: Convergence failed at  66  side 1    Res =  0.1846E+02
 MRCHDU: Convergence failed at  67  side 1    Res =  0.1777E+02
 MRCHDU: Convergence failed at  68  side 1    Res =  0.2947E+02
 MRCHDU: Convergence failed at  69  side 1    Res =  0.1668E+03
 MRCHDU: Convergence failed at  70  side 1    Res =  0.5998E+02
 MRCHDU: Convergence failed at  71  side 1    Res =  0.2344E+02
 MRCHDU: Convergence failed at  72  side 1    Res =  0.1514E+02
 MRCHDU: Convergence failed at  73  side 1    Res =  0.1064E+02
 MRCHDU: Convergence failed at  74  side 1    Res =  0.9820E+01
 MRCHDU: Convergence failed at  75  side 1    Res =  0.1985E+02
 Side 1  free  transition at x/c =  0.7273   59
 Side 2  free  transition at x/c =  0.8169   70

 239   rms: 0.6375E+00   max: 0.3361E+01   D at   75  1   RLX: 0.446
       a =  1.500      CL =  0.8678
      Cm = -0.2077     CD =  0.00668   =>   CDf =  0.00487    CDp =  0.00180

 Side 1  free  transition at x/c =  0.7054   57
 Side 2  free  transition at x/c =  0.8065   70

 240   rms: 0.1947E+00   max: -.5778E+00   D at   88  2   RLX: 0.640
       a =  1.500      CL =  0.8684
      Cm = -0.1699     CD =  0.01411   =>   CDf =  0.00539    CDp =  0.00872

 MRCHDU: Convergence failed at  59  side 1    Res =  0.2835E+01
 MRCHDU: Convergence failed at  60  side 1    Res =  0.2980E+02
 MRCHDU: Convergence failed at  61  side 1    Res =  0.6151E+01
 MRCHDU: Convergence failed at  62  side 1    Res =  0.5078E+01
 MRCHDU: Convergence failed at  63  side 1    Res =  0.4463E+01
 MRCHDU: Convergence failed at  64  side 1    Res =  0.6350E+01
 MRCHDU: Convergence failed at  65  side 1    Res =  0.7207E+01
 MRCHDU: Convergence failed at  66  side 1    Res =  0.1829E+02
 MRCHDU: Convergence failed at  67  side 1    Res =  0.1759E+02
 MRCHDU: Convergence failed at  68  side 1    Res =  0.2896E+02
 MRCHDU: Convergence failed at  69  side 1    Res =  0.1512E+03
 MRCHDU: Convergence failed at  70  side 1    Res =  0.6246E+02
 MRCHDU: Convergence failed at  71  side 1    Res =  0.2381E+02
 MRCHDU: Convergence failed at  72  side 1    Res =  0.1531E+02
 MRCHDU: Convergence failed at  73  side 1    Res =  0.1074E+02
 MRCHDU: Convergence failed at  74  side 1    Res =  0.9774E+01
 MRCHDU: Convergence failed at  75  side 1    Res =  0.1990E+02
 Side 1  free  transition at x/c =  0.7273   59
 Side 2  free  transition at x/c =  0.8119   70

 241   rms: 0.6286E+00   max: 0.3382E+01   D at   75  1   RLX: 0.444
       a =  1.500      CL =  0.8675
      Cm = -0.2083     CD =  0.00672   =>   CDf =  0.00491    CDp =  0.00181

 Side 1  free  transition at x/c =  0.7054   57
 Side 2  free  transition at x/c =  0.8035   69

 242   rms: 0.1953E+00   max: -.5796E+00   D at   88  2   RLX: 0.640
       a =  1.500      CL =  0.8719
      Cm = -0.1710     CD =  0.01422   =>   CDf =  0.00541    CDp =  0.00881

 MRCHDU: Convergence failed at  59  side 1    Res =  0.2805E+01
 MRCHDU: Convergence failed at  60  side 1    Res =  0.2970E+02
 MRCHDU: Convergence failed at  61  side 1    Res =  0.6128E+01
 MRCHDU: Convergence failed at  62  side 1    Res =  0.5059E+01
 MRCHDU: Convergence failed at  63  side 1    Res =  0.4447E+01
 MRCHDU: Convergence failed at  64  side 1    Res =  0.6341E+01
 MRCHDU: Convergence failed at  65  side 1    Res =  0.7188E+01
 MRCHDU: Convergence failed at  66  side 1    Res =  0.1821E+02
 MRCHDU: Convergence failed at  67  side 1    Res =  0.1754E+02
 MRCHDU: Convergence failed at  68  side 1    Res =  0.2882E+02
 MRCHDU: Convergence failed at  69  side 1    Res =  0.1481E+03
 MRCHDU: Convergence failed at  70  side 1    Res =  0.6288E+02
 MRCHDU: Convergence failed at  71  side 1    Res =  0.2382E+02
 MRCHDU: Convergence failed at  72  side 1    Res =  0.1530E+02
 MRCHDU: Convergence failed at  73  side 1    Res =  0.1072E+02
 MRCHDU: Convergence failed at  74  side 1    Res =  0.9748E+01
 MRCHDU: Convergence failed at  75  side 1    Res =  0.1959E+02
 Side 1  free  transition at x/c =  0.7273   59
 Side 2  free  transition at x/c =  0.8162   70

 243   rms: 0.6308E+00   max: 0.3384E+01   D at   75  1   RLX: 0.443
       a =  1.500      CL =  0.8670
      Cm = -0.2080     CD =  0.00670   =>   CDf =  0.00493    CDp =  0.00177

 Side 1  free  transition at x/c =  0.7055   57
 Side 2  free  transition at x/c =  0.8020   69

 244   rms: 0.1952E+00   max: -.5801E+00   D at   88  2   RLX: 0.636
       a =  1.500      CL =  0.8715
      Cm = -0.1710     CD =  0.01421   =>   CDf =  0.00542    CDp =  0.00879

 MRCHDU: Convergence failed at  59  side 1    Res =  0.2825E+01
 MRCHDU: Convergence failed at  60  side 1    Res =  0.2921E+02
 MRCHDU: Convergence failed at  61  side 1    Res =  0.6059E+01
 MRCHDU: Convergence failed at  62  side 1    Res =  0.5020E+01
 MRCHDU: Convergence failed at  63  side 1    Res =  0.4421E+01
 MRCHDU: Convergence failed at  64  side 1    Res =  0.6325E+01
 MRCHDU: Convergence failed at  65  side 1    Res =  0.7155E+01
 MRCHDU: Convergence failed at  66  side 1    Res =  0.1927E+02
 MRCHDU: Convergence failed at  67  side 1    Res =  0.1851E+02
 MRCHDU: Convergence failed at  68  side 1    Res =  0.3161E+02
 MRCHDU: Convergence failed at  69  side 1    Res =  0.2692E+03
 MRCHDU: Convergence failed at  70  side 1    Res =  0.5267E+02
 MRCHDU: Convergence failed at  71  side 1    Res =  0.2237E+02
 MRCHDU: Convergence failed at  72  side 1    Res =  0.1510E+02
 MRCHDU: Convergence failed at  73  side 1    Res =  0.1043E+02
 MRCHDU: Convergence failed at  74  side 1    Res =  0.1003E+02
 MRCHDU: Convergence failed at  75  side 1    Res =  0.2083E+02
 Side 1  free  transition at x/c =  0.7274   59
 Side 2  free  transition at x/c =  0.8152   70

 245   rms: 0.6354E+00   max: 0.3370E+01   D at   75  1   RLX: 0.445
       a =  1.500      CL =  0.8679
      Cm = -0.2080     CD =  0.00669   =>   CDf =  0.00489    CDp =  0.00179

 Side 1  free  transition at x/c =  0.7054   57
 Side 2  free  transition at x/c =  0.8049   70

 246   rms: 0.1947E+00   max: -.5788E+00   D at   88  2   RLX: 0.637
       a =  1.500      CL =  0.8686
      Cm = -0.1701     CD =  0.01410   =>   CDf =  0.00541    CDp =  0.00870

 MRCHDU: Convergence failed at  59  side 1    Res =  0.2801E+01
 MRCHDU: Convergence failed at  60  side 1    Res =  0.2858E+02
 MRCHDU: Convergence failed at  61  side 1    Res =  0.6118E+01
 MRCHDU: Convergence failed at  62  side 1    Res =  0.5054E+01
 MRCHDU: Convergence failed at  63  side 1    Res =  0.4445E+01
 MRCHDU: Convergence failed at  64  side 1    Res =  0.6337E+01
 MRCHDU: Convergence failed at  65  side 1    Res =  0.7179E+01
 MRCHDU: Convergence failed at  66  side 1    Res =  0.1897E+02
 MRCHDU: Convergence failed at  67  side 1    Res =  0.1822E+02
 MRCHDU: Convergence failed at  68  side 1    Res =  0.3074E+02
 MRCHDU: Convergence failed at  69  side 1    Res =  0.2157E+03
 MRCHDU: Convergence failed at  70  side 1    Res =  0.5548E+02
 MRCHDU: Convergence failed at  71  side 1    Res =  0.2283E+02
 MRCHDU: Convergence failed at  72  side 1    Res =  0.1534E+02
 MRCHDU: Convergence failed at  73  side 1    Res =  0.1054E+02
 MRCHDU: Convergence failed at  74  side 1    Res =  0.9965E+01
 MRCHDU: Convergence failed at  75  side 1    Res =  0.2062E+02
 Side 1  free  transition at x/c =  0.7273   59
 Side 2  free  transition at x/c =  0.8112   70

 247   rms: 0.6271E+00   max: 0.3385E+01   D at   75  1   RLX: 0.443
       a =  1.500      CL =  0.8676
      Cm = -0.2084     CD =  0.00674   =>   CDf =  0.00492    CDp =  0.00182

 Side 1  free  transition at x/c =  0.7054   57
 Side 2  free  transition at x/c =  0.8032   69

 248   rms: 0.1952E+00   max: -.5799E+00   D at   88  2   RLX: 0.639
       a =  1.500      CL =  0.8718
      Cm = -0.1710     CD =  0.01422   =>   CDf =  0.00541    CDp =  0.00881

 MRCHDU: Convergence failed at  59  side 1    Res =  0.2792E+01
 MRCHDU: Convergence failed at  60  side 1    Res =  0.2911E+02
 MRCHDU: Convergence failed at  61  side 1    Res =  0.6118E+01
 MRCHDU: Convergence failed at  62  side 1    Res =  0.5051E+01
 MRCHDU: Convergence failed at  63  side 1    Res =  0.4441E+01
 MRCHDU: Convergence failed at  64  side 1    Res =  0.6336E+01
 MRCHDU: Convergence failed at  65  side 1    Res =  0.7177E+01
 MRCHDU: Convergence failed at  66  side 1    Res =  0.1846E+02
 MRCHDU: Convergence failed at  67  side 1    Res =  0.1778E+02
 MRCHDU: Convergence failed at  68  side 1    Res =  0.2949E+02
 MRCHDU: Convergence failed at  69  side 1    Res =  0.1673E+03
 MRCHDU: Convergence failed at  70  side 1    Res =  0.5991E+02
 MRCHDU: Convergence failed at  71  side 1    Res =  0.2343E+02
 MRCHDU: Convergence failed at  72  side 1    Res =  0.1514E+02
 MRCHDU: Convergence failed at  73  side 1    Res =  0.1064E+02
 MRCHDU: Convergence failed at  74  side 1    Res =  0.9822E+01
 MRCHDU: Convergence failed at  75  side 1    Res =  0.1986E+02
 Side 1  free  transition at x/c =  0.7273   59
 Side 2  free  transition at x/c =  0.8169   70

 249   rms: 0.6375E+00   max: 0.3361E+01   D at   75  1   RLX: 0.446
       a =  1.500      CL =  0.8678
      Cm = -0.2077     CD =  0.00668   =>   CDf =  0.00487    CDp =  0.00180

 Side 1  free  transition at x/c =  0.7054   57
 Side 2  free  transition at x/c =  0.8065   70

 250   rms: 0.1947E+00   max: -.5778E+00   D at   88  2   RLX: 0.640
       a =  1.500      CL =  0.8684
      Cm = -0.1699     CD =  0.01411   =>   CDf =  0.00539    CDp =  0.00872

 MRCHDU: Convergence failed at  59  side 1    Res =  0.2835E+01
 MRCHDU: Convergence failed at  60  side 1    Res =  0.2980E+02
 MRCHDU: Convergence failed at  61  side 1    Res =  0.6151E+01
 MRCHDU: Convergence failed at  62  side 1    Res =  0.5078E+01
 MRCHDU: Convergence failed at  63  side 1    Res =  0.4463E+01
 MRCHDU: Convergence failed at  64  side 1    Res =  0.6350E+01
 MRCHDU: Convergence failed at  65  side 1    Res =  0.7207E+01
 MRCHDU: Convergence failed at  66  side 1    Res =  0.1829E+02
 MRCHDU: Convergence failed at  67  side 1    Res =  0.1759E+02
 MRCHDU: Convergence failed at  68  side 1    Res =  0.2896E+02
 MRCHDU: Convergence failed at  69  side 1    Res =  0.1512E+03
 MRCHDU: Convergence failed at  70  side 1    Res =  0.6248E+02
 MRCHDU: Convergence failed at  71  side 1    Res =  0.2381E+02
 MRCHDU: Convergence failed at  72  side 1    Res =  0.1531E+02
 MRCHDU: Convergence failed at  73  side 1    Res =  0.1074E+02
 MRCHDU: Convergence failed at  74  side 1    Res =  0.9774E+01
 MRCHDU: Convergence failed at  75  side 1    Res =  0.1990E+02
 Side 1  free  transition at x/c =  0.7273   59
 Side 2  free  transition at x/c =  0.8119   70

 251   rms: 0.6286E+00   max: 0.3382E+01   D at   75  1   RLX: 0.444
       a =  1.500      CL =  0.8675
      Cm = -0.2083     CD =  0.00672   =>   CDf =  0.00491    CDp =  0.00181

 Side 1  free  transition at x/c =  0.7054   57
 Side 2  free  transition at x/c =  0.8035   69

 252   rms: 0.1953E+00   max: -.5796E+00   D at   88  2   RLX: 0.640
       a =  1.500      CL =  0.8719
      Cm = -0.1710     CD =  0.01422   =>   CDf =  0.00541    CDp =  0.00881

 MRCHDU: Convergence failed at  59  side 1    Res =  0.2805E+01
 MRCHDU: Convergence failed at  60  side 1    Res =  0.2969E+02
 MRCHDU: Convergence failed at  61  side 1    Res =  0.6128E+01
 MRCHDU: Convergence failed at  62  side 1    Res =  0.5059E+01
 MRCHDU: Convergence failed at  63  side 1    Res =  0.4447E+01
 MRCHDU: Convergence failed at  64  side 1    Res =  0.6341E+01
 MRCHDU: Convergence failed at  65  side 1    Res =  0.7188E+01
 MRCHDU: Convergence failed at  66  side 1    Res =  0.1821E+02
 MRCHDU: Convergence failed at  67  side 1    Res =  0.1754E+02
 MRCHDU: Convergence failed at  68  side 1    Res =  0.2883E+02
 MRCHDU: Convergence failed at  69  side 1    Res =  0.1482E+03
 MRCHDU: Convergence failed at  70  side 1    Res =  0.6284E+02
 MRCHDU: Convergence failed at  71  side 1    Res =  0.2382E+02
 MRCHDU: Convergence failed at  72  side 1    Res =  0.1529E+02
 MRCHDU: Convergence failed at  73  side 1    Res =  0.1072E+02
 MRCHDU: Convergence failed at  74  side 1    Res =  0.9749E+01
 MRCHDU: Convergence failed at  75  side 1    Res =  0.1959E+02
 Side 1  free  transition at x/c =  0.7273   59
 Side 2  free  transition at x/c =  0.8162   70

 253   rms: 0.6308E+00   max: 0.3384E+01   D at   75  1   RLX: 0.443
       a =  1.500      CL =  0.8670
      Cm = -0.2080     CD =  0.00670   =>   CDf =  0.00493    CDp =  0.00177

 Side 1  free  transition at x/c =  0.7055   57
 Side 2  free  transition at x/c =  0.8020   69

 254   rms: 0.1952E+00   max: -.5801E+00   D at   88  2   RLX: 0.636
       a =  1.500      CL =  0.8715
      Cm = -0.1710     CD =  0.01421   =>   CDf =  0.00542    CDp =  0.00879

 MRCHDU: Convergence failed at  59  side 1    Res =  0.2825E+01
 MRCHDU: Convergence failed at  60  side 1    Res =  0.2921E+02
 MRCHDU: Convergence failed at  61  side 1    Res =  0.6059E+01
 MRCHDU: Convergence failed at  62  side 1    Res =  0.5020E+01
 MRCHDU: Convergence failed at  63  side 1    Res =  0.4421E+01
 MRCHDU: Convergence failed at  64  side 1    Res =  0.6325E+01
 MRCHDU: Convergence failed at  65  side 1    Res =  0.7155E+01
 MRCHDU: Convergence failed at  66  side 1    Res =  0.1927E+02
 MRCHDU: Convergence failed at  67  side 1    Res =  0.1851E+02
 MRCHDU: Convergence failed at  68  side 1    Res =  0.3161E+02
 MRCHDU: Convergence failed at  69  side 1    Res =  0.2685E+03
 MRCHDU: Convergence failed at  70  side 1    Res =  0.5270E+02
 MRCHDU: Convergence failed at  71  side 1    Res =  0.2237E+02
 MRCHDU: Convergence failed at  72  side 1    Res =  0.1510E+02
 MRCHDU: Convergence failed at  73  side 1    Res =  0.1043E+02
 MRCHDU: Convergence failed at  74  side 1    Res =  0.1003E+02
 MRCHDU: Convergence failed at  75  side 1    Res =  0.2083E+02
 Side 1  free  transition at x/c =  0.7274   59
 Side 2  free  transition at x/c =  0.8152   70

 255   rms: 0.6354E+00   max: 0.3370E+01   D at   75  1   RLX: 0.445
       a =  1.500      CL =  0.8679
      Cm = -0.2080     CD =  0.00669   =>   CDf =  0.00489    CDp =  0.00179

 Side 1  free  transition at x/c =  0.7054   57
 Side 2  free  transition at x/c =  0.8049   70

 256   rms: 0.1947E+00   max: -.5788E+00   D at   88  2   RLX: 0.637
       a =  1.500      CL =  0.8686
      Cm = -0.1701     CD =  0.01410   =>   CDf =  0.00541    CDp =  0.00870

 MRCHDU: Convergence failed at  59  side 1    Res =  0.2801E+01
 MRCHDU: Convergence failed at  60  side 1    Res =  0.2858E+02
 MRCHDU: Convergence failed at  61  side 1    Res =  0.6118E+01
 MRCHDU: Convergence failed at  62  side 1    Res =  0.5054E+01
 MRCHDU: Convergence failed at  63  side 1    Res =  0.4445E+01
 MRCHDU: Convergence failed at  64  side 1    Res =  0.6337E+01
 MRCHDU: Convergence failed at  65  side 1    Res =  0.7179E+01
 MRCHDU: Convergence failed at  66  side 1    Res =  0.1897E+02
 MRCHDU: Convergence failed at  67  side 1    Res =  0.1822E+02
 MRCHDU: Convergence failed at  68  side 1    Res =  0.3074E+02
 MRCHDU: Convergence failed at  69  side 1    Res =  0.2156E+03
 MRCHDU: Convergence failed at  70  side 1    Res =  0.5549E+02
 MRCHDU: Convergence failed at  71  side 1    Res =  0.2283E+02
 MRCHDU: Convergence failed at  72  side 1    Res =  0.1534E+02
 MRCHDU: Convergence failed at  73  side 1    Res =  0.1054E+02
 MRCHDU: Convergence failed at  74  side 1    Res =  0.9965E+01
 MRCHDU: Convergence failed at  75  side 1    Res =  0.2061E+02
 Side 1  free  transition at x/c =  0.7273   59
 Side 2  free  transition at x/c =  0.8112   70

 257   rms: 0.6271E+00   max: 0.3385E+01   D at   75  1   RLX: 0.443
       a =  1.500      CL =  0.8676
      Cm = -0.2084     CD =  0.00674   =>   CDf =  0.00492    CDp =  0.00182

 Side 1  free  transition at x/c =  0.7054   57
 Side 2  free  transition at x/c =  0.8032   69

 258   rms: 0.1952E+00   max: -.5799E+00   D at   88  2   RLX: 0.639
       a =  1.500      CL =  0.8718
      Cm = -0.1710     CD =  0.01422   =>   CDf =  0.00541    CDp =  0.00881

 MRCHDU: Convergence failed at  59  side 1    Res =  0.2792E+01
 MRCHDU: Convergence failed at  60  side 1    Res =  0.2911E+02
 MRCHDU: Convergence failed at  61  side 1    Res =  0.6118E+01
 MRCHDU: Convergence failed at  62  side 1    Res =  0.5051E+01
 MRCHDU: Convergence failed at  63  side 1    Res =  0.4441E+01
 MRCHDU: Convergence failed at  64  side 1    Res =  0.6336E+01
 MRCHDU: Convergence failed at  65  side 1    Res =  0.7177E+01
 MRCHDU: Convergence failed at  66  side 1    Res =  0.1846E+02
 MRCHDU: Convergence failed at  67  side 1    Res =  0.1778E+02
 MRCHDU: Convergence failed at  68  side 1    Res =  0.2948E+02
 MRCHDU: Convergence failed at  69  side 1    Res =  0.1672E+03
 MRCHDU: Convergence failed at  70  side 1    Res =  0.5992E+02
 MRCHDU: Convergence failed at  71  side 1    Res =  0.2343E+02
 MRCHDU: Convergence failed at  72  side 1    Res =  0.1514E+02
 MRCHDU: Convergence failed at  73  side 1    Res =  0.1064E+02
 MRCHDU: Convergence failed at  74  side 1    Res =  0.9822E+01
 MRCHDU: Convergence failed at  75  side 1    Res =  0.1986E+02
 Side 1  free  transition at x/c =  0.7273   59
 Side 2  free  transition at x/c =  0.8169   70

 259   rms: 0.6375E+00   max: 0.3361E+01   D at   75  1   RLX: 0.446
       a =  1.500      CL =  0.8678
      Cm = -0.2077     CD =  0.00668   =>   CDf =  0.00487    CDp =  0.00180

 Side 1  free  transition at x/c =  0.7054   57
 Side 2  free  transition at x/c =  0.8065   70

 260   rms: 0.1947E+00   max: -.5778E+00   D at   88  2   RLX: 0.640
       a =  1.500      CL =  0.8684
      Cm = -0.1699     CD =  0.01411   =>   CDf =  0.00539    CDp =  0.00872

 MRCHDU: Convergence failed at  59  side 1    Res =  0.2835E+01
 MRCHDU: Convergence failed at  60  side 1    Res =  0.2980E+02
 MRCHDU: Convergence failed at  61  side 1    Res =  0.6151E+01
 MRCHDU: Convergence failed at  62  side 1    Res =  0.5079E+01
 MRCHDU: Convergence failed at  63  side 1    Res =  0.4463E+01
 MRCHDU: Convergence failed at  64  side 1    Res =  0.6350E+01
 MRCHDU: Convergence failed at  65  side 1    Res =  0.7207E+01
 MRCHDU: Convergence failed at  66  side 1    Res =  0.1829E+02
 MRCHDU: Convergence failed at  67  side 1    Res =  0.1759E+02
 MRCHDU: Convergence failed at  68  side 1    Res =  0.2895E+02
 MRCHDU: Convergence failed at  69  side 1    Res =  0.1510E+03
 MRCHDU: Convergence failed at  70  side 1    Res =  0.6250E+02
 MRCHDU: Convergence failed at  71  side 1    Res =  0.2381E+02
 MRCHDU: Convergence failed at  72  side 1    Res =  0.1531E+02
 MRCHDU: Convergence failed at  73  side 1    Res =  0.1074E+02
 MRCHDU: Convergence failed at  74  side 1    Res =  0.9773E+01
 MRCHDU: Convergence failed at  75  side 1    Res =  0.1989E+02
 Side 1  free  transition at x/c =  0.7273   59
 Side 2  free  transition at x/c =  0.8119   70

 261   rms: 0.6286E+00   max: 0.3382E+01   D at   75  1   RLX: 0.444
       a =  1.500      CL =  0.8675
      Cm = -0.2083     CD =  0.00672   =>   CDf =  0.00491    CDp =  0.00181

 Side 1  free  transition at x/c =  0.7054   57
 Side 2  free  transition at x/c =  0.8035   69

 262   rms: 0.1953E+00   max: -.5796E+00   D at   88  2   RLX: 0.640
       a =  1.500      CL =  0.8719
      Cm = -0.1710     CD =  0.01422   =>   CDf =  0.00541    CDp =  0.00881

 MRCHDU: Convergence failed at  59  side 1    Res =  0.2805E+01
 MRCHDU: Convergence failed at  60  side 1    Res =  0.2970E+02
 MRCHDU: Convergence failed at  61  side 1    Res =  0.6127E+01
 MRCHDU: Convergence failed at  62  side 1    Res =  0.5059E+01
 MRCHDU: Convergence failed at  63  side 1    Res =  0.4447E+01
 MRCHDU: Convergence failed at  64  side 1    Res =  0.6341E+01
 MRCHDU: Convergence failed at  65  side 1    Res =  0.7188E+01
 MRCHDU: Convergence failed at  66  side 1    Res =  0.1821E+02
 MRCHDU: Convergence failed at  67  side 1    Res =  0.1754E+02
 MRCHDU: Convergence failed at  68  side 1    Res =  0.2883E+02
 MRCHDU: Convergence failed at  69  side 1    Res =  0.1483E+03
 MRCHDU: Convergence failed at  70  side 1    Res =  0.6284E+02
 MRCHDU: Convergence failed at  71  side 1    Res =  0.2382E+02
 MRCHDU: Convergence failed at  72  side 1    Res =  0.1529E+02
 MRCHDU: Convergence failed at  73  side 1    Res =  0.1072E+02
 MRCHDU: Convergence failed at  74  side 1    Res =  0.9748E+01
 MRCHDU: Convergence failed at  75  side 1    Res =  0.1958E+02
 Side 1  free  transition at x/c =  0.7273   59
 Side 2  free  transition at x/c =  0.8162   70

 263   rms: 0.6308E+00   max: 0.3384E+01   D at   75  1   RLX: 0.443
       a =  1.500      CL =  0.8670
      Cm = -0.2080     CD =  0.00670   =>   CDf =  0.00493    CDp =  0.00177

 Side 1  free  transition at x/c =  0.7055   57
 Side 2  free  transition at x/c =  0.8020   69

 264   rms: 0.1952E+00   max: -.5801E+00   D at   88  2   RLX: 0.636
       a =  1.500      CL =  0.8715
      Cm = -0.1710     CD =  0.01421   =>   CDf =  0.00542    CDp =  0.00879

 MRCHDU: Convergence failed at  59  side 1    Res =  0.2825E+01
 MRCHDU: Convergence failed at  60  side 1    Res =  0.2921E+02
 MRCHDU: Convergence failed at  61  side 1    Res =  0.6059E+01
 MRCHDU: Convergence failed at  62  side 1    Res =  0.5020E+01
 MRCHDU: Convergence failed at  63  side 1    Res =  0.4421E+01
 MRCHDU: Convergence failed at  64  side 1    Res =  0.6325E+01
 MRCHDU: Convergence failed at  65  side 1    Res =  0.7155E+01
 MRCHDU: Convergence failed at  66  side 1    Res =  0.1927E+02
 MRCHDU: Convergence failed at  67  side 1    Res =  0.1851E+02
 MRCHDU: Convergence failed at  68  side 1    Res =  0.3161E+02
 MRCHDU: Convergence failed at  69  side 1    Res =  0.2689E+03
 MRCHDU: Convergence failed at  70  side 1    Res =  0.5269E+02
 MRCHDU: Convergence failed at  71  side 1    Res =  0.2237E+02
 MRCHDU: Convergence failed at  72  side 1    Res =  0.1510E+02
 MRCHDU: Convergence failed at  73  side 1    Res =  0.1043E+02
 MRCHDU: Convergence failed at  74  side 1    Res =  0.1003E+02
 MRCHDU: Convergence failed at  75  side 1    Res =  0.2083E+02
 Side 1  free  transition at x/c =  0.7274   59
 Side 2  free  transition at x/c =  0.8152   70

 265   rms: 0.6354E+00   max: 0.3370E+01   D at   75  1   RLX: 0.445
       a =  1.500      CL =  0.8679
      Cm = -0.2080     CD =  0.00669   =>   CDf =  0.00489    CDp =  0.00179

 Side 1  free  transition at x/c =  0.7054   57
 Side 2  free  transition at x/c =  0.8049   70

 266   rms: 0.1947E+00   max: -.5788E+00   D at   88  2   RLX: 0.637
       a =  1.500      CL =  0.8686
      Cm = -0.1701     CD =  0.01410   =>   CDf =  0.00541    CDp =  0.00870

 MRCHDU: Convergence failed at  59  side 1    Res =  0.2801E+01
 MRCHDU: Convergence failed at  60  side 1    Res =  0.2859E+02
 MRCHDU: Convergence failed at  61  side 1    Res =  0.6118E+01
 MRCHDU: Convergence failed at  62  side 1    Res =  0.5054E+01
 MRCHDU: Convergence failed at  63  side 1    Res =  0.4445E+01
 MRCHDU: Convergence failed at  64  side 1    Res =  0.6337E+01
 MRCHDU: Convergence failed at  65  side 1    Res =  0.7180E+01
 MRCHDU: Convergence failed at  66  side 1    Res =  0.1897E+02
 MRCHDU: Convergence failed at  67  side 1    Res =  0.1821E+02
 MRCHDU: Convergence failed at  68  side 1    Res =  0.3073E+02
 MRCHDU: Convergence failed at  69  side 1    Res =  0.2153E+03
 MRCHDU: Convergence failed at  70  side 1    Res =  0.5551E+02
 MRCHDU: Convergence failed at  71  side 1    Res =  0.2283E+02
 MRCHDU: Convergence failed at  72  side 1    Res =  0.1534E+02
 MRCHDU: Convergence failed at  73  side 1    Res =  0.1054E+02
 MRCHDU: Convergence failed at  74  side 1    Res =  0.9964E+01
 MRCHDU: Convergence failed at  75  side 1    Res =  0.2061E+02
 Side 1  free  transition at x/c =  0.7273   59
 Side 2  free  transition at x/c =  0.8112   70

 267   rms: 0.6271E+00   max: 0.3385E+01   D at   75  1   RLX: 0.443
       a =  1.500      CL =  0.8676
      Cm = -0.2084     CD =  0.00674   =>   CDf =  0.00492    CDp =  0.00182

 Side 1  free  transition at x/c =  0.7054   57
 Side 2  free  transition at x/c =  0.8032   69

 268   rms: 0.1952E+00   max: -.5799E+00   D at   88  2   RLX: 0.639
       a =  1.500      CL =  0.8718
      Cm = -0.1710     CD =  0.01422   =>   CDf =  0.00541    CDp =  0.00881

 MRCHDU: Convergence failed at  59  side 1    Res =  0.2792E+01
 MRCHDU: Convergence failed at  60  side 1    Res =  0.2911E+02
 MRCHDU: Convergence failed at  61  side 1    Res =  0.6118E+01
 MRCHDU: Convergence failed at  62  side 1    Res =  0.5051E+01
 MRCHDU: Convergence failed at  63  side 1    Res =  0.4441E+01
 MRCHDU: Convergence failed at  64  side 1    Res =  0.6336E+01
 MRCHDU: Convergence failed at  65  side 1    Res =  0.7177E+01
 MRCHDU: Convergence failed at  66  side 1    Res =  0.1846E+02
 MRCHDU: Convergence failed at  67  side 1    Res =  0.1778E+02
 MRCHDU: Convergence failed at  68  side 1    Res =  0.2948E+02
 MRCHDU: Convergence failed at  69  side 1    Res =  0.1670E+03
 MRCHDU: Convergence failed at  70  side 1    Res =  0.5994E+02
 MRCHDU: Convergence failed at  71  side 1    Res =  0.2343E+02
 MRCHDU: Convergence failed at  72  side 1    Res =  0.1514E+02
 MRCHDU: Convergence failed at  73  side 1    Res =  0.1064E+02
 MRCHDU: Convergence failed at  74  side 1    Res =  0.9821E+01
 MRCHDU: Convergence failed at  75  side 1    Res =  0.1985E+02
 Side 1  free  transition at x/c =  0.7273   59
 Side 2  free  transition at x/c =  0.8169   70

 269   rms: 0.6375E+00   max: 0.3361E+01   D at   75  1   RLX: 0.446
       a =  1.500      CL =  0.8678
      Cm = -0.2077     CD =  0.00668   =>   CDf =  0.00487    CDp =  0.00180

 Side 1  free  transition at x/c =  0.7054   57
 Side 2  free  transition at x/c =  0.8065   70

 270   rms: 0.1947E+00   max: -.5778E+00   D at   88  2   RLX: 0.640
       a =  1.500      CL =  0.8684
      Cm = -0.1699     CD =  0.01411   =>   CDf =  0.00539    CDp =  0.00872

 MRCHDU: Convergence failed at  59  side 1    Res =  0.2835E+01
 MRCHDU: Convergence failed at  60  side 1    Res =  0.2980E+02
 MRCHDU: Convergence failed at  61  side 1    Res =  0.6151E+01
 MRCHDU: Convergence failed at  62  side 1    Res =  0.5078E+01
 MRCHDU: Convergence failed at  63  side 1    Res =  0.4463E+01
 MRCHDU: Convergence failed at  64  side 1    Res =  0.6350E+01
 MRCHDU: Convergence failed at  65  side 1    Res =  0.7207E+01
 MRCHDU: Convergence failed at  66  side 1    Res =  0.1830E+02
 MRCHDU: Convergence failed at  67  side 1    Res =  0.1759E+02
 MRCHDU: Convergence failed at  68  side 1    Res =  0.2896E+02
 MRCHDU: Convergence failed at  69  side 1    Res =  0.1513E+03
 MRCHDU: Convergence failed at  70  side 1    Res =  0.6245E+02
 MRCHDU: Convergence failed at  71  side 1    Res =  0.2380E+02
 MRCHDU: Convergence failed at  72  side 1    Res =  0.1531E+02
 MRCHDU: Convergence failed at  73  side 1    Res =  0.1074E+02
 MRCHDU: Convergence failed at  74  side 1    Res =  0.9774E+01
 MRCHDU: Convergence failed at  75  side 1    Res =  0.1990E+02
 Side 1  free  transition at x/c =  0.7273   59
 Side 2  free  transition at x/c =  0.8119   70

 271   rms: 0.6286E+00   max: 0.3382E+01   D at   75  1   RLX: 0.444
       a =  1.500      CL =  0.8675
      Cm = -0.2083     CD =  0.00672   =>   CDf =  0.00491    CDp =  0.00181

 Side 1  free  transition at x/c =  0.7054   57
 Side 2  free  transition at x/c =  0.8035   69

 272   rms: 0.1953E+00   max: -.5796E+00   D at   88  2   RLX: 0.640
       a =  1.500      CL =  0.8719
      Cm = -0.1710     CD =  0.01422   =>   CDf =  0.00541    CDp =  0.00881

 MRCHDU: Convergence failed at  59  side 1    Res =  0.2805E+01
 MRCHDU: Convergence failed at  60  side 1    Res =  0.2970E+02
 MRCHDU: Convergence failed at  61  side 1    Res =  0.6127E+01
 MRCHDU: Convergence failed at  62  side 1    Res =  0.5059E+01
 MRCHDU: Convergence failed at  63  side 1    Res =  0.4447E+01
 MRCHDU: Convergence failed at  64  side 1    Res =  0.6341E+01
 MRCHDU: Convergence failed at  65  side 1    Res =  0.7188E+01
 MRCHDU: Convergence failed at  66  side 1    Res =  0.1821E+02
 MRCHDU: Convergence failed at  67  side 1    Res =  0.1754E+02
 MRCHDU: Convergence failed at  68  side 1    Res =  0.2883E+02
 MRCHDU: Convergence failed at  69  side 1    Res =  0.1483E+03
 MRCHDU: Convergence failed at  70  side 1    Res =  0.6284E+02
 MRCHDU: Convergence failed at  71  side 1    Res =  0.2382E+02
 MRCHDU: Convergence failed at  72  side 1    Res =  0.1529E+02
 MRCHDU: Convergence failed at  73  side 1    Res =  0.1072E+02
 MRCHDU: Convergence failed at  74  side 1    Res =  0.9748E+01
 MRCHDU: Convergence failed at  75  side 1    Res =  0.1959E+02
 Side 1  free  transition at x/c =  0.7273   59
 Side 2  free  transition at x/c =  0.8162   70

 273   rms: 0.6308E+00   max: 0.3384E+01   D at   75  1   RLX: 0.443
       a =  1.500      CL =  0.8670
      Cm = -0.2080     CD =  0.00670   =>   CDf =  0.00493    CDp =  0.00177

 Side 1  free  transition at x/c =  0.7055   57
 Side 2  free  transition at x/c =  0.8020   69

 274   rms: 0.1952E+00   max: -.5801E+00   D at   88  2   RLX: 0.636
       a =  1.500      CL =  0.8715
      Cm = -0.1710     CD =  0.01421   =>   CDf =  0.00542    CDp =  0.00879

 MRCHDU: Convergence failed at  59  side 1    Res =  0.2825E+01
 MRCHDU: Convergence failed at  60  side 1    Res =  0.2921E+02
 MRCHDU: Convergence failed at  61  side 1    Res =  0.6059E+01
 MRCHDU: Convergence failed at  62  side 1    Res =  0.5020E+01
 MRCHDU: Convergence failed at  63  side 1    Res =  0.4421E+01
 MRCHDU: Convergence failed at  64  side 1    Res =  0.6325E+01
 MRCHDU: Convergence failed at  65  side 1    Res =  0.7155E+01
 MRCHDU: Convergence failed at  66  side 1    Res =  0.1926E+02
 MRCHDU: Convergence failed at  67  side 1    Res =  0.1851E+02
 MRCHDU: Convergence failed at  68  side 1    Res =  0.3160E+02
 MRCHDU: Convergence failed at  69  side 1    Res =  0.2684E+03
 MRCHDU: Convergence failed at  70  side 1    Res =  0.5270E+02
 MRCHDU: Convergence failed at  71  side 1    Res =  0.2238E+02
 MRCHDU: Convergence failed at  72  side 1    Res =  0.1510E+02
 MRCHDU: Convergence failed at  73  side 1    Res =  0.1043E+02
 MRCHDU: Convergence failed at  74  side 1    Res =  0.1003E+02
 MRCHDU: Convergence failed at  75  side 1    Res =  0.2083E+02
 Side 1  free  transition at x/c =  0.7274   59
 Side 2  free  transition at x/c =  0.8152   70

 275   rms: 0.6354E+00   max: 0.3370E+01   D at   75  1   RLX: 0.445
       a =  1.500      CL =  0.8679
      Cm = -0.2080     CD =  0.00669   =>   CDf =  0.00489    CDp =  0.00179

 Side 1  free  transition at x/c =  0.7054   57
 Side 2  free  transition at x/c =  0.8049   70

 276   rms: 0.1947E+00   max: -.5788E+00   D at   88  2   RLX: 0.637
       a =  1.500      CL =  0.8686
      Cm = -0.1701     CD =  0.01410   =>   CDf =  0.00541    CDp =  0.00870

 MRCHDU: Convergence failed at  59  side 1    Res =  0.2801E+01
 MRCHDU: Convergence failed at  60  side 1    Res =  0.2858E+02
 MRCHDU: Convergence failed at  61  side 1    Res =  0.6118E+01
 MRCHDU: Convergence failed at  62  side 1    Res =  0.5054E+01
 MRCHDU: Convergence failed at  63  side 1    Res =  0.4445E+01
 MRCHDU: Convergence failed at  64  side 1    Res =  0.6337E+01
 MRCHDU: Convergence failed at  65  side 1    Res =  0.7180E+01
 MRCHDU: Convergence failed at  66  side 1    Res =  0.1897E+02
 MRCHDU: Convergence failed at  67  side 1    Res =  0.1822E+02
 MRCHDU: Convergence failed at  68  side 1    Res =  0.3074E+02
 MRCHDU: Convergence failed at  69  side 1    Res =  0.2157E+03
 MRCHDU: Convergence failed at  70  side 1    Res =  0.5548E+02
 MRCHDU: Convergence failed at  71  side 1    Res =  0.2283E+02
 MRCHDU: Convergence failed at  72  side 1    Res =  0.1534E+02
 MRCHDU: Convergence failed at  73  side 1    Res =  0.1054E+02
 MRCHDU: Convergence failed at  74  side 1    Res =  0.9966E+01
 MRCHDU: Convergence failed at  75  side 1    Res =  0.2062E+02
 Side 1  free  transition at x/c =  0.7273   59
 Side 2  free  transition at x/c =  0.8112   70

 277   rms: 0.6271E+00   max: 0.3385E+01   D at   75  1   RLX: 0.443
       a =  1.500      CL =  0.8676
      Cm = -0.2084     CD =  0.00674   =>   CDf =  0.00492    CDp =  0.00182

 Side 1  free  transition at x/c =  0.7054   57
 Side 2  free  transition at x/c =  0.8032   69

 278   rms: 0.1952E+00   max: -.5799E+00   D at   88  2   RLX: 0.639
       a =  1.500      CL =  0.8718
      Cm = -0.1710     CD =  0.01422   =>   CDf =  0.00541    CDp =  0.00881

 MRCHDU: Convergence failed at  59  side 1    Res =  0.2793E+01
 MRCHDU: Convergence failed at  60  side 1    Res =  0.2911E+02
 MRCHDU: Convergence failed at  61  side 1    Res =  0.6118E+01
 MRCHDU: Convergence failed at  62  side 1    Res =  0.5052E+01
 MRCHDU: Convergence failed at  63  side 1    Res =  0.4441E+01
 MRCHDU: Convergence failed at  64  side 1    Res =  0.6336E+01
 MRCHDU: Convergence failed at  65  side 1    Res =  0.7178E+01
 MRCHDU: Convergence failed at  66  side 1    Res =  0.1846E+02
 MRCHDU: Convergence failed at  67  side 1    Res =  0.1778E+02
 MRCHDU: Convergence failed at  68  side 1    Res =  0.2948E+02
 MRCHDU: Convergence failed at  69  side 1    Res =  0.1669E+03
 MRCHDU: Convergence failed at  70  side 1    Res =  0.5995E+02
 MRCHDU: Convergence failed at  71  side 1    Res =  0.2344E+02
 MRCHDU: Convergence failed at  72  side 1    Res =  0.1514E+02
 MRCHDU: Convergence failed at  73  side 1    Res =  0.1064E+02
 MRCHDU: Convergence failed at  74  side 1    Res =  0.9821E+01
 MRCHDU: Convergence failed at  75  side 1    Res =  0.1985E+02
 Side 1  free  transition at x/c =  0.7273   59
 Side 2  free  transition at x/c =  0.8169   70

 279   rms: 0.6375E+00   max: 0.3361E+01   D at   75  1   RLX: 0.446
       a =  1.500      CL =  0.8678
      Cm = -0.2077     CD =  0.00668   =>   CDf =  0.00487    CDp =  0.00180

 Side 1  free  transition at x/c =  0.7054   57
 Side 2  free  transition at x/c =  0.8065   70

 280   rms: 0.1947E+00   max: -.5778E+00   D at   88  2   RLX: 0.640
       a =  1.500      CL =  0.8684
      Cm = -0.1699     CD =  0.01411   =>   CDf =  0.00539    CDp =  0.00872

 MRCHDU: Convergence failed at  59  side 1    Res =  0.2835E+01
 MRCHDU: Convergence failed at  60  side 1    Res =  0.2981E+02
 MRCHDU: Convergence failed at  61  side 1    Res =  0.6151E+01
 MRCHDU: Convergence failed at  62  side 1    Res =  0.5078E+01
 MRCHDU: Convergence failed at  63  side 1    Res =  0.4463E+01
 MRCHDU: Convergence failed at  64  side 1    Res =  0.6350E+01
 MRCHDU: Convergence failed at  65  side 1    Res =  0.7207E+01
 MRCHDU: Convergence failed at  66  side 1    Res =  0.1829E+02
 MRCHDU: Convergence failed at  67  side 1    Res =  0.1759E+02
 MRCHDU: Convergence failed at  68  side 1    Res =  0.2895E+02
 MRCHDU: Convergence failed at  69  side 1    Res =  0.1510E+03
 MRCHDU: Convergence failed at  70  side 1    Res =  0.6251E+02
 MRCHDU: Convergence failed at  71  side 1    Res =  0.2381E+02
 MRCHDU: Convergence failed at  72  side 1    Res =  0.1531E+02
 MRCHDU: Convergence failed at  73  side 1    Res =  0.1074E+02
 MRCHDU: Convergence failed at  74  side 1    Res =  0.9773E+01
 MRCHDU: Convergence failed at  75  side 1    Res =  0.1989E+02
 Side 1  free  transition at x/c =  0.7273   59
 Side 2  free  transition at x/c =  0.8119   70

 281   rms: 0.6286E+00   max: 0.3382E+01   D at   75  1   RLX: 0.444
       a =  1.500      CL =  0.8675
      Cm = -0.2083     CD =  0.00672   =>   CDf =  0.00491    CDp =  0.00181

 Side 1  free  transition at x/c =  0.7054   57
 Side 2  free  transition at x/c =  0.8035   69

 282   rms: 0.1953E+00   max: -.5796E+00   D at   88  2   RLX: 0.640
       a =  1.500      CL =  0.8719
      Cm = -0.1710     CD =  0.01422   =>   CDf =  0.00541    CDp =  0.00881

 MRCHDU: Convergence failed at  59  side 1    Res =  0.2805E+01
 MRCHDU: Convergence failed at  60  side 1    Res =  0.2970E+02
 MRCHDU: Convergence failed at  61  side 1    Res =  0.6127E+01
 MRCHDU: Convergence failed at  62  side 1    Res =  0.5059E+01
 MRCHDU: Convergence failed at  63  side 1    Res =  0.4447E+01
 MRCHDU: Convergence failed at  64  side 1    Res =  0.6341E+01
 MRCHDU: Convergence failed at  65  side 1    Res =  0.7188E+01
 MRCHDU: Convergence failed at  66  side 1    Res =  0.1821E+02
 MRCHDU: Convergence failed at  67  side 1    Res =  0.1754E+02
 MRCHDU: Convergence failed at  68  side 1    Res =  0.2883E+02
 MRCHDU: Convergence failed at  69  side 1    Res =  0.1482E+03
 MRCHDU: Convergence failed at  70  side 1    Res =  0.6285E+02
 MRCHDU: Convergence failed at  71  side 1    Res =  0.2382E+02
 MRCHDU: Convergence failed at  72  side 1    Res =  0.1529E+02
 MRCHDU: Convergence failed at  73  side 1    Res =  0.1072E+02
 MRCHDU: Convergence failed at  74  side 1    Res =  0.9748E+01
 MRCHDU: Convergence failed at  75  side 1    Res =  0.1959E+02
 Side 1  free  transition at x/c =  0.7273   59
 Side 2  free  transition at x/c =  0.8162   70

 283   rms: 0.6308E+00   max: 0.3384E+01   D at   75  1   RLX: 0.443
       a =  1.500      CL =  0.8670
      Cm = -0.2080     CD =  0.00670   =>   CDf =  0.00493    CDp =  0.00177

 Side 1  free  transition at x/c =  0.7055   57
 Side 2  free  transition at x/c =  0.8020   69

 284   rms: 0.1952E+00   max: -.5801E+00   D at   88  2   RLX: 0.636
       a =  1.500      CL =  0.8715
      Cm = -0.1710     CD =  0.01421   =>   CDf =  0.00542    CDp =  0.00879

 MRCHDU: Convergence failed at  59  side 1    Res =  0.2825E+01
 MRCHDU: Convergence failed at  60  side 1    Res =  0.2921E+02
 MRCHDU: Convergence failed at  61  side 1    Res =  0.6059E+01
 MRCHDU: Convergence failed at  62  side 1    Res =  0.5020E+01
 MRCHDU: Convergence failed at  63  side 1    Res =  0.4421E+01
 MRCHDU: Convergence failed at  64  side 1    Res =  0.6325E+01
 MRCHDU: Convergence failed at  65  side 1    Res =  0.7155E+01
 MRCHDU: Convergence failed at  66  side 1    Res =  0.1927E+02
 MRCHDU: Convergence failed at  67  side 1    Res =  0.1851E+02
 MRCHDU: Convergence failed at  68  side 1    Res =  0.3161E+02
 MRCHDU: Convergence failed at  69  side 1    Res =  0.2689E+03
 MRCHDU: Convergence failed at  70  side 1    Res =  0.5269E+02
 MRCHDU: Convergence failed at  71  side 1    Res =  0.2237E+02
 MRCHDU: Convergence failed at  72  side 1    Res =  0.1510E+02
 MRCHDU: Convergence failed at  73  side 1    Res =  0.1043E+02
 MRCHDU: Convergence failed at  74  side 1    Res =  0.1003E+02
 MRCHDU: Convergence failed at  75  side 1    Res =  0.2083E+02
 Side 1  free  transition at x/c =  0.7274   59
 Side 2  free  transition at x/c =  0.8152   70

 285   rms: 0.6354E+00   max: 0.3370E+01   D at   75  1   RLX: 0.445
       a =  1.500      CL =  0.8679
      Cm = -0.2080     CD =  0.00669   =>   CDf =  0.00489    CDp =  0.00179

 Side 1  free  transition at x/c =  0.7054   57
 Side 2  free  transition at x/c =  0.8049   70

 286   rms: 0.1947E+00   max: -.5788E+00   D at   88  2   RLX: 0.637
       a =  1.500      CL =  0.8686
      Cm = -0.1701     CD =  0.01410   =>   CDf =  0.00541    CDp =  0.00870

 MRCHDU: Convergence failed at  59  side 1    Res =  0.2801E+01
 MRCHDU: Convergence failed at  60  side 1    Res =  0.2858E+02
 MRCHDU: Convergence failed at  61  side 1    Res =  0.6118E+01
 MRCHDU: Convergence failed at  62  side 1    Res =  0.5054E+01
 MRCHDU: Convergence failed at  63  side 1    Res =  0.4445E+01
 MRCHDU: Convergence failed at  64  side 1    Res =  0.6337E+01
 MRCHDU: Convergence failed at  65  side 1    Res =  0.7179E+01
 MRCHDU: Convergence failed at  66  side 1    Res =  0.1897E+02
 MRCHDU: Convergence failed at  67  side 1    Res =  0.1822E+02
 MRCHDU: Convergence failed at  68  side 1    Res =  0.3074E+02
 MRCHDU: Convergence failed at  69  side 1    Res =  0.2159E+03
 MRCHDU: Convergence failed at  70  side 1    Res =  0.5547E+02
 MRCHDU: Convergence failed at  71  side 1    Res =  0.2283E+02
 MRCHDU: Convergence failed at  72  side 1    Res =  0.1534E+02
 MRCHDU: Convergence failed at  73  side 1    Res =  0.1054E+02
 MRCHDU: Convergence failed at  74  side 1    Res =  0.9965E+01
 MRCHDU: Convergence failed at  75  side 1    Res =  0.2062E+02
 Side 1  free  transition at x/c =  0.7273   59
 Side 2  free  transition at x/c =  0.8112   70

 287   rms: 0.6271E+00   max: 0.3385E+01   D at   75  1   RLX: 0.443
       a =  1.500      CL =  0.8676
      Cm = -0.2084     CD =  0.00674   =>   CDf =  0.00492    CDp =  0.00182

 Side 1  free  transition at x/c =  0.7054   57
 Side 2  free  transition at x/c =  0.8032   69

 288   rms: 0.1952E+00   max: -.5799E+00   D at   88  2   RLX: 0.639
       a =  1.500      CL =  0.8718
      Cm = -0.1710     CD =  0.01422   =>   CDf =  0.00541    CDp =  0.00881

 MRCHDU: Convergence failed at  59  side 1    Res =  0.2792E+01
 MRCHDU: Convergence failed at  60  side 1    Res =  0.2911E+02
 MRCHDU: Convergence failed at  61  side 1    Res =  0.6118E+01
 MRCHDU: Convergence failed at  62  side 1    Res =  0.5051E+01
 MRCHDU: Convergence failed at  63  side 1    Res =  0.4441E+01
 MRCHDU: Convergence failed at  64  side 1    Res =  0.6336E+01
 MRCHDU: Convergence failed at  65  side 1    Res =  0.7178E+01
 MRCHDU: Convergence failed at  66  side 1    Res =  0.1846E+02
 MRCHDU: Convergence failed at  67  side 1    Res =  0.1778E+02
 MRCHDU: Convergence failed at  68  side 1    Res =  0.2948E+02
 MRCHDU: Convergence failed at  69  side 1    Res =  0.1670E+03
 MRCHDU: Convergence failed at  70  side 1    Res =  0.5994E+02
 MRCHDU: Convergence failed at  71  side 1    Res =  0.2344E+02
 MRCHDU: Convergence failed at  72  side 1    Res =  0.1514E+02
 MRCHDU: Convergence failed at  73  side 1    Res =  0.1064E+02
 MRCHDU: Convergence failed at  74  side 1    Res =  0.9822E+01
 MRCHDU: Convergence failed at  75  side 1    Res =  0.1985E+02
 Side 1  free  transition at x/c =  0.7273   59
 Side 2  free  transition at x/c =  0.8169   70

 289   rms: 0.6375E+00   max: 0.3361E+01   D at   75  1   RLX: 0.446
       a =  1.500      CL =  0.8678
      Cm = -0.2077     CD =  0.00668   =>   CDf =  0.00487    CDp =  0.00180

 Side 1  free  transition at x/c =  0.7054   57
 Side 2  free  transition at x/c =  0.8065   70

 290   rms: 0.1947E+00   max: -.5778E+00   D at   88  2   RLX: 0.640
       a =  1.500      CL =  0.8684
      Cm = -0.1699     CD =  0.01411   =>   CDf =  0.00539    CDp =  0.00872

 MRCHDU: Convergence failed at  59  side 1    Res =  0.2835E+01
 MRCHDU: Convergence failed at  60  side 1    Res =  0.2980E+02
 MRCHDU: Convergence failed at  61  side 1    Res =  0.6151E+01
 MRCHDU: Convergence failed at  62  side 1    Res =  0.5078E+01
 MRCHDU: Convergence failed at  63  side 1    Res =  0.4463E+01
 MRCHDU: Convergence failed at  64  side 1    Res =  0.6350E+01
 MRCHDU: Convergence failed at  65  side 1    Res =  0.7207E+01
 MRCHDU: Convergence failed at  66  side 1    Res =  0.1829E+02
 MRCHDU: Convergence failed at  67  side 1    Res =  0.1759E+02
 MRCHDU: Convergence failed at  68  side 1    Res =  0.2895E+02
 MRCHDU: Convergence failed at  69  side 1    Res =  0.1511E+03
 MRCHDU: Convergence failed at  70  side 1    Res =  0.6250E+02
 MRCHDU: Convergence failed at  71  side 1    Res =  0.2381E+02
 MRCHDU: Convergence failed at  72  side 1    Res =  0.1531E+02
 MRCHDU: Convergence failed at  73  side 1    Res =  0.1074E+02
 MRCHDU: Convergence failed at  74  side 1    Res =  0.9773E+01
 MRCHDU: Convergence failed at  75  side 1    Res =  0.1989E+02
 Side 1  free  transition at x/c =  0.7273   59
 Side 2  free  transition at x/c =  0.8119   70

 291   rms: 0.6286E+00   max: 0.3382E+01   D at   75  1   RLX: 0.444
       a =  1.500      CL =  0.8675
      Cm = -0.2083     CD =  0.00672   =>   CDf =  0.00491    CDp =  0.00181

 Side 1  free  transition at x/c =  0.7054   57
 Side 2  free  transition at x/c =  0.8035   69

 292   rms: 0.1953E+00   max: -.5796E+00   D at   88  2   RLX: 0.640
       a =  1.500      CL =  0.8719
      Cm = -0.1710     CD =  0.01422   =>   CDf =  0.00541    CDp =  0.00881

 MRCHDU: Convergence failed at  59  side 1    Res =  0.2805E+01
 MRCHDU: Convergence failed at  60  side 1    Res =  0.2970E+02
 MRCHDU: Convergence failed at  61  side 1    Res =  0.6128E+01
 MRCHDU: Convergence failed at  62  side 1    Res =  0.5059E+01
 MRCHDU: Convergence failed at  63  side 1    Res =  0.4447E+01
 MRCHDU: Convergence failed at  64  side 1    Res =  0.6341E+01
 MRCHDU: Convergence failed at  65  side 1    Res =  0.7188E+01
 MRCHDU: Convergence failed at  66  side 1    Res =  0.1821E+02
 MRCHDU: Convergence failed at  67  side 1    Res =  0.1754E+02
 MRCHDU: Convergence failed at  68  side 1    Res =  0.2883E+02
 MRCHDU: Convergence failed at  69  side 1    Res =  0.1483E+03
 MRCHDU: Convergence failed at  70  side 1    Res =  0.6284E+02
 MRCHDU: Convergence failed at  71  side 1    Res =  0.2382E+02
 MRCHDU: Convergence failed at  72  side 1    Res =  0.1529E+02
 MRCHDU: Convergence failed at  73  side 1    Res =  0.1072E+02
 MRCHDU: Convergence failed at  74  side 1    Res =  0.9749E+01
 MRCHDU: Convergence failed at  75  side 1    Res =  0.1959E+02
 Side 1  free  transition at x/c =  0.7273   59
 Side 2  free  transition at x/c =  0.8162   70

 293   rms: 0.6308E+00   max: 0.3384E+01   D at   75  1   RLX: 0.443
       a =  1.500      CL =  0.8670
      Cm = -0.2080     CD =  0.00670   =>   CDf =  0.00493    CDp =  0.00177

 Side 1  free  transition at x/c =  0.7055   57
 Side 2  free  transition at x/c =  0.8020   69

 294   rms: 0.1952E+00   max: -.5801E+00   D at   88  2   RLX: 0.636
       a =  1.500      CL =  0.8715
      Cm = -0.1710     CD =  0.01421   =>   CDf =  0.00542    CDp =  0.00879

 MRCHDU: Convergence failed at  59  side 1    Res =  0.2825E+01
 MRCHDU: Convergence failed at  60  side 1    Res =  0.2921E+02
 MRCHDU: Convergence failed at  61  side 1    Res =  0.6059E+01
 MRCHDU: Convergence failed at  62  side 1    Res =  0.5020E+01
 MRCHDU: Convergence failed at  63  side 1    Res =  0.4421E+01
 MRCHDU: Convergence failed at  64  side 1    Res =  0.6325E+01
 MRCHDU: Convergence failed at  65  side 1    Res =  0.7155E+01
 MRCHDU: Convergence failed at  66  side 1    Res =  0.1927E+02
 MRCHDU: Convergence failed at  67  side 1    Res =  0.1851E+02
 MRCHDU: Convergence failed at  68  side 1    Res =  0.3162E+02
 MRCHDU: Convergence failed at  69  side 1    Res =  0.2694E+03
 MRCHDU: Convergence failed at  70  side 1    Res =  0.5267E+02
 MRCHDU: Convergence failed at  71  side 1    Res =  0.2237E+02
 MRCHDU: Convergence failed at  72  side 1    Res =  0.1510E+02
 MRCHDU: Convergence failed at  73  side 1    Res =  0.1043E+02
 MRCHDU: Convergence failed at  74  side 1    Res =  0.1003E+02
 MRCHDU: Convergence failed at  75  side 1    Res =  0.2083E+02
 Side 1  free  transition at x/c =  0.7274   59
 Side 2  free  transition at x/c =  0.8152   70

 295   rms: 0.6354E+00   max: 0.3371E+01   D at   75  1   RLX: 0.445
       a =  1.500      CL =  0.8679
      Cm = -0.2080     CD =  0.00669   =>   CDf =  0.00489    CDp =  0.00179

 Side 1  free  transition at x/c =  0.7054   57
 Side 2  free  transition at x/c =  0.8049   70

 296   rms: 0.1947E+00   max: -.5788E+00   D at   88  2   RLX: 0.637
       a =  1.500      CL =  0.8686
      Cm = -0.1701     CD =  0.01410   =>   CDf =  0.00541    CDp =  0.00870

 MRCHDU: Convergence failed at  59  side 1    Res =  0.2801E+01
 MRCHDU: Convergence failed at  60  side 1    Res =  0.2858E+02
 MRCHDU: Convergence failed at  61  side 1    Res =  0.6118E+01
 MRCHDU: Convergence failed at  62  side 1    Res =  0.5054E+01
 MRCHDU: Convergence failed at  63  side 1    Res =  0.4445E+01
 MRCHDU: Convergence failed at  64  side 1    Res =  0.6337E+01
 MRCHDU: Convergence failed at  65  side 1    Res =  0.7179E+01
 MRCHDU: Convergence failed at  66  side 1    Res =  0.1897E+02
 MRCHDU: Convergence failed at  67  side 1    Res =  0.1822E+02
 MRCHDU: Convergence failed at  68  side 1    Res =  0.3074E+02
 MRCHDU: Convergence failed at  69  side 1    Res =  0.2156E+03
 MRCHDU: Convergence failed at  70  side 1    Res =  0.5549E+02
 MRCHDU: Convergence failed at  71  side 1    Res =  0.2283E+02
 MRCHDU: Convergence failed at  72  side 1    Res =  0.1534E+02
 MRCHDU: Convergence failed at  73  side 1    Res =  0.1054E+02
 MRCHDU: Convergence failed at  74  side 1    Res =  0.9965E+01
 MRCHDU: Convergence failed at  75  side 1    Res =  0.2061E+02
 Side 1  free  transition at x/c =  0.7273   59
 Side 2  free  transition at x/c =  0.8112   70

 297   rms: 0.6271E+00   max: 0.3385E+01   D at   75  1   RLX: 0.443
       a =  1.500      CL =  0.8676
      Cm = -0.2084     CD =  0.00674   =>   CDf =  0.00492    CDp =  0.00182

 Side 1  free  transition at x/c =  0.7054   57
 Side 2  free  transition at x/c =  0.8032   69

 298   rms: 0.1952E+00   max: -.5799E+00   D at   88  2   RLX: 0.639
       a =  1.500      CL =  0.8718
      Cm = -0.1710     CD =  0.01422   =>   CDf =  0.00541    CDp =  0.00881

 MRCHDU: Convergence failed at  59  side 1    Res =  0.2792E+01
 MRCHDU: Convergence failed at  60  side 1    Res =  0.2911E+02
 MRCHDU: Convergence failed at  61  side 1    Res =  0.6118E+01
 MRCHDU: Convergence failed at  62  side 1    Res =  0.5052E+01
 MRCHDU: Convergence failed at  63  side 1    Res =  0.4441E+01
 MRCHDU: Convergence failed at  64  side 1    Res =  0.6336E+01
 MRCHDU: Convergence failed at  65  side 1    Res =  0.7178E+01
 MRCHDU: Convergence failed at  66  side 1    Res =  0.1846E+02
 MRCHDU: Convergence failed at  67  side 1    Res =  0.1778E+02
 MRCHDU: Convergence failed at  68  side 1    Res =  0.2948E+02
 MRCHDU: Convergence failed at  69  side 1    Res =  0.1669E+03
 MRCHDU: Convergence failed at  70  side 1    Res =  0.5995E+02
 MRCHDU: Convergence failed at  71  side 1    Res =  0.2344E+02
 MRCHDU: Convergence failed at  72  side 1    Res =  0.1514E+02
 MRCHDU: Convergence failed at  73  side 1    Res =  0.1064E+02
 MRCHDU: Convergence failed at  74  side 1    Res =  0.9822E+01
 MRCHDU: Convergence failed at  75  side 1    Res =  0.1986E+02
 Side 1  free  transition at x/c =  0.7273   59
 Side 2  free  transition at x/c =  0.8169   70

 299   rms: 0.6375E+00   max: 0.3361E+01   D at   75  1   RLX: 0.446
       a =  1.500      CL =  0.8678
      Cm = -0.2077     CD =  0.00668   =>   CDf =  0.00487    CDp =  0.00180

 Side 1  free  transition at x/c =  0.7054   57
 Side 2  free  transition at x/c =  0.8065   70

 300   rms: 0.1947E+00   max: -.5778E+00   D at   88  2   RLX: 0.640
       a =  1.500      CL =  0.8684
      Cm = -0.1699     CD =  0.01411   =>   CDf =  0.00539    CDp =  0.00872

 MRCHDU: Convergence failed at  59  side 1    Res =  0.2835E+01
 MRCHDU: Convergence failed at  60  side 1    Res =  0.2980E+02
 MRCHDU: Convergence failed at  61  side 1    Res =  0.6151E+01
 MRCHDU: Convergence failed at  62  side 1    Res =  0.5078E+01
 MRCHDU: Convergence failed at  63  side 1    Res =  0.4463E+01
 MRCHDU: Convergence failed at  64  side 1    Res =  0.6350E+01
 MRCHDU: Convergence failed at  65  side 1    Res =  0.7207E+01
 MRCHDU: Convergence failed at  66  side 1    Res =  0.1829E+02
 MRCHDU: Convergence failed at  67  side 1    Res =  0.1759E+02
 MRCHDU: Convergence failed at  68  side 1    Res =  0.2895E+02
 MRCHDU: Convergence failed at  69  side 1    Res =  0.1510E+03
 MRCHDU: Convergence failed at  70  side 1    Res =  0.6251E+02
 MRCHDU: Convergence failed at  71  side 1    Res =  0.2381E+02
 MRCHDU: Convergence failed at  72  side 1    Res =  0.1531E+02
 MRCHDU: Convergence failed at  73  side 1    Res =  0.1074E+02
 MRCHDU: Convergence failed at  74  side 1    Res =  0.9773E+01
 MRCHDU: Convergence failed at  75  side 1    Res =  0.1990E+02
 Side 1  free  transition at x/c =  0.7273   59
 Side 2  free  transition at x/c =  0.8119   70

 301   rms: 0.6286E+00   max: 0.3382E+01   D at   75  1   RLX: 0.444
       a =  1.500      CL =  0.8675
      Cm = -0.2083     CD =  0.00672   =>   CDf =  0.00491    CDp =  0.00181

 Side 1  free  transition at x/c =  0.7054   57
 Side 2  free  transition at x/c =  0.8035   69

 302   rms: 0.1953E+00   max: -.5796E+00   D at   88  2   RLX: 0.640
       a =  1.500      CL =  0.8718
      Cm = -0.1710     CD =  0.01422   =>   CDf =  0.00541    CDp =  0.00881

 MRCHDU: Convergence failed at  59  side 1    Res =  0.2805E+01
 MRCHDU: Convergence failed at  60  side 1    Res =  0.2970E+02
 MRCHDU: Convergence failed at  61  side 1    Res =  0.6128E+01
 MRCHDU: Convergence failed at  62  side 1    Res =  0.5059E+01
 MRCHDU: Convergence failed at  63  side 1    Res =  0.4447E+01
 MRCHDU: Convergence failed at  64  side 1    Res =  0.6341E+01
 MRCHDU: Convergence failed at  65  side 1    Res =  0.7188E+01
 MRCHDU: Convergence failed at  66  side 1    Res =  0.1820E+02
 MRCHDU: Convergence failed at  67  side 1    Res =  0.1754E+02
 MRCHDU: Convergence failed at  68  side 1    Res =  0.2882E+02
 MRCHDU: Convergence failed at  69  side 1    Res =  0.1479E+03
 MRCHDU: Convergence failed at  70  side 1    Res =  0.6290E+02
 MRCHDU: Convergence failed at  71  side 1    Res =  0.2382E+02
 MRCHDU: Convergence failed at  72  side 1    Res =  0.1530E+02
 MRCHDU: Convergence failed at  73  side 1    Res =  0.1072E+02
 MRCHDU: Convergence failed at  74  side 1    Res =  0.9747E+01
 MRCHDU: Convergence failed at  75  side 1    Res =  0.1958E+02
 Side 1  free  transition at x/c =  0.7273   59
 Side 2  free  transition at x/c =  0.8162   70

 303   rms: 0.6308E+00   max: 0.3384E+01   D at   75  1   RLX: 0.443
       a =  1.500      CL =  0.8670
      Cm = -0.2080     CD =  0.00670   =>   CDf =  0.00493    CDp =  0.00177

 Side 1  free  transition at x/c =  0.7055   57
 Side 2  free  transition at x/c =  0.8020   69

 304   rms: 0.1952E+00   max: -.5801E+00   D at   88  2   RLX: 0.636
       a =  1.500      CL =  0.8715
      Cm = -0.1710     CD =  0.01421   =>   CDf =  0.00542    CDp =  0.00879

 MRCHDU: Convergence failed at  59  side 1    Res =  0.2825E+01
 MRCHDU: Convergence failed at  60  side 1    Res =  0.2921E+02
 MRCHDU: Convergence failed at  61  side 1    Res =  0.6059E+01
 MRCHDU: Convergence failed at  62  side 1    Res =  0.5020E+01
 MRCHDU: Convergence failed at  63  side 1    Res =  0.4421E+01
 MRCHDU: Convergence failed at  64  side 1    Res =  0.6325E+01
 MRCHDU: Convergence failed at  65  side 1    Res =  0.7155E+01
 MRCHDU: Convergence failed at  66  side 1    Res =  0.1927E+02
 MRCHDU: Convergence failed at  67  side 1    Res =  0.1851E+02
 MRCHDU: Convergence failed at  68  side 1    Res =  0.3162E+02
 MRCHDU: Convergence failed at  69  side 1    Res =  0.2693E+03
 MRCHDU: Convergence failed at  70  side 1    Res =  0.5267E+02
 MRCHDU: Convergence failed at  71  side 1    Res =  0.2237E+02
 MRCHDU: Convergence failed at  72  side 1    Res =  0.1510E+02
 MRCHDU: Convergence failed at  73  side 1    Res =  0.1043E+02
 MRCHDU: Convergence failed at  74  side 1    Res =  0.1003E+02
 MRCHDU: Convergence failed at  75  side 1    Res =  0.2083E+02
 Side 1  free  transition at x/c =  0.7274   59
 Side 2  free  transition at x/c =  0.8152   70

 305   rms: 0.6354E+00   max: 0.3370E+01   D at   75  1   RLX: 0.445
       a =  1.500      CL =  0.8679
      Cm = -0.2080     CD =  0.00669   =>   CDf =  0.00489    CDp =  0.00179
 VISCAL:  Convergence failed
 Calculating wake trajectory ...
 Calculating source influence matrix ...

 Solving BL system ...

 Side 1  free  transition at x/c =  0.7054   57
 Side 2  free  transition at x/c =  0.8049   70

   1   rms: 0.2284E+00   max: 0.8313E+00   D at   71  2   RLX: 0.685
       a =  2.000      CL =  0.8992
      Cm = -0.1667     CD =  0.01372   =>   CDf =  0.00525    CDp =  0.00847

 Side 1  free  transition at x/c =  0.7158   59
 Side 2  free  transition at x/c =  0.8249   70

   2   rms: 0.1581E+00   max: -.1734E+01   D at    2  1   RLX: 0.288
       a =  2.000      CL =  0.9296
      Cm = -0.1704     CD =  0.01178   =>   CDf =  0.00553    CDp =  0.00625

 Side 1  free  transition at x/c =  0.7135   59
 Side 2  free  transition at x/c =  0.8300   70

   3   rms: 0.7881E-01   max: 0.4842E+00   D at   76  1
       a =  2.000      CL =  0.9726
      Cm = -0.1700     CD =  0.01330   =>   CDf =  0.00548    CDp =  0.00782

 Side 1  free  transition at x/c =  0.7072   59
 Side 2  free  transition at x/c =  0.8415   71

   4   rms: 0.1742E-01   max: -.1091E+00   D at   76  1
       a =  2.000      CL =  0.9518
      Cm = -0.1655     CD =  0.01346   =>   CDf =  0.00536    CDp =  0.00811

 Side 1  free  transition at x/c =  0.7077   59
 Side 2  free  transition at x/c =  0.8398   71

   5   rms: 0.1246E-02   max: -.8896E-02   D at   76  1
       a =  2.000      CL =  0.9504
      Cm = -0.1652     CD =  0.01346   =>   CDf =  0.00535    CDp =  0.00811

 Side 1  free  transition at x/c =  0.7077   59
 Side 2  free  transition at x/c =  0.8396   71

   6   rms: 0.1369E-04   max: -.7171E-04   D at   76  1
       a =  2.000      CL =  0.9504
      Cm = -0.1652     CD =  0.01346   =>   CDf =  0.00535    CDp =  0.00810
 plradd ia,ip,cpol           12           0  0.16966714    

 Point added to stored polar  1
 Point written to save file  fx76mp160_Re300k.base.pol                       
 Dump file unspecified or not available
 Calculating wake trajectory ...
 Calculating source influence matrix ...

 Solving BL system ...

 Side 1  free  transition at x/c =  0.7077   59
 Side 2  free  transition at x/c =  0.8396   71

   1   rms: 0.8759E-01   max: -.4246E+00   T at   71  2
       a =  2.500      CL =  1.0173
      Cm = -0.1666     CD =  0.01302   =>   CDf =  0.00521    CDp =  0.00781

 Side 1  free  transition at x/c =  0.7014   59
 Side 2  free  transition at x/c =  0.8573   71
 idif Ue xi dudx           1  0.16309135      2.84957886E-03   57.233490    
 Uenew xinew           2  1.37069318E-02  2.39491463E-04

   2   rms: 0.5219E-01   max: -.2414E+00   D at   71  2
       a =  2.500      CL =  0.9728
      Cm = -0.1587     CD =  0.01369   =>   CDf =  0.00548    CDp =  0.00821

 Side 1  free  transition at x/c =  0.6926   58
 Side 2  free  transition at x/c =  0.8636   73

   3   rms: 0.2120E-01   max: 0.1444E+00   D at   74  2
       a =  2.500      CL =  0.9888
      Cm = -0.1615     CD =  0.01337   =>   CDf =  0.00532    CDp =  0.00804

 Side 1  free  transition at x/c =  0.6953   58
 Side 2  free  transition at x/c =  0.8614   73

   4   rms: 0.2522E-02   max: -.1156E-01   D at   76  2
       a =  2.500      CL =  0.9861
      Cm = -0.1610     CD =  0.01338   =>   CDf =  0.00528    CDp =  0.00810

 Side 1  free  transition at x/c =  0.6953   58
 Side 2  free  transition at x/c =  0.8612   73

   5   rms: 0.2303E-04   max: -.2059E-03   D at    4  2
       a =  2.500      CL =  0.9861
      Cm = -0.1610     CD =  0.01338   =>   CDf =  0.00529    CDp =  0.00809
 plradd ia,ip,cpol           13           0  0.16966714    

 Point added to stored polar  1
 Point written to save file  fx76mp160_Re300k.base.pol                       
 Dump file unspecified or not available
 Calculating wake trajectory ...
 Calculating source influence matrix ...

 Solving BL system ...

 Side 1  free  transition at x/c =  0.6953   58
 Side 2  free  transition at x/c =  0.8612   73

   1   rms: 0.7807E-01   max: -.4342E+00   T at   73  2
       a =  3.000      CL =  1.0363
      Cm = -0.1590     CD =  0.01274   =>   CDf =  0.00513    CDp =  0.00761

 Side 1  free  transition at x/c =  0.6860   58
 Side 2  free  transition at x/c =  0.8723   72

   2   rms: 0.4505E-01   max: -.4295E+00   D at   74  2
       a =  3.000      CL =  1.0451
      Cm = -0.1613     CD =  0.01321   =>   CDf =  0.00537    CDp =  0.00784

 MRCHDU: Convergence failed at  75  side 2    Res =  0.1759E+03
 MRCHDU: Convergence failed at  76  side 2    Res =  0.3150E+01
 MRCHDU: Convergence failed at  77  side 2    Res =  0.1508E+01
 MRCHDU: Convergence failed at  78  side 2    Res =  0.1067E+01
 Side 1  free  transition at x/c =  0.6855   58
 Side 2  free  transition at x/c =  0.8832   73

   3   rms: 0.5164E-01   max: 0.4235E+00   T at   78  2
       a =  3.000      CL =  1.0454
      Cm = -0.1613     CD =  0.01286   =>   CDf =  0.00524    CDp =  0.00762

 Side 1  free  transition at x/c =  0.6855   58
 Side 2  free  transition at x/c =  0.8813   73

   4   rms: 0.1180E-01   max: -.1278E+00   D at   78  2
       a =  3.000      CL =  1.0393
      Cm = -0.1599     CD =  0.01296   =>   CDf =  0.00531    CDp =  0.00765

 Side 1  free  transition at x/c =  0.6855   58
 Side 2  free  transition at x/c =  0.8785   73

   5   rms: 0.8526E-03   max: -.1454E-01   D at   78  2
       a =  3.000      CL =  1.0391
      Cm = -0.1598     CD =  0.01297   =>   CDf =  0.00532    CDp =  0.00765

 Side 1  free  transition at x/c =  0.6855   58
 Side 2  free  transition at x/c =  0.8784   73

   6   rms: 0.6780E-05   max: -.1338E-03   D at   78  2
       a =  3.000      CL =  1.0391
      Cm = -0.1598     CD =  0.01297   =>   CDf =  0.00532    CDp =  0.00765
 plradd ia,ip,cpol           14           0  0.16966714    

 Point added to stored polar  1
 Point written to save file  fx76mp160_Re300k.base.pol                       
 Dump file unspecified or not available
 Calculating wake trajectory ...
 Calculating source influence matrix ...

 Solving BL system ...

 Side 1  free  transition at x/c =  0.6855   58
 Side 2  free  transition at x/c =  0.8784   73

   1   rms: 0.6934E-01   max: 0.3499E+00   T at   58  1
       a =  3.500      CL =  1.0432
      Cm = -0.1498     CD =  0.01332   =>   CDf =  0.00533    CDp =  0.00799

 Side 1  free  transition at x/c =  0.6643   57
 Side 2  free  transition at x/c =  0.8994   75

   2   rms: 0.5672E-01   max: -.2732E+00   D at   58  1
       a =  3.500      CL =  1.1067
      Cm = -0.1617     CD =  0.01246   =>   CDf =  0.00527    CDp =  0.00719

 Side 1  free  transition at x/c =  0.6780   59
 Side 2  free  transition at x/c =  0.8994   74

   3   rms: 0.4466E-01   max: 0.2177E+00   C at   59  1
       a =  3.500      CL =  1.0816
      Cm = -0.1566     CD =  0.01233   =>   CDf =  0.00514    CDp =  0.00720

 Side 1  free  transition at x/c =  0.6735   59
 Side 2  free  transition at x/c =  0.9000   74

   4   rms: 0.8850E-02   max: -.6158E-01   D at   76  1
       a =  3.500      CL =  1.0790
      Cm = -0.1563     CD =  0.01266   =>   CDf =  0.00524    CDp =  0.00741

 Side 1  free  transition at x/c =  0.6718   59
 Side 2  free  transition at x/c =  0.8999   74

   5   rms: 0.5730E-03   max: -.4646E-02   D at   59  1
       a =  3.500      CL =  1.0791
      Cm = -0.1563     CD =  0.01268   =>   CDf =  0.00530    CDp =  0.00738

 Side 1  free  transition at x/c =  0.6718   59
 Side 2  free  transition at x/c =  0.8999   74

   6   rms: 0.1306E-04   max: -.4604E-04   D at   90  2
       a =  3.500      CL =  1.0791
      Cm = -0.1563     CD =  0.01268   =>   CDf =  0.00530    CDp =  0.00737
 plradd ia,ip,cpol           15           0  0.16966714    

 Point added to stored polar  1
 Point written to save file  fx76mp160_Re300k.base.pol                       
 Dump file unspecified or not available
 Calculating wake trajectory ...
 Calculating source influence matrix ...

 Solving BL system ...

 Side 1  free  transition at x/c =  0.6718   59
 Side 2  free  transition at x/c =  0.8999   74

   1   rms: 0.8353E-01   max: -.4445E+00   T at   74  2
       a =  4.000      CL =  1.1345
      Cm = -0.1554     CD =  0.01199   =>   CDf =  0.00531    CDp =  0.00668

 Side 1  free  transition at x/c =  0.6633   58
 Side 2  free  transition at x/c =  0.9170   75

   2   rms: 0.4681E-01   max: -.2985E+00   D at   77  2
       a =  4.000      CL =  1.1049
      Cm = -0.1504     CD =  0.01267   =>   CDf =  0.00523    CDp =  0.00743

 Side 1  free  transition at x/c =  0.6544   58
 Side 2  free  transition at x/c =  0.9286   76

   3   rms: 0.2107E-01   max: 0.1857E+00   C at   76  2
       a =  4.000      CL =  1.1111
      Cm = -0.1513     CD =  0.01246   =>   CDf =  0.00530    CDp =  0.00716

 Side 1  free  transition at x/c =  0.6568   58
 Side 2  free  transition at x/c =  0.9261   76

   4   rms: 0.2212E-02   max: -.2635E-01   D at   79  2
       a =  4.000      CL =  1.1100
      Cm = -0.1511     CD =  0.01249   =>   CDf =  0.00523    CDp =  0.00725

 Side 1  free  transition at x/c =  0.6566   58
 Side 2  free  transition at x/c =  0.9256   76

   5   rms: 0.3709E-04   max: -.6989E-03   D at   79  2
       a =  4.000      CL =  1.1101
      Cm = -0.1511     CD =  0.01249   =>   CDf =  0.00524    CDp =  0.00725
 plradd ia,ip,cpol           16           0  0.16966714    

 Point added to stored polar  1
 Point written to save file  fx76mp160_Re300k.base.pol                       
 Dump file unspecified or not available
 Calculating wake trajectory ...
 Calculating source influence matrix ...

 Solving BL system ...

 Side 1  free  transition at x/c =  0.6566   58
 Side 2  free  transition at x/c =  0.9256   76

   1   rms: 0.7169E-01   max: -.3314E+00   T at   76  2
       a =  4.500      CL =  1.1560
      Cm = -0.1489     CD =  0.01213   =>   CDf =  0.00505    CDp =  0.00708

 Side 1  free  transition at x/c =  0.6429   58
 Side 2  free  transition at x/c =  0.9485   77

   2   rms: 0.3211E-01   max: -.3759E+00   C at   77  2
       a =  4.500      CL =  1.1497
      Cm = -0.1480     CD =  0.01236   =>   CDf =  0.00528    CDp =  0.00708

 Side 1  free  transition at x/c =  0.6400   58
 Side 2  free  transition at x/c =  0.9605   79

   3   rms: 0.1742E-01   max: -.2051E+00   C at   79  2
       a =  4.500      CL =  1.1581
      Cm = -0.1496     CD =  0.01233   =>   CDf =  0.00523    CDp =  0.00710

 Side 1  free  transition at x/c =  0.6403   58
 Side 2  free  transition at x/c =  0.9605   79

   4   rms: 0.7309E-02   max: 0.1112E+00   C at   79  2
       a =  4.500      CL =  1.1580
      Cm = -0.1496     CD =  0.01233   =>   CDf =  0.00521    CDp =  0.00711

 Side 1  free  transition at x/c =  0.6403   58
 Side 2  free  transition at x/c =  0.9592   79

   5   rms: 0.2163E-03   max: 0.3195E-02   C at   79  2
       a =  4.500      CL =  1.1580
      Cm = -0.1496     CD =  0.01233   =>   CDf =  0.00522    CDp =  0.00711

 Side 1  free  transition at x/c =  0.6403   58
 Side 2  free  transition at x/c =  0.9591   79

   6   rms: 0.9789E-06   max: 0.1117E-04   C at   79  2
       a =  4.500      CL =  1.1580
      Cm = -0.1496     CD =  0.01233   =>   CDf =  0.00522    CDp =  0.00711
 plradd ia,ip,cpol           17           0  0.12267167    

 Point added to stored polar  1
 Point written to save file  fx76mp160_Re300k.base.pol                       
 Dump file unspecified or not available
 Calculating wake trajectory ...
 Calculating source influence matrix ...

 Solving BL system ...

 Side 1  free  transition at x/c =  0.6403   58
 Side 2  free  transition at x/c =  0.9591   79

   1   rms: 0.1813E+00   max: -.2514E+01   C at   79  2   RLX: 0.199
       a =  5.000      CL =  1.1731
      Cm = -0.1505     CD =  0.01230   =>   CDf =  0.00522    CDp =  0.00708

 Side 1  free  transition at x/c =  0.6363   58
 Side 2  free  transition at x/c =  0.9678   80

   2   rms: 0.1925E+00   max: -.2819E+01   C at   80  2   RLX: 0.177
       a =  5.000      CL =  1.1869
      Cm = -0.1517     CD =  0.01233   =>   CDf =  0.00525    CDp =  0.00708

 Side 1  free  transition at x/c =  0.6339   58
 Side 2  free  transition at x/c =  0.9751   80

   3   rms: 0.7161E+00   max: -.1038E+02   C at   80  2   RLX: 0.048
       a =  5.000      CL =  1.1894
      Cm = -0.1518     CD =  0.01234   =>   CDf =  0.00528    CDp =  0.00706

 Side 1  free  transition at x/c =  0.6334   58
 Side 2  free  transition at x/c =  0.9788   81

   4   rms: 0.6538E+00   max: -.1076E+02   C at   81  2   RLX: 0.046
       a =  5.000      CL =  1.1924
      Cm = -0.1522     CD =  0.01233   =>   CDf =  0.00528    CDp =  0.00705

 Side 1  free  transition at x/c =  0.6329   58
 Side 2  free  transition at x/c =  0.9829   81

   5   rms: 0.1131E+01   max: -.1829E+02   C at   81  2   RLX: 0.027
       a =  5.000      CL =  1.1938
      Cm = -0.1523     CD =  0.01232   =>   CDf =  0.00529    CDp =  0.00703

 Side 1  free  transition at x/c =  0.6326   58
 Side 2  free  transition at x/c =  0.9882   82

   6   rms: 0.2062E+01   max: -.3981E+02   C at   82  2   RLX: 0.013
       a =  5.000      CL =  1.1946
      Cm = -0.1524     CD =  0.01231   =>   CDf =  0.00529    CDp =  0.00702

 Side 1  free  transition at x/c =  0.6325   58
 Side 2  free  transition at x/c =  0.9904   82

   7   rms: 0.7644E+00   max: -.1468E+02   C at   82  2   RLX: 0.034
       a =  5.000      CL =  1.1971
      Cm = -0.1527     CD =  0.01231   =>   CDf =  0.00530    CDp =  0.00701

 Side 1  free  transition at x/c =  0.6322   58
 Side 2  free  transition at x/c =  0.9920   82

   8   rms: 0.5425E+00   max: -.1037E+02   C at   82  2   RLX: 0.048
       a =  5.000      CL =  1.2005
      Cm = -0.1531     CD =  0.01230   =>   CDf =  0.00530    CDp =  0.00700

 Side 1  free  transition at x/c =  0.6318   58
 Side 2  free  transition at x/c =  0.9932   82

   9   rms: 0.4333E+00   max: -.8250E+01   C at   82  2   RLX: 0.061
       a =  5.000      CL =  1.2046
      Cm = -0.1536     CD =  0.01230   =>   CDf =  0.00531    CDp =  0.00699

 Side 1  free  transition at x/c =  0.6313   57
 Side 2  free  transition at x/c =  0.9942   83

  10   rms: 0.1446E+01   max: -.3919E+02   C at   83  2   RLX: 0.013
       a =  5.000      CL =  1.2054
      Cm = -0.1537     CD =  0.01229   =>   CDf =  0.00531    CDp =  0.00698

 Side 1  free  transition at x/c =  0.6311   57
 Side 2  free  transition at x/c =  0.9927   82

  11   rms: 0.1007E+01   max: -.1938E+02   C at   82  2   RLX: 0.026
       a =  5.000      CL =  1.2066
      Cm = -0.1538     CD =  0.01230   =>   CDf =  0.00531    CDp =  0.00699

 Side 1  free  transition at x/c =  0.6307   57
 Side 2  free  transition at x/c =  0.9939   83

  12   rms: 0.1436E+01   max: -.3893E+02   C at   83  2   RLX: 0.013
       a =  5.000      CL =  1.2073
      Cm = -0.1539     CD =  0.01231   =>   CDf =  0.00530    CDp =  0.00701

 Side 1  free  transition at x/c =  0.6306   57
 Side 2  free  transition at x/c =  0.9924   82

  13   rms: 0.1078E+01   max: -.2075E+02   C at   82  2   RLX: 0.024
       a =  5.000      CL =  1.2083
      Cm = -0.1540     CD =  0.01232   =>   CDf =  0.00530    CDp =  0.00702

 Side 1  free  transition at x/c =  0.6302   57
 Side 2  free  transition at x/c =  0.9937   83

  14   rms: 0.1427E+01   max: -.3866E+02   C at   83  2   RLX: 0.013
       a =  5.000      CL =  1.2091
      Cm = -0.1542     CD =  0.01232   =>   CDf =  0.00529    CDp =  0.00703

 Side 1  free  transition at x/c =  0.6301   57
 Side 2  free  transition at x/c =  0.9921   82

  15   rms: 0.1166E+01   max: -.2247E+02   C at   82  2   RLX: 0.022
       a =  5.000      CL =  1.2099
      Cm = -0.1542     CD =  0.01233   =>   CDf =  0.00529    CDp =  0.00704

 Side 1  free  transition at x/c =  0.6298   57
 Side 2  free  transition at x/c =  0.9935   83

  16   rms: 0.1420E+01   max: -.3848E+02   C at   83  2   RLX: 0.013
       a =  5.000      CL =  1.2107
      Cm = -0.1543     CD =  0.01234   =>   CDf =  0.00529    CDp =  0.00705

 Side 1  free  transition at x/c =  0.6296   57
 Side 2  free  transition at x/c =  0.9918   82

  17   rms: 0.1264E+01   max: -.2437E+02   C at   82  2   RLX: 0.021
       a =  5.000      CL =  1.2114
      Cm = -0.1544     CD =  0.01235   =>   CDf =  0.00529    CDp =  0.00706

 Side 1  free  transition at x/c =  0.6293   57
 Side 2  free  transition at x/c =  0.9932   82

  18   rms: 0.1026E+01   max: -.1977E+02   C at   82  2   RLX: 0.025
       a =  5.000      CL =  1.2124
      Cm = -0.1545     CD =  0.01236   =>   CDf =  0.00528    CDp =  0.00707

 Side 1  free  transition at x/c =  0.6290   57
 Side 2  free  transition at x/c =  0.9945   83

  19   rms: 0.1282E+01   max: -.3474E+02   C at   83  2   RLX: 0.014
       a =  5.000      CL =  1.2132
      Cm = -0.1546     CD =  0.01236   =>   CDf =  0.00528    CDp =  0.00708

 Side 1  free  transition at x/c =  0.6288   57
 Side 2  free  transition at x/c =  0.9921   82

  20   rms: 0.1229E+01   max: -.2369E+02   C at   82  2   RLX: 0.021
       a =  5.000      CL =  1.2139
      Cm = -0.1547     CD =  0.01237   =>   CDf =  0.00528    CDp =  0.00709

 Side 1  free  transition at x/c =  0.6286   57
 Side 2  free  transition at x/c =  0.9936   83

  21   rms: 0.1347E+01   max: -.3652E+02   C at   83  2   RLX: 0.014
       a =  5.000      CL =  1.2146
      Cm = -0.1548     CD =  0.01237   =>   CDf =  0.00527    CDp =  0.00710

 Side 1  free  transition at x/c =  0.6284   57
 Side 2  free  transition at x/c =  0.9913   82

  22   rms: 0.1429E+01   max: -.2758E+02   C at   82  2   RLX: 0.018
       a =  5.000      CL =  1.2152
      Cm = -0.1548     CD =  0.01238   =>   CDf =  0.00527    CDp =  0.00711

 Side 1  free  transition at x/c =  0.6282   57
 Side 2  free  transition at x/c =  0.9929   82

  23   rms: 0.1133E+01   max: -.2185E+02   C at   82  2   RLX: 0.023
       a =  5.000      CL =  1.2159
      Cm = -0.1549     CD =  0.01239   =>   CDf =  0.00527    CDp =  0.00712

 Side 1  free  transition at x/c =  0.6280   57
 Side 2  free  transition at x/c =  0.9943   83

  24   rms: 0.1285E+01   max: -.3482E+02   C at   83  2   RLX: 0.014
       a =  5.000      CL =  1.2167
      Cm = -0.1550     CD =  0.01239   =>   CDf =  0.00527    CDp =  0.00712

 Side 1  free  transition at x/c =  0.6278   57
 Side 2  free  transition at x/c =  0.9914   82

  25   rms: 0.1444E+01   max: -.2788E+02   C at   82  2   RLX: 0.018
       a =  5.000      CL =  1.2172
      Cm = -0.1550     CD =  0.01240   =>   CDf =  0.00527    CDp =  0.00713

 Side 1  free  transition at x/c =  0.6276   57
 Side 2  free  transition at x/c =  0.9930   82

  26   rms: 0.1151E+01   max: -.2219E+02   C at   82  2   RLX: 0.023
       a =  5.000      CL =  1.2179
      Cm = -0.1551     CD =  0.01240   =>   CDf =  0.00526    CDp =  0.00714

 Side 1  free  transition at x/c =  0.6274   57
 Side 2  free  transition at x/c =  0.9944   83

  27   rms: 0.1279E+01   max: -.3468E+02   C at   83  2   RLX: 0.014
       a =  5.000      CL =  1.2186
      Cm = -0.1552     CD =  0.01240   =>   CDf =  0.00526    CDp =  0.00714

 Side 1  free  transition at x/c =  0.6272   57
 Side 2  free  transition at x/c =  0.9910   82

  28   rms: 0.1550E+01   max: -.2994E+02   C at   82  2   RLX: 0.017
       a =  5.000      CL =  1.2190
      Cm = -0.1552     CD =  0.01241   =>   CDf =  0.00526    CDp =  0.00715

 Side 1  free  transition at x/c =  0.6270   57
 Side 2  free  transition at x/c =  0.9928   82

  29   rms: 0.1217E+01   max: -.2347E+02   C at   82  2   RLX: 0.021
       a =  5.000      CL =  1.2196
      Cm = -0.1553     CD =  0.01241   =>   CDf =  0.00526    CDp =  0.00715

 Side 1  free  transition at x/c =  0.6268   57
 Side 2  free  transition at x/c =  0.9942   83

  30   rms: 0.1288E+01   max: -.3492E+02   C at   83  2   RLX: 0.014
       a =  5.000      CL =  1.2204
      Cm = -0.1554     CD =  0.01242   =>   CDf =  0.00526    CDp =  0.00716

 Side 1  free  transition at x/c =  0.6267   57
 Side 2  free  transition at x/c =  0.9905   82

  31   rms: 0.1722E+01   max: -.3328E+02   C at   82  2   RLX: 0.015
       a =  5.000      CL =  1.2207
      Cm = -0.1554     CD =  0.01242   =>   CDf =  0.00526    CDp =  0.00716

 Side 1  free  transition at x/c =  0.6265   57
 Side 2  free  transition at x/c =  0.9924   82

  32   rms: 0.1308E+01   max: -.2523E+02   C at   82  2   RLX: 0.020
       a =  5.000      CL =  1.2212
      Cm = -0.1554     CD =  0.01242   =>   CDf =  0.00526    CDp =  0.00717

 Side 1  free  transition at x/c =  0.6263   57
 Side 2  free  transition at x/c =  0.9939   83

  33   rms: 0.1305E+01   max: -.3538E+02   C at   83  2   RLX: 0.014
       a =  5.000      CL =  1.2219
      Cm = -0.1556     CD =  0.01243   =>   CDf =  0.00525    CDp =  0.00717

 Side 1  free  transition at x/c =  0.6262   57
 Side 2  free  transition at x/c =  0.9898   82

  34   rms: 0.1994E+01   max: -.3856E+02   C at   82  2   RLX: 0.013
       a =  5.000      CL =  1.2221
      Cm = -0.1556     CD =  0.01243   =>   CDf =  0.00526    CDp =  0.00718

 Side 1  free  transition at x/c =  0.6261   57
 Side 2  free  transition at x/c =  0.9919   82

  35   rms: 0.1425E+01   max: -.2752E+02   C at   82  2   RLX: 0.018
       a =  5.000      CL =  1.2225
      Cm = -0.1556     CD =  0.01243   =>   CDf =  0.00525    CDp =  0.00718

 Side 1  free  transition at x/c =  0.6259   57
 Side 2  free  transition at x/c =  0.9936   83

  36   rms: 0.1324E+01   max: -.3590E+02   C at   83  2   RLX: 0.014
       a =  5.000      CL =  1.2233
      Cm = -0.1557     CD =  0.01243   =>   CDf =  0.00525    CDp =  0.00718

 Side 1  free  transition at x/c =  0.6258   57
 Side 2  free  transition at x/c =  0.9891   82

  37   rms: 0.2426E+01   max: -.4696E+02   C at   82  2   RLX: 0.011
       a =  5.000      CL =  1.2233
      Cm = -0.1557     CD =  0.01244   =>   CDf =  0.00525    CDp =  0.00719

 Side 1  free  transition at x/c =  0.6257   57
 Side 2  free  transition at x/c =  0.9914   82

  38   rms: 0.1573E+01   max: -.3039E+02   C at   82  2   RLX: 0.016
       a =  5.000      CL =  1.2236
      Cm = -0.1557     CD =  0.01244   =>   CDf =  0.00525    CDp =  0.00719

 Side 1  free  transition at x/c =  0.6255   57
 Side 2  free  transition at x/c =  0.9931   82

  39   rms: 0.1264E+01   max: -.2440E+02   C at   82  2   RLX: 0.020
       a =  5.000      CL =  1.2241
      Cm = -0.1557     CD =  0.01244   =>   CDf =  0.00525    CDp =  0.00719

 Side 1  free  transition at x/c =  0.6254   57
 Side 2  free  transition at x/c =  0.9946   83

  40   rms: 0.1326E+01   max: -.3593E+02   C at   83  2   RLX: 0.014
       a =  5.000      CL =  1.2249
      Cm = -0.1558     CD =  0.01244   =>   CDf =  0.00525    CDp =  0.00720

 Side 1  free  transition at x/c =  0.6252   57
 Side 2  free  transition at x/c =  0.9888   82

  41   rms: 0.2648E+01   max: -.5126E+02   C at   82  2   RLX: 0.010
       a =  5.000      CL =  1.2249
      Cm = -0.1558     CD =  0.01245   =>   CDf =  0.00525    CDp =  0.00720

 Side 1  free  transition at x/c =  0.6252   57
 Side 2  free  transition at x/c =  0.9912   82

  42   rms: 0.1639E+01   max: -.3167E+02   C at   82  2   RLX: 0.016
       a =  5.000      CL =  1.2251
      Cm = -0.1558     CD =  0.01245   =>   CDf =  0.00525    CDp =  0.00720

 Side 1  free  transition at x/c =  0.6250   57
 Side 2  free  transition at x/c =  0.9930   82

  43   rms: 0.1305E+01   max: -.2519E+02   C at   82  2   RLX: 0.020
       a =  5.000      CL =  1.2256
      Cm = -0.1558     CD =  0.01245   =>   CDf =  0.00525    CDp =  0.00720

 Side 1  free  transition at x/c =  0.6249   57
 Side 2  free  transition at x/c =  0.9945   83

  44   rms: 0.1350E+01   max: -.3658E+02   C at   83  2   RLX: 0.014
       a =  5.000      CL =  1.2263
      Cm = -0.1560     CD =  0.01245   =>   CDf =  0.00525    CDp =  0.00721

 Side 1  free  transition at x/c =  0.6248   57
 Side 2  free  transition at x/c =  0.9879   82

  45   rms: 0.3589E+01   max: -.6954E+02   C at   82  2   RLX: 0.007
       a =  5.000      CL =  1.2262
      Cm = -0.1559     CD =  0.01246   =>   CDf =  0.00525    CDp =  0.00721

 Side 1  free  transition at x/c =  0.6247   57
 Side 2  free  transition at x/c =  0.9907   82

  46   rms: 0.1804E+01   max: -.3488E+02   C at   82  2   RLX: 0.014
       a =  5.000      CL =  1.2264
      Cm = -0.1559     CD =  0.01246   =>   CDf =  0.00525    CDp =  0.00721

 Side 1  free  transition at x/c =  0.6246   57
 Side 2  free  transition at x/c =  0.9926   82

  47   rms: 0.1388E+01   max: -.2679E+02   C at   82  2   RLX: 0.019
       a =  5.000      CL =  1.2267
      Cm = -0.1559     CD =  0.01246   =>   CDf =  0.00525    CDp =  0.00721

 Side 1  free  transition at x/c =  0.6245   57
 Side 2  free  transition at x/c =  0.9941   83

  48   rms: 0.1383E+01   max: -.3748E+02   C at   83  2   RLX: 0.013
       a =  5.000      CL =  1.2275
      Cm = -0.1561     CD =  0.01246   =>   CDf =  0.00525    CDp =  0.00721

 Side 1  free  transition at x/c =  0.6244   57
 Side 2  free  transition at x/c =  0.9867   82

  49   rms: 0.7756E+01   max: -.1504E+03   C at   82  2   RLX: 0.003
       a =  5.000      CL =  1.2273
      Cm = -0.1560     CD =  0.01246   =>   CDf =  0.00525    CDp =  0.00722

 Side 1  free  transition at x/c =  0.6243   57
 Side 2  free  transition at x/c =  0.9900   82

  50   rms: 0.2055E+01   max: -.3976E+02   C at   82  2   RLX: 0.013
       a =  5.000      CL =  1.2274
      Cm = -0.1560     CD =  0.01246   =>   CDf =  0.00525    CDp =  0.00722

 Side 1  free  transition at x/c =  0.6243   57
 Side 2  free  transition at x/c =  0.9921   82

  51   rms: 0.1517E+01   max: -.2931E+02   C at   82  2   RLX: 0.017
       a =  5.000      CL =  1.2276
      Cm = -0.1560     CD =  0.01246   =>   CDf =  0.00525    CDp =  0.00722

 Side 1  free  transition at x/c =  0.6241   57
 Side 2  free  transition at x/c =  0.9938   83

  52   rms: 0.1439E+01   max: -.3901E+02   C at   83  2   RLX: 0.013
       a =  5.000      CL =  1.2284
      Cm = -0.1561     CD =  0.01246   =>   CDf =  0.00524    CDp =  0.00722

 Side 1  free  transition at x/c =  0.6240   57
 Side 2  free  transition at x/c =  0.9849   82

  53   rms: 0.7518E+01   max: 0.1460E+03   C at   82  2   RLX: 0.010
       a =  5.000      CL =  1.2299
      Cm = -0.1564     CD =  0.01252   =>   CDf =  0.00525    CDp =  0.00727

 Side 1  free  transition at x/c =  0.6240   57
 Side 2  free  transition at x/c =  0.9808   81

  54   rms: 0.1217E+01   max: -.2004E+02   C at   81  2   RLX: 0.025
       a =  5.000      CL =  1.2293
      Cm = -0.1562     CD =  0.01248   =>   CDf =  0.00525    CDp =  0.00724

 Side 1  free  transition at x/c =  0.6238   57
 Side 2  free  transition at x/c =  0.9924   82

  55   rms: 0.1437E+01   max: -.2777E+02   C at   82  2   RLX: 0.018
       a =  5.000      CL =  1.2297
      Cm = -0.1563     CD =  0.01247   =>   CDf =  0.00524    CDp =  0.00722

 Side 1  free  transition at x/c =  0.6237   57
 Side 2  free  transition at x/c =  0.9938   83

  56   rms: 0.1508E+01   max: -.4088E+02   C at   83  2   RLX: 0.012
       a =  5.000      CL =  1.2305
      Cm = -0.1564     CD =  0.01247   =>   CDf =  0.00524    CDp =  0.00723

 Side 1  free  transition at x/c =  0.6236   57
 Side 2  free  transition at x/c =  0.9841   81

  57   rms: 0.1268E+01   max: -.2073E+02   C at   81  2   RLX: 0.024
       a =  5.000      CL =  1.2299
      Cm = -0.1563     CD =  0.01248   =>   CDf =  0.00524    CDp =  0.00724

 Side 1  free  transition at x/c =  0.6235   57
 Side 2 forced transition at x/c =  1.0000   83

  58   rms: 0.3773E-01   max: -.4034E+00   D at   82  2
       a =  5.000      CL =  1.2132
      Cm = -0.1502     CD =  0.01242   =>   CDf =  0.00524    CDp =  0.00718

 Side 1  free  transition at x/c =  0.6190   57
 Side 2 forced transition at x/c =  1.0000   83

  59   rms: 0.7102E-02   max: 0.1361E+00   C at   83  2
       a =  5.000      CL =  1.2091
      Cm = -0.1492     CD =  0.01242   =>   CDf =  0.00530    CDp =  0.00712

 Side 1  free  transition at x/c =  0.6195   57
 Side 2 forced transition at x/c =  1.0000   83

  60   rms: 0.1098E-03   max: 0.9428E-03   D at   82  2
       a =  5.000      CL =  1.2092
      Cm = -0.1492     CD =  0.01242   =>   CDf =  0.00529    CDp =  0.00713

 Side 1  free  transition at x/c =  0.6195   57
 Side 2 forced transition at x/c =  1.0000   83

  61   rms: 0.1218E-05   max: -.7646E-05   T at   57  1
       a =  5.000      CL =  1.2092
      Cm = -0.1492     CD =  0.01242   =>   CDf =  0.00529    CDp =  0.00713
 plradd ia,ip,cpol           18           0  0.12267167    

 Point added to stored polar  1
 Point written to save file  fx76mp160_Re300k.base.pol                       
 Dump file unspecified or not available
 Calculating wake trajectory ...
 Calculating source influence matrix ...

 Solving BL system ...

 Side 1  free  transition at x/c =  0.6195   57
 Side 2 forced transition at x/c =  1.0000   83

   1   rms: 0.7172E-01   max: -.1792E+00   C at   83  2
       a =  5.500      CL =  1.2544
      Cm = -0.1475     CD =  0.01256   =>   CDf =  0.00509    CDp =  0.00747

 Side 1  free  transition at x/c =  0.5959   57
 Side 2 forced transition at x/c =  1.0000   82

   2   rms: 0.1684E-01   max: -.2424E+00   D at   57  1
       a =  5.500      CL =  1.2469
      Cm = -0.1462     CD =  0.01272   =>   CDf =  0.00543    CDp =  0.00728

 Side 1  free  transition at x/c =  0.5962   57
 Side 2 forced transition at x/c =  1.0000   82

   3   rms: 0.4131E-02   max: 0.3044E-01   C at   57  1
       a =  5.500      CL =  1.2499
      Cm = -0.1468     CD =  0.01274   =>   CDf =  0.00539    CDp =  0.00735

 Side 1  free  transition at x/c =  0.5953   57
 Side 2 forced transition at x/c =  1.0000   82

   4   rms: 0.7828E-04   max: -.6790E-03   D at   59  1
       a =  5.500      CL =  1.2500
      Cm = -0.1468     CD =  0.01274   =>   CDf =  0.00542    CDp =  0.00732
 plradd ia,ip,cpol           19           0  0.12267167    

 Point added to stored polar  1
 Point written to save file  fx76mp160_Re300k.base.pol                       
 Dump file unspecified or not available
 Calculating wake trajectory ...
 Calculating source influence matrix ...

 Solving BL system ...

 Side 1  free  transition at x/c =  0.5953   57
 Side 2 forced transition at x/c =  1.0000   82

   1   rms: 0.7665E-01   max: -.3404E+00   D at   58  1
       a =  6.000      CL =  1.3050
      Cm = -0.1470     CD =  0.01294   =>   CDf =  0.00542    CDp =  0.00751

 Side 1  free  transition at x/c =  0.5732   55
 Side 2 forced transition at x/c =  1.0000   82

   2   rms: 0.2113E-01   max: -.1275E+00   D at   56  1
       a =  6.000      CL =  1.2848
      Cm = -0.1434     CD =  0.01327   =>   CDf =  0.00554    CDp =  0.00772

 Side 1  free  transition at x/c =  0.5709   55
 Side 2 forced transition at x/c =  1.0000   82

   3   rms: 0.1285E-02   max: 0.8253E-02   D at   78  1
       a =  6.000      CL =  1.2854
      Cm = -0.1436     CD =  0.01331   =>   CDf =  0.00554    CDp =  0.00776

 Side 1  free  transition at x/c =  0.5705   55
 Side 2 forced transition at x/c =  1.0000   82

   4   rms: 0.1210E-04   max: -.8007E-04   D at   89  2
       a =  6.000      CL =  1.2854
      Cm = -0.1436     CD =  0.01331   =>   CDf =  0.00555    CDp =  0.00776
 plradd ia,ip,cpol           20           0  0.12267167    

 Point added to stored polar  1
 Point written to save file  fx76mp160_Re300k.base.pol                       
 Dump file unspecified or not available
 Calculating wake trajectory ...
 Calculating source influence matrix ...

 Solving BL system ...

 Side 1  free  transition at x/c =  0.5705   55
 Side 2 forced transition at x/c =  1.0000   82

   1   rms: 0.6987E-01   max: -.1643E+00   D at   76  2
       a =  6.500      CL =  1.3046
      Cm = -0.1377     CD =  0.01420   =>   CDf =  0.00532    CDp =  0.00888

 Side 1  free  transition at x/c =  0.5393   55
 Side 2 forced transition at x/c =  1.0000   81

   2   rms: 0.2196E-01   max: -.2296E+00   D at   55  1
       a =  6.500      CL =  1.3100
      Cm = -0.1387     CD =  0.01412   =>   CDf =  0.00577    CDp =  0.00835

 Side 1  free  transition at x/c =  0.5443   55
 Side 2 forced transition at x/c =  1.0000   81

   3   rms: 0.4483E-02   max: 0.5196E-01   C at   55  1
       a =  6.500      CL =  1.3126
      Cm = -0.1391     CD =  0.01414   =>   CDf =  0.00563    CDp =  0.00852

 Side 1  free  transition at x/c =  0.5425   55
 Side 2 forced transition at x/c =  1.0000   81

   4   rms: 0.2171E-03   max: -.1259E-02   D at   78  1
       a =  6.500      CL =  1.3127
      Cm = -0.1392     CD =  0.01415   =>   CDf =  0.00566    CDp =  0.00849

 Side 1  free  transition at x/c =  0.5424   55
 Side 2 forced transition at x/c =  1.0000   81

   5   rms: 0.4826E-05   max: -.1876E-04   D at   74  1
       a =  6.500      CL =  1.3127
      Cm = -0.1392     CD =  0.01415   =>   CDf =  0.00566    CDp =  0.00849
 plradd ia,ip,cpol           21           0  0.12267167    

 Point added to stored polar  1
 Point written to save file  fx76mp160_Re300k.base.pol                       
 Dump file unspecified or not available
 Calculating wake trajectory ...
 Calculating source influence matrix ...

 Solving BL system ...

 Side 1  free  transition at x/c =  0.5424   55
 Side 2 forced transition at x/c =  1.0000   81

   1   rms: 0.7065E-01   max: 0.3541E+00   C at   55  1
       a =  7.000      CL =  1.3392
      Cm = -0.1347     CD =  0.01510   =>   CDf =  0.00567    CDp =  0.00943

 Side 1  free  transition at x/c =  0.5141   53
 Side 2 forced transition at x/c =  1.0000   81

   2   rms: 0.8369E-02   max: -.9474E-01   C at   53  1
       a =  7.000      CL =  1.3399
      Cm = -0.1349     CD =  0.01517   =>   CDf =  0.00592    CDp =  0.00925

 Side 1  free  transition at x/c =  0.5154   53
 Side 2 forced transition at x/c =  1.0000   81

   3   rms: 0.3289E-03   max: 0.4353E-02   C at   53  1
       a =  7.000      CL =  1.3399
      Cm = -0.1349     CD =  0.01517   =>   CDf =  0.00587    CDp =  0.00930

 Side 1  free  transition at x/c =  0.5151   53
 Side 2 forced transition at x/c =  1.0000   81

   4   rms: 0.7631E-05   max: 0.3012E-04   D at   75  1
       a =  7.000      CL =  1.3399
      Cm = -0.1349     CD =  0.01517   =>   CDf =  0.00587    CDp =  0.00930
 plradd ia,ip,cpol           22           0  8.28777403E-02

 Point added to stored polar  1
 Point written to save file  fx76mp160_Re300k.base.pol                       
 Dump file unspecified or not available
 Calculating wake trajectory ...
 Calculating source influence matrix ...

 Solving BL system ...

 Side 1  free  transition at x/c =  0.5151   53
 Side 2 forced transition at x/c =  1.0000   81

   1   rms: 0.7063E-01   max: 0.2293E+00   D at   72  1   RLX: 0.964
       a =  7.500      CL =  1.3540
      Cm = -0.1292     CD =  0.01644   =>   CDf =  0.00561    CDp =  0.01083

 Side 1  free  transition at x/c =  0.4861   53
 Side 2 forced transition at x/c =  1.0000   80

   2   rms: 0.1564E-01   max: -.1449E+00   C at   53  1
       a =  7.500      CL =  1.3593
      Cm = -0.1298     CD =  0.01649   =>   CDf =  0.00604    CDp =  0.01045

 Side 1  free  transition at x/c =  0.4888   53
 Side 2 forced transition at x/c =  1.0000   80

   3   rms: 0.2585E-02   max: 0.1880E-01   C at   53  1
       a =  7.500      CL =  1.3611
      Cm = -0.1301     CD =  0.01647   =>   CDf =  0.00594    CDp =  0.01053

 Side 1  free  transition at x/c =  0.4880   53
 Side 2 forced transition at x/c =  1.0000   80

   4   rms: 0.2233E-04   max: 0.3258E-03   D at   74  1
       a =  7.500      CL =  1.3611
      Cm = -0.1301     CD =  0.01648   =>   CDf =  0.00595    CDp =  0.01053
 plradd ia,ip,cpol           23           0  8.28777403E-02

 Point added to stored polar  1
 Point written to save file  fx76mp160_Re300k.base.pol                       
 Dump file unspecified or not available
 Calculating wake trajectory ...
 Calculating source influence matrix ...

 Solving BL system ...

 Side 1  free  transition at x/c =  0.4880   53
 Side 2 forced transition at x/c =  1.0000   80

   1   rms: 0.6764E-01   max: 0.2068E+00   T at   53  1   RLX: 0.905
       a =  8.000      CL =  1.3787
      Cm = -0.1257     CD =  0.01779   =>   CDf =  0.00596    CDp =  0.01183

 Side 1  free  transition at x/c =  0.4627   52
 Side 2 forced transition at x/c =  1.0000   80

   2   rms: 0.1142E-01   max: -.1687E+00   D at   52  1
       a =  8.000      CL =  1.3808
      Cm = -0.1254     CD =  0.01796   =>   CDf =  0.00611    CDp =  0.01185

 Side 1  free  transition at x/c =  0.4626   52
 Side 2 forced transition at x/c =  1.0000   80

   3   rms: 0.2102E-02   max: 0.1655E-01   C at   52  1
       a =  8.000      CL =  1.3822
      Cm = -0.1256     CD =  0.01793   =>   CDf =  0.00604    CDp =  0.01190

 Side 1  free  transition at x/c =  0.4620   52
 Side 2 forced transition at x/c =  1.0000   80

   4   rms: 0.2936E-04   max: -.1662E-03   D at   74  1
       a =  8.000      CL =  1.3822
      Cm = -0.1256     CD =  0.01794   =>   CDf =  0.00605    CDp =  0.01189
 plradd ia,ip,cpol           24           0  5.26660085E-02

 Point added to stored polar  1
 Point written to save file  fx76mp160_Re300k.base.pol                       
 Dump file unspecified or not available
 Calculating wake trajectory ...
 Calculating source influence matrix ...

 Solving BL system ...

 Side 1  free  transition at x/c =  0.4620   52
 Side 2 forced transition at x/c =  1.0000   80

   1   rms: 0.6888E-01   max: 0.3767E+00   C at   52  1   RLX: 0.847
       a =  8.500      CL =  1.3999
      Cm = -0.1219     CD =  0.01930   =>   CDf =  0.00606    CDp =  0.01324

 Side 1  free  transition at x/c =  0.4432   51
 Side 2 forced transition at x/c =  1.0000   80

   2   rms: 0.1295E-01   max: -.1479E+00   D at   51  1
       a =  8.500      CL =  1.4033
      Cm = -0.1214     CD =  0.01953   =>   CDf =  0.00615    CDp =  0.01338

 Side 1  free  transition at x/c =  0.4385   51
 Side 2 forced transition at x/c =  1.0000   80

   3   rms: 0.2159E-02   max: -.1555E-01   D at    3  2
       a =  8.500      CL =  1.4041
      Cm = -0.1214     CD =  0.01953   =>   CDf =  0.00588    CDp =  0.01364

 Side 1  free  transition at x/c =  0.4385   52
 Side 2 forced transition at x/c =  1.0000   79
 idif Ue xi dudx           1  0.10180257      3.43286991E-03   29.655235    
 Uenew xinew           2  2.65138457E-04  8.94069672E-06

   4   rms: 0.2445E-01   max: -.4327E+00   D at    2  1
       a =  8.500      CL =  1.4041
      Cm = -0.1215     CD =  0.01953   =>   CDf =  0.00644    CDp =  0.01309

 Side 1  free  transition at x/c =  0.4385   51
 Side 2 forced transition at x/c =  1.0000   80

   5   rms: 0.9687E-02   max: 0.1684E+00   D at    2  2
       a =  8.500      CL =  1.4041
      Cm = -0.1215     CD =  0.01953   =>   CDf =  0.00618    CDp =  0.01335

 Side 1  free  transition at x/c =  0.4385   51
 Side 2 forced transition at x/c =  1.0000   80

   6   rms: 0.1486E-01   max: 0.2643E+00   T at    2  2
       a =  8.500      CL =  1.4041
      Cm = -0.1215     CD =  0.01953   =>   CDf =  0.00588    CDp =  0.01364

 Side 1  free  transition at x/c =  0.4385   52
 Side 2 forced transition at x/c =  1.0000   79

   7   rms: 0.7236E-02   max: -.1293E+00   T at    2  1
       a =  8.500      CL =  1.4041
      Cm = -0.1215     CD =  0.01953   =>   CDf =  0.00617    CDp =  0.01336

 Side 1  free  transition at x/c =  0.4385   52
 Side 2 forced transition at x/c =  1.0000   79

   8   rms: 0.1101E-01   max: -.2018E+00   T at    2  1
       a =  8.500      CL =  1.4041
      Cm = -0.1215     CD =  0.01953   =>   CDf =  0.00617    CDp =  0.01336

 Side 1  free  transition at x/c =  0.4385   52
 Side 2 forced transition at x/c =  1.0000   79

   9   rms: 0.2425E-03   max: -.3737E-02   D at    4  1
       a =  8.500      CL =  1.4041
      Cm = -0.1215     CD =  0.01953   =>   CDf =  0.00617    CDp =  0.01336

 Side 1  free  transition at x/c =  0.4385   52
 Side 2 forced transition at x/c =  1.0000   79

  10   rms: 0.5664E-05   max: -.6105E-04   D at    5  1
       a =  8.500      CL =  1.4041
      Cm = -0.1215     CD =  0.01953   =>   CDf =  0.00617    CDp =  0.01336
 plradd ia,ip,cpol           25           0  5.26660085E-02

 Point added to stored polar  1
 Point written to save file  fx76mp160_Re300k.base.pol                       
 Dump file unspecified or not available
 Calculating wake trajectory ...
 Calculating source influence matrix ...

 Solving BL system ...

 Side 1  free  transition at x/c =  0.4385   52
 Side 2 forced transition at x/c =  1.0000   79

   1   rms: 0.7690E-01   max: -.6709E+00   D at    3  1   RLX: 0.745
       a =  9.000      CL =  1.4220
      Cm = -0.1186     CD =  0.02079   =>   CDf =  0.00618    CDp =  0.01461

 Side 1  free  transition at x/c =  0.4226   51
 Side 2 forced transition at x/c =  1.0000   79

   2   rms: 0.2202E-01   max: -.1825E+00   D at   51  1
       a =  9.000      CL =  1.4244
      Cm = -0.1174     CD =  0.02126   =>   CDf =  0.00621    CDp =  0.01506

 Side 1  free  transition at x/c =  0.4151   51
 Side 2 forced transition at x/c =  1.0000   79

   3   rms: 0.3524E-02   max: -.2378E-01   D at   72  1
       a =  9.000      CL =  1.4255
      Cm = -0.1175     CD =  0.02125   =>   CDf =  0.00627    CDp =  0.01498

 Side 1  free  transition at x/c =  0.4153   51
 Side 2 forced transition at x/c =  1.0000   79

   4   rms: 0.1196E-03   max: -.6419E-03   D at   88  2
       a =  9.000      CL =  1.4256
      Cm = -0.1175     CD =  0.02125   =>   CDf =  0.00626    CDp =  0.01499

 Side 1  free  transition at x/c =  0.4153   51
 Side 2 forced transition at x/c =  1.0000   79

   5   rms: 0.1585E-05   max: 0.3195E-04   C at   79  2
       a =  9.000      CL =  1.4256
      Cm = -0.1175     CD =  0.02125   =>   CDf =  0.00626    CDp =  0.01499
 plradd ia,ip,cpol           26           0  5.26660085E-02

 Point added to stored polar  1
 Point written to save file  fx76mp160_Re300k.base.pol                       
 Dump file unspecified or not available
 Calculating wake trajectory ...
 Calculating source influence matrix ...

 Solving BL system ...

 Side 1  free  transition at x/c =  0.4153   51
 Side 2 forced transition at x/c =  1.0000   79

   1   rms: 0.6926E-01   max: -.3703E+00   D at   51  1   RLX: 0.754
       a =  9.500      CL =  1.4439
      Cm = -0.1149     CD =  0.02263   =>   CDf =  0.00627    CDp =  0.01636

 Side 1  free  transition at x/c =  0.3968   50
 Side 2 forced transition at x/c =  1.0000   79

   2   rms: 0.2639E-01   max: -.3406E+00   D at   50  1
       a =  9.500      CL =  1.4423
      Cm = -0.1133     CD =  0.02320   =>   CDf =  0.00632    CDp =  0.01687

 Side 1  free  transition at x/c =  0.3939   49
 Side 2 forced transition at x/c =  1.0000   79

   3   rms: 0.4917E-02   max: -.2754E-01   D at   72  1
       a =  9.500      CL =  1.4449
      Cm = -0.1136     CD =  0.02315   =>   CDf =  0.00630    CDp =  0.01685

 Side 1  free  transition at x/c =  0.3920   49
 Side 2 forced transition at x/c =  1.0000   79

   4   rms: 0.1607E-03   max: -.1827E-02   C at   49  1
       a =  9.500      CL =  1.4450
      Cm = -0.1136     CD =  0.02316   =>   CDf =  0.00631    CDp =  0.01685

 Side 1  free  transition at x/c =  0.3921   49
 Side 2 forced transition at x/c =  1.0000   79

   5   rms: 0.5094E-05   max: 0.4663E-04   C at   79  2
       a =  9.500      CL =  1.4450
      Cm = -0.1136     CD =  0.02316   =>   CDf =  0.00631    CDp =  0.01685
 plradd ia,ip,cpol           27           0  5.26660085E-02

 Point added to stored polar  1
 Point written to save file  fx76mp160_Re300k.base.pol                       
 Dump file unspecified or not available
 Calculating wake trajectory ...
 Calculating source influence matrix ...

 Solving BL system ...

 Side 1  free  transition at x/c =  0.3921   49
 Side 2 forced transition at x/c =  1.0000   79

   1   rms: 0.6265E-01   max: 0.1993E+00   T at   49  1   RLX: 0.711
       a = 10.000      CL =  1.4616
      Cm = -0.1114     CD =  0.02451   =>   CDf =  0.00600    CDp =  0.01850

 Side 1  free  transition at x/c =  0.3754   50
 Side 2 forced transition at x/c =  1.0000   78

   2   rms: 0.1837E-01   max: -.1094E+00   D at    3  1
       a = 10.000      CL =  1.4672
      Cm = -0.1102     CD =  0.02512   =>   CDf =  0.00646    CDp =  0.01866

 Side 1  free  transition at x/c =  0.3715   49
 Side 2 forced transition at x/c =  1.0000   78

   3   rms: 0.4954E-02   max: -.5549E-01   C at   49  1
       a = 10.000      CL =  1.4658
      Cm = -0.1101     CD =  0.02515   =>   CDf =  0.00640    CDp =  0.01874

 Side 1  free  transition at x/c =  0.3716   49
 Side 2 forced transition at x/c =  1.0000   78

   4   rms: 0.4118E-03   max: -.2630E-02   D at   71  1
       a = 10.000      CL =  1.4660
      Cm = -0.1101     CD =  0.02512   =>   CDf =  0.00637    CDp =  0.01875

 Side 1  free  transition at x/c =  0.3715   49
 Side 2 forced transition at x/c =  1.0000   78

   5   rms: 0.5520E-05   max: -.6486E-04   D at   88  2
       a = 10.000      CL =  1.4660
      Cm = -0.1101     CD =  0.02513   =>   CDf =  0.00637    CDp =  0.01875
 plradd ia,ip,cpol           28           0  5.26660085E-02

 Point added to stored polar  1
 Point written to save file  fx76mp160_Re300k.base.pol                       
 Dump file unspecified or not available

.OPERva   c>  
 Solving BL system ...

 Side 1  free  transition at x/c =  0.3715   49
 Side 2 forced transition at x/c =  1.0000   78

   1   rms: 0.3927E-06   max: 0.5256E-05   C at   78  2
       a = 10.000      CL =  1.4660
      Cm = -0.1101     CD =  0.02513   =>   CDf =  0.00637    CDp =  0.01875
 plradd ia,ip,cpol           29         182  5.26660085E-02

 Point added to stored polar  1
 Point written to save file  fx76mp160_Re300k.base.pol                       
 Dump file unspecified or not available
 Calculating wake trajectory ...
 Calculating source influence matrix ...

 Solving BL system ...

 Side 1  free  transition at x/c =  0.3715   49
 Side 2 forced transition at x/c =  1.0000   78

   1   rms: 0.3103E-01   max: 0.1051E+00   T at   49  1   RLX: 0.692
       a = 10.250      CL =  1.4749
      Cm = -0.1092     CD =  0.02577   =>   CDf =  0.00638    CDp =  0.01940

 Side 1  free  transition at x/c =  0.3641   49
 Side 2 forced transition at x/c =  1.0000   78

   2   rms: 0.9261E-02   max: -.4546E-01   D at   49  1
       a = 10.250      CL =  1.4774
      Cm = -0.1086     CD =  0.02611   =>   CDf =  0.00637    CDp =  0.01974

 Side 1  free  transition at x/c =  0.3615   49
 Side 2 forced transition at x/c =  1.0000   78

   3   rms: 0.3841E-03   max: -.3408E-02   C at   49  1
       a = 10.250      CL =  1.4771
      Cm = -0.1085     CD =  0.02611   =>   CDf =  0.00637    CDp =  0.01974

 Side 1  free  transition at x/c =  0.3616   49
 Side 2 forced transition at x/c =  1.0000   78

   4   rms: 0.8382E-05   max: -.5811E-04   C at   78  2
       a = 10.250      CL =  1.4771
      Cm = -0.1085     CD =  0.02610   =>   CDf =  0.00637    CDp =  0.01974
 plradd ia,ip,cpol           30           0  5.26660085E-02

 Point added to stored polar  1
 Point written to save file  fx76mp160_Re300k.base.pol                       
 Dump file unspecified or not available
 Calculating wake trajectory ...
 Calculating source influence matrix ...

 Solving BL system ...

 Side 1  free  transition at x/c =  0.3616   49
 Side 2 forced transition at x/c =  1.0000   78

   1   rms: 0.3214E-01   max: -.1318E+00   D at   49  1   RLX: 0.672
       a = 10.500      CL =  1.4839
      Cm = -0.1074     CD =  0.02685   =>   CDf =  0.00637    CDp =  0.02048

 Side 1  free  transition at x/c =  0.3551   48
 Side 2 forced transition at x/c =  1.0000   78

   2   rms: 0.9815E-02   max: -.4976E-01   C at   48  1
       a = 10.500      CL =  1.4879
      Cm = -0.1069     CD =  0.02714   =>   CDf =  0.00644    CDp =  0.02070

 Side 1  free  transition at x/c =  0.3523   48
 Side 2 forced transition at x/c =  1.0000   78

   3   rms: 0.2574E-03   max: -.2670E-02   C at   48  1
       a = 10.500      CL =  1.4877
      Cm = -0.1069     CD =  0.02714   =>   CDf =  0.00640    CDp =  0.02074

 Side 1  free  transition at x/c =  0.3524   48
 Side 2 forced transition at x/c =  1.0000   78

   4   rms: 0.9448E-05   max: -.4474E-04   D at   88  2
       a = 10.500      CL =  1.4877
      Cm = -0.1069     CD =  0.02714   =>   CDf =  0.00640    CDp =  0.02074
 plradd ia,ip,cpol           31           0  5.26660085E-02

 Point added to stored polar  1
 Point written to save file  fx76mp160_Re300k.base.pol                       
 Dump file unspecified or not available
 Calculating wake trajectory ...
 Calculating source influence matrix ...

 Solving BL system ...

 Side 1  free  transition at x/c =  0.3524   48
 Side 2 forced transition at x/c =  1.0000   78

   1   rms: 0.3059E-01   max: 0.1046E+00   T at   48  1   RLX: 0.657
       a = 10.750      CL =  1.4960
      Cm = -0.1061     CD =  0.02779   =>   CDf =  0.00607    CDp =  0.02173

 Side 1  free  transition at x/c =  0.3446   49
 Side 2 forced transition at x/c =  1.0000   77

   2   rms: 0.1027E-01   max: -.6386E-01   D at   49  1
       a = 10.750      CL =  1.4981
      Cm = -0.1054     CD =  0.02822   =>   CDf =  0.00639    CDp =  0.02183

 Side 1  free  transition at x/c =  0.3419   49
 Side 2 forced transition at x/c =  1.0000   77

   3   rms: 0.4560E-03   max: 0.4445E-02   D at   50  1
       a = 10.750      CL =  1.4978
      Cm = -0.1053     CD =  0.02821   =>   CDf =  0.00638    CDp =  0.02183

 Side 1  free  transition at x/c =  0.3420   49
 Side 2 forced transition at x/c =  1.0000   77

   4   rms: 0.6733E-05   max: -.5142E-04   C at   77  2
       a = 10.750      CL =  1.4978
      Cm = -0.1053     CD =  0.02821   =>   CDf =  0.00638    CDp =  0.02183
 plradd ia,ip,cpol           32           0  5.26660085E-02

 Point added to stored polar  1
 Point written to save file  fx76mp160_Re300k.base.pol                       
 Dump file unspecified or not available
 Calculating wake trajectory ...
 Calculating source influence matrix ...

 Solving BL system ...

 Side 1  free  transition at x/c =  0.3420   49
 Side 2 forced transition at x/c =  1.0000   77

   1   rms: 0.3210E-01   max: -.1384E+00   D at   49  1   RLX: 0.638
       a = 11.000      CL =  1.5039
      Cm = -0.1043     CD =  0.02898   =>   CDf =  0.00638    CDp =  0.02260

 Side 1  free  transition at x/c =  0.3361   49
 Side 2 forced transition at x/c =  1.0000   77

   2   rms: 0.1151E-01   max: -.6069E-01   D at   49  1
       a = 11.000      CL =  1.5065
      Cm = -0.1036     CD =  0.02943   =>   CDf =  0.00644    CDp =  0.02299

 Side 1  free  transition at x/c =  0.3334   48
 Side 2 forced transition at x/c =  1.0000   77

   3   rms: 0.2415E-02   max: -.3577E-01   C at   48  1
       a = 11.000      CL =  1.5072
      Cm = -0.1037     CD =  0.02936   =>   CDf =  0.00643    CDp =  0.02293

 Side 1  free  transition at x/c =  0.3332   48
 Side 2 forced transition at x/c =  1.0000   77

   4   rms: 0.1716E-03   max: -.9975E-03   D at   70  1
       a = 11.000      CL =  1.5074
      Cm = -0.1037     CD =  0.02935   =>   CDf =  0.00641    CDp =  0.02294

 Side 1  free  transition at x/c =  0.3332   48
 Side 2 forced transition at x/c =  1.0000   77

   5   rms: 0.4778E-05   max: 0.1043E-03   C at   77  2
       a = 11.000      CL =  1.5074
      Cm = -0.1037     CD =  0.02935   =>   CDf =  0.00641    CDp =  0.02294
 plradd ia,ip,cpol           33           0  5.26660085E-02

 Point added to stored polar  1
 Point written to save file  fx76mp160_Re300k.base.pol                       
 Dump file unspecified or not available
 Calculating wake trajectory ...
 Calculating source influence matrix ...

 Solving BL system ...

 Side 1  free  transition at x/c =  0.3332   48
 Side 2 forced transition at x/c =  1.0000   77

   1   rms: 0.3052E-01   max: 0.1008E+00   T at   48  1   RLX: 0.624
       a = 11.250      CL =  1.5149
      Cm = -0.1029     CD =  0.03004   =>   CDf =  0.00642    CDp =  0.02362

 Side 1  free  transition at x/c =  0.3270   48
 Side 2 forced transition at x/c =  1.0000   77

   2   rms: 0.1123E-01   max: -.5285E-01   D at   48  1
       a = 11.250      CL =  1.5179
      Cm = -0.1023     CD =  0.03050   =>   CDf =  0.00641    CDp =  0.02409

 Side 1  free  transition at x/c =  0.3240   48
 Side 2 forced transition at x/c =  1.0000   77

   3   rms: 0.4941E-03   max: -.4645E-02   C at   48  1
       a = 11.250      CL =  1.5174
      Cm = -0.1022     CD =  0.03049   =>   CDf =  0.00641    CDp =  0.02407

 Side 1  free  transition at x/c =  0.3241   48
 Side 2 forced transition at x/c =  1.0000   77

   4   rms: 0.9919E-05   max: -.7230E-04   C at   77  2
       a = 11.250      CL =  1.5175
      Cm = -0.1022     CD =  0.03049   =>   CDf =  0.00641    CDp =  0.02408
 plradd ia,ip,cpol           34           0  2.68074386E-02

 Point added to stored polar  1
 Point written to save file  fx76mp160_Re300k.base.pol                       
 Dump file unspecified or not available
 Calculating wake trajectory ...
 Calculating source influence matrix ...

 Solving BL system ...

 Side 1  free  transition at x/c =  0.3241   48
 Side 2 forced transition at x/c =  1.0000   77

   1   rms: 0.3125E-01   max: 0.1243E+00   C at   48  1   RLX: 0.608
       a = 11.500      CL =  1.5237
      Cm = -0.1013     CD =  0.03123   =>   CDf =  0.00641    CDp =  0.02482

 Side 1  free  transition at x/c =  0.3189   48
 Side 2 forced transition at x/c =  1.0000   77

   2   rms: 0.1210E-01   max: -.6096E-01   D at   48  1
       a = 11.500      CL =  1.5268
      Cm = -0.1006     CD =  0.03172   =>   CDf =  0.00646    CDp =  0.02526

 Side 1  free  transition at x/c =  0.3161   47
 Side 2 forced transition at x/c =  1.0000   77

   3   rms: 0.6416E-03   max: -.5657E-02   C at   47  1
       a = 11.500      CL =  1.5270
      Cm = -0.1006     CD =  0.03167   =>   CDf =  0.00649    CDp =  0.02518

 Side 1  free  transition at x/c =  0.3159   47
 Side 2 forced transition at x/c =  1.0000   77

   4   rms: 0.3774E-04   max: -.1762E-03   D at   88  2
       a = 11.500      CL =  1.5271
      Cm = -0.1006     CD =  0.03167   =>   CDf =  0.00649    CDp =  0.02518
 plradd ia,ip,cpol           35           0  2.68074386E-02

 Point added to stored polar  1
 Point written to save file  fx76mp160_Re300k.base.pol                       
 Dump file unspecified or not available
 Calculating wake trajectory ...
 Calculating source influence matrix ...

 Solving BL system ...

 Side 1  free  transition at x/c =  0.3159   47
 Side 2 forced transition at x/c =  1.0000   77

   1   rms: 0.3067E-01   max: -.1210E+00   C at   47  1   RLX: 0.596
       a = 11.750      CL =  1.5352
      Cm = -0.1001     CD =  0.03230   =>   CDf =  0.00649    CDp =  0.02580

 Side 1  free  transition at x/c =  0.3112   47
 Side 2 forced transition at x/c =  1.0000   77

   2   rms: 0.1194E-01   max: 0.3728E-01   T at   47  1
       a = 11.750      CL =  1.5393
      Cm = -0.0995     CD =  0.03277   =>   CDf =  0.00643    CDp =  0.02635

 Side 1  free  transition at x/c =  0.3080   47
 Side 2 forced transition at x/c =  1.0000   77

   3   rms: 0.5749E-03   max: -.5383E-02   C at   47  1
       a = 11.750      CL =  1.5389
      Cm = -0.0994     CD =  0.03276   =>   CDf =  0.00640    CDp =  0.02636

 Side 1  free  transition at x/c =  0.3081   47
 Side 2 forced transition at x/c =  1.0000   77

   4   rms: 0.1378E-04   max: -.1021E-03   C at   77  2
       a = 11.750      CL =  1.5389
      Cm = -0.0994     CD =  0.03276   =>   CDf =  0.00640    CDp =  0.02636
 plradd ia,ip,cpol           36           0  2.68074386E-02

 Point added to stored polar  1
 Point written to save file  fx76mp160_Re300k.base.pol                       
 Dump file unspecified or not available
 Calculating wake trajectory ...
 Calculating source influence matrix ...

 Solving BL system ...

 Side 1  free  transition at x/c =  0.3081   47
 Side 2 forced transition at x/c =  1.0000   77

   1   rms: 0.3006E-01   max: 0.1041E+00   T at   47  1   RLX: 0.582
       a = 12.000      CL =  1.5452
      Cm = -0.0987     CD =  0.03349   =>   CDf =  0.00605    CDp =  0.02745

 Side 1  free  transition at x/c =  0.3031   48
 Side 2 forced transition at x/c =  1.0000   76

   2   rms: 0.2251E-01   max: 0.3266E+00   T at    2  1
       a = 12.000      CL =  1.5489
      Cm = -0.0981     CD =  0.03402   =>   CDf =  0.00640    CDp =  0.02762

 Side 1  free  transition at x/c =  0.3002   48
 Side 2 forced transition at x/c =  1.0000   76

   3   rms: 0.1157E-02   max: 0.1423E-01   D at    4  1
       a = 12.000      CL =  1.5485
      Cm = -0.0980     CD =  0.03400   =>   CDf =  0.00641    CDp =  0.02759

 Side 1  free  transition at x/c =  0.3002   48
 Side 2 forced transition at x/c =  1.0000   76

   4   rms: 0.1046E-04   max: -.4516E-04   D at   68  1
       a = 12.000      CL =  1.5485
      Cm = -0.0980     CD =  0.03400   =>   CDf =  0.00641    CDp =  0.02759
 plradd ia,ip,cpol           37           0  2.68074386E-02

 Point added to stored polar  1
 Point written to save file  fx76mp160_Re300k.base.pol                       
 Dump file unspecified or not available
 Calculating wake trajectory ...
 Calculating source influence matrix ...

 Solving BL system ...

 Side 1  free  transition at x/c =  0.3002   48
 Side 2 forced transition at x/c =  1.0000   76

   1   rms: 0.3129E-01   max: -.1382E+00   D at   48  1   RLX: 0.569
       a = 12.250      CL =  1.5542
      Cm = -0.0973     CD =  0.03476   =>   CDf =  0.00642    CDp =  0.02834

 Side 1  free  transition at x/c =  0.2963   47
 Side 2 forced transition at x/c =  1.0000   76

   2   rms: 0.1313E-01   max: -.7023E-01   C at   47  1
       a = 12.250      CL =  1.5601
      Cm = -0.0969     CD =  0.03517   =>   CDf =  0.00645    CDp =  0.02872

 Side 1  free  transition at x/c =  0.2930   47
 Side 2 forced transition at x/c =  1.0000   76

   3   rms: 0.4407E-03   max: -.4181E-02   C at   47  1
       a = 12.250      CL =  1.5598
      Cm = -0.0968     CD =  0.03515   =>   CDf =  0.00639    CDp =  0.02876

 Side 1  free  transition at x/c =  0.2931   47
 Side 2 forced transition at x/c =  1.0000   76

   4   rms: 0.1964E-04   max: -.9834E-04   D at   87  2
       a = 12.250      CL =  1.5598
      Cm = -0.0968     CD =  0.03515   =>   CDf =  0.00639    CDp =  0.02877
 plradd ia,ip,cpol           38           0  2.68074386E-02

 Point added to stored polar  1
 Point written to save file  fx76mp160_Re300k.base.pol                       
 Dump file unspecified or not available
 Calculating wake trajectory ...
 Calculating source influence matrix ...

 Solving BL system ...

 Side 1  free  transition at x/c =  0.2931   47
 Side 2 forced transition at x/c =  1.0000   76

   1   rms: 0.2943E-01   max: 0.1039E+00   T at   47  1   RLX: 0.559
       a = 12.500      CL =  1.5671
      Cm = -0.0963     CD =  0.03580   =>   CDf =  0.00639    CDp =  0.02941

 Side 1  free  transition at x/c =  0.2883   47
 Side 2 forced transition at x/c =  1.0000   76

   2   rms: 0.1280E-01   max: -.4554E-01   D at   47  1
       a = 12.500      CL =  1.5708
      Cm = -0.0957     CD =  0.03642   =>   CDf =  0.00636    CDp =  0.03006

 Side 1  free  transition at x/c =  0.2850   47
 Side 2 forced transition at x/c =  1.0000   76

   3   rms: 0.9080E-03   max: -.7070E-02   C at   47  1
       a = 12.500      CL =  1.5700
      Cm = -0.0956     CD =  0.03642   =>   CDf =  0.00634    CDp =  0.03007

 Side 1  free  transition at x/c =  0.2852   47
 Side 2 forced transition at x/c =  1.0000   76

   4   rms: 0.1784E-04   max: -.1229E-03   D at   69  1
       a = 12.500      CL =  1.5700
      Cm = -0.0956     CD =  0.03641   =>   CDf =  0.00634    CDp =  0.03007
 plradd ia,ip,cpol           39           0  2.68074386E-02

 Point added to stored polar  1
 Point written to save file  fx76mp160_Re300k.base.pol                       
 Dump file unspecified or not available
 Calculating wake trajectory ...
 Calculating source influence matrix ...

 Solving BL system ...

 Side 1  free  transition at x/c =  0.2852   47
 Side 2 forced transition at x/c =  1.0000   76

   1   rms: 0.3020E-01   max: -.1120E+00   D at   47  1   RLX: 0.545
       a = 12.750      CL =  1.5751
      Cm = -0.0949     CD =  0.03721   =>   CDf =  0.00634    CDp =  0.03087

 Side 1  free  transition at x/c =  0.2810   47
 Side 2 forced transition at x/c =  1.0000   76

   2   rms: 0.1363E-01   max: -.6981E-01   D at   47  1
       a = 12.750      CL =  1.5782
      Cm = -0.0942     CD =  0.03789   =>   CDf =  0.00636    CDp =  0.03152

 Side 1  free  transition at x/c =  0.2782   47
 Side 2 forced transition at x/c =  1.0000   76

   3   rms: 0.4561E-03   max: -.3791E-02   D at   48  1
       a = 12.750      CL =  1.5778
      Cm = -0.0942     CD =  0.03785   =>   CDf =  0.00638    CDp =  0.03146

 Side 1  free  transition at x/c =  0.2781   47
 Side 2 forced transition at x/c =  1.0000   76

   4   rms: 0.6259E-05   max: 0.1110E-03   C at   76  2
       a = 12.750      CL =  1.5778
      Cm = -0.0942     CD =  0.03785   =>   CDf =  0.00639    CDp =  0.03146
 plradd ia,ip,cpol           40           0  2.68074386E-02

 Point added to stored polar  1
 Point written to save file  fx76mp160_Re300k.base.pol                       
 Dump file unspecified or not available
 Calculating wake trajectory ...
 Calculating source influence matrix ...

 Solving BL system ...

 Side 1  free  transition at x/c =  0.2781   47
 Side 2 forced transition at x/c =  1.0000   76

   1   rms: 0.3099E-01   max: -.1439E+00   D at   47  1   RLX: 0.533
       a = 13.000      CL =  1.5829
      Cm = -0.0935     CD =  0.03861   =>   CDf =  0.00639    CDp =  0.03222

 Side 1  free  transition at x/c =  0.2748   46
 Side 2 forced transition at x/c =  1.0000   76

   2   rms: 0.1471E-01   max: -.7703E-01   D at   46  1
       a = 13.000      CL =  1.5900
      Cm = -0.0932     CD =  0.03907   =>   CDf =  0.00599    CDp =  0.03308

 Side 1  free  transition at x/c =  0.2714   47
 Side 2 forced transition at x/c =  1.0000   75

   3   rms: 0.6787E-03   max: 0.6414E-02   D at   48  1
       a = 13.000      CL =  1.5895
      Cm = -0.0932     CD =  0.03905   =>   CDf =  0.00630    CDp =  0.03275

 Side 1  free  transition at x/c =  0.2715   47
 Side 2 forced transition at x/c =  1.0000   75

   4   rms: 0.1790E-03   max: -.2263E-02   D at    4  1
       a = 13.000      CL =  1.5895
      Cm = -0.0932     CD =  0.03905   =>   CDf =  0.00630    CDp =  0.03275

 Side 1  free  transition at x/c =  0.2715   47
 Side 2 forced transition at x/c =  1.0000   75

   5   rms: 0.1122E-05   max: 0.1757E-04   C at   75  2
       a = 13.000      CL =  1.5895
      Cm = -0.0932     CD =  0.03905   =>   CDf =  0.00630    CDp =  0.03275
 plradd ia,ip,cpol           41           0  2.68074386E-02

 Point added to stored polar  1
 Point written to save file  fx76mp160_Re300k.base.pol                       
 Dump file unspecified or not available
 Calculating wake trajectory ...
 Calculating source influence matrix ...

 Solving BL system ...

 Side 1  free  transition at x/c =  0.2715   47
 Side 2 forced transition at x/c =  1.0000   75

   1   rms: 0.2948E-01   max: 0.9667E-01   T at   47  1   RLX: 0.524
       a = 13.250      CL =  1.5952
      Cm = -0.0926     CD =  0.03979   =>   CDf =  0.00631    CDp =  0.03349

 Side 1  free  transition at x/c =  0.2676   47
 Side 2 forced transition at x/c =  1.0000   75

   2   rms: 0.1402E-01   max: -.5861E-01   D at   47  1
       a = 13.250      CL =  1.5986
      Cm = -0.0920     CD =  0.04053   =>   CDf =  0.00630    CDp =  0.03423

 Side 1  free  transition at x/c =  0.2644   47
 Side 2 forced transition at x/c =  1.0000   75

   3   rms: 0.9674E-03   max: 0.5557E-02   D at   88  2
       a = 13.250      CL =  1.5977
      Cm = -0.0919     CD =  0.04053   =>   CDf =  0.00631    CDp =  0.03422

 Side 1  free  transition at x/c =  0.2646   47
 Side 2 forced transition at x/c =  1.0000   75

   4   rms: 0.1526E-04   max: 0.1137E-03   D at   88  2
       a = 13.250      CL =  1.5977
      Cm = -0.0919     CD =  0.04053   =>   CDf =  0.00630    CDp =  0.03422
 plradd ia,ip,cpol           42           0  2.68074386E-02

 Point added to stored polar  1
 Point written to save file  fx76mp160_Re300k.base.pol                       
 Dump file unspecified or not available
 Calculating wake trajectory ...
 Calculating source influence matrix ...

 Solving BL system ...

 Side 1  free  transition at x/c =  0.2646   47
 Side 2 forced transition at x/c =  1.0000   75

   1   rms: 0.3027E-01   max: -.1277E+00   D at   47  1   RLX: 0.511
       a = 13.500      CL =  1.6017
      Cm = -0.0913     CD =  0.04139   =>   CDf =  0.00631    CDp =  0.03508

 Side 1  free  transition at x/c =  0.2613   47
 Side 2 forced transition at x/c =  1.0000   75

   2   rms: 0.1484E-01   max: -.7141E-01   D at   47  1
       a = 13.500      CL =  1.6054
      Cm = -0.0906     CD =  0.04211   =>   CDf =  0.00634    CDp =  0.03578

 Side 1  free  transition at x/c =  0.2582   46
 Side 2 forced transition at x/c =  1.0000   75

   3   rms: 0.1810E-02   max: -.2265E-01   C at   46  1
       a = 13.500      CL =  1.6058
      Cm = -0.0907     CD =  0.04201   =>   CDf =  0.00635    CDp =  0.03566

 Side 1  free  transition at x/c =  0.2581   46
 Side 2 forced transition at x/c =  1.0000   75

   4   rms: 0.1743E-03   max: -.9612E-03   D at   69  1
       a = 13.500      CL =  1.6059
      Cm = -0.0907     CD =  0.04200   =>   CDf =  0.00634    CDp =  0.03566

 Side 1  free  transition at x/c =  0.2581   46
 Side 2 forced transition at x/c =  1.0000   75

   5   rms: 0.9338E-05   max: 0.1659E-03   C at   75  2
       a = 13.500      CL =  1.6059
      Cm = -0.0907     CD =  0.04200   =>   CDf =  0.00634    CDp =  0.03566
 plradd ia,ip,cpol           43           0  1.62484462E-03

 Point added to stored polar  1
 Point written to save file  fx76mp160_Re300k.base.pol                       
 Dump file unspecified or not available
 Calculating wake trajectory ...
 Calculating source influence matrix ...

 Solving BL system ...

 Side 1  free  transition at x/c =  0.2581   46
 Side 2 forced transition at x/c =  1.0000   75

   1   rms: 0.2893E-01   max: -.1142E+00   C at   46  1   RLX: 0.502
       a = 13.750      CL =  1.6118
      Cm = -0.0903     CD =  0.04272   =>   CDf =  0.00635    CDp =  0.03637

 Side 1  free  transition at x/c =  0.2550   46
 Side 2 forced transition at x/c =  1.0000   75

   2   rms: 0.1404E-01   max: 0.5157E-01   T at   46  1
       a = 13.750      CL =  1.6171
      Cm = -0.0898     CD =  0.04340   =>   CDf =  0.00628    CDp =  0.03712

 Side 1  free  transition at x/c =  0.2515   46
 Side 2 forced transition at x/c =  1.0000   75

   3   rms: 0.9800E-03   max: -.8694E-02   C at   46  1
       a = 13.750      CL =  1.6163
      Cm = -0.0897     CD =  0.04338   =>   CDf =  0.00623    CDp =  0.03715

 Side 1  free  transition at x/c =  0.2517   46
 Side 2 forced transition at x/c =  1.0000   75

   4   rms: 0.2719E-04   max: -.2092E-03   C at   75  2
       a = 13.750      CL =  1.6163
      Cm = -0.0897     CD =  0.04338   =>   CDf =  0.00623    CDp =  0.03715
 plradd ia,ip,cpol           44           0  1.62484462E-03

 Point added to stored polar  1
 Point written to save file  fx76mp160_Re300k.base.pol                       
 Dump file unspecified or not available
 Calculating wake trajectory ...
 Calculating source influence matrix ...

 Solving BL system ...

 Side 1  free  transition at x/c =  0.2517   46
 Side 2 forced transition at x/c =  1.0000   75

   1   rms: 0.2953E-01   max: 0.1096E+00   T at   46  1   RLX: 0.492
       a = 14.000      CL =  1.6211
      Cm = -0.0893     CD =  0.04417   =>   CDf =  0.00623    CDp =  0.03794

 Side 1  free  transition at x/c =  0.2477   46
 Side 2 forced transition at x/c =  1.0000   75

   2   rms: 0.1501E-01   max: -.7595E-01   D at   46  1
       a = 14.000      CL =  1.6239
      Cm = -0.0886     CD =  0.04509   =>   CDf =  0.00622    CDp =  0.03886

 Side 1  free  transition at x/c =  0.2440   46
 Side 2 forced transition at x/c =  1.0000   75

   3   rms: 0.1445E-02   max: -.9198E-02   T at   46  1
       a = 14.000      CL =  1.6226
      Cm = -0.0885     CD =  0.04510   =>   CDf =  0.00624    CDp =  0.03886

 Side 1  free  transition at x/c =  0.2443   46
 Side 2 forced transition at x/c =  1.0000   75

   4   rms: 0.3878E-04   max: -.2673E-03   D at   68  1
       a = 14.000      CL =  1.6227
      Cm = -0.0885     CD =  0.04509   =>   CDf =  0.00623    CDp =  0.03886
 plradd ia,ip,cpol           45           0  1.62484462E-03

 Point added to stored polar  1
 Point written to save file  fx76mp160_Re300k.base.pol                       
 Dump file unspecified or not available
 Calculating wake trajectory ...
 Calculating source influence matrix ...

 Solving BL system ...

 Side 1  free  transition at x/c =  0.2443   46
 Side 2 forced transition at x/c =  1.0000   75

   1   rms: 0.3126E-01   max: -.1592E+00   D at   46  1   RLX: 0.479
       a = 14.250      CL =  1.6251
      Cm = -0.0879     CD =  0.04606   =>   CDf =  0.00623    CDp =  0.03983

 Side 1  free  transition at x/c =  0.2408   46
 Side 2 forced transition at x/c =  1.0000   75

   2   rms: 0.1659E-01   max: -.9105E-01   D at   46  1
       a = 14.250      CL =  1.6282
      Cm = -0.0872     CD =  0.04694   =>   CDf =  0.00588    CDp =  0.04106

 Side 1  free  transition at x/c =  0.2370   46
 Side 2 forced transition at x/c =  1.0000   74

   3   rms: 0.5773E-02   max: -.6694E-01   C at   46  1
       a = 14.250      CL =  1.6283
      Cm = -0.0873     CD =  0.04690   =>   CDf =  0.00623    CDp =  0.04066

 Side 1  free  transition at x/c =  0.2372   46
 Side 2 forced transition at x/c =  1.0000   74

   4   rms: 0.1335E-02   max: -.1375E-01   D at    4  1
       a = 14.250      CL =  1.6289
      Cm = -0.0874     CD =  0.04683   =>   CDf =  0.00620    CDp =  0.04063

 Side 1  free  transition at x/c =  0.2371   46
 Side 2 forced transition at x/c =  1.0000   74

   5   rms: 0.4584E-04   max: -.3647E-03   D at   87  2
       a = 14.250      CL =  1.6290
      Cm = -0.0874     CD =  0.04684   =>   CDf =  0.00620    CDp =  0.04064
 plradd ia,ip,cpol           46           0  1.62484462E-03

 Point added to stored polar  1
 Point written to save file  fx76mp160_Re300k.base.pol                       
 Dump file unspecified or not available
 Calculating wake trajectory ...
 Calculating source influence matrix ...

 Solving BL system ...

 Side 1  free  transition at x/c =  0.2371   46
 Side 2 forced transition at x/c =  1.0000   74

   1   rms: 0.2871E-01   max: 0.1171E+00   T at   46  1   RLX: 0.471
       a = 14.500      CL =  1.6338
      Cm = -0.0871     CD =  0.04762   =>   CDf =  0.00620    CDp =  0.04142

 Side 1  free  transition at x/c =  0.2334   46
 Side 2 forced transition at x/c =  1.0000   74

   2   rms: 0.1484E-01   max: -.5517E-01   D at   46  1
       a = 14.500      CL =  1.6378
      Cm = -0.0866     CD =  0.04855   =>   CDf =  0.00615    CDp =  0.04240

 Side 1  free  transition at x/c =  0.2292   46
 Side 2 forced transition at x/c =  1.0000   74

   3   rms: 0.1294E-02   max: -.1104E-01   C at   46  1
       a = 14.500      CL =  1.6368
      Cm = -0.0865     CD =  0.04853   =>   CDf =  0.00613    CDp =  0.04241

 Side 1  free  transition at x/c =  0.2296   46
 Side 2 forced transition at x/c =  1.0000   74

   4   rms: 0.2875E-04   max: -.1919E-03   D at   69  1
       a = 14.500      CL =  1.6368
      Cm = -0.0865     CD =  0.04853   =>   CDf =  0.00612    CDp =  0.04241
 plradd ia,ip,cpol           47           0  1.62484462E-03

 Point added to stored polar  1
 Point written to save file  fx76mp160_Re300k.base.pol                       
 Dump file unspecified or not available
 Calculating wake trajectory ...
 Calculating source influence matrix ...

 Solving BL system ...

 Side 1  free  transition at x/c =  0.2296   46
 Side 2 forced transition at x/c =  1.0000   74

   1   rms: 0.2980E-01   max: -.1396E+00   D at   46  1   RLX: 0.460
       a = 14.750      CL =  1.6395
      Cm = -0.0861     CD =  0.04950   =>   CDf =  0.00612    CDp =  0.04338

 Side 1  free  transition at x/c =  0.2257   46
 Side 2 forced transition at x/c =  1.0000   74

   2   rms: 0.1650E-01   max: -.9391E-01   D at   46  1
       a = 14.750      CL =  1.6399
      Cm = -0.0854     CD =  0.05080   =>   CDf =  0.00614    CDp =  0.04466

 Side 1  free  transition at x/c =  0.2221   46
 Side 2 forced transition at x/c =  1.0000   74

   3   rms: 0.9939E-03   max: 0.8556E-02   D at   88  2
       a = 14.750      CL =  1.6390
      Cm = -0.0853     CD =  0.05071   =>   CDf =  0.00616    CDp =  0.04455

 Side 1  free  transition at x/c =  0.2221   46
 Side 2 forced transition at x/c =  1.0000   74

   4   rms: 0.2466E-04   max: 0.5229E-03   D at   88  2
       a = 14.750      CL =  1.6390
      Cm = -0.0853     CD =  0.05071   =>   CDf =  0.00616    CDp =  0.04454
 plradd ia,ip,cpol           48           0  1.62484462E-03

 Point added to stored polar  1
 Point written to save file  fx76mp160_Re300k.base.pol                       
 Dump file unspecified or not available
 Calculating wake trajectory ...
 Calculating source influence matrix ...

 Solving BL system ...

 Side 1  free  transition at x/c =  0.2221   46
 Side 2 forced transition at x/c =  1.0000   74

   1   rms: 0.3125E-01   max: -.1669E+00   D at   46  1   RLX: 0.449
       a = 15.000      CL =  1.6408
      Cm = -0.0848     CD =  0.05172   =>   CDf =  0.00617    CDp =  0.04556

 Side 1  free  transition at x/c =  0.2192   45
 Side 2 forced transition at x/c =  1.0000   74

   2   rms: 0.1721E-01   max: -.9644E-01   C at   45  1
       a = 15.000      CL =  1.6478
      Cm = -0.0846     CD =  0.05250   =>   CDf =  0.00613    CDp =  0.04637

 Side 1  free  transition at x/c =  0.2152   45
 Side 2 forced transition at x/c =  1.0000   74

   3   rms: 0.1105E-02   max: 0.9903E-02   D at   46  1
       a = 15.000      CL =  1.6468
      Cm = -0.0845     CD =  0.05245   =>   CDf =  0.00607    CDp =  0.04638

 Side 1  free  transition at x/c =  0.2154   45
 Side 2 forced transition at x/c =  1.0000   74

   4   rms: 0.1512E-04   max: -.1128E-03   D at   87  2
       a = 15.000      CL =  1.6469
      Cm = -0.0845     CD =  0.05245   =>   CDf =  0.00607    CDp =  0.04639
 plradd ia,ip,cpol           49           0  8.15781008E-04

 Point added to stored polar  1
 Point written to save file  fx76mp160_Re300k.base.pol                       
 Dump file unspecified or not available
 Calculating wake trajectory ...
 Calculating source influence matrix ...

 Solving BL system ...

 Side 1  free  transition at x/c =  0.2154   45
 Side 2 forced transition at x/c =  1.0000   74

   1   rms: 0.2848E-01   max: 0.9921E-01   T at   45  1   RLX: 0.442
       a = 15.250      CL =  1.6500
      Cm = -0.0841     CD =  0.05336   =>   CDf =  0.00607    CDp =  0.04729

 Side 1  free  transition at x/c =  0.2123   45
 Side 2 forced transition at x/c =  1.0000   74

   2   rms: 0.1608E-01   max: -.6899E-01   D at   45  1
       a = 15.250      CL =  1.6521
      Cm = -0.0836     CD =  0.05461   =>   CDf =  0.00606    CDp =  0.04855

 Side 1  free  transition at x/c =  0.2088   45
 Side 2 forced transition at x/c =  1.0000   74

   3   rms: 0.1611E-02   max: 0.9240E-02   D at   67  1
       a = 15.250      CL =  1.6506
      Cm = -0.0835     CD =  0.05460   =>   CDf =  0.00607    CDp =  0.04853

 Side 1  free  transition at x/c =  0.2089   45
 Side 2 forced transition at x/c =  1.0000   74

   4   rms: 0.4268E-04   max: 0.4178E-03   D at   88  2
       a = 15.250      CL =  1.6506
      Cm = -0.0835     CD =  0.05458   =>   CDf =  0.00606    CDp =  0.04852
 plradd ia,ip,cpol           50           0  8.15781008E-04

 Point added to stored polar  1
 Point written to save file  fx76mp160_Re300k.base.pol                       
 Dump file unspecified or not available
 Calculating wake trajectory ...
 Calculating source influence matrix ...

 Solving BL system ...

 Side 1  free  transition at x/c =  0.2089   45
 Side 2 forced transition at x/c =  1.0000   74

   1   rms: 0.3010E-01   max: -.1470E+00   D at   45  1   RLX: 0.431
       a = 15.500      CL =  1.6518
      Cm = -0.0831     CD =  0.05569   =>   CDf =  0.00606    CDp =  0.04963

 Side 1  free  transition at x/c =  0.2062   45
 Side 2 forced transition at x/c =  1.0000   74

   2   rms: 0.1720E-01   max: -.8959E-01   D at   45  1
       a = 15.500      CL =  1.6528
      Cm = -0.0825     CD =  0.05706   =>   CDf =  0.00568    CDp =  0.05138

 Side 1  free  transition at x/c =  0.2028   45
 Side 2 forced transition at x/c =  1.0000   73

   3   rms: 0.4184E-02   max: -.4193E-01   D at    2  1
       a = 15.500      CL =  1.6539
      Cm = -0.0825     CD =  0.05676   =>   CDf =  0.00608    CDp =  0.05068

 Side 1  free  transition at x/c =  0.2027   45
 Side 2 forced transition at x/c =  1.0000   73

   4   rms: 0.1465E-02   max: -.1738E-01   D at    4  1
       a = 15.500      CL =  1.6542
      Cm = -0.0825     CD =  0.05674   =>   CDf =  0.00606    CDp =  0.05069

 Side 1  free  transition at x/c =  0.2026   45
 Side 2 forced transition at x/c =  1.0000   73

   5   rms: 0.2633E-04   max: -.2037E-03   D at   87  2
       a = 15.500      CL =  1.6542
      Cm = -0.0826     CD =  0.05675   =>   CDf =  0.00606    CDp =  0.05069
 plradd ia,ip,cpol           51           0  8.15781008E-04

 Point added to stored polar  1
 Point written to save file  fx76mp160_Re300k.base.pol                       
 Dump file unspecified or not available
 Calculating wake trajectory ...
 Calculating source influence matrix ...

 Solving BL system ...

 Side 1  free  transition at x/c =  0.2026   45
 Side 2 forced transition at x/c =  1.0000   73

   1   rms: 0.2822E-01   max: -.1155E+00   C at   45  1   RLX: 0.424
       a = 15.750      CL =  1.6582
      Cm = -0.0824     CD =  0.05759   =>   CDf =  0.00606    CDp =  0.05153

 Side 1  free  transition at x/c =  0.1999   45
 Side 2 forced transition at x/c =  1.0000   73

   2   rms: 0.1588E-01   max: 0.6133E-01   T at   45  1
       a = 15.750      CL =  1.6625
      Cm = -0.0820     CD =  0.05874   =>   CDf =  0.00600    CDp =  0.05274

 Side 1  free  transition at x/c =  0.1959   45
 Side 2 forced transition at x/c =  1.0000   73

   3   rms: 0.1912E-02   max: 0.1059E-01   D at   67  1
       a = 15.750      CL =  1.6607
      Cm = -0.0819     CD =  0.05875   =>   CDf =  0.00595    CDp =  0.05280

 Side 1  free  transition at x/c =  0.1962   45
 Side 2 forced transition at x/c =  1.0000   73

   4   rms: 0.7259E-04   max: 0.6258E-03   D at   88  2
       a = 15.750      CL =  1.6606
      Cm = -0.0819     CD =  0.05874   =>   CDf =  0.00594    CDp =  0.05279
 plradd ia,ip,cpol           52           0  8.15781008E-04

 Point added to stored polar  1
 Point written to save file  fx76mp160_Re300k.base.pol                       
 Dump file unspecified or not available
 Calculating wake trajectory ...
 Calculating source influence matrix ...

 Solving BL system ...

 Side 1  free  transition at x/c =  0.1962   45
 Side 2 forced transition at x/c =  1.0000   73

   1   rms: 0.2817E-01   max: 0.1037E+00   D at   65  1   RLX: 0.414
       a = 16.000      CL =  1.6627
      Cm = -0.0816     CD =  0.05977   =>   CDf =  0.00595    CDp =  0.05382

 Side 1  free  transition at x/c =  0.1934   45
 Side 2 forced transition at x/c =  1.0000   73

   2   rms: 0.1680E-01   max: -.7296E-01   D at   45  1
       a = 16.000      CL =  1.6641
      Cm = -0.0812     CD =  0.06127   =>   CDf =  0.00594    CDp =  0.05534

 Side 1  free  transition at x/c =  0.1896   45
 Side 2 forced transition at x/c =  1.0000   73

   3   rms: 0.1638E-02   max: 0.9806E-02   D at   88  2
       a = 16.000      CL =  1.6626
      Cm = -0.0811     CD =  0.06119   =>   CDf =  0.00594    CDp =  0.05524

 Side 1  free  transition at x/c =  0.1898   45
 Side 2 forced transition at x/c =  1.0000   73

   4   rms: 0.3141E-04   max: 0.3314E-03   D at   88  2
       a = 16.000      CL =  1.6626
      Cm = -0.0811     CD =  0.06117   =>   CDf =  0.00593    CDp =  0.05524
 plradd ia,ip,cpol           53           0  8.15781008E-04

 Point added to stored polar  1
 Point written to save file  fx76mp160_Re300k.base.pol                       
 Dump file unspecified or not available

.OPERva   c>  
 Polar accumulation disabled

.OPERv   c>  
 XFOIL   c>  
 XFOIL   c>  