
 ===================================================
  XFOIL Version 6.99
  Copyright (C) 2000   Mark Drela, Harold Youngren

  This software comes with ABSOLUTELY NO WARRANTY,
    subject to the GNU General Public License.

  Caveat computor
 ===================================================

 File  xfoil.def  not found

   QUIT    Exit program

  .OPER    Direct operating point(s)
  .MDES    Complex mapping design routine
  .QDES    Surface speed design routine
  .GDES    Geometry design routine

   SAVE f  Write airfoil to labeled coordinate file
   PSAV f  Write airfoil to plain coordinate file
   ISAV f  Write airfoil to ISES coordinate file
   MSAV f  Write airfoil to MSES coordinate file
   REVE    Reverse written-airfoil node ordering

   LOAD f  Read buffer airfoil from coordinate file
   NACA i  Set NACA 4,5-digit airfoil and buffer airfoil
   INTE    Set buffer airfoil by interpolating two airfoils
   NORM    Buffer airfoil normalization toggle
   XYCM rr Change CM reference location, currently  0.25000 0.00000

   BEND    Display structural properties of current airfoil

   PCOP    Set current-airfoil panel nodes directly from buffer airfoil points
   PANE    Set current-airfoil panel nodes ( 160 ) based on curvature
  .PPAR    Show/change paneling

  .PLOP    Plotting options

   WDEF f  Write  current-settings file
   RDEF f  Reread current-settings file
   NAME s  Specify new airfoil name
   NINC    Increment name version number

   Z       Zoom    | (available in all menus)
   U       Unzoom  | 

 XFOIL   c>  
 Labeled airfoil file.  Name:  FX 76-100                                       

 Number of input coordinate points:  97
 Counterclockwise ordering
 Max thickness =     0.100660  at x =   0.279
 Max camber    =    -0.000000  at x =   0.010

  LE  x,y  =   0.00000   0.00000  |   Chord =   1.00000
  TE  x,y  =   1.00000   0.00000  |

 Current airfoil nodes set from buffer airfoil nodes (  97 )

 XFOIL   c>  
 XFOIL   c>  
 Sharp trailing edge

 Paneling parameters used...
   Number of panel nodes       160
   Panel bunching parameter    1.000
   TE/LE panel density ratio   0.150
   Refined-area/LE panel density ratio    0.200
   Top    side refined area x/c limits  1.000 1.000
   Bottom side refined area x/c limits  1.000 1.000

 XFOIL   c>  
.OPERi   c>  
 Xtr/c     =  1.0000    top    side
 Xtr/c     =  1.0000    bottom side
 Ncrit     =    9.00   ( 0.070 % turb. level )
 Vacc      =  0.0100

 Klag  =  5.6000     Uxwt  =    1.00
 A     =  6.7000     B     =  0.7500       KCt = 0.01485
 CtiniK=  1.8000     CtiniX=  3.3000

..VPAR   c>  
..VPAR   c>  
.OPERi   c>  
 M  =    0.0000
 Re =    500000

.OPERv   c>  
.OPERv   c>  
.OPERv   c>  
 Polar  1 newly created for accumulation
 Airfoil archived with polar: FX 76-100                                       

Enter  polar save filename  OR  <return> for no file   s>  
 New polar save file available

Enter  polar dump filename  OR  <return> for no file   s>  
 Polar dump file will NOT be written

 Polar accumulation enabled

.OPERva   c>   Calculating unit vorticity distributions ...
 Calculating wake trajectory ...
 Calculating source influence matrix ...

 Solving BL system ...

 Initializing BL ...
    side            1  ...
 MRCHUE: Inverse mode at  65     Hk =   3.800
 MRCHUE: Inverse mode at  66     Hk =   4.292
 MRCHUE: Inverse mode at  67     Hk =   4.777
 MRCHUE: Inverse mode at  68     Hk =   5.253
 MRCHUE: Inverse mode at  69     Hk =   5.718
 MRCHUE: Inverse mode at  70     Hk =   6.167
 MRCHUE: Inverse mode at  71     Hk =   6.585
 MRCHUE: Inverse mode at  72     Hk =   6.948
 MRCHUE: Inverse mode at  73     Hk =   7.246
 MRCHUE: Inverse mode at  74     Hk =   7.484
 MRCHUE: Inverse mode at  75     Hk =   7.683
 MRCHUE: Inverse mode at  76     Hk =   7.812
    side            2  ...
 MRCHUE: Inverse mode at  29     Hk =   4.608
 MRCHUE: Inverse mode at  30     Hk =   5.688
 MRCHUE: Inverse mode at  31     Hk =   6.735
 MRCHUE: Inverse mode at  32     Hk =   5.285
 MRCHUE: Inverse mode at  33     Hk =   2.500
 MRCHUE: Convergence failed at  86  side 2    Res =  0.2088E+01

 Side 1 forced transition at x/c =  1.0000   76
 Side 2  free  transition at x/c =  0.1955   32
 idif Ue xi dudx           1  0.23073022      3.51262093E-03   65.686058    
 Uenew xinew           2  6.68480247E-02  1.01768970E-03

   1   rms: 0.4927E+00   max: 0.3203E+01   D at   88  2   RLX: 0.468
       a = -4.000      CL = -0.5757
      Cm =  0.0247     CD =  0.00618   =>   CDf =  0.00614    CDp =  0.00004

 Side 1 forced transition at x/c =  1.0000   75
 Side 2  free  transition at x/c =  0.1953   33

   2   rms: 0.1499E+00   max: 0.8111E+00   D at   92  2
       a = -4.000      CL = -0.6238
      Cm =  0.0361     CD =  0.00890   =>   CDf =  0.00619    CDp =  0.00271

 Side 1  free  transition at x/c =  0.9714   72
 Side 2  free  transition at x/c =  0.2021   34

   3   rms: 0.1207E+00   max: -.7088E+00   T at   72  1   RLX: 0.705
       a = -4.000      CL = -0.5682
      Cm =  0.0237     CD =  0.01002   =>   CDf =  0.00615    CDp =  0.00388

 Side 1  free  transition at x/c =  0.9850   73
 Side 2  free  transition at x/c =  0.2127   34

   4   rms: 0.5714E-01   max: -.4697E+00   T at   73  1
       a = -4.000      CL = -0.5303
      Cm =  0.0155     CD =  0.00960   =>   CDf =  0.00608    CDp =  0.00352

 Side 1  free  transition at x/c =  0.9998   75
 Side 2  free  transition at x/c =  0.2265   35

   5   rms: 0.2717E-01   max: 0.3637E+00   D at   75  1
       a = -4.000      CL = -0.5378
      Cm =  0.0171     CD =  0.00931   =>   CDf =  0.00599    CDp =  0.00331

 Side 1  free  transition at x/c =  0.9947   74
 Side 2  free  transition at x/c =  0.2264   35

   6   rms: 0.3762E-02   max: 0.4524E-01   C at   35  2
       a = -4.000      CL = -0.5389
      Cm =  0.0173     CD =  0.00940   =>   CDf =  0.00596    CDp =  0.00344

 Side 1  free  transition at x/c =  0.9944   74
 Side 2  free  transition at x/c =  0.2252   35

   7   rms: 0.4639E-04   max: -.6724E-03   C at   35  2
       a = -4.000      CL = -0.5389
      Cm =  0.0173     CD =  0.00940   =>   CDf =  0.00597    CDp =  0.00344
 plradd ia,ip,cpol            1           0  6.75477972E-03

 Point added to stored polar  1
 Point written to save file  fx76100_Re500k.base.pol                         
 Dump file unspecified or not available
 Calculating wake trajectory ...
 Calculating source influence matrix ...

 Solving BL system ...

 Side 1  free  transition at x/c =  0.9944   74
 Side 2  free  transition at x/c =  0.2252   35

   1   rms: 0.1167E+00   max: -.1123E+01   C at   35  2   RLX: 0.445
       a = -3.500      CL = -0.5055
      Cm =  0.0154     CD =  0.00921   =>   CDf =  0.00603    CDp =  0.00318

 Side 1  free  transition at x/c =  0.9900   75
 Side 2  free  transition at x/c =  0.2439   35

   2   rms: 0.7145E-01   max: -.6815E+00   C at   35  2   RLX: 0.734
       a = -3.500      CL = -0.4711
      Cm =  0.0129     CD =  0.00909   =>   CDf =  0.00591    CDp =  0.00318

 Side 1  free  transition at x/c =  0.9885   74
 Side 2  free  transition at x/c =  0.2629   37

   3   rms: 0.3513E-01   max: -.3849E+00   C at   37  2
       a = -3.500      CL = -0.4630
      Cm =  0.0127     CD =  0.00882   =>   CDf =  0.00587    CDp =  0.00295

 Side 1  free  transition at x/c =  0.9865   74
 Side 2  free  transition at x/c =  0.2764   37

   4   rms: 0.9766E-02   max: -.1820E+00   C at   37  2
       a = -3.500      CL = -0.4615
      Cm =  0.0125     CD =  0.00893   =>   CDf =  0.00582    CDp =  0.00311

 Side 1  free  transition at x/c =  0.9869   74
 Side 2  free  transition at x/c =  0.2800   38

   5   rms: 0.3135E-02   max: -.4786E-01   C at   38  2
       a = -3.500      CL = -0.4619
      Cm =  0.0125     CD =  0.00889   =>   CDf =  0.00577    CDp =  0.00313

 Side 1  free  transition at x/c =  0.9868   74
 Side 2  free  transition at x/c =  0.2802   38

   6   rms: 0.1961E-03   max: 0.3504E-02   C at   38  2
       a = -3.500      CL = -0.4619
      Cm =  0.0125     CD =  0.00889   =>   CDf =  0.00576    CDp =  0.00314

 Side 1  free  transition at x/c =  0.9868   74
 Side 2  free  transition at x/c =  0.2802   38

   7   rms: 0.8332E-06   max: 0.3431E-05   D at   42  2
       a = -3.500      CL = -0.4619
      Cm =  0.0125     CD =  0.00889   =>   CDf =  0.00576    CDp =  0.00314
 plradd ia,ip,cpol            2           0  9.17246286E-03

 Point added to stored polar  1
 Point written to save file  fx76100_Re500k.base.pol                         
 Dump file unspecified or not available
 Calculating wake trajectory ...
 Calculating source influence matrix ...

 Solving BL system ...

 Side 1  free  transition at x/c =  0.9868   74
 Side 2  free  transition at x/c =  0.2802   38

   1   rms: 0.1341E+00   max: -.1553E+01   C at   38  2   RLX: 0.322
       a = -3.000      CL = -0.4395
      Cm =  0.0115     CD =  0.00869   =>   CDf =  0.00576    CDp =  0.00293

 Side 1  free  transition at x/c =  0.9838   74
 Side 2  free  transition at x/c =  0.2918   38

   2   rms: 0.7364E-01   max: -.3722E+00   T at   38  2
       a = -3.000      CL = -0.3850
      Cm =  0.0081     CD =  0.00876   =>   CDf =  0.00583    CDp =  0.00294

 MRCHDU: Convergence failed at  39  side 2    Res =  0.6157E+00
 Side 1  free  transition at x/c =  0.9804   74
 Side 2  free  transition at x/c =  0.3786   43

   3   rms: 0.3845E-01   max: 0.6276E+00   D at   37  2
       a = -3.000      CL = -0.3917
      Cm =  0.0091     CD =  0.00813   =>   CDf =  0.00541    CDp =  0.00272

 Side 1  free  transition at x/c =  0.9796   74
 Side 2  free  transition at x/c =  0.3710   43

   4   rms: 0.2340E-01   max: -.3067E+00   D at   43  2
       a = -3.000      CL = -0.3886
      Cm =  0.0086     CD =  0.00835   =>   CDf =  0.00540    CDp =  0.00295

 Side 1  free  transition at x/c =  0.9802   74
 Side 2  free  transition at x/c =  0.3494   41

   5   rms: 0.5043E-02   max: -.7330E-01   D at   43  2
       a = -3.000      CL = -0.3885
      Cm =  0.0086     CD =  0.00835   =>   CDf =  0.00548    CDp =  0.00287

 Side 1  free  transition at x/c =  0.9803   74
 Side 2  free  transition at x/c =  0.3473   41

   6   rms: 0.7223E-04   max: -.1197E-02   D at   43  2
       a = -3.000      CL = -0.3885
      Cm =  0.0086     CD =  0.00835   =>   CDf =  0.00548    CDp =  0.00286
 plradd ia,ip,cpol            3           0  1.21190343E-02

 Point added to stored polar  1
 Point written to save file  fx76100_Re500k.base.pol                         
 Dump file unspecified or not available
 Calculating wake trajectory ...
 Calculating source influence matrix ...

 Solving BL system ...

 Side 1  free  transition at x/c =  0.9803   74
 Side 2  free  transition at x/c =  0.3473   41

   1   rms: 0.1314E+00   max: -.1853E+01   C at   41  2   RLX: 0.270
       a = -2.500      CL = -0.3748
      Cm =  0.0089     CD =  0.00820   =>   CDf =  0.00549    CDp =  0.00271

 Side 1  free  transition at x/c =  0.9750   74
 Side 2  free  transition at x/c =  0.3635   42

   2   rms: 0.1143E+00   max: -.1696E+01   C at   42  2   RLX: 0.295
       a = -2.500      CL = -0.3579
      Cm =  0.0079     CD =  0.00817   =>   CDf =  0.00543    CDp =  0.00274

 Side 1  free  transition at x/c =  0.9734   74
 Side 2  free  transition at x/c =  0.3790   43

   3   rms: 0.8765E-01   max: -.1334E+01   C at   43  2   RLX: 0.375
       a = -2.500      CL = -0.3420
      Cm =  0.0068     CD =  0.00803   =>   CDf =  0.00537    CDp =  0.00267

 Side 1  free  transition at x/c =  0.9724   74
 Side 2  free  transition at x/c =  0.3936   44

   4   rms: 0.6289E-01   max: -.1005E+01   C at   44  2   RLX: 0.498
       a = -2.500      CL = -0.3286
      Cm =  0.0058     CD =  0.00790   =>   CDf =  0.00531    CDp =  0.00259

 Side 1  free  transition at x/c =  0.9717   74
 Side 2  free  transition at x/c =  0.4092   45

   5   rms: 0.4147E-01   max: -.7219E+00   C at   45  2   RLX: 0.693
       a = -2.500      CL = -0.3192
      Cm =  0.0051     CD =  0.00777   =>   CDf =  0.00524    CDp =  0.00252

 Side 1  free  transition at x/c =  0.9713   74
 Side 2  free  transition at x/c =  0.4252   46

   6   rms: 0.2013E-01   max: -.3790E+00   C at   46  2
       a = -2.500      CL = -0.3154
      Cm =  0.0048     CD =  0.00768   =>   CDf =  0.00517    CDp =  0.00251

 Side 1  free  transition at x/c =  0.9712   74
 Side 2  free  transition at x/c =  0.4374   47

   7   rms: 0.4149E-02   max: -.8063E-01   C at   47  2
       a = -2.500      CL = -0.3155
      Cm =  0.0048     CD =  0.00767   =>   CDf =  0.00512    CDp =  0.00256

 Side 1  free  transition at x/c =  0.9712   74
 Side 2  free  transition at x/c =  0.4394   47

   8   rms: 0.6542E-04   max: -.1300E-02   C at   47  2
       a = -2.500      CL = -0.3155
      Cm =  0.0048     CD =  0.00768   =>   CDf =  0.00510    CDp =  0.00257
 plradd ia,ip,cpol            4           0  1.57140195E-02

 Point added to stored polar  1
 Point written to save file  fx76100_Re500k.base.pol                         
 Dump file unspecified or not available
 Calculating wake trajectory ...
 Calculating source influence matrix ...

 Solving BL system ...

 Side 1  free  transition at x/c =  0.9712   74
 Side 2  free  transition at x/c =  0.4394   47

   1   rms: 0.1788E+00   max: -.2789E+01   C at   47  2   RLX: 0.179
       a = -2.000      CL = -0.3009
      Cm =  0.0038     CD =  0.00754   =>   CDf =  0.00514    CDp =  0.00241

 Side 1  free  transition at x/c =  0.9703   74
 Side 2  free  transition at x/c =  0.4569   47

   2   rms: 0.1128E+00   max: -.1511E+01   C at   47  2   RLX: 0.331
       a = -2.000      CL = -0.2952
      Cm =  0.0060     CD =  0.00741   =>   CDf =  0.00504    CDp =  0.00236

 Side 1  free  transition at x/c =  0.9597   74
 Side 2  free  transition at x/c =  0.4754   48

   3   rms: 0.1045E+00   max: -.1497E+01   C at   48  2   RLX: 0.334
       a = -2.000      CL = -0.2782
      Cm =  0.0047     CD =  0.00753   =>   CDf =  0.00497    CDp =  0.00256

 Side 1  free  transition at x/c =  0.9599   74
 Side 2  free  transition at x/c =  0.4958   50

   4   rms: 0.8678E-01   max: -.1311E+01   C at   50  2   RLX: 0.381
       a = -2.000      CL = -0.2656
      Cm =  0.0036     CD =  0.00727   =>   CDf =  0.00490    CDp =  0.00237

 Side 1  free  transition at x/c =  0.9600   74
 Side 2  free  transition at x/c =  0.5092   51

   5   rms: 0.6258E-01   max: -.9287E+00   C at   51  2   RLX: 0.538
       a = -2.000      CL = -0.2545
      Cm =  0.0026     CD =  0.00708   =>   CDf =  0.00486    CDp =  0.00222

 Side 1  free  transition at x/c =  0.9603   74
 Side 2  free  transition at x/c =  0.5246   51

   6   rms: 0.2585E-01   max: -.4064E+00   C at   51  2
       a = -2.000      CL = -0.2438
      Cm =  0.0016     CD =  0.00701   =>   CDf =  0.00480    CDp =  0.00221

 Side 1  free  transition at x/c =  0.9604   74
 Side 2  free  transition at x/c =  0.5618   54

   7   rms: 0.1214E-01   max: 0.2219E+00   C at   54  2
       a = -2.000      CL = -0.2449
      Cm =  0.0018     CD =  0.00693   =>   CDf =  0.00461    CDp =  0.00232

 Side 1  free  transition at x/c =  0.9603   74
 Side 2  free  transition at x/c =  0.5531   53

   8   rms: 0.3957E-03   max: -.6620E-02   D at   56  2
       a = -2.000      CL = -0.2450
      Cm =  0.0018     CD =  0.00693   =>   CDf =  0.00465    CDp =  0.00228

 Side 1  free  transition at x/c =  0.9603   74
 Side 2  free  transition at x/c =  0.5530   53

   9   rms: 0.3074E-05   max: 0.4429E-04   C at   53  2
       a = -2.000      CL = -0.2450
      Cm =  0.0018     CD =  0.00693   =>   CDf =  0.00465    CDp =  0.00228
 plradd ia,ip,cpol            5           0  2.55101118E-02

 Point added to stored polar  1
 Point written to save file  fx76100_Re500k.base.pol                         
 Dump file unspecified or not available
 Calculating wake trajectory ...
 Calculating source influence matrix ...

 Solving BL system ...

 Side 1  free  transition at x/c =  0.9603   74
 Side 2  free  transition at x/c =  0.5530   53

   1   rms: 0.1588E+00   max: -.2293E+01   C at   53  2   RLX: 0.218
       a = -1.500      CL = -0.2273
      Cm =  0.0007     CD =  0.00681   =>   CDf =  0.00465    CDp =  0.00216

 Side 1  free  transition at x/c =  0.9588   74
 Side 2  free  transition at x/c =  0.5764   55

   2   rms: 0.1323E+00   max: -.1918E+01   C at   55  2   RLX: 0.261
       a = -1.500      CL = -0.2108
      Cm = -0.0004     CD =  0.00665   =>   CDf =  0.00455    CDp =  0.00210

 Side 1  free  transition at x/c =  0.9575   73
 Side 2  free  transition at x/c =  0.5938   56

   3   rms: 0.6549E-01   max: -.8506E+00   C at   56  2   RLX: 0.588
       a = -1.500      CL = -0.2063
      Cm =  0.0029     CD =  0.00654   =>   CDf =  0.00451    CDp =  0.00203

 Side 1  free  transition at x/c =  0.9422   73
 Side 2  free  transition at x/c =  0.6179   56

   4   rms: 0.8525E-01   max: -.4782E+00   D at   79  1
       a = -1.500      CL = -0.1405
      Cm = -0.0086     CD =  0.00631   =>   CDf =  0.00443    CDp =  0.00188

 MRCHDU: Convergence failed at  76  side 1    Res =  0.5511E+01
 MRCHDU: Convergence failed at  77  side 1    Res =  0.3590E+01
 MRCHDU: Convergence failed at  78  side 1    Res =  0.3164E+01
 MRCHDU: Convergence failed at  79  side 1    Res =  0.1720E+02
 Side 1  free  transition at x/c =  0.9695   75
 Side 2  free  transition at x/c =  0.6777   60

   5   rms: 0.1292E+00   max: 0.7214E+00   T at   75  1
       a = -1.500      CL = -0.2278
      Cm =  0.0107     CD =  0.00579   =>   CDf =  0.00422    CDp =  0.00157

 Side 1  free  transition at x/c =  0.9259   72
 Side 2  free  transition at x/c =  0.6181   56

   6   rms: 0.2173E+00   max: -.1192E+01   D at   77  1   RLX: 0.419
       a = -1.500      CL = -0.1587
      Cm = -0.0037     CD =  0.00700   =>   CDf =  0.00446    CDp =  0.00255

 MRCHDU: Convergence failed at  75  side 1    Res =  0.2319E+01
 MRCHDU: Convergence failed at  76  side 1    Res =  0.2569E+01
 MRCHDU: Convergence failed at  77  side 1    Res =  0.4228E+01
 MRCHDU: Convergence failed at  78  side 1    Res =  0.9680E+01
 MRCHDU: Convergence failed at  79  side 1    Res =  0.3372E+01
 Side 1  free  transition at x/c =  0.9685   75
 Side 2  free  transition at x/c =  0.6520   59

   7   rms: 0.4074E+00   max: -.3418E+01   C at   75  1   RLX: 0.146
       a = -1.500      CL = -0.1924
      Cm =  0.0003     CD =  0.00509   =>   CDf =  0.00428    CDp =  0.00080

 Side 1  free  transition at x/c =  0.9441   73
 Side 2  free  transition at x/c =  0.6390   58

   8   rms: 0.8958E-01   max: -.6947E+00   C at   58  2   RLX: 0.720
       a = -1.500      CL = -0.1427
      Cm = -0.0087     CD =  0.00586   =>   CDf =  0.00439    CDp =  0.00147

 Side 1  free  transition at x/c =  0.9679   75
 Side 2  free  transition at x/c =  0.6609   59

   9   rms: 0.9467E-01   max: 0.7114E+00   D at   78  1
       a = -1.500      CL = -0.2046
      Cm =  0.0056     CD =  0.00636   =>   CDf =  0.00424    CDp =  0.00212

 Side 1  free  transition at x/c =  0.9330   73
 Side 2  free  transition at x/c =  0.6375   58

  10   rms: 0.6892E-01   max: -.5015E+00   C at   58  2   RLX: 0.997
       a = -1.500      CL = -0.1603
      Cm = -0.0042     CD =  0.00625   =>   CDf =  0.00435    CDp =  0.00190

 Side 1  free  transition at x/c =  0.9563   74
 Side 2  free  transition at x/c =  0.6543   59

  11   rms: 0.4020E-01   max: 0.2872E+00   C at   74  1
       a = -1.500      CL = -0.1759
      Cm = -0.0007     CD =  0.00626   =>   CDf =  0.00427    CDp =  0.00199

 Side 1  free  transition at x/c =  0.9465   74
 Side 2  free  transition at x/c =  0.6527   59

  12   rms: 0.3916E-02   max: -.5108E-01   D at   74  1
       a = -1.500      CL = -0.1772
      Cm = -0.0004     CD =  0.00633   =>   CDf =  0.00427    CDp =  0.00206

 Side 1  free  transition at x/c =  0.9464   74
 Side 2  free  transition at x/c =  0.6522   59

  13   rms: 0.9021E-04   max: 0.7285E-03   D at   75  1
       a = -1.500      CL = -0.1772
      Cm = -0.0004     CD =  0.00633   =>   CDf =  0.00428    CDp =  0.00206
 plradd ia,ip,cpol            6           0  4.99843284E-02

 Point added to stored polar  1
 Point written to save file  fx76100_Re500k.base.pol                         
 Dump file unspecified or not available
 Calculating wake trajectory ...
 Calculating source influence matrix ...

 Solving BL system ...

 Side 1  free  transition at x/c =  0.9464   74
 Side 2  free  transition at x/c =  0.6522   59

   1   rms: 0.1581E+00   max: -.2212E+01   C at   59  2   RLX: 0.226
       a = -1.000      CL = -0.1609
      Cm = -0.0011     CD =  0.00619   =>   CDf =  0.00428    CDp =  0.00191

 Side 1  free  transition at x/c =  0.9437   73
 Side 2  free  transition at x/c =  0.6656   60

   2   rms: 0.9591E-01   max: -.1285E+01   C at   60  2   RLX: 0.389
       a = -1.000      CL = -0.1529
      Cm =  0.0009     CD =  0.00611   =>   CDf =  0.00428    CDp =  0.00183

 Side 1  free  transition at x/c =  0.9306   73
 Side 2  free  transition at x/c =  0.6803   60

   3   rms: 0.6124E-01   max: -.3817E+00   C at   60  2
       a = -1.000      CL = -0.1092
      Cm = -0.0025     CD =  0.00602   =>   CDf =  0.00426    CDp =  0.00176

 Side 1  free  transition at x/c =  0.9286   73
 Side 2  free  transition at x/c =  0.7625   65

   4   rms: 0.2008E-01   max: 0.2430E+00   D at   60  2
       a = -1.000      CL = -0.1180
      Cm = -0.0004     CD =  0.00586   =>   CDf =  0.00392    CDp =  0.00195

 Side 1  free  transition at x/c =  0.9247   73
 Side 2  free  transition at x/c =  0.7417   63

   5   rms: 0.3918E-02   max: -.5055E-01   D at   64  2
       a = -1.000      CL = -0.1161
      Cm = -0.0008     CD =  0.00588   =>   CDf =  0.00397    CDp =  0.00192

 Side 1  free  transition at x/c =  0.9254   73
 Side 2  free  transition at x/c =  0.7374   63

   6   rms: 0.5059E-03   max: -.8171E-02   C at   63  2
       a = -1.000      CL = -0.1161
      Cm = -0.0009     CD =  0.00589   =>   CDf =  0.00397    CDp =  0.00192

 Side 1  free  transition at x/c =  0.9254   73
 Side 2  free  transition at x/c =  0.7377   63

   7   rms: 0.1549E-05   max: -.1275E-04   D at   66  2
       a = -1.000      CL = -0.1161
      Cm = -0.0009     CD =  0.00589   =>   CDf =  0.00397    CDp =  0.00192
 plradd ia,ip,cpol            7           0  8.60655680E-02

 Point added to stored polar  1
 Point written to save file  fx76100_Re500k.base.pol                         
 Dump file unspecified or not available
 Calculating wake trajectory ...
 Calculating source influence matrix ...

 Solving BL system ...

 Side 1  free  transition at x/c =  0.9254   73
 Side 2  free  transition at x/c =  0.7377   63

   1   rms: 0.1096E+00   max: -.1352E+01   C at   63  2   RLX: 0.370
       a = -0.500      CL = -0.0986
      Cm =  0.0001     CD =  0.00578   =>   CDf =  0.00397    CDp =  0.00181

 Side 1  free  transition at x/c =  0.9130   72
 Side 2  free  transition at x/c =  0.7628   65

   2   rms: 0.7439E-01   max: -.9102E+00   C at   65  2   RLX: 0.549
       a = -0.500      CL = -0.0807
      Cm =  0.0008     CD =  0.00570   =>   CDf =  0.00391    CDp =  0.00179

 Side 1  free  transition at x/c =  0.9021   72
 Side 2  free  transition at x/c =  0.7819   66

   3   rms: 0.3636E-01   max: -.3402E+00   C at   66  2
       a = -0.500      CL = -0.0575
      Cm = -0.0006     CD =  0.00563   =>   CDf =  0.00387    CDp =  0.00176

 Side 1  free  transition at x/c =  0.8982   71
 Side 2  free  transition at x/c =  0.8081   68

   4   rms: 0.2333E-02   max: 0.2564E-01   D at   68  2
       a = -0.500      CL = -0.0564
      Cm = -0.0008     CD =  0.00562   =>   CDf =  0.00377    CDp =  0.00185

 Side 1  free  transition at x/c =  0.8986   71
 Side 2  free  transition at x/c =  0.8081   68

   5   rms: 0.2896E-02   max: -.4210E-01   C at   71  1
       a = -0.500      CL = -0.0563
      Cm = -0.0008     CD =  0.00562   =>   CDf =  0.00378    CDp =  0.00185

 Side 1  free  transition at x/c =  0.8986   71
 Side 2  free  transition at x/c =  0.8080   68

   6   rms: 0.2794E-02   max: -.4082E-01   C at   71  1
       a = -0.500      CL = -0.0563
      Cm = -0.0008     CD =  0.00562   =>   CDf =  0.00378    CDp =  0.00185

 Side 1  free  transition at x/c =  0.8986   71
 Side 2  free  transition at x/c =  0.8080   68

   7   rms: 0.2808E-02   max: -.4100E-01   C at   71  1
       a = -0.500      CL = -0.0563
      Cm = -0.0008     CD =  0.00562   =>   CDf =  0.00378    CDp =  0.00185

 Side 1  free  transition at x/c =  0.8986   71
 Side 2  free  transition at x/c =  0.8080   68

   8   rms: 0.2806E-02   max: -.4097E-01   C at   71  1
       a = -0.500      CL = -0.0563
      Cm = -0.0008     CD =  0.00562   =>   CDf =  0.00378    CDp =  0.00185

 Side 1  free  transition at x/c =  0.8986   71
 Side 2  free  transition at x/c =  0.8080   68

   9   rms: 0.2807E-02   max: -.4098E-01   C at   71  1
       a = -0.500      CL = -0.0563
      Cm = -0.0008     CD =  0.00562   =>   CDf =  0.00378    CDp =  0.00185

 Side 1  free  transition at x/c =  0.8986   71
 Side 2  free  transition at x/c =  0.8080   68

  10   rms: 0.2806E-02   max: -.4098E-01   C at   71  1
       a = -0.500      CL = -0.0563
      Cm = -0.0008     CD =  0.00562   =>   CDf =  0.00378    CDp =  0.00185

 Side 1  free  transition at x/c =  0.8986   71
 Side 2  free  transition at x/c =  0.8080   68

  11   rms: 0.2807E-02   max: -.4099E-01   C at   71  1
       a = -0.500      CL = -0.0563
      Cm = -0.0008     CD =  0.00562   =>   CDf =  0.00378    CDp =  0.00185

 Side 1  free  transition at x/c =  0.8986   71
 Side 2  free  transition at x/c =  0.8080   68

  12   rms: 0.2806E-02   max: -.4098E-01   C at   71  1
       a = -0.500      CL = -0.0563
      Cm = -0.0008     CD =  0.00562   =>   CDf =  0.00378    CDp =  0.00185

 Side 1  free  transition at x/c =  0.8986   71
 Side 2  free  transition at x/c =  0.8080   68

  13   rms: 0.2806E-02   max: -.4098E-01   C at   71  1
       a = -0.500      CL = -0.0563
      Cm = -0.0008     CD =  0.00562   =>   CDf =  0.00378    CDp =  0.00185

 Side 1  free  transition at x/c =  0.8986   71
 Side 2  free  transition at x/c =  0.8080   68

  14   rms: 0.2806E-02   max: -.4098E-01   C at   71  1
       a = -0.500      CL = -0.0563
      Cm = -0.0008     CD =  0.00562   =>   CDf =  0.00378    CDp =  0.00185

 Side 1  free  transition at x/c =  0.8986   71
 Side 2  free  transition at x/c =  0.8080   68

  15   rms: 0.2806E-02   max: -.4097E-01   C at   71  1
       a = -0.500      CL = -0.0563
      Cm = -0.0008     CD =  0.00562   =>   CDf =  0.00378    CDp =  0.00185

 Side 1  free  transition at x/c =  0.8986   71
 Side 2  free  transition at x/c =  0.8080   68

  16   rms: 0.2806E-02   max: -.4098E-01   C at   71  1
       a = -0.500      CL = -0.0563
      Cm = -0.0008     CD =  0.00562   =>   CDf =  0.00378    CDp =  0.00185

 Side 1  free  transition at x/c =  0.8986   71
 Side 2  free  transition at x/c =  0.8080   68

  17   rms: 0.2806E-02   max: -.4098E-01   C at   71  1
       a = -0.500      CL = -0.0563
      Cm = -0.0008     CD =  0.00562   =>   CDf =  0.00378    CDp =  0.00185

 Side 1  free  transition at x/c =  0.8986   71
 Side 2  free  transition at x/c =  0.8080   68

  18   rms: 0.2806E-02   max: -.4098E-01   C at   71  1
       a = -0.500      CL = -0.0563
      Cm = -0.0008     CD =  0.00562   =>   CDf =  0.00378    CDp =  0.00185

 Side 1  free  transition at x/c =  0.8986   71
 Side 2  free  transition at x/c =  0.8080   68

  19   rms: 0.2806E-02   max: -.4098E-01   C at   71  1
       a = -0.500      CL = -0.0563
      Cm = -0.0008     CD =  0.00562   =>   CDf =  0.00378    CDp =  0.00185

 Side 1  free  transition at x/c =  0.8986   71
 Side 2  free  transition at x/c =  0.8080   68

  20   rms: 0.2806E-02   max: -.4098E-01   C at   71  1
       a = -0.500      CL = -0.0563
      Cm = -0.0008     CD =  0.00562   =>   CDf =  0.00378    CDp =  0.00185

 Side 1  free  transition at x/c =  0.8986   71
 Side 2  free  transition at x/c =  0.8080   68

  21   rms: 0.2807E-02   max: -.4098E-01   C at   71  1
       a = -0.500      CL = -0.0563
      Cm = -0.0008     CD =  0.00562   =>   CDf =  0.00378    CDp =  0.00185

 Side 1  free  transition at x/c =  0.8986   71
 Side 2  free  transition at x/c =  0.8080   68

  22   rms: 0.2806E-02   max: -.4098E-01   C at   71  1
       a = -0.500      CL = -0.0563
      Cm = -0.0008     CD =  0.00562   =>   CDf =  0.00378    CDp =  0.00185

 Side 1  free  transition at x/c =  0.8986   71
 Side 2  free  transition at x/c =  0.8080   68

  23   rms: 0.2806E-02   max: -.4098E-01   C at   71  1
       a = -0.500      CL = -0.0563
      Cm = -0.0008     CD =  0.00562   =>   CDf =  0.00378    CDp =  0.00185

 Side 1  free  transition at x/c =  0.8986   71
 Side 2  free  transition at x/c =  0.8080   68

  24   rms: 0.2806E-02   max: -.4098E-01   C at   71  1
       a = -0.500      CL = -0.0563
      Cm = -0.0008     CD =  0.00562   =>   CDf =  0.00378    CDp =  0.00185

 Side 1  free  transition at x/c =  0.8986   71
 Side 2  free  transition at x/c =  0.8080   68

  25   rms: 0.2807E-02   max: -.4098E-01   C at   71  1
       a = -0.500      CL = -0.0563
      Cm = -0.0008     CD =  0.00562   =>   CDf =  0.00378    CDp =  0.00185

 Side 1  free  transition at x/c =  0.8986   71
 Side 2  free  transition at x/c =  0.8080   68

  26   rms: 0.2807E-02   max: -.4098E-01   C at   71  1
       a = -0.500      CL = -0.0563
      Cm = -0.0008     CD =  0.00562   =>   CDf =  0.00378    CDp =  0.00185

 Side 1  free  transition at x/c =  0.8986   71
 Side 2  free  transition at x/c =  0.8080   68

  27   rms: 0.2806E-02   max: -.4098E-01   C at   71  1
       a = -0.500      CL = -0.0563
      Cm = -0.0008     CD =  0.00562   =>   CDf =  0.00378    CDp =  0.00185

 Side 1  free  transition at x/c =  0.8986   71
 Side 2  free  transition at x/c =  0.8080   68

  28   rms: 0.2807E-02   max: -.4098E-01   C at   71  1
       a = -0.500      CL = -0.0563
      Cm = -0.0008     CD =  0.00562   =>   CDf =  0.00378    CDp =  0.00185

 Side 1  free  transition at x/c =  0.8986   71
 Side 2  free  transition at x/c =  0.8080   68

  29   rms: 0.2806E-02   max: -.4098E-01   C at   71  1
       a = -0.500      CL = -0.0563
      Cm = -0.0008     CD =  0.00562   =>   CDf =  0.00378    CDp =  0.00185

 Side 1  free  transition at x/c =  0.8986   71
 Side 2  free  transition at x/c =  0.8080   68

  30   rms: 0.2806E-02   max: -.4098E-01   C at   71  1
       a = -0.500      CL = -0.0563
      Cm = -0.0008     CD =  0.00562   =>   CDf =  0.00378    CDp =  0.00185

 Side 1  free  transition at x/c =  0.8986   71
 Side 2  free  transition at x/c =  0.8080   68

  31   rms: 0.2806E-02   max: -.4098E-01   C at   71  1
       a = -0.500      CL = -0.0563
      Cm = -0.0008     CD =  0.00562   =>   CDf =  0.00378    CDp =  0.00185

 Side 1  free  transition at x/c =  0.8986   71
 Side 2  free  transition at x/c =  0.8080   68

  32   rms: 0.2806E-02   max: -.4098E-01   C at   71  1
       a = -0.500      CL = -0.0563
      Cm = -0.0008     CD =  0.00562   =>   CDf =  0.00378    CDp =  0.00185

 Side 1  free  transition at x/c =  0.8986   71
 Side 2  free  transition at x/c =  0.8080   68

  33   rms: 0.2806E-02   max: -.4098E-01   C at   71  1
       a = -0.500      CL = -0.0563
      Cm = -0.0008     CD =  0.00562   =>   CDf =  0.00378    CDp =  0.00185

 Side 1  free  transition at x/c =  0.8986   71
 Side 2  free  transition at x/c =  0.8080   68

  34   rms: 0.2806E-02   max: -.4098E-01   C at   71  1
       a = -0.500      CL = -0.0563
      Cm = -0.0008     CD =  0.00562   =>   CDf =  0.00378    CDp =  0.00185

 Side 1  free  transition at x/c =  0.8986   71
 Side 2  free  transition at x/c =  0.8080   68

  35   rms: 0.2806E-02   max: -.4098E-01   C at   71  1
       a = -0.500      CL = -0.0563
      Cm = -0.0008     CD =  0.00562   =>   CDf =  0.00378    CDp =  0.00185

 Side 1  free  transition at x/c =  0.8986   71
 Side 2  free  transition at x/c =  0.8080   68

  36   rms: 0.2806E-02   max: -.4098E-01   C at   71  1
       a = -0.500      CL = -0.0563
      Cm = -0.0008     CD =  0.00562   =>   CDf =  0.00378    CDp =  0.00185

 Side 1  free  transition at x/c =  0.8986   71
 Side 2  free  transition at x/c =  0.8080   68

  37   rms: 0.2806E-02   max: -.4097E-01   C at   71  1
       a = -0.500      CL = -0.0563
      Cm = -0.0008     CD =  0.00562   =>   CDf =  0.00378    CDp =  0.00185

 Side 1  free  transition at x/c =  0.8986   71
 Side 2  free  transition at x/c =  0.8080   68

  38   rms: 0.2807E-02   max: -.4098E-01   C at   71  1
       a = -0.500      CL = -0.0563
      Cm = -0.0008     CD =  0.00562   =>   CDf =  0.00378    CDp =  0.00185

 Side 1  free  transition at x/c =  0.8986   71
 Side 2  free  transition at x/c =  0.8080   68

  39   rms: 0.2807E-02   max: -.4098E-01   C at   71  1
       a = -0.500      CL = -0.0563
      Cm = -0.0008     CD =  0.00562   =>   CDf =  0.00378    CDp =  0.00185

 Side 1  free  transition at x/c =  0.8986   71
 Side 2  free  transition at x/c =  0.8080   68

  40   rms: 0.2806E-02   max: -.4098E-01   C at   71  1
       a = -0.500      CL = -0.0563
      Cm = -0.0008     CD =  0.00562   =>   CDf =  0.00378    CDp =  0.00185

 Side 1  free  transition at x/c =  0.8986   71
 Side 2  free  transition at x/c =  0.8080   68

  41   rms: 0.2806E-02   max: -.4098E-01   C at   71  1
       a = -0.500      CL = -0.0563
      Cm = -0.0008     CD =  0.00562   =>   CDf =  0.00378    CDp =  0.00185

 Side 1  free  transition at x/c =  0.8986   71
 Side 2  free  transition at x/c =  0.8080   68

  42   rms: 0.2806E-02   max: -.4097E-01   C at   71  1
       a = -0.500      CL = -0.0563
      Cm = -0.0008     CD =  0.00562   =>   CDf =  0.00378    CDp =  0.00185

 Side 1  free  transition at x/c =  0.8986   71
 Side 2  free  transition at x/c =  0.8080   68

  43   rms: 0.2806E-02   max: -.4098E-01   C at   71  1
       a = -0.500      CL = -0.0563
      Cm = -0.0008     CD =  0.00562   =>   CDf =  0.00378    CDp =  0.00185

 Side 1  free  transition at x/c =  0.8986   71
 Side 2  free  transition at x/c =  0.8080   68

  44   rms: 0.2807E-02   max: -.4098E-01   C at   71  1
       a = -0.500      CL = -0.0563
      Cm = -0.0008     CD =  0.00562   =>   CDf =  0.00378    CDp =  0.00185

 Side 1  free  transition at x/c =  0.8986   71
 Side 2  free  transition at x/c =  0.8080   68

  45   rms: 0.2806E-02   max: -.4097E-01   C at   71  1
       a = -0.500      CL = -0.0563
      Cm = -0.0008     CD =  0.00562   =>   CDf =  0.00378    CDp =  0.00185

 Side 1  free  transition at x/c =  0.8986   71
 Side 2  free  transition at x/c =  0.8080   68

  46   rms: 0.2806E-02   max: -.4098E-01   C at   71  1
       a = -0.500      CL = -0.0563
      Cm = -0.0008     CD =  0.00562   =>   CDf =  0.00378    CDp =  0.00185

 Side 1  free  transition at x/c =  0.8986   71
 Side 2  free  transition at x/c =  0.8080   68

  47   rms: 0.2806E-02   max: -.4098E-01   C at   71  1
       a = -0.500      CL = -0.0563
      Cm = -0.0008     CD =  0.00562   =>   CDf =  0.00378    CDp =  0.00185

 Side 1  free  transition at x/c =  0.8986   71
 Side 2  free  transition at x/c =  0.8080   68

  48   rms: 0.2806E-02   max: -.4098E-01   C at   71  1
       a = -0.500      CL = -0.0563
      Cm = -0.0008     CD =  0.00562   =>   CDf =  0.00378    CDp =  0.00185

 Side 1  free  transition at x/c =  0.8986   71
 Side 2  free  transition at x/c =  0.8080   68

  49   rms: 0.2806E-02   max: -.4098E-01   C at   71  1
       a = -0.500      CL = -0.0563
      Cm = -0.0008     CD =  0.00562   =>   CDf =  0.00378    CDp =  0.00185

 Side 1  free  transition at x/c =  0.8986   71
 Side 2  free  transition at x/c =  0.8080   68

  50   rms: 0.2806E-02   max: -.4097E-01   C at   71  1
       a = -0.500      CL = -0.0563
      Cm = -0.0008     CD =  0.00562   =>   CDf =  0.00378    CDp =  0.00185

 Side 1  free  transition at x/c =  0.8986   71
 Side 2  free  transition at x/c =  0.8080   68

  51   rms: 0.2806E-02   max: -.4098E-01   C at   71  1
       a = -0.500      CL = -0.0563
      Cm = -0.0008     CD =  0.00562   =>   CDf =  0.00378    CDp =  0.00185

 Side 1  free  transition at x/c =  0.8986   71
 Side 2  free  transition at x/c =  0.8080   68

  52   rms: 0.2806E-02   max: -.4098E-01   C at   71  1
       a = -0.500      CL = -0.0563
      Cm = -0.0008     CD =  0.00562   =>   CDf =  0.00378    CDp =  0.00185

 Side 1  free  transition at x/c =  0.8986   71
 Side 2  free  transition at x/c =  0.8080   68

  53   rms: 0.2807E-02   max: -.4098E-01   C at   71  1
       a = -0.500      CL = -0.0563
      Cm = -0.0008     CD =  0.00562   =>   CDf =  0.00378    CDp =  0.00185

 Side 1  free  transition at x/c =  0.8986   71
 Side 2  free  transition at x/c =  0.8080   68

  54   rms: 0.2806E-02   max: -.4098E-01   C at   71  1
       a = -0.500      CL = -0.0563
      Cm = -0.0008     CD =  0.00562   =>   CDf =  0.00378    CDp =  0.00185

 Side 1  free  transition at x/c =  0.8986   71
 Side 2  free  transition at x/c =  0.8080   68

  55   rms: 0.2807E-02   max: -.4098E-01   C at   71  1
       a = -0.500      CL = -0.0563
      Cm = -0.0008     CD =  0.00562   =>   CDf =  0.00378    CDp =  0.00185

 Side 1  free  transition at x/c =  0.8986   71
 Side 2  free  transition at x/c =  0.8080   68

  56   rms: 0.2806E-02   max: -.4098E-01   C at   71  1
       a = -0.500      CL = -0.0563
      Cm = -0.0008     CD =  0.00562   =>   CDf =  0.00378    CDp =  0.00185

 Side 1  free  transition at x/c =  0.8986   71
 Side 2  free  transition at x/c =  0.8080   68

  57   rms: 0.2806E-02   max: -.4098E-01   C at   71  1
       a = -0.500      CL = -0.0563
      Cm = -0.0008     CD =  0.00562   =>   CDf =  0.00378    CDp =  0.00185

 Side 1  free  transition at x/c =  0.8986   71
 Side 2  free  transition at x/c =  0.8080   68

  58   rms: 0.2807E-02   max: -.4098E-01   C at   71  1
       a = -0.500      CL = -0.0563
      Cm = -0.0008     CD =  0.00562   =>   CDf =  0.00378    CDp =  0.00185

 Side 1  free  transition at x/c =  0.8986   71
 Side 2  free  transition at x/c =  0.8080   68

  59   rms: 0.2806E-02   max: -.4098E-01   C at   71  1
       a = -0.500      CL = -0.0563
      Cm = -0.0008     CD =  0.00562   =>   CDf =  0.00378    CDp =  0.00185

 Side 1  free  transition at x/c =  0.8986   71
 Side 2  free  transition at x/c =  0.8080   68

  60   rms: 0.2806E-02   max: -.4098E-01   C at   71  1
       a = -0.500      CL = -0.0563
      Cm = -0.0008     CD =  0.00562   =>   CDf =  0.00378    CDp =  0.00185

 Side 1  free  transition at x/c =  0.8986   71
 Side 2  free  transition at x/c =  0.8080   68

  61   rms: 0.2806E-02   max: -.4098E-01   C at   71  1
       a = -0.500      CL = -0.0563
      Cm = -0.0008     CD =  0.00562   =>   CDf =  0.00378    CDp =  0.00185

 Side 1  free  transition at x/c =  0.8986   71
 Side 2  free  transition at x/c =  0.8080   68

  62   rms: 0.2806E-02   max: -.4098E-01   C at   71  1
       a = -0.500      CL = -0.0563
      Cm = -0.0008     CD =  0.00562   =>   CDf =  0.00378    CDp =  0.00185

 Side 1  free  transition at x/c =  0.8986   71
 Side 2  free  transition at x/c =  0.8080   68

  63   rms: 0.2806E-02   max: -.4098E-01   C at   71  1
       a = -0.500      CL = -0.0563
      Cm = -0.0008     CD =  0.00562   =>   CDf =  0.00378    CDp =  0.00185

 Side 1  free  transition at x/c =  0.8986   71
 Side 2  free  transition at x/c =  0.8080   68

  64   rms: 0.2806E-02   max: -.4098E-01   C at   71  1
       a = -0.500      CL = -0.0563
      Cm = -0.0008     CD =  0.00562   =>   CDf =  0.00378    CDp =  0.00185

 Side 1  free  transition at x/c =  0.8986   71
 Side 2  free  transition at x/c =  0.8080   68

  65   rms: 0.2806E-02   max: -.4098E-01   C at   71  1
       a = -0.500      CL = -0.0563
      Cm = -0.0008     CD =  0.00562   =>   CDf =  0.00378    CDp =  0.00185

 Side 1  free  transition at x/c =  0.8986   71
 Side 2  free  transition at x/c =  0.8080   68

  66   rms: 0.2806E-02   max: -.4098E-01   C at   71  1
       a = -0.500      CL = -0.0563
      Cm = -0.0008     CD =  0.00562   =>   CDf =  0.00378    CDp =  0.00185

 Side 1  free  transition at x/c =  0.8986   71
 Side 2  free  transition at x/c =  0.8080   68

  67   rms: 0.2806E-02   max: -.4098E-01   C at   71  1
       a = -0.500      CL = -0.0563
      Cm = -0.0008     CD =  0.00562   =>   CDf =  0.00378    CDp =  0.00185

 Side 1  free  transition at x/c =  0.8986   71
 Side 2  free  transition at x/c =  0.8080   68

  68   rms: 0.2806E-02   max: -.4098E-01   C at   71  1
       a = -0.500      CL = -0.0563
      Cm = -0.0008     CD =  0.00562   =>   CDf =  0.00378    CDp =  0.00185

 Side 1  free  transition at x/c =  0.8986   71
 Side 2  free  transition at x/c =  0.8080   68

  69   rms: 0.2806E-02   max: -.4098E-01   C at   71  1
       a = -0.500      CL = -0.0563
      Cm = -0.0008     CD =  0.00562   =>   CDf =  0.00378    CDp =  0.00185

 Side 1  free  transition at x/c =  0.8986   71
 Side 2  free  transition at x/c =  0.8080   68

  70   rms: 0.2807E-02   max: -.4098E-01   C at   71  1
       a = -0.500      CL = -0.0563
      Cm = -0.0008     CD =  0.00562   =>   CDf =  0.00378    CDp =  0.00185

 Side 1  free  transition at x/c =  0.8986   71
 Side 2  free  transition at x/c =  0.8080   68

  71   rms: 0.2806E-02   max: -.4098E-01   C at   71  1
       a = -0.500      CL = -0.0563
      Cm = -0.0008     CD =  0.00562   =>   CDf =  0.00378    CDp =  0.00185

 Side 1  free  transition at x/c =  0.8986   71
 Side 2  free  transition at x/c =  0.8080   68

  72   rms: 0.2807E-02   max: -.4098E-01   C at   71  1
       a = -0.500      CL = -0.0563
      Cm = -0.0008     CD =  0.00562   =>   CDf =  0.00378    CDp =  0.00185

 Side 1  free  transition at x/c =  0.8986   71
 Side 2  free  transition at x/c =  0.8080   68

  73   rms: 0.2806E-02   max: -.4097E-01   C at   71  1
       a = -0.500      CL = -0.0563
      Cm = -0.0008     CD =  0.00562   =>   CDf =  0.00378    CDp =  0.00185

 Side 1  free  transition at x/c =  0.8986   71
 Side 2  free  transition at x/c =  0.8080   68

  74   rms: 0.2806E-02   max: -.4098E-01   C at   71  1
       a = -0.500      CL = -0.0563
      Cm = -0.0008     CD =  0.00562   =>   CDf =  0.00378    CDp =  0.00185

 Side 1  free  transition at x/c =  0.8986   71
 Side 2  free  transition at x/c =  0.8080   68

  75   rms: 0.2807E-02   max: -.4098E-01   C at   71  1
       a = -0.500      CL = -0.0563
      Cm = -0.0008     CD =  0.00562   =>   CDf =  0.00378    CDp =  0.00185

 Side 1  free  transition at x/c =  0.8986   71
 Side 2  free  transition at x/c =  0.8080   68

  76   rms: 0.2806E-02   max: -.4098E-01   C at   71  1
       a = -0.500      CL = -0.0563
      Cm = -0.0008     CD =  0.00562   =>   CDf =  0.00378    CDp =  0.00185

 Side 1  free  transition at x/c =  0.8986   71
 Side 2  free  transition at x/c =  0.8080   68

  77   rms: 0.2806E-02   max: -.4098E-01   C at   71  1
       a = -0.500      CL = -0.0563
      Cm = -0.0008     CD =  0.00562   =>   CDf =  0.00378    CDp =  0.00185

 Side 1  free  transition at x/c =  0.8986   71
 Side 2  free  transition at x/c =  0.8080   68

  78   rms: 0.2806E-02   max: -.4098E-01   C at   71  1
       a = -0.500      CL = -0.0563
      Cm = -0.0008     CD =  0.00562   =>   CDf =  0.00378    CDp =  0.00185

 Side 1  free  transition at x/c =  0.8986   71
 Side 2  free  transition at x/c =  0.8080   68

  79   rms: 0.2806E-02   max: -.4098E-01   C at   71  1
       a = -0.500      CL = -0.0563
      Cm = -0.0008     CD =  0.00562   =>   CDf =  0.00378    CDp =  0.00185

 Side 1  free  transition at x/c =  0.8986   71
 Side 2  free  transition at x/c =  0.8080   68

  80   rms: 0.2806E-02   max: -.4098E-01   C at   71  1
       a = -0.500      CL = -0.0563
      Cm = -0.0008     CD =  0.00562   =>   CDf =  0.00378    CDp =  0.00185

 Side 1  free  transition at x/c =  0.8986   71
 Side 2  free  transition at x/c =  0.8080   68

  81   rms: 0.2806E-02   max: -.4097E-01   C at   71  1
       a = -0.500      CL = -0.0563
      Cm = -0.0008     CD =  0.00562   =>   CDf =  0.00378    CDp =  0.00185

 Side 1  free  transition at x/c =  0.8986   71
 Side 2  free  transition at x/c =  0.8080   68

  82   rms: 0.2806E-02   max: -.4098E-01   C at   71  1
       a = -0.500      CL = -0.0563
      Cm = -0.0008     CD =  0.00562   =>   CDf =  0.00378    CDp =  0.00185

 Side 1  free  transition at x/c =  0.8986   71
 Side 2  free  transition at x/c =  0.8080   68

  83   rms: 0.2806E-02   max: -.4098E-01   C at   71  1
       a = -0.500      CL = -0.0563
      Cm = -0.0008     CD =  0.00562   =>   CDf =  0.00378    CDp =  0.00185

 Side 1  free  transition at x/c =  0.8986   71
 Side 2  free  transition at x/c =  0.8080   68

  84   rms: 0.2807E-02   max: -.4098E-01   C at   71  1
       a = -0.500      CL = -0.0563
      Cm = -0.0008     CD =  0.00562   =>   CDf =  0.00378    CDp =  0.00185

 Side 1  free  transition at x/c =  0.8986   71
 Side 2  free  transition at x/c =  0.8080   68

  85   rms: 0.2806E-02   max: -.4098E-01   C at   71  1
       a = -0.500      CL = -0.0563
      Cm = -0.0008     CD =  0.00562   =>   CDf =  0.00378    CDp =  0.00185

 Side 1  free  transition at x/c =  0.8986   71
 Side 2  free  transition at x/c =  0.8080   68

  86   rms: 0.2807E-02   max: -.4098E-01   C at   71  1
       a = -0.500      CL = -0.0563
      Cm = -0.0008     CD =  0.00562   =>   CDf =  0.00378    CDp =  0.00185

 Side 1  free  transition at x/c =  0.8986   71
 Side 2  free  transition at x/c =  0.8080   68

  87   rms: 0.2806E-02   max: -.4097E-01   C at   71  1
       a = -0.500      CL = -0.0563
      Cm = -0.0008     CD =  0.00562   =>   CDf =  0.00378    CDp =  0.00185

 Side 1  free  transition at x/c =  0.8986   71
 Side 2  free  transition at x/c =  0.8080   68

  88   rms: 0.2807E-02   max: -.4098E-01   C at   71  1
       a = -0.500      CL = -0.0563
      Cm = -0.0008     CD =  0.00562   =>   CDf =  0.00378    CDp =  0.00185

 Side 1  free  transition at x/c =  0.8986   71
 Side 2  free  transition at x/c =  0.8080   68

  89   rms: 0.2806E-02   max: -.4098E-01   C at   71  1
       a = -0.500      CL = -0.0563
      Cm = -0.0008     CD =  0.00562   =>   CDf =  0.00378    CDp =  0.00185

 Side 1  free  transition at x/c =  0.8986   71
 Side 2  free  transition at x/c =  0.8080   68

  90   rms: 0.2806E-02   max: -.4098E-01   C at   71  1
       a = -0.500      CL = -0.0563
      Cm = -0.0008     CD =  0.00562   =>   CDf =  0.00378    CDp =  0.00185

 Side 1  free  transition at x/c =  0.8986   71
 Side 2  free  transition at x/c =  0.8080   68

  91   rms: 0.2806E-02   max: -.4098E-01   C at   71  1
       a = -0.500      CL = -0.0563
      Cm = -0.0008     CD =  0.00562   =>   CDf =  0.00378    CDp =  0.00185

 Side 1  free  transition at x/c =  0.8986   71
 Side 2  free  transition at x/c =  0.8080   68

  92   rms: 0.2806E-02   max: -.4098E-01   C at   71  1
       a = -0.500      CL = -0.0563
      Cm = -0.0008     CD =  0.00562   =>   CDf =  0.00378    CDp =  0.00185

 Side 1  free  transition at x/c =  0.8986   71
 Side 2  free  transition at x/c =  0.8080   68

  93   rms: 0.2806E-02   max: -.4098E-01   C at   71  1
       a = -0.500      CL = -0.0563
      Cm = -0.0008     CD =  0.00562   =>   CDf =  0.00378    CDp =  0.00185

 Side 1  free  transition at x/c =  0.8986   71
 Side 2  free  transition at x/c =  0.8080   68

  94   rms: 0.2807E-02   max: -.4098E-01   C at   71  1
       a = -0.500      CL = -0.0563
      Cm = -0.0008     CD =  0.00562   =>   CDf =  0.00378    CDp =  0.00185

 Side 1  free  transition at x/c =  0.8986   71
 Side 2  free  transition at x/c =  0.8080   68

  95   rms: 0.2806E-02   max: -.4098E-01   C at   71  1
       a = -0.500      CL = -0.0563
      Cm = -0.0008     CD =  0.00562   =>   CDf =  0.00378    CDp =  0.00185

 Side 1  free  transition at x/c =  0.8986   71
 Side 2  free  transition at x/c =  0.8080   68

  96   rms: 0.2806E-02   max: -.4097E-01   C at   71  1
       a = -0.500      CL = -0.0563
      Cm = -0.0008     CD =  0.00562   =>   CDf =  0.00378    CDp =  0.00185

 Side 1  free  transition at x/c =  0.8986   71
 Side 2  free  transition at x/c =  0.8080   68

  97   rms: 0.2806E-02   max: -.4098E-01   C at   71  1
       a = -0.500      CL = -0.0563
      Cm = -0.0008     CD =  0.00562   =>   CDf =  0.00378    CDp =  0.00185

 Side 1  free  transition at x/c =  0.8986   71
 Side 2  free  transition at x/c =  0.8080   68

  98   rms: 0.2806E-02   max: -.4098E-01   C at   71  1
       a = -0.500      CL = -0.0563
      Cm = -0.0008     CD =  0.00562   =>   CDf =  0.00378    CDp =  0.00185

 Side 1  free  transition at x/c =  0.8986   71
 Side 2  free  transition at x/c =  0.8080   68

  99   rms: 0.2807E-02   max: -.4098E-01   C at   71  1
       a = -0.500      CL = -0.0563
      Cm = -0.0008     CD =  0.00562   =>   CDf =  0.00378    CDp =  0.00185

 Side 1  free  transition at x/c =  0.8986   71
 Side 2  free  transition at x/c =  0.8080   68

 100   rms: 0.2806E-02   max: -.4098E-01   C at   71  1
       a = -0.500      CL = -0.0563
      Cm = -0.0008     CD =  0.00562   =>   CDf =  0.00378    CDp =  0.00185

 Side 1  free  transition at x/c =  0.8986   71
 Side 2  free  transition at x/c =  0.8080   68

 101   rms: 0.2807E-02   max: -.4098E-01   C at   71  1
       a = -0.500      CL = -0.0563
      Cm = -0.0008     CD =  0.00562   =>   CDf =  0.00378    CDp =  0.00185

 Side 1  free  transition at x/c =  0.8986   71
 Side 2  free  transition at x/c =  0.8080   68

 102   rms: 0.2806E-02   max: -.4098E-01   C at   71  1
       a = -0.500      CL = -0.0563
      Cm = -0.0008     CD =  0.00562   =>   CDf =  0.00378    CDp =  0.00185

 Side 1  free  transition at x/c =  0.8986   71
 Side 2  free  transition at x/c =  0.8080   68

 103   rms: 0.2806E-02   max: -.4097E-01   C at   71  1
       a = -0.500      CL = -0.0563
      Cm = -0.0008     CD =  0.00562   =>   CDf =  0.00378    CDp =  0.00185

 Side 1  free  transition at x/c =  0.8986   71
 Side 2  free  transition at x/c =  0.8080   68

 104   rms: 0.2806E-02   max: -.4098E-01   C at   71  1
       a = -0.500      CL = -0.0563
      Cm = -0.0008     CD =  0.00562   =>   CDf =  0.00378    CDp =  0.00185

 Side 1  free  transition at x/c =  0.8986   71
 Side 2  free  transition at x/c =  0.8080   68

 105   rms: 0.2806E-02   max: -.4098E-01   C at   71  1
       a = -0.500      CL = -0.0563
      Cm = -0.0008     CD =  0.00562   =>   CDf =  0.00378    CDp =  0.00185

 Side 1  free  transition at x/c =  0.8986   71
 Side 2  free  transition at x/c =  0.8080   68

 106   rms: 0.2806E-02   max: -.4098E-01   C at   71  1
       a = -0.500      CL = -0.0563
      Cm = -0.0008     CD =  0.00562   =>   CDf =  0.00378    CDp =  0.00185

 Side 1  free  transition at x/c =  0.8986   71
 Side 2  free  transition at x/c =  0.8080   68

 107   rms: 0.2806E-02   max: -.4098E-01   C at   71  1
       a = -0.500      CL = -0.0563
      Cm = -0.0008     CD =  0.00562   =>   CDf =  0.00378    CDp =  0.00185

 Side 1  free  transition at x/c =  0.8986   71
 Side 2  free  transition at x/c =  0.8080   68

 108   rms: 0.2807E-02   max: -.4098E-01   C at   71  1
       a = -0.500      CL = -0.0563
      Cm = -0.0008     CD =  0.00562   =>   CDf =  0.00378    CDp =  0.00185

 Side 1  free  transition at x/c =  0.8986   71
 Side 2  free  transition at x/c =  0.8080   68

 109   rms: 0.2806E-02   max: -.4098E-01   C at   71  1
       a = -0.500      CL = -0.0563
      Cm = -0.0008     CD =  0.00562   =>   CDf =  0.00378    CDp =  0.00185

 Side 1  free  transition at x/c =  0.8986   71
 Side 2  free  transition at x/c =  0.8080   68

 110   rms: 0.2807E-02   max: -.4099E-01   C at   71  1
       a = -0.500      CL = -0.0563
      Cm = -0.0008     CD =  0.00562   =>   CDf =  0.00378    CDp =  0.00185

 Side 1  free  transition at x/c =  0.8986   71
 Side 2  free  transition at x/c =  0.8080   68

 111   rms: 0.2807E-02   max: -.4098E-01   C at   71  1
       a = -0.500      CL = -0.0563
      Cm = -0.0008     CD =  0.00562   =>   CDf =  0.00378    CDp =  0.00185

 Side 1  free  transition at x/c =  0.8986   71
 Side 2  free  transition at x/c =  0.8080   68

 112   rms: 0.2807E-02   max: -.4098E-01   C at   71  1
       a = -0.500      CL = -0.0563
      Cm = -0.0008     CD =  0.00562   =>   CDf =  0.00378    CDp =  0.00185

 Side 1  free  transition at x/c =  0.8986   71
 Side 2  free  transition at x/c =  0.8080   68

 113   rms: 0.2806E-02   max: -.4098E-01   C at   71  1
       a = -0.500      CL = -0.0563
      Cm = -0.0008     CD =  0.00562   =>   CDf =  0.00378    CDp =  0.00185

 Side 1  free  transition at x/c =  0.8986   71
 Side 2  free  transition at x/c =  0.8080   68

 114   rms: 0.2806E-02   max: -.4097E-01   C at   71  1
       a = -0.500      CL = -0.0563
      Cm = -0.0008     CD =  0.00562   =>   CDf =  0.00378    CDp =  0.00185

 Side 1  free  transition at x/c =  0.8986   71
 Side 2  free  transition at x/c =  0.8080   68

 115   rms: 0.2806E-02   max: -.4098E-01   C at   71  1
       a = -0.500      CL = -0.0563
      Cm = -0.0008     CD =  0.00562   =>   CDf =  0.00378    CDp =  0.00185

 Side 1  free  transition at x/c =  0.8986   71
 Side 2  free  transition at x/c =  0.8080   68

 116   rms: 0.2806E-02   max: -.4098E-01   C at   71  1
       a = -0.500      CL = -0.0563
      Cm = -0.0008     CD =  0.00562   =>   CDf =  0.00378    CDp =  0.00185

 Side 1  free  transition at x/c =  0.8986   71
 Side 2  free  transition at x/c =  0.8080   68

 117   rms: 0.2806E-02   max: -.4098E-01   C at   71  1
       a = -0.500      CL = -0.0563
      Cm = -0.0008     CD =  0.00562   =>   CDf =  0.00378    CDp =  0.00185

 Side 1  free  transition at x/c =  0.8986   71
 Side 2  free  transition at x/c =  0.8080   68

 118   rms: 0.2806E-02   max: -.4098E-01   C at   71  1
       a = -0.500      CL = -0.0563
      Cm = -0.0008     CD =  0.00562   =>   CDf =  0.00378    CDp =  0.00185

 Side 1  free  transition at x/c =  0.8986   71
 Side 2  free  transition at x/c =  0.8080   68

 119   rms: 0.2806E-02   max: -.4098E-01   C at   71  1
       a = -0.500      CL = -0.0563
      Cm = -0.0008     CD =  0.00562   =>   CDf =  0.00378    CDp =  0.00185

 Side 1  free  transition at x/c =  0.8986   71
 Side 2  free  transition at x/c =  0.8080   68

 120   rms: 0.2806E-02   max: -.4098E-01   C at   71  1
       a = -0.500      CL = -0.0563
      Cm = -0.0008     CD =  0.00562   =>   CDf =  0.00378    CDp =  0.00185

 Side 1  free  transition at x/c =  0.8986   71
 Side 2  free  transition at x/c =  0.8080   68

 121   rms: 0.2807E-02   max: -.4098E-01   C at   71  1
       a = -0.500      CL = -0.0563
      Cm = -0.0008     CD =  0.00562   =>   CDf =  0.00378    CDp =  0.00185

 Side 1  free  transition at x/c =  0.8986   71
 Side 2  free  transition at x/c =  0.8080   68

 122   rms: 0.2806E-02   max: -.4098E-01   C at   71  1
       a = -0.500      CL = -0.0563
      Cm = -0.0008     CD =  0.00562   =>   CDf =  0.00378    CDp =  0.00185

 Side 1  free  transition at x/c =  0.8986   71
 Side 2  free  transition at x/c =  0.8080   68

 123   rms: 0.2806E-02   max: -.4098E-01   C at   71  1
       a = -0.500      CL = -0.0563
      Cm = -0.0008     CD =  0.00562   =>   CDf =  0.00378    CDp =  0.00185

 Side 1  free  transition at x/c =  0.8986   71
 Side 2  free  transition at x/c =  0.8080   68

 124   rms: 0.2806E-02   max: -.4098E-01   C at   71  1
       a = -0.500      CL = -0.0563
      Cm = -0.0008     CD =  0.00562   =>   CDf =  0.00378    CDp =  0.00185

 Side 1  free  transition at x/c =  0.8986   71
 Side 2  free  transition at x/c =  0.8080   68

 125   rms: 0.2806E-02   max: -.4098E-01   C at   71  1
       a = -0.500      CL = -0.0563
      Cm = -0.0008     CD =  0.00562   =>   CDf =  0.00378    CDp =  0.00185

 Side 1  free  transition at x/c =  0.8986   71
 Side 2  free  transition at x/c =  0.8080   68

 126   rms: 0.2806E-02   max: -.4098E-01   C at   71  1
       a = -0.500      CL = -0.0563
      Cm = -0.0008     CD =  0.00562   =>   CDf =  0.00378    CDp =  0.00185

 Side 1  free  transition at x/c =  0.8986   71
 Side 2  free  transition at x/c =  0.8080   68

 127   rms: 0.2806E-02   max: -.4097E-01   C at   71  1
       a = -0.500      CL = -0.0563
      Cm = -0.0008     CD =  0.00562   =>   CDf =  0.00378    CDp =  0.00185

 Side 1  free  transition at x/c =  0.8986   71
 Side 2  free  transition at x/c =  0.8080   68

 128   rms: 0.2806E-02   max: -.4098E-01   C at   71  1
       a = -0.500      CL = -0.0563
      Cm = -0.0008     CD =  0.00562   =>   CDf =  0.00378    CDp =  0.00185

 Side 1  free  transition at x/c =  0.8986   71
 Side 2  free  transition at x/c =  0.8080   68

 129   rms: 0.2806E-02   max: -.4098E-01   C at   71  1
       a = -0.500      CL = -0.0563
      Cm = -0.0008     CD =  0.00562   =>   CDf =  0.00378    CDp =  0.00185

 Side 1  free  transition at x/c =  0.8986   71
 Side 2  free  transition at x/c =  0.8080   68

 130   rms: 0.2806E-02   max: -.4098E-01   C at   71  1
       a = -0.500      CL = -0.0563
      Cm = -0.0008     CD =  0.00562   =>   CDf =  0.00378    CDp =  0.00185

 Side 1  free  transition at x/c =  0.8986   71
 Side 2  free  transition at x/c =  0.8080   68

 131   rms: 0.2806E-02   max: -.4098E-01   C at   71  1
       a = -0.500      CL = -0.0563
      Cm = -0.0008     CD =  0.00562   =>   CDf =  0.00378    CDp =  0.00185

 Side 1  free  transition at x/c =  0.8986   71
 Side 2  free  transition at x/c =  0.8080   68

 132   rms: 0.2806E-02   max: -.4098E-01   C at   71  1
       a = -0.500      CL = -0.0563
      Cm = -0.0008     CD =  0.00562   =>   CDf =  0.00378    CDp =  0.00185

 Side 1  free  transition at x/c =  0.8986   71
 Side 2  free  transition at x/c =  0.8080   68

 133   rms: 0.2806E-02   max: -.4097E-01   C at   71  1
       a = -0.500      CL = -0.0563
      Cm = -0.0008     CD =  0.00562   =>   CDf =  0.00378    CDp =  0.00185

 Side 1  free  transition at x/c =  0.8986   71
 Side 2  free  transition at x/c =  0.8080   68

 134   rms: 0.2807E-02   max: -.4098E-01   C at   71  1
       a = -0.500      CL = -0.0563
      Cm = -0.0008     CD =  0.00562   =>   CDf =  0.00378    CDp =  0.00185

 Side 1  free  transition at x/c =  0.8986   71
 Side 2  free  transition at x/c =  0.8080   68

 135   rms: 0.2806E-02   max: -.4098E-01   C at   71  1
       a = -0.500      CL = -0.0563
      Cm = -0.0008     CD =  0.00562   =>   CDf =  0.00378    CDp =  0.00185

 Side 1  free  transition at x/c =  0.8986   71
 Side 2  free  transition at x/c =  0.8080   68

 136   rms: 0.2806E-02   max: -.4098E-01   C at   71  1
       a = -0.500      CL = -0.0563
      Cm = -0.0008     CD =  0.00562   =>   CDf =  0.00378    CDp =  0.00185

 Side 1  free  transition at x/c =  0.8986   71
 Side 2  free  transition at x/c =  0.8080   68

 137   rms: 0.2806E-02   max: -.4098E-01   C at   71  1
       a = -0.500      CL = -0.0563
      Cm = -0.0008     CD =  0.00562   =>   CDf =  0.00378    CDp =  0.00185

 Side 1  free  transition at x/c =  0.8986   71
 Side 2  free  transition at x/c =  0.8080   68

 138   rms: 0.2807E-02   max: -.4099E-01   C at   71  1
       a = -0.500      CL = -0.0563
      Cm = -0.0008     CD =  0.00562   =>   CDf =  0.00378    CDp =  0.00185

 Side 1  free  transition at x/c =  0.8986   71
 Side 2  free  transition at x/c =  0.8080   68

 139   rms: 0.2806E-02   max: -.4098E-01   C at   71  1
       a = -0.500      CL = -0.0563
      Cm = -0.0008     CD =  0.00562   =>   CDf =  0.00378    CDp =  0.00185

 Side 1  free  transition at x/c =  0.8986   71
 Side 2  free  transition at x/c =  0.8080   68

 140   rms: 0.2806E-02   max: -.4097E-01   C at   71  1
       a = -0.500      CL = -0.0563
      Cm = -0.0008     CD =  0.00562   =>   CDf =  0.00378    CDp =  0.00185

 Side 1  free  transition at x/c =  0.8986   71
 Side 2  free  transition at x/c =  0.8080   68

 141   rms: 0.2806E-02   max: -.4098E-01   C at   71  1
       a = -0.500      CL = -0.0563
      Cm = -0.0008     CD =  0.00562   =>   CDf =  0.00378    CDp =  0.00185

 Side 1  free  transition at x/c =  0.8986   71
 Side 2  free  transition at x/c =  0.8080   68

 142   rms: 0.2806E-02   max: -.4098E-01   C at   71  1
       a = -0.500      CL = -0.0563
      Cm = -0.0008     CD =  0.00562   =>   CDf =  0.00378    CDp =  0.00185

 Side 1  free  transition at x/c =  0.8986   71
 Side 2  free  transition at x/c =  0.8080   68

 143   rms: 0.2807E-02   max: -.4099E-01   C at   71  1
       a = -0.500      CL = -0.0563
      Cm = -0.0008     CD =  0.00562   =>   CDf =  0.00378    CDp =  0.00185

 Side 1  free  transition at x/c =  0.8986   71
 Side 2  free  transition at x/c =  0.8080   68

 144   rms: 0.2807E-02   max: -.4098E-01   C at   71  1
       a = -0.500      CL = -0.0563
      Cm = -0.0008     CD =  0.00562   =>   CDf =  0.00378    CDp =  0.00185

 Side 1  free  transition at x/c =  0.8986   71
 Side 2  free  transition at x/c =  0.8080   68

 145   rms: 0.2806E-02   max: -.4098E-01   C at   71  1
       a = -0.500      CL = -0.0563
      Cm = -0.0008     CD =  0.00562   =>   CDf =  0.00378    CDp =  0.00185

 Side 1  free  transition at x/c =  0.8986   71
 Side 2  free  transition at x/c =  0.8080   68

 146   rms: 0.2807E-02   max: -.4098E-01   C at   71  1
       a = -0.500      CL = -0.0563
      Cm = -0.0008     CD =  0.00562   =>   CDf =  0.00378    CDp =  0.00185

 Side 1  free  transition at x/c =  0.8986   71
 Side 2  free  transition at x/c =  0.8080   68

 147   rms: 0.2806E-02   max: -.4098E-01   C at   71  1
       a = -0.500      CL = -0.0563
      Cm = -0.0008     CD =  0.00562   =>   CDf =  0.00378    CDp =  0.00185

 Side 1  free  transition at x/c =  0.8986   71
 Side 2  free  transition at x/c =  0.8080   68

 148   rms: 0.2806E-02   max: -.4098E-01   C at   71  1
       a = -0.500      CL = -0.0563
      Cm = -0.0008     CD =  0.00562   =>   CDf =  0.00378    CDp =  0.00185

 Side 1  free  transition at x/c =  0.8986   71
 Side 2  free  transition at x/c =  0.8080   68

 149   rms: 0.2806E-02   max: -.4098E-01   C at   71  1
       a = -0.500      CL = -0.0563
      Cm = -0.0008     CD =  0.00562   =>   CDf =  0.00378    CDp =  0.00185

 Side 1  free  transition at x/c =  0.8986   71
 Side 2  free  transition at x/c =  0.8080   68

 150   rms: 0.2806E-02   max: -.4098E-01   C at   71  1
       a = -0.500      CL = -0.0563
      Cm = -0.0008     CD =  0.00562   =>   CDf =  0.00378    CDp =  0.00185

 Side 1  free  transition at x/c =  0.8986   71
 Side 2  free  transition at x/c =  0.8080   68

 151   rms: 0.2806E-02   max: -.4098E-01   C at   71  1
       a = -0.500      CL = -0.0563
      Cm = -0.0008     CD =  0.00562   =>   CDf =  0.00378    CDp =  0.00185

 Side 1  free  transition at x/c =  0.8986   71
 Side 2  free  transition at x/c =  0.8080   68

 152   rms: 0.2806E-02   max: -.4098E-01   C at   71  1
       a = -0.500      CL = -0.0563
      Cm = -0.0008     CD =  0.00562   =>   CDf =  0.00378    CDp =  0.00185

 Side 1  free  transition at x/c =  0.8986   71
 Side 2  free  transition at x/c =  0.8080   68

 153   rms: 0.2806E-02   max: -.4097E-01   C at   71  1
       a = -0.500      CL = -0.0563
      Cm = -0.0008     CD =  0.00562   =>   CDf =  0.00378    CDp =  0.00185

 Side 1  free  transition at x/c =  0.8986   71
 Side 2  free  transition at x/c =  0.8080   68

 154   rms: 0.2806E-02   max: -.4097E-01   C at   71  1
       a = -0.500      CL = -0.0563
      Cm = -0.0008     CD =  0.00562   =>   CDf =  0.00378    CDp =  0.00185

 Side 1  free  transition at x/c =  0.8986   71
 Side 2  free  transition at x/c =  0.8080   68

 155   rms: 0.2807E-02   max: -.4099E-01   C at   71  1
       a = -0.500      CL = -0.0563
      Cm = -0.0008     CD =  0.00562   =>   CDf =  0.00378    CDp =  0.00185

 Side 1  free  transition at x/c =  0.8986   71
 Side 2  free  transition at x/c =  0.8080   68

 156   rms: 0.2806E-02   max: -.4098E-01   C at   71  1
       a = -0.500      CL = -0.0563
      Cm = -0.0008     CD =  0.00562   =>   CDf =  0.00378    CDp =  0.00185

 Side 1  free  transition at x/c =  0.8986   71
 Side 2  free  transition at x/c =  0.8080   68

 157   rms: 0.2806E-02   max: -.4097E-01   C at   71  1
       a = -0.500      CL = -0.0563
      Cm = -0.0008     CD =  0.00562   =>   CDf =  0.00378    CDp =  0.00185

 Side 1  free  transition at x/c =  0.8986   71
 Side 2  free  transition at x/c =  0.8080   68

 158   rms: 0.2807E-02   max: -.4098E-01   C at   71  1
       a = -0.500      CL = -0.0563
      Cm = -0.0008     CD =  0.00562   =>   CDf =  0.00378    CDp =  0.00185

 Side 1  free  transition at x/c =  0.8986   71
 Side 2  free  transition at x/c =  0.8080   68

 159   rms: 0.2807E-02   max: -.4098E-01   C at   71  1
       a = -0.500      CL = -0.0563
      Cm = -0.0008     CD =  0.00562   =>   CDf =  0.00378    CDp =  0.00185

 Side 1  free  transition at x/c =  0.8986   71
 Side 2  free  transition at x/c =  0.8080   68

 160   rms: 0.2807E-02   max: -.4098E-01   C at   71  1
       a = -0.500      CL = -0.0563
      Cm = -0.0008     CD =  0.00562   =>   CDf =  0.00378    CDp =  0.00185

 Side 1  free  transition at x/c =  0.8986   71
 Side 2  free  transition at x/c =  0.8080   68

 161   rms: 0.2807E-02   max: -.4098E-01   C at   71  1
       a = -0.500      CL = -0.0563
      Cm = -0.0008     CD =  0.00562   =>   CDf =  0.00378    CDp =  0.00185

 Side 1  free  transition at x/c =  0.8986   71
 Side 2  free  transition at x/c =  0.8080   68

 162   rms: 0.2806E-02   max: -.4098E-01   C at   71  1
       a = -0.500      CL = -0.0563
      Cm = -0.0008     CD =  0.00562   =>   CDf =  0.00378    CDp =  0.00185

 Side 1  free  transition at x/c =  0.8986   71
 Side 2  free  transition at x/c =  0.8080   68

 163   rms: 0.2806E-02   max: -.4098E-01   C at   71  1
       a = -0.500      CL = -0.0563
      Cm = -0.0008     CD =  0.00562   =>   CDf =  0.00378    CDp =  0.00185

 Side 1  free  transition at x/c =  0.8986   71
 Side 2  free  transition at x/c =  0.8080   68

 164   rms: 0.2806E-02   max: -.4097E-01   C at   71  1
       a = -0.500      CL = -0.0563
      Cm = -0.0008     CD =  0.00562   =>   CDf =  0.00378    CDp =  0.00185

 Side 1  free  transition at x/c =  0.8986   71
 Side 2  free  transition at x/c =  0.8080   68

 165   rms: 0.2806E-02   max: -.4098E-01   C at   71  1
       a = -0.500      CL = -0.0563
      Cm = -0.0008     CD =  0.00562   =>   CDf =  0.00378    CDp =  0.00185

 Side 1  free  transition at x/c =  0.8986   71
 Side 2  free  transition at x/c =  0.8080   68

 166   rms: 0.2806E-02   max: -.4097E-01   C at   71  1
       a = -0.500      CL = -0.0563
      Cm = -0.0008     CD =  0.00562   =>   CDf =  0.00378    CDp =  0.00185

 Side 1  free  transition at x/c =  0.8986   71
 Side 2  free  transition at x/c =  0.8080   68

 167   rms: 0.2806E-02   max: -.4098E-01   C at   71  1
       a = -0.500      CL = -0.0563
      Cm = -0.0008     CD =  0.00562   =>   CDf =  0.00378    CDp =  0.00185

 Side 1  free  transition at x/c =  0.8986   71
 Side 2  free  transition at x/c =  0.8080   68

 168   rms: 0.2806E-02   max: -.4098E-01   C at   71  1
       a = -0.500      CL = -0.0563
      Cm = -0.0008     CD =  0.00562   =>   CDf =  0.00378    CDp =  0.00185

 Side 1  free  transition at x/c =  0.8986   71
 Side 2  free  transition at x/c =  0.8080   68

 169   rms: 0.2807E-02   max: -.4098E-01   C at   71  1
       a = -0.500      CL = -0.0563
      Cm = -0.0008     CD =  0.00562   =>   CDf =  0.00378    CDp =  0.00185

 Side 1  free  transition at x/c =  0.8986   71
 Side 2  free  transition at x/c =  0.8080   68

 170   rms: 0.2806E-02   max: -.4098E-01   C at   71  1
       a = -0.500      CL = -0.0563
      Cm = -0.0008     CD =  0.00562   =>   CDf =  0.00378    CDp =  0.00185

 Side 1  free  transition at x/c =  0.8986   71
 Side 2  free  transition at x/c =  0.8080   68

 171   rms: 0.2806E-02   max: -.4098E-01   C at   71  1
       a = -0.500      CL = -0.0563
      Cm = -0.0008     CD =  0.00562   =>   CDf =  0.00378    CDp =  0.00185

 Side 1  free  transition at x/c =  0.8986   71
 Side 2  free  transition at x/c =  0.8080   68

 172   rms: 0.2806E-02   max: -.4098E-01   C at   71  1
       a = -0.500      CL = -0.0563
      Cm = -0.0008     CD =  0.00562   =>   CDf =  0.00378    CDp =  0.00185

 Side 1  free  transition at x/c =  0.8986   71
 Side 2  free  transition at x/c =  0.8080   68

 173   rms: 0.2807E-02   max: -.4099E-01   C at   71  1
       a = -0.500      CL = -0.0563
      Cm = -0.0008     CD =  0.00562   =>   CDf =  0.00378    CDp =  0.00185

 Side 1  free  transition at x/c =  0.8986   71
 Side 2  free  transition at x/c =  0.8080   68

 174   rms: 0.2807E-02   max: -.4098E-01   C at   71  1
       a = -0.500      CL = -0.0563
      Cm = -0.0008     CD =  0.00562   =>   CDf =  0.00378    CDp =  0.00185

 Side 1  free  transition at x/c =  0.8986   71
 Side 2  free  transition at x/c =  0.8080   68

 175   rms: 0.2807E-02   max: -.4098E-01   C at   71  1
       a = -0.500      CL = -0.0563
      Cm = -0.0008     CD =  0.00562   =>   CDf =  0.00378    CDp =  0.00185

 Side 1  free  transition at x/c =  0.8986   71
 Side 2  free  transition at x/c =  0.8080   68

 176   rms: 0.2806E-02   max: -.4098E-01   C at   71  1
       a = -0.500      CL = -0.0563
      Cm = -0.0008     CD =  0.00562   =>   CDf =  0.00378    CDp =  0.00185

 Side 1  free  transition at x/c =  0.8986   71
 Side 2  free  transition at x/c =  0.8080   68

 177   rms: 0.2806E-02   max: -.4098E-01   C at   71  1
       a = -0.500      CL = -0.0563
      Cm = -0.0008     CD =  0.00562   =>   CDf =  0.00378    CDp =  0.00185

 Side 1  free  transition at x/c =  0.8986   71
 Side 2  free  transition at x/c =  0.8080   68

 178   rms: 0.2806E-02   max: -.4098E-01   C at   71  1
       a = -0.500      CL = -0.0563
      Cm = -0.0008     CD =  0.00562   =>   CDf =  0.00378    CDp =  0.00185

 Side 1  free  transition at x/c =  0.8986   71
 Side 2  free  transition at x/c =  0.8080   68

 179   rms: 0.2806E-02   max: -.4098E-01   C at   71  1
       a = -0.500      CL = -0.0563
      Cm = -0.0008     CD =  0.00562   =>   CDf =  0.00378    CDp =  0.00185

 Side 1  free  transition at x/c =  0.8986   71
 Side 2  free  transition at x/c =  0.8080   68

 180   rms: 0.2806E-02   max: -.4097E-01   C at   71  1
       a = -0.500      CL = -0.0563
      Cm = -0.0008     CD =  0.00562   =>   CDf =  0.00378    CDp =  0.00185

 Side 1  free  transition at x/c =  0.8986   71
 Side 2  free  transition at x/c =  0.8080   68

 181   rms: 0.2806E-02   max: -.4098E-01   C at   71  1
       a = -0.500      CL = -0.0563
      Cm = -0.0008     CD =  0.00562   =>   CDf =  0.00378    CDp =  0.00185

 Side 1  free  transition at x/c =  0.8986   71
 Side 2  free  transition at x/c =  0.8080   68

 182   rms: 0.2807E-02   max: -.4098E-01   C at   71  1
       a = -0.500      CL = -0.0563
      Cm = -0.0008     CD =  0.00562   =>   CDf =  0.00378    CDp =  0.00185

 Side 1  free  transition at x/c =  0.8986   71
 Side 2  free  transition at x/c =  0.8080   68

 183   rms: 0.2806E-02   max: -.4097E-01   C at   71  1
       a = -0.500      CL = -0.0563
      Cm = -0.0008     CD =  0.00562   =>   CDf =  0.00378    CDp =  0.00185

 Side 1  free  transition at x/c =  0.8986   71
 Side 2  free  transition at x/c =  0.8080   68

 184   rms: 0.2806E-02   max: -.4098E-01   C at   71  1
       a = -0.500      CL = -0.0563
      Cm = -0.0008     CD =  0.00562   =>   CDf =  0.00378    CDp =  0.00185

 Side 1  free  transition at x/c =  0.8986   71
 Side 2  free  transition at x/c =  0.8080   68

 185   rms: 0.2807E-02   max: -.4098E-01   C at   71  1
       a = -0.500      CL = -0.0563
      Cm = -0.0008     CD =  0.00562   =>   CDf =  0.00378    CDp =  0.00185

 Side 1  free  transition at x/c =  0.8986   71
 Side 2  free  transition at x/c =  0.8080   68

 186   rms: 0.2806E-02   max: -.4098E-01   C at   71  1
       a = -0.500      CL = -0.0563
      Cm = -0.0008     CD =  0.00562   =>   CDf =  0.00378    CDp =  0.00185

 Side 1  free  transition at x/c =  0.8986   71
 Side 2  free  transition at x/c =  0.8080   68

 187   rms: 0.2806E-02   max: -.4098E-01   C at   71  1
       a = -0.500      CL = -0.0563
      Cm = -0.0008     CD =  0.00562   =>   CDf =  0.00378    CDp =  0.00185

 Side 1  free  transition at x/c =  0.8986   71
 Side 2  free  transition at x/c =  0.8080   68

 188   rms: 0.2806E-02   max: -.4097E-01   C at   71  1
       a = -0.500      CL = -0.0563
      Cm = -0.0008     CD =  0.00562   =>   CDf =  0.00378    CDp =  0.00185

 Side 1  free  transition at x/c =  0.8986   71
 Side 2  free  transition at x/c =  0.8080   68

 189   rms: 0.2806E-02   max: -.4098E-01   C at   71  1
       a = -0.500      CL = -0.0563
      Cm = -0.0008     CD =  0.00562   =>   CDf =  0.00378    CDp =  0.00185

 Side 1  free  transition at x/c =  0.8986   71
 Side 2  free  transition at x/c =  0.8080   68

 190   rms: 0.2806E-02   max: -.4098E-01   C at   71  1
       a = -0.500      CL = -0.0563
      Cm = -0.0008     CD =  0.00562   =>   CDf =  0.00378    CDp =  0.00185

 Side 1  free  transition at x/c =  0.8986   71
 Side 2  free  transition at x/c =  0.8080   68

 191   rms: 0.2806E-02   max: -.4097E-01   C at   71  1
       a = -0.500      CL = -0.0563
      Cm = -0.0008     CD =  0.00562   =>   CDf =  0.00378    CDp =  0.00185

 Side 1  free  transition at x/c =  0.8986   71
 Side 2  free  transition at x/c =  0.8080   68

 192   rms: 0.2806E-02   max: -.4098E-01   C at   71  1
       a = -0.500      CL = -0.0563
      Cm = -0.0008     CD =  0.00562   =>   CDf =  0.00378    CDp =  0.00185

 Side 1  free  transition at x/c =  0.8986   71
 Side 2  free  transition at x/c =  0.8080   68

 193   rms: 0.2807E-02   max: -.4098E-01   C at   71  1
       a = -0.500      CL = -0.0563
      Cm = -0.0008     CD =  0.00562   =>   CDf =  0.00378    CDp =  0.00185

 Side 1  free  transition at x/c =  0.8986   71
 Side 2  free  transition at x/c =  0.8080   68

 194   rms: 0.2806E-02   max: -.4098E-01   C at   71  1
       a = -0.500      CL = -0.0563
      Cm = -0.0008     CD =  0.00562   =>   CDf =  0.00378    CDp =  0.00185

 Side 1  free  transition at x/c =  0.8986   71
 Side 2  free  transition at x/c =  0.8080   68

 195   rms: 0.2806E-02   max: -.4098E-01   C at   71  1
       a = -0.500      CL = -0.0563
      Cm = -0.0008     CD =  0.00562   =>   CDf =  0.00378    CDp =  0.00185

 Side 1  free  transition at x/c =  0.8986   71
 Side 2  free  transition at x/c =  0.8080   68

 196   rms: 0.2806E-02   max: -.4098E-01   C at   71  1
       a = -0.500      CL = -0.0563
      Cm = -0.0008     CD =  0.00562   =>   CDf =  0.00378    CDp =  0.00185

 Side 1  free  transition at x/c =  0.8986   71
 Side 2  free  transition at x/c =  0.8080   68

 197   rms: 0.2807E-02   max: -.4098E-01   C at   71  1
       a = -0.500      CL = -0.0563
      Cm = -0.0008     CD =  0.00562   =>   CDf =  0.00378    CDp =  0.00185

 Side 1  free  transition at x/c =  0.8986   71
 Side 2  free  transition at x/c =  0.8080   68

 198   rms: 0.2806E-02   max: -.4098E-01   C at   71  1
       a = -0.500      CL = -0.0563
      Cm = -0.0008     CD =  0.00562   =>   CDf =  0.00378    CDp =  0.00185

 Side 1  free  transition at x/c =  0.8986   71
 Side 2  free  transition at x/c =  0.8080   68

 199   rms: 0.2806E-02   max: -.4098E-01   C at   71  1
       a = -0.500      CL = -0.0563
      Cm = -0.0008     CD =  0.00562   =>   CDf =  0.00378    CDp =  0.00185

 Side 1  free  transition at x/c =  0.8986   71
 Side 2  free  transition at x/c =  0.8080   68

 200   rms: 0.2807E-02   max: -.4098E-01   C at   71  1
       a = -0.500      CL = -0.0563
      Cm = -0.0008     CD =  0.00562   =>   CDf =  0.00378    CDp =  0.00185

 Side 1  free  transition at x/c =  0.8986   71
 Side 2  free  transition at x/c =  0.8080   68

 201   rms: 0.2806E-02   max: -.4098E-01   C at   71  1
       a = -0.500      CL = -0.0563
      Cm = -0.0008     CD =  0.00562   =>   CDf =  0.00378    CDp =  0.00185

 Side 1  free  transition at x/c =  0.8986   71
 Side 2  free  transition at x/c =  0.8080   68

 202   rms: 0.2806E-02   max: -.4098E-01   C at   71  1
       a = -0.500      CL = -0.0563
      Cm = -0.0008     CD =  0.00562   =>   CDf =  0.00378    CDp =  0.00185

 Side 1  free  transition at x/c =  0.8986   71
 Side 2  free  transition at x/c =  0.8080   68

 203   rms: 0.2806E-02   max: -.4098E-01   C at   71  1
       a = -0.500      CL = -0.0563
      Cm = -0.0008     CD =  0.00562   =>   CDf =  0.00378    CDp =  0.00185

 Side 1  free  transition at x/c =  0.8986   71
 Side 2  free  transition at x/c =  0.8080   68

 204   rms: 0.2806E-02   max: -.4098E-01   C at   71  1
       a = -0.500      CL = -0.0563
      Cm = -0.0008     CD =  0.00562   =>   CDf =  0.00378    CDp =  0.00185

 Side 1  free  transition at x/c =  0.8986   71
 Side 2  free  transition at x/c =  0.8080   68

 205   rms: 0.2806E-02   max: -.4098E-01   C at   71  1
       a = -0.500      CL = -0.0563
      Cm = -0.0008     CD =  0.00562   =>   CDf =  0.00378    CDp =  0.00185

 Side 1  free  transition at x/c =  0.8986   71
 Side 2  free  transition at x/c =  0.8080   68

 206   rms: 0.2807E-02   max: -.4098E-01   C at   71  1
       a = -0.500      CL = -0.0563
      Cm = -0.0008     CD =  0.00562   =>   CDf =  0.00378    CDp =  0.00185

 Side 1  free  transition at x/c =  0.8986   71
 Side 2  free  transition at x/c =  0.8080   68

 207   rms: 0.2806E-02   max: -.4098E-01   C at   71  1
       a = -0.500      CL = -0.0563
      Cm = -0.0008     CD =  0.00562   =>   CDf =  0.00378    CDp =  0.00185

 Side 1  free  transition at x/c =  0.8986   71
 Side 2  free  transition at x/c =  0.8080   68

 208   rms: 0.2806E-02   max: -.4098E-01   C at   71  1
       a = -0.500      CL = -0.0563
      Cm = -0.0008     CD =  0.00562   =>   CDf =  0.00378    CDp =  0.00185

 Side 1  free  transition at x/c =  0.8986   71
 Side 2  free  transition at x/c =  0.8080   68

 209   rms: 0.2806E-02   max: -.4098E-01   C at   71  1
       a = -0.500      CL = -0.0563
      Cm = -0.0008     CD =  0.00562   =>   CDf =  0.00378    CDp =  0.00185

 Side 1  free  transition at x/c =  0.8986   71
 Side 2  free  transition at x/c =  0.8080   68

 210   rms: 0.2806E-02   max: -.4098E-01   C at   71  1
       a = -0.500      CL = -0.0563
      Cm = -0.0008     CD =  0.00562   =>   CDf =  0.00378    CDp =  0.00185

 Side 1  free  transition at x/c =  0.8986   71
 Side 2  free  transition at x/c =  0.8080   68

 211   rms: 0.2806E-02   max: -.4098E-01   C at   71  1
       a = -0.500      CL = -0.0563
      Cm = -0.0008     CD =  0.00562   =>   CDf =  0.00378    CDp =  0.00185

 Side 1  free  transition at x/c =  0.8986   71
 Side 2  free  transition at x/c =  0.8080   68

 212   rms: 0.2807E-02   max: -.4098E-01   C at   71  1
       a = -0.500      CL = -0.0563
      Cm = -0.0008     CD =  0.00562   =>   CDf =  0.00378    CDp =  0.00185

 Side 1  free  transition at x/c =  0.8986   71
 Side 2  free  transition at x/c =  0.8080   68

 213   rms: 0.2806E-02   max: -.4098E-01   C at   71  1
       a = -0.500      CL = -0.0563
      Cm = -0.0008     CD =  0.00562   =>   CDf =  0.00378    CDp =  0.00185

 Side 1  free  transition at x/c =  0.8986   71
 Side 2  free  transition at x/c =  0.8080   68

 214   rms: 0.2807E-02   max: -.4098E-01   C at   71  1
       a = -0.500      CL = -0.0563
      Cm = -0.0008     CD =  0.00562   =>   CDf =  0.00378    CDp =  0.00185

 Side 1  free  transition at x/c =  0.8986   71
 Side 2  free  transition at x/c =  0.8080   68

 215   rms: 0.2806E-02   max: -.4098E-01   C at   71  1
       a = -0.500      CL = -0.0563
      Cm = -0.0008     CD =  0.00562   =>   CDf =  0.00378    CDp =  0.00185

 Side 1  free  transition at x/c =  0.8986   71
 Side 2  free  transition at x/c =  0.8080   68

 216   rms: 0.2806E-02   max: -.4098E-01   C at   71  1
       a = -0.500      CL = -0.0563
      Cm = -0.0008     CD =  0.00562   =>   CDf =  0.00378    CDp =  0.00185

 Side 1  free  transition at x/c =  0.8986   71
 Side 2  free  transition at x/c =  0.8080   68

 217   rms: 0.2806E-02   max: -.4098E-01   C at   71  1
       a = -0.500      CL = -0.0563
      Cm = -0.0008     CD =  0.00562   =>   CDf =  0.00378    CDp =  0.00185

 Side 1  free  transition at x/c =  0.8986   71
 Side 2  free  transition at x/c =  0.8080   68

 218   rms: 0.2806E-02   max: -.4098E-01   C at   71  1
       a = -0.500      CL = -0.0563
      Cm = -0.0008     CD =  0.00562   =>   CDf =  0.00378    CDp =  0.00185

 Side 1  free  transition at x/c =  0.8986   71
 Side 2  free  transition at x/c =  0.8080   68

 219   rms: 0.2807E-02   max: -.4098E-01   C at   71  1
       a = -0.500      CL = -0.0563
      Cm = -0.0008     CD =  0.00562   =>   CDf =  0.00378    CDp =  0.00185

 Side 1  free  transition at x/c =  0.8986   71
 Side 2  free  transition at x/c =  0.8080   68

 220   rms: 0.2806E-02   max: -.4098E-01   C at   71  1
       a = -0.500      CL = -0.0563
      Cm = -0.0008     CD =  0.00562   =>   CDf =  0.00378    CDp =  0.00185

 Side 1  free  transition at x/c =  0.8986   71
 Side 2  free  transition at x/c =  0.8080   68

 221   rms: 0.2807E-02   max: -.4098E-01   C at   71  1
       a = -0.500      CL = -0.0563
      Cm = -0.0008     CD =  0.00562   =>   CDf =  0.00378    CDp =  0.00185

 Side 1  free  transition at x/c =  0.8986   71
 Side 2  free  transition at x/c =  0.8080   68

 222   rms: 0.2806E-02   max: -.4097E-01   C at   71  1
       a = -0.500      CL = -0.0563
      Cm = -0.0008     CD =  0.00562   =>   CDf =  0.00378    CDp =  0.00185

 Side 1  free  transition at x/c =  0.8986   71
 Side 2  free  transition at x/c =  0.8080   68

 223   rms: 0.2806E-02   max: -.4098E-01   C at   71  1
       a = -0.500      CL = -0.0563
      Cm = -0.0008     CD =  0.00562   =>   CDf =  0.00378    CDp =  0.00185

 Side 1  free  transition at x/c =  0.8986   71
 Side 2  free  transition at x/c =  0.8080   68

 224   rms: 0.2807E-02   max: -.4098E-01   C at   71  1
       a = -0.500      CL = -0.0563
      Cm = -0.0008     CD =  0.00562   =>   CDf =  0.00378    CDp =  0.00185

 Side 1  free  transition at x/c =  0.8986   71
 Side 2  free  transition at x/c =  0.8080   68

 225   rms: 0.2806E-02   max: -.4098E-01   C at   71  1
       a = -0.500      CL = -0.0563
      Cm = -0.0008     CD =  0.00562   =>   CDf =  0.00378    CDp =  0.00185

 Side 1  free  transition at x/c =  0.8986   71
 Side 2  free  transition at x/c =  0.8080   68

 226   rms: 0.2807E-02   max: -.4098E-01   C at   71  1
       a = -0.500      CL = -0.0563
      Cm = -0.0008     CD =  0.00562   =>   CDf =  0.00378    CDp =  0.00185

 Side 1  free  transition at x/c =  0.8986   71
 Side 2  free  transition at x/c =  0.8080   68

 227   rms: 0.2806E-02   max: -.4098E-01   C at   71  1
       a = -0.500      CL = -0.0563
      Cm = -0.0008     CD =  0.00562   =>   CDf =  0.00378    CDp =  0.00185

 Side 1  free  transition at x/c =  0.8986   71
 Side 2  free  transition at x/c =  0.8080   68

 228   rms: 0.2806E-02   max: -.4097E-01   C at   71  1
       a = -0.500      CL = -0.0563
      Cm = -0.0008     CD =  0.00562   =>   CDf =  0.00378    CDp =  0.00185

 Side 1  free  transition at x/c =  0.8986   71
 Side 2  free  transition at x/c =  0.8080   68

 229   rms: 0.2806E-02   max: -.4098E-01   C at   71  1
       a = -0.500      CL = -0.0563
      Cm = -0.0008     CD =  0.00562   =>   CDf =  0.00378    CDp =  0.00185

 Side 1  free  transition at x/c =  0.8986   71
 Side 2  free  transition at x/c =  0.8080   68

 230   rms: 0.2806E-02   max: -.4098E-01   C at   71  1
       a = -0.500      CL = -0.0563
      Cm = -0.0008     CD =  0.00562   =>   CDf =  0.00378    CDp =  0.00185

 Side 1  free  transition at x/c =  0.8986   71
 Side 2  free  transition at x/c =  0.8080   68

 231   rms: 0.2806E-02   max: -.4098E-01   C at   71  1
       a = -0.500      CL = -0.0563
      Cm = -0.0008     CD =  0.00562   =>   CDf =  0.00378    CDp =  0.00185

 Side 1  free  transition at x/c =  0.8986   71
 Side 2  free  transition at x/c =  0.8080   68

 232   rms: 0.2807E-02   max: -.4098E-01   C at   71  1
       a = -0.500      CL = -0.0563
      Cm = -0.0008     CD =  0.00562   =>   CDf =  0.00378    CDp =  0.00185

 Side 1  free  transition at x/c =  0.8986   71
 Side 2  free  transition at x/c =  0.8080   68

 233   rms: 0.2806E-02   max: -.4097E-01   C at   71  1
       a = -0.500      CL = -0.0563
      Cm = -0.0008     CD =  0.00562   =>   CDf =  0.00378    CDp =  0.00185

 Side 1  free  transition at x/c =  0.8986   71
 Side 2  free  transition at x/c =  0.8080   68

 234   rms: 0.2807E-02   max: -.4098E-01   C at   71  1
       a = -0.500      CL = -0.0563
      Cm = -0.0008     CD =  0.00562   =>   CDf =  0.00378    CDp =  0.00185

 Side 1  free  transition at x/c =  0.8986   71
 Side 2  free  transition at x/c =  0.8080   68

 235   rms: 0.2806E-02   max: -.4098E-01   C at   71  1
       a = -0.500      CL = -0.0563
      Cm = -0.0008     CD =  0.00562   =>   CDf =  0.00378    CDp =  0.00185

 Side 1  free  transition at x/c =  0.8986   71
 Side 2  free  transition at x/c =  0.8080   68

 236   rms: 0.2806E-02   max: -.4097E-01   C at   71  1
       a = -0.500      CL = -0.0563
      Cm = -0.0008     CD =  0.00562   =>   CDf =  0.00378    CDp =  0.00185

 Side 1  free  transition at x/c =  0.8986   71
 Side 2  free  transition at x/c =  0.8080   68

 237   rms: 0.2807E-02   max: -.4098E-01   C at   71  1
       a = -0.500      CL = -0.0563
      Cm = -0.0008     CD =  0.00562   =>   CDf =  0.00378    CDp =  0.00185

 Side 1  free  transition at x/c =  0.8986   71
 Side 2  free  transition at x/c =  0.8080   68

 238   rms: 0.2806E-02   max: -.4098E-01   C at   71  1
       a = -0.500      CL = -0.0563
      Cm = -0.0008     CD =  0.00562   =>   CDf =  0.00378    CDp =  0.00185

 Side 1  free  transition at x/c =  0.8986   71
 Side 2  free  transition at x/c =  0.8080   68

 239   rms: 0.2806E-02   max: -.4098E-01   C at   71  1
       a = -0.500      CL = -0.0563
      Cm = -0.0008     CD =  0.00562   =>   CDf =  0.00378    CDp =  0.00185

 Side 1  free  transition at x/c =  0.8986   71
 Side 2  free  transition at x/c =  0.8080   68

 240   rms: 0.2806E-02   max: -.4098E-01   C at   71  1
       a = -0.500      CL = -0.0563
      Cm = -0.0008     CD =  0.00562   =>   CDf =  0.00378    CDp =  0.00185

 Side 1  free  transition at x/c =  0.8986   71
 Side 2  free  transition at x/c =  0.8080   68

 241   rms: 0.2806E-02   max: -.4098E-01   C at   71  1
       a = -0.500      CL = -0.0563
      Cm = -0.0008     CD =  0.00562   =>   CDf =  0.00378    CDp =  0.00185

 Side 1  free  transition at x/c =  0.8986   71
 Side 2  free  transition at x/c =  0.8080   68

 242   rms: 0.2807E-02   max: -.4098E-01   C at   71  1
       a = -0.500      CL = -0.0563
      Cm = -0.0008     CD =  0.00562   =>   CDf =  0.00378    CDp =  0.00185

 Side 1  free  transition at x/c =  0.8986   71
 Side 2  free  transition at x/c =  0.8080   68

 243   rms: 0.2806E-02   max: -.4097E-01   C at   71  1
       a = -0.500      CL = -0.0563
      Cm = -0.0008     CD =  0.00562   =>   CDf =  0.00378    CDp =  0.00185

 Side 1  free  transition at x/c =  0.8986   71
 Side 2  free  transition at x/c =  0.8080   68

 244   rms: 0.2806E-02   max: -.4098E-01   C at   71  1
       a = -0.500      CL = -0.0563
      Cm = -0.0008     CD =  0.00562   =>   CDf =  0.00378    CDp =  0.00185

 Side 1  free  transition at x/c =  0.8986   71
 Side 2  free  transition at x/c =  0.8080   68

 245   rms: 0.2807E-02   max: -.4098E-01   C at   71  1
       a = -0.500      CL = -0.0563
      Cm = -0.0008     CD =  0.00562   =>   CDf =  0.00378    CDp =  0.00185

 Side 1  free  transition at x/c =  0.8986   71
 Side 2  free  transition at x/c =  0.8080   68

 246   rms: 0.2806E-02   max: -.4098E-01   C at   71  1
       a = -0.500      CL = -0.0563
      Cm = -0.0008     CD =  0.00562   =>   CDf =  0.00378    CDp =  0.00185

 Side 1  free  transition at x/c =  0.8986   71
 Side 2  free  transition at x/c =  0.8080   68

 247   rms: 0.2806E-02   max: -.4097E-01   C at   71  1
       a = -0.500      CL = -0.0563
      Cm = -0.0008     CD =  0.00562   =>   CDf =  0.00378    CDp =  0.00185

 Side 1  free  transition at x/c =  0.8986   71
 Side 2  free  transition at x/c =  0.8080   68

 248   rms: 0.2807E-02   max: -.4098E-01   C at   71  1
       a = -0.500      CL = -0.0563
      Cm = -0.0008     CD =  0.00562   =>   CDf =  0.00378    CDp =  0.00185

 Side 1  free  transition at x/c =  0.8986   71
 Side 2  free  transition at x/c =  0.8080   68

 249   rms: 0.2806E-02   max: -.4098E-01   C at   71  1
       a = -0.500      CL = -0.0563
      Cm = -0.0008     CD =  0.00562   =>   CDf =  0.00378    CDp =  0.00185

 Side 1  free  transition at x/c =  0.8986   71
 Side 2  free  transition at x/c =  0.8080   68

 250   rms: 0.2806E-02   max: -.4098E-01   C at   71  1
       a = -0.500      CL = -0.0563
      Cm = -0.0008     CD =  0.00562   =>   CDf =  0.00378    CDp =  0.00185

 Side 1  free  transition at x/c =  0.8986   71
 Side 2  free  transition at x/c =  0.8080   68

 251   rms: 0.2806E-02   max: -.4098E-01   C at   71  1
       a = -0.500      CL = -0.0563
      Cm = -0.0008     CD =  0.00562   =>   CDf =  0.00378    CDp =  0.00185

 Side 1  free  transition at x/c =  0.8986   71
 Side 2  free  transition at x/c =  0.8080   68

 252   rms: 0.2806E-02   max: -.4098E-01   C at   71  1
       a = -0.500      CL = -0.0563
      Cm = -0.0008     CD =  0.00562   =>   CDf =  0.00378    CDp =  0.00185

 Side 1  free  transition at x/c =  0.8986   71
 Side 2  free  transition at x/c =  0.8080   68

 253   rms: 0.2806E-02   max: -.4098E-01   C at   71  1
       a = -0.500      CL = -0.0563
      Cm = -0.0008     CD =  0.00562   =>   CDf =  0.00378    CDp =  0.00185

 Side 1  free  transition at x/c =  0.8986   71
 Side 2  free  transition at x/c =  0.8080   68

 254   rms: 0.2806E-02   max: -.4098E-01   C at   71  1
       a = -0.500      CL = -0.0563
      Cm = -0.0008     CD =  0.00562   =>   CDf =  0.00378    CDp =  0.00185

 Side 1  free  transition at x/c =  0.8986   71
 Side 2  free  transition at x/c =  0.8080   68

 255   rms: 0.2806E-02   max: -.4098E-01   C at   71  1
       a = -0.500      CL = -0.0563
      Cm = -0.0008     CD =  0.00562   =>   CDf =  0.00378    CDp =  0.00185

 Side 1  free  transition at x/c =  0.8986   71
 Side 2  free  transition at x/c =  0.8080   68

 256   rms: 0.2806E-02   max: -.4098E-01   C at   71  1
       a = -0.500      CL = -0.0563
      Cm = -0.0008     CD =  0.00562   =>   CDf =  0.00378    CDp =  0.00185

 Side 1  free  transition at x/c =  0.8986   71
 Side 2  free  transition at x/c =  0.8080   68

 257   rms: 0.2806E-02   max: -.4098E-01   C at   71  1
       a = -0.500      CL = -0.0563
      Cm = -0.0008     CD =  0.00562   =>   CDf =  0.00378    CDp =  0.00185

 Side 1  free  transition at x/c =  0.8986   71
 Side 2  free  transition at x/c =  0.8080   68

 258   rms: 0.2806E-02   max: -.4098E-01   C at   71  1
       a = -0.500      CL = -0.0563
      Cm = -0.0008     CD =  0.00562   =>   CDf =  0.00378    CDp =  0.00185

 Side 1  free  transition at x/c =  0.8986   71
 Side 2  free  transition at x/c =  0.8080   68

 259   rms: 0.2806E-02   max: -.4098E-01   C at   71  1
       a = -0.500      CL = -0.0563
      Cm = -0.0008     CD =  0.00562   =>   CDf =  0.00378    CDp =  0.00185

 Side 1  free  transition at x/c =  0.8986   71
 Side 2  free  transition at x/c =  0.8080   68

 260   rms: 0.2806E-02   max: -.4098E-01   C at   71  1
       a = -0.500      CL = -0.0563
      Cm = -0.0008     CD =  0.00562   =>   CDf =  0.00378    CDp =  0.00185

 Side 1  free  transition at x/c =  0.8986   71
 Side 2  free  transition at x/c =  0.8080   68

 261   rms: 0.2807E-02   max: -.4098E-01   C at   71  1
       a = -0.500      CL = -0.0563
      Cm = -0.0008     CD =  0.00562   =>   CDf =  0.00378    CDp =  0.00185

 Side 1  free  transition at x/c =  0.8986   71
 Side 2  free  transition at x/c =  0.8080   68

 262   rms: 0.2806E-02   max: -.4097E-01   C at   71  1
       a = -0.500      CL = -0.0563
      Cm = -0.0008     CD =  0.00562   =>   CDf =  0.00378    CDp =  0.00185

 Side 1  free  transition at x/c =  0.8986   71
 Side 2  free  transition at x/c =  0.8080   68

 263   rms: 0.2806E-02   max: -.4098E-01   C at   71  1
       a = -0.500      CL = -0.0563
      Cm = -0.0008     CD =  0.00562   =>   CDf =  0.00378    CDp =  0.00185

 Side 1  free  transition at x/c =  0.8986   71
 Side 2  free  transition at x/c =  0.8080   68

 264   rms: 0.2806E-02   max: -.4098E-01   C at   71  1
       a = -0.500      CL = -0.0563
      Cm = -0.0008     CD =  0.00562   =>   CDf =  0.00378    CDp =  0.00185

 Side 1  free  transition at x/c =  0.8986   71
 Side 2  free  transition at x/c =  0.8080   68

 265   rms: 0.2806E-02   max: -.4098E-01   C at   71  1
       a = -0.500      CL = -0.0563
      Cm = -0.0008     CD =  0.00562   =>   CDf =  0.00378    CDp =  0.00185

 Side 1  free  transition at x/c =  0.8986   71
 Side 2  free  transition at x/c =  0.8080   68

 266   rms: 0.2806E-02   max: -.4098E-01   C at   71  1
       a = -0.500      CL = -0.0563
      Cm = -0.0008     CD =  0.00562   =>   CDf =  0.00378    CDp =  0.00185

 Side 1  free  transition at x/c =  0.8986   71
 Side 2  free  transition at x/c =  0.8080   68

 267   rms: 0.2807E-02   max: -.4098E-01   C at   71  1
       a = -0.500      CL = -0.0563
      Cm = -0.0008     CD =  0.00562   =>   CDf =  0.00378    CDp =  0.00185

 Side 1  free  transition at x/c =  0.8986   71
 Side 2  free  transition at x/c =  0.8080   68

 268   rms: 0.2806E-02   max: -.4098E-01   C at   71  1
       a = -0.500      CL = -0.0563
      Cm = -0.0008     CD =  0.00562   =>   CDf =  0.00378    CDp =  0.00185

 Side 1  free  transition at x/c =  0.8986   71
 Side 2  free  transition at x/c =  0.8080   68

 269   rms: 0.2806E-02   max: -.4098E-01   C at   71  1
       a = -0.500      CL = -0.0563
      Cm = -0.0008     CD =  0.00562   =>   CDf =  0.00378    CDp =  0.00185

 Side 1  free  transition at x/c =  0.8986   71
 Side 2  free  transition at x/c =  0.8080   68

 270   rms: 0.2806E-02   max: -.4098E-01   C at   71  1
       a = -0.500      CL = -0.0563
      Cm = -0.0008     CD =  0.00562   =>   CDf =  0.00378    CDp =  0.00185

 Side 1  free  transition at x/c =  0.8986   71
 Side 2  free  transition at x/c =  0.8080   68

 271   rms: 0.2806E-02   max: -.4098E-01   C at   71  1
       a = -0.500      CL = -0.0563
      Cm = -0.0008     CD =  0.00562   =>   CDf =  0.00378    CDp =  0.00185

 Side 1  free  transition at x/c =  0.8986   71
 Side 2  free  transition at x/c =  0.8080   68

 272   rms: 0.2807E-02   max: -.4098E-01   C at   71  1
       a = -0.500      CL = -0.0563
      Cm = -0.0008     CD =  0.00562   =>   CDf =  0.00378    CDp =  0.00185

 Side 1  free  transition at x/c =  0.8986   71
 Side 2  free  transition at x/c =  0.8080   68

 273   rms: 0.2806E-02   max: -.4098E-01   C at   71  1
       a = -0.500      CL = -0.0563
      Cm = -0.0008     CD =  0.00562   =>   CDf =  0.00378    CDp =  0.00185

 Side 1  free  transition at x/c =  0.8986   71
 Side 2  free  transition at x/c =  0.8080   68

 274   rms: 0.2806E-02   max: -.4098E-01   C at   71  1
       a = -0.500      CL = -0.0563
      Cm = -0.0008     CD =  0.00562   =>   CDf =  0.00378    CDp =  0.00185

 Side 1  free  transition at x/c =  0.8986   71
 Side 2  free  transition at x/c =  0.8080   68

 275   rms: 0.2807E-02   max: -.4098E-01   C at   71  1
       a = -0.500      CL = -0.0563
      Cm = -0.0008     CD =  0.00562   =>   CDf =  0.00378    CDp =  0.00185

 Side 1  free  transition at x/c =  0.8986   71
 Side 2  free  transition at x/c =  0.8080   68

 276   rms: 0.2806E-02   max: -.4097E-01   C at   71  1
       a = -0.500      CL = -0.0563
      Cm = -0.0008     CD =  0.00562   =>   CDf =  0.00378    CDp =  0.00185

 Side 1  free  transition at x/c =  0.8986   71
 Side 2  free  transition at x/c =  0.8080   68

 277   rms: 0.2806E-02   max: -.4098E-01   C at   71  1
       a = -0.500      CL = -0.0563
      Cm = -0.0008     CD =  0.00562   =>   CDf =  0.00378    CDp =  0.00185

 Side 1  free  transition at x/c =  0.8986   71
 Side 2  free  transition at x/c =  0.8080   68

 278   rms: 0.2807E-02   max: -.4098E-01   C at   71  1
       a = -0.500      CL = -0.0563
      Cm = -0.0008     CD =  0.00562   =>   CDf =  0.00378    CDp =  0.00185

 Side 1  free  transition at x/c =  0.8986   71
 Side 2  free  transition at x/c =  0.8080   68

 279   rms: 0.2806E-02   max: -.4098E-01   C at   71  1
       a = -0.500      CL = -0.0563
      Cm = -0.0008     CD =  0.00562   =>   CDf =  0.00378    CDp =  0.00185

 Side 1  free  transition at x/c =  0.8986   71
 Side 2  free  transition at x/c =  0.8080   68

 280   rms: 0.2806E-02   max: -.4098E-01   C at   71  1
       a = -0.500      CL = -0.0563
      Cm = -0.0008     CD =  0.00562   =>   CDf =  0.00378    CDp =  0.00185

 Side 1  free  transition at x/c =  0.8986   71
 Side 2  free  transition at x/c =  0.8080   68

 281   rms: 0.2807E-02   max: -.4098E-01   C at   71  1
       a = -0.500      CL = -0.0563
      Cm = -0.0008     CD =  0.00562   =>   CDf =  0.00378    CDp =  0.00185

 Side 1  free  transition at x/c =  0.8986   71
 Side 2  free  transition at x/c =  0.8080   68

 282   rms: 0.2806E-02   max: -.4097E-01   C at   71  1
       a = -0.500      CL = -0.0563
      Cm = -0.0008     CD =  0.00562   =>   CDf =  0.00378    CDp =  0.00185

 Side 1  free  transition at x/c =  0.8986   71
 Side 2  free  transition at x/c =  0.8080   68

 283   rms: 0.2806E-02   max: -.4098E-01   C at   71  1
       a = -0.500      CL = -0.0563
      Cm = -0.0008     CD =  0.00562   =>   CDf =  0.00378    CDp =  0.00185

 Side 1  free  transition at x/c =  0.8986   71
 Side 2  free  transition at x/c =  0.8080   68

 284   rms: 0.2806E-02   max: -.4097E-01   C at   71  1
       a = -0.500      CL = -0.0563
      Cm = -0.0008     CD =  0.00562   =>   CDf =  0.00378    CDp =  0.00185

 Side 1  free  transition at x/c =  0.8986   71
 Side 2  free  transition at x/c =  0.8080   68

 285   rms: 0.2807E-02   max: -.4098E-01   C at   71  1
       a = -0.500      CL = -0.0563
      Cm = -0.0008     CD =  0.00562   =>   CDf =  0.00378    CDp =  0.00185

 Side 1  free  transition at x/c =  0.8986   71
 Side 2  free  transition at x/c =  0.8080   68

 286   rms: 0.2806E-02   max: -.4098E-01   C at   71  1
       a = -0.500      CL = -0.0563
      Cm = -0.0008     CD =  0.00562   =>   CDf =  0.00378    CDp =  0.00185

 Side 1  free  transition at x/c =  0.8986   71
 Side 2  free  transition at x/c =  0.8080   68

 287   rms: 0.2806E-02   max: -.4098E-01   C at   71  1
       a = -0.500      CL = -0.0563
      Cm = -0.0008     CD =  0.00562   =>   CDf =  0.00378    CDp =  0.00185

 Side 1  free  transition at x/c =  0.8986   71
 Side 2  free  transition at x/c =  0.8080   68

 288   rms: 0.2807E-02   max: -.4098E-01   C at   71  1
       a = -0.500      CL = -0.0563
      Cm = -0.0008     CD =  0.00562   =>   CDf =  0.00378    CDp =  0.00185

 Side 1  free  transition at x/c =  0.8986   71
 Side 2  free  transition at x/c =  0.8080   68

 289   rms: 0.2806E-02   max: -.4098E-01   C at   71  1
       a = -0.500      CL = -0.0563
      Cm = -0.0008     CD =  0.00562   =>   CDf =  0.00378    CDp =  0.00185

 Side 1  free  transition at x/c =  0.8986   71
 Side 2  free  transition at x/c =  0.8080   68

 290   rms: 0.2806E-02   max: -.4098E-01   C at   71  1
       a = -0.500      CL = -0.0563
      Cm = -0.0008     CD =  0.00562   =>   CDf =  0.00378    CDp =  0.00185

 Side 1  free  transition at x/c =  0.8986   71
 Side 2  free  transition at x/c =  0.8080   68

 291   rms: 0.2806E-02   max: -.4097E-01   C at   71  1
       a = -0.500      CL = -0.0563
      Cm = -0.0008     CD =  0.00562   =>   CDf =  0.00378    CDp =  0.00185

 Side 1  free  transition at x/c =  0.8986   71
 Side 2  free  transition at x/c =  0.8080   68

 292   rms: 0.2806E-02   max: -.4097E-01   C at   71  1
       a = -0.500      CL = -0.0563
      Cm = -0.0008     CD =  0.00562   =>   CDf =  0.00378    CDp =  0.00185

 Side 1  free  transition at x/c =  0.8986   71
 Side 2  free  transition at x/c =  0.8080   68

 293   rms: 0.2806E-02   max: -.4098E-01   C at   71  1
       a = -0.500      CL = -0.0563
      Cm = -0.0008     CD =  0.00562   =>   CDf =  0.00378    CDp =  0.00185

 Side 1  free  transition at x/c =  0.8986   71
 Side 2  free  transition at x/c =  0.8080   68

 294   rms: 0.2806E-02   max: -.4098E-01   C at   71  1
       a = -0.500      CL = -0.0563
      Cm = -0.0008     CD =  0.00562   =>   CDf =  0.00378    CDp =  0.00185

 Side 1  free  transition at x/c =  0.8986   71
 Side 2  free  transition at x/c =  0.8080   68

 295   rms: 0.2807E-02   max: -.4098E-01   C at   71  1
       a = -0.500      CL = -0.0563
      Cm = -0.0008     CD =  0.00562   =>   CDf =  0.00378    CDp =  0.00185

 Side 1  free  transition at x/c =  0.8986   71
 Side 2  free  transition at x/c =  0.8080   68

 296   rms: 0.2806E-02   max: -.4098E-01   C at   71  1
       a = -0.500      CL = -0.0563
      Cm = -0.0008     CD =  0.00562   =>   CDf =  0.00378    CDp =  0.00185

 Side 1  free  transition at x/c =  0.8986   71
 Side 2  free  transition at x/c =  0.8080   68

 297   rms: 0.2806E-02   max: -.4098E-01   C at   71  1
       a = -0.500      CL = -0.0563
      Cm = -0.0008     CD =  0.00562   =>   CDf =  0.00378    CDp =  0.00185

 Side 1  free  transition at x/c =  0.8986   71
 Side 2  free  transition at x/c =  0.8080   68

 298   rms: 0.2806E-02   max: -.4098E-01   C at   71  1
       a = -0.500      CL = -0.0563
      Cm = -0.0008     CD =  0.00562   =>   CDf =  0.00378    CDp =  0.00185

 Side 1  free  transition at x/c =  0.8986   71
 Side 2  free  transition at x/c =  0.8080   68

 299   rms: 0.2807E-02   max: -.4098E-01   C at   71  1
       a = -0.500      CL = -0.0563
      Cm = -0.0008     CD =  0.00562   =>   CDf =  0.00378    CDp =  0.00185

 Side 1  free  transition at x/c =  0.8986   71
 Side 2  free  transition at x/c =  0.8080   68

 300   rms: 0.2807E-02   max: -.4098E-01   C at   71  1
       a = -0.500      CL = -0.0563
      Cm = -0.0008     CD =  0.00562   =>   CDf =  0.00378    CDp =  0.00185

 Side 1  free  transition at x/c =  0.8986   71
 Side 2  free  transition at x/c =  0.8080   68

 301   rms: 0.2806E-02   max: -.4098E-01   C at   71  1
       a = -0.500      CL = -0.0563
      Cm = -0.0008     CD =  0.00562   =>   CDf =  0.00378    CDp =  0.00185

 Side 1  free  transition at x/c =  0.8986   71
 Side 2  free  transition at x/c =  0.8080   68

 302   rms: 0.2806E-02   max: -.4098E-01   C at   71  1
       a = -0.500      CL = -0.0563
      Cm = -0.0008     CD =  0.00562   =>   CDf =  0.00378    CDp =  0.00185

 Side 1  free  transition at x/c =  0.8986   71
 Side 2  free  transition at x/c =  0.8080   68

 303   rms: 0.2806E-02   max: -.4097E-01   C at   71  1
       a = -0.500      CL = -0.0563
      Cm = -0.0008     CD =  0.00562   =>   CDf =  0.00378    CDp =  0.00185

 Side 1  free  transition at x/c =  0.8986   71
 Side 2  free  transition at x/c =  0.8080   68

 304   rms: 0.2806E-02   max: -.4098E-01   C at   71  1
       a = -0.500      CL = -0.0563
      Cm = -0.0008     CD =  0.00562   =>   CDf =  0.00378    CDp =  0.00185

 Side 1  free  transition at x/c =  0.8986   71
 Side 2  free  transition at x/c =  0.8080   68

 305   rms: 0.2806E-02   max: -.4098E-01   C at   71  1
       a = -0.500      CL = -0.0563
      Cm = -0.0008     CD =  0.00562   =>   CDf =  0.00378    CDp =  0.00185
 VISCAL:  Convergence failed
 Calculating wake trajectory ...
 Calculating source influence matrix ...

 Solving BL system ...

 Side 1  free  transition at x/c =  0.8986   71
 Side 2  free  transition at x/c =  0.8080   68

   1   rms: 0.1019E+00   max: -.1074E+01   C at   68  2   RLX: 0.465
       a =  0.000      CL = -0.0385
      Cm =  0.0014     CD =  0.00554   =>   CDf =  0.00378    CDp =  0.00176

 Side 1  free  transition at x/c =  0.8742   71
 Side 2  free  transition at x/c =  0.8277   68

   2   rms: 0.5695E-01   max: -.3253E+00   C at   68  2
       a =  0.000      CL = -0.0037
      Cm =  0.0007     CD =  0.00550   =>   CDf =  0.00381    CDp =  0.00170

 Side 1  free  transition at x/c =  0.8581   70
 Side 2  free  transition at x/c =  0.8600   70

   3   rms: 0.7633E-02   max: -.7342E-01   C at   70  1
       a =  0.000      CL = -0.0000
      Cm =  0.0000     CD =  0.00554   =>   CDf =  0.00370    CDp =  0.00184

 Side 1  free  transition at x/c =  0.8602   70
 Side 2  free  transition at x/c =  0.8606   70

   4   rms: 0.3622E-03   max: -.4691E-02   D at   73  1
       a =  0.000      CL = -0.0000
      Cm =  0.0000     CD =  0.00554   =>   CDf =  0.00369    CDp =  0.00185

 Side 1  free  transition at x/c =  0.8600   70
 Side 2  free  transition at x/c =  0.8606   70

   5   rms: 0.1936E-05   max: -.2401E-04   C at   70  1
       a =  0.000      CL = -0.0000
      Cm =  0.0000     CD =  0.00554   =>   CDf =  0.00369    CDp =  0.00185
 plradd ia,ip,cpol            8           0  0.11317156    

 Point added to stored polar  1
 Point written to save file  fx76100_Re500k.base.pol                         
 Dump file unspecified or not available
 Calculating wake trajectory ...
 Calculating source influence matrix ...

 Solving BL system ...

 Side 1  free  transition at x/c =  0.8600   70
 Side 2  free  transition at x/c =  0.8606   70

   1   rms: 0.9591E-01   max: -.4506E+00   C at   70  2
       a =  0.500      CL =  0.0553
      Cm =  0.0011     CD =  0.00553   =>   CDf =  0.00369    CDp =  0.00184

 Side 1  free  transition at x/c =  0.8022   67
 Side 2  free  transition at x/c =  0.8896   71

   2   rms: 0.2287E-01   max: 0.2583E+00   D at   70  1
       a =  0.500      CL =  0.0576
      Cm =  0.0006     CD =  0.00561   =>   CDf =  0.00385    CDp =  0.00177

 Side 1  free  transition at x/c =  0.8119   68
 Side 2  free  transition at x/c =  0.8967   71

   3   rms: 0.6710E-02   max: 0.9389E-01   C at   68  1
       a =  0.500      CL =  0.0566
      Cm =  0.0008     CD =  0.00562   =>   CDf =  0.00375    CDp =  0.00187

 Side 1  free  transition at x/c =  0.8088   68
 Side 2  free  transition at x/c =  0.8981   71

   4   rms: 0.3024E-03   max: -.4791E-02   D at   70  1
       a =  0.500      CL =  0.0568
      Cm =  0.0007     CD =  0.00562   =>   CDf =  0.00376    CDp =  0.00186

 Side 1  free  transition at x/c =  0.8087   68
 Side 2  free  transition at x/c =  0.8980   71

   5   rms: 0.1756E-05   max: -.2105E-04   D at   70  1
       a =  0.500      CL =  0.0568
      Cm =  0.0007     CD =  0.00562   =>   CDf =  0.00377    CDp =  0.00186
 plradd ia,ip,cpol            9           0  9.94515643E-02

 Point added to stored polar  1
 Point written to save file  fx76100_Re500k.base.pol                         
 Dump file unspecified or not available
 Calculating wake trajectory ...
 Calculating source influence matrix ...

 Solving BL system ...

 Side 1  free  transition at x/c =  0.8087   68
 Side 2  free  transition at x/c =  0.8980   71

   1   rms: 0.1007E+00   max: 0.1062E+01   C at   68  1
       a =  1.000      CL =  0.1008
      Cm =  0.0042     CD =  0.00580   =>   CDf =  0.00377    CDp =  0.00204

 MRCHDU: Convergence failed at  74  side 2    Res =  0.1123E+02
 MRCHDU: Convergence failed at  75  side 2    Res =  0.2371E+01
 MRCHDU: Convergence failed at  76  side 2    Res =  0.1603E+01
 MRCHDU: Convergence failed at  77  side 2    Res =  0.1846E+01
 MRCHDU: Convergence failed at  78  side 2    Res =  0.2170E+01
 MRCHDU: Convergence failed at  79  side 2    Res =  0.2229E+01
 MRCHDU: Convergence failed at  80  side 2    Res =  0.7453E+01
 Side 1  free  transition at x/c =  0.7368   63
 Side 2  free  transition at x/c =  0.9356   74

   2   rms: 0.1244E+00   max: 0.7137E+00   T at   79  2
       a =  1.000      CL =  0.1539
      Cm = -0.0077     CD =  0.00552   =>   CDf =  0.00397    CDp =  0.00156

 Side 1  free  transition at x/c =  0.7293   64
 Side 2  free  transition at x/c =  0.9126   71
 idif Ue xi dudx           1  0.22619569      2.18808651E-03   103.37603    
 Uenew xinew           2  3.21763530E-02  3.11255455E-04

   3   rms: 0.6518E-01   max: -.3699E+00   D at   72  2
       a =  1.000      CL =  0.0991
      Cm =  0.0045     CD =  0.00583   =>   CDf =  0.00403    CDp =  0.00180

 Side 1  free  transition at x/c =  0.7401   63
 Side 2  free  transition at x/c =  0.9415   74

   4   rms: 0.5480E-01   max: 0.3010E+00   T at   74  2
       a =  1.000      CL =  0.1403
      Cm = -0.0044     CD =  0.00592   =>   CDf =  0.00397    CDp =  0.00195

 Side 1  free  transition at x/c =  0.7318   64
 Side 2  free  transition at x/c =  0.9132   71
 idif Ue xi dudx           1  0.22776288      2.20227242E-03   103.42175    
 Uenew xinew           2  3.36577147E-02  3.25441360E-04

   5   rms: 0.5079E-01   max: -.3696E+00   D at   72  2
       a =  1.000      CL =  0.0976
      Cm =  0.0048     CD =  0.00585   =>   CDf =  0.00404    CDp =  0.00181

 Side 1  free  transition at x/c =  0.7412   63
 Side 2  free  transition at x/c =  0.9409   74

   6   rms: 0.5293E-01   max: 0.2827E+00   T at   74  2
       a =  1.000      CL =  0.1381
      Cm = -0.0040     CD =  0.00592   =>   CDf =  0.00396    CDp =  0.00196

 Side 1  free  transition at x/c =  0.7323   64
 Side 2  free  transition at x/c =  0.9140   71
 idif Ue xi dudx           1  0.22763076      2.20096111E-03   103.42335    
 Uenew xinew           2  3.35226171E-02  3.24130058E-04

   7   rms: 0.4868E-01   max: -.3594E+00   D at   72  2
       a =  1.000      CL =  0.0977
      Cm =  0.0048     CD =  0.00586   =>   CDf =  0.00404    CDp =  0.00182

 Side 1  free  transition at x/c =  0.7414   63
 Side 2  free  transition at x/c =  0.9413   74

   8   rms: 0.5566E-01   max: 0.2970E+00   T at   74  2
       a =  1.000      CL =  0.1402
      Cm = -0.0044     CD =  0.00592   =>   CDf =  0.00396    CDp =  0.00196

 Side 1  free  transition at x/c =  0.7316   64
 Side 2  free  transition at x/c =  0.9133   71
 idif Ue xi dudx           1  0.22772214      2.20191479E-03   103.42005    
 Uenew xinew           2  3.36201750E-02  3.25083733E-04

   9   rms: 0.5080E-01   max: -.3679E+00   D at   72  2
       a =  1.000      CL =  0.0976
      Cm =  0.0048     CD =  0.00585   =>   CDf =  0.00404    CDp =  0.00181

 Side 1  free  transition at x/c =  0.7412   63
 Side 2  free  transition at x/c =  0.9410   74

  10   rms: 0.5321E-01   max: 0.2843E+00   T at   74  2
       a =  1.000      CL =  0.1384
      Cm = -0.0040     CD =  0.00592   =>   CDf =  0.00396    CDp =  0.00196

 Side 1  free  transition at x/c =  0.7322   64
 Side 2  free  transition at x/c =  0.9139   71
 idif Ue xi dudx           1  0.22763786      2.20108032E-03   103.42097    
 Uenew xinew           2  3.35341729E-02  3.24249268E-04

  11   rms: 0.4889E-01   max: -.3604E+00   D at   72  2
       a =  1.000      CL =  0.0977
      Cm =  0.0048     CD =  0.00586   =>   CDf =  0.00404    CDp =  0.00182

 Side 1  free  transition at x/c =  0.7414   63
 Side 2  free  transition at x/c =  0.9412   74

  12   rms: 0.5533E-01   max: 0.2953E+00   T at   74  2
       a =  1.000      CL =  0.1400
      Cm = -0.0044     CD =  0.00592   =>   CDf =  0.00396    CDp =  0.00196

 Side 1  free  transition at x/c =  0.7317   64
 Side 2  free  transition at x/c =  0.9134   71
 idif Ue xi dudx           1  0.22770776      2.20179558E-03   103.41912    
 Uenew xinew           2  3.36075462E-02  3.24964523E-04

  13   rms: 0.5054E-01   max: -.3669E+00   D at   72  2
       a =  1.000      CL =  0.0977
      Cm =  0.0048     CD =  0.00585   =>   CDf =  0.00404    CDp =  0.00181

 Side 1  free  transition at x/c =  0.7412   63
 Side 2  free  transition at x/c =  0.9410   74

  14   rms: 0.5345E-01   max: 0.2856E+00   T at   74  2
       a =  1.000      CL =  0.1385
      Cm = -0.0041     CD =  0.00592   =>   CDf =  0.00396    CDp =  0.00196

 Side 1  free  transition at x/c =  0.7322   64
 Side 2  free  transition at x/c =  0.9139   71
 idif Ue xi dudx           1  0.22764349      2.20108032E-03   103.42353    
 Uenew xinew           2  3.35350037E-02  3.24249268E-04

  15   rms: 0.4908E-01   max: -.3612E+00   D at   72  2
       a =  1.000      CL =  0.0977
      Cm =  0.0048     CD =  0.00586   =>   CDf =  0.00404    CDp =  0.00182

 Side 1  free  transition at x/c =  0.7413   63
 Side 2  free  transition at x/c =  0.9412   74

  16   rms: 0.5509E-01   max: 0.2941E+00   T at   74  2
       a =  1.000      CL =  0.1398
      Cm = -0.0043     CD =  0.00592   =>   CDf =  0.00396    CDp =  0.00196

 Side 1  free  transition at x/c =  0.7317   64
 Side 2  free  transition at x/c =  0.9135   71
 idif Ue xi dudx           1  0.22769840      2.20167637E-03   103.42047    
 Uenew xinew           2  3.35956551E-02  3.24845314E-04

  17   rms: 0.5035E-01   max: -.3662E+00   D at   72  2
       a =  1.000      CL =  0.0977
      Cm =  0.0048     CD =  0.00585   =>   CDf =  0.00404    CDp =  0.00181

 Side 1  free  transition at x/c =  0.7412   63
 Side 2  free  transition at x/c =  0.9410   74

  18   rms: 0.5365E-01   max: 0.2866E+00   T at   74  2
       a =  1.000      CL =  0.1387
      Cm = -0.0041     CD =  0.00592   =>   CDf =  0.00396    CDp =  0.00196

 Side 1  free  transition at x/c =  0.7321   64
 Side 2  free  transition at x/c =  0.9138   71
 idif Ue xi dudx           1  0.22764850      2.20119953E-03   103.42020    
 Uenew xinew           2  3.35462540E-02  3.24368477E-04

  19   rms: 0.4923E-01   max: -.3618E+00   D at   72  2
       a =  1.000      CL =  0.0977
      Cm =  0.0048     CD =  0.00586   =>   CDf =  0.00404    CDp =  0.00182

 Side 1  free  transition at x/c =  0.7413   63
 Side 2  free  transition at x/c =  0.9412   74

  20   rms: 0.5491E-01   max: 0.2931E+00   T at   74  2
       a =  1.000      CL =  0.1396
      Cm = -0.0043     CD =  0.00592   =>   CDf =  0.00396    CDp =  0.00196

 Side 1  free  transition at x/c =  0.7318   64
 Side 2  free  transition at x/c =  0.9135   71
 idif Ue xi dudx           1  0.22769085      2.20155716E-03   103.42264    
 Uenew xinew           2  3.35840322E-02  3.24726105E-04

  21   rms: 0.5021E-01   max: -.3656E+00   D at   72  2
       a =  1.000      CL =  0.0977
      Cm =  0.0048     CD =  0.00585   =>   CDf =  0.00404    CDp =  0.00181

 Side 1  free  transition at x/c =  0.7412   63
 Side 2  free  transition at x/c =  0.9410   74

  22   rms: 0.5380E-01   max: 0.2874E+00   T at   74  2
       a =  1.000      CL =  0.1388
      Cm = -0.0041     CD =  0.00592   =>   CDf =  0.00396    CDp =  0.00196

 Side 1  free  transition at x/c =  0.7321   64
 Side 2  free  transition at x/c =  0.9138   71
 idif Ue xi dudx           1  0.22765416      2.20119953E-03   103.42278    
 Uenew xinew           2  3.35470885E-02  3.24368477E-04

  23   rms: 0.4935E-01   max: -.3622E+00   D at   72  2
       a =  1.000      CL =  0.0977
      Cm =  0.0048     CD =  0.00586   =>   CDf =  0.00404    CDp =  0.00182

 Side 1  free  transition at x/c =  0.7413   63
 Side 2  free  transition at x/c =  0.9412   74

  24   rms: 0.5478E-01   max: 0.2925E+00   T at   74  2
       a =  1.000      CL =  0.1396
      Cm = -0.0043     CD =  0.00592   =>   CDf =  0.00396    CDp =  0.00196

 Side 1  free  transition at x/c =  0.7318   64
 Side 2  free  transition at x/c =  0.9135   71
 idif Ue xi dudx           1  0.22768641      2.20155716E-03   103.42062    
 Uenew xinew           2  3.35833728E-02  3.24726105E-04

  25   rms: 0.5011E-01   max: -.3652E+00   D at   72  2
       a =  1.000      CL =  0.0977
      Cm =  0.0048     CD =  0.00585   =>   CDf =  0.00404    CDp =  0.00181

 Side 1  free  transition at x/c =  0.7412   63
 Side 2  free  transition at x/c =  0.9411   74

  26   rms: 0.5391E-01   max: 0.2880E+00   T at   74  2
       a =  1.000      CL =  0.1389
      Cm = -0.0041     CD =  0.00592   =>   CDf =  0.00396    CDp =  0.00196

 Side 1  free  transition at x/c =  0.7320   64
 Side 2  free  transition at x/c =  0.9138   71
 idif Ue xi dudx           1  0.22765772      2.20131874E-03   103.41879    
 Uenew xinew           2  3.35581265E-02  3.24487686E-04

  27   rms: 0.4943E-01   max: -.3626E+00   D at   72  2
       a =  1.000      CL =  0.0977
      Cm =  0.0048     CD =  0.00586   =>   CDf =  0.00404    CDp =  0.00182

 Side 1  free  transition at x/c =  0.7413   63
 Side 2  free  transition at x/c =  0.9412   74

  28   rms: 0.5468E-01   max: 0.2920E+00   T at   74  2
       a =  1.000      CL =  0.1395
      Cm = -0.0043     CD =  0.00592   =>   CDf =  0.00396    CDp =  0.00196

 Side 1  free  transition at x/c =  0.7318   64
 Side 2  free  transition at x/c =  0.9136   71
 idif Ue xi dudx           1  0.22768304      2.20155716E-03   103.41909    
 Uenew xinew           2  3.35828774E-02  3.24726105E-04

  29   rms: 0.5003E-01   max: -.3649E+00   D at   72  2
       a =  1.000      CL =  0.0977
      Cm =  0.0048     CD =  0.00585   =>   CDf =  0.00404    CDp =  0.00181

 Side 1  free  transition at x/c =  0.7413   63
 Side 2  free  transition at x/c =  0.9411   74

  30   rms: 0.5400E-01   max: 0.2884E+00   T at   74  2
       a =  1.000      CL =  0.1390
      Cm = -0.0042     CD =  0.00592   =>   CDf =  0.00396    CDp =  0.00196

 Side 1  free  transition at x/c =  0.7320   64
 Side 2  free  transition at x/c =  0.9137   71
 idif Ue xi dudx           1  0.22765990      2.20131874E-03   103.41978    
 Uenew xinew           2  3.35584432E-02  3.24487686E-04

  31   rms: 0.4950E-01   max: -.3628E+00   D at   72  2
       a =  1.000      CL =  0.0977
      Cm =  0.0048     CD =  0.00586   =>   CDf =  0.00404    CDp =  0.00182

 Side 1  free  transition at x/c =  0.7413   63
 Side 2  free  transition at x/c =  0.9411   74

  32   rms: 0.5461E-01   max: 0.2916E+00   T at   74  2
       a =  1.000      CL =  0.1394
      Cm = -0.0043     CD =  0.00592   =>   CDf =  0.00396    CDp =  0.00196

 Side 1  free  transition at x/c =  0.7319   64
 Side 2  free  transition at x/c =  0.9136   71
 idif Ue xi dudx           1  0.22768027      2.20155716E-03   103.41783    
 Uenew xinew           2  3.35824713E-02  3.24726105E-04

  33   rms: 0.4997E-01   max: -.3647E+00   D at   72  2
       a =  1.000      CL =  0.0977
      Cm =  0.0048     CD =  0.00585   =>   CDf =  0.00404    CDp =  0.00181

 Side 1  free  transition at x/c =  0.7413   63
 Side 2  free  transition at x/c =  0.9411   74

  34   rms: 0.5406E-01   max: 0.2888E+00   T at   74  2
       a =  1.000      CL =  0.1390
      Cm = -0.0042     CD =  0.00592   =>   CDf =  0.00396    CDp =  0.00196

 Side 1  free  transition at x/c =  0.7320   64
 Side 2  free  transition at x/c =  0.9137   71
 idif Ue xi dudx           1  0.22766206      2.20131874E-03   103.42076    
 Uenew xinew           2  3.35587636E-02  3.24487686E-04

  35   rms: 0.4955E-01   max: -.3630E+00   D at   72  2
       a =  1.000      CL =  0.0977
      Cm =  0.0048     CD =  0.00586   =>   CDf =  0.00404    CDp =  0.00182

 Side 1  free  transition at x/c =  0.7413   63
 Side 2  free  transition at x/c =  0.9411   74

  36   rms: 0.5454E-01   max: 0.2913E+00   T at   74  2
       a =  1.000      CL =  0.1394
      Cm = -0.0042     CD =  0.00592   =>   CDf =  0.00396    CDp =  0.00196

 Side 1  free  transition at x/c =  0.7319   64
 Side 2  free  transition at x/c =  0.9136   71
 idif Ue xi dudx           1  0.22767723      2.20143795E-03   103.42205    
 Uenew xinew           2  3.35715115E-02  3.24606895E-04

  37   rms: 0.4992E-01   max: -.3645E+00   D at   72  2
       a =  1.000      CL =  0.0977
      Cm =  0.0048     CD =  0.00585   =>   CDf =  0.00404    CDp =  0.00182

 Side 1  free  transition at x/c =  0.7413   63
 Side 2  free  transition at x/c =  0.9411   74

  38   rms: 0.5411E-01   max: 0.2890E+00   T at   74  2
       a =  1.000      CL =  0.1390
      Cm = -0.0042     CD =  0.00592   =>   CDf =  0.00396    CDp =  0.00196

 Side 1  free  transition at x/c =  0.7320   64
 Side 2  free  transition at x/c =  0.9137   71
 idif Ue xi dudx           1  0.22766325      2.20131874E-03   103.42130    
 Uenew xinew           2  3.35589387E-02  3.24487686E-04

  39   rms: 0.4959E-01   max: -.3632E+00   D at   72  2
       a =  1.000      CL =  0.0977
      Cm =  0.0048     CD =  0.00585   =>   CDf =  0.00404    CDp =  0.00182

 Side 1  free  transition at x/c =  0.7413   63
 Side 2  free  transition at x/c =  0.9411   74

  40   rms: 0.5450E-01   max: 0.2910E+00   T at   74  2
       a =  1.000      CL =  0.1393
      Cm = -0.0042     CD =  0.00592   =>   CDf =  0.00396    CDp =  0.00196

 Side 1  free  transition at x/c =  0.7319   64
 Side 2  free  transition at x/c =  0.9136   71
 idif Ue xi dudx           1  0.22767581      2.20143795E-03   103.42141    
 Uenew xinew           2  3.35713029E-02  3.24606895E-04

  41   rms: 0.4988E-01   max: -.3644E+00   D at   72  2
       a =  1.000      CL =  0.0977
      Cm =  0.0048     CD =  0.00585   =>   CDf =  0.00404    CDp =  0.00182

 Side 1  free  transition at x/c =  0.7413   63
 Side 2  free  transition at x/c =  0.9411   74

  42   rms: 0.5416E-01   max: 0.2893E+00   T at   74  2
       a =  1.000      CL =  0.1391
      Cm = -0.0042     CD =  0.00592   =>   CDf =  0.00396    CDp =  0.00196

 Side 1  free  transition at x/c =  0.7320   64
 Side 2  free  transition at x/c =  0.9137   71
 idif Ue xi dudx           1  0.22766484      2.20131874E-03   103.42203    
 Uenew xinew           2  3.35591733E-02  3.24487686E-04

  43   rms: 0.4962E-01   max: -.3633E+00   D at   72  2
       a =  1.000      CL =  0.0977
      Cm =  0.0048     CD =  0.00585   =>   CDf =  0.00404    CDp =  0.00182

 Side 1  free  transition at x/c =  0.7413   63
 Side 2  free  transition at x/c =  0.9411   74

  44   rms: 0.5446E-01   max: 0.2908E+00   T at   74  2
       a =  1.000      CL =  0.1393
      Cm = -0.0042     CD =  0.00592   =>   CDf =  0.00396    CDp =  0.00196

 Side 1  free  transition at x/c =  0.7319   64
 Side 2  free  transition at x/c =  0.9136   71
 idif Ue xi dudx           1  0.22767447      2.20143795E-03   103.42080    
 Uenew xinew           2  3.35711055E-02  3.24606895E-04

  45   rms: 0.4986E-01   max: -.3642E+00   D at   72  2
       a =  1.000      CL =  0.0977
      Cm =  0.0048     CD =  0.00585   =>   CDf =  0.00404    CDp =  0.00182

 Side 1  free  transition at x/c =  0.7413   63
 Side 2  free  transition at x/c =  0.9411   74

  46   rms: 0.5419E-01   max: 0.2894E+00   T at   74  2
       a =  1.000      CL =  0.1391
      Cm = -0.0042     CD =  0.00592   =>   CDf =  0.00396    CDp =  0.00196

 Side 1  free  transition at x/c =  0.7320   64
 Side 2  free  transition at x/c =  0.9137   71
 idif Ue xi dudx           1  0.22766571      2.20131874E-03   103.42242    
 Uenew xinew           2  3.35593000E-02  3.24487686E-04

  47   rms: 0.4964E-01   max: -.3634E+00   D at   72  2
       a =  1.000      CL =  0.0977
      Cm =  0.0048     CD =  0.00585   =>   CDf =  0.00404    CDp =  0.00182

 Side 1  free  transition at x/c =  0.7413   63
 Side 2  free  transition at x/c =  0.9411   74

  48   rms: 0.5443E-01   max: 0.2907E+00   T at   74  2
       a =  1.000      CL =  0.1393
      Cm = -0.0042     CD =  0.00592   =>   CDf =  0.00396    CDp =  0.00196

 Side 1  free  transition at x/c =  0.7319   64
 Side 2  free  transition at x/c =  0.9136   71
 idif Ue xi dudx           1  0.22767399      2.20143795E-03   103.42058    
 Uenew xinew           2  3.35710309E-02  3.24606895E-04

  49   rms: 0.4983E-01   max: -.3641E+00   D at   72  2
       a =  1.000      CL =  0.0977
      Cm =  0.0048     CD =  0.00585   =>   CDf =  0.00404    CDp =  0.00182

 Side 1  free  transition at x/c =  0.7413   63
 Side 2  free  transition at x/c =  0.9411   74

  50   rms: 0.5422E-01   max: 0.2896E+00   T at   74  2
       a =  1.000      CL =  0.1391
      Cm = -0.0042     CD =  0.00592   =>   CDf =  0.00396    CDp =  0.00196

 Side 1  free  transition at x/c =  0.7320   64
 Side 2  free  transition at x/c =  0.9137   71
 idif Ue xi dudx           1  0.22766653      2.20131874E-03   103.42279    
 Uenew xinew           2  3.35594229E-02  3.24487686E-04

  51   rms: 0.4967E-01   max: -.3635E+00   D at   72  2
       a =  1.000      CL =  0.0977
      Cm =  0.0048     CD =  0.00585   =>   CDf =  0.00404    CDp =  0.00182

 Side 1  free  transition at x/c =  0.7413   63
 Side 2  free  transition at x/c =  0.9411   74

  52   rms: 0.5440E-01   max: 0.2905E+00   T at   74  2
       a =  1.000      CL =  0.1393
      Cm = -0.0042     CD =  0.00592   =>   CDf =  0.00396    CDp =  0.00196

 Side 1  free  transition at x/c =  0.7319   64
 Side 2  free  transition at x/c =  0.9136   71
 idif Ue xi dudx           1  0.22767286      2.20143795E-03   103.42007    
 Uenew xinew           2  3.35708670E-02  3.24606895E-04

  53   rms: 0.4981E-01   max: -.3641E+00   D at   72  2
       a =  1.000      CL =  0.0977
      Cm =  0.0048     CD =  0.00585   =>   CDf =  0.00404    CDp =  0.00182

 Side 1  free  transition at x/c =  0.7413   63
 Side 2  free  transition at x/c =  0.9411   74

  54   rms: 0.5425E-01   max: 0.2897E+00   T at   74  2
       a =  1.000      CL =  0.1391
      Cm = -0.0042     CD =  0.00592   =>   CDf =  0.00396    CDp =  0.00196

 Side 1  free  transition at x/c =  0.7320   64
 Side 2  free  transition at x/c =  0.9137   71
 idif Ue xi dudx           1  0.22766750      2.20131874E-03   103.42323    
 Uenew xinew           2  3.35595645E-02  3.24487686E-04

  55   rms: 0.4969E-01   max: -.3636E+00   D at   72  2
       a =  1.000      CL =  0.0977
      Cm =  0.0048     CD =  0.00585   =>   CDf =  0.00404    CDp =  0.00182

 Side 1  free  transition at x/c =  0.7413   63
 Side 2  free  transition at x/c =  0.9411   74

  56   rms: 0.5438E-01   max: 0.2904E+00   T at   74  2
       a =  1.000      CL =  0.1392
      Cm = -0.0042     CD =  0.00592   =>   CDf =  0.00396    CDp =  0.00196

 Side 1  free  transition at x/c =  0.7319   64
 Side 2  free  transition at x/c =  0.9136   71
 idif Ue xi dudx           1  0.22767207      2.20143795E-03   103.41971    
 Uenew xinew           2  3.35707515E-02  3.24606895E-04

  57   rms: 0.4979E-01   max: -.3640E+00   D at   72  2
       a =  1.000      CL =  0.0977
      Cm =  0.0048     CD =  0.00585   =>   CDf =  0.00404    CDp =  0.00182

 Side 1  free  transition at x/c =  0.7413   63
 Side 2  free  transition at x/c =  0.9411   74

  58   rms: 0.5426E-01   max: 0.2898E+00   T at   74  2
       a =  1.000      CL =  0.1392
      Cm = -0.0042     CD =  0.00592   =>   CDf =  0.00396    CDp =  0.00196

 Side 1  free  transition at x/c =  0.7320   64
 Side 2  free  transition at x/c =  0.9137   71
 idif Ue xi dudx           1  0.22766809      2.20131874E-03   103.42350    
 Uenew xinew           2  3.35596539E-02  3.24487686E-04

  59   rms: 0.4970E-01   max: -.3636E+00   D at   72  2
       a =  1.000      CL =  0.0977
      Cm =  0.0048     CD =  0.00585   =>   CDf =  0.00404    CDp =  0.00182

 Side 1  free  transition at x/c =  0.7413   63
 Side 2  free  transition at x/c =  0.9411   74

  60   rms: 0.5437E-01   max: 0.2904E+00   T at   74  2
       a =  1.000      CL =  0.1392
      Cm = -0.0042     CD =  0.00592   =>   CDf =  0.00396    CDp =  0.00196

 Side 1  free  transition at x/c =  0.7319   64
 Side 2  free  transition at x/c =  0.9136   71
 idif Ue xi dudx           1  0.22767159      2.20143795E-03   103.41949    
 Uenew xinew           2  3.35706808E-02  3.24606895E-04

  61   rms: 0.4979E-01   max: -.3640E+00   D at   72  2
       a =  1.000      CL =  0.0977
      Cm =  0.0048     CD =  0.00585   =>   CDf =  0.00404    CDp =  0.00182

 Side 1  free  transition at x/c =  0.7413   63
 Side 2  free  transition at x/c =  0.9411   74

  62   rms: 0.5426E-01   max: 0.2898E+00   T at   74  2
       a =  1.000      CL =  0.1392
      Cm = -0.0042     CD =  0.00592   =>   CDf =  0.00396    CDp =  0.00196

 Side 1  free  transition at x/c =  0.7320   64
 Side 2  free  transition at x/c =  0.9137   71
 idif Ue xi dudx           1  0.22766821      2.20131874E-03   103.42355    
 Uenew xinew           2  3.35596688E-02  3.24487686E-04

  63   rms: 0.4970E-01   max: -.3636E+00   D at   72  2
       a =  1.000      CL =  0.0977
      Cm =  0.0048     CD =  0.00585   =>   CDf =  0.00404    CDp =  0.00182

 Side 1  free  transition at x/c =  0.7413   63
 Side 2  free  transition at x/c =  0.9411   74

  64   rms: 0.5436E-01   max: 0.2903E+00   T at   74  2
       a =  1.000      CL =  0.1392
      Cm = -0.0042     CD =  0.00592   =>   CDf =  0.00396    CDp =  0.00196

 Side 1  free  transition at x/c =  0.7319   64
 Side 2  free  transition at x/c =  0.9136   71
 idif Ue xi dudx           1  0.22767153      2.20143795E-03   103.41946    
 Uenew xinew           2  3.35706696E-02  3.24606895E-04

  65   rms: 0.4978E-01   max: -.3640E+00   D at   72  2
       a =  1.000      CL =  0.0977
      Cm =  0.0048     CD =  0.00585   =>   CDf =  0.00404    CDp =  0.00182

 Side 1  free  transition at x/c =  0.7413   63
 Side 2  free  transition at x/c =  0.9411   74

  66   rms: 0.5427E-01   max: 0.2898E+00   T at   74  2
       a =  1.000      CL =  0.1392
      Cm = -0.0042     CD =  0.00592   =>   CDf =  0.00396    CDp =  0.00196

 Side 1  free  transition at x/c =  0.7320   64
 Side 2  free  transition at x/c =  0.9137   71
 idif Ue xi dudx           1  0.22766836      2.20131874E-03   103.42362    
 Uenew xinew           2  3.35596912E-02  3.24487686E-04

  67   rms: 0.4971E-01   max: -.3637E+00   D at   72  2
       a =  1.000      CL =  0.0977
      Cm =  0.0048     CD =  0.00585   =>   CDf =  0.00404    CDp =  0.00182

 Side 1  free  transition at x/c =  0.7413   63
 Side 2  free  transition at x/c =  0.9411   74

  68   rms: 0.5435E-01   max: 0.2903E+00   T at   74  2
       a =  1.000      CL =  0.1392
      Cm = -0.0042     CD =  0.00592   =>   CDf =  0.00396    CDp =  0.00196

 Side 1  free  transition at x/c =  0.7319   64
 Side 2  free  transition at x/c =  0.9137   71
 idif Ue xi dudx           1  0.22767107      2.20143795E-03   103.41926    
 Uenew xinew           2  3.35706025E-02  3.24606895E-04

  69   rms: 0.4978E-01   max: -.3639E+00   D at   72  2
       a =  1.000      CL =  0.0977
      Cm =  0.0048     CD =  0.00585   =>   CDf =  0.00404    CDp =  0.00182

 Side 1  free  transition at x/c =  0.7413   63
 Side 2  free  transition at x/c =  0.9411   74

  70   rms: 0.5427E-01   max: 0.2899E+00   T at   74  2
       a =  1.000      CL =  0.1392
      Cm = -0.0042     CD =  0.00592   =>   CDf =  0.00396    CDp =  0.00196

 Side 1  free  transition at x/c =  0.7319   64
 Side 2  free  transition at x/c =  0.9137   71
 idif Ue xi dudx           1  0.22766866      2.20143795E-03   103.41816    
 Uenew xinew           2  3.35702486E-02  3.24606895E-04

  71   rms: 0.4971E-01   max: -.3637E+00   D at   72  2
       a =  1.000      CL =  0.0977
      Cm =  0.0048     CD =  0.00585   =>   CDf =  0.00404    CDp =  0.00182

 Side 1  free  transition at x/c =  0.7413   63
 Side 2  free  transition at x/c =  0.9411   74

  72   rms: 0.5435E-01   max: 0.2903E+00   T at   74  2
       a =  1.000      CL =  0.1392
      Cm = -0.0042     CD =  0.00592   =>   CDf =  0.00396    CDp =  0.00196

 Side 1  free  transition at x/c =  0.7319   64
 Side 2  free  transition at x/c =  0.9137   71
 idif Ue xi dudx           1  0.22767104      2.20143795E-03   103.41924    
 Uenew xinew           2  3.35705988E-02  3.24606895E-04

  73   rms: 0.4977E-01   max: -.3639E+00   D at   72  2
       a =  1.000      CL =  0.0977
      Cm =  0.0048     CD =  0.00585   =>   CDf =  0.00404    CDp =  0.00182

 Side 1  free  transition at x/c =  0.7413   63
 Side 2  free  transition at x/c =  0.9411   74

  74   rms: 0.5428E-01   max: 0.2899E+00   T at   74  2
       a =  1.000      CL =  0.1392
      Cm = -0.0042     CD =  0.00592   =>   CDf =  0.00396    CDp =  0.00196

 Side 1  free  transition at x/c =  0.7319   64
 Side 2  free  transition at x/c =  0.9137   71
 idif Ue xi dudx           1  0.22766843      2.20143795E-03   103.41806    
 Uenew xinew           2  3.35702151E-02  3.24606895E-04

  75   rms: 0.4971E-01   max: -.3637E+00   D at   72  2
       a =  1.000      CL =  0.0977
      Cm =  0.0048     CD =  0.00585   =>   CDf =  0.00404    CDp =  0.00182

 Side 1  free  transition at x/c =  0.7413   63
 Side 2  free  transition at x/c =  0.9411   74

  76   rms: 0.5435E-01   max: 0.2903E+00   T at   74  2
       a =  1.000      CL =  0.1392
      Cm = -0.0042     CD =  0.00592   =>   CDf =  0.00396    CDp =  0.00196

 Side 1  free  transition at x/c =  0.7319   64
 Side 2  free  transition at x/c =  0.9137   71
 idif Ue xi dudx           1  0.22767083      2.20143795E-03   103.41914    
 Uenew xinew           2  3.35705690E-02  3.24606895E-04

  77   rms: 0.4977E-01   max: -.3639E+00   D at   72  2
       a =  1.000      CL =  0.0977
      Cm =  0.0048     CD =  0.00585   =>   CDf =  0.00404    CDp =  0.00182

 Side 1  free  transition at x/c =  0.7413   63
 Side 2  free  transition at x/c =  0.9411   74

  78   rms: 0.5428E-01   max: 0.2899E+00   T at   74  2
       a =  1.000      CL =  0.1392
      Cm = -0.0042     CD =  0.00592   =>   CDf =  0.00396    CDp =  0.00196

 Side 1  free  transition at x/c =  0.7319   64
 Side 2  free  transition at x/c =  0.9137   71
 idif Ue xi dudx           1  0.22766888      2.20143795E-03   103.41826    
 Uenew xinew           2  3.35702784E-02  3.24606895E-04

  79   rms: 0.4972E-01   max: -.3637E+00   D at   72  2
       a =  1.000      CL =  0.0977
      Cm =  0.0048     CD =  0.00585   =>   CDf =  0.00404    CDp =  0.00182

 Side 1  free  transition at x/c =  0.7413   63
 Side 2  free  transition at x/c =  0.9411   74

  80   rms: 0.5434E-01   max: 0.2902E+00   T at   74  2
       a =  1.000      CL =  0.1392
      Cm = -0.0042     CD =  0.00592   =>   CDf =  0.00396    CDp =  0.00196

 Side 1  free  transition at x/c =  0.7319   64
 Side 2  free  transition at x/c =  0.9137   71
 idif Ue xi dudx           1  0.22767071      2.20143795E-03   103.41909    
 Uenew xinew           2  3.35705504E-02  3.24606895E-04

  81   rms: 0.4977E-01   max: -.3639E+00   D at   72  2
       a =  1.000      CL =  0.0977
      Cm =  0.0048     CD =  0.00585   =>   CDf =  0.00404    CDp =  0.00182

 Side 1  free  transition at x/c =  0.7413   63
 Side 2  free  transition at x/c =  0.9411   74

  82   rms: 0.5429E-01   max: 0.2899E+00   T at   74  2
       a =  1.000      CL =  0.1392
      Cm = -0.0042     CD =  0.00592   =>   CDf =  0.00396    CDp =  0.00196

 Side 1  free  transition at x/c =  0.7319   64
 Side 2  free  transition at x/c =  0.9137   71
 idif Ue xi dudx           1  0.22766921      2.20143795E-03   103.41841    
 Uenew xinew           2  3.35703306E-02  3.24606895E-04

  83   rms: 0.4972E-01   max: -.3637E+00   D at   72  2
       a =  1.000      CL =  0.0977
      Cm =  0.0048     CD =  0.00585   =>   CDf =  0.00404    CDp =  0.00182

 Side 1  free  transition at x/c =  0.7413   63
 Side 2  free  transition at x/c =  0.9411   74

  84   rms: 0.5434E-01   max: 0.2902E+00   T at   74  2
       a =  1.000      CL =  0.1392
      Cm = -0.0042     CD =  0.00592   =>   CDf =  0.00396    CDp =  0.00196

 Side 1  free  transition at x/c =  0.7319   64
 Side 2  free  transition at x/c =  0.9137   71
 idif Ue xi dudx           1  0.22767057      2.20143795E-03   103.41902    
 Uenew xinew           2  3.35705280E-02  3.24606895E-04

  85   rms: 0.4976E-01   max: -.3639E+00   D at   72  2
       a =  1.000      CL =  0.0977
      Cm =  0.0048     CD =  0.00585   =>   CDf =  0.00404    CDp =  0.00182

 Side 1  free  transition at x/c =  0.7413   63
 Side 2  free  transition at x/c =  0.9411   74

  86   rms: 0.5429E-01   max: 0.2899E+00   T at   74  2
       a =  1.000      CL =  0.1392
      Cm = -0.0042     CD =  0.00592   =>   CDf =  0.00396    CDp =  0.00196

 Side 1  free  transition at x/c =  0.7319   64
 Side 2  free  transition at x/c =  0.9137   71
 idif Ue xi dudx           1  0.22766918      2.20143795E-03   103.41840    
 Uenew xinew           2  3.35703231E-02  3.24606895E-04

  87   rms: 0.4972E-01   max: -.3637E+00   D at   72  2
       a =  1.000      CL =  0.0977
      Cm =  0.0048     CD =  0.00585   =>   CDf =  0.00404    CDp =  0.00182

 Side 1  free  transition at x/c =  0.7413   63
 Side 2  free  transition at x/c =  0.9411   74

  88   rms: 0.5434E-01   max: 0.2902E+00   T at   74  2
       a =  1.000      CL =  0.1392
      Cm = -0.0042     CD =  0.00592   =>   CDf =  0.00396    CDp =  0.00196

 Side 1  free  transition at x/c =  0.7319   64
 Side 2  free  transition at x/c =  0.9137   71
 idif Ue xi dudx           1  0.22767076      2.20143795E-03   103.41911    
 Uenew xinew           2  3.35705578E-02  3.24606895E-04

  89   rms: 0.4976E-01   max: -.3639E+00   D at   72  2
       a =  1.000      CL =  0.0977
      Cm =  0.0048     CD =  0.00585   =>   CDf =  0.00404    CDp =  0.00182

 Side 1  free  transition at x/c =  0.7413   63
 Side 2  free  transition at x/c =  0.9411   74

  90   rms: 0.5429E-01   max: 0.2899E+00   T at   74  2
       a =  1.000      CL =  0.1392
      Cm = -0.0042     CD =  0.00592   =>   CDf =  0.00396    CDp =  0.00196

 Side 1  free  transition at x/c =  0.7319   64
 Side 2  free  transition at x/c =  0.9137   71
 idif Ue xi dudx           1  0.22766954      2.20143795E-03   103.41856    
 Uenew xinew           2  3.35703753E-02  3.24606895E-04

  91   rms: 0.4972E-01   max: -.3637E+00   D at   72  2
       a =  1.000      CL =  0.0977
      Cm =  0.0048     CD =  0.00585   =>   CDf =  0.00404    CDp =  0.00182

 Side 1  free  transition at x/c =  0.7413   63
 Side 2  free  transition at x/c =  0.9411   74

  92   rms: 0.5434E-01   max: 0.2902E+00   T at   74  2
       a =  1.000      CL =  0.1392
      Cm = -0.0042     CD =  0.00592   =>   CDf =  0.00396    CDp =  0.00196

 Side 1  free  transition at x/c =  0.7319   64
 Side 2  free  transition at x/c =  0.9137   71
 idif Ue xi dudx           1  0.22767073      2.20143795E-03   103.41910    
 Uenew xinew           2  3.35705541E-02  3.24606895E-04

  93   rms: 0.4977E-01   max: -.3639E+00   D at   72  2
       a =  1.000      CL =  0.0977
      Cm =  0.0048     CD =  0.00585   =>   CDf =  0.00404    CDp =  0.00182

 Side 1  free  transition at x/c =  0.7413   63
 Side 2  free  transition at x/c =  0.9411   74

  94   rms: 0.5429E-01   max: 0.2899E+00   T at   74  2
       a =  1.000      CL =  0.1392
      Cm = -0.0042     CD =  0.00592   =>   CDf =  0.00396    CDp =  0.00196

 Side 1  free  transition at x/c =  0.7319   64
 Side 2  free  transition at x/c =  0.9137   71
 idif Ue xi dudx           1  0.22766936      2.20143795E-03   103.41848    
 Uenew xinew           2  3.35703529E-02  3.24606895E-04

  95   rms: 0.4972E-01   max: -.3637E+00   D at   72  2
       a =  1.000      CL =  0.0977
      Cm =  0.0048     CD =  0.00585   =>   CDf =  0.00404    CDp =  0.00182

 Side 1  free  transition at x/c =  0.7413   63
 Side 2  free  transition at x/c =  0.9411   74

  96   rms: 0.5434E-01   max: 0.2902E+00   T at   74  2
       a =  1.000      CL =  0.1392
      Cm = -0.0042     CD =  0.00592   =>   CDf =  0.00396    CDp =  0.00196

 Side 1  free  transition at x/c =  0.7319   64
 Side 2  free  transition at x/c =  0.9137   71
 idif Ue xi dudx           1  0.22767083      2.20143795E-03   103.41914    
 Uenew xinew           2  3.35705690E-02  3.24606895E-04

  97   rms: 0.4977E-01   max: -.3639E+00   D at   72  2
       a =  1.000      CL =  0.0977
      Cm =  0.0048     CD =  0.00585   =>   CDf =  0.00404    CDp =  0.00182

 Side 1  free  transition at x/c =  0.7413   63
 Side 2  free  transition at x/c =  0.9411   74

  98   rms: 0.5428E-01   max: 0.2899E+00   T at   74  2
       a =  1.000      CL =  0.1392
      Cm = -0.0042     CD =  0.00592   =>   CDf =  0.00396    CDp =  0.00196

 Side 1  free  transition at x/c =  0.7319   64
 Side 2  free  transition at x/c =  0.9137   71
 idif Ue xi dudx           1  0.22766924      2.20143795E-03   103.41842    
 Uenew xinew           2  3.35703306E-02  3.24606895E-04

  99   rms: 0.4972E-01   max: -.3637E+00   D at   72  2
       a =  1.000      CL =  0.0977
      Cm =  0.0048     CD =  0.00585   =>   CDf =  0.00404    CDp =  0.00182

 Side 1  free  transition at x/c =  0.7413   63
 Side 2  free  transition at x/c =  0.9411   74

 100   rms: 0.5435E-01   max: 0.2903E+00   T at   74  2
       a =  1.000      CL =  0.1392
      Cm = -0.0042     CD =  0.00592   =>   CDf =  0.00396    CDp =  0.00196

 Side 1  free  transition at x/c =  0.7319   64
 Side 2  free  transition at x/c =  0.9137   71
 idif Ue xi dudx           1  0.22767104      2.20143795E-03   103.41924    
 Uenew xinew           2  3.35705988E-02  3.24606895E-04

 101   rms: 0.4977E-01   max: -.3639E+00   D at   72  2
       a =  1.000      CL =  0.0977
      Cm =  0.0048     CD =  0.00585   =>   CDf =  0.00404    CDp =  0.00182

 Side 1  free  transition at x/c =  0.7413   63
 Side 2  free  transition at x/c =  0.9411   74

 102   rms: 0.5428E-01   max: 0.2899E+00   T at   74  2
       a =  1.000      CL =  0.1392
      Cm = -0.0042     CD =  0.00592   =>   CDf =  0.00396    CDp =  0.00196

 Side 1  free  transition at x/c =  0.7319   64
 Side 2  free  transition at x/c =  0.9137   71
 idif Ue xi dudx           1  0.22766891      2.20143795E-03   103.41827    
 Uenew xinew           2  3.35702859E-02  3.24606895E-04

 103   rms: 0.4972E-01   max: -.3637E+00   D at   72  2
       a =  1.000      CL =  0.0977
      Cm =  0.0048     CD =  0.00585   =>   CDf =  0.00404    CDp =  0.00182

 Side 1  free  transition at x/c =  0.7413   63
 Side 2  free  transition at x/c =  0.9411   74

 104   rms: 0.5435E-01   max: 0.2902E+00   T at   74  2
       a =  1.000      CL =  0.1392
      Cm = -0.0042     CD =  0.00592   =>   CDf =  0.00396    CDp =  0.00196

 Side 1  free  transition at x/c =  0.7319   64
 Side 2  free  transition at x/c =  0.9137   71
 idif Ue xi dudx           1  0.22767080      2.20143795E-03   103.41914    
 Uenew xinew           2  3.35705653E-02  3.24606895E-04

 105   rms: 0.4977E-01   max: -.3639E+00   D at   72  2
       a =  1.000      CL =  0.0977
      Cm =  0.0048     CD =  0.00585   =>   CDf =  0.00404    CDp =  0.00182

 Side 1  free  transition at x/c =  0.7413   63
 Side 2  free  transition at x/c =  0.9411   74

 106   rms: 0.5428E-01   max: 0.2899E+00   T at   74  2
       a =  1.000      CL =  0.1392
      Cm = -0.0042     CD =  0.00592   =>   CDf =  0.00396    CDp =  0.00196

 Side 1  free  transition at x/c =  0.7319   64
 Side 2  free  transition at x/c =  0.9137   71
 idif Ue xi dudx           1  0.22766908      2.20143795E-03   103.41835    
 Uenew xinew           2  3.35703082E-02  3.24606895E-04

 107   rms: 0.4972E-01   max: -.3637E+00   D at   72  2
       a =  1.000      CL =  0.0977
      Cm =  0.0048     CD =  0.00585   =>   CDf =  0.00404    CDp =  0.00182

 Side 1  free  transition at x/c =  0.7413   63
 Side 2  free  transition at x/c =  0.9411   74

 108   rms: 0.5434E-01   max: 0.2902E+00   T at   74  2
       a =  1.000      CL =  0.1392
      Cm = -0.0042     CD =  0.00592   =>   CDf =  0.00396    CDp =  0.00196

 Side 1  free  transition at x/c =  0.7319   64
 Side 2  free  transition at x/c =  0.9137   71
 idif Ue xi dudx           1  0.22767095      2.20143795E-03   103.41920    
 Uenew xinew           2  3.35705839E-02  3.24606895E-04

 109   rms: 0.4977E-01   max: -.3639E+00   D at   72  2
       a =  1.000      CL =  0.0977
      Cm =  0.0048     CD =  0.00585   =>   CDf =  0.00404    CDp =  0.00182

 Side 1  free  transition at x/c =  0.7413   63
 Side 2  free  transition at x/c =  0.9411   74

 110   rms: 0.5429E-01   max: 0.2899E+00   T at   74  2
       a =  1.000      CL =  0.1392
      Cm = -0.0042     CD =  0.00592   =>   CDf =  0.00396    CDp =  0.00196

 Side 1  free  transition at x/c =  0.7319   64
 Side 2  free  transition at x/c =  0.9137   71
 idif Ue xi dudx           1  0.22766925      2.20143795E-03   103.41843    
 Uenew xinew           2  3.35703343E-02  3.24606895E-04

 111   rms: 0.4972E-01   max: -.3637E+00   D at   72  2
       a =  1.000      CL =  0.0977
      Cm =  0.0048     CD =  0.00585   =>   CDf =  0.00404    CDp =  0.00182

 Side 1  free  transition at x/c =  0.7413   63
 Side 2  free  transition at x/c =  0.9411   74

 112   rms: 0.5434E-01   max: 0.2902E+00   T at   74  2
       a =  1.000      CL =  0.1392
      Cm = -0.0042     CD =  0.00592   =>   CDf =  0.00396    CDp =  0.00196

 Side 1  free  transition at x/c =  0.7319   64
 Side 2  free  transition at x/c =  0.9137   71
 idif Ue xi dudx           1  0.22767060      2.20143795E-03   103.41904    
 Uenew xinew           2  3.35705318E-02  3.24606895E-04

 113   rms: 0.4976E-01   max: -.3639E+00   D at   72  2
       a =  1.000      CL =  0.0977
      Cm =  0.0048     CD =  0.00585   =>   CDf =  0.00404    CDp =  0.00182

 Side 1  free  transition at x/c =  0.7413   63
 Side 2  free  transition at x/c =  0.9411   74

 114   rms: 0.5430E-01   max: 0.2900E+00   T at   74  2
       a =  1.000      CL =  0.1392
      Cm = -0.0042     CD =  0.00592   =>   CDf =  0.00396    CDp =  0.00196

 Side 1  free  transition at x/c =  0.7319   64
 Side 2  free  transition at x/c =  0.9137   71
 idif Ue xi dudx           1  0.22766970      2.20143795E-03   103.41863    
 Uenew xinew           2  3.35704014E-02  3.24606895E-04

 115   rms: 0.4973E-01   max: -.3637E+00   D at   72  2
       a =  1.000      CL =  0.0977
      Cm =  0.0048     CD =  0.00585   =>   CDf =  0.00404    CDp =  0.00182

 Side 1  free  transition at x/c =  0.7413   63
 Side 2  free  transition at x/c =  0.9411   74

 116   rms: 0.5434E-01   max: 0.2902E+00   T at   74  2
       a =  1.000      CL =  0.1392
      Cm = -0.0042     CD =  0.00592   =>   CDf =  0.00396    CDp =  0.00196

 Side 1  free  transition at x/c =  0.7319   64
 Side 2  free  transition at x/c =  0.9137   71
 idif Ue xi dudx           1  0.22767067      2.20143795E-03   103.41908    
 Uenew xinew           2  3.35705467E-02  3.24606895E-04

 117   rms: 0.4976E-01   max: -.3639E+00   D at   72  2
       a =  1.000      CL =  0.0977
      Cm =  0.0048     CD =  0.00585   =>   CDf =  0.00404    CDp =  0.00182

 Side 1  free  transition at x/c =  0.7413   63
 Side 2  free  transition at x/c =  0.9411   74

 118   rms: 0.5429E-01   max: 0.2899E+00   T at   74  2
       a =  1.000      CL =  0.1392
      Cm = -0.0042     CD =  0.00592   =>   CDf =  0.00396    CDp =  0.00196

 Side 1  free  transition at x/c =  0.7319   64
 Side 2  free  transition at x/c =  0.9137   71
 idif Ue xi dudx           1  0.22766903      2.20143795E-03   103.41833    
 Uenew xinew           2  3.35703008E-02  3.24606895E-04

 119   rms: 0.4972E-01   max: -.3637E+00   D at   72  2
       a =  1.000      CL =  0.0977
      Cm =  0.0048     CD =  0.00585   =>   CDf =  0.00404    CDp =  0.00182

 Side 1  free  transition at x/c =  0.7413   63
 Side 2  free  transition at x/c =  0.9411   74

 120   rms: 0.5434E-01   max: 0.2902E+00   T at   74  2
       a =  1.000      CL =  0.1392
      Cm = -0.0042     CD =  0.00592   =>   CDf =  0.00396    CDp =  0.00196

 Side 1  free  transition at x/c =  0.7319   64
 Side 2  free  transition at x/c =  0.9137   71
 idif Ue xi dudx           1  0.22767054      2.20143795E-03   103.41901    
 Uenew xinew           2  3.35705243E-02  3.24606895E-04

 121   rms: 0.4976E-01   max: -.3639E+00   D at   72  2
       a =  1.000      CL =  0.0977
      Cm =  0.0048     CD =  0.00585   =>   CDf =  0.00404    CDp =  0.00182

 Side 1  free  transition at x/c =  0.7413   63
 Side 2  free  transition at x/c =  0.9411   74

 122   rms: 0.5429E-01   max: 0.2899E+00   T at   74  2
       a =  1.000      CL =  0.1392
      Cm = -0.0042     CD =  0.00592   =>   CDf =  0.00396    CDp =  0.00196

 Side 1  free  transition at x/c =  0.7319   64
 Side 2  free  transition at x/c =  0.9137   71
 idif Ue xi dudx           1  0.22766940      2.20143795E-03   103.41850    
 Uenew xinew           2  3.35703567E-02  3.24606895E-04

 123   rms: 0.4972E-01   max: -.3637E+00   D at   72  2
       a =  1.000      CL =  0.0977
      Cm =  0.0048     CD =  0.00585   =>   CDf =  0.00404    CDp =  0.00182

 Side 1  free  transition at x/c =  0.7413   63
 Side 2  free  transition at x/c =  0.9411   74

 124   rms: 0.5434E-01   max: 0.2902E+00   T at   74  2
       a =  1.000      CL =  0.1392
      Cm = -0.0042     CD =  0.00592   =>   CDf =  0.00396    CDp =  0.00196

 Side 1  free  transition at x/c =  0.7319   64
 Side 2  free  transition at x/c =  0.9137   71
 idif Ue xi dudx           1  0.22767079      2.20143795E-03   103.41913    
 Uenew xinew           2  3.35705616E-02  3.24606895E-04

 125   rms: 0.4977E-01   max: -.3639E+00   D at   72  2
       a =  1.000      CL =  0.0977
      Cm =  0.0048     CD =  0.00585   =>   CDf =  0.00404    CDp =  0.00182

 Side 1  free  transition at x/c =  0.7413   63
 Side 2  free  transition at x/c =  0.9411   74

 126   rms: 0.5429E-01   max: 0.2899E+00   T at   74  2
       a =  1.000      CL =  0.1392
      Cm = -0.0042     CD =  0.00592   =>   CDf =  0.00396    CDp =  0.00196

 Side 1  free  transition at x/c =  0.7319   64
 Side 2  free  transition at x/c =  0.9137   71
 idif Ue xi dudx           1  0.22766905      2.20143795E-03   103.41833    
 Uenew xinew           2  3.35703045E-02  3.24606895E-04

 127   rms: 0.4972E-01   max: -.3637E+00   D at   72  2
       a =  1.000      CL =  0.0977
      Cm =  0.0048     CD =  0.00585   =>   CDf =  0.00404    CDp =  0.00182

 Side 1  free  transition at x/c =  0.7413   63
 Side 2  free  transition at x/c =  0.9411   74

 128   rms: 0.5434E-01   max: 0.2902E+00   T at   74  2
       a =  1.000      CL =  0.1392
      Cm = -0.0042     CD =  0.00592   =>   CDf =  0.00396    CDp =  0.00196

 Side 1  free  transition at x/c =  0.7319   64
 Side 2  free  transition at x/c =  0.9137   71
 idif Ue xi dudx           1  0.22767054      2.20143795E-03   103.41901    
 Uenew xinew           2  3.35705243E-02  3.24606895E-04

 129   rms: 0.4976E-01   max: -.3639E+00   D at   72  2
       a =  1.000      CL =  0.0977
      Cm =  0.0048     CD =  0.00585   =>   CDf =  0.00404    CDp =  0.00182

 Side 1  free  transition at x/c =  0.7413   63
 Side 2  free  transition at x/c =  0.9411   74

 130   rms: 0.5429E-01   max: 0.2900E+00   T at   74  2
       a =  1.000      CL =  0.1392
      Cm = -0.0042     CD =  0.00592   =>   CDf =  0.00396    CDp =  0.00196

 Side 1  free  transition at x/c =  0.7319   64
 Side 2  free  transition at x/c =  0.9137   71
 idif Ue xi dudx           1  0.22766919      2.20143795E-03   103.41840    
 Uenew xinew           2  3.35703269E-02  3.24606895E-04

 131   rms: 0.4973E-01   max: -.3637E+00   D at   72  2
       a =  1.000      CL =  0.0977
      Cm =  0.0048     CD =  0.00585   =>   CDf =  0.00404    CDp =  0.00182

 Side 1  free  transition at x/c =  0.7413   63
 Side 2  free  transition at x/c =  0.9411   74

 132   rms: 0.5434E-01   max: 0.2902E+00   T at   74  2
       a =  1.000      CL =  0.1392
      Cm = -0.0042     CD =  0.00592   =>   CDf =  0.00396    CDp =  0.00196

 Side 1  free  transition at x/c =  0.7319   64
 Side 2  free  transition at x/c =  0.9137   71
 idif Ue xi dudx           1  0.22767051      2.20143795E-03   103.41900    
 Uenew xinew           2  3.35705206E-02  3.24606895E-04

 133   rms: 0.4976E-01   max: -.3639E+00   D at   72  2
       a =  1.000      CL =  0.0977
      Cm =  0.0048     CD =  0.00585   =>   CDf =  0.00404    CDp =  0.00182

 Side 1  free  transition at x/c =  0.7413   63
 Side 2  free  transition at x/c =  0.9411   74

 134   rms: 0.5429E-01   max: 0.2900E+00   T at   74  2
       a =  1.000      CL =  0.1392
      Cm = -0.0042     CD =  0.00592   =>   CDf =  0.00396    CDp =  0.00196

 Side 1  free  transition at x/c =  0.7319   64
 Side 2  free  transition at x/c =  0.9137   71
 idif Ue xi dudx           1  0.22766922      2.20143795E-03   103.41842    
 Uenew xinew           2  3.35703306E-02  3.24606895E-04

 135   rms: 0.4973E-01   max: -.3637E+00   D at   72  2
       a =  1.000      CL =  0.0977
      Cm =  0.0048     CD =  0.00585   =>   CDf =  0.00404    CDp =  0.00182

 Side 1  free  transition at x/c =  0.7413   63
 Side 2  free  transition at x/c =  0.9411   74

 136   rms: 0.5433E-01   max: 0.2902E+00   T at   74  2
       a =  1.000      CL =  0.1392
      Cm = -0.0042     CD =  0.00592   =>   CDf =  0.00396    CDp =  0.00196

 Side 1  free  transition at x/c =  0.7319   64
 Side 2  free  transition at x/c =  0.9137   71
 idif Ue xi dudx           1  0.22767027      2.20143795E-03   103.41889    
 Uenew xinew           2  3.35704871E-02  3.24606895E-04

 137   rms: 0.4976E-01   max: -.3639E+00   D at   72  2
       a =  1.000      CL =  0.0977
      Cm =  0.0048     CD =  0.00585   =>   CDf =  0.00404    CDp =  0.00182

 Side 1  free  transition at x/c =  0.7413   63
 Side 2  free  transition at x/c =  0.9411   74

 138   rms: 0.5430E-01   max: 0.2900E+00   T at   74  2
       a =  1.000      CL =  0.1392
      Cm = -0.0042     CD =  0.00592   =>   CDf =  0.00396    CDp =  0.00196

 Side 1  free  transition at x/c =  0.7319   64
 Side 2  free  transition at x/c =  0.9137   71
 idif Ue xi dudx           1  0.22766958      2.20143795E-03   103.41858    
 Uenew xinew           2  3.35703827E-02  3.24606895E-04

 139   rms: 0.4973E-01   max: -.3638E+00   D at   72  2
       a =  1.000      CL =  0.0977
      Cm =  0.0048     CD =  0.00585   =>   CDf =  0.00404    CDp =  0.00182

 Side 1  free  transition at x/c =  0.7413   63
 Side 2  free  transition at x/c =  0.9411   74

 140   rms: 0.5433E-01   max: 0.2901E+00   T at   74  2
       a =  1.000      CL =  0.1392
      Cm = -0.0042     CD =  0.00592   =>   CDf =  0.00396    CDp =  0.00196

 Side 1  free  transition at x/c =  0.7319   64
 Side 2  free  transition at x/c =  0.9137   71
 idif Ue xi dudx           1  0.22767015      2.20143795E-03   103.41884    
 Uenew xinew           2  3.35704684E-02  3.24606895E-04

 141   rms: 0.4975E-01   max: -.3638E+00   D at   72  2
       a =  1.000      CL =  0.0977
      Cm =  0.0048     CD =  0.00585   =>   CDf =  0.00404    CDp =  0.00182

 Side 1  free  transition at x/c =  0.7413   63
 Side 2  free  transition at x/c =  0.9411   74

 142   rms: 0.5430E-01   max: 0.2900E+00   T at   74  2
       a =  1.000      CL =  0.1392
      Cm = -0.0042     CD =  0.00592   =>   CDf =  0.00396    CDp =  0.00196

 Side 1  free  transition at x/c =  0.7319   64
 Side 2  free  transition at x/c =  0.9137   71
 idif Ue xi dudx           1  0.22766948      2.20143795E-03   103.41853    
 Uenew xinew           2  3.35703678E-02  3.24606895E-04

 143   rms: 0.4973E-01   max: -.3638E+00   D at   72  2
       a =  1.000      CL =  0.0977
      Cm =  0.0048     CD =  0.00585   =>   CDf =  0.00404    CDp =  0.00182

 Side 1  free  transition at x/c =  0.7413   63
 Side 2  free  transition at x/c =  0.9411   74

 144   rms: 0.5433E-01   max: 0.2902E+00   T at   74  2
       a =  1.000      CL =  0.1392
      Cm = -0.0042     CD =  0.00592   =>   CDf =  0.00396    CDp =  0.00196

 Side 1  free  transition at x/c =  0.7319   64
 Side 2  free  transition at x/c =  0.9137   71
 idif Ue xi dudx           1  0.22767031      2.20143795E-03   103.41891    
 Uenew xinew           2  3.35704908E-02  3.24606895E-04

 145   rms: 0.4976E-01   max: -.3639E+00   D at   72  2
       a =  1.000      CL =  0.0977
      Cm =  0.0048     CD =  0.00585   =>   CDf =  0.00404    CDp =  0.00182

 Side 1  free  transition at x/c =  0.7413   63
 Side 2  free  transition at x/c =  0.9411   74

 146   rms: 0.5430E-01   max: 0.2900E+00   T at   74  2
       a =  1.000      CL =  0.1392
      Cm = -0.0042     CD =  0.00592   =>   CDf =  0.00396    CDp =  0.00196

 Side 1  free  transition at x/c =  0.7319   64
 Side 2  free  transition at x/c =  0.9137   71
 idif Ue xi dudx           1  0.22766942      2.20143795E-03   103.41850    
 Uenew xinew           2  3.35703604E-02  3.24606895E-04

 147   rms: 0.4973E-01   max: -.3638E+00   D at   72  2
       a =  1.000      CL =  0.0977
      Cm =  0.0048     CD =  0.00585   =>   CDf =  0.00404    CDp =  0.00182

 Side 1  free  transition at x/c =  0.7413   63
 Side 2  free  transition at x/c =  0.9411   74

 148   rms: 0.5433E-01   max: 0.2902E+00   T at   74  2
       a =  1.000      CL =  0.1392
      Cm = -0.0042     CD =  0.00592   =>   CDf =  0.00396    CDp =  0.00196

 Side 1  free  transition at x/c =  0.7319   64
 Side 2  free  transition at x/c =  0.9137   71
 idif Ue xi dudx           1  0.22767019      2.20143795E-03   103.41885    
 Uenew xinew           2  3.35704722E-02  3.24606895E-04

 149   rms: 0.4975E-01   max: -.3638E+00   D at   72  2
       a =  1.000      CL =  0.0977
      Cm =  0.0048     CD =  0.00585   =>   CDf =  0.00404    CDp =  0.00182

 Side 1  free  transition at x/c =  0.7413   63
 Side 2  free  transition at x/c =  0.9411   74

 150   rms: 0.5430E-01   max: 0.2900E+00   T at   74  2
       a =  1.000      CL =  0.1392
      Cm = -0.0042     CD =  0.00592   =>   CDf =  0.00396    CDp =  0.00196

 Side 1  free  transition at x/c =  0.7319   64
 Side 2  free  transition at x/c =  0.9137   71
 idif Ue xi dudx           1  0.22766960      2.20143795E-03   103.41859    
 Uenew xinew           2  3.35703865E-02  3.24606895E-04

 151   rms: 0.4973E-01   max: -.3638E+00   D at   72  2
       a =  1.000      CL =  0.0977
      Cm =  0.0048     CD =  0.00585   =>   CDf =  0.00404    CDp =  0.00182

 Side 1  free  transition at x/c =  0.7413   63
 Side 2  free  transition at x/c =  0.9411   74

 152   rms: 0.5433E-01   max: 0.2902E+00   T at   74  2
       a =  1.000      CL =  0.1392
      Cm = -0.0042     CD =  0.00592   =>   CDf =  0.00396    CDp =  0.00196

 Side 1  free  transition at x/c =  0.7319   64
 Side 2  free  transition at x/c =  0.9137   71
 idif Ue xi dudx           1  0.22767028      2.20143795E-03   103.41890    
 Uenew xinew           2  3.35704871E-02  3.24606895E-04

 153   rms: 0.4976E-01   max: -.3639E+00   D at   72  2
       a =  1.000      CL =  0.0977
      Cm =  0.0048     CD =  0.00585   =>   CDf =  0.00404    CDp =  0.00182

 Side 1  free  transition at x/c =  0.7413   63
 Side 2  free  transition at x/c =  0.9411   74

 154   rms: 0.5430E-01   max: 0.2900E+00   T at   74  2
       a =  1.000      CL =  0.1392
      Cm = -0.0042     CD =  0.00592   =>   CDf =  0.00396    CDp =  0.00196

 Side 1  free  transition at x/c =  0.7319   64
 Side 2  free  transition at x/c =  0.9137   71
 idif Ue xi dudx           1  0.22766931      2.20143795E-03   103.41846    
 Uenew xinew           2  3.35703455E-02  3.24606895E-04

 155   rms: 0.4973E-01   max: -.3638E+00   D at   72  2
       a =  1.000      CL =  0.0977
      Cm =  0.0048     CD =  0.00585   =>   CDf =  0.00404    CDp =  0.00182

 Side 1  free  transition at x/c =  0.7413   63
 Side 2  free  transition at x/c =  0.9411   74

 156   rms: 0.5433E-01   max: 0.2902E+00   T at   74  2
       a =  1.000      CL =  0.1392
      Cm = -0.0042     CD =  0.00592   =>   CDf =  0.00396    CDp =  0.00196

 Side 1  free  transition at x/c =  0.7319   64
 Side 2  free  transition at x/c =  0.9137   71
 idif Ue xi dudx           1  0.22767046      2.20143795E-03   103.41898    
 Uenew xinew           2  3.35705131E-02  3.24606895E-04

 157   rms: 0.4976E-01   max: -.3638E+00   D at   72  2
       a =  1.000      CL =  0.0977
      Cm =  0.0048     CD =  0.00585   =>   CDf =  0.00404    CDp =  0.00182

 Side 1  free  transition at x/c =  0.7413   63
 Side 2  free  transition at x/c =  0.9411   74

 158   rms: 0.5430E-01   max: 0.2900E+00   T at   74  2
       a =  1.000      CL =  0.1392
      Cm = -0.0042     CD =  0.00592   =>   CDf =  0.00396    CDp =  0.00196

 Side 1  free  transition at x/c =  0.7319   64
 Side 2  free  transition at x/c =  0.9137   71
 idif Ue xi dudx           1  0.22766960      2.20143795E-03   103.41859    
 Uenew xinew           2  3.35703865E-02  3.24606895E-04

 159   rms: 0.4973E-01   max: -.3638E+00   D at   72  2
       a =  1.000      CL =  0.0977
      Cm =  0.0048     CD =  0.00585   =>   CDf =  0.00404    CDp =  0.00182

 Side 1  free  transition at x/c =  0.7413   63
 Side 2  free  transition at x/c =  0.9411   74

 160   rms: 0.5433E-01   max: 0.2902E+00   T at   74  2
       a =  1.000      CL =  0.1392
      Cm = -0.0042     CD =  0.00592   =>   CDf =  0.00396    CDp =  0.00196

 Side 1  free  transition at x/c =  0.7319   64
 Side 2  free  transition at x/c =  0.9137   71
 idif Ue xi dudx           1  0.22767018      2.20143795E-03   103.41885    
 Uenew xinew           2  3.35704722E-02  3.24606895E-04

 161   rms: 0.4975E-01   max: -.3638E+00   D at   72  2
       a =  1.000      CL =  0.0977
      Cm =  0.0048     CD =  0.00585   =>   CDf =  0.00404    CDp =  0.00182

 Side 1  free  transition at x/c =  0.7413   63
 Side 2  free  transition at x/c =  0.9411   74

 162   rms: 0.5430E-01   max: 0.2900E+00   T at   74  2
       a =  1.000      CL =  0.1392
      Cm = -0.0042     CD =  0.00592   =>   CDf =  0.00396    CDp =  0.00196

 Side 1  free  transition at x/c =  0.7319   64
 Side 2  free  transition at x/c =  0.9137   71
 idif Ue xi dudx           1  0.22766951      2.20143795E-03   103.41854    
 Uenew xinew           2  3.35703716E-02  3.24606895E-04

 163   rms: 0.4973E-01   max: -.3638E+00   D at   72  2
       a =  1.000      CL =  0.0977
      Cm =  0.0048     CD =  0.00585   =>   CDf =  0.00404    CDp =  0.00182

 Side 1  free  transition at x/c =  0.7413   63
 Side 2  free  transition at x/c =  0.9411   74

 164   rms: 0.5433E-01   max: 0.2902E+00   T at   74  2
       a =  1.000      CL =  0.1392
      Cm = -0.0042     CD =  0.00592   =>   CDf =  0.00396    CDp =  0.00196

 Side 1  free  transition at x/c =  0.7319   64
 Side 2  free  transition at x/c =  0.9137   71
 idif Ue xi dudx           1  0.22767027      2.20143795E-03   103.41889    
 Uenew xinew           2  3.35704871E-02  3.24606895E-04

 165   rms: 0.4976E-01   max: -.3638E+00   D at   72  2
       a =  1.000      CL =  0.0977
      Cm =  0.0048     CD =  0.00585   =>   CDf =  0.00404    CDp =  0.00182

 Side 1  free  transition at x/c =  0.7413   63
 Side 2  free  transition at x/c =  0.9411   74

 166   rms: 0.5430E-01   max: 0.2900E+00   T at   74  2
       a =  1.000      CL =  0.1392
      Cm = -0.0042     CD =  0.00592   =>   CDf =  0.00396    CDp =  0.00196

 Side 1  free  transition at x/c =  0.7319   64
 Side 2  free  transition at x/c =  0.9137   71
 idif Ue xi dudx           1  0.22766951      2.20143795E-03   103.41854    
 Uenew xinew           2  3.35703716E-02  3.24606895E-04

 167   rms: 0.4973E-01   max: -.3638E+00   D at   72  2
       a =  1.000      CL =  0.0977
      Cm =  0.0048     CD =  0.00585   =>   CDf =  0.00404    CDp =  0.00182

 Side 1  free  transition at x/c =  0.7413   63
 Side 2  free  transition at x/c =  0.9411   74

 168   rms: 0.5433E-01   max: 0.2902E+00   T at   74  2
       a =  1.000      CL =  0.1392
      Cm = -0.0042     CD =  0.00592   =>   CDf =  0.00396    CDp =  0.00196

 Side 1  free  transition at x/c =  0.7319   64
 Side 2  free  transition at x/c =  0.9137   71
 idif Ue xi dudx           1  0.22767040      2.20143795E-03   103.41895    
 Uenew xinew           2  3.35705057E-02  3.24606895E-04

 169   rms: 0.4976E-01   max: -.3639E+00   D at   72  2
       a =  1.000      CL =  0.0977
      Cm =  0.0048     CD =  0.00585   =>   CDf =  0.00404    CDp =  0.00182

 Side 1  free  transition at x/c =  0.7413   63
 Side 2  free  transition at x/c =  0.9411   74

 170   rms: 0.5429E-01   max: 0.2900E+00   T at   74  2
       a =  1.000      CL =  0.1392
      Cm = -0.0042     CD =  0.00592   =>   CDf =  0.00396    CDp =  0.00196

 Side 1  free  transition at x/c =  0.7319   64
 Side 2  free  transition at x/c =  0.9137   71
 idif Ue xi dudx           1  0.22766912      2.20143795E-03   103.41837    
 Uenew xinew           2  3.35703157E-02  3.24606895E-04

 171   rms: 0.4973E-01   max: -.3637E+00   D at   72  2
       a =  1.000      CL =  0.0977
      Cm =  0.0048     CD =  0.00585   =>   CDf =  0.00404    CDp =  0.00182

 Side 1  free  transition at x/c =  0.7413   63
 Side 2  free  transition at x/c =  0.9411   74

 172   rms: 0.5433E-01   max: 0.2902E+00   T at   74  2
       a =  1.000      CL =  0.1392
      Cm = -0.0042     CD =  0.00592   =>   CDf =  0.00396    CDp =  0.00196

 Side 1  free  transition at x/c =  0.7319   64
 Side 2  free  transition at x/c =  0.9137   71
 idif Ue xi dudx           1  0.22767048      2.20143795E-03   103.41898    
 Uenew xinew           2  3.35705169E-02  3.24606895E-04

 173   rms: 0.4976E-01   max: -.3639E+00   D at   72  2
       a =  1.000      CL =  0.0977
      Cm =  0.0048     CD =  0.00585   =>   CDf =  0.00404    CDp =  0.00182

 Side 1  free  transition at x/c =  0.7413   63
 Side 2  free  transition at x/c =  0.9411   74

 174   rms: 0.5429E-01   max: 0.2900E+00   T at   74  2
       a =  1.000      CL =  0.1392
      Cm = -0.0042     CD =  0.00592   =>   CDf =  0.00396    CDp =  0.00196

 Side 1  free  transition at x/c =  0.7319   64
 Side 2  free  transition at x/c =  0.9137   71
 idif Ue xi dudx           1  0.22766955      2.20143795E-03   103.41856    
 Uenew xinew           2  3.35703790E-02  3.24606895E-04

 175   rms: 0.4973E-01   max: -.3637E+00   D at   72  2
       a =  1.000      CL =  0.0977
      Cm =  0.0048     CD =  0.00585   =>   CDf =  0.00404    CDp =  0.00182

 Side 1  free  transition at x/c =  0.7413   63
 Side 2  free  transition at x/c =  0.9411   74

 176   rms: 0.5434E-01   max: 0.2902E+00   T at   74  2
       a =  1.000      CL =  0.1392
      Cm = -0.0042     CD =  0.00592   =>   CDf =  0.00396    CDp =  0.00196

 Side 1  free  transition at x/c =  0.7319   64
 Side 2  free  transition at x/c =  0.9137   71
 idif Ue xi dudx           1  0.22767049      2.20143795E-03   103.41899    
 Uenew xinew           2  3.35705169E-02  3.24606895E-04

 177   rms: 0.4976E-01   max: -.3639E+00   D at   72  2
       a =  1.000      CL =  0.0977
      Cm =  0.0048     CD =  0.00585   =>   CDf =  0.00404    CDp =  0.00182

 Side 1  free  transition at x/c =  0.7413   63
 Side 2  free  transition at x/c =  0.9411   74

 178   rms: 0.5430E-01   max: 0.2900E+00   T at   74  2
       a =  1.000      CL =  0.1392
      Cm = -0.0042     CD =  0.00592   =>   CDf =  0.00396    CDp =  0.00196

 Side 1  free  transition at x/c =  0.7319   64
 Side 2  free  transition at x/c =  0.9137   71
 idif Ue xi dudx           1  0.22766973      2.20143795E-03   103.41865    
 Uenew xinew           2  3.35704051E-02  3.24606895E-04

 179   rms: 0.4973E-01   max: -.3638E+00   D at   72  2
       a =  1.000      CL =  0.0977
      Cm =  0.0048     CD =  0.00585   =>   CDf =  0.00404    CDp =  0.00182

 Side 1  free  transition at x/c =  0.7413   63
 Side 2  free  transition at x/c =  0.9411   74

 180   rms: 0.5433E-01   max: 0.2902E+00   T at   74  2
       a =  1.000      CL =  0.1392
      Cm = -0.0042     CD =  0.00592   =>   CDf =  0.00396    CDp =  0.00196

 Side 1  free  transition at x/c =  0.7319   64
 Side 2  free  transition at x/c =  0.9137   71
 idif Ue xi dudx           1  0.22767046      2.20143795E-03   103.41898    
 Uenew xinew           2  3.35705131E-02  3.24606895E-04

 181   rms: 0.4976E-01   max: -.3639E+00   D at   72  2
       a =  1.000      CL =  0.0977
      Cm =  0.0048     CD =  0.00585   =>   CDf =  0.00404    CDp =  0.00182

 Side 1  free  transition at x/c =  0.7413   63
 Side 2  free  transition at x/c =  0.9411   74

 182   rms: 0.5430E-01   max: 0.2900E+00   T at   74  2
       a =  1.000      CL =  0.1392
      Cm = -0.0042     CD =  0.00592   =>   CDf =  0.00396    CDp =  0.00196

 Side 1  free  transition at x/c =  0.7319   64
 Side 2  free  transition at x/c =  0.9137   71
 idif Ue xi dudx           1  0.22766930      2.20143795E-03   103.41845    
 Uenew xinew           2  3.35703418E-02  3.24606895E-04

 183   rms: 0.4973E-01   max: -.3638E+00   D at   72  2
       a =  1.000      CL =  0.0977
      Cm =  0.0048     CD =  0.00585   =>   CDf =  0.00404    CDp =  0.00182

 Side 1  free  transition at x/c =  0.7413   63
 Side 2  free  transition at x/c =  0.9411   74

 184   rms: 0.5433E-01   max: 0.2902E+00   T at   74  2
       a =  1.000      CL =  0.1392
      Cm = -0.0042     CD =  0.00592   =>   CDf =  0.00396    CDp =  0.00196

 Side 1  free  transition at x/c =  0.7319   64
 Side 2  free  transition at x/c =  0.9137   71
 idif Ue xi dudx           1  0.22767042      2.20143795E-03   103.41896    
 Uenew xinew           2  3.35705094E-02  3.24606895E-04

 185   rms: 0.4976E-01   max: -.3639E+00   D at   72  2
       a =  1.000      CL =  0.0977
      Cm =  0.0048     CD =  0.00585   =>   CDf =  0.00404    CDp =  0.00182

 Side 1  free  transition at x/c =  0.7413   63
 Side 2  free  transition at x/c =  0.9411   74

 186   rms: 0.5429E-01   max: 0.2900E+00   T at   74  2
       a =  1.000      CL =  0.1392
      Cm = -0.0042     CD =  0.00592   =>   CDf =  0.00396    CDp =  0.00196

 Side 1  free  transition at x/c =  0.7319   64
 Side 2  free  transition at x/c =  0.9137   71
 idif Ue xi dudx           1  0.22766906      2.20143795E-03   103.41834    
 Uenew xinew           2  3.35703082E-02  3.24606895E-04

 187   rms: 0.4973E-01   max: -.3637E+00   D at   72  2
       a =  1.000      CL =  0.0977
      Cm =  0.0048     CD =  0.00585   =>   CDf =  0.00404    CDp =  0.00182

 Side 1  free  transition at x/c =  0.7413   63
 Side 2  free  transition at x/c =  0.9411   74

 188   rms: 0.5433E-01   max: 0.2902E+00   T at   74  2
       a =  1.000      CL =  0.1392
      Cm = -0.0042     CD =  0.00592   =>   CDf =  0.00396    CDp =  0.00196

 Side 1  free  transition at x/c =  0.7319   64
 Side 2  free  transition at x/c =  0.9137   71
 idif Ue xi dudx           1  0.22767057      2.20143795E-03   103.41902    
 Uenew xinew           2  3.35705280E-02  3.24606895E-04

 189   rms: 0.4976E-01   max: -.3639E+00   D at   72  2
       a =  1.000      CL =  0.0977
      Cm =  0.0048     CD =  0.00585   =>   CDf =  0.00404    CDp =  0.00182

 Side 1  free  transition at x/c =  0.7413   63
 Side 2  free  transition at x/c =  0.9411   74

 190   rms: 0.5430E-01   max: 0.2900E+00   T at   74  2
       a =  1.000      CL =  0.1392
      Cm = -0.0042     CD =  0.00592   =>   CDf =  0.00396    CDp =  0.00196

 Side 1  free  transition at x/c =  0.7319   64
 Side 2  free  transition at x/c =  0.9137   71
 idif Ue xi dudx           1  0.22766960      2.20143795E-03   103.41859    
 Uenew xinew           2  3.35703865E-02  3.24606895E-04

 191   rms: 0.4973E-01   max: -.3638E+00   D at   72  2
       a =  1.000      CL =  0.0977
      Cm =  0.0048     CD =  0.00585   =>   CDf =  0.00404    CDp =  0.00182

 Side 1  free  transition at x/c =  0.7413   63
 Side 2  free  transition at x/c =  0.9411   74

 192   rms: 0.5433E-01   max: 0.2902E+00   T at   74  2
       a =  1.000      CL =  0.1392
      Cm = -0.0042     CD =  0.00592   =>   CDf =  0.00396    CDp =  0.00196

 Side 1  free  transition at x/c =  0.7319   64
 Side 2  free  transition at x/c =  0.9137   71
 idif Ue xi dudx           1  0.22767051      2.20143795E-03   103.41900    
 Uenew xinew           2  3.35705206E-02  3.24606895E-04

 193   rms: 0.4976E-01   max: -.3639E+00   D at   72  2
       a =  1.000      CL =  0.0977
      Cm =  0.0048     CD =  0.00585   =>   CDf =  0.00404    CDp =  0.00182

 Side 1  free  transition at x/c =  0.7413   63
 Side 2  free  transition at x/c =  0.9411   74

 194   rms: 0.5430E-01   max: 0.2900E+00   T at   74  2
       a =  1.000      CL =  0.1392
      Cm = -0.0042     CD =  0.00592   =>   CDf =  0.00396    CDp =  0.00196

 Side 1  free  transition at x/c =  0.7319   64
 Side 2  free  transition at x/c =  0.9137   71
 idif Ue xi dudx           1  0.22766957      2.20143795E-03   103.41857    
 Uenew xinew           2  3.35703827E-02  3.24606895E-04

 195   rms: 0.4973E-01   max: -.3638E+00   D at   72  2
       a =  1.000      CL =  0.0977
      Cm =  0.0048     CD =  0.00585   =>   CDf =  0.00404    CDp =  0.00182

 Side 1  free  transition at x/c =  0.7413   63
 Side 2  free  transition at x/c =  0.9411   74

 196   rms: 0.5433E-01   max: 0.2901E+00   T at   74  2
       a =  1.000      CL =  0.1392
      Cm = -0.0042     CD =  0.00592   =>   CDf =  0.00396    CDp =  0.00196

 Side 1  free  transition at x/c =  0.7319   64
 Side 2  free  transition at x/c =  0.9137   71
 idif Ue xi dudx           1  0.22767015      2.20143795E-03   103.41884    
 Uenew xinew           2  3.35704684E-02  3.24606895E-04

 197   rms: 0.4975E-01   max: -.3638E+00   D at   72  2
       a =  1.000      CL =  0.0977
      Cm =  0.0048     CD =  0.00585   =>   CDf =  0.00404    CDp =  0.00182

 Side 1  free  transition at x/c =  0.7413   63
 Side 2  free  transition at x/c =  0.9411   74

 198   rms: 0.5430E-01   max: 0.2900E+00   T at   74  2
       a =  1.000      CL =  0.1392
      Cm = -0.0042     CD =  0.00592   =>   CDf =  0.00396    CDp =  0.00196

 Side 1  free  transition at x/c =  0.7319   64
 Side 2  free  transition at x/c =  0.9137   71
 idif Ue xi dudx           1  0.22766945      2.20143795E-03   103.41852    
 Uenew xinew           2  3.35703641E-02  3.24606895E-04

 199   rms: 0.4973E-01   max: -.3638E+00   D at   72  2
       a =  1.000      CL =  0.0977
      Cm =  0.0048     CD =  0.00585   =>   CDf =  0.00404    CDp =  0.00182

 Side 1  free  transition at x/c =  0.7413   63
 Side 2  free  transition at x/c =  0.9411   74

 200   rms: 0.5433E-01   max: 0.2902E+00   T at   74  2
       a =  1.000      CL =  0.1392
      Cm = -0.0042     CD =  0.00592   =>   CDf =  0.00396    CDp =  0.00196

 Side 1  free  transition at x/c =  0.7319   64
 Side 2  free  transition at x/c =  0.9137   71
 idif Ue xi dudx           1  0.22767042      2.20143795E-03   103.41896    
 Uenew xinew           2  3.35705094E-02  3.24606895E-04

 201   rms: 0.4976E-01   max: -.3639E+00   D at   72  2
       a =  1.000      CL =  0.0977
      Cm =  0.0048     CD =  0.00585   =>   CDf =  0.00404    CDp =  0.00182

 Side 1  free  transition at x/c =  0.7413   63
 Side 2  free  transition at x/c =  0.9411   74

 202   rms: 0.5430E-01   max: 0.2900E+00   T at   74  2
       a =  1.000      CL =  0.1392
      Cm = -0.0042     CD =  0.00592   =>   CDf =  0.00396    CDp =  0.00196

 Side 1  free  transition at x/c =  0.7319   64
 Side 2  free  transition at x/c =  0.9137   71
 idif Ue xi dudx           1  0.22766940      2.20143795E-03   103.41850    
 Uenew xinew           2  3.35703567E-02  3.24606895E-04

 203   rms: 0.4973E-01   max: -.3637E+00   D at   72  2
       a =  1.000      CL =  0.0977
      Cm =  0.0048     CD =  0.00585   =>   CDf =  0.00404    CDp =  0.00182

 Side 1  free  transition at x/c =  0.7413   63
 Side 2  free  transition at x/c =  0.9411   74

 204   rms: 0.5433E-01   max: 0.2902E+00   T at   74  2
       a =  1.000      CL =  0.1392
      Cm = -0.0042     CD =  0.00592   =>   CDf =  0.00396    CDp =  0.00196

 Side 1  free  transition at x/c =  0.7319   64
 Side 2  free  transition at x/c =  0.9137   71
 idif Ue xi dudx           1  0.22767058      2.20143795E-03   103.41903    
 Uenew xinew           2  3.35705318E-02  3.24606895E-04

 205   rms: 0.4976E-01   max: -.3639E+00   D at   72  2
       a =  1.000      CL =  0.0977
      Cm =  0.0048     CD =  0.00585   =>   CDf =  0.00404    CDp =  0.00182

 Side 1  free  transition at x/c =  0.7413   63
 Side 2  free  transition at x/c =  0.9411   74

 206   rms: 0.5430E-01   max: 0.2900E+00   T at   74  2
       a =  1.000      CL =  0.1392
      Cm = -0.0042     CD =  0.00592   =>   CDf =  0.00396    CDp =  0.00196

 Side 1  free  transition at x/c =  0.7319   64
 Side 2  free  transition at x/c =  0.9137   71
 idif Ue xi dudx           1  0.22766931      2.20143795E-03   103.41846    
 Uenew xinew           2  3.35703455E-02  3.24606895E-04

 207   rms: 0.4973E-01   max: -.3637E+00   D at   72  2
       a =  1.000      CL =  0.0977
      Cm =  0.0048     CD =  0.00585   =>   CDf =  0.00404    CDp =  0.00182

 Side 1  free  transition at x/c =  0.7413   63
 Side 2  free  transition at x/c =  0.9411   74

 208   rms: 0.5433E-01   max: 0.2902E+00   T at   74  2
       a =  1.000      CL =  0.1392
      Cm = -0.0042     CD =  0.00592   =>   CDf =  0.00396    CDp =  0.00196

 Side 1  free  transition at x/c =  0.7319   64
 Side 2  free  transition at x/c =  0.9137   71
 idif Ue xi dudx           1  0.22767025      2.20143795E-03   103.41888    
 Uenew xinew           2  3.35704833E-02  3.24606895E-04

 209   rms: 0.4976E-01   max: -.3639E+00   D at   72  2
       a =  1.000      CL =  0.0977
      Cm =  0.0048     CD =  0.00585   =>   CDf =  0.00404    CDp =  0.00182

 Side 1  free  transition at x/c =  0.7413   63
 Side 2  free  transition at x/c =  0.9411   74

 210   rms: 0.5429E-01   max: 0.2900E+00   T at   74  2
       a =  1.000      CL =  0.1392
      Cm = -0.0042     CD =  0.00592   =>   CDf =  0.00396    CDp =  0.00196

 Side 1  free  transition at x/c =  0.7319   64
 Side 2  free  transition at x/c =  0.9137   71
 idif Ue xi dudx           1  0.22766927      2.20143795E-03   103.41843    
 Uenew xinew           2  3.35703380E-02  3.24606895E-04

 211   rms: 0.4973E-01   max: -.3637E+00   D at   72  2
       a =  1.000      CL =  0.0977
      Cm =  0.0048     CD =  0.00585   =>   CDf =  0.00404    CDp =  0.00182

 Side 1  free  transition at x/c =  0.7413   63
 Side 2  free  transition at x/c =  0.9411   74

 212   rms: 0.5433E-01   max: 0.2902E+00   T at   74  2
       a =  1.000      CL =  0.1392
      Cm = -0.0042     CD =  0.00592   =>   CDf =  0.00396    CDp =  0.00196

 Side 1  free  transition at x/c =  0.7319   64
 Side 2  free  transition at x/c =  0.9137   71
 idif Ue xi dudx           1  0.22767037      2.20143795E-03   103.41894    
 Uenew xinew           2  3.35705020E-02  3.24606895E-04

 213   rms: 0.4976E-01   max: -.3639E+00   D at   72  2
       a =  1.000      CL =  0.0977
      Cm =  0.0048     CD =  0.00585   =>   CDf =  0.00404    CDp =  0.00182

 Side 1  free  transition at x/c =  0.7413   63
 Side 2  free  transition at x/c =  0.9411   74

 214   rms: 0.5430E-01   max: 0.2900E+00   T at   74  2
       a =  1.000      CL =  0.1392
      Cm = -0.0042     CD =  0.00592   =>   CDf =  0.00396    CDp =  0.00196

 Side 1  free  transition at x/c =  0.7319   64
 Side 2  free  transition at x/c =  0.9137   71
 idif Ue xi dudx           1  0.22766939      2.20143795E-03   103.41849    
 Uenew xinew           2  3.35703529E-02  3.24606895E-04

 215   rms: 0.4973E-01   max: -.3638E+00   D at   72  2
       a =  1.000      CL =  0.0977
      Cm =  0.0048     CD =  0.00585   =>   CDf =  0.00404    CDp =  0.00182

 Side 1  free  transition at x/c =  0.7413   63
 Side 2  free  transition at x/c =  0.9411   74

 216   rms: 0.5434E-01   max: 0.2902E+00   T at   74  2
       a =  1.000      CL =  0.1392
      Cm = -0.0042     CD =  0.00592   =>   CDf =  0.00396    CDp =  0.00196

 Side 1  free  transition at x/c =  0.7319   64
 Side 2  free  transition at x/c =  0.9137   71
 idif Ue xi dudx           1  0.22767043      2.20143795E-03   103.41896    
 Uenew xinew           2  3.35705094E-02  3.24606895E-04

 217   rms: 0.4976E-01   max: -.3639E+00   D at   72  2
       a =  1.000      CL =  0.0977
      Cm =  0.0048     CD =  0.00585   =>   CDf =  0.00404    CDp =  0.00182

 Side 1  free  transition at x/c =  0.7413   63
 Side 2  free  transition at x/c =  0.9411   74

 218   rms: 0.5430E-01   max: 0.2900E+00   T at   74  2
       a =  1.000      CL =  0.1392
      Cm = -0.0042     CD =  0.00592   =>   CDf =  0.00396    CDp =  0.00196

 Side 1  free  transition at x/c =  0.7319   64
 Side 2  free  transition at x/c =  0.9137   71
 idif Ue xi dudx           1  0.22766931      2.20143795E-03   103.41846    
 Uenew xinew           2  3.35703455E-02  3.24606895E-04

 219   rms: 0.4973E-01   max: -.3638E+00   D at   72  2
       a =  1.000      CL =  0.0977
      Cm =  0.0048     CD =  0.00585   =>   CDf =  0.00404    CDp =  0.00182

 Side 1  free  transition at x/c =  0.7413   63
 Side 2  free  transition at x/c =  0.9411   74

 220   rms: 0.5432E-01   max: 0.2901E+00   T at   74  2
       a =  1.000      CL =  0.1392
      Cm = -0.0042     CD =  0.00592   =>   CDf =  0.00396    CDp =  0.00196

 Side 1  free  transition at x/c =  0.7319   64
 Side 2  free  transition at x/c =  0.9137   71
 idif Ue xi dudx           1  0.22767019      2.20143795E-03   103.41885    
 Uenew xinew           2  3.35704722E-02  3.24606895E-04

 221   rms: 0.4975E-01   max: -.3638E+00   D at   72  2
       a =  1.000      CL =  0.0977
      Cm =  0.0048     CD =  0.00585   =>   CDf =  0.00404    CDp =  0.00182

 Side 1  free  transition at x/c =  0.7413   63
 Side 2  free  transition at x/c =  0.9411   74

 222   rms: 0.5430E-01   max: 0.2900E+00   T at   74  2
       a =  1.000      CL =  0.1392
      Cm = -0.0042     CD =  0.00592   =>   CDf =  0.00396    CDp =  0.00196

 Side 1  free  transition at x/c =  0.7319   64
 Side 2  free  transition at x/c =  0.9137   71
 idif Ue xi dudx           1  0.22766969      2.20143795E-03   103.41862    
 Uenew xinew           2  3.35703976E-02  3.24606895E-04

 223   rms: 0.4973E-01   max: -.3638E+00   D at   72  2
       a =  1.000      CL =  0.0977
      Cm =  0.0048     CD =  0.00585   =>   CDf =  0.00404    CDp =  0.00182

 Side 1  free  transition at x/c =  0.7413   63
 Side 2  free  transition at x/c =  0.9411   74

 224   rms: 0.5433E-01   max: 0.2902E+00   T at   74  2
       a =  1.000      CL =  0.1392
      Cm = -0.0042     CD =  0.00592   =>   CDf =  0.00396    CDp =  0.00196

 Side 1  free  transition at x/c =  0.7319   64
 Side 2  free  transition at x/c =  0.9137   71
 idif Ue xi dudx           1  0.22767042      2.20143795E-03   103.41896    
 Uenew xinew           2  3.35705094E-02  3.24606895E-04

 225   rms: 0.4976E-01   max: -.3639E+00   D at   72  2
       a =  1.000      CL =  0.0977
      Cm =  0.0048     CD =  0.00585   =>   CDf =  0.00404    CDp =  0.00182

 Side 1  free  transition at x/c =  0.7413   63
 Side 2  free  transition at x/c =  0.9411   74

 226   rms: 0.5429E-01   max: 0.2899E+00   T at   74  2
       a =  1.000      CL =  0.1392
      Cm = -0.0042     CD =  0.00592   =>   CDf =  0.00396    CDp =  0.00196

 Side 1  free  transition at x/c =  0.7319   64
 Side 2  free  transition at x/c =  0.9137   71
 idif Ue xi dudx           1  0.22766931      2.20143795E-03   103.41846    
 Uenew xinew           2  3.35703455E-02  3.24606895E-04

 227   rms: 0.4972E-01   max: -.3637E+00   D at   72  2
       a =  1.000      CL =  0.0977
      Cm =  0.0048     CD =  0.00585   =>   CDf =  0.00404    CDp =  0.00182

 Side 1  free  transition at x/c =  0.7413   63
 Side 2  free  transition at x/c =  0.9411   74

 228   rms: 0.5434E-01   max: 0.2902E+00   T at   74  2
       a =  1.000      CL =  0.1392
      Cm = -0.0042     CD =  0.00592   =>   CDf =  0.00396    CDp =  0.00196

 Side 1  free  transition at x/c =  0.7319   64
 Side 2  free  transition at x/c =  0.9137   71
 idif Ue xi dudx           1  0.22767065      2.20143795E-03   103.41907    
 Uenew xinew           2  3.35705429E-02  3.24606895E-04

 229   rms: 0.4976E-01   max: -.3639E+00   D at   72  2
       a =  1.000      CL =  0.0977
      Cm =  0.0048     CD =  0.00585   =>   CDf =  0.00404    CDp =  0.00182

 Side 1  free  transition at x/c =  0.7413   63
 Side 2  free  transition at x/c =  0.9411   74

 230   rms: 0.5429E-01   max: 0.2900E+00   T at   74  2
       a =  1.000      CL =  0.1392
      Cm = -0.0042     CD =  0.00592   =>   CDf =  0.00396    CDp =  0.00196

 Side 1  free  transition at x/c =  0.7319   64
 Side 2  free  transition at x/c =  0.9137   71
 idif Ue xi dudx           1  0.22766940      2.20143795E-03   103.41850    
 Uenew xinew           2  3.35703567E-02  3.24606895E-04

 231   rms: 0.4973E-01   max: -.3637E+00   D at   72  2
       a =  1.000      CL =  0.0977
      Cm =  0.0048     CD =  0.00585   =>   CDf =  0.00404    CDp =  0.00182

 Side 1  free  transition at x/c =  0.7413   63
 Side 2  free  transition at x/c =  0.9411   74

 232   rms: 0.5434E-01   max: 0.2902E+00   T at   74  2
       a =  1.000      CL =  0.1392
      Cm = -0.0042     CD =  0.00592   =>   CDf =  0.00396    CDp =  0.00196

 Side 1  free  transition at x/c =  0.7319   64
 Side 2  free  transition at x/c =  0.9137   71
 idif Ue xi dudx           1  0.22767043      2.20143795E-03   103.41896    
 Uenew xinew           2  3.35705094E-02  3.24606895E-04

 233   rms: 0.4976E-01   max: -.3639E+00   D at   72  2
       a =  1.000      CL =  0.0977
      Cm =  0.0048     CD =  0.00585   =>   CDf =  0.00404    CDp =  0.00182

 Side 1  free  transition at x/c =  0.7413   63
 Side 2  free  transition at x/c =  0.9411   74

 234   rms: 0.5429E-01   max: 0.2900E+00   T at   74  2
       a =  1.000      CL =  0.1392
      Cm = -0.0042     CD =  0.00592   =>   CDf =  0.00396    CDp =  0.00196

 Side 1  free  transition at x/c =  0.7319   64
 Side 2  free  transition at x/c =  0.9137   71
 idif Ue xi dudx           1  0.22766948      2.20143795E-03   103.41853    
 Uenew xinew           2  3.35703678E-02  3.24606895E-04

 235   rms: 0.4973E-01   max: -.3637E+00   D at   72  2
       a =  1.000      CL =  0.0977
      Cm =  0.0048     CD =  0.00585   =>   CDf =  0.00404    CDp =  0.00182

 Side 1  free  transition at x/c =  0.7413   63
 Side 2  free  transition at x/c =  0.9411   74

 236   rms: 0.5434E-01   max: 0.2902E+00   T at   74  2
       a =  1.000      CL =  0.1392
      Cm = -0.0042     CD =  0.00592   =>   CDf =  0.00396    CDp =  0.00196

 Side 1  free  transition at x/c =  0.7319   64
 Side 2  free  transition at x/c =  0.9137   71
 idif Ue xi dudx           1  0.22767094      2.20143795E-03   103.41920    
 Uenew xinew           2  3.35705839E-02  3.24606895E-04

 237   rms: 0.4976E-01   max: -.3639E+00   D at   72  2
       a =  1.000      CL =  0.0977
      Cm =  0.0048     CD =  0.00585   =>   CDf =  0.00404    CDp =  0.00182

 Side 1  free  transition at x/c =  0.7413   63
 Side 2  free  transition at x/c =  0.9411   74

 238   rms: 0.5430E-01   max: 0.2900E+00   T at   74  2
       a =  1.000      CL =  0.1392
      Cm = -0.0042     CD =  0.00592   =>   CDf =  0.00396    CDp =  0.00196

 Side 1  free  transition at x/c =  0.7319   64
 Side 2  free  transition at x/c =  0.9137   71
 idif Ue xi dudx           1  0.22766964      2.20143795E-03   103.41860    
 Uenew xinew           2  3.35703902E-02  3.24606895E-04

 239   rms: 0.4973E-01   max: -.3637E+00   D at   72  2
       a =  1.000      CL =  0.0977
      Cm =  0.0048     CD =  0.00585   =>   CDf =  0.00404    CDp =  0.00182

 Side 1  free  transition at x/c =  0.7413   63
 Side 2  free  transition at x/c =  0.9411   74

 240   rms: 0.5433E-01   max: 0.2902E+00   T at   74  2
       a =  1.000      CL =  0.1392
      Cm = -0.0042     CD =  0.00592   =>   CDf =  0.00396    CDp =  0.00196

 Side 1  free  transition at x/c =  0.7319   64
 Side 2  free  transition at x/c =  0.9137   71
 idif Ue xi dudx           1  0.22767049      2.20143795E-03   103.41899    
 Uenew xinew           2  3.35705169E-02  3.24606895E-04

 241   rms: 0.4976E-01   max: -.3639E+00   D at   72  2
       a =  1.000      CL =  0.0977
      Cm =  0.0048     CD =  0.00585   =>   CDf =  0.00404    CDp =  0.00182

 Side 1  free  transition at x/c =  0.7413   63
 Side 2  free  transition at x/c =  0.9411   74

 242   rms: 0.5430E-01   max: 0.2900E+00   T at   74  2
       a =  1.000      CL =  0.1392
      Cm = -0.0042     CD =  0.00592   =>   CDf =  0.00396    CDp =  0.00196

 Side 1  free  transition at x/c =  0.7319   64
 Side 2  free  transition at x/c =  0.9137   71
 idif Ue xi dudx           1  0.22766952      2.20143795E-03   103.41855    
 Uenew xinew           2  3.35703753E-02  3.24606895E-04

 243   rms: 0.4973E-01   max: -.3638E+00   D at   72  2
       a =  1.000      CL =  0.0977
      Cm =  0.0048     CD =  0.00585   =>   CDf =  0.00404    CDp =  0.00182

 Side 1  free  transition at x/c =  0.7413   63
 Side 2  free  transition at x/c =  0.9411   74

 244   rms: 0.5433E-01   max: 0.2902E+00   T at   74  2
       a =  1.000      CL =  0.1392
      Cm = -0.0042     CD =  0.00592   =>   CDf =  0.00396    CDp =  0.00196

 Side 1  free  transition at x/c =  0.7319   64
 Side 2  free  transition at x/c =  0.9137   71
 idif Ue xi dudx           1  0.22767039      2.20143795E-03   103.41895    
 Uenew xinew           2  3.35705020E-02  3.24606895E-04

 245   rms: 0.4976E-01   max: -.3639E+00   D at   72  2
       a =  1.000      CL =  0.0977
      Cm =  0.0048     CD =  0.00585   =>   CDf =  0.00404    CDp =  0.00182

 Side 1  free  transition at x/c =  0.7413   63
 Side 2  free  transition at x/c =  0.9411   74

 246   rms: 0.5430E-01   max: 0.2900E+00   T at   74  2
       a =  1.000      CL =  0.1392
      Cm = -0.0042     CD =  0.00592   =>   CDf =  0.00396    CDp =  0.00196

 Side 1  free  transition at x/c =  0.7319   64
 Side 2  free  transition at x/c =  0.9137   71
 idif Ue xi dudx           1  0.22766924      2.20143795E-03   103.41842    
 Uenew xinew           2  3.35703306E-02  3.24606895E-04

 247   rms: 0.4973E-01   max: -.3638E+00   D at   72  2
       a =  1.000      CL =  0.0977
      Cm =  0.0048     CD =  0.00585   =>   CDf =  0.00404    CDp =  0.00182

 Side 1  free  transition at x/c =  0.7413   63
 Side 2  free  transition at x/c =  0.9411   74

 248   rms: 0.5433E-01   max: 0.2902E+00   T at   74  2
       a =  1.000      CL =  0.1392
      Cm = -0.0042     CD =  0.00592   =>   CDf =  0.00396    CDp =  0.00196

 Side 1  free  transition at x/c =  0.7319   64
 Side 2  free  transition at x/c =  0.9137   71
 idif Ue xi dudx           1  0.22767046      2.20143795E-03   103.41898    
 Uenew xinew           2  3.35705131E-02  3.24606895E-04

 249   rms: 0.4976E-01   max: -.3639E+00   D at   72  2
       a =  1.000      CL =  0.0977
      Cm =  0.0048     CD =  0.00585   =>   CDf =  0.00404    CDp =  0.00182

 Side 1  free  transition at x/c =  0.7413   63
 Side 2  free  transition at x/c =  0.9411   74

 250   rms: 0.5429E-01   max: 0.2900E+00   T at   74  2
       a =  1.000      CL =  0.1392
      Cm = -0.0042     CD =  0.00592   =>   CDf =  0.00396    CDp =  0.00196

 Side 1  free  transition at x/c =  0.7319   64
 Side 2  free  transition at x/c =  0.9137   71
 idif Ue xi dudx           1  0.22766906      2.20143795E-03   103.41834    
 Uenew xinew           2  3.35703082E-02  3.24606895E-04

 251   rms: 0.4973E-01   max: -.3637E+00   D at   72  2
       a =  1.000      CL =  0.0977
      Cm =  0.0048     CD =  0.00585   =>   CDf =  0.00404    CDp =  0.00182

 Side 1  free  transition at x/c =  0.7413   63
 Side 2  free  transition at x/c =  0.9411   74

 252   rms: 0.5433E-01   max: 0.2901E+00   T at   74  2
       a =  1.000      CL =  0.1392
      Cm = -0.0042     CD =  0.00592   =>   CDf =  0.00396    CDp =  0.00196

 Side 1  free  transition at x/c =  0.7319   64
 Side 2  free  transition at x/c =  0.9137   71
 idif Ue xi dudx           1  0.22766994      2.20143795E-03   103.41874    
 Uenew xinew           2  3.35704349E-02  3.24606895E-04

 253   rms: 0.4975E-01   max: -.3638E+00   D at   72  2
       a =  1.000      CL =  0.0977
      Cm =  0.0048     CD =  0.00585   =>   CDf =  0.00404    CDp =  0.00182

 Side 1  free  transition at x/c =  0.7413   63
 Side 2  free  transition at x/c =  0.9411   74

 254   rms: 0.5430E-01   max: 0.2900E+00   T at   74  2
       a =  1.000      CL =  0.1392
      Cm = -0.0042     CD =  0.00592   =>   CDf =  0.00396    CDp =  0.00196

 Side 1  free  transition at x/c =  0.7319   64
 Side 2  free  transition at x/c =  0.9137   71
 idif Ue xi dudx           1  0.22766928      2.20143795E-03   103.41844    
 Uenew xinew           2  3.35703380E-02  3.24606895E-04

 255   rms: 0.4973E-01   max: -.3637E+00   D at   72  2
       a =  1.000      CL =  0.0977
      Cm =  0.0048     CD =  0.00585   =>   CDf =  0.00404    CDp =  0.00182

 Side 1  free  transition at x/c =  0.7413   63
 Side 2  free  transition at x/c =  0.9411   74

 256   rms: 0.5433E-01   max: 0.2902E+00   T at   74  2
       a =  1.000      CL =  0.1392
      Cm = -0.0042     CD =  0.00592   =>   CDf =  0.00396    CDp =  0.00196

 Side 1  free  transition at x/c =  0.7319   64
 Side 2  free  transition at x/c =  0.9137   71
 idif Ue xi dudx           1  0.22767037      2.20143795E-03   103.41894    
 Uenew xinew           2  3.35705020E-02  3.24606895E-04

 257   rms: 0.4976E-01   max: -.3639E+00   D at   72  2
       a =  1.000      CL =  0.0977
      Cm =  0.0048     CD =  0.00585   =>   CDf =  0.00404    CDp =  0.00182

 Side 1  free  transition at x/c =  0.7413   63
 Side 2  free  transition at x/c =  0.9411   74

 258   rms: 0.5430E-01   max: 0.2900E+00   T at   74  2
       a =  1.000      CL =  0.1392
      Cm = -0.0042     CD =  0.00592   =>   CDf =  0.00396    CDp =  0.00196

 Side 1  free  transition at x/c =  0.7319   64
 Side 2  free  transition at x/c =  0.9137   71
 idif Ue xi dudx           1  0.22766936      2.20143795E-03   103.41848    
 Uenew xinew           2  3.35703529E-02  3.24606895E-04

 259   rms: 0.4973E-01   max: -.3637E+00   D at   72  2
       a =  1.000      CL =  0.0977
      Cm =  0.0048     CD =  0.00585   =>   CDf =  0.00404    CDp =  0.00182

 Side 1  free  transition at x/c =  0.7413   63
 Side 2  free  transition at x/c =  0.9411   74

 260   rms: 0.5433E-01   max: 0.2902E+00   T at   74  2
       a =  1.000      CL =  0.1392
      Cm = -0.0042     CD =  0.00592   =>   CDf =  0.00396    CDp =  0.00196

 Side 1  free  transition at x/c =  0.7319   64
 Side 2  free  transition at x/c =  0.9137   71
 idif Ue xi dudx           1  0.22767040      2.20143795E-03   103.41895    
 Uenew xinew           2  3.35705057E-02  3.24606895E-04

 261   rms: 0.4976E-01   max: -.3639E+00   D at   72  2
       a =  1.000      CL =  0.0977
      Cm =  0.0048     CD =  0.00585   =>   CDf =  0.00404    CDp =  0.00182

 Side 1  free  transition at x/c =  0.7413   63
 Side 2  free  transition at x/c =  0.9411   74

 262   rms: 0.5430E-01   max: 0.2900E+00   T at   74  2
       a =  1.000      CL =  0.1392
      Cm = -0.0042     CD =  0.00592   =>   CDf =  0.00396    CDp =  0.00196

 Side 1  free  transition at x/c =  0.7319   64
 Side 2  free  transition at x/c =  0.9137   71
 idif Ue xi dudx           1  0.22766948      2.20143795E-03   103.41853    
 Uenew xinew           2  3.35703678E-02  3.24606895E-04

 263   rms: 0.4973E-01   max: -.3637E+00   D at   72  2
       a =  1.000      CL =  0.0977
      Cm =  0.0048     CD =  0.00585   =>   CDf =  0.00404    CDp =  0.00182

 Side 1  free  transition at x/c =  0.7413   63
 Side 2  free  transition at x/c =  0.9411   74

 264   rms: 0.5433E-01   max: 0.2902E+00   T at   74  2
       a =  1.000      CL =  0.1392
      Cm = -0.0042     CD =  0.00592   =>   CDf =  0.00396    CDp =  0.00196

 Side 1  free  transition at x/c =  0.7319   64
 Side 2  free  transition at x/c =  0.9137   71
 idif Ue xi dudx           1  0.22767031      2.20143795E-03   103.41891    
 Uenew xinew           2  3.35704908E-02  3.24606895E-04

 265   rms: 0.4976E-01   max: -.3639E+00   D at   72  2
       a =  1.000      CL =  0.0977
      Cm =  0.0048     CD =  0.00585   =>   CDf =  0.00404    CDp =  0.00182

 Side 1  free  transition at x/c =  0.7413   63
 Side 2  free  transition at x/c =  0.9411   74

 266   rms: 0.5429E-01   max: 0.2899E+00   T at   74  2
       a =  1.000      CL =  0.1392
      Cm = -0.0042     CD =  0.00592   =>   CDf =  0.00396    CDp =  0.00196

 Side 1  free  transition at x/c =  0.7319   64
 Side 2  free  transition at x/c =  0.9137   71
 idif Ue xi dudx           1  0.22766927      2.20143795E-03   103.41843    
 Uenew xinew           2  3.35703380E-02  3.24606895E-04

 267   rms: 0.4972E-01   max: -.3637E+00   D at   72  2
       a =  1.000      CL =  0.0977
      Cm =  0.0048     CD =  0.00585   =>   CDf =  0.00404    CDp =  0.00182

 Side 1  free  transition at x/c =  0.7413   63
 Side 2  free  transition at x/c =  0.9411   74

 268   rms: 0.5434E-01   max: 0.2902E+00   T at   74  2
       a =  1.000      CL =  0.1392
      Cm = -0.0042     CD =  0.00592   =>   CDf =  0.00396    CDp =  0.00196

 Side 1  free  transition at x/c =  0.7319   64
 Side 2  free  transition at x/c =  0.9137   71
 idif Ue xi dudx           1  0.22767058      2.20143795E-03   103.41903    
 Uenew xinew           2  3.35705318E-02  3.24606895E-04

 269   rms: 0.4976E-01   max: -.3639E+00   D at   72  2
       a =  1.000      CL =  0.0977
      Cm =  0.0048     CD =  0.00585   =>   CDf =  0.00404    CDp =  0.00182

 Side 1  free  transition at x/c =  0.7413   63
 Side 2  free  transition at x/c =  0.9411   74

 270   rms: 0.5429E-01   max: 0.2900E+00   T at   74  2
       a =  1.000      CL =  0.1392
      Cm = -0.0042     CD =  0.00592   =>   CDf =  0.00396    CDp =  0.00196

 Side 1  free  transition at x/c =  0.7319   64
 Side 2  free  transition at x/c =  0.9137   71
 idif Ue xi dudx           1  0.22766963      2.20143795E-03   103.41859    
 Uenew xinew           2  3.35703902E-02  3.24606895E-04

 271   rms: 0.4973E-01   max: -.3637E+00   D at   72  2
       a =  1.000      CL =  0.0977
      Cm =  0.0048     CD =  0.00585   =>   CDf =  0.00404    CDp =  0.00182

 Side 1  free  transition at x/c =  0.7413   63
 Side 2  free  transition at x/c =  0.9411   74

 272   rms: 0.5434E-01   max: 0.2902E+00   T at   74  2
       a =  1.000      CL =  0.1392
      Cm = -0.0042     CD =  0.00592   =>   CDf =  0.00396    CDp =  0.00196

 Side 1  free  transition at x/c =  0.7319   64
 Side 2  free  transition at x/c =  0.9137   71
 idif Ue xi dudx           1  0.22767049      2.20143795E-03   103.41899    
 Uenew xinew           2  3.35705169E-02  3.24606895E-04

 273   rms: 0.4976E-01   max: -.3639E+00   D at   72  2
       a =  1.000      CL =  0.0977
      Cm =  0.0048     CD =  0.00585   =>   CDf =  0.00404    CDp =  0.00182

 Side 1  free  transition at x/c =  0.7413   63
 Side 2  free  transition at x/c =  0.9411   74

 274   rms: 0.5428E-01   max: 0.2899E+00   T at   74  2
       a =  1.000      CL =  0.1392
      Cm = -0.0042     CD =  0.00592   =>   CDf =  0.00396    CDp =  0.00196

 Side 1  free  transition at x/c =  0.7319   64
 Side 2  free  transition at x/c =  0.9137   71
 idif Ue xi dudx           1  0.22766881      2.20143795E-03   103.41823    
 Uenew xinew           2  3.35702710E-02  3.24606895E-04

 275   rms: 0.4972E-01   max: -.3637E+00   D at   72  2
       a =  1.000      CL =  0.0977
      Cm =  0.0048     CD =  0.00585   =>   CDf =  0.00404    CDp =  0.00182

 Side 1  free  transition at x/c =  0.7413   63
 Side 2  free  transition at x/c =  0.9411   74

 276   rms: 0.5434E-01   max: 0.2902E+00   T at   74  2
       a =  1.000      CL =  0.1392
      Cm = -0.0042     CD =  0.00592   =>   CDf =  0.00396    CDp =  0.00196

 Side 1  free  transition at x/c =  0.7319   64
 Side 2  free  transition at x/c =  0.9137   71
 idif Ue xi dudx           1  0.22767091      2.20143795E-03   103.41918    
 Uenew xinew           2  3.35705802E-02  3.24606895E-04

 277   rms: 0.4976E-01   max: -.3639E+00   D at   72  2
       a =  1.000      CL =  0.0977
      Cm =  0.0048     CD =  0.00585   =>   CDf =  0.00404    CDp =  0.00182

 Side 1  free  transition at x/c =  0.7413   63
 Side 2  free  transition at x/c =  0.9411   74

 278   rms: 0.5428E-01   max: 0.2899E+00   T at   74  2
       a =  1.000      CL =  0.1392
      Cm = -0.0042     CD =  0.00592   =>   CDf =  0.00396    CDp =  0.00196

 Side 1  free  transition at x/c =  0.7319   64
 Side 2  free  transition at x/c =  0.9137   71
 idif Ue xi dudx           1  0.22766910      2.20143795E-03   103.41836    
 Uenew xinew           2  3.35703120E-02  3.24606895E-04

 279   rms: 0.4972E-01   max: -.3637E+00   D at   72  2
       a =  1.000      CL =  0.0977
      Cm =  0.0048     CD =  0.00585   =>   CDf =  0.00404    CDp =  0.00182

 Side 1  free  transition at x/c =  0.7413   63
 Side 2  free  transition at x/c =  0.9411   74

 280   rms: 0.5434E-01   max: 0.2902E+00   T at   74  2
       a =  1.000      CL =  0.1392
      Cm = -0.0042     CD =  0.00592   =>   CDf =  0.00396    CDp =  0.00196

 Side 1  free  transition at x/c =  0.7319   64
 Side 2  free  transition at x/c =  0.9137   71
 idif Ue xi dudx           1  0.22767098      2.20143795E-03   103.41921    
 Uenew xinew           2  3.35705876E-02  3.24606895E-04

 281   rms: 0.4977E-01   max: -.3639E+00   D at   72  2
       a =  1.000      CL =  0.0977
      Cm =  0.0048     CD =  0.00585   =>   CDf =  0.00404    CDp =  0.00182

 Side 1  free  transition at x/c =  0.7413   63
 Side 2  free  transition at x/c =  0.9411   74

 282   rms: 0.5429E-01   max: 0.2900E+00   T at   74  2
       a =  1.000      CL =  0.1392
      Cm = -0.0042     CD =  0.00592   =>   CDf =  0.00396    CDp =  0.00196

 Side 1  free  transition at x/c =  0.7319   64
 Side 2  free  transition at x/c =  0.9137   71
 idif Ue xi dudx           1  0.22766927      2.20143795E-03   103.41843    
 Uenew xinew           2  3.35703380E-02  3.24606895E-04

 283   rms: 0.4973E-01   max: -.3637E+00   D at   72  2
       a =  1.000      CL =  0.0977
      Cm =  0.0048     CD =  0.00585   =>   CDf =  0.00404    CDp =  0.00182

 Side 1  free  transition at x/c =  0.7413   63
 Side 2  free  transition at x/c =  0.9411   74

 284   rms: 0.5434E-01   max: 0.2902E+00   T at   74  2
       a =  1.000      CL =  0.1392
      Cm = -0.0042     CD =  0.00592   =>   CDf =  0.00396    CDp =  0.00196

 Side 1  free  transition at x/c =  0.7319   64
 Side 2  free  transition at x/c =  0.9137   71
 idif Ue xi dudx           1  0.22767062      2.20143795E-03   103.41905    
 Uenew xinew           2  3.35705392E-02  3.24606895E-04

 285   rms: 0.4976E-01   max: -.3639E+00   D at   72  2
       a =  1.000      CL =  0.0977
      Cm =  0.0048     CD =  0.00585   =>   CDf =  0.00404    CDp =  0.00182

 Side 1  free  transition at x/c =  0.7413   63
 Side 2  free  transition at x/c =  0.9411   74

 286   rms: 0.5429E-01   max: 0.2900E+00   T at   74  2
       a =  1.000      CL =  0.1392
      Cm = -0.0042     CD =  0.00592   =>   CDf =  0.00396    CDp =  0.00196

 Side 1  free  transition at x/c =  0.7319   64
 Side 2  free  transition at x/c =  0.9137   71
 idif Ue xi dudx           1  0.22766931      2.20143795E-03   103.41846    
 Uenew xinew           2  3.35703455E-02  3.24606895E-04

 287   rms: 0.4973E-01   max: -.3637E+00   D at   72  2
       a =  1.000      CL =  0.0977
      Cm =  0.0048     CD =  0.00585   =>   CDf =  0.00404    CDp =  0.00182

 Side 1  free  transition at x/c =  0.7413   63
 Side 2  free  transition at x/c =  0.9411   74

 288   rms: 0.5433E-01   max: 0.2902E+00   T at   74  2
       a =  1.000      CL =  0.1392
      Cm = -0.0042     CD =  0.00592   =>   CDf =  0.00396    CDp =  0.00196

 Side 1  free  transition at x/c =  0.7319   64
 Side 2  free  transition at x/c =  0.9137   71
 idif Ue xi dudx           1  0.22767057      2.20143795E-03   103.41902    
 Uenew xinew           2  3.35705280E-02  3.24606895E-04

 289   rms: 0.4976E-01   max: -.3639E+00   D at   72  2
       a =  1.000      CL =  0.0977
      Cm =  0.0048     CD =  0.00585   =>   CDf =  0.00404    CDp =  0.00182

 Side 1  free  transition at x/c =  0.7413   63
 Side 2  free  transition at x/c =  0.9411   74

 290   rms: 0.5430E-01   max: 0.2900E+00   T at   74  2
       a =  1.000      CL =  0.1392
      Cm = -0.0042     CD =  0.00592   =>   CDf =  0.00396    CDp =  0.00196

 Side 1  free  transition at x/c =  0.7319   64
 Side 2  free  transition at x/c =  0.9137   71
 idif Ue xi dudx           1  0.22766943      2.20143795E-03   103.41851    
 Uenew xinew           2  3.35703604E-02  3.24606895E-04

 291   rms: 0.4973E-01   max: -.3638E+00   D at   72  2
       a =  1.000      CL =  0.0977
      Cm =  0.0048     CD =  0.00585   =>   CDf =  0.00404    CDp =  0.00182

 Side 1  free  transition at x/c =  0.7413   63
 Side 2  free  transition at x/c =  0.9411   74

 292   rms: 0.5434E-01   max: 0.2902E+00   T at   74  2
       a =  1.000      CL =  0.1392
      Cm = -0.0042     CD =  0.00592   =>   CDf =  0.00396    CDp =  0.00196

 Side 1  free  transition at x/c =  0.7319   64
 Side 2  free  transition at x/c =  0.9137   71
 idif Ue xi dudx           1  0.22767046      2.20143795E-03   103.41898    
 Uenew xinew           2  3.35705131E-02  3.24606895E-04

 293   rms: 0.4976E-01   max: -.3639E+00   D at   72  2
       a =  1.000      CL =  0.0977
      Cm =  0.0048     CD =  0.00585   =>   CDf =  0.00404    CDp =  0.00182

 Side 1  free  transition at x/c =  0.7413   63
 Side 2  free  transition at x/c =  0.9411   74

 294   rms: 0.5429E-01   max: 0.2900E+00   T at   74  2
       a =  1.000      CL =  0.1392
      Cm = -0.0042     CD =  0.00592   =>   CDf =  0.00396    CDp =  0.00196

 Side 1  free  transition at x/c =  0.7319   64
 Side 2  free  transition at x/c =  0.9137   71
 idif Ue xi dudx           1  0.22766922      2.20143795E-03   103.41842    
 Uenew xinew           2  3.35703306E-02  3.24606895E-04

 295   rms: 0.4973E-01   max: -.3637E+00   D at   72  2
       a =  1.000      CL =  0.0977
      Cm =  0.0048     CD =  0.00585   =>   CDf =  0.00404    CDp =  0.00182

 Side 1  free  transition at x/c =  0.7413   63
 Side 2  free  transition at x/c =  0.9411   74

 296   rms: 0.5434E-01   max: 0.2902E+00   T at   74  2
       a =  1.000      CL =  0.1392
      Cm = -0.0042     CD =  0.00592   =>   CDf =  0.00396    CDp =  0.00196

 Side 1  free  transition at x/c =  0.7319   64
 Side 2  free  transition at x/c =  0.9137   71
 idif Ue xi dudx           1  0.22767046      2.20143795E-03   103.41898    
 Uenew xinew           2  3.35705131E-02  3.24606895E-04

 297   rms: 0.4976E-01   max: -.3639E+00   D at   72  2
       a =  1.000      CL =  0.0977
      Cm =  0.0048     CD =  0.00585   =>   CDf =  0.00404    CDp =  0.00182

 Side 1  free  transition at x/c =  0.7413   63
 Side 2  free  transition at x/c =  0.9411   74

 298   rms: 0.5429E-01   max: 0.2900E+00   T at   74  2
       a =  1.000      CL =  0.1392
      Cm = -0.0042     CD =  0.00592   =>   CDf =  0.00396    CDp =  0.00196

 Side 1  free  transition at x/c =  0.7319   64
 Side 2  free  transition at x/c =  0.9137   71
 idif Ue xi dudx           1  0.22766925      2.20143795E-03   103.41843    
 Uenew xinew           2  3.35703343E-02  3.24606895E-04

 299   rms: 0.4973E-01   max: -.3637E+00   D at   72  2
       a =  1.000      CL =  0.0977
      Cm =  0.0048     CD =  0.00585   =>   CDf =  0.00404    CDp =  0.00182

 Side 1  free  transition at x/c =  0.7413   63
 Side 2  free  transition at x/c =  0.9411   74

 300   rms: 0.5434E-01   max: 0.2902E+00   T at   74  2
       a =  1.000      CL =  0.1392
      Cm = -0.0042     CD =  0.00592   =>   CDf =  0.00396    CDp =  0.00196

 Side 1  free  transition at x/c =  0.7319   64
 Side 2  free  transition at x/c =  0.9137   71
 idif Ue xi dudx           1  0.22767067      2.20143795E-03   103.41908    
 Uenew xinew           2  3.35705467E-02  3.24606895E-04

 301   rms: 0.4976E-01   max: -.3639E+00   D at   72  2
       a =  1.000      CL =  0.0977
      Cm =  0.0048     CD =  0.00585   =>   CDf =  0.00404    CDp =  0.00182

 Side 1  free  transition at x/c =  0.7413   63
 Side 2  free  transition at x/c =  0.9411   74

 302   rms: 0.5430E-01   max: 0.2900E+00   T at   74  2
       a =  1.000      CL =  0.1392
      Cm = -0.0042     CD =  0.00592   =>   CDf =  0.00396    CDp =  0.00196

 Side 1  free  transition at x/c =  0.7319   64
 Side 2  free  transition at x/c =  0.9137   71
 idif Ue xi dudx           1  0.22766958      2.20143795E-03   103.41858    
 Uenew xinew           2  3.35703827E-02  3.24606895E-04

 303   rms: 0.4973E-01   max: -.3638E+00   D at   72  2
       a =  1.000      CL =  0.0977
      Cm =  0.0048     CD =  0.00585   =>   CDf =  0.00404    CDp =  0.00182

 Side 1  free  transition at x/c =  0.7413   63
 Side 2  free  transition at x/c =  0.9411   74

 304   rms: 0.5433E-01   max: 0.2902E+00   T at   74  2
       a =  1.000      CL =  0.1392
      Cm = -0.0042     CD =  0.00592   =>   CDf =  0.00396    CDp =  0.00196

 Side 1  free  transition at x/c =  0.7319   64
 Side 2  free  transition at x/c =  0.9137   71
 idif Ue xi dudx           1  0.22767019      2.20143795E-03   103.41885    
 Uenew xinew           2  3.35704722E-02  3.24606895E-04

 305   rms: 0.4976E-01   max: -.3638E+00   D at   72  2
       a =  1.000      CL =  0.0977
      Cm =  0.0048     CD =  0.00585   =>   CDf =  0.00404    CDp =  0.00182
 VISCAL:  Convergence failed
 Calculating wake trajectory ...
 Calculating source influence matrix ...

 Solving BL system ...

 Side 1  free  transition at x/c =  0.7413   63
 Side 2  free  transition at x/c =  0.9411   74

   1   rms: 0.1103E+00   max: 0.7906E+00   C at   63  1
       a =  1.500      CL =  0.1691
      Cm =  0.0021     CD =  0.00604   =>   CDf =  0.00396    CDp =  0.00208

 MRCHDU: Convergence failed at  79  side 2    Res =  0.1274E+01
 Side 1  free  transition at x/c =  0.6422   58
 Side 2  free  transition at x/c =  0.9561   74

   2   rms: 0.5445E-01   max: 0.4907E+00   C at   74  2
       a =  1.500      CL =  0.1709
      Cm =  0.0018     CD =  0.00616   =>   CDf =  0.00436    CDp =  0.00181

 Side 1  free  transition at x/c =  0.6558   59
 Side 2  free  transition at x/c =  0.9496   74

   3   rms: 0.1511E-01   max: 0.1383E+00   C at   59  1
       a =  1.500      CL =  0.1775
      Cm =  0.0003     CD =  0.00633   =>   CDf =  0.00425    CDp =  0.00208

 Side 1  free  transition at x/c =  0.6504   59
 Side 2  free  transition at x/c =  0.9461   74

   4   rms: 0.2464E-02   max: -.1596E-01   D at   74  2
       a =  1.500      CL =  0.1771
      Cm =  0.0004     CD =  0.00634   =>   CDf =  0.00429    CDp =  0.00205

 Side 1  free  transition at x/c =  0.6507   59
 Side 2  free  transition at x/c =  0.9465   74

   5   rms: 0.3515E-04   max: -.2509E-03   D at   78  2
       a =  1.500      CL =  0.1771
      Cm =  0.0004     CD =  0.00634   =>   CDf =  0.00429    CDp =  0.00206
 plradd ia,ip,cpol           10           0  4.03099097E-02

 Point added to stored polar  1
 Point written to save file  fx76100_Re500k.base.pol                         
 Dump file unspecified or not available
 Calculating wake trajectory ...
 Calculating source influence matrix ...

 Solving BL system ...

 Side 1  free  transition at x/c =  0.6507   59
 Side 2  free  transition at x/c =  0.9465   74

   1   rms: 0.1608E+00   max: 0.2244E+01   C at   59  1   RLX: 0.597
       a =  2.000      CL =  0.2200
      Cm = -0.0014     CD =  0.00675   =>   CDf =  0.00428    CDp =  0.00247

 Side 1  free  transition at x/c =  0.5877   56
 Side 2  free  transition at x/c =  0.9527   73

   2   rms: 0.4695E-01   max: 0.4442E+00   C at   56  1
       a =  2.000      CL =  0.2415
      Cm = -0.0010     CD =  0.00695   =>   CDf =  0.00454    CDp =  0.00241

 Side 1  free  transition at x/c =  0.5492   53
 Side 2  free  transition at x/c =  0.9618   74

   3   rms: 0.1322E-01   max: 0.1602E+00   D at   55  1
       a =  2.000      CL =  0.2450
      Cm = -0.0018     CD =  0.00693   =>   CDf =  0.00467    CDp =  0.00226

 Side 1  free  transition at x/c =  0.5520   53
 Side 2  free  transition at x/c =  0.9603   74

   4   rms: 0.1101E-02   max: -.1868E-01   D at   55  1
       a =  2.000      CL =  0.2450
      Cm = -0.0018     CD =  0.00694   =>   CDf =  0.00465    CDp =  0.00228

 Side 1  free  transition at x/c =  0.5515   53
 Side 2  free  transition at x/c =  0.9603   74

   5   rms: 0.1022E-04   max: -.2142E-03   D at   55  1
       a =  2.000      CL =  0.2450
      Cm = -0.0018     CD =  0.00694   =>   CDf =  0.00466    CDp =  0.00228
 plradd ia,ip,cpol           11           0  2.01055743E-02

 Point added to stored polar  1
 Point written to save file  fx76100_Re500k.base.pol                         
 Dump file unspecified or not available
 Calculating wake trajectory ...
 Calculating source influence matrix ...

 Solving BL system ...

 Side 1  free  transition at x/c =  0.5515   53
 Side 2  free  transition at x/c =  0.9603   74

   1   rms: 0.1646E+00   max: 0.2423E+01   C at   53  1   RLX: 0.619
       a =  2.500      CL =  0.2957
      Cm = -0.0051     CD =  0.00732   =>   CDf =  0.00466    CDp =  0.00266

 Side 1  free  transition at x/c =  0.4700   48
 Side 2  free  transition at x/c =  0.9641   74

   2   rms: 0.4031E-01   max: -.2472E+00   D at   48  1
       a =  2.500      CL =  0.3196
      Cm = -0.0057     CD =  0.00762   =>   CDf =  0.00499    CDp =  0.00263

 Side 1  free  transition at x/c =  0.4340   47
 Side 2  free  transition at x/c =  0.9688   73
 idif Ue xi dudx           1  0.17248920      2.32517719E-03   74.183250    
 Uenew xinew           2  3.92643968E-03  5.29289246E-05

   3   rms: 0.3118E-01   max: -.4309E+00   D at    2  1
       a =  2.500      CL =  0.3134
      Cm = -0.0044     CD =  0.00764   =>   CDf =  0.00518    CDp =  0.00247

 Side 1  free  transition at x/c =  0.4428   46
 Side 2  free  transition at x/c =  0.9722   75

   4   rms: 0.7959E-02   max: 0.6279E-01   D at   77  2
       a =  2.500      CL =  0.3151
      Cm = -0.0047     CD =  0.00766   =>   CDf =  0.00510    CDp =  0.00256

 Side 1  free  transition at x/c =  0.4418   46
 Side 2  free  transition at x/c =  0.9711   75

   5   rms: 0.8870E-03   max: 0.9837E-02   D at    4  2
       a =  2.500      CL =  0.3151
      Cm = -0.0047     CD =  0.00766   =>   CDf =  0.00510    CDp =  0.00256

 Side 1  free  transition at x/c =  0.4418   46
 Side 2  free  transition at x/c =  0.9712   75

   6   rms: 0.8869E-05   max: 0.1029E-03   D at    4  2
       a =  2.500      CL =  0.3151
      Cm = -0.0047     CD =  0.00766   =>   CDf =  0.00510    CDp =  0.00256
 plradd ia,ip,cpol           12           0  2.01055743E-02

 Point added to stored polar  1
 Point written to save file  fx76100_Re500k.base.pol                         
 Dump file unspecified or not available
 Calculating wake trajectory ...
 Calculating source influence matrix ...

 Solving BL system ...

 Side 1  free  transition at x/c =  0.4418   46
 Side 2  free  transition at x/c =  0.9712   75

   1   rms: 0.1802E+00   max: 0.2857E+01   C at   46  1   RLX: 0.525
       a =  3.000      CL =  0.3575
      Cm = -0.0076     CD =  0.00804   =>   CDf =  0.00507    CDp =  0.00297

 Side 1  free  transition at x/c =  0.3804   43
 Side 2  free  transition at x/c =  0.9743   74

   2   rms: 0.5287E-01   max: -.2635E+00   D at   43  1
       a =  3.000      CL =  0.3938
      Cm = -0.0096     CD =  0.00826   =>   CDf =  0.00537    CDp =  0.00289

 Side 1  free  transition at x/c =  0.3421   41
 Side 2  free  transition at x/c =  0.9773   74

   3   rms: 0.1736E-01   max: -.2448E+00   C at   41  1
       a =  3.000      CL =  0.3893
      Cm = -0.0088     CD =  0.00833   =>   CDf =  0.00552    CDp =  0.00280

 Side 1  free  transition at x/c =  0.3492   41
 Side 2  free  transition at x/c =  0.9798   74

   4   rms: 0.1443E-02   max: -.1583E-01   D at   42  1
       a =  3.000      CL =  0.3885
      Cm = -0.0086     CD =  0.00834   =>   CDf =  0.00548    CDp =  0.00286

 Side 1  free  transition at x/c =  0.3492   41
 Side 2  free  transition at x/c =  0.9802   74

   5   rms: 0.7140E-04   max: -.6710E-03   T at   74  2
       a =  3.000      CL =  0.3885
      Cm = -0.0086     CD =  0.00834   =>   CDf =  0.00548    CDp =  0.00286
 plradd ia,ip,cpol           13           0  1.21189607E-02

 Point added to stored polar  1
 Point written to save file  fx76100_Re500k.base.pol                         
 Dump file unspecified or not available
 Calculating wake trajectory ...
 Calculating source influence matrix ...

 Solving BL system ...

 Side 1  free  transition at x/c =  0.3493   41
 Side 2  free  transition at x/c =  0.9802   74

   1   rms: 0.1261E+00   max: 0.1708E+01   C at   41  1   RLX: 0.842
       a =  3.500      CL =  0.4327
      Cm = -0.0079     CD =  0.00879   =>   CDf =  0.00544    CDp =  0.00335

 Side 1  free  transition at x/c =  0.2882   38
 Side 2  free  transition at x/c =  0.9954   75

   2   rms: 0.5027E-01   max: 0.5189E+00   D at   76  2
       a =  3.500      CL =  0.4628
      Cm = -0.0127     CD =  0.00872   =>   CDf =  0.00576    CDp =  0.00296

 Side 1  free  transition at x/c =  0.2766   38
 Side 2  free  transition at x/c =  0.9856   74

   3   rms: 0.8186E-02   max: -.1178E+00   D at   74  2
       a =  3.500      CL =  0.4614
      Cm = -0.0125     CD =  0.00891   =>   CDf =  0.00579    CDp =  0.00313

 Side 1  free  transition at x/c =  0.2776   38
 Side 2  free  transition at x/c =  0.9872   74

   4   rms: 0.8719E-03   max: 0.8612E-02   T at   74  2
       a =  3.500      CL =  0.4617
      Cm = -0.0125     CD =  0.00892   =>   CDf =  0.00578    CDp =  0.00314

 Side 1  free  transition at x/c =  0.2774   38
 Side 2  free  transition at x/c =  0.9869   74

   5   rms: 0.1805E-04   max: -.1552E-03   T at   74  2
       a =  3.500      CL =  0.4617
      Cm = -0.0125     CD =  0.00892   =>   CDf =  0.00578    CDp =  0.00314
 plradd ia,ip,cpol           14           0  1.21189607E-02

 Point added to stored polar  1
 Point written to save file  fx76100_Re500k.base.pol                         
 Dump file unspecified or not available
 Calculating wake trajectory ...
 Calculating source influence matrix ...

 Solving BL system ...

 Side 1  free  transition at x/c =  0.2774   38
 Side 2  free  transition at x/c =  0.9869   74

   1   rms: 0.1310E+00   max: 0.1300E+01   C at   38  1   RLX: 0.597
       a =  4.000      CL =  0.5036
      Cm = -0.0145     CD =  0.00934   =>   CDf =  0.00578    CDp =  0.00356

 Side 1  free  transition at x/c =  0.2471   36
 Side 2  free  transition at x/c =  0.9937   75

   2   rms: 0.5799E-01   max: -.3739E+00   D at   38  1
       a =  4.000      CL =  0.5391
      Cm = -0.0174     CD =  0.00950   =>   CDf =  0.00584    CDp =  0.00366

 Side 1  free  transition at x/c =  0.2252   35
 Side 2  free  transition at x/c =  0.9943   74

   3   rms: 0.1266E-01   max: 0.1932E+00   D at   36  1
       a =  4.000      CL =  0.5393
      Cm = -0.0174     CD =  0.00941   =>   CDf =  0.00597    CDp =  0.00344

 Side 1  free  transition at x/c =  0.2272   35
 Side 2  free  transition at x/c =  0.9945   74

   4   rms: 0.1629E-02   max: 0.2557E-01   C at   35  1
       a =  4.000      CL =  0.5394
      Cm = -0.0174     CD =  0.00940   =>   CDf =  0.00596    CDp =  0.00344

 Side 1  free  transition at x/c =  0.2266   35
 Side 2  free  transition at x/c =  0.9945   74

   5   rms: 0.8167E-05   max: -.1609E-03   D at   36  1
       a =  4.000      CL =  0.5394
      Cm = -0.0174     CD =  0.00940   =>   CDf =  0.00596    CDp =  0.00344
 plradd ia,ip,cpol           15           0  6.75476156E-03

 Point added to stored polar  1
 Point written to save file  fx76100_Re500k.base.pol                         
 Dump file unspecified or not available
 Calculating wake trajectory ...
 Calculating source influence matrix ...

 Solving BL system ...

 Side 1  free  transition at x/c =  0.2266   35
 Side 2  free  transition at x/c =  0.9945   74

   1   rms: 0.1150E+00   max: 0.1022E+01   C at   35  1   RLX: 0.933
       a =  4.500      CL =  0.6101
      Cm = -0.0216     CD =  0.00978   =>   CDf =  0.00596    CDp =  0.00382

 Side 1  free  transition at x/c =  0.1757   32
 Side 2  free  transition at x/c =  0.9986   75

   2   rms: 0.2437E-01   max: -.2906E+00   D at   32  1
       a =  4.500      CL =  0.6129
      Cm = -0.0216     CD =  0.00983   =>   CDf =  0.00617    CDp =  0.00365

 Side 1  free  transition at x/c =  0.1768   32
 Side 2 forced transition at x/c =  1.0000   75

   3   rms: 0.4126E-02   max: 0.5375E-01   C at   32  1
       a =  4.500      CL =  0.6106
      Cm = -0.0211     CD =  0.00985   =>   CDf =  0.00614    CDp =  0.00371

 Side 1  free  transition at x/c =  0.1758   32
 Side 2 forced transition at x/c =  1.0000   75

   4   rms: 0.4664E-04   max: -.6409E-03   D at   33  1
       a =  4.500      CL =  0.6106
      Cm = -0.0211     CD =  0.00985   =>   CDf =  0.00615    CDp =  0.00370
 plradd ia,ip,cpol           16           0  4.76911897E-03

 Point added to stored polar  1
 Point written to save file  fx76100_Re500k.base.pol                         
 Dump file unspecified or not available
 Calculating wake trajectory ...
 Calculating source influence matrix ...

 Solving BL system ...

 Side 1  free  transition at x/c =  0.1758   32
 Side 2 forced transition at x/c =  1.0000   75

   1   rms: 0.1065E+00   max: 0.1148E+01   C at   32  1   RLX: 0.688
       a =  5.000      CL =  0.6381
      Cm = -0.0191     CD =  0.01020   =>   CDf =  0.00608    CDp =  0.00412

 Side 1  free  transition at x/c =  0.1470   31
 Side 2 forced transition at x/c =  1.0000   74

   2   rms: 0.3574E-01   max: -.3333E+00   D at   31  1
       a =  5.000      CL =  0.6510
      Cm = -0.0183     CD =  0.01033   =>   CDf =  0.00625    CDp =  0.00408

 Side 1  free  transition at x/c =  0.1306   30
 Side 2 forced transition at x/c =  1.0000   74

   3   rms: 0.4360E-02   max: -.7656E-01   D at   31  1
       a =  5.000      CL =  0.6507
      Cm = -0.0182     CD =  0.01034   =>   CDf =  0.00633    CDp =  0.00402

 Side 1  free  transition at x/c =  0.1297   30
 Side 2 forced transition at x/c =  1.0000   74

   4   rms: 0.2731E-03   max: -.4113E-02   D at   31  1
       a =  5.000      CL =  0.6507
      Cm = -0.0182     CD =  0.01034   =>   CDf =  0.00633    CDp =  0.00401

 Side 1  free  transition at x/c =  0.1296   30
 Side 2 forced transition at x/c =  1.0000   74

   5   rms: 0.1330E-05   max: 0.3425E-05   C at   56  1
       a =  5.000      CL =  0.6507
      Cm = -0.0182     CD =  0.01034   =>   CDf =  0.00633    CDp =  0.00401
 plradd ia,ip,cpol           17           0  3.13836313E-03

 Point added to stored polar  1
 Point written to save file  fx76100_Re500k.base.pol                         
 Dump file unspecified or not available
 Calculating wake trajectory ...
 Calculating source influence matrix ...

 Solving BL system ...

 Side 1  free  transition at x/c =  0.1296   30
 Side 2 forced transition at x/c =  1.0000   74

   1   rms: 0.1319E+00   max: 0.1498E+01   C at   30  1   RLX: 0.432
       a =  5.500      CL =  0.6669
      Cm = -0.0168     CD =  0.01071   =>   CDf =  0.00633    CDp =  0.00438

 Side 1  free  transition at x/c =  0.1101   28
 Side 2 forced transition at x/c =  1.0000   74

   2   rms: 0.5881E-01   max: 0.4498E+00   C at   28  1
       a =  5.500      CL =  0.6905
      Cm = -0.0152     CD =  0.01096   =>   CDf =  0.00643    CDp =  0.00454

 Side 1  free  transition at x/c =  0.0846   26
 Side 2 forced transition at x/c =  1.0000   74

   3   rms: 0.1391E-01   max: -.1913E+00   C at   26  1
       a =  5.500      CL =  0.6889
      Cm = -0.0150     CD =  0.01109   =>   CDf =  0.00658    CDp =  0.00451

 Side 1  free  transition at x/c =  0.0835   26
 Side 2 forced transition at x/c =  1.0000   74

   4   rms: 0.1420E-02   max: 0.2762E-01   C at   26  1
       a =  5.500      CL =  0.6889
      Cm = -0.0150     CD =  0.01109   =>   CDf =  0.00656    CDp =  0.00453

 Side 1  free  transition at x/c =  0.0830   26
 Side 2 forced transition at x/c =  1.0000   74

   5   rms: 0.1643E-04   max: -.2895E-03   C at   26  1
       a =  5.500      CL =  0.6889
      Cm = -0.0150     CD =  0.01109   =>   CDf =  0.00656    CDp =  0.00453
 plradd ia,ip,cpol           18           0  3.13836313E-03

 Point added to stored polar  1
 Point written to save file  fx76100_Re500k.base.pol                         
 Dump file unspecified or not available
 Calculating wake trajectory ...
 Calculating source influence matrix ...

 Solving BL system ...

 Side 1  free  transition at x/c =  0.0830   26
 Side 2 forced transition at x/c =  1.0000   74

   1   rms: 0.9795E-01   max: 0.7681E+00   C at   26  1   RLX: 0.790
       a =  6.000      CL =  0.7200
      Cm = -0.0125     CD =  0.01164   =>   CDf =  0.00647    CDp =  0.00517

 Side 1  free  transition at x/c =  0.0651   26
 Side 2 forced transition at x/c =  1.0000   73

   2   rms: 0.5126E-01   max: -.7062E+00   D at   26  1   RLX: 0.708
       a =  6.000      CL =  0.7264
      Cm = -0.0123     CD =  0.01172   =>   CDf =  0.00657    CDp =  0.00515

 Side 1  free  transition at x/c =  0.0631   26
 Side 2 forced transition at x/c =  1.0000   73

   3   rms: 0.1779E-01   max: -.3565E+00   D at   26  1
       a =  6.000      CL =  0.7262
      Cm = -0.0115     CD =  0.01198   =>   CDf =  0.00662    CDp =  0.00535

 Side 1  free  transition at x/c =  0.0603   25
 Side 2 forced transition at x/c =  1.0000   73

   4   rms: 0.8553E-02   max: -.1107E+00   D at   26  1
       a =  6.000      CL =  0.7266
      Cm = -0.0116     CD =  0.01192   =>   CDf =  0.00665    CDp =  0.00527

 Side 1  free  transition at x/c =  0.0600   25
 Side 2 forced transition at x/c =  1.0000   73

   5   rms: 0.2997E-03   max: -.3508E-02   D at   26  1
       a =  6.000      CL =  0.7265
      Cm = -0.0116     CD =  0.01194   =>   CDf =  0.00666    CDp =  0.00527

 Side 1  free  transition at x/c =  0.0599   25
 Side 2 forced transition at x/c =  1.0000   73

   6   rms: 0.1333E-05   max: -.5357E-05   C at   25  1
       a =  6.000      CL =  0.7265
      Cm = -0.0116     CD =  0.01194   =>   CDf =  0.00666    CDp =  0.00527
 plradd ia,ip,cpol           19           0  3.13836313E-03

 Point added to stored polar  1
 Point written to save file  fx76100_Re500k.base.pol                         
 Dump file unspecified or not available
 Calculating wake trajectory ...
 Calculating source influence matrix ...

 Solving BL system ...

 Side 1  free  transition at x/c =  0.0599   25
 Side 2 forced transition at x/c =  1.0000   73

   1   rms: 0.8186E-01   max: 0.4763E+00   T at   25  1
       a =  6.500      CL =  0.7677
      Cm = -0.0086     CD =  0.01245   =>   CDf =  0.00666    CDp =  0.00578

 Side 1  free  transition at x/c =  0.0498   24
 Side 2 forced transition at x/c =  1.0000   73

   2   rms: 0.1498E-01   max: -.1275E+00   C at   24  1
       a =  6.500      CL =  0.7647
      Cm = -0.0082     CD =  0.01274   =>   CDf =  0.00665    CDp =  0.00609

 Side 1  free  transition at x/c =  0.0492   24
 Side 2 forced transition at x/c =  1.0000   73

   3   rms: 0.9077E-03   max: 0.1108E-01   D at   24  1
       a =  6.500      CL =  0.7643
      Cm = -0.0081     CD =  0.01278   =>   CDf =  0.00666    CDp =  0.00612

 Side 1  free  transition at x/c =  0.0491   24
 Side 2 forced transition at x/c =  1.0000   73

   4   rms: 0.8465E-05   max: -.1011E-03   D at   24  1
       a =  6.500      CL =  0.7643
      Cm = -0.0081     CD =  0.01278   =>   CDf =  0.00666    CDp =  0.00612
 plradd ia,ip,cpol           20           0  3.13836313E-03

 Point added to stored polar  1
 Point written to save file  fx76100_Re500k.base.pol                         
 Dump file unspecified or not available
 Calculating wake trajectory ...
 Calculating source influence matrix ...

 Solving BL system ...

 Side 1  free  transition at x/c =  0.0491   24
 Side 2 forced transition at x/c =  1.0000   73

   1   rms: 0.7874E-01   max: 0.4418E+00   T at   24  1
       a =  7.000      CL =  0.8055
      Cm = -0.0051     CD =  0.01334   =>   CDf =  0.00652    CDp =  0.00682

 Side 1  free  transition at x/c =  0.0423   25
 Side 2 forced transition at x/c =  1.0000   72

   2   rms: 0.1260E-01   max: -.1685E+00   D at   25  1
       a =  7.000      CL =  0.8031
      Cm = -0.0048     CD =  0.01358   =>   CDf =  0.00660    CDp =  0.00698

 Side 1  free  transition at x/c =  0.0421   25
 Side 2 forced transition at x/c =  1.0000   72

   3   rms: 0.1135E-02   max: 0.7155E-02   T at   25  1
       a =  7.000      CL =  0.8028
      Cm = -0.0048     CD =  0.01360   =>   CDf =  0.00662    CDp =  0.00698

 Side 1  free  transition at x/c =  0.0420   25
 Side 2 forced transition at x/c =  1.0000   72

   4   rms: 0.1367E-04   max: 0.9068E-04   D at   24  1
       a =  7.000      CL =  0.8028
      Cm = -0.0048     CD =  0.01360   =>   CDf =  0.00662    CDp =  0.00698
 plradd ia,ip,cpol           21           0  1.85220572E-03

 Point added to stored polar  1
 Point written to save file  fx76100_Re500k.base.pol                         
 Dump file unspecified or not available
 Calculating wake trajectory ...
 Calculating source influence matrix ...

 Solving BL system ...

 Side 1  free  transition at x/c =  0.0420   25
 Side 2 forced transition at x/c =  1.0000   72

   1   rms: 0.1011E+00   max: 0.4296E+00   T at   25  1
       a =  7.500      CL =  0.8342
      Cm = -0.0003     CD =  0.01521   =>   CDf =  0.00662    CDp =  0.00859

 MRCHDU: Convergence failed at  25  side 1    Res =  0.4928E+01
 MRCHDU: Convergence failed at  26  side 1    Res =  0.4213E+01
 MRCHDU: Convergence failed at  27  side 1    Res =  0.2608E+01
 MRCHDU: Convergence failed at  28  side 1    Res =  0.2971E+01
 MRCHDU: Convergence failed at  29  side 1    Res =  0.3391E+01
 MRCHDU: Convergence failed at  30  side 1    Res =  0.4179E+01
 MRCHDU: Convergence failed at  31  side 1    Res =  0.4964E+01
 MRCHDU: Convergence failed at  32  side 1    Res =  0.6028E+01
 MRCHDU: Convergence failed at  33  side 1    Res =  0.7452E+01
 MRCHDU: Convergence failed at  34  side 1    Res =  0.9252E+01
 MRCHDU: Convergence failed at  35  side 1    Res =  0.1191E+02
 MRCHDU: Convergence failed at  36  side 1    Res =  0.1530E+02
 MRCHDU: Convergence failed at  37  side 1    Res =  0.1284E+02
 MRCHDU: Convergence failed at  38  side 1    Res =  0.1325E+02
 MRCHDU: Convergence failed at  39  side 1    Res =  0.1375E+02
 MRCHDU: Convergence failed at  40  side 1    Res =  0.2160E+02
 MRCHDU: Convergence failed at  41  side 1    Res =  0.2959E+02
 MRCHDU: Convergence failed at  42  side 1    Res =  0.3049E+02
 MRCHDU: Convergence failed at  43  side 1    Res =  0.4458E+02
 MRCHDU: Convergence failed at  44  side 1    Res =  0.4084E+02
 MRCHDU: Convergence failed at  45  side 1    Res =  0.4174E+02
 MRCHDU: Convergence failed at  46  side 1    Res =  0.4096E+02
 MRCHDU: Convergence failed at  47  side 1    Res =  0.4203E+02
 MRCHDU: Convergence failed at  48  side 1    Res =  0.3909E+02
 MRCHDU: Convergence failed at  49  side 1    Res =  0.3677E+02
 MRCHDU: Convergence failed at  50  side 1    Res =  0.3903E+02
 MRCHDU: Convergence failed at  51  side 1    Res =  0.3957E+02
 MRCHDU: Convergence failed at  52  side 1    Res =  0.2770E+02
 MRCHDU: Convergence failed at  53  side 1    Res =  0.2762E+02
 MRCHDU: Convergence failed at  54  side 1    Res =  0.2717E+02
 MRCHDU: Convergence failed at  55  side 1    Res =  0.2739E+02
 MRCHDU: Convergence failed at  56  side 1    Res =  0.2743E+02
 MRCHDU: Convergence failed at  57  side 1    Res =  0.2735E+02
 MRCHDU: Convergence failed at  58  side 1    Res =  0.2668E+02
 MRCHDU: Convergence failed at  59  side 1    Res =  0.2634E+02
 MRCHDU: Convergence failed at  60  side 1    Res =  0.2563E+02
 MRCHDU: Convergence failed at  61  side 1    Res =  0.2547E+02
 MRCHDU: Convergence failed at  62  side 1    Res =  0.2471E+02
 MRCHDU: Convergence failed at  63  side 1    Res =  0.1080E+03
 MRCHDU: Convergence failed at  64  side 1    Res =  0.1149E+03
 MRCHDU: Convergence failed at  65  side 1    Res =  0.1229E+03
 MRCHDU: Convergence failed at  66  side 1    Res =  0.6393E+02
 MRCHDU: Convergence failed at  67  side 1    Res =  0.6591E+02
 MRCHDU: Convergence failed at  68  side 1    Res =  0.6742E+02
 MRCHDU: Convergence failed at  69  side 1    Res =  0.7552E+02
 MRCHDU: Convergence failed at  70  side 1    Res =  0.5974E+02
 MRCHDU: Convergence failed at  71  side 1    Res =  0.6713E+02
 MRCHDU: Convergence failed at  72  side 1    Res =  0.7667E+02
 MRCHDU: Convergence failed at  73  side 1    Res =  0.9020E+02
 MRCHDU: Convergence failed at  74  side 1    Res =  0.5025E+02
 MRCHDU: Convergence failed at  75  side 1    Res =  0.5651E+02
 MRCHDU: Convergence failed at  76  side 1    Res =  0.6485E+02
 MRCHDU: Convergence failed at  77  side 1    Res =  0.7626E+02
 MRCHDU: Convergence failed at  78  side 1    Res =  0.8868E+02
 MRCHDU: Convergence failed at  79  side 1    Res =  0.3426E+04
 MRCHDU: Convergence failed at  80  side 1    Res =  0.4728E+03
 MRCHDU: Convergence failed at  81  side 1    Res =  0.2181E+03
 MRCHDU: Convergence failed at  82  side 1    Res =  0.1404E+03
 MRCHDU: Convergence failed at  83  side 1    Res =  0.1622E+03
 MRCHDU: Convergence failed at  84  side 1    Res =  0.1118E+03
 MRCHDU: Convergence failed at  85  side 1    Res =  0.3708E+02
 MRCHDU: Convergence failed at  86  side 1    Res =  0.3151E+02
 MRCHDU: Convergence failed at  87  side 1    Res =  0.4483E+02
 MRCHDU: Convergence failed at  88  side 1    Res =  0.6065E+02
 MRCHDU: Convergence failed at  89  side 1    Res =  0.7300E+02
 MRCHDU: Convergence failed at  90  side 1    Res =  0.8654E+02
 Side 1  free  transition at x/c =  0.0370   24
 Side 2 forced transition at x/c =  1.0000   72

   2   rms: 0.1563E+01   max: 0.7029E+01   D at   74  2   RLX: 0.139
       a =  7.500      CL =  2.3045
      Cm = -0.5146     CD =  0.00438   =>   CDf =  0.00169    CDp =  0.00269

 MRCHDU: Convergence failed at  27  side 1    Res =  0.9966E-01
 MRCHDU: Convergence failed at  36  side 1    Res =  0.2236E+00
 MRCHDU: Convergence failed at  38  side 1    Res =  0.3287E+00
 MRCHDU: Convergence failed at  39  side 1    Res =  0.3117E+00
 MRCHDU: Convergence failed at  40  side 1    Res =  0.2926E+00
 MRCHDU: Convergence failed at  41  side 1    Res =  0.2704E+00
 MRCHDU: Convergence failed at  42  side 1    Res =  0.2430E+00
 MRCHDU: Convergence failed at  43  side 1    Res =  0.1875E+00
 MRCHDU: Convergence failed at  76  side 1    Res =  0.4089E-01
 Side 1  free  transition at x/c =  0.0394   24
 Side 2 forced transition at x/c =  1.0000   72

   3   rms: 0.6131E+00   max: 0.2903E+01   T at   25  1   RLX: 0.187
       a =  7.500      CL =  1.5161
      Cm = -0.2772     CD =  0.02923   =>   CDf =  0.00323    CDp =  0.02600

 MRCHDU: Convergence failed at  25  side 1    Res =  0.7424E+01
 MRCHDU: Convergence failed at  26  side 1    Res =  0.1844E+02
 Side 1  free  transition at x/c =  0.0446   25
 Side 2 forced transition at x/c =  1.0000   72

   4   rms: 0.2727E+01   max: -.2320E+02   D at   39  1   RLX: 0.022
       a =  7.500      CL =  1.4242
      Cm = -0.2469     CD =  0.02969   =>   CDf =  0.00342    CDp =  0.02627

 Side 1  free  transition at x/c =  0.0465   25
 Side 2 forced transition at x/c =  1.0000   72

   5   rms: 0.1562E+01   max: 0.1152E+02   D at   30  1   RLX: 0.130
       a =  7.500      CL =  1.3512
      Cm = -0.2134     CD =  0.03008   =>   CDf =  0.00399    CDp =  0.02609

 Side 1  free  transition at x/c =  0.0428   25
 Side 2 forced transition at x/c =  1.0000   72

   6   rms: 0.4771E+00   max: -.2289E+01   D at   39  1   RLX: 0.218
       a =  7.500      CL =  1.1402
      Cm = -0.1415     CD =  0.02938   =>   CDf =  0.00369    CDp =  0.02569

 Side 1  free  transition at x/c =  0.0445   25
 Side 2 forced transition at x/c =  1.0000   72

   7   rms: 0.8173E+00   max: -.5162E+01   D at   34  1   RLX: 0.097
       a =  7.500      CL =  1.0753
      Cm = -0.1192     CD =  0.03077   =>   CDf =  0.00375    CDp =  0.02702

 Side 1  free  transition at x/c =  0.0456   25
 Side 2 forced transition at x/c =  1.0000   72

   8   rms: 0.5430E+01   max: -.4079E+02   D at   33  1   RLX: 0.012
       a =  7.500      CL =  1.0690
      Cm = -0.1157     CD =  0.03174   =>   CDf =  0.00388    CDp =  0.02786

 Side 1  free  transition at x/c =  0.0465   25
 Side 2 forced transition at x/c =  1.0000   72

   9   rms: 0.1111E+01   max: -.7904E+01   D at   32  1   RLX: 0.063
       a =  7.500      CL =  1.0338
      Cm = -0.1036     CD =  0.03131   =>   CDf =  0.00407    CDp =  0.02723

 MRCHDU: Convergence failed at  30  side 1    Res =  0.7196E+00
 MRCHDU: Convergence failed at  31  side 1    Res =  0.1339E+01
 MRCHDU: Convergence failed at  32  side 1    Res =  0.1556E+01
 MRCHDU: Convergence failed at  33  side 1    Res =  0.5478E+00
 MRCHDU: Convergence failed at  34  side 1    Res =  0.1000E+01
 MRCHDU: Convergence failed at  35  side 1    Res =  0.1042E+02
 MRCHDU: Convergence failed at  36  side 1    Res =  0.2023E+01
 MRCHDU: Convergence failed at  37  side 1    Res =  0.1251E+02
 MRCHDU: Convergence failed at  38  side 1    Res =  0.2280E+01
 MRCHDU: Convergence failed at  39  side 1    Res =  0.1618E+00
 MRCHDU: Convergence failed at  40  side 1    Res =  0.6757E+00
 MRCHDU: Convergence failed at  44  side 1    Res =  0.6868E+01
 Side 1  free  transition at x/c =  0.0480   25
 Side 2 forced transition at x/c =  1.0000   72

  10   rms: 0.1002E+01   max: 0.1273E+02   D at   45  1   RLX: 0.118
       a =  7.500      CL =  1.3618
      Cm = -0.1075     CD =  0.03867   =>   CDf =  0.00747    CDp =  0.03120

 Side 1  free  transition at x/c =  0.0472   25
 Side 2 forced transition at x/c =  1.0000   72
 idif Ue xi dudx           1  0.14559257      4.45079803E-03   32.711567    
 Uenew xinew           2  8.72323196E-03  2.66671181E-04

  11   rms: 0.5170E+00   max: -.1574E+01   D at   45  1   RLX: 0.318
       a =  7.500      CL =  1.1076
      Cm = -0.0521     CD =  0.02971   =>   CDf =  0.00578    CDp =  0.02393

 Side 1  free  transition at x/c =  0.0483   24
 Side 2 forced transition at x/c =  1.0000   73

  12   rms: 0.1169E+01   max: -.6810E+01   D at   44  1   RLX: 0.073
       a =  7.500      CL =  1.0058
      Cm = -0.0218     CD =  0.02790   =>   CDf =  0.00533    CDp =  0.02257

 Side 1  free  transition at x/c =  0.0498   24
 Side 2 forced transition at x/c =  1.0000   73

  13   rms: 0.5038E+01   max: 0.2965E+02   D at   44  1   RLX: 0.032
       a =  7.500      CL =  1.0784
      Cm = -0.0434     CD =  0.03484   =>   CDf =  0.00527    CDp =  0.02957

 Side 1  free  transition at x/c =  0.0458   25
 Side 2 forced transition at x/c =  1.0000   72

  14   rms: 0.9158E+00   max: -.5567E+01   D at   45  1   RLX: 0.090
       a =  7.500      CL =  0.9854
      Cm = -0.0177     CD =  0.02762   =>   CDf =  0.00510    CDp =  0.02252

 Side 1  free  transition at x/c =  0.0475   25
 Side 2 forced transition at x/c =  1.0000   72
 idif Ue xi dudx           1  0.15457179      4.59575653E-03   33.633591    
 Uenew xinew           2  1.38445841E-02  4.11629677E-04

  15   rms: 0.1681E+01   max: -.1098E+02   D at   45  1   RLX: 0.046
       a =  7.500      CL =  0.9183
      Cm = -0.0003     CD =  0.02551   =>   CDf =  0.00540    CDp =  0.02010

 Side 1  free  transition at x/c =  0.0496   24
 Side 2 forced transition at x/c =  1.0000   73

  16   rms: 0.4123E+01   max: -.2109E+02   D at   44  1   RLX: 0.024
       a =  7.500      CL =  0.8521
      Cm =  0.0158     CD =  0.02290   =>   CDf =  0.00542    CDp =  0.01748

 Side 1  free  transition at x/c =  0.0544   25
 Side 2 forced transition at x/c =  1.0000   73

  17   rms: 0.6672E+00   max: 0.3876E+01   D at   44  1   RLX: 0.295
       a =  7.500      CL =  0.8784
      Cm =  0.0040     CD =  0.02419   =>   CDf =  0.00548    CDp =  0.01871

 Side 1  free  transition at x/c =  0.0459   25
 Side 2 forced transition at x/c =  1.0000   72
 idif Ue xi dudx           1  0.14110282      4.24098969E-03   33.271202    
 Uenew xinew           2  1.89189473E-03  5.68628311E-05

  18   rms: 0.4438E+00   max: -.1684E+01   D at   65  1   RLX: 0.297
       a =  7.500      CL =  0.7930
      Cm =  0.0209     CD =  0.01984   =>   CDf =  0.00526    CDp =  0.01459

 Side 1  free  transition at x/c =  0.0470   24
 Side 2 forced transition at x/c =  1.0000   73

  19   rms: 0.4356E+00   max: -.1633E+01   D at   65  1   RLX: 0.306
       a =  7.500      CL =  0.7753
      Cm =  0.0245     CD =  0.01745   =>   CDf =  0.00512    CDp =  0.01232

 Side 1  free  transition at x/c =  0.0458   25
 Side 2 forced transition at x/c =  1.0000   72

  20   rms: 0.5197E+00   max: 0.2046E+01   D at    2  1   RLX: 0.326
       a =  7.500      CL =  0.8231
      Cm =  0.0166     CD =  0.01454   =>   CDf =  0.00553    CDp =  0.00901

 Side 1  free  transition at x/c =  0.0408   25
 Side 2 forced transition at x/c =  1.0000   72

  21   rms: 0.3367E+00   max: 0.1454E+01   D at   76  1   RLX: 0.743
       a =  7.500      CL =  0.9392
      Cm = -0.0182     CD =  0.01912   =>   CDf =  0.00649    CDp =  0.01263

 MRCHDU: Convergence failed at  25  side 1    Res =  0.9572E+01
 MRCHDU: Convergence failed at  26  side 1    Res =  0.5829E+01
 MRCHDU: Convergence failed at  27  side 1    Res =  0.5865E+01
 MRCHDU: Convergence failed at  28  side 1    Res =  0.6830E+01
 MRCHDU: Convergence failed at  29  side 1    Res =  0.7868E+01
 MRCHDU: Convergence failed at  30  side 1    Res =  0.9631E+01
 MRCHDU: Convergence failed at  31  side 1    Res =  0.1162E+02
 MRCHDU: Convergence failed at  32  side 1    Res =  0.1461E+02
 MRCHDU: Convergence failed at  33  side 1    Res =  0.1812E+02
 MRCHDU: Convergence failed at  34  side 1    Res =  0.2180E+02
 MRCHDU: Convergence failed at  35  side 1    Res =  0.2824E+02
 MRCHDU: Convergence failed at  36  side 1    Res =  0.3649E+02
 MRCHDU: Convergence failed at  37  side 1    Res =  0.4657E+02
 MRCHDU: Convergence failed at  38  side 1    Res =  0.5916E+02
 MRCHDU: Convergence failed at  39  side 1    Res =  0.7953E+02
 MRCHDU: Convergence failed at  40  side 1    Res =  0.1085E+03
 MRCHDU: Convergence failed at  41  side 1    Res =  0.2183E+04
 MRCHDU: Convergence failed at  42  side 1    Res =  0.6681E+02
 MRCHDU: Convergence failed at  43  side 1    Res =  0.4547E+02
 MRCHDU: Convergence failed at  44  side 1    Res =  0.5316E+02
 MRCHDU: Convergence failed at  45  side 1    Res =  0.7470E+02
 MRCHDU: Convergence failed at  46  side 1    Res =  0.2023E+04
 MRCHDU: Convergence failed at  47  side 1    Res =  0.3996E+02
 MRCHDU: Convergence failed at  48  side 1    Res =  0.8282E+02
 MRCHDU: Convergence failed at  49  side 1    Res =  0.8155E+02
 MRCHDU: Convergence failed at  50  side 1    Res =  0.5503E+02
 MRCHDU: Convergence failed at  51  side 1    Res =  0.8849E+02
 MRCHDU: Convergence failed at  52  side 1    Res =  0.9801E+02
 MRCHDU: Convergence failed at  53  side 1    Res =  0.4943E+02
 MRCHDU: Convergence failed at  54  side 1    Res =  0.4437E+02
 MRCHDU: Convergence failed at  55  side 1    Res =  0.2787E+02
 MRCHDU: Convergence failed at  56  side 1    Res =  0.2814E+02
 MRCHDU: Convergence failed at  57  side 1    Res =  0.3086E+02
 MRCHDU: Convergence failed at  58  side 1    Res =  0.8552E+02
 MRCHDU: Convergence failed at  59  side 1    Res =  0.5957E+02
 MRCHDU: Convergence failed at  60  side 1    Res =  0.4679E+02
 MRCHDU: Convergence failed at  61  side 1    Res =  0.4263E+02
 MRCHDU: Convergence failed at  62  side 1    Res =  0.1058E+03
 MRCHDU: Convergence failed at  63  side 1    Res =  0.1105E+03
 MRCHDU: Convergence failed at  64  side 1    Res =  0.1154E+03
 MRCHDU: Convergence failed at  65  side 1    Res =  0.1206E+03
 MRCHDU: Convergence failed at  66  side 1    Res =  0.5668E+02
 MRCHDU: Convergence failed at  67  side 1    Res =  0.1319E+03
 MRCHDU: Convergence failed at  68  side 1    Res =  0.7515E+02
 MRCHDU: Convergence failed at  69  side 1    Res =  0.7897E+02
 MRCHDU: Convergence failed at  70  side 1    Res =  0.6726E+02
 MRCHDU: Convergence failed at  71  side 1    Res =  0.5860E+02
 MRCHDU: Convergence failed at  72  side 1    Res =  0.4249E+02
 MRCHDU: Convergence failed at  73  side 1    Res =  0.3840E+02
 MRCHDU: Convergence failed at  74  side 1    Res =  0.4032E+02
 MRCHDU: Convergence failed at  75  side 1    Res =  0.3302E+02
 MRCHDU: Convergence failed at  76  side 1    Res =  0.5049E+02
 MRCHDU: Convergence failed at  77  side 1    Res =  0.1214E+03
 MRCHDU: Convergence failed at  78  side 1    Res =  0.1978E+03
 MRCHDU: Convergence failed at  79  side 1    Res =  0.1203E+03
 MRCHDU: Convergence failed at  80  side 1    Res =  0.1118E+03
 MRCHDU: Convergence failed at  81  side 1    Res =  0.1004E+03
 MRCHDU: Convergence failed at  82  side 1    Res =  0.8988E+02
 MRCHDU: Convergence failed at  83  side 1    Res =  0.6496E+02
 MRCHDU: Convergence failed at  84  side 1    Res =  0.3562E+02
 MRCHDU: Convergence failed at  85  side 1    Res =  0.3766E+02
 MRCHDU: Convergence failed at  86  side 1    Res =  0.4074E+02
 MRCHDU: Convergence failed at  87  side 1    Res =  0.4502E+02
 MRCHDU: Convergence failed at  88  side 1    Res =  0.5333E+02
 MRCHDU: Convergence failed at  89  side 1    Res =  0.4352E+03
 MRCHDU: Convergence failed at  90  side 1    Res =  0.5049E+03
 Side 1  free  transition at x/c =  0.0320   23
 Side 2 forced transition at x/c =  1.0000   72

  22   rms: 0.2379E+01   max: 0.1527E+02   D at   74  2   RLX: 0.057
       a =  7.500      CL =  2.4602
      Cm = -0.5640     CD =  0.00662   =>   CDf =  0.00179    CDp =  0.00482

 Side 1  free  transition at x/c =  0.0313   23
 Side 2 forced transition at x/c =  1.0000   72

  23   rms: 0.1747E+01   max: 0.1531E+02   T at   24  1   RLX: 0.037
       a =  7.500      CL =  1.6823
      Cm = -0.2918     CD =  0.04314   =>   CDf =  0.00198    CDp =  0.04116

 Side 1  free  transition at x/c =  0.0353   24
 Side 2 forced transition at x/c =  1.0000   72

  24   rms: 0.5905E+00   max: -.1838E+01   D at   71  2   RLX: 0.272
       a =  7.500      CL =  1.3327
      Cm = -0.1896     CD =  0.04553   =>   CDf =  0.00202    CDp =  0.04351

 Side 1  free  transition at x/c =  0.0395   24
 Side 2 forced transition at x/c =  1.0000   72

  25   rms: 0.7485E+00   max: -.3477E+01   T at   25  1   RLX: 0.144
       a =  7.500      CL =  1.2171
      Cm = -0.1679     CD =  0.06379   =>   CDf =  0.00227    CDp =  0.06152

 Side 1  free  transition at x/c =  0.0387   24
 Side 2 forced transition at x/c =  1.0000   72
 idif Ue xi dudx           1  0.13908564      4.18567657E-03   33.228951    
 Uenew xinew           2  5.14955937E-05  1.54972076E-06

  26   rms: 0.2298E+03   max: -.4140E+04   T at    2  1   RLX: 0.000
       a =  7.500      CL =  1.2823
      Cm = -0.1871     CD =  0.07131   =>   CDf =  0.00248    CDp =  0.06884

 Side 1  free  transition at x/c =  0.0388   23
 Side 2 forced transition at x/c =  1.0000   73

  27   rms: 0.2037E+03   max: 0.3630E+04   D at    2  2   RLX: 0.000
       a =  7.500      CL =  1.2820
      Cm = -0.1866     CD =  0.07103   =>   CDf =  0.00221    CDp =  0.06881

 Side 1  free  transition at x/c =  0.0390   24
 Side 2 forced transition at x/c =  1.0000   72
 idif Ue xi dudx           1  0.13929158      4.31692600E-03   32.266384    
 Uenew xinew           2  4.28494811E-03  1.32799149E-04

  28   rms: 0.5530E+01   max: -.8911E+02   D at    2  1   RLX: 0.006
       a =  7.500      CL =  1.2773
      Cm = -0.1864     CD =  0.07177   =>   CDf =  0.00248    CDp =  0.06929

 Side 1  free  transition at x/c =  0.0386   23
 Side 2 forced transition at x/c =  1.0000   73

  29   rms: 0.1784E+01   max: 0.1390E+02   T at   24  1   RLX: 0.039
       a =  7.500      CL =  1.2464
      Cm = -0.1729     CD =  0.06628   =>   CDf =  0.00222    CDp =  0.06407

 Side 1  free  transition at x/c =  0.0421   25
 Side 2 forced transition at x/c =  1.0000   72
 idif Ue xi dudx           1  0.14195675      4.30214405E-03   32.996746    
 Uenew xinew           2  3.89418355E-03  1.18017197E-04

  30   rms: 0.4469E+00   max: -.1858E+01   T at   25  1   RLX: 0.269
       a =  7.500      CL =  0.9207
      Cm = -0.0733     CD =  0.05456   =>   CDf =  0.00251    CDp =  0.05206

 Side 1  free  transition at x/c =  0.0486   24
 Side 2 forced transition at x/c =  1.0000   73

  31   rms: 0.6399E+00   max: -.4806E+01   T at    2  2   RLX: 0.104
       a =  7.500      CL =  0.8497
      Cm = -0.0583     CD =  0.06868   =>   CDf =  0.00244    CDp =  0.06624

 Side 1  free  transition at x/c =  0.0469   24
 Side 2 forced transition at x/c =  1.0000   73

  32   rms: 0.2050E+01   max: -.1177E+02   T at   24  1   RLX: 0.042
       a =  7.500      CL =  0.8978
      Cm = -0.0604     CD =  0.06351   =>   CDf =  0.00231    CDp =  0.06120

 Side 1  free  transition at x/c =  0.0562   26
 Side 2 forced transition at x/c =  1.0000   72
 idif Ue xi dudx           1  0.18610589      5.53417206E-03   33.628498    
 Uenew xinew           2  4.53999937E-02  1.35004520E-03

  33   rms: 0.1343E+01   max: -.3096E+01   T at   28  1   RLX: 0.080
       a =  7.500      CL =  0.6739
      Cm = -0.0096     CD =  0.07253   =>   CDf =  0.00258    CDp =  0.06995

 Side 1  free  transition at x/c =  0.0499   24
 Side 2 forced transition at x/c =  1.0000   73

  34   rms: 0.3697E+00   max: -.1541E+01   T at   25  1   RLX: 0.324
       a =  7.500      CL =  0.6060
      Cm = -0.0004     CD =  0.06471   =>   CDf =  0.00247    CDp =  0.06224

 Side 1  free  transition at x/c =  0.0459   24
 Side 2 forced transition at x/c =  1.0000   73

  35   rms: 0.8317E+00   max: -.2137E+01   D at   37  1   RLX: 0.234
       a =  7.500      CL =  0.6140
      Cm =  0.0245     CD =  0.04641   =>   CDf =  0.00248    CDp =  0.04393

 Side 1  free  transition at x/c =  0.0495   24
 Side 2 forced transition at x/c =  1.0000   73

  36   rms: 0.1045E+01   max: -.4191E+01   D at   36  1   RLX: 0.119
       a =  7.500      CL =  0.5801
      Cm =  0.0414     CD =  0.03118   =>   CDf =  0.00391    CDp =  0.02727

 Side 1  free  transition at x/c =  0.0546   25
 Side 2 forced transition at x/c =  1.0000   73

  37   rms: 0.8628E+00   max: -.4533E+01   T at   25  1   RLX: 0.110
       a =  7.500      CL =  0.5816
      Cm =  0.0377     CD =  0.02891   =>   CDf =  0.00444    CDp =  0.02447

 MRCHDU: Convergence failed at  26  side 1    Res =  0.1452E+01
 Side 1  free  transition at x/c =  0.0740   27
 Side 2 forced transition at x/c =  1.0000   73

  38   rms: 0.6852E+00   max: -.3681E+01   D at   29  1   RLX: 0.136
       a =  7.500      CL =  0.6199
      Cm =  0.0382     CD =  0.02003   =>   CDf =  0.00528    CDp =  0.01474

 Side 1  free  transition at x/c =  0.0709   26
 Side 2 forced transition at x/c =  1.0000   73

  39   rms: 0.6656E+00   max: 0.6017E+01   C at   26  1   RLX: 0.109
       a =  7.500      CL =  0.6442
      Cm =  0.0356     CD =  0.01948   =>   CDf =  0.00526    CDp =  0.01421

 Side 1  free  transition at x/c =  0.0627   27
 Side 2 forced transition at x/c =  1.0000   72

  40   rms: 0.3746E+00   max: 0.3393E+01   C at   27  1   RLX: 0.182
       a =  7.500      CL =  0.6710
      Cm =  0.0313     CD =  0.01874   =>   CDf =  0.00562    CDp =  0.01313

 Side 1  free  transition at x/c =  0.0524   26
 Side 2 forced transition at x/c =  1.0000   72

  41   rms: 0.2366E+00   max: 0.1416E+01   C at   26  1   RLX: 0.548
       a =  7.500      CL =  0.7280
      Cm =  0.0232     CD =  0.01647   =>   CDf =  0.00581    CDp =  0.01066

 Side 1  free  transition at x/c =  0.0428   25
 Side 2 forced transition at x/c =  1.0000   72

  42   rms: 0.1345E+00   max: -.8337E+00   D at   25  1   RLX: 0.600
       a =  7.500      CL =  0.7894
      Cm =  0.0097     CD =  0.01476   =>   CDf =  0.00639    CDp =  0.00837

 Side 1  free  transition at x/c =  0.0402   24
 Side 2 forced transition at x/c =  1.0000   72

  43   rms: 0.7903E-01   max: -.4683E+00   D at   25  1
       a =  7.500      CL =  0.8406
      Cm = -0.0010     CD =  0.01391   =>   CDf =  0.00650    CDp =  0.00741

 Side 1  free  transition at x/c =  0.0377   24
 Side 2 forced transition at x/c =  1.0000   72

  44   rms: 0.1116E-01   max: 0.1065E+00   D at   70  2
       a =  7.500      CL =  0.8407
      Cm = -0.0014     CD =  0.01453   =>   CDf =  0.00653    CDp =  0.00799

 Side 1  free  transition at x/c =  0.0371   24
 Side 2 forced transition at x/c =  1.0000   72

  45   rms: 0.9306E-03   max: 0.9332E-02   D at   68  2
       a =  7.500      CL =  0.8409
      Cm = -0.0014     CD =  0.01453   =>   CDf =  0.00653    CDp =  0.00801

 Side 1  free  transition at x/c =  0.0371   24
 Side 2 forced transition at x/c =  1.0000   72

  46   rms: 0.8891E-05   max: 0.9222E-04   D at   68  2
       a =  7.500      CL =  0.8409
      Cm = -0.0014     CD =  0.01453   =>   CDf =  0.00653    CDp =  0.00801
 plradd ia,ip,cpol           22           0  1.85220572E-03

 Point added to stored polar  1
 Point written to save file  fx76100_Re500k.base.pol                         
 Dump file unspecified or not available
 Calculating wake trajectory ...
 Calculating source influence matrix ...

 Solving BL system ...

 Side 1  free  transition at x/c =  0.0371   24
 Side 2 forced transition at x/c =  1.0000   72

   1   rms: 0.7756E-01   max: 0.4050E+00   T at   24  1
       a =  8.000      CL =  0.8808
      Cm =  0.0016     CD =  0.01537   =>   CDf =  0.00635    CDp =  0.00901

 Side 1  free  transition at x/c =  0.0325   25
 Side 2 forced transition at x/c =  1.0000   71
 idif Ue xi dudx           1  0.12249419      4.98235226E-03   24.585615    
 Uenew xinew           2  1.05216936E-03  4.27961349E-05

   2   rms: 0.1633E-01   max: -.2366E+00   D at    2  1
       a =  8.000      CL =  0.8739
      Cm =  0.0026     CD =  0.01608   =>   CDf =  0.00666    CDp =  0.00943

 Side 1  free  transition at x/c =  0.0320   23
 Side 2 forced transition at x/c =  1.0000   72

   3   rms: 0.7959E-02   max: 0.1017E+00   T at    2  2
       a =  8.000      CL =  0.8751
      Cm =  0.0024     CD =  0.01594   =>   CDf =  0.00649    CDp =  0.00945

 Side 1  free  transition at x/c =  0.0321   23
 Side 2 forced transition at x/c =  1.0000   72

   4   rms: 0.9832E-03   max: 0.1090E-01   D at    4  2
       a =  8.000      CL =  0.8752
      Cm =  0.0024     CD =  0.01594   =>   CDf =  0.00650    CDp =  0.00945

 Side 1  free  transition at x/c =  0.0321   23
 Side 2 forced transition at x/c =  1.0000   72

   5   rms: 0.3554E-05   max: -.5283E-04   D at    3  2
       a =  8.000      CL =  0.8752
      Cm =  0.0024     CD =  0.01594   =>   CDf =  0.00650    CDp =  0.00945
 plradd ia,ip,cpol           23           0  1.85220572E-03

 Point added to stored polar  1
 Point written to save file  fx76100_Re500k.base.pol                         
 Dump file unspecified or not available
 Calculating wake trajectory ...
 Calculating source influence matrix ...

 Solving BL system ...

 Side 1  free  transition at x/c =  0.0321   23
 Side 2 forced transition at x/c =  1.0000   72

   1   rms: 0.1657E+00   max: -.2191E+01   D at    3  2   RLX: 0.228
       a =  8.500      CL =  0.8851
      Cm =  0.0030     CD =  0.01605   =>   CDf =  0.00629    CDp =  0.00976

 Side 1  free  transition at x/c =  0.0316   24
 Side 2 forced transition at x/c =  1.0000   71

   2   rms: 0.6397E-01   max: 0.4533E+00   T at    2  1
       a =  8.500      CL =  0.9174
      Cm =  0.0050     CD =  0.01661   =>   CDf =  0.00646    CDp =  0.01016

 Side 1  free  transition at x/c =  0.0295   24
 Side 2 forced transition at x/c =  1.0000   71

   3   rms: 0.3625E-02   max: -.9375E-02   U at   24  1
       a =  8.500      CL =  0.9157
      Cm =  0.0053     CD =  0.01679   =>   CDf =  0.00636    CDp =  0.01043

 Side 1  free  transition at x/c =  0.0292   24
 Side 2 forced transition at x/c =  1.0000   71

   4   rms: 0.9562E-04   max: -.7346E-03   D at   24  1
       a =  8.500      CL =  0.9157
      Cm =  0.0053     CD =  0.01679   =>   CDf =  0.00636    CDp =  0.01043
 plradd ia,ip,cpol           24           0  1.85220572E-03

 Point added to stored polar  1
 Point written to save file  fx76100_Re500k.base.pol                         
 Dump file unspecified or not available
 Calculating wake trajectory ...
 Calculating source influence matrix ...

 Solving BL system ...

 Side 1  free  transition at x/c =  0.0292   24
 Side 2 forced transition at x/c =  1.0000   71

   1   rms: 0.7595E-01   max: 0.3773E+00   T at   24  1
       a =  9.000      CL =  0.9551
      Cm =  0.0082     CD =  0.01781   =>   CDf =  0.00636    CDp =  0.01145

 Side 1  free  transition at x/c =  0.0262   24
 Side 2 forced transition at x/c =  1.0000   71

   2   rms: 0.1238E-01   max: -.1035E+00   D at   24  1
       a =  9.000      CL =  0.9505
      Cm =  0.0087     CD =  0.01827   =>   CDf =  0.00628    CDp =  0.01199

 Side 1  free  transition at x/c =  0.0260   24
 Side 2 forced transition at x/c =  1.0000   71

   3   rms: 0.1594E-02   max: 0.7327E-02   T at   24  1
       a =  9.000      CL =  0.9501
      Cm =  0.0088     CD =  0.01832   =>   CDf =  0.00631    CDp =  0.01201

 Side 1  free  transition at x/c =  0.0260   24
 Side 2 forced transition at x/c =  1.0000   71

   4   rms: 0.1924E-04   max: 0.8031E-04   D at   23  1
       a =  9.000      CL =  0.9501
      Cm =  0.0088     CD =  0.01832   =>   CDf =  0.00631    CDp =  0.01201
 plradd ia,ip,cpol           25           0  1.85220572E-03

 Point added to stored polar  1
 Point written to save file  fx76100_Re500k.base.pol                         
 Dump file unspecified or not available
 Calculating wake trajectory ...
 Calculating source influence matrix ...

 Solving BL system ...

 Side 1  free  transition at x/c =  0.0260   24
 Side 2 forced transition at x/c =  1.0000   71

   1   rms: 0.1463E+00   max: 0.4894E+00   T at   24  1
       a =  9.500      CL =  0.9638
      Cm =  0.0152     CD =  0.02250   =>   CDf =  0.00606    CDp =  0.01644

 Side 1  free  transition at x/c =  0.0233   24
 Side 2 forced transition at x/c =  1.0000   70

   2   rms: 0.6239E-01   max: -.5334E+00   D at   24  1   RLX: 0.937
       a =  9.500      CL =  0.9790
      Cm =  0.0130     CD =  0.02032   =>   CDf =  0.00593    CDp =  0.01439

 Side 1  free  transition at x/c =  0.0237   24
 Side 2 forced transition at x/c =  1.0000   70

   3   rms: 0.1252E-01   max: 0.8876E-01   D at   25  1
       a =  9.500      CL =  0.9870
      Cm =  0.0119     CD =  0.01970   =>   CDf =  0.00614    CDp =  0.01356

 Side 1  free  transition at x/c =  0.0237   24
 Side 2 forced transition at x/c =  1.0000   70

   4   rms: 0.3143E-03   max: -.1364E-02   D at   69  2
       a =  9.500      CL =  0.9867
      Cm =  0.0119     CD =  0.01969   =>   CDf =  0.00612    CDp =  0.01357

 Side 1  free  transition at x/c =  0.0237   24
 Side 2 forced transition at x/c =  1.0000   70

   5   rms: 0.1562E-05   max: 0.5851E-05   D at   34  1
       a =  9.500      CL =  0.9867
      Cm =  0.0119     CD =  0.01969   =>   CDf =  0.00612    CDp =  0.01357
 plradd ia,ip,cpol           26           0  1.85220572E-03

 Point added to stored polar  1
 Point written to save file  fx76100_Re500k.base.pol                         
 Dump file unspecified or not available
 Calculating wake trajectory ...
 Calculating source influence matrix ...

 Solving BL system ...

 Side 1  free  transition at x/c =  0.0237   24
 Side 2 forced transition at x/c =  1.0000   70

   1   rms: 0.7342E-01   max: 0.3614E+00   T at   24  1
       a = 10.000      CL =  1.0249
      Cm =  0.0148     CD =  0.02088   =>   CDf =  0.00612    CDp =  0.01476

 Side 1  free  transition at x/c =  0.0216   24
 Side 2 forced transition at x/c =  1.0000   70

   2   rms: 0.1399E-01   max: -.9354E-01   D at   24  1
       a = 10.000      CL =  1.0231
      Cm =  0.0149     CD =  0.02094   =>   CDf =  0.00599    CDp =  0.01495

 Side 1  free  transition at x/c =  0.0216   24
 Side 2 forced transition at x/c =  1.0000   70

   3   rms: 0.2399E-03   max: 0.1504E-02   T at   24  1
       a = 10.000      CL =  1.0232
      Cm =  0.0149     CD =  0.02095   =>   CDf =  0.00602    CDp =  0.01493

 Side 1  free  transition at x/c =  0.0216   24
 Side 2 forced transition at x/c =  1.0000   70

   4   rms: 0.3215E-05   max: 0.7681E-05   C at   74  1
       a = 10.000      CL =  1.0232
      Cm =  0.0149     CD =  0.02095   =>   CDf =  0.00602    CDp =  0.01493
 plradd ia,ip,cpol           27           0  9.20196064E-04

 Point added to stored polar  1
 Point written to save file  fx76100_Re500k.base.pol                         
 Dump file unspecified or not available

.OPERva   c>  
 Solving BL system ...

 Side 1  free  transition at x/c =  0.0216   24
 Side 2 forced transition at x/c =  1.0000   70

   1   rms: 0.3361E-06   max: -.1691E-05   D at   66  2
       a = 10.000      CL =  1.0232
      Cm =  0.0149     CD =  0.02095   =>   CDf =  0.00602    CDp =  0.01493
 plradd ia,ip,cpol           28         182  9.20196064E-04

 Point added to stored polar  1
 Point written to save file  fx76100_Re500k.base.pol                         
 Dump file unspecified or not available
 Calculating wake trajectory ...
 Calculating source influence matrix ...

 Solving BL system ...

 Side 1  free  transition at x/c =  0.0216   24
 Side 2 forced transition at x/c =  1.0000   70

   1   rms: 0.3773E-01   max: 0.1783E+00   T at   24  1
       a = 10.250      CL =  1.0404
      Cm =  0.0165     CD =  0.02170   =>   CDf =  0.00602    CDp =  0.01567

 Side 1  free  transition at x/c =  0.0208   24
 Side 2 forced transition at x/c =  1.0000   70

   2   rms: 0.4044E-02   max: -.1461E-01   D at   25  1
       a = 10.250      CL =  1.0375
      Cm =  0.0168     CD =  0.02200   =>   CDf =  0.00597    CDp =  0.01603

 Side 1  free  transition at x/c =  0.0207   24
 Side 2 forced transition at x/c =  1.0000   70

   3   rms: 0.1370E-03   max: 0.7557E-03   T at   24  1
       a = 10.250      CL =  1.0375
      Cm =  0.0168     CD =  0.02201   =>   CDf =  0.00598    CDp =  0.01603

 Side 1  free  transition at x/c =  0.0207   24
 Side 2 forced transition at x/c =  1.0000   70

   4   rms: 0.1433E-05   max: -.3622E-05   T at   24  1
       a = 10.250      CL =  1.0375
      Cm =  0.0168     CD =  0.02201   =>   CDf =  0.00598    CDp =  0.01603
 plradd ia,ip,cpol           29           0  9.20196064E-04

 Point added to stored polar  1
 Point written to save file  fx76100_Re500k.base.pol                         
 Dump file unspecified or not available
 Calculating wake trajectory ...
 Calculating source influence matrix ...

 Solving BL system ...

 Side 1  free  transition at x/c =  0.0207   24
 Side 2 forced transition at x/c =  1.0000   70

   1   rms: 0.5012E-01   max: 0.1724E+00   T at   24  1
       a = 10.500      CL =  1.0477
      Cm =  0.0192     CD =  0.02370   =>   CDf =  0.00598    CDp =  0.01771

 Side 1  free  transition at x/c =  0.0200   23
 Side 2 forced transition at x/c =  1.0000   70

   2   rms: 0.1246E-01   max: -.6127E-01   D at   25  1
       a = 10.500      CL =  1.0473
      Cm =  0.0193     CD =  0.02370   =>   CDf =  0.00582    CDp =  0.01787

 Side 1  free  transition at x/c =  0.0200   23
 Side 2 forced transition at x/c =  1.0000   70

   3   rms: 0.2408E-03   max: 0.1730E-02   T at   23  1
       a = 10.500      CL =  1.0475
      Cm =  0.0192     CD =  0.02373   =>   CDf =  0.00585    CDp =  0.01787

 Side 1  free  transition at x/c =  0.0200   23
 Side 2 forced transition at x/c =  1.0000   70

   4   rms: 0.4151E-05   max: -.1038E-04   D at   69  2
       a = 10.500      CL =  1.0475
      Cm =  0.0192     CD =  0.02373   =>   CDf =  0.00585    CDp =  0.01787
 plradd ia,ip,cpol           30           0  9.20196064E-04

 Point added to stored polar  1
 Point written to save file  fx76100_Re500k.base.pol                         
 Dump file unspecified or not available
 Calculating wake trajectory ...
 Calculating source influence matrix ...

 Solving BL system ...

 Side 1  free  transition at x/c =  0.0200   23
 Side 2 forced transition at x/c =  1.0000   70

   1   rms: 0.3503E-01   max: 0.1831E+00   T at   23  1
       a = 10.750      CL =  1.0653
      Cm =  0.0208     CD =  0.02434   =>   CDf =  0.00585    CDp =  0.01849

 Side 1  free  transition at x/c =  0.0194   23
 Side 2 forced transition at x/c =  1.0000   70

   2   rms: 0.1805E-02   max: 0.1377E-01   D at   23  1
       a = 10.750      CL =  1.0640
      Cm =  0.0209     CD =  0.02446   =>   CDf =  0.00572    CDp =  0.01875

 Side 1  free  transition at x/c =  0.0194   23
 Side 2 forced transition at x/c =  1.0000   70

   3   rms: 0.1495E-04   max: -.1431E-03   D at    6  2
       a = 10.750      CL =  1.0640
      Cm =  0.0209     CD =  0.02447   =>   CDf =  0.00572    CDp =  0.01875
 plradd ia,ip,cpol           31           0  9.20196064E-04

 Point added to stored polar  1
 Point written to save file  fx76100_Re500k.base.pol                         
 Dump file unspecified or not available
 Calculating wake trajectory ...
 Calculating source influence matrix ...

 Solving BL system ...

 Side 1  free  transition at x/c =  0.0194   23
 Side 2 forced transition at x/c =  1.0000   70

   1   rms: 0.3718E-01   max: 0.1512E+00   T at   23  1
       a = 11.000      CL =  1.0791
      Cm =  0.0227     CD =  0.02546   =>   CDf =  0.00540    CDp =  0.02006

 Side 1  free  transition at x/c =  0.0188   24
 Side 2 forced transition at x/c =  1.0000   69

   2   rms: 0.2951E-02   max: 0.2569E-01   D at    2  2
       a = 11.000      CL =  1.0778
      Cm =  0.0228     CD =  0.02551   =>   CDf =  0.00557    CDp =  0.01994

 Side 1  free  transition at x/c =  0.0188   24
 Side 2 forced transition at x/c =  1.0000   69

   3   rms: 0.7613E-03   max: -.8895E-02   D at    4  1
       a = 11.000      CL =  1.0779
      Cm =  0.0228     CD =  0.02551   =>   CDf =  0.00557    CDp =  0.01994

 Side 1  free  transition at x/c =  0.0188   24
 Side 2 forced transition at x/c =  1.0000   69

   4   rms: 0.8849E-06   max: -.6172E-05   D at    9  1
       a = 11.000      CL =  1.0779
      Cm =  0.0228     CD =  0.02551   =>   CDf =  0.00557    CDp =  0.01994
 plradd ia,ip,cpol           32           0  9.20196064E-04

 Point added to stored polar  1
 Point written to save file  fx76100_Re500k.base.pol                         
 Dump file unspecified or not available
 Calculating wake trajectory ...
 Calculating source influence matrix ...

 Solving BL system ...

 Side 1  free  transition at x/c =  0.0188   24
 Side 2 forced transition at x/c =  1.0000   69

   1   rms: 0.3650E-01   max: 0.1005E+00   T at   24  1
       a = 11.250      CL =  1.0916
      Cm =  0.0246     CD =  0.02664   =>   CDf =  0.00558    CDp =  0.02106

 Side 1  free  transition at x/c =  0.0183   24
 Side 2 forced transition at x/c =  1.0000   69

   2   rms: 0.1978E-02   max: -.7235E-02   D at   25  1
       a = 11.250      CL =  1.0905
      Cm =  0.0247     CD =  0.02661   =>   CDf =  0.00544    CDp =  0.02117

 Side 1  free  transition at x/c =  0.0183   24
 Side 2 forced transition at x/c =  1.0000   69

   3   rms: 0.5733E-04   max: -.2446E-03   D at   78  2
       a = 11.250      CL =  1.0906
      Cm =  0.0247     CD =  0.02662   =>   CDf =  0.00545    CDp =  0.02117
 plradd ia,ip,cpol           33           0  9.20196064E-04

 Point added to stored polar  1
 Point written to save file  fx76100_Re500k.base.pol                         
 Dump file unspecified or not available
 Calculating wake trajectory ...
 Calculating source influence matrix ...

 Solving BL system ...

 Side 1  free  transition at x/c =  0.0183   24
 Side 2 forced transition at x/c =  1.0000   69

   1   rms: 0.3612E-01   max: 0.1328E+00   T at   24  1
       a = 11.500      CL =  1.1030
      Cm =  0.0267     CD =  0.02776   =>   CDf =  0.00545    CDp =  0.02230

 Side 1  free  transition at x/c =  0.0177   24
 Side 2 forced transition at x/c =  1.0000   69

   2   rms: 0.3661E-02   max: -.1650E-01   D at   25  1
       a = 11.500      CL =  1.1019
      Cm =  0.0268     CD =  0.02771   =>   CDf =  0.00532    CDp =  0.02238

 Side 1  free  transition at x/c =  0.0177   24
 Side 2 forced transition at x/c =  1.0000   69

   3   rms: 0.1560E-03   max: -.6380E-03   D at   78  2
       a = 11.500      CL =  1.1020
      Cm =  0.0268     CD =  0.02771   =>   CDf =  0.00534    CDp =  0.02237

 Side 1  free  transition at x/c =  0.0177   24
 Side 2 forced transition at x/c =  1.0000   69

   4   rms: 0.1710E-05   max: 0.5106E-05   D at   83  1
       a = 11.500      CL =  1.1020
      Cm =  0.0268     CD =  0.02771   =>   CDf =  0.00534    CDp =  0.02238
 plradd ia,ip,cpol           34           0  9.20196064E-04

 Point added to stored polar  1
 Point written to save file  fx76100_Re500k.base.pol                         
 Dump file unspecified or not available
 Calculating wake trajectory ...
 Calculating source influence matrix ...

 Solving BL system ...

 Side 1  free  transition at x/c =  0.0177   24
 Side 2 forced transition at x/c =  1.0000   69

   1   rms: 0.3534E-01   max: 0.7590E-01   D at   81  1
       a = 11.750      CL =  1.1131
      Cm =  0.0288     CD =  0.02897   =>   CDf =  0.00534    CDp =  0.02363

 Side 1  free  transition at x/c =  0.0173   24
 Side 2 forced transition at x/c =  1.0000   69

   2   rms: 0.6859E-02   max: -.3589E-01   D at   24  1
       a = 11.750      CL =  1.1121
      Cm =  0.0289     CD =  0.02882   =>   CDf =  0.00520    CDp =  0.02362

 Side 1  free  transition at x/c =  0.0174   24
 Side 2 forced transition at x/c =  1.0000   69

   3   rms: 0.2609E-03   max: -.1199E-02   D at   93  1
       a = 11.750      CL =  1.1124
      Cm =  0.0289     CD =  0.02883   =>   CDf =  0.00523    CDp =  0.02360

 Side 1  free  transition at x/c =  0.0174   24
 Side 2 forced transition at x/c =  1.0000   69

   4   rms: 0.3165E-05   max: 0.1145E-04   D at   93  1
       a = 11.750      CL =  1.1124
      Cm =  0.0289     CD =  0.02883   =>   CDf =  0.00523    CDp =  0.02360
 plradd ia,ip,cpol           35           0  9.20196064E-04

 Point added to stored polar  1
 Point written to save file  fx76100_Re500k.base.pol                         
 Dump file unspecified or not available
 Calculating wake trajectory ...
 Calculating source influence matrix ...

 Solving BL system ...

 Side 1  free  transition at x/c =  0.0174   24
 Side 2 forced transition at x/c =  1.0000   69

   1   rms: 0.3441E-01   max: 0.1147E+00   T at   24  1
       a = 12.000      CL =  1.1207
      Cm =  0.0312     CD =  0.03007   =>   CDf =  0.00523    CDp =  0.02484

 Side 1  free  transition at x/c =  0.0169   24
 Side 2 forced transition at x/c =  1.0000   69

   2   rms: 0.4838E-02   max: -.1955E-01   D at   24  1
       a = 12.000      CL =  1.1180
      Cm =  0.0316     CD =  0.02999   =>   CDf =  0.00512    CDp =  0.02487

 Side 1  free  transition at x/c =  0.0170   24
 Side 2 forced transition at x/c =  1.0000   69

   3   rms: 0.2841E-03   max: -.1212E-02   D at   93  1
       a = 12.000      CL =  1.1182
      Cm =  0.0316     CD =  0.03000   =>   CDf =  0.00514    CDp =  0.02486

 Side 1  free  transition at x/c =  0.0170   24
 Side 2 forced transition at x/c =  1.0000   69

   4   rms: 0.2862E-05   max: 0.8695E-05   T at   24  1
       a = 12.000      CL =  1.1182
      Cm =  0.0316     CD =  0.03000   =>   CDf =  0.00514    CDp =  0.02486
 plradd ia,ip,cpol           36           0  3.26146168E-04

 Point added to stored polar  1
 Point written to save file  fx76100_Re500k.base.pol                         
 Dump file unspecified or not available
 Calculating wake trajectory ...
 Calculating source influence matrix ...

 Solving BL system ...

 Side 1  free  transition at x/c =  0.0170   24
 Side 2 forced transition at x/c =  1.0000   69

   1   rms: 0.3209E-01   max: 0.9897E-01   T at   24  1
       a = 12.250      CL =  1.1251
      Cm =  0.0341     CD =  0.03105   =>   CDf =  0.00514    CDp =  0.02590

 Side 1  free  transition at x/c =  0.0165   24
 Side 2 forced transition at x/c =  1.0000   69

   2   rms: 0.1180E-01   max: -.6451E-01   D at   24  1
       a = 12.250      CL =  1.1240
      Cm =  0.0341     CD =  0.03093   =>   CDf =  0.00505    CDp =  0.02588

 Side 1  free  transition at x/c =  0.0166   24
 Side 2 forced transition at x/c =  1.0000   69

   3   rms: 0.9344E-03   max: -.3949E-02   D at   92  1
       a = 12.250      CL =  1.1248
      Cm =  0.0340     CD =  0.03095   =>   CDf =  0.00509    CDp =  0.02586

 Side 1  free  transition at x/c =  0.0166   24
 Side 2 forced transition at x/c =  1.0000   69

   4   rms: 0.9880E-05   max: 0.6998E-04   D at   89  1
       a = 12.250      CL =  1.1248
      Cm =  0.0340     CD =  0.03096   =>   CDf =  0.00509    CDp =  0.02586
 plradd ia,ip,cpol           37           0  9.20196064E-04

 Point added to stored polar  1
 Point written to save file  fx76100_Re500k.base.pol                         
 Dump file unspecified or not available
 Calculating wake trajectory ...
 Calculating source influence matrix ...

 Solving BL system ...

 Side 1  free  transition at x/c =  0.0166   24
 Side 2 forced transition at x/c =  1.0000   69

   1   rms: 0.3470E-01   max: 0.1619E+00   T at   24  1
       a = 12.500      CL =  1.1299
      Cm =  0.0363     CD =  0.03227   =>   CDf =  0.00510    CDp =  0.02717

 Side 1  free  transition at x/c =  0.0160   24
 Side 2 forced transition at x/c =  1.0000   69

   2   rms: 0.9980E-02   max: 0.4093E-01   D at   88  1
       a = 12.500      CL =  1.1227
      Cm =  0.0366     CD =  0.03304   =>   CDf =  0.00498    CDp =  0.02806

 Side 1  free  transition at x/c =  0.0160   24
 Side 2 forced transition at x/c =  1.0000   69

   3   rms: 0.2225E-03   max: 0.3249E-02   D at   87  1
       a = 12.500      CL =  1.1226
      Cm =  0.0367     CD =  0.03303   =>   CDf =  0.00499    CDp =  0.02803

 Side 1  free  transition at x/c =  0.0160   24
 Side 2 forced transition at x/c =  1.0000   69

   4   rms: 0.2781E-05   max: 0.1926E-04   D at   86  1
       a = 12.500      CL =  1.1226
      Cm =  0.0367     CD =  0.03303   =>   CDf =  0.00499    CDp =  0.02803
 plradd ia,ip,cpol           38           0  9.20196064E-04

 Point added to stored polar  1
 Point written to save file  fx76100_Re500k.base.pol                         
 Dump file unspecified or not available
 Calculating wake trajectory ...
 Calculating source influence matrix ...

 Solving BL system ...

 Side 1  free  transition at x/c =  0.0160   24
 Side 2 forced transition at x/c =  1.0000   69

   1   rms: 0.5168E-01   max: 0.1426E+00   D at   77  1
       a = 12.750      CL =  1.1181
      Cm =  0.0391     CD =  0.03596   =>   CDf =  0.00500    CDp =  0.03096

 Side 1  free  transition at x/c =  0.0157   23
 Side 2 forced transition at x/c =  1.0000   69

   2   rms: 0.9951E-02   max: 0.5051E-01   D at   85  1
       a = 12.750      CL =  1.1110
      Cm =  0.0393     CD =  0.03630   =>   CDf =  0.00474    CDp =  0.03156

 Side 1  free  transition at x/c =  0.0157   23
 Side 2 forced transition at x/c =  1.0000   69

   3   rms: 0.4378E-03   max: 0.4879E-02   D at   84  1
       a = 12.750      CL =  1.1113
      Cm =  0.0392     CD =  0.03630   =>   CDf =  0.00477    CDp =  0.03153

 Side 1  free  transition at x/c =  0.0157   23
 Side 2 forced transition at x/c =  1.0000   69

   4   rms: 0.3996E-05   max: 0.4123E-04   C at   69  2
       a = 12.750      CL =  1.1113
      Cm =  0.0392     CD =  0.03630   =>   CDf =  0.00477    CDp =  0.03153
 plradd ia,ip,cpol           39           0  9.20196064E-04

 Point added to stored polar  1
 Point written to save file  fx76100_Re500k.base.pol                         
 Dump file unspecified or not available
 Calculating wake trajectory ...
 Calculating source influence matrix ...

 Solving BL system ...

 Side 1  free  transition at x/c =  0.0157   23
 Side 2 forced transition at x/c =  1.0000   69

   1   rms: 0.4400E-01   max: 0.1279E+00   D at   76  1
       a = 13.000      CL =  1.1092
      Cm =  0.0408     CD =  0.03901   =>   CDf =  0.00477    CDp =  0.03423

 Side 1  free  transition at x/c =  0.0157   23
 Side 2 forced transition at x/c =  1.0000   69

   2   rms: 0.7224E-02   max: 0.4464E-01   D at   82  1
       a = 13.000      CL =  1.1049
      Cm =  0.0408     CD =  0.03917   =>   CDf =  0.00457    CDp =  0.03460

 Side 1  free  transition at x/c =  0.0157   23
 Side 2 forced transition at x/c =  1.0000   69

   3   rms: 0.3248E-03   max: 0.3954E-02   D at   81  1
       a = 13.000      CL =  1.1047
      Cm =  0.0408     CD =  0.03915   =>   CDf =  0.00457    CDp =  0.03458

 Side 1  free  transition at x/c =  0.0157   23
 Side 2 forced transition at x/c =  1.0000   69

   4   rms: 0.3564E-05   max: -.3646E-04   C at   69  2
       a = 13.000      CL =  1.1047
      Cm =  0.0408     CD =  0.03915   =>   CDf =  0.00457    CDp =  0.03458
 plradd ia,ip,cpol           40           0  3.26146168E-04

 Point added to stored polar  1
 Point written to save file  fx76100_Re500k.base.pol                         
 Dump file unspecified or not available
 Calculating wake trajectory ...
 Calculating source influence matrix ...

 Solving BL system ...

 Side 1  free  transition at x/c =  0.0157   23
 Side 2 forced transition at x/c =  1.0000   69

   1   rms: 0.3565E-01   max: 0.1935E+00   T at   23  1
       a = 13.250      CL =  1.1102
      Cm =  0.0414     CD =  0.04026   =>   CDf =  0.00419    CDp =  0.03607

 Side 1  free  transition at x/c =  0.0154   24
 Side 2 forced transition at x/c =  1.0000   68

   2   rms: 0.3947E-02   max: 0.2745E-01   D at   80  1
       a = 13.250      CL =  1.1082
      Cm =  0.0413     CD =  0.04055   =>   CDf =  0.00440    CDp =  0.03615

 Side 1  free  transition at x/c =  0.0154   24
 Side 2 forced transition at x/c =  1.0000   68

   3   rms: 0.5293E-03   max: -.5993E-02   D at    4  1
       a = 13.250      CL =  1.1083
      Cm =  0.0412     CD =  0.04055   =>   CDf =  0.00440    CDp =  0.03615

 Side 1  free  transition at x/c =  0.0154   24
 Side 2 forced transition at x/c =  1.0000   68

   4   rms: 0.3902E-05   max: 0.1466E-04   C at   68  2
       a = 13.250      CL =  1.1083
      Cm =  0.0412     CD =  0.04055   =>   CDf =  0.00440    CDp =  0.03615
 plradd ia,ip,cpol           41           0  3.26146168E-04

 Point added to stored polar  1
 Point written to save file  fx76100_Re500k.base.pol                         
 Dump file unspecified or not available
 Calculating wake trajectory ...
 Calculating source influence matrix ...

 Solving BL system ...

 Side 1  free  transition at x/c =  0.0154   24
 Side 2 forced transition at x/c =  1.0000   68

   1   rms: 0.4377E-01   max: 0.1358E+00   D at   74  1
       a = 13.500      CL =  1.1059
      Cm =  0.0413     CD =  0.04372   =>   CDf =  0.00440    CDp =  0.03932

 Side 1  free  transition at x/c =  0.0154   24
 Side 2 forced transition at x/c =  1.0000   68

   2   rms: 0.7303E-02   max: 0.5115E-01   D at   77  1
       a = 13.500      CL =  1.1015
      Cm =  0.0412     CD =  0.04380   =>   CDf =  0.00422    CDp =  0.03959

 Side 1  free  transition at x/c =  0.0154   24
 Side 2 forced transition at x/c =  1.0000   68

   3   rms: 0.2581E-03   max: 0.5033E-02   D at   75  1
       a = 13.500      CL =  1.1015
      Cm =  0.0412     CD =  0.04376   =>   CDf =  0.00422    CDp =  0.03954

 Side 1  free  transition at x/c =  0.0154   24
 Side 2 forced transition at x/c =  1.0000   68

   4   rms: 0.1150E-04   max: 0.7028E-04   D at   79  2
       a = 13.500      CL =  1.1015
      Cm =  0.0412     CD =  0.04376   =>   CDf =  0.00422    CDp =  0.03954
 plradd ia,ip,cpol           42           0  3.26146168E-04

 Point added to stored polar  1
 Point written to save file  fx76100_Re500k.base.pol                         
 Dump file unspecified or not available
 Calculating wake trajectory ...
 Calculating source influence matrix ...

 Solving BL system ...

 Side 1  free  transition at x/c =  0.0154   24
 Side 2 forced transition at x/c =  1.0000   68

   1   rms: 0.4058E-01   max: 0.1634E+00   T at   24  1   RLX: 0.962
       a = 13.750      CL =  1.1019
      Cm =  0.0402     CD =  0.04659   =>   CDf =  0.00422    CDp =  0.04237

 Side 1  free  transition at x/c =  0.0151   24
 Side 2 forced transition at x/c =  1.0000   68

   2   rms: 0.9643E-02   max: 0.5762E-01   D at   73  1
       a = 13.750      CL =  1.0968
      Cm =  0.0400     CD =  0.04711   =>   CDf =  0.00405    CDp =  0.04307

 Side 1  free  transition at x/c =  0.0151   24
 Side 2 forced transition at x/c =  1.0000   68

   3   rms: 0.7746E-03   max: 0.8144E-02   D at   71  1
       a = 13.750      CL =  1.0963
      Cm =  0.0400     CD =  0.04703   =>   CDf =  0.00403    CDp =  0.04300

 Side 1  free  transition at x/c =  0.0151   24
 Side 2 forced transition at x/c =  1.0000   68

   4   rms: 0.1974E-04   max: -.1766E-03   C at   68  2
       a = 13.750      CL =  1.0963
      Cm =  0.0400     CD =  0.04702   =>   CDf =  0.00403    CDp =  0.04300
 plradd ia,ip,cpol           43           0  3.26146168E-04

 Point added to stored polar  1
 Point written to save file  fx76100_Re500k.base.pol                         
 Dump file unspecified or not available
 Calculating wake trajectory ...
 Calculating source influence matrix ...

 Solving BL system ...

 Side 1  free  transition at x/c =  0.0151   24
 Side 2 forced transition at x/c =  1.0000   68

   1   rms: 0.4996E-01   max: 0.1677E+00   D at   68  1   RLX: 0.894
       a = 14.000      CL =  1.0914
      Cm =  0.0382     CD =  0.05122   =>   CDf =  0.00403    CDp =  0.04719

 Side 1  free  transition at x/c =  0.0151   24
 Side 2 forced transition at x/c =  1.0000   68

   2   rms: 0.1255E-01   max: 0.7511E-01   D at   69  1
       a = 14.000      CL =  1.0859
      Cm =  0.0377     CD =  0.05174   =>   CDf =  0.00385    CDp =  0.04789

 Side 1  free  transition at x/c =  0.0151   24
 Side 2 forced transition at x/c =  1.0000   68

   3   rms: 0.9405E-03   max: 0.1141E-01   D at   67  1
       a = 14.000      CL =  1.0853
      Cm =  0.0378     CD =  0.05158   =>   CDf =  0.00384    CDp =  0.04774

 Side 1  free  transition at x/c =  0.0151   24
 Side 2 forced transition at x/c =  1.0000   68

   4   rms: 0.3004E-04   max: -.1422E-03   C at   68  2
       a = 14.000      CL =  1.0853
      Cm =  0.0378     CD =  0.05157   =>   CDf =  0.00384    CDp =  0.04773
 plradd ia,ip,cpol           44           0  3.26146168E-04

 Point added to stored polar  1
 Point written to save file  fx76100_Re500k.base.pol                         
 Dump file unspecified or not available
 Calculating wake trajectory ...
 Calculating source influence matrix ...

 Solving BL system ...

 Side 1  free  transition at x/c =  0.0151   24
 Side 2 forced transition at x/c =  1.0000   68

   1   rms: 0.6363E-01   max: 0.2175E+00   D at   64  1   RLX: 0.826
       a = 14.250      CL =  1.0761
      Cm =  0.0347     CD =  0.05708   =>   CDf =  0.00385    CDp =  0.05324

 Side 1  free  transition at x/c =  0.0150   24
 Side 2 forced transition at x/c =  1.0000   68

   2   rms: 0.2550E-01   max: 0.1235E+00   D at   64  1
       a = 14.250      CL =  1.0658
      Cm =  0.0334     CD =  0.05877   =>   CDf =  0.00364    CDp =  0.05513

 Side 1  free  transition at x/c =  0.0150   24
 Side 2 forced transition at x/c =  1.0000   68

   3   rms: 0.3833E-02   max: 0.2763E-01   D at   62  1
       a = 14.250      CL =  1.0633
      Cm =  0.0336     CD =  0.05851   =>   CDf =  0.00359    CDp =  0.05491

 Side 1  free  transition at x/c =  0.0151   24
 Side 2 forced transition at x/c =  1.0000   68

   4   rms: 0.2040E-03   max: 0.2102E-02   D at   81  2
       a = 14.250      CL =  1.0632
      Cm =  0.0336     CD =  0.05845   =>   CDf =  0.00359    CDp =  0.05486

 Side 1  free  transition at x/c =  0.0151   24
 Side 2 forced transition at x/c =  1.0000   68

   5   rms: 0.2057E-04   max: -.6294E-04   D at   83  2
       a = 14.250      CL =  1.0632
      Cm =  0.0336     CD =  0.05845   =>   CDf =  0.00359    CDp =  0.05486
 plradd ia,ip,cpol           45           0  3.26146168E-04

 Point added to stored polar  1
 Point written to save file  fx76100_Re500k.base.pol                         
 Dump file unspecified or not available
 Calculating wake trajectory ...
 Calculating source influence matrix ...

 Solving BL system ...

 Side 1  free  transition at x/c =  0.0151   24
 Side 2 forced transition at x/c =  1.0000   68

   1   rms: 0.4855E-01   max: 0.1705E+00   D at   59  1   RLX: 0.773
       a = 14.500      CL =  1.0617
      Cm =  0.0304     CD =  0.06293   =>   CDf =  0.00360    CDp =  0.05933

 Side 1  free  transition at x/c =  0.0150   24
 Side 2 forced transition at x/c =  1.0000   68

   2   rms: 0.2407E-01   max: 0.9741E-01   D at   59  1
       a = 14.500      CL =  1.0534
      Cm =  0.0293     CD =  0.06474   =>   CDf =  0.00350    CDp =  0.06124

 Side 1  free  transition at x/c =  0.0150   24
 Side 2 forced transition at x/c =  1.0000   68

   3   rms: 0.3864E-02   max: 0.2114E-01   D at   57  1
       a = 14.500      CL =  1.0508
      Cm =  0.0294     CD =  0.06441   =>   CDf =  0.00342    CDp =  0.06099

 Side 1  free  transition at x/c =  0.0150   24
 Side 2 forced transition at x/c =  1.0000   68

   4   rms: 0.2036E-03   max: -.1128E-02   D at   58  1
       a = 14.500      CL =  1.0507
      Cm =  0.0294     CD =  0.06433   =>   CDf =  0.00343    CDp =  0.06090

 Side 1  free  transition at x/c =  0.0150   24
 Side 2 forced transition at x/c =  1.0000   68

   5   rms: 0.3044E-04   max: -.1288E-03   D at   81  2
       a = 14.500      CL =  1.0508
      Cm =  0.0294     CD =  0.06433   =>   CDf =  0.00343    CDp =  0.06090
 plradd ia,ip,cpol           46           0  3.26146168E-04

 Point added to stored polar  1
 Point written to save file  fx76100_Re500k.base.pol                         
 Dump file unspecified or not available
 Calculating wake trajectory ...
 Calculating source influence matrix ...

 Solving BL system ...

 Side 1  free  transition at x/c =  0.0150   24
 Side 2 forced transition at x/c =  1.0000   68

   1   rms: 0.6407E-01   max: 0.2314E+00   D at   55  1   RLX: 0.718
       a = 14.750      CL =  1.0432
      Cm =  0.0253     CD =  0.07049   =>   CDf =  0.00343    CDp =  0.06706

 Side 1  free  transition at x/c =  0.0150   24
 Side 2 forced transition at x/c =  1.0000   68

   2   rms: 0.2531E-01   max: 0.1194E+00   D at   55  1
       a = 14.750      CL =  1.0336
      Cm =  0.0239     CD =  0.07248   =>   CDf =  0.00329    CDp =  0.06919

 Side 1  free  transition at x/c =  0.0151   24
 Side 2 forced transition at x/c =  1.0000   68

   3   rms: 0.3292E-02   max: 0.2402E-01   D at   82  2
       a = 14.750      CL =  1.0313
      Cm =  0.0243     CD =  0.07178   =>   CDf =  0.00325    CDp =  0.06853

 Side 1  free  transition at x/c =  0.0151   24
 Side 2 forced transition at x/c =  1.0000   68

   4   rms: 0.2479E-03   max: -.8954E-03   D at   53  1
       a = 14.750      CL =  1.0314
      Cm =  0.0243     CD =  0.07174   =>   CDf =  0.00326    CDp =  0.06848

 Side 1  free  transition at x/c =  0.0151   24
 Side 2 forced transition at x/c =  1.0000   68

   5   rms: 0.2896E-04   max: -.1290E-03   D at   82  2
       a = 14.750      CL =  1.0314
      Cm =  0.0243     CD =  0.07175   =>   CDf =  0.00326    CDp =  0.06848
 plradd ia,ip,cpol           47           0  3.26146168E-04

 Point added to stored polar  1
 Point written to save file  fx76100_Re500k.base.pol                         
 Dump file unspecified or not available
 Calculating wake trajectory ...
 Calculating source influence matrix ...

 Solving BL system ...

 Side 1  free  transition at x/c =  0.0151   24
 Side 2 forced transition at x/c =  1.0000   68

   1   rms: 0.7135E-01   max: 0.2665E+00   D at   51  1   RLX: 0.668
       a = 15.000      CL =  1.0220
      Cm =  0.0196     CD =  0.07879   =>   CDf =  0.00327    CDp =  0.07553

 Side 1  free  transition at x/c =  0.0150   24
 Side 2 forced transition at x/c =  1.0000   68

   2   rms: 0.3145E-01   max: 0.1448E+00   D at   50  1
       a = 15.000      CL =  1.0099
      Cm =  0.0177     CD =  0.08165   =>   CDf =  0.00313    CDp =  0.07852

 Side 1  free  transition at x/c =  0.0151   24
 Side 2 forced transition at x/c =  1.0000   68

   3   rms: 0.4194E-02   max: 0.2338E-01   D at   49  1
       a = 15.000      CL =  1.0070
      Cm =  0.0183     CD =  0.08057   =>   CDf =  0.00307    CDp =  0.07750

 Side 1  free  transition at x/c =  0.0151   24
 Side 2 forced transition at x/c =  1.0000   68

   4   rms: 0.3554E-03   max: -.1141E-02   D at   49  1
       a = 15.000      CL =  1.0072
      Cm =  0.0183     CD =  0.08050   =>   CDf =  0.00308    CDp =  0.07741

 Side 1  free  transition at x/c =  0.0151   24
 Side 2 forced transition at x/c =  1.0000   68

   5   rms: 0.4055E-04   max: 0.1643E-03   D at   46  1
       a = 15.000      CL =  1.0072
      Cm =  0.0183     CD =  0.08051   =>   CDf =  0.00308    CDp =  0.07743
 plradd ia,ip,cpol           48           0  3.26146168E-04

 Point added to stored polar  1
 Point written to save file  fx76100_Re500k.base.pol                         
 Dump file unspecified or not available
 Calculating wake trajectory ...
 Calculating source influence matrix ...

 Solving BL system ...

 Side 1  free  transition at x/c =  0.0151   24
 Side 2 forced transition at x/c =  1.0000   68

   1   rms: 0.8987E-01   max: 0.3343E+00   D at   47  1   RLX: 0.617
       a = 15.250      CL =  0.9925
      Cm =  0.0130     CD =  0.08911   =>   CDf =  0.00309    CDp =  0.08603

 Side 1  free  transition at x/c =  0.0152   24
 Side 2 forced transition at x/c =  1.0000   68
 idif Ue xi dudx           1  0.12061142      9.03272629E-03   13.352715    
 Uenew xinew           2  5.99459745E-03  4.48942184E-04

   2   rms: 0.4396E-01   max: 0.1898E+00   D at   46  1
       a = 15.250      CL =  0.9738
      Cm =  0.0104     CD =  0.09370   =>   CDf =  0.00325    CDp =  0.09045

 Side 1  free  transition at x/c =  0.0154   23
 Side 2 forced transition at x/c =  1.0000   69

   3   rms: 0.8949E-02   max: -.1004E+00   D at    2  2
       a = 15.250      CL =  0.9700
      Cm =  0.0113     CD =  0.09178   =>   CDf =  0.00291    CDp =  0.08887

 Side 1  free  transition at x/c =  0.0154   23
 Side 2 forced transition at x/c =  1.0000   69

   4   rms: 0.6885E-03   max: -.3063E-02   D at   84  2
       a = 15.250      CL =  0.9704
      Cm =  0.0113     CD =  0.09173   =>   CDf =  0.00293    CDp =  0.08880

 Side 1  free  transition at x/c =  0.0154   23
 Side 2 forced transition at x/c =  1.0000   69

   5   rms: 0.7677E-04   max: 0.3365E-03   D at   43  1
       a = 15.250      CL =  0.9704
      Cm =  0.0113     CD =  0.09176   =>   CDf =  0.00292    CDp =  0.08883
 plradd ia,ip,cpol           49           0  3.26146168E-04

 Point added to stored polar  1
 Point written to save file  fx76100_Re500k.base.pol                         
 Dump file unspecified or not available
 Calculating wake trajectory ...
 Calculating source influence matrix ...

 Solving BL system ...

 Side 1  free  transition at x/c =  0.0154   23
 Side 2 forced transition at x/c =  1.0000   69

   1   rms: 0.9304E-01   max: 0.3607E+00   D at   42  1   RLX: 0.570
       a = 15.500      CL =  0.9560
      Cm =  0.0059     CD =  0.10084   =>   CDf =  0.00293    CDp =  0.09791

 Side 1  free  transition at x/c =  0.0154   23
 Side 2 forced transition at x/c =  1.0000   69

   2   rms: 0.4981E-01   max: 0.2133E+00   D at   41  1
       a = 15.500      CL =  0.9358
      Cm =  0.0026     CD =  0.10682   =>   CDf =  0.00281    CDp =  0.10400

 Side 1  free  transition at x/c =  0.0155   23
 Side 2 forced transition at x/c =  1.0000   69

   3   rms: 0.7141E-02   max: -.3821E-01   D at   42  1
       a = 15.500      CL =  0.9323
      Cm =  0.0038     CD =  0.10392   =>   CDf =  0.00275    CDp =  0.10117

 Side 1  free  transition at x/c =  0.0155   23
 Side 2 forced transition at x/c =  1.0000   69

   4   rms: 0.7883E-03   max: 0.5993E-02   D at   85  2
       a = 15.500      CL =  0.9327
      Cm =  0.0038     CD =  0.10392   =>   CDf =  0.00277    CDp =  0.10115

 Side 1  free  transition at x/c =  0.0155   23
 Side 2 forced transition at x/c =  1.0000   69

   5   rms: 0.9455E-04   max: 0.2521E-03   D at   87  2
       a = 15.500      CL =  0.9326
      Cm =  0.0038     CD =  0.10395   =>   CDf =  0.00277    CDp =  0.10118
 plradd ia,ip,cpol           50           0  3.26146168E-04

 Point added to stored polar  1
 Point written to save file  fx76100_Re500k.base.pol                         
 Dump file unspecified or not available
 Calculating wake trajectory ...
 Calculating source influence matrix ...

 Solving BL system ...

 Side 1  free  transition at x/c =  0.0155   23
 Side 2 forced transition at x/c =  1.0000   69

   1   rms: 0.1360E+00   max: 0.5130E+00   D at   38  1   RLX: 0.521
       a = 15.750      CL =  0.9107
      Cm = -0.0028     CD =  0.11640   =>   CDf =  0.00277    CDp =  0.11363

 Side 1  free  transition at x/c =  0.0157   23
 Side 2 forced transition at x/c =  1.0000   69

   2   rms: 0.1252E+00   max: 0.4947E+00   D at   38  1
       a = 15.750      CL =  0.8637
      Cm = -0.0112     CD =  0.13335   =>   CDf =  0.00266    CDp =  0.13069

 Side 1  free  transition at x/c =  0.0162   24
 Side 2 forced transition at x/c =  1.0000   69

   3   rms: 0.3048E+00   max: 0.9054E+00   D at   38  1   RLX: 0.891
       a = 15.750      CL =  0.9778
      Cm =  0.0200     CD =  0.08679   =>   CDf =  0.00276    CDp =  0.08403

 MRCHDU: Convergence failed at  25  side 1    Res =  0.7230E+02
 MRCHDU: Convergence failed at  26  side 1    Res =  0.3780E+02
 MRCHDU: Convergence failed at  27  side 1    Res =  0.1007E+03
 MRCHDU: Convergence failed at  28  side 1    Res =  0.6601E+03
 MRCHDU: Convergence failed at  29  side 1    Res =  0.8463E+02
 MRCHDU: Convergence failed at  30  side 1    Res =  0.5640E+02
 MRCHDU: Convergence failed at  31  side 1    Res =  0.7027E+03
 MRCHDU: Convergence failed at  32  side 1    Res =  0.5714E+03
 MRCHDU: Convergence failed at  33  side 1    Res =  0.5562E+03
 MRCHDU: Convergence failed at  34  side 1    Res =  0.7088E+03
 MRCHDU: Convergence failed at  35  side 1    Res =  0.2195E+04
 MRCHDU: Convergence failed at  36  side 1    Res =  0.1316E+04
 MRCHDU: Convergence failed at  37  side 1    Res =  0.2130E+03
 MRCHDU: Convergence failed at  38  side 1    Res =  0.8725E+04
 MRCHDU: Convergence failed at  39  side 1    Res =  0.2820E+04
 MRCHDU: Convergence failed at  40  side 1    Res =  0.3229E+03
 MRCHDU: Convergence failed at  41  side 1    Res =  0.2192E+03
 MRCHDU: Convergence failed at  42  side 1    Res =  0.2372E+03
 MRCHDU: Convergence failed at  43  side 1    Res =  0.8488E+04
 MRCHDU: Convergence failed at  44  side 1    Res =  0.9417E+02
 MRCHDU: Convergence failed at  45  side 1    Res =  0.4696E+03
 MRCHDU: Convergence failed at  46  side 1    Res =  0.2411E+03
 MRCHDU: Convergence failed at  47  side 1    Res =  0.1419E+03
 MRCHDU: Convergence failed at  48  side 1    Res =  0.2899E+03
 MRCHDU: Convergence failed at  49  side 1    Res =  0.1964E+04
 MRCHDU: Convergence failed at  50  side 1    Res =  0.8151E+06
 MRCHDU: Convergence failed at  51  side 1    Res =  0.4638E+03
 MRCHDU: Convergence failed at  52  side 1    Res =  0.1553E+03
 MRCHDU: Convergence failed at  53  side 1    Res =  0.9530E+02
 MRCHDU: Convergence failed at  54  side 1    Res =  0.3704E+04
 MRCHDU: Convergence failed at  55  side 1    Res =  0.1770E+05
 MRCHDU: Convergence failed at  56  side 1    Res =  0.9210E+02
 MRCHDU: Convergence failed at  57  side 1    Res =  0.3928E+04
 MRCHDU: Convergence failed at  58  side 1    Res =  0.5917E+05
 MRCHDU: Convergence failed at  59  side 1    Res =  0.8956E+02
 MRCHDU: Convergence failed at  60  side 1    Res =  0.3964E+04
 MRCHDU: Convergence failed at  61  side 1    Res =  0.6533E+05
 MRCHDU: Convergence failed at  62  side 1    Res =  0.8773E+02
 MRCHDU: Convergence failed at  63  side 1    Res =  0.2423E+04
 MRCHDU: Convergence failed at  64  side 1    Res =  0.5841E+04
 MRCHDU: Convergence failed at  65  side 1    Res =  0.8656E+02
 MRCHDU: Convergence failed at  66  side 1    Res =  0.8552E+02
 MRCHDU: Convergence failed at  67  side 1    Res =  0.2189E+04
 MRCHDU: Convergence failed at  68  side 1    Res =  0.5228E+04
 MRCHDU: Convergence failed at  69  side 1    Res =  0.1602E+05
 MRCHDU: Convergence failed at  70  side 1    Res =  0.3258E+04
 MRCHDU: Convergence failed at  71  side 1    Res =  0.1863E+04
 MRCHDU: Convergence failed at  72  side 1    Res =  0.1332E+04
 MRCHDU: Convergence failed at  73  side 1    Res =  0.1055E+04
 MRCHDU: Convergence failed at  74  side 1    Res =  0.8796E+03
 MRCHDU: Convergence failed at  75  side 1    Res =  0.7573E+03
 MRCHDU: Convergence failed at  76  side 1    Res =  0.6647E+03
 MRCHDU: Convergence failed at  77  side 1    Res =  0.5961E+03
 MRCHDU: Convergence failed at  78  side 1    Res =  0.5426E+03
 MRCHDU: Convergence failed at  79  side 1    Res =  0.4996E+03
 MRCHDU: Convergence failed at  80  side 1    Res =  0.4669E+03
 MRCHDU: Convergence failed at  81  side 1    Res =  0.4413E+03
 MRCHDU: Convergence failed at  82  side 1    Res =  0.4158E+03
 MRCHDU: Convergence failed at  83  side 1    Res =  0.3954E+03
 MRCHDU: Convergence failed at  84  side 1    Res =  0.3797E+03
 MRCHDU: Convergence failed at  85  side 1    Res =  0.3627E+03
 MRCHDU: Convergence failed at  86  side 1    Res =  0.3453E+03
 MRCHDU: Convergence failed at  87  side 1    Res =  0.3265E+03
 MRCHDU: Convergence failed at  88  side 1    Res =  0.3035E+03
 MRCHDU: Convergence failed at  89  side 1    Res =  0.2737E+03
 MRCHDU: Convergence failed at  90  side 1    Res =  0.2386E+03
 MRCHDU: Convergence failed at  91  side 1    Res =  0.2098E+03
 MRCHDU: Convergence failed at  92  side 1    Res =  0.1911E+03
 MRCHDU: Convergence failed at  93  side 1    Res =  0.1814E+03
 MRCHDU: Convergence failed at  94  side 1    Res =  0.1680E+03
 MRCHDU: Convergence failed at  78  side 2    Res =  0.2005E+02
 MRCHDU: Convergence failed at  79  side 2    Res =  0.2449E+01
 MRCHDU: Convergence failed at  80  side 2    Res =  0.6839E+02
 MRCHDU: Convergence failed at  81  side 2    Res =  0.3287E+01
 MRCHDU: Convergence failed at  82  side 2    Res =  0.3092E+01
 MRCHDU: Convergence failed at  83  side 2    Res =  0.2839E+01
 MRCHDU: Convergence failed at  84  side 2    Res =  0.2367E+01
 MRCHDU: Convergence failed at  85  side 2    Res =  0.5779E+01
 Side 1  free  transition at x/c =  0.0148   24
 Side 2 forced transition at x/c =  1.0000   68

   4   rms: 0.4206E+01   max: 0.1918E+02   D at   76  2   RLX: 0.078
       a = 15.750      CL =  5.6130
      Cm = -1.3705     CD =  0.01085   =>   CDf =  0.00136    CDp =  0.00948

 MRCHDU: Convergence failed at  76  side 2    Res =  0.4802E+01
 MRCHDU: Convergence failed at  77  side 2    Res =  0.7318E+01
 Side 1  free  transition at x/c =  0.0148   24
 Side 2 forced transition at x/c =  1.0000   68
 idif Ue xi dudx           1  0.13035603      8.84819031E-03   14.732508    
 Uenew xinew           2  3.89536633E-03  2.64406204E-04

   5   rms: 0.1251E+01   max: 0.5684E+01   C at   68  2   RLX: 0.114
       a = 15.750      CL =  3.6514
      Cm = -0.7858     CD =  0.12427   =>   CDf =  0.00242    CDp =  0.12185

 Side 1  free  transition at x/c =  0.0150   23
 Side 2 forced transition at x/c =  1.0000   69

   6   rms: 0.1197E+01   max: 0.4764E+01   C at   69  2   RLX: 0.175
       a = 15.750      CL =  3.0651
      Cm = -0.6343     CD =  0.13445   =>   CDf =  0.00231    CDp =  0.13214

 Side 1  free  transition at x/c =  0.0155   23
 Side 2 forced transition at x/c =  1.0000   69

   7   rms: 0.1101E+01   max: 0.4432E+01   C at   69  2   RLX: 0.168
       a = 15.750      CL =  2.5219
      Cm = -0.4888     CD =  0.14373   =>   CDf =  0.00250    CDp =  0.14123

 Side 1  free  transition at x/c =  0.0170   24
 Side 2 forced transition at x/c =  1.0000   69
 idif Ue xi dudx           1  0.11633477      7.77852535E-03   14.955890    
 Uenew xinew           2  9.32446774E-03  6.23464584E-04

   8   rms: 0.8828E+00   max: 0.4469E+01   C at   69  2   RLX: 0.142
       a = 15.750      CL =  2.1244
      Cm = -0.3750     CD =  0.18866   =>   CDf =  0.00287    CDp =  0.18579

 Side 1  free  transition at x/c =  0.0173   23
 Side 2 forced transition at x/c =  1.0000   70

   9   rms: 0.8663E+00   max: -.6068E+01   D at    2  2   RLX: 0.082
       a = 15.750      CL =  1.9900
      Cm = -0.3396     CD =  0.23684   =>   CDf =  0.00274    CDp =  0.23410

 Side 1  free  transition at x/c =  0.0174   23
 Side 2 forced transition at x/c =  1.0000   70

  10   rms: 0.7508E+00   max: 0.4162E+01   C at   70  2   RLX: 0.145
       a = 15.750      CL =  1.7836
      Cm = -0.2882     CD =  0.19666   =>   CDf =  0.00278    CDp =  0.19388

 Side 1  free  transition at x/c =  0.0177   23
 Side 2 forced transition at x/c =  1.0000   70

  11   rms: 0.6912E+00   max: 0.3405E+01   C at   70  2   RLX: 0.179
       a = 15.750      CL =  1.5480
      Cm = -0.2301     CD =  0.18143   =>   CDf =  0.00284    CDp =  0.17860

 Side 1  free  transition at x/c =  0.0183   23
 Side 2 forced transition at x/c =  1.0000   70

  12   rms: 0.5880E+00   max: 0.3258E+01   C at   70  2   RLX: 0.202
       a = 15.750      CL =  1.3270
      Cm = -0.1749     CD =  0.16522   =>   CDf =  0.00289    CDp =  0.16233

 MRCHDU: Convergence failed at  92  side 2    Res =  0.1568E+00
 Side 1  free  transition at x/c =  0.0189   23
 Side 2 forced transition at x/c =  1.0000   70
 idif Ue xi dudx           1  0.17483066      7.77184963E-03   22.495373    
 Uenew xinew           2  4.16702740E-02  1.85239315E-03

  13   rms: 0.7298E+00   max: -.1531E+01   T at   91  2   RLX: 0.326
       a = 15.750      CL =  0.9345
      Cm = -0.0906     CD =  0.25919   =>   CDf =  0.00309    CDp =  0.25610

 Side 1  free  transition at x/c =  0.0200   22
 Side 2 forced transition at x/c =  1.0000   71

  14   rms: 0.4422E+00   max: 0.1296E+01   C at   71  2   RLX: 0.416
       a = 15.750      CL =  0.7182
      Cm = -0.0450     CD =  0.24074   =>   CDf =  0.00282    CDp =  0.23793

 Side 1  free  transition at x/c =  0.0205   23
 Side 2 forced transition at x/c =  1.0000   71

  15   rms: 0.2569E+01   max: -.1135E+02   D at   24  1   RLX: 0.044
       a = 15.750      CL =  0.6029
      Cm =  0.0027     CD =  0.35880   =>   CDf =  0.00264    CDp =  0.35616

 Side 1  free  transition at x/c =  0.0212   23
 Side 2 forced transition at x/c =  1.0000   71

  16   rms: 0.2905E+00   max: 0.9643E+00   D at   23  1   RLX: 0.616
       a = 15.750      CL =  0.5524
      Cm =  0.0254     CD =  0.14303   =>   CDf =  0.00254    CDp =  0.14050

 Side 1  free  transition at x/c =  0.0201   23
 Side 2 forced transition at x/c =  1.0000   70

  17   rms: 0.4368E+00   max: -.1751E+01   D at   31  1   RLX: 0.285
       a = 15.750      CL =  0.6225
      Cm =  0.0238     CD =  0.16674   =>   CDf =  0.00253    CDp =  0.16421

 Side 1  free  transition at x/c =  0.0194   23
 Side 2 forced transition at x/c =  1.0000   70
 idif Ue xi dudx           1  0.12096435      6.01232052E-03   20.119411    
 Uenew xinew           2  1.86836976E-03  9.28640366E-05

  18   rms: 0.3682E+00   max: 0.1742E+01   D at   33  1   RLX: 0.705
       a = 15.750      CL =  0.5722
      Cm = -0.0005     CD =  0.16107   =>   CDf =  0.00279    CDp =  0.15828

 Side 1  free  transition at x/c =  0.0200   22
 Side 2 forced transition at x/c =  1.0000   71

  19   rms: 0.1098E+01   max: 0.1469E+02   D at    2  2   RLX: 0.069
       a = 15.750      CL =  0.5457
      Cm =  0.0177     CD =  0.14237   =>   CDf =  0.00218    CDp =  0.14019

 Side 1  free  transition at x/c =  0.0199   23
 Side 2 forced transition at x/c =  1.0000   70

  20   rms: 0.1444E+01   max: -.6245E+01   D at   31  1   RLX: 0.080
       a = 15.750      CL =  0.5838
      Cm =  0.0240     CD =  0.12908   =>   CDf =  0.00237    CDp =  0.12671

 Side 1  free  transition at x/c =  0.0195   23
 Side 2 forced transition at x/c =  1.0000   70
 idif Ue xi dudx           1  0.13368936      6.70742989E-03   19.931532    
 Uenew xinew           2  1.57055166E-02  7.87973404E-04

  21   rms: 0.2883E+00   max: 0.1682E+01   D at   33  1   RLX: 0.892
       a = 15.750      CL =  0.5650
      Cm = -0.0068     CD =  0.15051   =>   CDf =  0.00264    CDp =  0.14787

 Side 1  free  transition at x/c =  0.0200   22
 Side 2 forced transition at x/c =  1.0000   71
 idif Ue xi dudx           1  0.11352887      5.28645515E-03   21.475426    
 Uenew xinew           2  7.44980434E-03  3.46899033E-04

  22   rms: 0.2761E+01   max: 0.1178E+02   D at   30  1   RLX: 0.086
       a = 15.750      CL =  0.4556
      Cm =  0.0026     CD =  0.16171   =>   CDf =  0.00244    CDp =  0.15926

 Side 1  free  transition at x/c =  0.0221   22
 Side 2 forced transition at x/c =  1.0000   72

  23   rms: 0.7510E+00   max: 0.6483E+01   T at    2  2   RLX: 0.137
       a = 15.750      CL =  0.3596
      Cm =  0.0518     CD =  0.12444   =>   CDf =  0.00265    CDp =  0.12179

 Side 1  free  transition at x/c =  0.0208   23
 Side 2 forced transition at x/c =  1.0000   71

  24   rms: 0.6478E+00   max: 0.2053E+01   T at   32  1   RLX: 0.438
       a = 15.750      CL =  0.5464
      Cm =  0.0430     CD =  0.10254   =>   CDf =  0.00260    CDp =  0.09995

 MRCHDU: Convergence failed at  33  side 1    Res =  0.2251E+01
 MRCHDU: Convergence failed at  34  side 1    Res =  0.2567E+01
 MRCHDU: Convergence failed at  35  side 1    Res =  0.4237E+02
 MRCHDU: Convergence failed at  36  side 1    Res =  0.1524E+01
 MRCHDU: Convergence failed at  37  side 1    Res =  0.9105E+00
 MRCHDU: Convergence failed at  39  side 1    Res =  0.3537E+01
 MRCHDU: Convergence failed at  40  side 1    Res =  0.4436E+01
 MRCHDU: Convergence failed at  41  side 1    Res =  0.7223E+01
 MRCHDU: Convergence failed at  42  side 1    Res =  0.1919E+02
 MRCHDU: Convergence failed at  43  side 1    Res =  0.2160E+02
 MRCHDU: Convergence failed at  44  side 1    Res =  0.7592E+01
 MRCHDU: Convergence failed at  45  side 1    Res =  0.4507E+01
 MRCHDU: Convergence failed at  46  side 1    Res =  0.3800E+01
 MRCHDU: Convergence failed at  47  side 1    Res =  0.4444E+01
 MRCHDU: Convergence failed at  48  side 1    Res =  0.5332E+01
 MRCHDU: Convergence failed at  49  side 1    Res =  0.7081E+01
 MRCHDU: Convergence failed at  50  side 1    Res =  0.9562E+01
 MRCHDU: Convergence failed at  51  side 1    Res =  0.1651E+02
 MRCHDU: Convergence failed at  52  side 1    Res =  0.3688E+02
 MRCHDU: Convergence failed at  53  side 1    Res =  0.2176E+03
 MRCHDU: Convergence failed at  54  side 1    Res =  0.2297E+02
 MRCHDU: Convergence failed at  55  side 1    Res =  0.1396E+02
 MRCHDU: Convergence failed at  56  side 1    Res =  0.1091E+02
 MRCHDU: Convergence failed at  57  side 1    Res =  0.8731E+01
 MRCHDU: Convergence failed at  58  side 1    Res =  0.6809E+01
 MRCHDU: Convergence failed at  59  side 1    Res =  0.5856E+01
 MRCHDU: Convergence failed at  60  side 1    Res =  0.5169E+01
 MRCHDU: Convergence failed at  61  side 1    Res =  0.4662E+01
 MRCHDU: Convergence failed at  62  side 1    Res =  0.4532E+01
 MRCHDU: Convergence failed at  63  side 1    Res =  0.4905E+01
 MRCHDU: Convergence failed at  64  side 1    Res =  0.5232E+01
 MRCHDU: Convergence failed at  65  side 1    Res =  0.5591E+01
 MRCHDU: Convergence failed at  66  side 1    Res =  0.5984E+01
 MRCHDU: Convergence failed at  67  side 1    Res =  0.6415E+01
 MRCHDU: Convergence failed at  68  side 1    Res =  0.6993E+01
 MRCHDU: Convergence failed at  69  side 1    Res =  0.7672E+01
 MRCHDU: Convergence failed at  70  side 1    Res =  0.8307E+01
 MRCHDU: Convergence failed at  71  side 1    Res =  0.9029E+01
 MRCHDU: Convergence failed at  72  side 1    Res =  0.9853E+01
 MRCHDU: Convergence failed at  73  side 1    Res =  0.1080E+02
 MRCHDU: Convergence failed at  74  side 1    Res =  0.1189E+02
 MRCHDU: Convergence failed at  75  side 1    Res =  0.1318E+02
 MRCHDU: Convergence failed at  76  side 1    Res =  0.1483E+02
 MRCHDU: Convergence failed at  77  side 1    Res =  0.1768E+02
 MRCHDU: Convergence failed at  78  side 1    Res =  0.2035E+02
 MRCHDU: Convergence failed at  79  side 1    Res =  0.2381E+02
 MRCHDU: Convergence failed at  80  side 1    Res =  0.2853E+02
 MRCHDU: Convergence failed at  81  side 1    Res =  0.3299E+02
 MRCHDU: Convergence failed at  82  side 1    Res =  0.3913E+02
 MRCHDU: Convergence failed at  83  side 1    Res =  0.4862E+02
 MRCHDU: Convergence failed at  84  side 1    Res =  0.6472E+02
 MRCHDU: Convergence failed at  85  side 1    Res =  0.9976E+02
 MRCHDU: Convergence failed at  86  side 1    Res =  0.1961E+03
 MRCHDU: Convergence failed at  87  side 1    Res =  0.3138E+04
 MRCHDU: Convergence failed at  88  side 1    Res =  0.2377E+03
 MRCHDU: Convergence failed at  89  side 1    Res =  0.1163E+03
 MRCHDU: Convergence failed at  90  side 1    Res =  0.8605E+02
 MRCHDU: Convergence failed at  91  side 1    Res =  0.6714E+02
 MRCHDU: Convergence failed at  92  side 1    Res =  0.4696E+02
 Side 1  free  transition at x/c =  0.0179   23
 Side 2 forced transition at x/c =  1.0000   70

  25   rms: 0.1012E+01   max: 0.3737E+01   T at   23  1   RLX: 0.322
       a = 15.750      CL =  1.2199
      Cm = -0.1234     CD =  0.04403   =>   CDf =  0.00269    CDp =  0.04134

 Side 1  free  transition at x/c =  0.0157   23
 Side 2 forced transition at x/c =  1.0000   69

  26   rms: 0.1536E+01   max: 0.9079E+01   D at   51  1   RLX: 0.165
       a = 15.750      CL =  1.2421
      Cm = -0.0789     CD =  0.09637   =>   CDf =  0.00275    CDp =  0.09362

 MRCHDU: Convergence failed at  51  side 1    Res =  0.7411E+01
 MRCHDU: Convergence failed at  52  side 1    Res =  0.9648E+01
 Side 1  free  transition at x/c =  0.0182   24
 Side 2 forced transition at x/c =  1.0000   69

  27   rms: 0.6986E+00   max: 0.5685E+01   D at   91  1   RLX: 0.264
       a = 15.750      CL =  1.2257
      Cm = -0.0623     CD =  0.06899   =>   CDf =  0.00302    CDp =  0.06597

 MRCHDU: Convergence failed at  91  side 1    Res =  0.3369E+01
 MRCHDU: Convergence failed at  92  side 1    Res =  0.3297E+01
 Side 1  free  transition at x/c =  0.0175   25
 Side 2 forced transition at x/c =  1.0000   68
 idif Ue xi dudx           1  0.12195911      8.62574577E-03   14.138964    
 Uenew xinew           2  5.93294506E-04  4.19616699E-05

  28   rms: 0.3839E+00   max: 0.1716E+01   D at   43  1   RLX: 0.874
       a = 15.750      CL =  0.9957
      Cm =  0.0359     CD =  0.10043   =>   CDf =  0.00286    CDp =  0.09758

 MRCHDU: Convergence failed at  39  side 1    Res =  0.3047E+02
 MRCHDU: Convergence failed at  40  side 1    Res =  0.2314E+01
 MRCHDU: Convergence failed at  41  side 1    Res =  0.1572E+01
 MRCHDU: Convergence failed at  42  side 1    Res =  0.2380E+01
 MRCHDU: Convergence failed at  43  side 1    Res =  0.3241E+01
 MRCHDU: Convergence failed at  44  side 1    Res =  0.3700E+01
 MRCHDU: Convergence failed at  45  side 1    Res =  0.3812E+01
 MRCHDU: Convergence failed at  46  side 1    Res =  0.3543E+01
 MRCHDU: Convergence failed at  47  side 1    Res =  0.4470E+01
 MRCHDU: Convergence failed at  48  side 1    Res =  0.5200E+01
 MRCHDU: Convergence failed at  49  side 1    Res =  0.6398E+01
 MRCHDU: Convergence failed at  50  side 1    Res =  0.4515E+01
 MRCHDU: Convergence failed at  51  side 1    Res =  0.5440E+01
 MRCHDU: Convergence failed at  52  side 1    Res =  0.6359E+01
 MRCHDU: Convergence failed at  53  side 1    Res =  0.1765E+02
 MRCHDU: Convergence failed at  54  side 1    Res =  0.2815E+02
 MRCHDU: Convergence failed at  55  side 1    Res =  0.1152E+03
 MRCHDU: Convergence failed at  56  side 1    Res =  0.3110E+02
 MRCHDU: Convergence failed at  57  side 1    Res =  0.1687E+02
 MRCHDU: Convergence failed at  58  side 1    Res =  0.1073E+02
 MRCHDU: Convergence failed at  59  side 1    Res =  0.7271E+01
 MRCHDU: Convergence failed at  60  side 1    Res =  0.8015E+01
 MRCHDU: Convergence failed at  61  side 1    Res =  0.5843E+01
 MRCHDU: Convergence failed at  62  side 1    Res =  0.4537E+01
 MRCHDU: Convergence failed at  63  side 1    Res =  0.5396E+01
 MRCHDU: Convergence failed at  64  side 1    Res =  0.5880E+01
 MRCHDU: Convergence failed at  65  side 1    Res =  0.6595E+01
 MRCHDU: Convergence failed at  66  side 1    Res =  0.7873E+01
 MRCHDU: Convergence failed at  67  side 1    Res =  0.8769E+01
 MRCHDU: Convergence failed at  68  side 1    Res =  0.1028E+02
 MRCHDU: Convergence failed at  69  side 1    Res =  0.1416E+02
 MRCHDU: Convergence failed at  70  side 1    Res =  0.1744E+02
 MRCHDU: Convergence failed at  71  side 1    Res =  0.2281E+02
 MRCHDU: Convergence failed at  72  side 1    Res =  0.3325E+02
 MRCHDU: Convergence failed at  73  side 1    Res =  0.8311E+02
 MRCHDU: Convergence failed at  74  side 1    Res =  0.2357E+03
 MRCHDU: Convergence failed at  75  side 1    Res =  0.7851E+03
 MRCHDU: Convergence failed at  76  side 1    Res =  0.5361E+02
 MRCHDU: Convergence failed at  77  side 1    Res =  0.2352E+02
 MRCHDU: Convergence failed at  78  side 1    Res =  0.1624E+02
 MRCHDU: Convergence failed at  79  side 1    Res =  0.1237E+02
 MRCHDU: Convergence failed at  80  side 1    Res =  0.1005E+02
 MRCHDU: Convergence failed at  81  side 1    Res =  0.8037E+01
 MRCHDU: Convergence failed at  82  side 1    Res =  0.6688E+01
 MRCHDU: Convergence failed at  83  side 1    Res =  0.6008E+01
 MRCHDU: Convergence failed at  84  side 1    Res =  0.5487E+01
 MRCHDU: Convergence failed at  85  side 1    Res =  0.5075E+01
 MRCHDU: Convergence failed at  86  side 1    Res =  0.4631E+01
 MRCHDU: Convergence failed at  87  side 1    Res =  0.4662E+01
 MRCHDU: Convergence failed at  88  side 1    Res =  0.4912E+01
 MRCHDU: Convergence failed at  89  side 1    Res =  0.4996E+01
 MRCHDU: Convergence failed at  90  side 1    Res =  0.5088E+01
 MRCHDU: Convergence failed at  91  side 1    Res =  0.5160E+01
 MRCHDU: Convergence failed at  92  side 1    Res =  0.5133E+01
 MRCHDU: Convergence failed at  93  side 1    Res =  0.5242E+01
 Side 1  free  transition at x/c =  0.0177   24
 Side 2 forced transition at x/c =  1.0000   69

  29   rms: 0.1789E+01   max: 0.2841E+02   T at    2  2   RLX: 0.038
       a = 15.750      CL =  1.8971
      Cm = -0.3042     CD =  0.05476   =>   CDf =  0.00234    CDp =  0.05241

 Side 1  free  transition at x/c =  0.0171   25
 Side 2 forced transition at x/c =  1.0000   68

  30   rms: 0.1275E+01   max: 0.6845E+01   D at    2  1   RLX: 0.137
       a = 15.750      CL =  1.8940
      Cm = -0.2628     CD =  0.03439   =>   CDf =  0.00715    CDp =  0.02724

 Side 1  free  transition at x/c =  0.0167   25
 Side 2 forced transition at x/c =  1.0000   68

  31   rms: 0.9978E+00   max: 0.2704E+01   T at   79  2   RLX: 0.422
       a = 15.750      CL =  1.8753
      Cm = -0.1621     CD =  0.04616   =>   CDf =  0.00578    CDp =  0.04038

 MRCHDU: Convergence failed at  26  side 1    Res =  0.5650E+01
 MRCHDU: Convergence failed at  27  side 1    Res =  0.3930E+03
 MRCHDU: Convergence failed at  28  side 1    Res =  0.6788E+02
 MRCHDU: Convergence failed at  29  side 1    Res =  0.5809E+02
 MRCHDU: Convergence failed at  30  side 1    Res =  0.9360E+02
 MRCHDU: Convergence failed at  31  side 1    Res =  0.3217E+04
 MRCHDU: Convergence failed at  32  side 1    Res =  0.2820E+04
 MRCHDU: Convergence failed at  33  side 1    Res =  0.2086E+05
 MRCHDU: Convergence failed at  34  side 1    Res =  0.5604E+04
 MRCHDU: Convergence failed at  35  side 1    Res =  0.2004E+03
 MRCHDU: Convergence failed at  36  side 1    Res =  0.2090E+03
 MRCHDU: Convergence failed at  37  side 1    Res =  0.1870E+03
 MRCHDU: Convergence failed at  38  side 1    Res =  0.1850E+03
 MRCHDU: Convergence failed at  39  side 1    Res =  0.1500E+03
 MRCHDU: Convergence failed at  40  side 1    Res =  0.5225E+03
 MRCHDU: Convergence failed at  41  side 1    Res =  0.5063E+03
 MRCHDU: Convergence failed at  42  side 1    Res =  0.3451E+03
 MRCHDU: Convergence failed at  43  side 1    Res =  0.1878E+03
 MRCHDU: Convergence failed at  44  side 1    Res =  0.1782E+03
 MRCHDU: Convergence failed at  45  side 1    Res =  0.1173E+03
 MRCHDU: Convergence failed at  46  side 1    Res =  0.1194E+03
 MRCHDU: Convergence failed at  47  side 1    Res =  0.1211E+03
 MRCHDU: Convergence failed at  48  side 1    Res =  0.2556E+04
 MRCHDU: Convergence failed at  49  side 1    Res =  0.1145E+03
 MRCHDU: Convergence failed at  50  side 1    Res =  0.1208E+03
 MRCHDU: Convergence failed at  51  side 1    Res =  0.1809E+03
 MRCHDU: Convergence failed at  52  side 1    Res =  0.1726E+03
 MRCHDU: Convergence failed at  53  side 1    Res =  0.2365E+03
 MRCHDU: Convergence failed at  54  side 1    Res =  0.2285E+03
 MRCHDU: Convergence failed at  55  side 1    Res =  0.2214E+03
 MRCHDU: Convergence failed at  56  side 1    Res =  0.2138E+03
 MRCHDU: Convergence failed at  57  side 1    Res =  0.3938E+03
 MRCHDU: Convergence failed at  58  side 1    Res =  0.3967E+03
 MRCHDU: Convergence failed at  59  side 1    Res =  0.3977E+03
 MRCHDU: Convergence failed at  60  side 1    Res =  0.3976E+03
 MRCHDU: Convergence failed at  61  side 1    Res =  0.3964E+03
 MRCHDU: Convergence failed at  62  side 1    Res =  0.3922E+03
 MRCHDU: Convergence failed at  63  side 1    Res =  0.3872E+03
 MRCHDU: Convergence failed at  64  side 1    Res =  0.3800E+03
 MRCHDU: Convergence failed at  65  side 1    Res =  0.3730E+03
 MRCHDU: Convergence failed at  66  side 1    Res =  0.2411E+04
 MRCHDU: Convergence failed at  67  side 1    Res =  0.3008E+04
 MRCHDU: Convergence failed at  68  side 1    Res =  0.3887E+04
 MRCHDU: Convergence failed at  69  side 1    Res =  0.5451E+04
 MRCHDU: Convergence failed at  70  side 1    Res =  0.8989E+04
 MRCHDU: Convergence failed at  71  side 1    Res =  0.2387E+05
 MRCHDU: Convergence failed at  72  side 1    Res =  0.2322E+03
 MRCHDU: Convergence failed at  73  side 1    Res =  0.1756E+05
 MRCHDU: Convergence failed at  74  side 1    Res =  0.2272E+03
 MRCHDU: Convergence failed at  75  side 1    Res =  0.2243E+03
 MRCHDU: Convergence failed at  76  side 1    Res =  0.1896E+05
 MRCHDU: Convergence failed at  77  side 1    Res =  0.2206E+03
 MRCHDU: Convergence failed at  78  side 1    Res =  0.2178E+03
 MRCHDU: Convergence failed at  79  side 1    Res =  0.1048E+05
 MRCHDU: Convergence failed at  80  side 1    Res =  0.5269E+05
 MRCHDU: Convergence failed at  81  side 1    Res =  0.1884E+05
 MRCHDU: Convergence failed at  82  side 1    Res =  0.8216E+04
 MRCHDU: Convergence failed at  83  side 1    Res =  0.5148E+04
 MRCHDU: Convergence failed at  84  side 1    Res =  0.3869E+04
 MRCHDU: Convergence failed at  85  side 1    Res =  0.3180E+04
 MRCHDU: Convergence failed at  86  side 1    Res =  0.2683E+04
 MRCHDU: Convergence failed at  87  side 1    Res =  0.2331E+04
 MRCHDU: Convergence failed at  88  side 1    Res =  0.2018E+04
 MRCHDU: Convergence failed at  89  side 1    Res =  0.1736E+04
 MRCHDU: Convergence failed at  90  side 1    Res =  0.1410E+04
 MRCHDU: Convergence failed at  91  side 1    Res =  0.1070E+04
 MRCHDU: Convergence failed at  92  side 1    Res =  0.8149E+03
 MRCHDU: Convergence failed at  93  side 1    Res =  0.6819E+03
 MRCHDU: Convergence failed at  94  side 1    Res =  0.6138E+03
 MRCHDU: Convergence failed at  95  side 1    Res =  0.4362E+03
 MRCHDU: Convergence failed at  69  side 2    Res =  0.3704E+02
 MRCHDU: Convergence failed at  70  side 2    Res =  0.4755E+02
 MRCHDU: Convergence failed at  71  side 2    Res =  0.2014E+02
 MRCHDU: Convergence failed at  72  side 2    Res =  0.5024E+03
 MRCHDU: Convergence failed at  73  side 2    Res =  0.4642E+02
 MRCHDU: Convergence failed at  74  side 2    Res =  0.1499E+02
 MRCHDU: Convergence failed at  75  side 2    Res =  0.3674E+02
 MRCHDU: Convergence failed at  76  side 2    Res =  0.2402E+02
 MRCHDU: Convergence failed at  77  side 2    Res =  0.7496E+01
 MRCHDU: Convergence failed at  78  side 2    Res =  0.1162E+02
 MRCHDU: Convergence failed at  79  side 2    Res =  0.4099E+01
 Side 1  free  transition at x/c =  0.0147   25
 Side 2 forced transition at x/c =  1.0000   67

  32   rms: 0.2983E+01   max: 0.1112E+02   D at   80  2   RLX: 0.135
       a = 15.750      CL =  6.5036
      Cm = -1.6144     CD =  0.00937   =>   CDf =  0.00064    CDp =  0.00873

 MRCHDU: Convergence failed at  80  side 2    Res =  0.1088E+02
 MRCHDU: Convergence failed at  81  side 2    Res =  0.1135E+02
 MRCHDU: Convergence failed at  82  side 2    Res =  0.2320E+02
 MRCHDU: Convergence failed at  83  side 2    Res =  0.8375E+01
 MRCHDU: Convergence failed at  84  side 2    Res =  0.8713E+01
 MRCHDU: Convergence failed at  85  side 2    Res =  0.8702E+01
 MRCHDU: Convergence failed at  86  side 2    Res =  0.8916E+01
 MRCHDU: Convergence failed at  87  side 2    Res =  0.8893E+01
 MRCHDU: Convergence failed at  88  side 2    Res =  0.8643E+01
 MRCHDU: Convergence failed at  89  side 2    Res =  0.7566E+01
 Side 1  free  transition at x/c =  0.0138   25
 Side 2 forced transition at x/c =  1.0000   67
 idif Ue xi dudx           1  0.15323383      1.20320320E-02   12.735490    
 Uenew xinew           2  2.48557851E-02  1.95169449E-03

  33   rms: 0.2618E+01   max: 0.8806E+01   C at   67  2   RLX: 0.076
       a = 15.750      CL =  4.9697
      Cm = -1.1754     CD =  0.24664   =>   CDf =  0.00204    CDp =  0.24460

 Side 1  free  transition at x/c =  0.0141   24
 Side 2 forced transition at x/c =  1.0000   68

  34   rms: 0.2491E+01   max: 0.7535E+01   C at   68  2   RLX: 0.070
       a = 15.750      CL =  4.4897
      Cm = -1.0527     CD =  0.84342   =>   CDf =  0.00190    CDp =  0.84152

 Side 1  free  transition at x/c =  0.0148   24
 Side 2 forced transition at x/c =  1.0000   68
 idif Ue xi dudx           1  0.11373390      8.85379314E-03   12.845782    
 Uenew xinew           2  3.46847740E-03  2.70009041E-04

  35   rms: 0.2375E+01   max: -.7535E+01   T at   89  2   RLX: 0.066
       a = 15.750      CL =  4.0793
      Cm = -0.9472     CD =  4.45769   =>   CDf =  0.00227    CDp =  4.45543

 Side 1  free  transition at x/c =  0.0156   23
 Side 2 forced transition at x/c =  1.0000   69

  36   rms: 0.2348E+01   max: -.1395E+02   T at    2  2   RLX: 0.036
       a = 15.750      CL =  3.8425
      Cm = -0.8856     CD = 12.25959   =>   CDf =  0.00217    CDp = 12.25742

 Side 1  free  transition at x/c =  0.0156   23
 Side 2 forced transition at x/c =  1.0000   69

  37   rms: 0.2046E+01   max: 0.1137E+02   C at   69  2   RLX: 0.070
       a = 15.750      CL =  3.4798
      Cm = -0.7926     CD = 81.66649   =>   CDf =  0.00225    CDp = 81.66423

 Side 1  free  transition at x/c =  0.0157   23
 Side 2 forced transition at x/c =  1.0000   69
 idif Ue xi dudx           1  0.10580426      7.43281841E-03   14.234744    
 Uenew xinew           2  3.95380892E-03  2.77757645E-04

  38   rms: 0.1738E+01   max: 0.1340E+02   C at   69  2   RLX: 0.112
       a = 15.750      CL =  2.9692
      Cm = -0.6586     CD = 38.71235   =>   CDf =  0.00259    CDp = 38.70976

 MRCHDU: Convergence failed at  89  side 2    Res =  0.1606E-01
 MRCHDU: Convergence failed at  90  side 2    Res =  0.6111E+01
 Side 1  free  transition at x/c =  0.0164   23
 Side 2 forced transition at x/c =  1.0000   70

  39   rms: 0.2542E+02   max: 0.4337E+03   C at   91  2   RLX: 0.003
       a = 15.750      CL =  2.9713
      Cm = -0.6545     CD =  2.99188   =>   CDf =  0.00252    CDp =  2.98936

 MRCHDU: Convergence failed at  89  side 2    Res =  0.1997E-01
 MRCHDU: Convergence failed at  90  side 2    Res =  0.3401E+00
 Side 1  free  transition at x/c =  0.0164   23
 Side 2 forced transition at x/c =  1.0000   70

  40   rms: 0.1531E+02   max: 0.1001E+03   T at   91  2   RLX: 0.006
       a = 15.750      CL =  2.9405
      Cm = -0.6478     CD =  1.38543   =>   CDf =  0.00250    CDp =  1.38293

 Side 1  free  transition at x/c =  0.0165   23
 Side 2 forced transition at x/c =  1.0000   70

  41   rms: 0.1771E+01   max: 0.1995E+02   C at   70  2   RLX: 0.075
       a = 15.750      CL =  2.6828
      Cm = -0.5853     CD =  0.57839   =>   CDf =  0.00249    CDp =  0.57590

 Side 1  free  transition at x/c =  0.0174   23
 Side 2 forced transition at x/c =  1.0000   70

  42   rms: 0.5243E+02   max: -.6306E+03   C at   90  2   RLX: 0.001
       a = 15.750      CL =  2.6680
      Cm = -0.5800     CD =  1.11225   =>   CDf =  0.00251    CDp =  1.10973

 MRCHDU: Convergence failed at  89  side 2    Res =  0.8420E-01
 MRCHDU: Convergence failed at  90  side 2    Res =  0.2224E-01
 Side 1  free  transition at x/c =  0.0174   23
 Side 2 forced transition at x/c =  1.0000   70

  43   rms: 0.1439E+03   max: -.1061E+04   C at   89  2   RLX: 0.000
       a = 15.750      CL =  2.6688
      Cm = -0.5800     CD =  2.04145   =>   CDf =  0.00252    CDp =  2.03893

 MRCHDU: Convergence failed at  88  side 2    Res =  0.6718E-02
 MRCHDU: Convergence failed at  90  side 2    Res =  0.8037E-01
 Side 1  free  transition at x/c =  0.0174   23
 Side 2 forced transition at x/c =  1.0000   70

  44   rms: 0.5254E+03   max: -.1354E+05   C at   89  2   RLX: 0.000
       a = 15.750      CL =  2.6690
      Cm = -0.5800     CD =  2.51291   =>   CDf =  0.00253    CDp =  2.51038

 MRCHDU: Convergence failed at  88  side 2    Res =  0.7157E-02
 MRCHDU: Convergence failed at  90  side 2    Res =  0.9384E-01
 Side 1  free  transition at x/c =  0.0174   23
 Side 2 forced transition at x/c =  1.0000   70

  45   rms: 0.5168E+03   max: -.1359E+05   C at   89  2   RLX: 0.000
       a = 15.750      CL =  2.6692
      Cm = -0.5800     CD =  2.67139   =>   CDf =  0.00253    CDp =  2.66886

 MRCHDU: Convergence failed at  88  side 2    Res =  0.7485E-02
 MRCHDU: Convergence failed at  90  side 2    Res =  0.1086E+00
 Side 1  free  transition at x/c =  0.0174   23
 Side 2 forced transition at x/c =  1.0000   70

  46   rms: 0.3365E+04   max: -.5200E+05   C at   90  2   RLX: 0.000
       a = 15.750      CL =  2.6692
      Cm = -0.5800     CD =  1.29905   =>   CDf =  0.00253    CDp =  1.29652

 MRCHDU: Convergence failed at  88  side 2    Res =  0.7585E-02
 Side 1  free  transition at x/c =  0.0174   23
 Side 2 forced transition at x/c =  1.0000   70

  47   rms: 0.5795E+04   max: -.8802E+05   C at   92  2   RLX: 0.000
       a = 15.750      CL =  2.6692
      Cm = -0.5800     CD =  1.29791   =>   CDf =  0.00253    CDp =  1.29539

 MRCHDU: Convergence failed at  88  side 2    Res =  0.7675E-02
 Side 1  free  transition at x/c =  0.0174   23
 Side 2 forced transition at x/c =  1.0000   70

  48   rms: 0.6429E+04   max: -.9760E+05   C at   92  2   RLX: 0.000
       a = 15.750      CL =  2.6692
      Cm = -0.5800     CD =  1.29553   =>   CDf =  0.00253    CDp =  1.29300

 MRCHDU: Convergence failed at  88  side 2    Res =  0.7757E-02
 Side 1  free  transition at x/c =  0.0174   23
 Side 2 forced transition at x/c =  1.0000   70

  49   rms: 0.6463E+04   max: -.9805E+05   C at   92  2   RLX: 0.000
       a = 15.750      CL =  2.6692
      Cm = -0.5800     CD =  1.29332   =>   CDf =  0.00253    CDp =  1.29079

 MRCHDU: Convergence failed at  88  side 2    Res =  0.7833E-02
 Side 1  free  transition at x/c =  0.0174   23
 Side 2 forced transition at x/c =  1.0000   70

  50   rms: 0.7332E+04   max: -.1112E+06   C at   92  2   RLX: 0.000
       a = 15.750      CL =  2.6692
      Cm = -0.5800     CD =  1.29129   =>   CDf =  0.00253    CDp =  1.28876

 MRCHDU: Convergence failed at  88  side 2    Res =  0.7902E-02
 Side 1  free  transition at x/c =  0.0174   23
 Side 2 forced transition at x/c =  1.0000   70

  51   rms: 0.7595E+04   max: -.1151E+06   C at   92  2   RLX: 0.000
       a = 15.750      CL =  2.6691
      Cm = -0.5800     CD =  1.28940   =>   CDf =  0.00253    CDp =  1.28687

 MRCHDU: Convergence failed at  88  side 2    Res =  0.7965E-02
 Side 1  free  transition at x/c =  0.0174   23
 Side 2 forced transition at x/c =  1.0000   70

  52   rms: 0.7441E+04   max: -.1127E+06   C at   92  2   RLX: 0.000
       a = 15.750      CL =  2.6691
      Cm = -0.5800     CD =  1.28767   =>   CDf =  0.00253    CDp =  1.28514

 MRCHDU: Convergence failed at  88  side 2    Res =  0.8026E-02
 Side 1  free  transition at x/c =  0.0174   23
 Side 2 forced transition at x/c =  1.0000   70

  53   rms: 0.9010E+04   max: -.1363E+06   C at   92  2   RLX: 0.000
       a = 15.750      CL =  2.6691
      Cm = -0.5800     CD =  1.28603   =>   CDf =  0.00253    CDp =  1.28350

 MRCHDU: Convergence failed at  88  side 2    Res =  0.8079E-02
 Side 1  free  transition at x/c =  0.0174   23
 Side 2 forced transition at x/c =  1.0000   70

  54   rms: 0.9205E+04   max: -.1391E+06   C at   92  2   RLX: 0.000
       a = 15.750      CL =  2.6691
      Cm = -0.5800     CD =  1.28451   =>   CDf =  0.00253    CDp =  1.28199

 MRCHDU: Convergence failed at  88  side 2    Res =  0.8129E-02
 MRCHDU: Convergence failed at  90  side 2    Res =  0.3967E-01
 Side 1  free  transition at x/c =  0.0174   23
 Side 2 forced transition at x/c =  1.0000   70

  55   rms: 0.1023E+05   max: -.1545E+06   C at   92  2   RLX: 0.000
       a = 15.750      CL =  2.6691
      Cm = -0.5800     CD =  1.28312   =>   CDf =  0.00253    CDp =  1.28059

 MRCHDU: Convergence failed at  88  side 2    Res =  0.8177E-02
 MRCHDU: Convergence failed at  90  side 2    Res =  0.9214E-01
 Side 1  free  transition at x/c =  0.0174   23
 Side 2 forced transition at x/c =  1.0000   70

  56   rms: 0.1149E+05   max: -.1734E+06   C at   92  2   RLX: 0.000
       a = 15.750      CL =  2.6691
      Cm = -0.5800     CD =  1.28180   =>   CDf =  0.00253    CDp =  1.27928

 MRCHDU: Convergence failed at  88  side 2    Res =  0.8220E-02
 MRCHDU: Convergence failed at  90  side 2    Res =  0.1445E+00
 Side 1  free  transition at x/c =  0.0174   23
 Side 2 forced transition at x/c =  1.0000   70

  57   rms: 0.1219E+05   max: -.1842E+06   C at   91  2   RLX: 0.000
       a = 15.750      CL =  2.6691
      Cm = -0.5800     CD =  1.27924   =>   CDf =  0.00253    CDp =  1.27671

 MRCHDU: Convergence failed at  88  side 2    Res =  0.8261E-02
 MRCHDU: Convergence failed at  90  side 2    Res =  0.2019E+00
 Side 1  free  transition at x/c =  0.0174   23
 Side 2 forced transition at x/c =  1.0000   70

  58   rms: 0.1291E+05   max: -.1948E+06   C at   91  2   RLX: 0.000
       a = 15.750      CL =  2.6691
      Cm = -0.5800     CD =  1.27813   =>   CDf =  0.00253    CDp =  1.27561

 MRCHDU: Convergence failed at  88  side 2    Res =  0.8298E-02
 MRCHDU: Convergence failed at  90  side 2    Res =  0.2531E+00
 Side 1  free  transition at x/c =  0.0174   23
 Side 2 forced transition at x/c =  1.0000   70

  59   rms: 0.1322E+05   max: -.1994E+06   C at   91  2   RLX: 0.000
       a = 15.750      CL =  2.6691
      Cm = -0.5800     CD =  1.27708   =>   CDf =  0.00253    CDp =  1.27456

 MRCHDU: Convergence failed at  88  side 2    Res =  0.8332E-02
 MRCHDU: Convergence failed at  90  side 2    Res =  0.3043E+00
 Side 1  free  transition at x/c =  0.0174   23
 Side 2 forced transition at x/c =  1.0000   70

  60   rms: 0.1270E+05   max: -.1915E+06   C at   91  2   RLX: 0.000
       a = 15.750      CL =  2.6691
      Cm = -0.5800     CD =  1.27612   =>   CDf =  0.00253    CDp =  1.27359

 MRCHDU: Convergence failed at  88  side 2    Res =  0.8366E-02
 MRCHDU: Convergence failed at  90  side 2    Res =  0.3555E+00
 Side 1  free  transition at x/c =  0.0174   23
 Side 2 forced transition at x/c =  1.0000   70

  61   rms: 0.1446E+05   max: -.2177E+06   C at   91  2   RLX: 0.000
       a = 15.750      CL =  2.6691
      Cm = -0.5800     CD =  1.27517   =>   CDf =  0.00253    CDp =  1.27264

 MRCHDU: Convergence failed at  88  side 2    Res =  0.8398E-02
 MRCHDU: Convergence failed at  90  side 2    Res =  0.4067E+00
 Side 1  free  transition at x/c =  0.0174   23
 Side 2 forced transition at x/c =  1.0000   70

  62   rms: 0.1445E+05   max: -.2175E+06   C at   92  2   RLX: 0.000
       a = 15.750      CL =  2.6690
      Cm = -0.5800     CD =  1.27428   =>   CDf =  0.00253    CDp =  1.27176

 MRCHDU: Convergence failed at  88  side 2    Res =  0.8428E-02
 MRCHDU: Convergence failed at  90  side 2    Res =  0.4579E+00
 Side 1  free  transition at x/c =  0.0174   23
 Side 2 forced transition at x/c =  1.0000   70

  63   rms: 0.1576E+05   max: -.2370E+06   C at   92  2   RLX: 0.000
       a = 15.750      CL =  2.6690
      Cm = -0.5800     CD =  1.27344   =>   CDf =  0.00253    CDp =  1.27092

 MRCHDU: Convergence failed at  88  side 2    Res =  0.8456E-02
 MRCHDU: Convergence failed at  90  side 2    Res =  0.5091E+00
 Side 1  free  transition at x/c =  0.0174   23
 Side 2 forced transition at x/c =  1.0000   70

  64   rms: 0.1629E+05   max: -.2447E+06   C at   92  2   RLX: 0.000
       a = 15.750      CL =  2.6690
      Cm = -0.5800     CD =  1.27265   =>   CDf =  0.00253    CDp =  1.27013

 MRCHDU: Convergence failed at  88  side 2    Res =  0.8484E-02
 MRCHDU: Convergence failed at  90  side 2    Res =  0.5602E+00
 Side 1  free  transition at x/c =  0.0174   23
 Side 2 forced transition at x/c =  1.0000   70

  65   rms: 0.1786E+05   max: -.2682E+06   C at   92  2   RLX: 0.000
       a = 15.750      CL =  2.6690
      Cm = -0.5800     CD =  1.27189   =>   CDf =  0.00253    CDp =  1.26936

 MRCHDU: Convergence failed at  88  side 2    Res =  0.8508E-02
 MRCHDU: Convergence failed at  90  side 2    Res =  0.6114E+00
 Side 1  free  transition at x/c =  0.0174   23
 Side 2 forced transition at x/c =  1.0000   70

  66   rms: 0.1823E+05   max: -.2735E+06   C at   92  2   RLX: 0.000
       a = 15.750      CL =  2.6690
      Cm = -0.5800     CD =  1.27119   =>   CDf =  0.00253    CDp =  1.26866

 MRCHDU: Convergence failed at  88  side 2    Res =  0.8533E-02
 MRCHDU: Convergence failed at  90  side 2    Res =  0.6626E+00
 Side 1  free  transition at x/c =  0.0174   23
 Side 2 forced transition at x/c =  1.0000   70

  67   rms: 0.1760E+05   max: -.2638E+06   C at   92  2   RLX: 0.000
       a = 15.750      CL =  2.6690
      Cm = -0.5800     CD =  1.27050   =>   CDf =  0.00253    CDp =  1.26797

 MRCHDU: Convergence failed at  88  side 2    Res =  0.8555E-02
 MRCHDU: Convergence failed at  90  side 2    Res =  0.7137E+00
 Side 1  free  transition at x/c =  0.0174   23
 Side 2 forced transition at x/c =  1.0000   70

  68   rms: 0.2096E+05   max: -.3139E+06   C at   92  2   RLX: 0.000
       a = 15.750      CL =  2.6690
      Cm = -0.5800     CD =  1.26986   =>   CDf =  0.00253    CDp =  1.26733

 MRCHDU: Convergence failed at  88  side 2    Res =  0.8577E-02
 MRCHDU: Convergence failed at  90  side 2    Res =  0.7648E+00
 Side 1  free  transition at x/c =  0.0174   23
 Side 2 forced transition at x/c =  1.0000   70

  69   rms: 0.2008E+05   max: -.3006E+06   C at   92  2   RLX: 0.000
       a = 15.750      CL =  2.6690
      Cm = -0.5800     CD =  1.26924   =>   CDf =  0.00253    CDp =  1.26672

 MRCHDU: Convergence failed at  88  side 2    Res =  0.8598E-02
 MRCHDU: Convergence failed at  90  side 2    Res =  0.8159E+00
 Side 1  free  transition at x/c =  0.0174   23
 Side 2 forced transition at x/c =  1.0000   70

  70   rms: 0.2251E+05   max: -.3366E+06   C at   92  2   RLX: 0.000
       a = 15.750      CL =  2.6690
      Cm = -0.5800     CD =  1.26866   =>   CDf =  0.00253    CDp =  1.26613

 MRCHDU: Convergence failed at  88  side 2    Res =  0.8618E-02
 MRCHDU: Convergence failed at  90  side 2    Res =  0.8671E+00
 Side 1  free  transition at x/c =  0.0174   23
 Side 2 forced transition at x/c =  1.0000   70

  71   rms: 0.2453E+05   max: -.3666E+06   C at   92  2   RLX: 0.000
       a = 15.750      CL =  2.6690
      Cm = -0.5800     CD =  1.26807   =>   CDf =  0.00253    CDp =  1.26554

 MRCHDU: Convergence failed at  88  side 2    Res =  0.8638E-02
 MRCHDU: Convergence failed at  90  side 2    Res =  0.9182E+00
 Side 1  free  transition at x/c =  0.0174   23
 Side 2 forced transition at x/c =  1.0000   70

  72   rms: 0.2399E+05   max: -.3582E+06   C at   92  2   RLX: 0.000
       a = 15.750      CL =  2.6690
      Cm = -0.5800     CD =  1.26752   =>   CDf =  0.00253    CDp =  1.26500

 MRCHDU: Convergence failed at  88  side 2    Res =  0.8655E-02
 MRCHDU: Convergence failed at  90  side 2    Res =  0.9692E+00
 Side 1  free  transition at x/c =  0.0174   23
 Side 2 forced transition at x/c =  1.0000   70

  73   rms: 0.2541E+05   max: -.3792E+06   C at   92  2   RLX: 0.000
       a = 15.750      CL =  2.6690
      Cm = -0.5800     CD =  1.26702   =>   CDf =  0.00253    CDp =  1.26449

 MRCHDU: Convergence failed at  88  side 2    Res =  0.8672E-02
 MRCHDU: Convergence failed at  90  side 2    Res =  0.1020E+01
 Side 1  free  transition at x/c =  0.0174   23
 Side 2 forced transition at x/c =  1.0000   70

  74   rms: 0.2611E+05   max: -.3892E+06   C at   92  2   RLX: 0.000
       a = 15.750      CL =  2.6690
      Cm = -0.5800     CD =  1.26652   =>   CDf =  0.00253    CDp =  1.26399

 MRCHDU: Convergence failed at  88  side 2    Res =  0.8689E-02
 MRCHDU: Convergence failed at  90  side 2    Res =  0.1071E+01
 Side 1  free  transition at x/c =  0.0174   23
 Side 2 forced transition at x/c =  1.0000   70

  75   rms: 0.2758E+05   max: -.4109E+06   C at   92  2   RLX: 0.000
       a = 15.750      CL =  2.6690
      Cm = -0.5800     CD =  1.26605   =>   CDf =  0.00253    CDp =  1.26352

 MRCHDU: Convergence failed at  88  side 2    Res =  0.8704E-02
 MRCHDU: Convergence failed at  90  side 2    Res =  0.1122E+01
 Side 1  free  transition at x/c =  0.0174   23
 Side 2 forced transition at x/c =  1.0000   70

  76   rms: 0.2648E+05   max: -.3943E+06   C at   92  2   RLX: 0.000
       a = 15.750      CL =  2.6690
      Cm = -0.5800     CD =  1.26560   =>   CDf =  0.00253    CDp =  1.26307

 MRCHDU: Convergence failed at  88  side 2    Res =  0.8720E-02
 MRCHDU: Convergence failed at  90  side 2    Res =  0.1173E+01
 Side 1  free  transition at x/c =  0.0174   23
 Side 2 forced transition at x/c =  1.0000   70

  77   rms: 0.2940E+05   max: -.4372E+06   C at   92  2   RLX: 0.000
       a = 15.750      CL =  2.6690
      Cm = -0.5800     CD =  1.26516   =>   CDf =  0.00253    CDp =  1.26263

 MRCHDU: Convergence failed at  88  side 2    Res =  0.8735E-02
 MRCHDU: Convergence failed at  90  side 2    Res =  0.1224E+01
 Side 1  free  transition at x/c =  0.0174   23
 Side 2 forced transition at x/c =  1.0000   70

  78   rms: 0.3176E+05   max: -.4720E+06   C at   92  2   RLX: 0.000
       a = 15.750      CL =  2.6690
      Cm = -0.5800     CD =  1.26474   =>   CDf =  0.00253    CDp =  1.26221

 MRCHDU: Convergence failed at  88  side 2    Res =  0.8749E-02
 MRCHDU: Convergence failed at  90  side 2    Res =  0.1275E+01
 Side 1  free  transition at x/c =  0.0174   23
 Side 2 forced transition at x/c =  1.0000   70

  79   rms: 0.3260E+05   max: -.4842E+06   C at   92  2   RLX: 0.000
       a = 15.750      CL =  2.6690
      Cm = -0.5800     CD =  1.26435   =>   CDf =  0.00253    CDp =  1.26183

 MRCHDU: Convergence failed at  88  side 2    Res =  0.8762E-02
 MRCHDU: Convergence failed at  90  side 2    Res =  0.1326E+01
 Side 1  free  transition at x/c =  0.0174   23
 Side 2 forced transition at x/c =  1.0000   70

  80   rms: 0.3354E+05   max: -.4977E+06   C at   92  2   RLX: 0.000
       a = 15.750      CL =  2.6690
      Cm = -0.5800     CD =  1.26397   =>   CDf =  0.00253    CDp =  1.26144

 MRCHDU: Convergence failed at  88  side 2    Res =  0.8776E-02
 MRCHDU: Convergence failed at  90  side 2    Res =  0.1377E+01
 Side 1  free  transition at x/c =  0.0174   23
 Side 2 forced transition at x/c =  1.0000   70

  81   rms: 0.3659E+05   max: -.5425E+06   C at   92  2   RLX: 0.000
       a = 15.750      CL =  2.6690
      Cm = -0.5800     CD =  1.26359   =>   CDf =  0.00253    CDp =  1.26106

 MRCHDU: Convergence failed at  88  side 2    Res =  0.8787E-02
 MRCHDU: Convergence failed at  90  side 2    Res =  0.1428E+01
 Side 1  free  transition at x/c =  0.0174   23
 Side 2 forced transition at x/c =  1.0000   70

  82   rms: 0.3673E+05   max: -.5442E+06   C at   92  2   RLX: 0.000
       a = 15.750      CL =  2.6690
      Cm = -0.5800     CD =  1.26323   =>   CDf =  0.00253    CDp =  1.26070

 MRCHDU: Convergence failed at  88  side 2    Res =  0.8799E-02
 MRCHDU: Convergence failed at  90  side 2    Res =  0.1479E+01
 Side 1  free  transition at x/c =  0.0174   23
 Side 2 forced transition at x/c =  1.0000   70

  83   rms: 0.3995E+05   max: -.5914E+06   C at   92  2   RLX: 0.000
       a = 15.750      CL =  2.6690
      Cm = -0.5800     CD =  1.26290   =>   CDf =  0.00253    CDp =  1.26038

 MRCHDU: Convergence failed at  88  side 2    Res =  0.8811E-02
 MRCHDU: Convergence failed at  90  side 2    Res =  0.1530E+01
 Side 1  free  transition at x/c =  0.0174   23
 Side 2 forced transition at x/c =  1.0000   70

  84   rms: 0.4025E+05   max: -.5954E+06   C at   92  2   RLX: 0.000
       a = 15.750      CL =  2.6690
      Cm = -0.5800     CD =  1.26256   =>   CDf =  0.00253    CDp =  1.26003

 MRCHDU: Convergence failed at  88  side 2    Res =  0.8821E-02
 MRCHDU: Convergence failed at  89  side 2    Res =  0.1085E-01
 MRCHDU: Convergence failed at  90  side 2    Res =  0.1570E+01
 Side 1  free  transition at x/c =  0.0174   23
 Side 2 forced transition at x/c =  1.0000   70

  85   rms: 0.4239E+05   max: -.6266E+06   C at   92  2   RLX: 0.000
       a = 15.750      CL =  2.6690
      Cm = -0.5800     CD =  1.26224   =>   CDf =  0.00253    CDp =  1.25971

 MRCHDU: Convergence failed at  88  side 2    Res =  0.8832E-02
 MRCHDU: Convergence failed at  89  side 2    Res =  0.4242E-01
 MRCHDU: Convergence failed at  90  side 2    Res =  0.1590E+01
 Side 1  free  transition at x/c =  0.0174   23
 Side 2 forced transition at x/c =  1.0000   70

  86   rms: 0.4160E+05   max: -.6145E+06   C at   92  2   RLX: 0.000
       a = 15.750      CL =  2.6690
      Cm = -0.5800     CD =  1.26194   =>   CDf =  0.00253    CDp =  1.25942

 MRCHDU: Convergence failed at  88  side 2    Res =  0.8843E-02
 MRCHDU: Convergence failed at  89  side 2    Res =  0.7412E-01
 MRCHDU: Convergence failed at  90  side 2    Res =  0.1609E+01
 Side 1  free  transition at x/c =  0.0174   23
 Side 2 forced transition at x/c =  1.0000   70

  87   rms: 0.4478E+05   max: -.6609E+06   C at   92  2   RLX: 0.000
       a = 15.750      CL =  2.6690
      Cm = -0.5800     CD =  1.26164   =>   CDf =  0.00253    CDp =  1.25911

 MRCHDU: Convergence failed at  88  side 2    Res =  0.8853E-02
 MRCHDU: Convergence failed at  89  side 2    Res =  0.1060E+00
 MRCHDU: Convergence failed at  90  side 2    Res =  0.7726E+00
 Side 1  free  transition at x/c =  0.0174   23
 Side 2 forced transition at x/c =  1.0000   70

  88   rms: 0.4032E+03   max: -.2508E+04   C at   92  1   RLX: 0.000
       a = 15.750      CL =  2.6669
      Cm = -0.5796     CD =  1.51649   =>   CDf =  0.00253    CDp =  1.51396

 MRCHDU: Convergence failed at  88  side 2    Res =  0.1234E-01
 Side 1  free  transition at x/c =  0.0174   23
 Side 2 forced transition at x/c =  1.0000   70

  89   rms: 0.1256E+03   max: -.7905E+03   T at   92  2   RLX: 0.001
       a = 15.750      CL =  2.6738
      Cm = -0.5804     CD =  9.42973   =>   CDf =  0.00252    CDp =  9.42721

 MRCHDU: Convergence failed at  88  side 2    Res =  0.1095E-01
 Side 1  free  transition at x/c =  0.0173   23
 Side 2 forced transition at x/c =  1.0000   70

  90   rms: 0.3672E+03   max: -.2678E+04   C at   92  1   RLX: 0.000
       a = 15.750      CL =  2.6731
      Cm = -0.5803     CD = 11.88018   =>   CDf =  0.00254    CDp = 11.87764

 MRCHDU: Convergence failed at  88  side 2    Res =  0.9982E-02
 Side 1  free  transition at x/c =  0.0173   23
 Side 2 forced transition at x/c =  1.0000   70

  91   rms: 0.4021E+03   max: -.3341E+04   C at   92  1   RLX: 0.000
       a = 15.750      CL =  2.6726
      Cm = -0.5801     CD = 11.75999   =>   CDf =  0.00254    CDp = 11.75745

 MRCHDU: Convergence failed at  88  side 2    Res =  0.9253E-02
 Side 1  free  transition at x/c =  0.0173   23
 Side 2 forced transition at x/c =  1.0000   70

  92   rms: 0.3922E+03   max: -.3768E+04   C at   92  1   RLX: 0.000
       a = 15.750      CL =  2.6722
      Cm = -0.5800     CD = 11.65384   =>   CDf =  0.00254    CDp = 11.65130

 MRCHDU: Convergence failed at  88  side 2    Res =  0.8810E-02
 Side 1  free  transition at x/c =  0.0174   23
 Side 2 forced transition at x/c =  1.0000   70

  93   rms: 0.4206E+03   max: -.4553E+04   C at   92  1   RLX: 0.000
       a = 15.750      CL =  2.6718
      Cm = -0.5799     CD = 11.55791   =>   CDf =  0.00254    CDp = 11.55538

 MRCHDU: Convergence failed at  88  side 2    Res =  0.8547E-02
 Side 1  free  transition at x/c =  0.0174   23
 Side 2 forced transition at x/c =  1.0000   70

  94   rms: 0.4618E+03   max: -.5361E+04   C at   92  1   RLX: 0.000
       a = 15.750      CL =  2.6715
      Cm = -0.5798     CD = 11.48099   =>   CDf =  0.00254    CDp = 11.47845

 MRCHDU: Convergence failed at  88  side 2    Res =  0.8392E-02
 Side 1  free  transition at x/c =  0.0174   23
 Side 2 forced transition at x/c =  1.0000   70

  95   rms: 0.6262E+03   max: -.7504E+04   C at   92  1   RLX: 0.000
       a = 15.750      CL =  2.6712
      Cm = -0.5798     CD = 11.41864   =>   CDf =  0.00254    CDp = 11.41610

 MRCHDU: Convergence failed at  88  side 2    Res =  0.8291E-02
 Side 1  free  transition at x/c =  0.0174   23
 Side 2 forced transition at x/c =  1.0000   70

  96   rms: 0.6751E+03   max: -.8186E+04   C at   92  1   RLX: 0.000
       a = 15.750      CL =  2.6710
      Cm = -0.5797     CD = 11.36563   =>   CDf =  0.00254    CDp = 11.36309

 MRCHDU: Convergence failed at  88  side 2    Res =  0.8216E-02
 Side 1  free  transition at x/c =  0.0174   23
 Side 2 forced transition at x/c =  1.0000   70

  97   rms: 0.7193E+03   max: -.8762E+04   C at   92  1   RLX: 0.000
       a = 15.750      CL =  2.6708
      Cm = -0.5797     CD = 11.31100   =>   CDf =  0.00254    CDp = 11.30846

 MRCHDU: Convergence failed at  88  side 2    Res =  0.8143E-02
 Side 1  free  transition at x/c =  0.0174   23
 Side 2 forced transition at x/c =  1.0000   70

  98   rms: 0.7646E+03   max: -.9320E+04   C at   92  1   RLX: 0.000
       a = 15.750      CL =  2.6707
      Cm = -0.5796     CD = 11.26760   =>   CDf =  0.00254    CDp = 11.26506

 MRCHDU: Convergence failed at  88  side 2    Res =  0.8089E-02
 Side 1  free  transition at x/c =  0.0174   23
 Side 2 forced transition at x/c =  1.0000   70

  99   rms: 0.9786E+03   max: -.1193E+05   C at   92  1   RLX: 0.000
       a = 15.750      CL =  2.6705
      Cm = -0.5796     CD = 11.23221   =>   CDf =  0.00254    CDp = 11.22967

 MRCHDU: Convergence failed at  88  side 2    Res =  0.8046E-02
 Side 1  free  transition at x/c =  0.0174   23
 Side 2 forced transition at x/c =  1.0000   70

 100   rms: 0.1247E+04   max: -.1520E+05   C at   92  1   RLX: 0.000
       a = 15.750      CL =  2.6704
      Cm = -0.5796     CD = 11.20483   =>   CDf =  0.00254    CDp = 11.20229

 MRCHDU: Convergence failed at  88  side 2    Res =  0.8012E-02
 Side 1  free  transition at x/c =  0.0174   23
 Side 2 forced transition at x/c =  1.0000   70

 101   rms: 0.1193E+04   max: -.1453E+05   C at   92  1   RLX: 0.000
       a = 15.750      CL =  2.6703
      Cm = -0.5796     CD = 11.18062   =>   CDf =  0.00254    CDp = 11.17808

 MRCHDU: Convergence failed at  88  side 2    Res =  0.7984E-02
 Side 1  free  transition at x/c =  0.0174   23
 Side 2 forced transition at x/c =  1.0000   70

 102   rms: 0.1387E+04   max: -.1689E+05   C at   92  1   RLX: 0.000
       a = 15.750      CL =  2.6702
      Cm = -0.5795     CD = 11.15432   =>   CDf =  0.00254    CDp = 11.15178

 MRCHDU: Convergence failed at  88  side 2    Res =  0.7953E-02
 Side 1  free  transition at x/c =  0.0174   23
 Side 2 forced transition at x/c =  1.0000   70

 103   rms: 0.1498E+04   max: -.1824E+05   C at   92  1   RLX: 0.000
       a = 15.750      CL =  2.6701
      Cm = -0.5795     CD = 11.13198   =>   CDf =  0.00254    CDp = 11.12944

 MRCHDU: Convergence failed at  88  side 2    Res =  0.7926E-02
 Side 1  free  transition at x/c =  0.0174   23
 Side 2 forced transition at x/c =  1.0000   70

 104   rms: 0.1696E+04   max: -.2063E+05   C at   92  1   RLX: 0.000
       a = 15.750      CL =  2.6700
      Cm = -0.5795     CD = 11.11528   =>   CDf =  0.00254    CDp = 11.11274

 MRCHDU: Convergence failed at  88  side 2    Res =  0.7907E-02
 Side 1  free  transition at x/c =  0.0174   23
 Side 2 forced transition at x/c =  1.0000   70

 105   rms: 0.1831E+04   max: -.2227E+05   C at   92  1   RLX: 0.000
       a = 15.750      CL =  2.6700
      Cm = -0.5795     CD = 11.09965   =>   CDf =  0.00254    CDp = 11.09711

 MRCHDU: Convergence failed at  92  side 1    Res =  0.4138E-02
 MRCHDU: Convergence failed at  88  side 2    Res =  0.7890E-02
 Side 1  free  transition at x/c =  0.0174   23
 Side 2 forced transition at x/c =  1.0000   70

 106   rms: 0.1983E+04   max: -.2411E+05   C at   92  1   RLX: 0.000
       a = 15.750      CL =  2.6699
      Cm = -0.5795     CD = 11.08745   =>   CDf =  0.00254    CDp = 11.08491

 MRCHDU: Convergence failed at  90  side 1    Res =  0.4558E-02
 MRCHDU: Convergence failed at  91  side 1    Res =  0.2372E-01
 MRCHDU: Convergence failed at  92  side 1    Res =  0.2964E-01
 MRCHDU: Convergence failed at  88  side 2    Res =  0.7878E-02
 Side 1  free  transition at x/c =  0.0174   23
 Side 2 forced transition at x/c =  1.0000   70

 107   rms: 0.2105E+04   max: -.2560E+05   C at   92  1   RLX: 0.000
       a = 15.750      CL =  2.6698
      Cm = -0.5794     CD = 11.07288   =>   CDf =  0.00254    CDp = 11.07034

 MRCHDU: Convergence failed at  89  side 1    Res =  0.3192E-01
 MRCHDU: Convergence failed at  90  side 1    Res =  0.2603E-01
 MRCHDU: Convergence failed at  91  side 1    Res =  0.2375E-01
 MRCHDU: Convergence failed at  92  side 1    Res =  0.2971E-01
 MRCHDU: Convergence failed at  88  side 2    Res =  0.7862E-02
 Side 1  free  transition at x/c =  0.0174   23
 Side 2 forced transition at x/c =  1.0000   70

 108   rms: 0.2573E+04   max: -.3129E+05   C at   92  1   RLX: 0.000
       a = 15.750      CL =  2.6698
      Cm = -0.5794     CD = 11.06020   =>   CDf =  0.00254    CDp = 11.05766

 MRCHDU: Convergence failed at  88  side 1    Res =  0.3186E-02
 MRCHDU: Convergence failed at  89  side 1    Res =  0.8195E-01
 MRCHDU: Convergence failed at  90  side 1    Res =  0.2606E-01
 MRCHDU: Convergence failed at  91  side 1    Res =  0.2378E-01
 MRCHDU: Convergence failed at  92  side 1    Res =  0.2977E-01
 MRCHDU: Convergence failed at  88  side 2    Res =  0.7849E-02
 Side 1  free  transition at x/c =  0.0174   23
 Side 2 forced transition at x/c =  1.0000   70

 109   rms: 0.2423E+04   max: -.2945E+05   C at   92  1   RLX: 0.000
       a = 15.750      CL =  2.6697
      Cm = -0.5794     CD = 11.04897   =>   CDf =  0.00254    CDp = 11.04643

 MRCHDU: Convergence failed at  88  side 1    Res =  0.5609E-01
 MRCHDU: Convergence failed at  89  side 1    Res =  0.8216E-01
 MRCHDU: Convergence failed at  90  side 1    Res =  0.2609E-01
 MRCHDU: Convergence failed at  91  side 1    Res =  0.2380E-01
 MRCHDU: Convergence failed at  92  side 1    Res =  0.2982E-01
 MRCHDU: Convergence failed at  88  side 2    Res =  0.7837E-02
 Side 1  free  transition at x/c =  0.0174   23
 Side 2 forced transition at x/c =  1.0000   70

 110   rms: 0.2611E+04   max: -.3174E+05   C at   92  1   RLX: 0.000
       a = 15.750      CL =  2.6697
      Cm = -0.5794     CD = 11.03742   =>   CDf =  0.00254    CDp = 11.03488

 MRCHDU: Convergence failed at  88  side 1    Res =  0.1089E+00
 MRCHDU: Convergence failed at  88  side 2    Res =  0.1537E-01
 Side 1  free  transition at x/c =  0.0174   23
 Side 2 forced transition at x/c =  1.0000   70

 111   rms: 0.8343E+03   max: -.5188E+04   C at   91  1   RLX: 0.000
       a = 15.750      CL =  2.6703
      Cm = -0.5795     CD = 16.00708   =>   CDf =  0.00254    CDp = 16.00454

 MRCHDU: Convergence failed at  88  side 1    Res =  0.3902E+00
 MRCHDU: Convergence failed at  88  side 2    Res =  0.1758E-01
 Side 1  free  transition at x/c =  0.0174   23
 Side 2 forced transition at x/c =  1.0000   70

 112   rms: 0.1197E+04   max: -.7491E+04   C at   91  1   RLX: 0.000
       a = 15.750      CL =  2.6705
      Cm = -0.5795     CD = 16.15006   =>   CDf =  0.00254    CDp = 16.14752

 MRCHDU: Convergence failed at  88  side 1    Res =  0.6191E+00
 MRCHDU: Convergence failed at  88  side 2    Res =  0.1859E-01
 Side 1  free  transition at x/c =  0.0174   23
 Side 2 forced transition at x/c =  1.0000   70

 113   rms: 0.1376E+04   max: -.8623E+04   C at   92  1   RLX: 0.000
       a = 15.750      CL =  2.6706
      Cm = -0.5795     CD = 13.70136   =>   CDf =  0.00254    CDp = 13.69882

 MRCHDU: Convergence failed at  88  side 1    Res =  0.8674E+00
 MRCHDU: Convergence failed at  88  side 2    Res =  0.1812E-01
 Side 1  free  transition at x/c =  0.0174   23
 Side 2 forced transition at x/c =  1.0000   70

 114   rms: 0.1807E+04   max: -.1135E+05   C at   92  1   RLX: 0.000
       a = 15.750      CL =  2.6706
      Cm = -0.5795     CD = 10.66684   =>   CDf =  0.00254    CDp = 10.66430

 MRCHDU: Convergence failed at  88  side 1    Res =  0.1143E+01
 MRCHDU: Convergence failed at  88  side 2    Res =  0.1564E-01
 Side 1  free  transition at x/c =  0.0174   23
 Side 2 forced transition at x/c =  1.0000   70

 115   rms: 0.3085E+04   max: -.1943E+05   C at   92  1   RLX: 0.000
       a = 15.750      CL =  2.6705
      Cm = -0.5794     CD =  8.21630   =>   CDf =  0.00254    CDp =  8.21376

 MRCHDU: Convergence failed at  88  side 1    Res =  0.1463E+01
 MRCHDU: Convergence failed at  88  side 2    Res =  0.1083E-01
 Side 1  free  transition at x/c =  0.0174   23
 Side 2 forced transition at x/c =  1.0000   70

 116   rms: 0.6890E+04   max: -.4351E+05   C at   92  1   RLX: 0.000
       a = 15.750      CL =  2.6703
      Cm = -0.5794     CD =  6.56869   =>   CDf =  0.00254    CDp =  6.56615

 MRCHDU: Convergence failed at  88  side 1    Res =  0.1831E+01
 MRCHDU: Convergence failed at  88  side 2    Res =  0.4208E-02
 Side 1  free  transition at x/c =  0.0174   23
 Side 2 forced transition at x/c =  1.0000   70

 117   rms: 0.1032E+05   max: -.6530E+05   C at   92  1   RLX: 0.000
       a = 15.750      CL =  2.6700
      Cm = -0.5794     CD =  5.56793   =>   CDf =  0.00254    CDp =  5.56539

 MRCHDU: Convergence failed at  88  side 1    Res =  0.4588E-01
 MRCHDU: Convergence failed at  89  side 1    Res =  0.5987E-01
 MRCHDU: Convergence failed at  90  side 1    Res =  0.9448E-02
 MRCHDU: Convergence failed at  91  side 1    Res =  0.8277E-02
 MRCHDU: Convergence failed at  92  side 1    Res =  0.1038E-01
 Side 1  free  transition at x/c =  0.0174   23
 Side 2 forced transition at x/c =  1.0000   70

 118   rms: 0.5992E+02   max: 0.6486E+03   T at   87  2   RLX: 0.001
       a = 15.750      CL =  2.6791
      Cm = -0.5807     CD = 27.80328   =>   CDf =  0.00254    CDp = 27.80074

 MRCHDU: Convergence failed at  88  side 1    Res =  0.5146E-01
 MRCHDU: Convergence failed at  89  side 1    Res =  0.7252E-01
 MRCHDU: Convergence failed at  90  side 1    Res =  0.1103E-01
 MRCHDU: Convergence failed at  91  side 1    Res =  0.1148E-01
 MRCHDU: Convergence failed at  92  side 1    Res =  0.5075E-01
 Side 1  free  transition at x/c =  0.0173   23
 Side 2 forced transition at x/c =  1.0000   70

 119   rms: 0.7370E+02   max: 0.6938E+03   T at   87  2   RLX: 0.002
       a = 15.750      CL =  2.7019
      Cm = -0.5848     CD =  5.45341   =>   CDf =  0.00255    CDp =  5.45086

 MRCHDU: Convergence failed at  88  side 1    Res =  0.6004E-01
 MRCHDU: Convergence failed at  89  side 1    Res =  0.7857E-01
 MRCHDU: Convergence failed at  90  side 1    Res =  0.1155E-01
 MRCHDU: Convergence failed at  91  side 1    Res =  0.1268E-01
 Side 1  free  transition at x/c =  0.0172   23
 Side 2 forced transition at x/c =  1.0000   70

 120   rms: 0.2269E+02   max: 0.1373E+03   C at   92  1   RLX: 0.008
       a = 15.750      CL =  2.7008
      Cm = -0.5832     CD =  1.40969   =>   CDf =  0.00258    CDp =  1.40712

 MRCHDU: Convergence failed at  88  side 1    Res =  0.6867E-01
 MRCHDU: Convergence failed at  89  side 1    Res =  0.8542E-01
 MRCHDU: Convergence failed at  90  side 1    Res =  0.1231E-01
 MRCHDU: Convergence failed at  91  side 1    Res =  0.1393E-01
 Side 1  free  transition at x/c =  0.0171   23
 Side 2 forced transition at x/c =  1.0000   70

 121   rms: 0.3055E+01   max: 0.5568E+02   C at   87  1   RLX: 0.027
       a = 15.750      CL =  2.6001
      Cm = -0.5578     CD =  2.36395   =>   CDf =  0.00260    CDp =  2.36135

 MRCHDU: Convergence failed at  88  side 1    Res =  0.5751E-01
 MRCHDU: Convergence failed at  89  side 1    Res =  0.7865E-01
 MRCHDU: Convergence failed at  90  side 1    Res =  0.1293E-01
 MRCHDU: Convergence failed at  91  side 1    Res =  0.1517E-01
 Side 1  free  transition at x/c =  0.0176   23
 Side 2 forced transition at x/c =  1.0000   70

 122   rms: 0.4151E+02   max: 0.2643E+03   C at   92  1   RLX: 0.006
       a = 15.750      CL =  2.5948
      Cm = -0.5552     CD =  0.82314   =>   CDf =  0.00263    CDp =  0.82051

 MRCHDU: Convergence failed at  88  side 1    Res =  0.6006E-01
 MRCHDU: Convergence failed at  89  side 1    Res =  0.8503E-01
 MRCHDU: Convergence failed at  90  side 1    Res =  0.1414E-01
 MRCHDU: Convergence failed at  91  side 1    Res =  0.2273E-01
 Side 1  free  transition at x/c =  0.0176   23
 Side 2 forced transition at x/c =  1.0000   70

 123   rms: 0.1119E+02   max: -.7140E+02   C at   87  1   RLX: 0.007
       a = 15.750      CL =  2.5909
      Cm = -0.5533     CD =  0.80398   =>   CDf =  0.00265    CDp =  0.80134

 MRCHDU: Convergence failed at  88  side 1    Res =  0.6919E-01
 MRCHDU: Convergence failed at  89  side 1    Res =  0.9476E-01
 MRCHDU: Convergence failed at  90  side 1    Res =  0.1581E-01
 MRCHDU: Convergence failed at  91  side 1    Res =  0.4069E-01
 Side 1  free  transition at x/c =  0.0176   23
 Side 2 forced transition at x/c =  1.0000   70

 124   rms: 0.2402E+01   max: 0.1930E+02   C at   70  2   RLX: 0.040
       a = 15.750      CL =  2.4430
      Cm = -0.5161     CD =  1.00970   =>   CDf =  0.00266    CDp =  1.00704

 MRCHDU: Convergence failed at  88  side 1    Res =  0.6459E-01
 MRCHDU: Convergence failed at  89  side 1    Res =  0.7725E-01
 MRCHDU: Convergence failed at  90  side 1    Res =  0.1328E-01
 MRCHDU: Convergence failed at  91  side 1    Res =  0.2335E-01
 Side 1  free  transition at x/c =  0.0184   23
 Side 2 forced transition at x/c =  1.0000   70

 125   rms: 0.1721E+02   max: -.1185E+03   T at   92  2   RLX: 0.004
       a = 15.750      CL =  2.4123
      Cm = -0.5086     CD =  4.30721   =>   CDf =  0.00271    CDp =  4.30450

 MRCHDU: Convergence failed at  88  side 1    Res =  0.6277E-01
 MRCHDU: Convergence failed at  89  side 1    Res =  0.6697E-01
 MRCHDU: Convergence failed at  90  side 1    Res =  0.1158E-01
 MRCHDU: Convergence failed at  91  side 1    Res =  0.1384E-01
 MRCHDU: Convergence failed at  92  side 1    Res =  0.8742E-01
 Side 1  free  transition at x/c =  0.0186   23
 Side 2 forced transition at x/c =  1.0000   70

 126   rms: 0.2355E+02   max: -.1843E+03   T at   92  2   RLX: 0.003
       a = 15.750      CL =  2.3918
      Cm = -0.5042     CD = 81.89201   =>   CDf =  0.00271    CDp = 81.88930

 MRCHDU: Convergence failed at  88  side 1    Res =  0.6001E-01
 MRCHDU: Convergence failed at  89  side 1    Res =  0.6757E-01
 MRCHDU: Convergence failed at  90  side 1    Res =  0.1159E-01
 MRCHDU: Convergence failed at  91  side 1    Res =  0.1377E-01
 MRCHDU: Convergence failed at  92  side 1    Res =  0.4711E-01
 Side 1  free  transition at x/c =  0.0188   23
 Side 2 forced transition at x/c =  1.0000   70

 127   rms: 0.2378E+02   max: -.2021E+03   T at   90  2   RLX: 0.002
       a = 15.750      CL =  2.3748
      Cm = -0.5006     CD =*********   =>   CDf =  0.00270    CDp =*********

 MRCHDU: Convergence failed at  88  side 1    Res =  0.5781E-01
 MRCHDU: Convergence failed at  89  side 1    Res =  0.6695E-01
 MRCHDU: Convergence failed at  90  side 1    Res =  0.1135E-01
 MRCHDU: Convergence failed at  91  side 1    Res =  0.1321E-01
 MRCHDU: Convergence failed at  92  side 1    Res =  0.2816E-01
 Side 1  free  transition at x/c =  0.0188   23
 Side 2 forced transition at x/c =  1.0000   70

 128   rms: 0.2132E+02   max: 0.4986E+03   C at   92  2   RLX: 0.003
       a = 15.750      CL =  2.3584
      Cm = -0.4974     CD =106.21655   =>   CDf =  0.00269    CDp =106.21386

 MRCHDU: Convergence failed at  88  side 1    Res =  0.5913E-01
 MRCHDU: Convergence failed at  89  side 1    Res =  0.6677E-01
 MRCHDU: Convergence failed at  90  side 1    Res =  0.1136E-01
 MRCHDU: Convergence failed at  91  side 1    Res =  0.1313E-01
 MRCHDU: Convergence failed at  92  side 1    Res =  0.2509E-01
 MRCHDU: Convergence failed at  91  side 2    Res =  0.1768E-02
 Side 1  free  transition at x/c =  0.0189   23
 Side 2 forced transition at x/c =  1.0000   70

 129   rms: 0.8780E+01   max: 0.9964E+02   T at   92  2   RLX: 0.008
       a = 15.750      CL =  2.3213
      Cm = -0.4897     CD =  9.73958   =>   CDf =  0.00268    CDp =  9.73691

 MRCHDU: Convergence failed at  88  side 1    Res =  0.5872E-01
 MRCHDU: Convergence failed at  89  side 1    Res =  0.6509E-01
 MRCHDU: Convergence failed at  90  side 1    Res =  0.1062E-01
 MRCHDU: Convergence failed at  91  side 1    Res =  0.1120E-01
 MRCHDU: Convergence failed at  92  side 1    Res =  0.1353E-01
 MRCHDU: Convergence failed at  89  side 2    Res =  0.9098E-01
 MRCHDU: Convergence failed at  90  side 2    Res =  0.8959E-02
 MRCHDU: Convergence failed at  91  side 2    Res =  0.8569E-02
 Side 1  free  transition at x/c =  0.0190   23
 Side 2 forced transition at x/c =  1.0000   70

 130   rms: 0.9920E+01   max: -.8905E+02   T at   87  2   RLX: 0.006
       a = 15.750      CL =  2.2980
      Cm = -0.4848     CD =  5.17404   =>   CDf =  0.00265    CDp =  5.17139

 MRCHDU: Convergence failed at  88  side 1    Res =  0.5973E-01
 MRCHDU: Convergence failed at  89  side 1    Res =  0.6298E-01
 MRCHDU: Convergence failed at  90  side 1    Res =  0.1028E-01
 MRCHDU: Convergence failed at  91  side 1    Res =  0.1003E-01
 MRCHDU: Convergence failed at  92  side 1    Res =  0.9163E-02
 Side 1  free  transition at x/c =  0.0190   23
 Side 2 forced transition at x/c =  1.0000   70

 131   rms: 0.1163E+03   max: 0.2218E+04   C at   91  2   RLX: 0.001
       a = 15.750      CL =  2.2944
      Cm = -0.4840     CD =  2.60109   =>   CDf =  0.00263    CDp =  2.59845

 MRCHDU: Convergence failed at  88  side 1    Res =  0.6027E-01
 MRCHDU: Convergence failed at  89  side 1    Res =  0.6057E-01
 MRCHDU: Convergence failed at  90  side 1    Res =  0.9989E-02
 MRCHDU: Convergence failed at  91  side 1    Res =  0.9447E-02
 MRCHDU: Convergence failed at  92  side 1    Res =  0.8010E-02
 Side 1  free  transition at x/c =  0.0190   23
 Side 2 forced transition at x/c =  1.0000   70

 132   rms: 0.5362E+02   max: -.6080E+03   C at   91  2   RLX: 0.001
       a = 15.750      CL =  2.2897
      Cm = -0.4830     CD =  3.00406   =>   CDf =  0.00263    CDp =  3.00143

 MRCHDU: Convergence failed at  88  side 1    Res =  0.6138E-01
 MRCHDU: Convergence failed at  89  side 1    Res =  0.5503E-01
 MRCHDU: Convergence failed at  90  side 1    Res =  0.9217E-02
 MRCHDU: Convergence failed at  91  side 1    Res =  0.7992E-02
 MRCHDU: Convergence failed at  92  side 1    Res =  0.5670E-02
 Side 1  free  transition at x/c =  0.0191   23
 Side 2 forced transition at x/c =  1.0000   70

 133   rms: 0.7475E+02   max: 0.1416E+04   C at   91  2   RLX: 0.001
       a = 15.750      CL =  2.2858
      Cm = -0.4822     CD =  3.03809   =>   CDf =  0.00263    CDp =  3.03546

 MRCHDU: Convergence failed at  88  side 1    Res =  0.6269E-01
 MRCHDU: Convergence failed at  89  side 1    Res =  0.5314E-01
 MRCHDU: Convergence failed at  90  side 1    Res =  0.8904E-02
 MRCHDU: Convergence failed at  91  side 1    Res =  0.7438E-02
 MRCHDU: Convergence failed at  92  side 1    Res =  0.4974E-02
 Side 1  free  transition at x/c =  0.0191   23
 Side 2 forced transition at x/c =  1.0000   70

 134   rms: 0.1022E+02   max: 0.1925E+03   C at   91  2   RLX: 0.008
       a = 15.750      CL =  2.2666
      Cm = -0.4775     CD =  3.00379   =>   CDf =  0.00263    CDp =  3.00116

 MRCHDU: Convergence failed at  88  side 1    Res =  0.7019E-01
 MRCHDU: Convergence failed at  89  side 1    Res =  0.5746E-01
 MRCHDU: Convergence failed at  90  side 1    Res =  0.9129E-02
 MRCHDU: Convergence failed at  91  side 1    Res =  0.7708E-02
 MRCHDU: Convergence failed at  92  side 1    Res =  0.5378E-02
 Side 1  free  transition at x/c =  0.0191   23
 Side 2 forced transition at x/c =  1.0000   70

 135   rms: 0.3063E+04   max: -.4600E+05   C at   91  2   RLX: 0.000
       a = 15.750      CL =  2.2656
      Cm = -0.4771     CD =  3.43962   =>   CDf =  0.00263    CDp =  3.43700

 MRCHDU: Convergence failed at  88  side 1    Res =  0.7066E-01
 MRCHDU: Convergence failed at  89  side 1    Res =  0.5370E-01
 MRCHDU: Convergence failed at  90  side 1    Res =  0.8611E-02
 MRCHDU: Convergence failed at  91  side 1    Res =  0.6924E-02
 MRCHDU: Convergence failed at  92  side 1    Res =  0.4477E-02
 MRCHDU: Convergence failed at  91  side 2    Res =  0.3754E-02
 Side 1  free  transition at x/c =  0.0191   23
 Side 2 forced transition at x/c =  1.0000   70

 136   rms: 0.1642E+02   max: 0.1796E+03   C at   91  2   RLX: 0.003
       a = 15.750      CL =  2.2474
      Cm = -0.4739     CD =  2.38984   =>   CDf =  0.00263    CDp =  2.38722

 MRCHDU: Convergence failed at  88  side 1    Res =  0.6939E-01
 MRCHDU: Convergence failed at  89  side 1    Res =  0.4709E-01
 MRCHDU: Convergence failed at  90  side 1    Res =  0.7902E-02
 MRCHDU: Convergence failed at  91  side 1    Res =  0.5950E-02
 MRCHDU: Convergence failed at  92  side 1    Res =  0.3488E-02
 Side 1  free  transition at x/c =  0.0191   23
 Side 2 forced transition at x/c =  1.0000   70

 137   rms: 0.1306E+03   max: 0.2459E+04   C at   91  2   RLX: 0.001
       a = 15.750      CL =  2.2434
      Cm = -0.4732     CD =  1.98869   =>   CDf =  0.00260    CDp =  1.98609

 MRCHDU: Convergence failed at  88  side 1    Res =  0.7017E-01
 MRCHDU: Convergence failed at  89  side 1    Res =  0.4480E-01
 MRCHDU: Convergence failed at  90  side 1    Res =  0.7583E-02
 MRCHDU: Convergence failed at  91  side 1    Res =  0.5574E-02
 MRCHDU: Convergence failed at  92  side 1    Res =  0.3167E-02
 Side 1  free  transition at x/c =  0.0191   23
 Side 2 forced transition at x/c =  1.0000   70

 138   rms: 0.1440E+03   max: -.1528E+04   T at   85  2   RLX: 0.000
       a = 15.750      CL =  2.2401
      Cm = -0.4725     CD =  2.33078   =>   CDf =  0.00260    CDp =  2.32819

 MRCHDU: Convergence failed at  88  side 1    Res =  0.7275E-01
 MRCHDU: Convergence failed at  89  side 1    Res =  0.3872E-01
 MRCHDU: Convergence failed at  90  side 1    Res =  0.6682E-02
 MRCHDU: Convergence failed at  91  side 1    Res =  0.4587E-02
 MRCHDU: Convergence failed at  92  side 1    Res =  0.2400E-02
 MRCHDU: Convergence failed at  72  side 2    Res =  0.7640E-01
 Side 1  free  transition at x/c =  0.0191   23
 Side 2 forced transition at x/c =  1.0000   70

 139   rms: 0.9810E+02   max: 0.1260E+04   T at   85  2   RLX: 0.001
       a = 15.750      CL =  2.2368
      Cm = -0.4718     CD =  2.10400   =>   CDf =  0.00259    CDp =  2.10141

 MRCHDU: Convergence failed at  88  side 1    Res =  0.7086E-01
 MRCHDU: Convergence failed at  89  side 1    Res =  0.3910E-01
 MRCHDU: Convergence failed at  90  side 1    Res =  0.6719E-02
 MRCHDU: Convergence failed at  91  side 1    Res =  0.4618E-02
 MRCHDU: Convergence failed at  92  side 1    Res =  0.2403E-02
 MRCHDU: Convergence failed at  72  side 2    Res =  0.8078E-01
 Side 1  free  transition at x/c =  0.0192   23
 Side 2 forced transition at x/c =  1.0000   70

 140   rms: 0.3265E+03   max: 0.5278E+04   C at   90  2   RLX: 0.000
       a = 15.750      CL =  2.2353
      Cm = -0.4716     CD =  1.36344   =>   CDf =  0.00259    CDp =  1.36085

 MRCHDU: Convergence failed at  88  side 1    Res =  0.7050E-01
 MRCHDU: Convergence failed at  89  side 1    Res =  0.3923E-01
 MRCHDU: Convergence failed at  90  side 1    Res =  0.6732E-02
 MRCHDU: Convergence failed at  91  side 1    Res =  0.4628E-02
 MRCHDU: Convergence failed at  92  side 1    Res =  0.2405E-02
 MRCHDU: Convergence failed at  72  side 2    Res =  0.1349E+00
 MRCHDU: Convergence failed at  73  side 2    Res =  0.3780E+00
 MRCHDU: Convergence failed at  84  side 2    Res =  0.8004E-02
 MRCHDU: Convergence failed at  85  side 2    Res =  0.5936E-02
 MRCHDU: Convergence failed at  86  side 2    Res =  0.9216E-03
 MRCHDU: Convergence failed at  89  side 2    Res =  0.7118E-02
 MRCHDU: Convergence failed at  90  side 2    Res =  0.1961E-01
 Side 1  free  transition at x/c =  0.0192   23
 Side 2 forced transition at x/c =  1.0000   70

 141   rms: 0.3154E+02   max: 0.4252E+03   C at   91  2   RLX: 0.004
       a = 15.750      CL =  2.2172
      Cm = -0.4688     CD =  2.83170   =>   CDf =  0.00259    CDp =  2.82912

 MRCHDU: Convergence failed at  88  side 1    Res =  0.6761E-01
 MRCHDU: Convergence failed at  89  side 1    Res =  0.3973E-01
 MRCHDU: Convergence failed at  90  side 1    Res =  0.6727E-02
 MRCHDU: Convergence failed at  91  side 1    Res =  0.4676E-02
 MRCHDU: Convergence failed at  92  side 1    Res =  0.2392E-02
 MRCHDU: Convergence failed at  84  side 2    Res =  0.2962E-01
 MRCHDU: Convergence failed at  85  side 2    Res =  0.7419E-02
 MRCHDU: Convergence failed at  86  side 2    Res =  0.1539E-02
 MRCHDU: Convergence failed at  88  side 2    Res =  0.2886E-03
 MRCHDU: Convergence failed at  89  side 2    Res =  0.1409E-01
 Side 1  free  transition at x/c =  0.0192   23
 Side 2 forced transition at x/c =  1.0000   70

 142   rms: 0.3267E+02   max: 0.3142E+03   T at   87  2   RLX: 0.005
       a = 15.750      CL =  2.1943
      Cm = -0.4651     CD =  2.20243   =>   CDf =  0.00255    CDp =  2.19988

 MRCHDU: Convergence failed at  88  side 1    Res =  0.6572E-01
 MRCHDU: Convergence failed at  89  side 1    Res =  0.3958E-01
 MRCHDU: Convergence failed at  90  side 1    Res =  0.6630E-02
 MRCHDU: Convergence failed at  91  side 1    Res =  0.4671E-02
 MRCHDU: Convergence failed at  92  side 1    Res =  0.2490E-02
 MRCHDU: Convergence failed at  74  side 2    Res =  0.1913E+00
 MRCHDU: Convergence failed at  84  side 2    Res =  0.1192E-01
 MRCHDU: Convergence failed at  85  side 2    Res =  0.2354E-01
 MRCHDU: Convergence failed at  86  side 2    Res =  0.1069E-01
 MRCHDU: Convergence failed at  87  side 2    Res =  0.1482E-02
 MRCHDU: Convergence failed at  88  side 2    Res =  0.1613E-02
 Side 1  free  transition at x/c =  0.0192   23
 Side 2 forced transition at x/c =  1.0000   70

 143   rms: 0.2376E+02   max: 0.3593E+03   T at   87  2   RLX: 0.004
       a = 15.750      CL =  2.1749
      Cm = -0.4621     CD =  1.36444   =>   CDf =  0.00251    CDp =  1.36192

 MRCHDU: Convergence failed at  88  side 1    Res =  0.6660E-01
 MRCHDU: Convergence failed at  89  side 1    Res =  0.3912E-01
 MRCHDU: Convergence failed at  90  side 1    Res =  0.6587E-02
 MRCHDU: Convergence failed at  91  side 1    Res =  0.4635E-02
 MRCHDU: Convergence failed at  92  side 1    Res =  0.2475E-02
 MRCHDU: Convergence failed at  74  side 2    Res =  0.7765E-03
 MRCHDU: Convergence failed at  84  side 2    Res =  0.2033E-01
 MRCHDU: Convergence failed at  85  side 2    Res =  0.4380E-01
 MRCHDU: Convergence failed at  86  side 2    Res =  0.4603E+00
 MRCHDU: Convergence failed at  87  side 2    Res =  0.1314E-01
 MRCHDU: Convergence failed at  88  side 2    Res =  0.2927E-01
 Side 1  free  transition at x/c =  0.0192   23
 Side 2 forced transition at x/c =  1.0000   70

 144   rms: 0.1454E+02   max: 0.1397E+03   C at   88  2   RLX: 0.008
       a = 15.750      CL =  2.1327
      Cm = -0.4563     CD =  1.29085   =>   CDf =  0.00248    CDp =  1.28837

 MRCHDU: Convergence failed at  88  side 1    Res =  0.5783E-01
 MRCHDU: Convergence failed at  89  side 1    Res =  0.4208E-01
 MRCHDU: Convergence failed at  90  side 1    Res =  0.6749E-02
 MRCHDU: Convergence failed at  91  side 1    Res =  0.4667E-02
 MRCHDU: Convergence failed at  92  side 1    Res =  0.2338E-02
 MRCHDU: Convergence failed at  74  side 2    Res =  0.6788E-03
 MRCHDU: Convergence failed at  84  side 2    Res =  0.2177E-01
 MRCHDU: Convergence failed at  85  side 2    Res =  0.4053E-01
 MRCHDU: Convergence failed at  86  side 2    Res =  0.9029E-01
 MRCHDU: Convergence failed at  87  side 2    Res =  0.1847E-01
 Side 1  free  transition at x/c =  0.0192   23
 Side 2 forced transition at x/c =  1.0000   70

 145   rms: 0.6602E+01   max: 0.5481E+02   C at   88  2   RLX: 0.015
       a = 15.750      CL =  2.0728
      Cm = -0.4470     CD =  1.07235   =>   CDf =  0.00238    CDp =  1.06997

 MRCHDU: Convergence failed at  88  side 1    Res =  0.6672E-01
 MRCHDU: Convergence failed at  89  side 1    Res =  0.3762E-01
 MRCHDU: Convergence failed at  90  side 1    Res =  0.6647E-02
 MRCHDU: Convergence failed at  91  side 1    Res =  0.4824E-02
 MRCHDU: Convergence failed at  92  side 1    Res =  0.2568E-02
 MRCHDU: Convergence failed at  74  side 2    Res =  0.1073E-02
 MRCHDU: Convergence failed at  84  side 2    Res =  0.2728E-01
 MRCHDU: Convergence failed at  85  side 2    Res =  0.3814E-01
 MRCHDU: Convergence failed at  86  side 2    Res =  0.1523E+00
 MRCHDU: Convergence failed at  87  side 2    Res =  0.1242E+01
 Side 1  free  transition at x/c =  0.0192   23
 Side 2 forced transition at x/c =  1.0000   70

 146   rms: 0.5884E+01   max: 0.4659E+02   C at   87  1   RLX: 0.011
       a = 15.750      CL =  2.0277
      Cm = -0.4396     CD =  0.73687   =>   CDf =  0.00226    CDp =  0.73461

 MRCHDU: Convergence failed at  88  side 1    Res =  0.3696E-01
 MRCHDU: Convergence failed at  89  side 1    Res =  0.3860E-01
 MRCHDU: Convergence failed at  90  side 1    Res =  0.6758E-02
 MRCHDU: Convergence failed at  91  side 1    Res =  0.4710E-02
 MRCHDU: Convergence failed at  92  side 1    Res =  0.2453E-02
 MRCHDU: Convergence failed at  74  side 2    Res =  0.1057E-02
 MRCHDU: Convergence failed at  84  side 2    Res =  0.2617E-01
 MRCHDU: Convergence failed at  85  side 2    Res =  0.3849E-01
 MRCHDU: Convergence failed at  86  side 2    Res =  0.3596E-01
 MRCHDU: Convergence failed at  87  side 2    Res =  0.1445E+00
 Side 1  free  transition at x/c =  0.0193   23
 Side 2 forced transition at x/c =  1.0000   70
 idif Ue xi dudx           1  0.10452815      6.02102280E-03   17.360531    
 Uenew xinew           2  1.76324509E-03  1.01566315E-04

 147   rms: 0.6088E+01   max: 0.5170E+02   C at   87  2   RLX: 0.029
       a = 15.750      CL =  1.9241
      Cm = -0.4213     CD =  1.03906   =>   CDf =  0.00235    CDp =  1.03671

 MRCHDU: Convergence failed at  87  side 1    Res =  0.4044E-01
 MRCHDU: Convergence failed at  88  side 1    Res =  0.4179E-01
 MRCHDU: Convergence failed at  89  side 1    Res =  0.7452E-02
 MRCHDU: Convergence failed at  90  side 1    Res =  0.6470E-02
 MRCHDU: Convergence failed at  91  side 1    Res =  0.3219E-02
 MRCHDU: Convergence failed at  74  side 2    Res =  0.2051E-04
 MRCHDU: Convergence failed at  75  side 2    Res =  0.1598E-02
 MRCHDU: Convergence failed at  76  side 2    Res =  0.1273E+00
 MRCHDU: Convergence failed at  77  side 2    Res =  0.2250E+00
 MRCHDU: Convergence failed at  78  side 2    Res =  0.2696E+00
 MRCHDU: Convergence failed at  79  side 2    Res =  0.4153E-01
 MRCHDU: Convergence failed at  83  side 2    Res =  0.6795E-01
 MRCHDU: Convergence failed at  84  side 2    Res =  0.1542E+00
 MRCHDU: Convergence failed at  85  side 2    Res =  0.7855E-01
 MRCHDU: Convergence failed at  86  side 2    Res =  0.2806E-01
 MRCHDU: Convergence failed at  87  side 2    Res =  0.4153E-01
 Side 1  free  transition at x/c =  0.0193   22
 Side 2 forced transition at x/c =  1.0000   71

 148   rms: 0.5773E+02   max: 0.5592E+03   C at   87  2   RLX: 0.003
       a = 15.750      CL =  1.9067
      Cm = -0.4184     CD =  1.02156   =>   CDf =  0.00202    CDp =  1.01954

 MRCHDU: Convergence failed at  87  side 1    Res =  0.2199E-01
 MRCHDU: Convergence failed at  88  side 1    Res =  0.4164E-01
 MRCHDU: Convergence failed at  89  side 1    Res =  0.7382E-02
 MRCHDU: Convergence failed at  90  side 1    Res =  0.6465E-02
 MRCHDU: Convergence failed at  91  side 1    Res =  0.3236E-02
 MRCHDU: Convergence failed at  74  side 2    Res =  0.1235E-03
 MRCHDU: Convergence failed at  75  side 2    Res =  0.1639E-02
 MRCHDU: Convergence failed at  76  side 2    Res =  0.1807E-02
 MRCHDU: Convergence failed at  77  side 2    Res =  0.2050E-02
 MRCHDU: Convergence failed at  78  side 2    Res =  0.2313E-02
 MRCHDU: Convergence failed at  79  side 2    Res =  0.3152E-01
 MRCHDU: Convergence failed at  84  side 2    Res =  0.3241E-01
 MRCHDU: Convergence failed at  85  side 2    Res =  0.5871E-01
 MRCHDU: Convergence failed at  86  side 2    Res =  0.2508E-01
 Side 1  free  transition at x/c =  0.0193   22
 Side 2 forced transition at x/c =  1.0000   71

 149   rms: 0.6693E+01   max: 0.4322E+02   C at   87  2   RLX: 0.030
       a = 15.750      CL =  1.7765
      Cm = -0.3954     CD =  0.70491   =>   CDf =  0.00198    CDp =  0.70293

 MRCHDU: Convergence failed at  84  side 1    Res =  0.6796E-02
 MRCHDU: Convergence failed at  85  side 1    Res =  0.1257E+00
 MRCHDU: Convergence failed at  86  side 1    Res =  0.1726E+00
 MRCHDU: Convergence failed at  87  side 1    Res =  0.1709E+00
 MRCHDU: Convergence failed at  88  side 1    Res =  0.2930E-01
 MRCHDU: Convergence failed at  89  side 1    Res =  0.8239E-02
 MRCHDU: Convergence failed at  90  side 1    Res =  0.6017E-02
 MRCHDU: Convergence failed at  91  side 1    Res =  0.3138E-02
 MRCHDU: Convergence failed at  74  side 2    Res =  0.8618E-03
 MRCHDU: Convergence failed at  75  side 2    Res =  0.1975E-02
 MRCHDU: Convergence failed at  76  side 2    Res =  0.2063E-02
 MRCHDU: Convergence failed at  77  side 2    Res =  0.2322E-02
 MRCHDU: Convergence failed at  78  side 2    Res =  0.2554E-02
 MRCHDU: Convergence failed at  79  side 2    Res =  0.4888E-01
 MRCHDU: Convergence failed at  84  side 2    Res =  0.4867E-01
 MRCHDU: Convergence failed at  85  side 2    Res =  0.1669E+00
 MRCHDU: Convergence failed at  91  side 2    Res =  0.3152E+02
 MRCHDU: Convergence failed at  92  side 2    Res =  0.3265E+01
 MRCHDU: Convergence failed at  93  side 2    Res =  0.7551E+01
 Side 1  free  transition at x/c =  0.0194   22
 Side 2 forced transition at x/c =  1.0000   71

 150   rms: 0.4438E+02   max: -.4453E+03   C at   83  2   RLX: 0.001
       a = 15.750      CL =  1.7688
      Cm = -0.3933     CD =  0.39300   =>   CDf =  0.00179    CDp =  0.39121

 MRCHDU: Convergence failed at  84  side 1    Res =  0.6713E-02
 MRCHDU: Convergence failed at  85  side 1    Res =  0.1386E+00
 MRCHDU: Convergence failed at  86  side 1    Res =  0.1155E+00
 MRCHDU: Convergence failed at  87  side 1    Res =  0.8053E-01
 MRCHDU: Convergence failed at  88  side 1    Res =  0.2611E-01
 MRCHDU: Convergence failed at  89  side 1    Res =  0.7595E-02
 MRCHDU: Convergence failed at  90  side 1    Res =  0.5588E-02
 MRCHDU: Convergence failed at  91  side 1    Res =  0.2954E-02
 MRCHDU: Convergence failed at  74  side 2    Res =  0.8728E-03
 MRCHDU: Convergence failed at  75  side 2    Res =  0.1873E-02
 MRCHDU: Convergence failed at  76  side 2    Res =  0.1958E-02
 MRCHDU: Convergence failed at  77  side 2    Res =  0.2205E-02
 MRCHDU: Convergence failed at  78  side 2    Res =  0.2427E-02
 MRCHDU: Convergence failed at  79  side 2    Res =  0.4678E-01
 MRCHDU: Convergence failed at  85  side 2    Res =  0.1194E-01
 Side 1  free  transition at x/c =  0.0194   22
 Side 2 forced transition at x/c =  1.0000   71

 151   rms: 0.6873E+01   max: -.1492E+03   C at   71  2   RLX: 0.003
       a = 15.750      CL =  1.7515
      Cm = -0.3898     CD =  0.42456   =>   CDf =  0.00178    CDp =  0.42278

 MRCHDU: Convergence failed at  84  side 1    Res =  0.5871E-02
 MRCHDU: Convergence failed at  85  side 1    Res =  0.1384E+00
 MRCHDU: Convergence failed at  86  side 1    Res =  0.1174E+00
 MRCHDU: Convergence failed at  87  side 1    Res =  0.8060E-01
 MRCHDU: Convergence failed at  88  side 1    Res =  0.2574E-01
 MRCHDU: Convergence failed at  89  side 1    Res =  0.7509E-02
 MRCHDU: Convergence failed at  90  side 1    Res =  0.5617E-02
 MRCHDU: Convergence failed at  91  side 1    Res =  0.2956E-02
 MRCHDU: Convergence failed at  74  side 2    Res =  0.8342E-03
 MRCHDU: Convergence failed at  75  side 2    Res =  0.1863E-02
 MRCHDU: Convergence failed at  76  side 2    Res =  0.1964E-02
 MRCHDU: Convergence failed at  77  side 2    Res =  0.2215E-02
 MRCHDU: Convergence failed at  78  side 2    Res =  0.2435E-02
 MRCHDU: Convergence failed at  79  side 2    Res =  0.4840E-01
 MRCHDU: Convergence failed at  85  side 2    Res =  0.1493E-01
 Side 1  free  transition at x/c =  0.0194   22
 Side 2 forced transition at x/c =  1.0000   71

 152   rms: 0.3663E+01   max: -.5432E+02   C at   71  2   RLX: 0.009
       a = 15.750      CL =  1.7181
      Cm = -0.3826     CD =  0.43518   =>   CDf =  0.00176    CDp =  0.43342

 MRCHDU: Convergence failed at  84  side 1    Res =  0.3788E-02
 MRCHDU: Convergence failed at  85  side 1    Res =  0.1351E+00
 MRCHDU: Convergence failed at  86  side 1    Res =  0.1094E+00
 MRCHDU: Convergence failed at  87  side 1    Res =  0.8648E-01
 MRCHDU: Convergence failed at  88  side 1    Res =  0.2787E-01
 MRCHDU: Convergence failed at  89  side 1    Res =  0.7385E-02
 MRCHDU: Convergence failed at  90  side 1    Res =  0.5358E-02
 MRCHDU: Convergence failed at  91  side 1    Res =  0.2930E-02
 MRCHDU: Convergence failed at  71  side 2    Res =  0.5867E-01
 MRCHDU: Convergence failed at  74  side 2    Res =  0.8617E-03
 MRCHDU: Convergence failed at  75  side 2    Res =  0.1876E-02
 MRCHDU: Convergence failed at  76  side 2    Res =  0.1999E-02
 MRCHDU: Convergence failed at  77  side 2    Res =  0.2260E-02
 MRCHDU: Convergence failed at  78  side 2    Res =  0.2474E-02
 MRCHDU: Convergence failed at  79  side 2    Res =  0.5444E-01
 MRCHDU: Convergence failed at  85  side 2    Res =  0.1282E-01
 Side 1  free  transition at x/c =  0.0194   22
 Side 2 forced transition at x/c =  1.0000   71

 153   rms: 0.4626E+01   max: 0.3647E+02   C at   85  2   RLX: 0.017
       a = 15.750      CL =  1.6721
      Cm = -0.3722     CD =  0.50222   =>   CDf =  0.00174    CDp =  0.50048

 MRCHDU: Convergence failed at  84  side 1    Res =  0.1425E-02
 MRCHDU: Convergence failed at  85  side 1    Res =  0.1452E+00
 MRCHDU: Convergence failed at  86  side 1    Res =  0.1353E+00
 MRCHDU: Convergence failed at  87  side 1    Res =  0.8052E-01
 MRCHDU: Convergence failed at  88  side 1    Res =  0.2762E-01
 MRCHDU: Convergence failed at  89  side 1    Res =  0.7939E-02
 MRCHDU: Convergence failed at  90  side 1    Res =  0.6230E-02
 MRCHDU: Convergence failed at  91  side 1    Res =  0.3350E-02
 MRCHDU: Convergence failed at  71  side 2    Res =  0.1188E+00
 MRCHDU: Convergence failed at  76  side 2    Res =  0.2202E-02
 MRCHDU: Convergence failed at  77  side 2    Res =  0.2460E-02
 MRCHDU: Convergence failed at  78  side 2    Res =  0.2622E-02
 MRCHDU: Convergence failed at  79  side 2    Res =  0.1107E+00
 MRCHDU: Convergence failed at  80  side 2    Res =  0.3027E-01
 MRCHDU: Convergence failed at  91  side 2    Res =  0.8318E+00
 Side 1  free  transition at x/c =  0.0195   22
 Side 2 forced transition at x/c =  1.0000   71

 154   rms: 0.1735E+01   max: 0.2935E+02   C at   71  2   RLX: 0.051
       a = 15.750      CL =  1.6339
      Cm = -0.3590     CD =  0.25323   =>   CDf =  0.00167    CDp =  0.25155

 MRCHDU: Convergence failed at  83  side 1    Res =  0.2437E-02
 MRCHDU: Convergence failed at  84  side 1    Res =  0.2118E+00
 MRCHDU: Convergence failed at  85  side 1    Res =  0.1241E+00
 MRCHDU: Convergence failed at  86  side 1    Res =  0.7335E-01
 MRCHDU: Convergence failed at  87  side 1    Res =  0.5179E-01
 MRCHDU: Convergence failed at  88  side 1    Res =  0.6099E-01
 MRCHDU: Convergence failed at  89  side 1    Res =  0.1268E-01
 MRCHDU: Convergence failed at  90  side 1    Res =  0.5998E-02
 MRCHDU: Convergence failed at  91  side 1    Res =  0.2191E-02
 MRCHDU: Convergence failed at  77  side 2    Res =  0.2703E-02
 MRCHDU: Convergence failed at  78  side 2    Res =  0.3261E-02
 MRCHDU: Convergence failed at  79  side 2    Res =  0.3359E-02
 MRCHDU: Convergence failed at  80  side 2    Res =  0.1219E+00
 MRCHDU: Convergence failed at  81  side 2    Res =  0.2704E-01
 Side 1  free  transition at x/c =  0.0195   22
 Side 2 forced transition at x/c =  1.0000   71

 155   rms: 0.1302E+02   max: -.1099E+03   T at   84  2   RLX: 0.005
       a = 15.750      CL =  1.6401
      Cm = -0.3590     CD =  0.24360   =>   CDf =  0.00176    CDp =  0.24183

 MRCHDU: Convergence failed at  84  side 1    Res =  0.7742E-01
 MRCHDU: Convergence failed at  85  side 1    Res =  0.9601E-01
 MRCHDU: Convergence failed at  86  side 1    Res =  0.5345E-01
 MRCHDU: Convergence failed at  87  side 1    Res =  0.4095E-01
 MRCHDU: Convergence failed at  88  side 1    Res =  0.5175E-01
 MRCHDU: Convergence failed at  89  side 1    Res =  0.1186E-01
 MRCHDU: Convergence failed at  90  side 1    Res =  0.5508E-02
 MRCHDU: Convergence failed at  91  side 1    Res =  0.1977E-02
 MRCHDU: Convergence failed at  76  side 2    Res =  0.1511E-03
 MRCHDU: Convergence failed at  77  side 2    Res =  0.2627E-02
 MRCHDU: Convergence failed at  78  side 2    Res =  0.2835E-02
 MRCHDU: Convergence failed at  79  side 2    Res =  0.2825E-02
 MRCHDU: Convergence failed at  80  side 2    Res =  0.2920E-02
 MRCHDU: Convergence failed at  81  side 2    Res =  0.8904E-02
 MRCHDU: Convergence failed at  82  side 2    Res =  0.8403E-01
 MRCHDU: Convergence failed at  83  side 2    Res =  0.7632E-02
 MRCHDU: Convergence failed at  84  side 2    Res =  0.3500E-02
 MRCHDU: Convergence failed at  85  side 2    Res =  0.4350E-02
 Side 1  free  transition at x/c =  0.0195   22
 Side 2 forced transition at x/c =  1.0000   71

 156   rms: 0.1612E+02   max: -.1192E+03   T at   93  2   RLX: 0.004
       a = 15.750      CL =  1.6541
      Cm = -0.3605     CD =  0.25511   =>   CDf =  0.00179    CDp =  0.25332

 MRCHDU: Convergence failed at  84  side 1    Res =  0.7741E-01
 MRCHDU: Convergence failed at  85  side 1    Res =  0.1027E+00
 MRCHDU: Convergence failed at  86  side 1    Res =  0.6828E-01
 MRCHDU: Convergence failed at  87  side 1    Res =  0.4891E-01
 MRCHDU: Convergence failed at  88  side 1    Res =  0.6237E-01
 MRCHDU: Convergence failed at  89  side 1    Res =  0.1323E-01
 MRCHDU: Convergence failed at  90  side 1    Res =  0.6276E-02
 MRCHDU: Convergence failed at  91  side 1    Res =  0.2195E-02
 MRCHDU: Convergence failed at  76  side 2    Res =  0.3473E-03
 MRCHDU: Convergence failed at  77  side 2    Res =  0.2932E-02
 MRCHDU: Convergence failed at  78  side 2    Res =  0.3174E-02
 MRCHDU: Convergence failed at  79  side 2    Res =  0.3154E-02
 MRCHDU: Convergence failed at  80  side 2    Res =  0.3246E-02
 MRCHDU: Convergence failed at  81  side 2    Res =  0.1039E-01
 MRCHDU: Convergence failed at  82  side 2    Res =  0.6876E-01
 MRCHDU: Convergence failed at  83  side 2    Res =  0.5525E-02
 MRCHDU: Convergence failed at  84  side 2    Res =  0.1642E-02
 MRCHDU: Convergence failed at  85  side 2    Res =  0.1340E-02
 MRCHDU: Convergence failed at  86  side 2    Res =  0.5152E-02
 Side 1  free  transition at x/c =  0.0195   22
 Side 2 forced transition at x/c =  1.0000   71

 157   rms: 0.3809E+01   max: 0.2780E+02   C at   71  2   RLX: 0.018
       a = 15.750      CL =  1.6408
      Cm = -0.3556     CD =  0.22526   =>   CDf =  0.00184    CDp =  0.22342

 MRCHDU: Convergence failed at  83  side 1    Res =  0.2659E+00
 MRCHDU: Convergence failed at  86  side 1    Res =  0.5650E-01
 MRCHDU: Convergence failed at  87  side 1    Res =  0.5929E-01
 MRCHDU: Convergence failed at  88  side 1    Res =  0.1100E+00
 MRCHDU: Convergence failed at  89  side 1    Res =  0.1456E-01
 MRCHDU: Convergence failed at  90  side 1    Res =  0.9288E-02
 MRCHDU: Convergence failed at  91  side 1    Res =  0.3128E-02
 MRCHDU: Convergence failed at  76  side 2    Res =  0.2630E-02
 MRCHDU: Convergence failed at  77  side 2    Res =  0.4152E-02
 MRCHDU: Convergence failed at  78  side 2    Res =  0.4381E-02
 MRCHDU: Convergence failed at  79  side 2    Res =  0.4114E-02
 MRCHDU: Convergence failed at  80  side 2    Res =  0.4065E-02
 MRCHDU: Convergence failed at  81  side 2    Res =  0.1476E-01
 MRCHDU: Convergence failed at  82  side 2    Res =  0.6502E-01
 MRCHDU: Convergence failed at  83  side 2    Res =  0.4212E-02
 MRCHDU: Convergence failed at  84  side 2    Res =  0.7098E-03
 MRCHDU: Convergence failed at  85  side 2    Res =  0.2946E-03
 MRCHDU: Convergence failed at  86  side 2    Res =  0.1159E-02
 Side 1  free  transition at x/c =  0.0196   22
 Side 2 forced transition at x/c =  1.0000   71

 158   rms: 0.4251E+02   max: 0.3995E+03   T at   84  2   RLX: 0.004
       a = 15.750      CL =  1.6175
      Cm = -0.3513     CD =  0.64131   =>   CDf =  0.00187    CDp =  0.63944

 MRCHDU: Convergence failed at  83  side 1    Res =  0.1835E-01
 MRCHDU: Convergence failed at  82  side 2    Res =  0.4318E+00
 MRCHDU: Convergence failed at  83  side 2    Res =  0.1250E+00
 Side 1  free  transition at x/c =  0.0196   22
 Side 2 forced transition at x/c =  1.0000   71

 159   rms: 0.1749E+02   max: 0.1185E+03   C at   88  2   RLX: 0.013
       a = 15.750      CL =  1.5985
      Cm = -0.3463     CD =  0.07454   =>   CDf =  0.00184    CDp =  0.07271

 MRCHDU: Convergence failed at  83  side 1    Res =  0.2436E-01
 Side 1  free  transition at x/c =  0.0196   22
 Side 2 forced transition at x/c =  1.0000   71

 160   rms: 0.2075E+02   max: 0.1585E+03   C at   87  2   RLX: 0.009
       a = 15.750      CL =  1.5839
      Cm = -0.3425     CD =  0.07530   =>   CDf =  0.00184    CDp =  0.07346

 MRCHDU: Convergence failed at  83  side 1    Res =  0.1629E-01
 Side 1  free  transition at x/c =  0.0196   22
 Side 2 forced transition at x/c =  1.0000   71

 161   rms: 0.1613E+02   max: 0.1505E+03   C at   87  2   RLX: 0.004
       a = 15.750      CL =  1.5725
      Cm = -0.3400     CD =  0.09901   =>   CDf =  0.00185    CDp =  0.09716

 MRCHDU: Convergence failed at  83  side 1    Res =  0.1682E-01
 Side 1  free  transition at x/c =  0.0196   22
 Side 2 forced transition at x/c =  1.0000   71

 162   rms: 0.4696E+02   max: -.7893E+03   C at   82  2   RLX: 0.001
       a = 15.750      CL =  1.5704
      Cm = -0.3395     CD =  0.12669   =>   CDf =  0.00184    CDp =  0.12485

 MRCHDU: Convergence failed at  83  side 1    Res =  0.3858E+00
 Side 1  free  transition at x/c =  0.0196   22
 Side 2 forced transition at x/c =  1.0000   71

 163   rms: 0.4126E+02   max: -.6097E+03   C at   82  2   RLX: 0.001
       a = 15.750      CL =  1.5699
      Cm = -0.3393     CD =  0.12700   =>   CDf =  0.00184    CDp =  0.12516

 Side 1  free  transition at x/c =  0.0196   22
 Side 2 forced transition at x/c =  1.0000   71

 164   rms: 0.5760E+02   max: -.4559E+03   C at   86  2   RLX: 0.001
       a = 15.750      CL =  1.5691
      Cm = -0.3390     CD =  0.07680   =>   CDf =  0.00184    CDp =  0.07496

 Side 1  free  transition at x/c =  0.0196   22
 Side 2 forced transition at x/c =  1.0000   71

 165   rms: 0.7304E+02   max: -.5693E+03   C at   86  2   RLX: 0.001
       a = 15.750      CL =  1.5682
      Cm = -0.3387     CD =  0.07670   =>   CDf =  0.00184    CDp =  0.07486

 Side 1  free  transition at x/c =  0.0196   22
 Side 2 forced transition at x/c =  1.0000   71

 166   rms: 0.3629E+02   max: -.2620E+03   C at   86  2   RLX: 0.002
       a = 15.750      CL =  1.5657
      Cm = -0.3381     CD =  0.07655   =>   CDf =  0.00184    CDp =  0.07471

 Side 1  free  transition at x/c =  0.0196   22
 Side 2 forced transition at x/c =  1.0000   71

 167   rms: 0.3911E+02   max: -.2842E+03   C at   87  2   RLX: 0.002
       a = 15.750      CL =  1.5632
      Cm = -0.3374     CD =  0.07644   =>   CDf =  0.00184    CDp =  0.07460

 Side 1  free  transition at x/c =  0.0196   22
 Side 2 forced transition at x/c =  1.0000   71

 168   rms: 0.9943E+02   max: -.7513E+03   C at   87  2   RLX: 0.001
       a = 15.750      CL =  1.5623
      Cm = -0.3371     CD =  0.07642   =>   CDf =  0.00184    CDp =  0.07458

 Side 1  free  transition at x/c =  0.0196   22
 Side 2 forced transition at x/c =  1.0000   71

 169   rms: 0.1009E+03   max: -.7479E+03   C at   88  2   RLX: 0.001
       a = 15.750      CL =  1.5614
      Cm = -0.3369     CD =  0.07638   =>   CDf =  0.00184    CDp =  0.07453

 Side 1  free  transition at x/c =  0.0196   22
 Side 2 forced transition at x/c =  1.0000   71

 170   rms: 0.4902E+02   max: -.3392E+03   C at   90  2   RLX: 0.001
       a = 15.750      CL =  1.5593
      Cm = -0.3363     CD =  0.07625   =>   CDf =  0.00184    CDp =  0.07441

 Side 1  free  transition at x/c =  0.0196   22
 Side 2 forced transition at x/c =  1.0000   71

 171   rms: 0.2649E+02   max: -.1617E+03   C at   83  2   RLX: 0.003
       a = 15.750      CL =  1.5550
      Cm = -0.3352     CD =  0.07601   =>   CDf =  0.00184    CDp =  0.07417

 Side 1  free  transition at x/c =  0.0196   22
 Side 2 forced transition at x/c =  1.0000   71

 172   rms: 0.1726E+02   max: 0.1238E+03   C at   88  2   RLX: 0.006
       a = 15.750      CL =  1.5470
      Cm = -0.3331     CD =  0.07534   =>   CDf =  0.00184    CDp =  0.07349

 Side 1  free  transition at x/c =  0.0196   22
 Side 2 forced transition at x/c =  1.0000   71

 173   rms: 0.1287E+02   max: -.1474E+03   C at   89  1   RLX: 0.003
       a = 15.750      CL =  1.5422
      Cm = -0.3317     CD =  0.07515   =>   CDf =  0.00185    CDp =  0.07330

 Side 1  free  transition at x/c =  0.0196   22
 Side 2 forced transition at x/c =  1.0000   71

 174   rms: 0.1786E+02   max: -.1560E+03   C at   89  1   RLX: 0.003
       a = 15.750      CL =  1.5376
      Cm = -0.3305     CD =  0.07493   =>   CDf =  0.00185    CDp =  0.07308

 Side 1  free  transition at x/c =  0.0197   22
 Side 2 forced transition at x/c =  1.0000   71

 175   rms: 0.6273E+02   max: 0.4959E+03   C at   93  2   RLX: 0.003
       a = 15.750      CL =  1.5333
      Cm = -0.3293     CD =  0.07433   =>   CDf =  0.00185    CDp =  0.07248

 Side 1  free  transition at x/c =  0.0197   22
 Side 2 forced transition at x/c =  1.0000   71

 176   rms: 0.3502E+02   max: 0.3384E+03   C at   91  1   RLX: 0.004
       a = 15.750      CL =  1.5270
      Cm = -0.3277     CD =  0.07401   =>   CDf =  0.00185    CDp =  0.07216

 Side 1  free  transition at x/c =  0.0197   22
 Side 2 forced transition at x/c =  1.0000   71

 177   rms: 0.4788E+02   max: 0.3263E+03   C at   91  1   RLX: 0.005
       a = 15.750      CL =  1.5206
      Cm = -0.3259     CD =  0.07335   =>   CDf =  0.00185    CDp =  0.07149

 Side 1  free  transition at x/c =  0.0197   22
 Side 2 forced transition at x/c =  1.0000   71

 178   rms: 0.5664E+02   max: 0.4576E+03   C at   87  2   RLX: 0.003
       a = 15.750      CL =  1.5154
      Cm = -0.3246     CD =  0.07345   =>   CDf =  0.00186    CDp =  0.07159

 Side 1  free  transition at x/c =  0.0197   22
 Side 2 forced transition at x/c =  1.0000   71

 179   rms: 0.1495E+02   max: -.1406E+03   C at   85  2   RLX: 0.004
       a = 15.750      CL =  1.5125
      Cm = -0.3236     CD =  0.07312   =>   CDf =  0.00186    CDp =  0.07127

 Side 1  free  transition at x/c =  0.0197   22
 Side 2 forced transition at x/c =  1.0000   71

 180   rms: 0.4479E+02   max: -.3970E+03   C at   86  2   RLX: 0.001
       a = 15.750      CL =  1.5119
      Cm = -0.3233     CD =  0.07237   =>   CDf =  0.00186    CDp =  0.07050

 Side 1  free  transition at x/c =  0.0197   22
 Side 2 forced transition at x/c =  1.0000   71

 181   rms: 0.1243E+02   max: 0.1025E+03   C at   86  2   RLX: 0.015
       a = 15.750      CL =  1.4907
      Cm = -0.3179     CD =  0.07308   =>   CDf =  0.00186    CDp =  0.07122

 Side 1  free  transition at x/c =  0.0197   22
 Side 2 forced transition at x/c =  1.0000   71

 182   rms: 0.9291E+01   max: 0.7622E+02   C at   85  2   RLX: 0.020
       a = 15.750      CL =  1.4577
      Cm = -0.3098     CD =  0.08700   =>   CDf =  0.00187    CDp =  0.08513

 Side 1  free  transition at x/c =  0.0197   22
 Side 2 forced transition at x/c =  1.0000   71

 183   rms: 0.1145E+02   max: 0.1506E+03   C at   82  2   RLX: 0.010
       a = 15.750      CL =  1.4451
      Cm = -0.3063     CD =  0.10089   =>   CDf =  0.00187    CDp =  0.09902

 Side 1  free  transition at x/c =  0.0197   22
 Side 2 forced transition at x/c =  1.0000   71

 184   rms: 0.4761E+01   max: -.4370E+02   C at   87  1   RLX: 0.011
       a = 15.750      CL =  1.4305
      Cm = -0.3023     CD =  0.11822   =>   CDf =  0.00187    CDp =  0.11635

 Side 1  free  transition at x/c =  0.0197   22
 Side 2 forced transition at x/c =  1.0000   71

 185   rms: 0.7030E+01   max: -.1013E+03   C at   82  2   RLX: 0.005
       a = 15.750      CL =  1.4217
      Cm = -0.3002     CD =  0.11446   =>   CDf =  0.00188    CDp =  0.11259

 Side 1  free  transition at x/c =  0.0198   22
 Side 2 forced transition at x/c =  1.0000   71

 186   rms: 0.5086E+01   max: -.1069E+03   C at   82  2   RLX: 0.005
       a = 15.750      CL =  1.4143
      Cm = -0.2984     CD =  0.11259   =>   CDf =  0.00188    CDp =  0.11072

 Side 1  free  transition at x/c =  0.0198   22
 Side 2 forced transition at x/c =  1.0000   71

 187   rms: 0.8044E+01   max: -.7414E+02   C at   82  2   RLX: 0.007
       a = 15.750      CL =  1.4055
      Cm = -0.2960     CD =  0.11000   =>   CDf =  0.00187    CDp =  0.10813

 Side 1  free  transition at x/c =  0.0198   22
 Side 2 forced transition at x/c =  1.0000   71

 188   rms: 0.4450E+01   max: -.4473E+02   C at   91  1   RLX: 0.011
       a = 15.750      CL =  1.3919
      Cm = -0.2923     CD =  0.10937   =>   CDf =  0.00188    CDp =  0.10750

 Side 1  free  transition at x/c =  0.0198   22
 Side 2 forced transition at x/c =  1.0000   71

 189   rms: 0.3698E+01   max: -.3330E+02   C at   91  1   RLX: 0.015
       a = 15.750      CL =  1.3731
      Cm = -0.2872     CD =  0.10308   =>   CDf =  0.00188    CDp =  0.10120

 Side 1  free  transition at x/c =  0.0198   22
 Side 2 forced transition at x/c =  1.0000   71

 190   rms: 0.2111E+02   max: -.2062E+03   C at   88  1   RLX: 0.002
       a = 15.750      CL =  1.3699
      Cm = -0.2863     CD =  0.09840   =>   CDf =  0.00189    CDp =  0.09651

 Side 1  free  transition at x/c =  0.0198   22
 Side 2 forced transition at x/c =  1.0000   71

 191   rms: 0.1618E+02   max: -.1626E+03   C at   91  1   RLX: 0.003
       a = 15.750      CL =  1.3663
      Cm = -0.2853     CD =  0.09887   =>   CDf =  0.00189    CDp =  0.09698

 Side 1  free  transition at x/c =  0.0198   22
 Side 2 forced transition at x/c =  1.0000   71

 192   rms: 0.7997E+01   max: 0.9618E+02   C at   82  2   RLX: 0.010
       a = 15.750      CL =  1.3544
      Cm = -0.2820     CD =  0.10286   =>   CDf =  0.00189    CDp =  0.10096

 Side 1  free  transition at x/c =  0.0198   22
 Side 2 forced transition at x/c =  1.0000   71

 193   rms: 0.2685E+02   max: -.2690E+03   C at   91  1   RLX: 0.002
       a = 15.750      CL =  1.3519
      Cm = -0.2813     CD =  0.09995   =>   CDf =  0.00190    CDp =  0.09805

 Side 1  free  transition at x/c =  0.0198   22
 Side 2 forced transition at x/c =  1.0000   71

 194   rms: 0.6300E+02   max: -.6133E+03   C at   91  1   RLX: 0.001
       a = 15.750      CL =  1.3511
      Cm = -0.2811     CD =  0.09927   =>   CDf =  0.00190    CDp =  0.09737

 Side 1  free  transition at x/c =  0.0198   22
 Side 2 forced transition at x/c =  1.0000   71

 195   rms: 0.6058E+02   max: -.5812E+03   C at   90  1   RLX: 0.001
       a = 15.750      CL =  1.3506
      Cm = -0.2808     CD =  0.09911   =>   CDf =  0.00190    CDp =  0.09721

 Side 1  free  transition at x/c =  0.0198   22
 Side 2 forced transition at x/c =  1.0000   71

 196   rms: 0.5620E+02   max: -.5411E+03   C at   91  1   RLX: 0.001
       a = 15.750      CL =  1.3492
      Cm = -0.2805     CD =  0.09875   =>   CDf =  0.00190    CDp =  0.09684

 Side 1  free  transition at x/c =  0.0198   22
 Side 2 forced transition at x/c =  1.0000   71

 197   rms: 0.1507E+03   max: -.1457E+04   C at   89  1   RLX: 0.000
       a = 15.750      CL =  1.3490
      Cm = -0.2804     CD =  0.09833   =>   CDf =  0.00190    CDp =  0.09643

 Side 1  free  transition at x/c =  0.0198   22
 Side 2 forced transition at x/c =  1.0000   71

 198   rms: 0.1314E+03   max: -.1264E+04   C at   91  1   RLX: 0.000
       a = 15.750      CL =  1.3487
      Cm = -0.2803     CD =  0.09819   =>   CDf =  0.00190    CDp =  0.09628

 Side 1  free  transition at x/c =  0.0198   22
 Side 2 forced transition at x/c =  1.0000   71

 199   rms: 0.9429E+02   max: -.9084E+03   C at   86  1   RLX: 0.001
       a = 15.750      CL =  1.3481
      Cm = -0.2802     CD =  0.09800   =>   CDf =  0.00190    CDp =  0.09609

 Side 1  free  transition at x/c =  0.0198   22
 Side 2 forced transition at x/c =  1.0000   71

 200   rms: 0.1190E+03   max: -.1144E+04   C at   86  1   RLX: 0.000
       a = 15.750      CL =  1.3478
      Cm = -0.2800     CD =  0.09770   =>   CDf =  0.00190    CDp =  0.09580

 Side 1  free  transition at x/c =  0.0198   22
 Side 2 forced transition at x/c =  1.0000   71

 201   rms: 0.9497E+02   max: -.9149E+03   C at   87  1   RLX: 0.001
       a = 15.750      CL =  1.3472
      Cm = -0.2799     CD =  0.09749   =>   CDf =  0.00190    CDp =  0.09558

 Side 1  free  transition at x/c =  0.0198   22
 Side 2 forced transition at x/c =  1.0000   71

 202   rms: 0.9192E+02   max: -.8835E+03   C at   91  1   RLX: 0.001
       a = 15.750      CL =  1.3467
      Cm = -0.2797     CD =  0.09719   =>   CDf =  0.00191    CDp =  0.09528

 Side 1  free  transition at x/c =  0.0198   22
 Side 2 forced transition at x/c =  1.0000   71

 203   rms: 0.1097E+03   max: -.1062E+04   C at   91  1   RLX: 0.000
       a = 15.750      CL =  1.3460
      Cm = -0.2795     CD =  0.09693   =>   CDf =  0.00191    CDp =  0.09503

 Side 1  free  transition at x/c =  0.0198   22
 Side 2 forced transition at x/c =  1.0000   71

 204   rms: 0.2133E+03   max: -.2054E+04   C at   90  1   RLX: 0.000
       a = 15.750      CL =  1.3457
      Cm = -0.2795     CD =  0.09670   =>   CDf =  0.00191    CDp =  0.09480

 Side 1  free  transition at x/c =  0.0198   22
 Side 2 forced transition at x/c =  1.0000   71

 205   rms: 0.2073E+03   max: -.1997E+04   C at   91  1   RLX: 0.000
       a = 15.750      CL =  1.3455
      Cm = -0.2794     CD =  0.09657   =>   CDf =  0.00191    CDp =  0.09466

 MRCHDU: Convergence failed at  89  side 1    Res =  0.4385E-02
 MRCHDU: Convergence failed at  90  side 1    Res =  0.2169E-01
 MRCHDU: Convergence failed at  91  side 1    Res =  0.1064E-01
 Side 1  free  transition at x/c =  0.0198   22
 Side 2 forced transition at x/c =  1.0000   71

 206   rms: 0.1866E+03   max: -.1797E+04   C at   91  1   RLX: 0.000
       a = 15.750      CL =  1.3453
      Cm = -0.2793     CD =  0.09643   =>   CDf =  0.00191    CDp =  0.09453

 MRCHDU: Convergence failed at  88  side 1    Res =  0.2865E-01
 MRCHDU: Convergence failed at  89  side 1    Res =  0.2775E-01
 MRCHDU: Convergence failed at  90  side 1    Res =  0.2169E-01
 MRCHDU: Convergence failed at  91  side 1    Res =  0.1063E-01
 Side 1  free  transition at x/c =  0.0198   22
 Side 2 forced transition at x/c =  1.0000   71

 207   rms: 0.1419E+03   max: -.1360E+04   C at   86  1   RLX: 0.000
       a = 15.750      CL =  1.3445
      Cm = -0.2792     CD =  0.09636   =>   CDf =  0.00191    CDp =  0.09446

 MRCHDU: Convergence failed at  87  side 1    Res =  0.2418E-01
 MRCHDU: Convergence failed at  88  side 1    Res =  0.5660E-01
 MRCHDU: Convergence failed at  89  side 1    Res =  0.2774E-01
 MRCHDU: Convergence failed at  90  side 1    Res =  0.2169E-01
 MRCHDU: Convergence failed at  91  side 1    Res =  0.1067E-01
 Side 1  free  transition at x/c =  0.0198   22
 Side 2 forced transition at x/c =  1.0000   71

 208   rms: 0.2996E+03   max: -.2884E+04   C at   90  1   RLX: 0.000
       a = 15.750      CL =  1.3443
      Cm = -0.2791     CD =  0.09619   =>   CDf =  0.00191    CDp =  0.09429

 MRCHDU: Convergence failed at  84  side 1    Res =  0.9612E-05
 MRCHDU: Convergence failed at  86  side 1    Res =  0.7222E-02
 MRCHDU: Convergence failed at  87  side 1    Res =  0.6891E-01
 MRCHDU: Convergence failed at  88  side 1    Res =  0.5661E-01
 MRCHDU: Convergence failed at  89  side 1    Res =  0.2775E-01
 MRCHDU: Convergence failed at  90  side 1    Res =  0.2170E-01
 MRCHDU: Convergence failed at  91  side 1    Res =  0.1067E-01
 Side 1  free  transition at x/c =  0.0198   22
 Side 2 forced transition at x/c =  1.0000   71

 209   rms: 0.4168E+03   max: -.4010E+04   C at   91  1   RLX: 0.000
       a = 15.750      CL =  1.3442
      Cm = -0.2791     CD =  0.09611   =>   CDf =  0.00191    CDp =  0.09420

 MRCHDU: Convergence failed at  86  side 1    Res =  0.5902E-01
 MRCHDU: Convergence failed at  87  side 1    Res =  0.6899E-01
 MRCHDU: Convergence failed at  88  side 1    Res =  0.5667E-01
 MRCHDU: Convergence failed at  89  side 1    Res =  0.2776E-01
 MRCHDU: Convergence failed at  90  side 1    Res =  0.2170E-01
 MRCHDU: Convergence failed at  91  side 1    Res =  0.1067E-01
 Side 1  free  transition at x/c =  0.0198   22
 Side 2 forced transition at x/c =  1.0000   71

 210   rms: 0.3118E+03   max: -.2996E+04   C at   89  1   RLX: 0.000
       a = 15.750      CL =  1.3440
      Cm = -0.2790     CD =  0.09605   =>   CDf =  0.00191    CDp =  0.09414

 MRCHDU: Convergence failed at  84  side 1    Res =  0.1111E-04
 MRCHDU: Convergence failed at  85  side 1    Res =  0.3553E-01
 MRCHDU: Convergence failed at  86  side 1    Res =  0.7531E-01
 MRCHDU: Convergence failed at  87  side 1    Res =  0.6904E-01
 MRCHDU: Convergence failed at  88  side 1    Res =  0.5668E-01
 MRCHDU: Convergence failed at  89  side 1    Res =  0.2778E-01
 MRCHDU: Convergence failed at  90  side 1    Res =  0.2171E-01
 MRCHDU: Convergence failed at  91  side 1    Res =  0.1066E-01
 Side 1  free  transition at x/c =  0.0198   22
 Side 2 forced transition at x/c =  1.0000   71

 211   rms: 0.2692E+03   max: -.2589E+04   C at   91  1   RLX: 0.000
       a = 15.750      CL =  1.3438
      Cm = -0.2790     CD =  0.09597   =>   CDf =  0.00191    CDp =  0.09406

 MRCHDU: Convergence failed at  85  side 1    Res =  0.8718E-01
 MRCHDU: Convergence failed at  86  side 1    Res =  0.7539E-01
 MRCHDU: Convergence failed at  87  side 1    Res =  0.6906E-01
 MRCHDU: Convergence failed at  88  side 1    Res =  0.5666E-01
 MRCHDU: Convergence failed at  89  side 1    Res =  0.2779E-01
 MRCHDU: Convergence failed at  90  side 1    Res =  0.2171E-01
 MRCHDU: Convergence failed at  91  side 1    Res =  0.1066E-01
 Side 1  free  transition at x/c =  0.0198   22
 Side 2 forced transition at x/c =  1.0000   71

 212   rms: 0.2144E+03   max: -.2057E+04   C at   87  1   RLX: 0.000
       a = 15.750      CL =  1.3437
      Cm = -0.2789     CD =  0.09587   =>   CDf =  0.00191    CDp =  0.09396

 MRCHDU: Convergence failed at  84  side 1    Res =  0.2229E-01
 MRCHDU: Convergence failed at  85  side 1    Res =  0.1166E+00
 MRCHDU: Convergence failed at  86  side 1    Res =  0.9860E-01
 MRCHDU: Convergence failed at  87  side 1    Res =  0.6852E-01
 MRCHDU: Convergence failed at  88  side 1    Res =  0.5618E-01
 MRCHDU: Convergence failed at  89  side 1    Res =  0.2757E-01
 MRCHDU: Convergence failed at  90  side 1    Res =  0.2152E-01
 MRCHDU: Convergence failed at  91  side 1    Res =  0.1056E-01
 Side 1  free  transition at x/c =  0.0198   22
 Side 2 forced transition at x/c =  1.0000   71

 213   rms: 0.2537E+03   max: -.2451E+04   C at   91  1   RLX: 0.000
       a = 15.750      CL =  1.3434
      Cm = -0.2788     CD =  0.09598   =>   CDf =  0.00191    CDp =  0.09407

 MRCHDU: Convergence failed at  84  side 1    Res =  0.7277E-01
 MRCHDU: Convergence failed at  85  side 1    Res =  0.1881E+00
 MRCHDU: Convergence failed at  86  side 1    Res =  0.9872E-01
 MRCHDU: Convergence failed at  87  side 1    Res =  0.6858E-01
 MRCHDU: Convergence failed at  88  side 1    Res =  0.5618E-01
 MRCHDU: Convergence failed at  89  side 1    Res =  0.2756E-01
 MRCHDU: Convergence failed at  90  side 1    Res =  0.2151E-01
 MRCHDU: Convergence failed at  91  side 1    Res =  0.1057E-01
 Side 1  free  transition at x/c =  0.0198   22
 Side 2 forced transition at x/c =  1.0000   71

 214   rms: 0.3955E+03   max: -.3805E+04   C at   89  1   RLX: 0.000
       a = 15.750      CL =  1.3432
      Cm = -0.2788     CD =  0.09589   =>   CDf =  0.00191    CDp =  0.09398

 MRCHDU: Convergence failed at  84  side 1    Res =  0.1237E+00
 MRCHDU: Convergence failed at  85  side 1    Res =  0.7761E-01
 MRCHDU: Convergence failed at  86  side 1    Res =  0.9888E-01
 MRCHDU: Convergence failed at  87  side 1    Res =  0.6865E-01
 MRCHDU: Convergence failed at  88  side 1    Res =  0.5621E-01
 MRCHDU: Convergence failed at  89  side 1    Res =  0.2757E-01
 MRCHDU: Convergence failed at  90  side 1    Res =  0.2152E-01
 MRCHDU: Convergence failed at  91  side 1    Res =  0.1057E-01
 Side 1  free  transition at x/c =  0.0198   22
 Side 2 forced transition at x/c =  1.0000   71

 215   rms: 0.3944E+03   max: -.4052E+04   C at   91  1   RLX: 0.000
       a = 15.750      CL =  1.3431
      Cm = -0.2787     CD =  0.09582   =>   CDf =  0.00191    CDp =  0.09391

 MRCHDU: Convergence failed at  85  side 1    Res =  0.7418E-01
 MRCHDU: Convergence failed at  86  side 1    Res =  0.9675E-01
 MRCHDU: Convergence failed at  87  side 1    Res =  0.6715E-01
 MRCHDU: Convergence failed at  88  side 1    Res =  0.5497E-01
 MRCHDU: Convergence failed at  89  side 1    Res =  0.2696E-01
 MRCHDU: Convergence failed at  90  side 1    Res =  0.2105E-01
 MRCHDU: Convergence failed at  91  side 1    Res =  0.1034E-01
 Side 1  free  transition at x/c =  0.0198   22
 Side 2 forced transition at x/c =  1.0000   71

 216   rms: 0.9773E+02   max: -.1008E+04   C at   91  1   RLX: 0.000
       a = 15.750      CL =  1.3422
      Cm = -0.2785     CD =  0.09643   =>   CDf =  0.00191    CDp =  0.09452

 MRCHDU: Convergence failed at  85  side 1    Res =  0.1249E+00
 MRCHDU: Convergence failed at  84  side 2    Res =  0.4802E-02
 MRCHDU: Convergence failed at  85  side 2    Res =  0.4138E-02
 MRCHDU: Convergence failed at  86  side 2    Res =  0.1365E-01
 Side 1  free  transition at x/c =  0.0198   22
 Side 2 forced transition at x/c =  1.0000   71

 217   rms: 0.3318E+01   max: 0.3467E+02   C at   82  2   RLX: 0.043
       a = 15.750      CL =  1.2724
      Cm = -0.2624     CD =  0.54077   =>   CDf =  0.00191    CDp =  0.53886

 Side 1  free  transition at x/c =  0.0199   22
 Side 2 forced transition at x/c =  1.0000   71

 218   rms: 0.3731E+02   max: 0.2582E+03   T at   93  2   RLX: 0.006
       a = 15.750      CL =  1.2224
      Cm = -0.2543     CD =  0.41186   =>   CDf =  0.00188    CDp =  0.40998

 MRCHDU: Convergence failed at  83  side 2    Res =  0.3430E-02
 MRCHDU: Convergence failed at  92  side 2    Res =  0.2486E+02
 MRCHDU: Convergence failed at  93  side 2    Res =  0.1059E+03
 Side 1  free  transition at x/c =  0.0199   22
 Side 2 forced transition at x/c =  1.0000   71

 219   rms: 0.8335E+01   max: 0.8724E+02   C at   84  2   RLX: 0.017
       a = 15.750      CL =  1.1641
      Cm = -0.2433     CD =  0.18980   =>   CDf =  0.00179    CDp =  0.18801

 Side 1  free  transition at x/c =  0.0199   22
 Side 2 forced transition at x/c =  1.0000   71

 220   rms: 0.1922E+01   max: 0.2163E+02   C at   71  2   RLX: 0.037
       a = 15.750      CL =  1.1300
      Cm = -0.2335     CD =  0.17479   =>   CDf =  0.00171    CDp =  0.17307

 MRCHDU: Convergence failed at  83  side 2    Res =  0.7705E-02
 Side 1  free  transition at x/c =  0.0199   22
 Side 2 forced transition at x/c =  1.0000   71
 idif Ue xi dudx           1  0.11471078      5.06448746E-03   22.650026    
 Uenew xinew           2  2.82969815E-03  1.24931335E-04

 221   rms: 0.1104E+02   max: 0.9025E+02   C at   84  2   RLX: 0.017
       a = 15.750      CL =  1.0567
      Cm = -0.2203     CD =  0.15183   =>   CDf =  0.00179    CDp =  0.15003

 MRCHDU: Convergence failed at  84  side 2    Res =  0.4810E-01
 MRCHDU: Convergence failed at  92  side 2    Res =  0.2454E+01
 MRCHDU: Convergence failed at  93  side 2    Res =  0.2826E+01
 MRCHDU: Convergence failed at  94  side 2    Res =  0.4905E+03
 Side 1  free  transition at x/c =  0.0200   21
 Side 2 forced transition at x/c =  1.0000   72

 222   rms: 0.6828E+01   max: 0.6063E+02   C at   85  2   RLX: 0.025
       a = 15.750      CL =  0.9956
      Cm = -0.2075     CD =  0.19204   =>   CDf =  0.00163    CDp =  0.19041

 MRCHDU: Convergence failed at  84  side 2    Res =  0.1033E+00
 MRCHDU: Convergence failed at  90  side 2    Res =  0.1364E+01
 Side 1  free  transition at x/c =  0.0200   21
 Side 2 forced transition at x/c =  1.0000   72

 223   rms: 0.2876E+01   max: -.3830E+02   C at   84  2   RLX: 0.013
       a = 15.750      CL =  1.0013
      Cm = -0.2075     CD =  0.11688   =>   CDf =  0.00157    CDp =  0.11531

 MRCHDU: Convergence failed at  84  side 2    Res =  0.1739E-02
 Side 1  free  transition at x/c =  0.0200   21
 Side 2 forced transition at x/c =  1.0000   72

 224   rms: 0.3139E+01   max: -.2397E+02   C at   82  2   RLX: 0.021
       a = 15.750      CL =  0.9822
      Cm = -0.2023     CD =  0.20482   =>   CDf =  0.00160    CDp =  0.20322

 MRCHDU: Convergence failed at  84  side 2    Res =  0.1713E-01
 Side 1  free  transition at x/c =  0.0200   21
 Side 2 forced transition at x/c =  1.0000   72

 225   rms: 0.3770E+01   max: 0.4098E+02   C at   83  2   RLX: 0.025
       a = 15.750      CL =  0.9508
      Cm = -0.1942     CD =  0.13520   =>   CDf =  0.00160    CDp =  0.13360

 MRCHDU: Convergence failed at  83  side 2    Res =  0.1079E-01
 Side 1  free  transition at x/c =  0.0200   21
 Side 2 forced transition at x/c =  1.0000   72

 226   rms: 0.7133E+01   max: -.5254E+02   C at   90  1   RLX: 0.010
       a = 15.750      CL =  0.9370
      Cm = -0.1910     CD =  0.11830   =>   CDf =  0.00161    CDp =  0.11669

 MRCHDU: Convergence failed at  83  side 2    Res =  0.1337E-01
 MRCHDU: Convergence failed at  84  side 2    Res =  0.3537E+00
 MRCHDU: Convergence failed at  85  side 2    Res =  0.6359E-01
 Side 1  free  transition at x/c =  0.0201   21
 Side 2 forced transition at x/c =  1.0000   72

 227   rms: 0.3033E+03   max: -.2338E+04   C at   90  1   RLX: 0.000
       a = 15.750      CL =  0.9442
      Cm = -0.1923     CD =  0.26183   =>   CDf =  0.00160    CDp =  0.26023

 MRCHDU: Convergence failed at  83  side 2    Res =  0.1252E-01
 Side 1  free  transition at x/c =  0.0200   21
 Side 2 forced transition at x/c =  1.0000   72

 228   rms: 0.3408E+02   max: 0.2689E+03   C at   90  1   RLX: 0.006
       a = 15.750      CL =  0.9164
      Cm = -0.1869     CD =  0.19746   =>   CDf =  0.00161    CDp =  0.19585

 MRCHDU: Convergence failed at  83  side 2    Res =  0.1327E-01
 Side 1  free  transition at x/c =  0.0201   21
 Side 2 forced transition at x/c =  1.0000   72

 229   rms: 0.5752E+01   max: 0.3844E+02   C at   88  1   RLX: 0.020
       a = 15.750      CL =  0.8769
      Cm = -0.1784     CD =  0.18409   =>   CDf =  0.00158    CDp =  0.18251

 MRCHDU: Convergence failed at  83  side 2    Res =  0.1214E-01
 MRCHDU: Convergence failed at  84  side 2    Res =  0.1753E+00
 MRCHDU: Convergence failed at  85  side 2    Res =  0.4685E-02
 MRCHDU: Convergence failed at  86  side 2    Res =  0.5258E-02
 Side 1  free  transition at x/c =  0.0201   21
 Side 2 forced transition at x/c =  1.0000   72

 230   rms: 0.4315E+01   max: 0.4137E+02   C at   72  2   RLX: 0.017
       a = 15.750      CL =  0.8340
      Cm = -0.1693     CD =  0.16124   =>   CDf =  0.00155    CDp =  0.15969

 MRCHDU: Convergence failed at  83  side 2    Res =  0.1497E-01
 Side 1  free  transition at x/c =  0.0238   22
 Side 2 forced transition at x/c =  1.0000   72

 231   rms: 0.7347E+01   max: 0.8742E+02   T at   85  2   RLX: 0.017
       a = 15.750      CL =  0.5727
      Cm = -0.0976     CD =  0.21478   =>   CDf =  0.00151    CDp =  0.21327

 MRCHDU: Convergence failed at  83  side 2    Res =  0.1856E-01
 Side 1  free  transition at x/c =  0.0242   22
 Side 2 forced transition at x/c =  1.0000   72

 232   rms: 0.4371E+01   max: 0.3029E+02   T at   93  2   RLX: 0.021
       a = 15.750      CL =  0.5651
      Cm = -0.0953     CD =  0.27774   =>   CDf =  0.00147    CDp =  0.27627

 MRCHDU: Convergence failed at  83  side 2    Res =  0.3620E-01
 MRCHDU: Convergence failed at  85  side 2    Res =  0.4018E+00
 Side 1  free  transition at x/c =  0.0242   22
 Side 2 forced transition at x/c =  1.0000   72

 233   rms: 0.1146E+02   max: -.9586E+02   C at   90  1   RLX: 0.005
       a = 15.750      CL =  0.5654
      Cm = -0.0951     CD =  0.17618   =>   CDf =  0.00148    CDp =  0.17471

 MRCHDU: Convergence failed at  83  side 2    Res =  0.3801E-01
 Side 1  free  transition at x/c =  0.0242   22
 Side 2 forced transition at x/c =  1.0000   72

 234   rms: 0.4553E+01   max: 0.4650E+02   C at   72  2   RLX: 0.014
       a = 15.750      CL =  0.5408
      Cm = -0.0908     CD =  0.14144   =>   CDf =  0.00148    CDp =  0.13996

 MRCHDU: Convergence failed at  83  side 2    Res =  0.4727E-01
 Side 1  free  transition at x/c =  0.0245   22
 Side 2 forced transition at x/c =  1.0000   72

 235   rms: 0.2790E+02   max: -.2782E+03   C at   90  1   RLX: 0.002
       a = 15.750      CL =  0.5400
      Cm = -0.0904     CD =  0.15636   =>   CDf =  0.00145    CDp =  0.15491

 MRCHDU: Convergence failed at  83  side 2    Res =  0.4701E-01
 Side 1  free  transition at x/c =  0.0245   22
 Side 2 forced transition at x/c =  1.0000   72

 236   rms: 0.9208E+01   max: -.8888E+02   C at   90  1   RLX: 0.006
       a = 15.750      CL =  0.5396
      Cm = -0.0899     CD =  0.14915   =>   CDf =  0.00145    CDp =  0.14770

 MRCHDU: Convergence failed at  83  side 2    Res =  0.4842E-01
 Side 1  free  transition at x/c =  0.0245   22
 Side 2 forced transition at x/c =  1.0000   72

 237   rms: 0.3356E+02   max: -.3630E+03   C at   90  1   RLX: 0.001
       a = 15.750      CL =  0.5394
      Cm = -0.0898     CD =  0.15311   =>   CDf =  0.00146    CDp =  0.15164

 MRCHDU: Convergence failed at  83  side 2    Res =  0.4830E-01
 Side 1  free  transition at x/c =  0.0245   22
 Side 2 forced transition at x/c =  1.0000   72

 238   rms: 0.1081E+02   max: -.1213E+03   C at   85  1   RLX: 0.004
       a = 15.750      CL =  0.5380
      Cm = -0.0893     CD =  0.15575   =>   CDf =  0.00146    CDp =  0.15429

 MRCHDU: Convergence failed at  83  side 2    Res =  0.4994E-01
 Side 1  free  transition at x/c =  0.0245   22
 Side 2 forced transition at x/c =  1.0000   72

 239   rms: 0.4952E+02   max: -.5543E+03   C at   90  1   RLX: 0.001
       a = 15.750      CL =  0.5382
      Cm = -0.0893     CD =  0.15486   =>   CDf =  0.00146    CDp =  0.15339

 MRCHDU: Convergence failed at  83  side 2    Res =  0.4985E-01
 Side 1  free  transition at x/c =  0.0245   22
 Side 2 forced transition at x/c =  1.0000   72

 240   rms: 0.4238E+02   max: -.4729E+03   C at   88  1   RLX: 0.001
       a = 15.750      CL =  0.5378
      Cm = -0.0892     CD =  0.15582   =>   CDf =  0.00147    CDp =  0.15435

 MRCHDU: Convergence failed at  83  side 2    Res =  0.4994E-01
 Side 1  free  transition at x/c =  0.0245   22
 Side 2 forced transition at x/c =  1.0000   72

 241   rms: 0.6509E+02   max: -.7258E+03   C at   90  1   RLX: 0.001
       a = 15.750      CL =  0.5378
      Cm = -0.0891     CD =  0.15568   =>   CDf =  0.00147    CDp =  0.15421

 MRCHDU: Convergence failed at  83  side 2    Res =  0.4991E-01
 Side 1  free  transition at x/c =  0.0245   22
 Side 2 forced transition at x/c =  1.0000   72

 242   rms: 0.6577E+02   max: -.7344E+03   C at   90  1   RLX: 0.001
       a = 15.750      CL =  0.5379
      Cm = -0.0891     CD =  0.15506   =>   CDf =  0.00147    CDp =  0.15359

 MRCHDU: Convergence failed at  83  side 2    Res =  0.4984E-01
 Side 1  free  transition at x/c =  0.0245   22
 Side 2 forced transition at x/c =  1.0000   72

 243   rms: 0.5145E+02   max: -.5755E+03   C at   90  1   RLX: 0.001
       a = 15.750      CL =  0.5379
      Cm = -0.0891     CD =  0.15520   =>   CDf =  0.00147    CDp =  0.15374

 MRCHDU: Convergence failed at  83  side 2    Res =  0.4981E-01
 Side 1  free  transition at x/c =  0.0245   22
 Side 2 forced transition at x/c =  1.0000   72

 244   rms: 0.8396E+02   max: -.9374E+03   C at   90  1   RLX: 0.001
       a = 15.750      CL =  0.5379
      Cm = -0.0890     CD =  0.15500   =>   CDf =  0.00147    CDp =  0.15354

 MRCHDU: Convergence failed at  83  side 2    Res =  0.4977E-01
 Side 1  free  transition at x/c =  0.0245   22
 Side 2 forced transition at x/c =  1.0000   72

 245   rms: 0.1294E+03   max: -.1443E+04   C at   90  1   RLX: 0.000
       a = 15.750      CL =  0.5379
      Cm = -0.0890     CD =  0.15504   =>   CDf =  0.00147    CDp =  0.15357

 MRCHDU: Convergence failed at  83  side 2    Res =  0.4974E-01
 Side 1  free  transition at x/c =  0.0245   22
 Side 2 forced transition at x/c =  1.0000   72

 246   rms: 0.1003E+03   max: -.1112E+04   C at   87  1   RLX: 0.000
       a = 15.750      CL =  0.5378
      Cm = -0.0890     CD =  0.15534   =>   CDf =  0.00147    CDp =  0.15387

 MRCHDU: Convergence failed at  83  side 2    Res =  0.4978E-01
 Side 1  free  transition at x/c =  0.0245   22
 Side 2 forced transition at x/c =  1.0000   72

 247   rms: 0.1604E+03   max: -.1781E+04   C at   90  1   RLX: 0.000
       a = 15.750      CL =  0.5378
      Cm = -0.0889     CD =  0.15522   =>   CDf =  0.00147    CDp =  0.15375

 MRCHDU: Convergence failed at  83  side 2    Res =  0.4976E-01
 Side 1  free  transition at x/c =  0.0245   22
 Side 2 forced transition at x/c =  1.0000   72

 248   rms: 0.1955E+03   max: -.2173E+04   C at   90  1   RLX: 0.000
       a = 15.750      CL =  0.5378
      Cm = -0.0889     CD =  0.15517   =>   CDf =  0.00147    CDp =  0.15370

 MRCHDU: Convergence failed at  83  side 2    Res =  0.4974E-01
 Side 1  free  transition at x/c =  0.0245   22
 Side 2 forced transition at x/c =  1.0000   72

 249   rms: 0.3530E+03   max: -.3929E+04   C at   90  1   RLX: 0.000
       a = 15.750      CL =  0.5379
      Cm = -0.0889     CD =  0.15499   =>   CDf =  0.00147    CDp =  0.15352

 MRCHDU: Convergence failed at  83  side 2    Res =  0.4971E-01
 Side 1  free  transition at x/c =  0.0245   22
 Side 2 forced transition at x/c =  1.0000   72

 250   rms: 0.4013E+03   max: -.4463E+04   C at   90  1   RLX: 0.000
       a = 15.750      CL =  0.5379
      Cm = -0.0889     CD =  0.15493   =>   CDf =  0.00147    CDp =  0.15346

 MRCHDU: Convergence failed at  83  side 2    Res =  0.4968E-01
 Side 1  free  transition at x/c =  0.0245   22
 Side 2 forced transition at x/c =  1.0000   72

 251   rms: 0.3998E+03   max: -.4447E+04   C at   90  1   RLX: 0.000
       a = 15.750      CL =  0.5379
      Cm = -0.0889     CD =  0.15488   =>   CDf =  0.00147    CDp =  0.15340

 MRCHDU: Convergence failed at  85  side 1    Res =  0.6189E-05
 MRCHDU: Convergence failed at  83  side 2    Res =  0.4967E-01
 Side 1  free  transition at x/c =  0.0245   22
 Side 2 forced transition at x/c =  1.0000   72

 252   rms: 0.4207E+03   max: -.4682E+04   C at   90  1   RLX: 0.000
       a = 15.750      CL =  0.5380
      Cm = -0.0889     CD =  0.15481   =>   CDf =  0.00147    CDp =  0.15334

 MRCHDU: Convergence failed at  85  side 1    Res =  0.8720E-05
 MRCHDU: Convergence failed at  83  side 2    Res =  0.4965E-01
 Side 1  free  transition at x/c =  0.0245   22
 Side 2 forced transition at x/c =  1.0000   72

 253   rms: 0.4274E+03   max: -.4751E+04   C at   90  1   RLX: 0.000
       a = 15.750      CL =  0.5380
      Cm = -0.0889     CD =  0.15482   =>   CDf =  0.00147    CDp =  0.15334

 MRCHDU: Convergence failed at  83  side 2    Res =  0.4964E-01
 Side 1  free  transition at x/c =  0.0245   22
 Side 2 forced transition at x/c =  1.0000   72

 254   rms: 0.1158E+04   max: 0.1283E+05   C at   90  1   RLX: 0.000
       a = 15.750      CL =  0.5372
      Cm = -0.0888     CD =  0.15693   =>   CDf =  0.00147    CDp =  0.15546

 MRCHDU: Convergence failed at  83  side 2    Res =  0.5041E-01
 Side 1  free  transition at x/c =  0.0245   22
 Side 2 forced transition at x/c =  1.0000   72

 255   rms: 0.2204E+03   max: -.2447E+04   C at   90  1   RLX: 0.000
       a = 15.750      CL =  0.5372
      Cm = -0.0888     CD =  0.15628   =>   CDf =  0.00147    CDp =  0.15481

 MRCHDU: Convergence failed at  85  side 1    Res =  0.6586E-05
 MRCHDU: Convergence failed at  83  side 2    Res =  0.5041E-01
 Side 1  free  transition at x/c =  0.0245   22
 Side 2 forced transition at x/c =  1.0000   72

 256   rms: 0.2552E+03   max: -.2839E+04   C at   90  1   RLX: 0.000
       a = 15.750      CL =  0.5372
      Cm = -0.0888     CD =  0.15623   =>   CDf =  0.00147    CDp =  0.15476

 MRCHDU: Convergence failed at  85  side 1    Res =  0.8999E-05
 MRCHDU: Convergence failed at  83  side 2    Res =  0.5040E-01
 Side 1  free  transition at x/c =  0.0245   22
 Side 2 forced transition at x/c =  1.0000   72

 257   rms: 0.3567E+03   max: -.3963E+04   C at   90  1   RLX: 0.000
       a = 15.750      CL =  0.5372
      Cm = -0.0888     CD =  0.15624   =>   CDf =  0.00147    CDp =  0.15477

 MRCHDU: Convergence failed at  85  side 1    Res =  0.7918E-05
 MRCHDU: Convergence failed at  83  side 2    Res =  0.5040E-01
 Side 1  free  transition at x/c =  0.0245   22
 Side 2 forced transition at x/c =  1.0000   72

 258   rms: 0.3665E+03   max: -.4069E+04   C at   90  1   RLX: 0.000
       a = 15.750      CL =  0.5372
      Cm = -0.0888     CD =  0.15618   =>   CDf =  0.00147    CDp =  0.15471

 MRCHDU: Convergence failed at  89  side 1    Res =  0.2145E-01
 MRCHDU: Convergence failed at  90  side 1    Res =  0.1166E-01
 MRCHDU: Convergence failed at  83  side 2    Res =  0.5039E-01
 Side 1  free  transition at x/c =  0.0245   22
 Side 2 forced transition at x/c =  1.0000   72

 259   rms: 0.3189E+03   max: -.3539E+04   C at   90  1   RLX: 0.000
       a = 15.750      CL =  0.5373
      Cm = -0.0888     CD =  0.15611   =>   CDf =  0.00147    CDp =  0.15464

 MRCHDU: Convergence failed at  88  side 1    Res =  0.3665E-01
 MRCHDU: Convergence failed at  89  side 1    Res =  0.3668E-01
 MRCHDU: Convergence failed at  90  side 1    Res =  0.1167E-01
 MRCHDU: Convergence failed at  83  side 2    Res =  0.5037E-01
 Side 1  free  transition at x/c =  0.0245   22
 Side 2 forced transition at x/c =  1.0000   72

 260   rms: 0.3895E+03   max: -.4327E+04   C at   90  1   RLX: 0.000
       a = 15.750      CL =  0.5373
      Cm = -0.0888     CD =  0.15613   =>   CDf =  0.00147    CDp =  0.15466

 MRCHDU: Convergence failed at  87  side 1    Res =  0.4611E-01
 MRCHDU: Convergence failed at  88  side 1    Res =  0.4232E-01
 MRCHDU: Convergence failed at  89  side 1    Res =  0.3675E-01
 MRCHDU: Convergence failed at  90  side 1    Res =  0.1168E-01
 MRCHDU: Convergence failed at  83  side 2    Res =  0.5037E-01
 Side 1  free  transition at x/c =  0.0245   22
 Side 2 forced transition at x/c =  1.0000   72

 261   rms: 0.5097E+03   max: -.5658E+04   C at   90  1   RLX: 0.000
       a = 15.750      CL =  0.5373
      Cm = -0.0888     CD =  0.15612   =>   CDf =  0.00147    CDp =  0.15465

 MRCHDU: Convergence failed at  86  side 1    Res =  0.4296E-01
 MRCHDU: Convergence failed at  87  side 1    Res =  0.5494E-01
 MRCHDU: Convergence failed at  88  side 1    Res =  0.4237E-01
 MRCHDU: Convergence failed at  89  side 1    Res =  0.3679E-01
 MRCHDU: Convergence failed at  90  side 1    Res =  0.1169E-01
 MRCHDU: Convergence failed at  83  side 2    Res =  0.5036E-01
 Side 1  free  transition at x/c =  0.0245   22
 Side 2 forced transition at x/c =  1.0000   72

 262   rms: 0.5654E+03   max: -.6274E+04   C at   90  1   RLX: 0.000
       a = 15.750      CL =  0.5373
      Cm = -0.0888     CD =  0.15603   =>   CDf =  0.00147    CDp =  0.15456

 MRCHDU: Convergence failed at  85  side 1    Res =  0.2742E-01
 MRCHDU: Convergence failed at  86  side 1    Res =  0.6709E-01
 MRCHDU: Convergence failed at  87  side 1    Res =  0.5500E-01
 MRCHDU: Convergence failed at  88  side 1    Res =  0.4241E-01
 MRCHDU: Convergence failed at  89  side 1    Res =  0.3684E-01
 MRCHDU: Convergence failed at  90  side 1    Res =  0.1170E-01
 MRCHDU: Convergence failed at  83  side 2    Res =  0.5035E-01
 Side 1  free  transition at x/c =  0.0245   22
 Side 2 forced transition at x/c =  1.0000   72

 263   rms: 0.4070E+03   max: -.4518E+04   C at   90  1   RLX: 0.000
       a = 15.750      CL =  0.5373
      Cm = -0.0888     CD =  0.15601   =>   CDf =  0.00147    CDp =  0.15454

 MRCHDU: Convergence failed at  85  side 1    Res =  0.7869E-01
 MRCHDU: Convergence failed at  86  side 1    Res =  0.6716E-01
 MRCHDU: Convergence failed at  87  side 1    Res =  0.5506E-01
 MRCHDU: Convergence failed at  88  side 1    Res =  0.4244E-01
 MRCHDU: Convergence failed at  89  side 1    Res =  0.3688E-01
 MRCHDU: Convergence failed at  90  side 1    Res =  0.1171E-01
 MRCHDU: Convergence failed at  83  side 2    Res =  0.5034E-01
 Side 1  free  transition at x/c =  0.0245   22
 Side 2 forced transition at x/c =  1.0000   72

 264   rms: 0.5864E+03   max: -.6510E+04   C at   90  1   RLX: 0.000
       a = 15.750      CL =  0.5373
      Cm = -0.0888     CD =  0.15597   =>   CDf =  0.00147    CDp =  0.15450

 MRCHDU: Convergence failed at  85  side 1    Res =  0.1302E+00
 MRCHDU: Convergence failed at  83  side 2    Res =  0.5127E-01
 Side 1  free  transition at x/c =  0.0245   22
 Side 2 forced transition at x/c =  1.0000   72

 265   rms: 0.4952E+01   max: -.4179E+02   C at   90  1   RLX: 0.012
       a = 15.750      CL =  0.5345
      Cm = -0.0876     CD =  0.16010   =>   CDf =  0.00147    CDp =  0.15863

 MRCHDU: Convergence failed at  83  side 2    Res =  0.5266E-01
 Side 1  free  transition at x/c =  0.0245   22
 Side 2 forced transition at x/c =  1.0000   72

 266   rms: 0.5771E+01   max: 0.5238E+02   C at   82  2   RLX: 0.015
       a = 15.750      CL =  0.5156
      Cm = -0.0844     CD =  0.19483   =>   CDf =  0.00148    CDp =  0.19335

 MRCHDU: Convergence failed at  83  side 2    Res =  0.1799E+00
 MRCHDU: Convergence failed at  93  side 2    Res =  0.3012E+01
 MRCHDU: Convergence failed at  94  side 2    Res =  0.3578E+02
 Side 1  free  transition at x/c =  0.0248   22
 Side 2 forced transition at x/c =  1.0000   72

 267   rms: 0.5135E+01   max: -.4923E+02   C at   90  1   RLX: 0.010
       a = 15.750      CL =  0.5129
      Cm = -0.0833     CD =  0.04332   =>   CDf =  0.00145    CDp =  0.04187

 Side 1  free  transition at x/c =  0.0248   22
 Side 2 forced transition at x/c =  1.0000   72

 268   rms: 0.1230E+02   max: -.9857E+02   C at   90  2   RLX: 0.005
       a = 15.750      CL =  0.5119
      Cm = -0.0829     CD =  0.04342   =>   CDf =  0.00146    CDp =  0.04196

 Side 1  free  transition at x/c =  0.0248   22
 Side 2 forced transition at x/c =  1.0000   72

 269   rms: 0.7618E+01   max: 0.5968E+02   C at   86  2   RLX: 0.025
       a = 15.750      CL =  0.5056
      Cm = -0.0804     CD =  0.03923   =>   CDf =  0.00146    CDp =  0.03777

 Side 1  free  transition at x/c =  0.0248   22
 Side 2 forced transition at x/c =  1.0000   72

 270   rms: 0.5435E+02   max: -.3793E+03   C at   90  1   RLX: 0.001
       a = 15.750      CL =  0.5058
      Cm = -0.0804     CD =  0.04011   =>   CDf =  0.00148    CDp =  0.03864

 Side 1  free  transition at x/c =  0.0248   22
 Side 2 forced transition at x/c =  1.0000   72

 271   rms: 0.2762E+02   max: -.2643E+03   C at   90  1   RLX: 0.002
       a = 15.750      CL =  0.5055
      Cm = -0.0802     CD =  0.03986   =>   CDf =  0.00148    CDp =  0.03838

 Side 1  free  transition at x/c =  0.0248   22
 Side 2 forced transition at x/c =  1.0000   72

 272   rms: 0.5825E+02   max: -.6171E+03   C at   90  1   RLX: 0.001
       a = 15.750      CL =  0.5054
      Cm = -0.0802     CD =  0.03978   =>   CDf =  0.00148    CDp =  0.03830

 Side 1  free  transition at x/c =  0.0248   22
 Side 2 forced transition at x/c =  1.0000   72

 273   rms: 0.9383E+02   max: -.1040E+04   C at   90  1   RLX: 0.000
       a = 15.750      CL =  0.5053
      Cm = -0.0801     CD =  0.03975   =>   CDf =  0.00148    CDp =  0.03827

 Side 1  free  transition at x/c =  0.0248   22
 Side 2 forced transition at x/c =  1.0000   72

 274   rms: 0.6683E+02   max: -.7856E+03   C at   90  1   RLX: 0.001
       a = 15.750      CL =  0.5052
      Cm = -0.0801     CD =  0.03969   =>   CDf =  0.00148    CDp =  0.03821

 Side 1  free  transition at x/c =  0.0248   22
 Side 2 forced transition at x/c =  1.0000   72

 275   rms: 0.8493E+02   max: -.1028E+04   C at   90  1   RLX: 0.000
       a = 15.750      CL =  0.5051
      Cm = -0.0800     CD =  0.03962   =>   CDf =  0.00148    CDp =  0.03814

 Side 1  free  transition at x/c =  0.0248   22
 Side 2 forced transition at x/c =  1.0000   72

 276   rms: 0.5596E+02   max: -.6728E+03   C at   88  1   RLX: 0.001
       a = 15.750      CL =  0.5050
      Cm = -0.0800     CD =  0.03954   =>   CDf =  0.00148    CDp =  0.03805

 Side 1  free  transition at x/c =  0.0248   22
 Side 2 forced transition at x/c =  1.0000   72

 277   rms: 0.6757E+02   max: -.8225E+03   C at   90  1   RLX: 0.001
       a = 15.750      CL =  0.5049
      Cm = -0.0799     CD =  0.03951   =>   CDf =  0.00148    CDp =  0.03803

 Side 1  free  transition at x/c =  0.0248   22
 Side 2 forced transition at x/c =  1.0000   72

 278   rms: 0.1651E+03   max: -.1996E+04   C at   90  1   RLX: 0.000
       a = 15.750      CL =  0.5048
      Cm = -0.0799     CD =  0.03950   =>   CDf =  0.00148    CDp =  0.03802

 Side 1  free  transition at x/c =  0.0248   22
 Side 2 forced transition at x/c =  1.0000   72

 279   rms: 0.1304E+03   max: -.1586E+04   C at   90  1   RLX: 0.000
       a = 15.750      CL =  0.5048
      Cm = -0.0799     CD =  0.03947   =>   CDf =  0.00148    CDp =  0.03798

 Side 1  free  transition at x/c =  0.0248   22
 Side 2 forced transition at x/c =  1.0000   72

 280   rms: 0.2153E+03   max: -.2613E+04   C at   90  1   RLX: 0.000
       a = 15.750      CL =  0.5048
      Cm = -0.0799     CD =  0.03945   =>   CDf =  0.00148    CDp =  0.03797

 Side 1  free  transition at x/c =  0.0248   22
 Side 2 forced transition at x/c =  1.0000   72

 281   rms: 0.3034E+03   max: -.3685E+04   C at   90  1   RLX: 0.000
       a = 15.750      CL =  0.5047
      Cm = -0.0799     CD =  0.03945   =>   CDf =  0.00148    CDp =  0.03797

 Side 1  free  transition at x/c =  0.0248   22
 Side 2 forced transition at x/c =  1.0000   72

 282   rms: 0.3482E+03   max: -.4231E+04   C at   90  1   RLX: 0.000
       a = 15.750      CL =  0.5047
      Cm = -0.0798     CD =  0.03944   =>   CDf =  0.00148    CDp =  0.03795

 Side 1  free  transition at x/c =  0.0248   22
 Side 2 forced transition at x/c =  1.0000   72

 283   rms: 0.1868E+03   max: -.2268E+04   C at   90  1   RLX: 0.000
       a = 15.750      CL =  0.5047
      Cm = -0.0798     CD =  0.03941   =>   CDf =  0.00148    CDp =  0.03793

 Side 1  free  transition at x/c =  0.0248   22
 Side 2 forced transition at x/c =  1.0000   72

 284   rms: 0.2536E+03   max: -.3079E+04   C at   90  1   RLX: 0.000
       a = 15.750      CL =  0.5047
      Cm = -0.0798     CD =  0.03940   =>   CDf =  0.00148    CDp =  0.03792

 MRCHDU: Convergence failed at  86  side 1    Res =  0.1482E-04
 Side 1  free  transition at x/c =  0.0248   22
 Side 2 forced transition at x/c =  1.0000   72

 285   rms: 0.3951E+03   max: -.4801E+04   C at   90  1   RLX: 0.000
       a = 15.750      CL =  0.5046
      Cm = -0.0798     CD =  0.03940   =>   CDf =  0.00148    CDp =  0.03791

 MRCHDU: Convergence failed at  86  side 1    Res =  0.1648E-04
 Side 1  free  transition at x/c =  0.0248   22
 Side 2 forced transition at x/c =  1.0000   72

 286   rms: 0.3544E+03   max: -.4307E+04   C at   90  1   RLX: 0.000
       a = 15.750      CL =  0.5046
      Cm = -0.0798     CD =  0.03939   =>   CDf =  0.00148    CDp =  0.03790

 MRCHDU: Convergence failed at  86  side 1    Res =  0.1792E-04
 Side 1  free  transition at x/c =  0.0248   22
 Side 2 forced transition at x/c =  1.0000   72

 287   rms: 0.3982E+03   max: -.4834E+04   C at   90  1   RLX: 0.000
       a = 15.750      CL =  0.5046
      Cm = -0.0798     CD =  0.03938   =>   CDf =  0.00148    CDp =  0.03789

 Side 1  free  transition at x/c =  0.0248   22
 Side 2 forced transition at x/c =  1.0000   72

 288   rms: 0.6032E+03   max: -.7325E+04   C at   90  1   RLX: 0.000
       a = 15.750      CL =  0.5046
      Cm = -0.0798     CD =  0.03937   =>   CDf =  0.00148    CDp =  0.03789

 MRCHDU: Convergence failed at  86  side 1    Res =  0.1217E-04
 Side 1  free  transition at x/c =  0.0248   22
 Side 2 forced transition at x/c =  1.0000   72

 289   rms: 0.2946E+03   max: -.3572E+04   C at   88  1   RLX: 0.000
       a = 15.750      CL =  0.5046
      Cm = -0.0798     CD =  0.03935   =>   CDf =  0.00148    CDp =  0.03787

 Side 1  free  transition at x/c =  0.0248   22
 Side 2 forced transition at x/c =  1.0000   72

 290   rms: 0.4108E+03   max: -.4983E+04   C at   87  1   RLX: 0.000
       a = 15.750      CL =  0.5045
      Cm = -0.0798     CD =  0.03934   =>   CDf =  0.00148    CDp =  0.03786

 MRCHDU: Convergence failed at  88  side 1    Res =  0.7734E-03
 MRCHDU: Convergence failed at  89  side 1    Res =  0.2184E-01
 MRCHDU: Convergence failed at  90  side 1    Res =  0.6992E-02
 Side 1  free  transition at x/c =  0.0248   22
 Side 2 forced transition at x/c =  1.0000   72

 291   rms: 0.5589E+03   max: -.6785E+04   C at   90  1   RLX: 0.000
       a = 15.750      CL =  0.5045
      Cm = -0.0798     CD =  0.03934   =>   CDf =  0.00148    CDp =  0.03786

 MRCHDU: Convergence failed at  87  side 1    Res =  0.2125E-01
 MRCHDU: Convergence failed at  88  side 1    Res =  0.3142E-01
 MRCHDU: Convergence failed at  89  side 1    Res =  0.2185E-01
 MRCHDU: Convergence failed at  90  side 1    Res =  0.6996E-02
 Side 1  free  transition at x/c =  0.0248   22
 Side 2 forced transition at x/c =  1.0000   72

 292   rms: 0.5097E+03   max: -.6192E+04   C at   90  1   RLX: 0.000
       a = 15.750      CL =  0.5045
      Cm = -0.0797     CD =  0.03934   =>   CDf =  0.00148    CDp =  0.03785

 MRCHDU: Convergence failed at  86  side 1    Res =  0.1852E-01
 MRCHDU: Convergence failed at  87  side 1    Res =  0.5440E-01
 MRCHDU: Convergence failed at  88  side 1    Res =  0.3147E-01
 MRCHDU: Convergence failed at  89  side 1    Res =  0.2188E-01
 MRCHDU: Convergence failed at  90  side 1    Res =  0.7000E-02
 Side 1  free  transition at x/c =  0.0248   22
 Side 2 forced transition at x/c =  1.0000   72

 293   rms: 0.6103E+03   max: -.7404E+04   C at   87  1   RLX: 0.000
       a = 15.750      CL =  0.5045
      Cm = -0.0797     CD =  0.03933   =>   CDf =  0.00148    CDp =  0.03785

 MRCHDU: Convergence failed at  86  side 1    Res =  0.7012E-01
 MRCHDU: Convergence failed at  87  side 1    Res =  0.5441E-01
 MRCHDU: Convergence failed at  88  side 1    Res =  0.3146E-01
 MRCHDU: Convergence failed at  89  side 1    Res =  0.2187E-01
 MRCHDU: Convergence failed at  90  side 1    Res =  0.6998E-02
 Side 1  free  transition at x/c =  0.0248   22
 Side 2 forced transition at x/c =  1.0000   72

 294   rms: 0.5523E+03   max: -.6705E+04   C at   90  1   RLX: 0.000
       a = 15.750      CL =  0.5045
      Cm = -0.0797     CD =  0.03933   =>   CDf =  0.00148    CDp =  0.03784

 MRCHDU: Convergence failed at  86  side 1    Res =  0.1217E+00
 Side 1  free  transition at x/c =  0.0248   22
 Side 2 forced transition at x/c =  1.0000   72

 295   rms: 0.1391E+03   max: -.1857E+04   C at   90  1   RLX: 0.000
       a = 15.750      CL =  0.5045
      Cm = -0.0797     CD =  0.03945   =>   CDf =  0.00148    CDp =  0.03797

 Side 1  free  transition at x/c =  0.0248   22
 Side 2 forced transition at x/c =  1.0000   72

 296   rms: 0.1072E+03   max: -.1435E+04   C at   90  1   RLX: 0.000
       a = 15.750      CL =  0.5044
      Cm = -0.0797     CD =  0.04008   =>   CDf =  0.00148    CDp =  0.03860

 Side 1  free  transition at x/c =  0.0248   22
 Side 2 forced transition at x/c =  1.0000   72

 297   rms: 0.1179E+03   max: -.1598E+04   C at   90  1   RLX: 0.000
       a = 15.750      CL =  0.5044
      Cm = -0.0797     CD =  0.04005   =>   CDf =  0.00148    CDp =  0.03856

 Side 1  free  transition at x/c =  0.0248   22
 Side 2 forced transition at x/c =  1.0000   72

 298   rms: 0.1267E+03   max: -.1717E+04   C at   90  1   RLX: 0.000
       a = 15.750      CL =  0.5043
      Cm = -0.0796     CD =  0.04003   =>   CDf =  0.00148    CDp =  0.03855

 Side 1  free  transition at x/c =  0.0248   22
 Side 2 forced transition at x/c =  1.0000   72

 299   rms: 0.1808E+02   max: 0.2448E+03   C at   87  1   RLX: 0.006
       a = 15.750      CL =  0.5034
      Cm = -0.0792     CD =  0.03949   =>   CDf =  0.00148    CDp =  0.03800

 Side 1  free  transition at x/c =  0.0248   22
 Side 2 forced transition at x/c =  1.0000   72

 300   rms: 0.2957E+03   max: -.3980E+04   C at   90  1   RLX: 0.000
       a = 15.750      CL =  0.5033
      Cm = -0.0791     CD =  0.03955   =>   CDf =  0.00149    CDp =  0.03806

 Side 1  free  transition at x/c =  0.0248   22
 Side 2 forced transition at x/c =  1.0000   72

 301   rms: 0.2176E+03   max: -.2950E+04   C at   90  1   RLX: 0.000
       a = 15.750      CL =  0.5032
      Cm = -0.0791     CD =  0.03953   =>   CDf =  0.00149    CDp =  0.03805

 Side 1  free  transition at x/c =  0.0248   22
 Side 2 forced transition at x/c =  1.0000   72

 302   rms: 0.1669E+03   max: 0.2257E+04   C at   89  1   RLX: 0.001
       a = 15.750      CL =  0.5031
      Cm = -0.0791     CD =  0.03946   =>   CDf =  0.00149    CDp =  0.03797

 Side 1  free  transition at x/c =  0.0248   22
 Side 2 forced transition at x/c =  1.0000   72

 303   rms: 0.3477E+02   max: 0.4695E+03   C at   89  1   RLX: 0.003
       a = 15.750      CL =  0.5027
      Cm = -0.0789     CD =  0.03931   =>   CDf =  0.00149    CDp =  0.03782

 Side 1  free  transition at x/c =  0.0248   22
 Side 2 forced transition at x/c =  1.0000   72

 304   rms: 0.1677E+03   max: -.2116E+04   C at   90  1   RLX: 0.000
       a = 15.750      CL =  0.5027
      Cm = -0.0788     CD =  0.03928   =>   CDf =  0.00149    CDp =  0.03779

 Side 1  free  transition at x/c =  0.0248   22
 Side 2 forced transition at x/c =  1.0000   72

 305   rms: 0.6564E+03   max: 0.8574E+04   C at   90  1   RLX: 0.000
       a = 15.750      CL =  0.5026
      Cm = -0.0788     CD =  0.03927   =>   CDf =  0.00149    CDp =  0.03778
 VISCAL:  Convergence failed
 Calculating wake trajectory ...
 Calculating source influence matrix ...

 Solving BL system ...

 Side 1  free  transition at x/c =  0.0248   22
 Side 2 forced transition at x/c =  1.0000   72

   1   rms: 0.8488E+03   max: -.9119E+04   C at   90  1   RLX: 0.000
       a = 16.000      CL =  0.5021
      Cm = -0.0788     CD =  0.03928   =>   CDf =  0.00149    CDp =  0.03779

 Side 1  free  transition at x/c =  0.0248   22
 Side 2 forced transition at x/c =  1.0000   72

   2   rms: 0.9883E+02   max: -.1213E+04   C at   90  1   RLX: 0.000
       a = 16.000      CL =  0.5020
      Cm = -0.0788     CD =  0.03924   =>   CDf =  0.00149    CDp =  0.03775

 Side 1  free  transition at x/c =  0.0248   22
 Side 2 forced transition at x/c =  1.0000   72

   3   rms: 0.2860E+03   max: 0.3626E+04   C at   90  1   RLX: 0.000
       a = 16.000      CL =  0.5019
      Cm = -0.0787     CD =  0.03916   =>   CDf =  0.00149    CDp =  0.03767

 Side 1  free  transition at x/c =  0.0248   22
 Side 2 forced transition at x/c =  1.0000   72

   4   rms: 0.7404E+03   max: 0.7734E+04   C at   90  1   RLX: 0.000
       a = 16.000      CL =  0.5017
      Cm = -0.0787     CD =  0.03920   =>   CDf =  0.00149    CDp =  0.03770

 Side 1  free  transition at x/c =  0.0248   22
 Side 2 forced transition at x/c =  1.0000   72

   5   rms: 0.4631E+04   max: -.3557E+05   C at   90  1   RLX: 0.000
       a = 16.000      CL =  0.5019
      Cm = -0.0787     CD =  0.03918   =>   CDf =  0.00149    CDp =  0.03769

 Side 1  free  transition at x/c =  0.0248   22
 Side 2 forced transition at x/c =  1.0000   72

   6   rms: 0.1782E+04   max: 0.1565E+05   C at   90  1   RLX: 0.000
       a = 16.000      CL =  0.5016
      Cm = -0.0787     CD =  0.03927   =>   CDf =  0.00149    CDp =  0.03777

 Side 1  free  transition at x/c =  0.0248   22
 Side 2 forced transition at x/c =  1.0000   72

   7   rms: 0.9292E+05   max: -.6329E+06   C at   90  1   RLX: 0.000
       a = 16.000      CL =  0.5022
      Cm = -0.0787     CD =  0.03913   =>   CDf =  0.00149    CDp =  0.03764

 Side 1  free  transition at x/c =  0.0248   22
 Side 2 forced transition at x/c =  1.0000   72

   8   rms: 0.7436E+03   max: 0.5428E+04   C at   90  1   RLX: 0.000
       a = 16.000      CL =  0.5013
      Cm = -0.0786     CD =  0.03949   =>   CDf =  0.00149    CDp =  0.03800

 Side 1  free  transition at x/c =  0.0248   22
 Side 2 forced transition at x/c =  1.0000   72

   9   rms: 0.6306E+02   max: -.4950E+03   C at   90  1   RLX: 0.001
       a = 16.000      CL =  0.5015
      Cm = -0.0786     CD =  0.03951   =>   CDf =  0.00149    CDp =  0.03802

 Side 1  free  transition at x/c =  0.0248   22
 Side 2 forced transition at x/c =  1.0000   72

  10   rms: 0.8843E+03   max: -.6313E+04   C at   90  1   RLX: 0.000
       a = 16.000      CL =  0.5024
      Cm = -0.0787     CD =  0.03886   =>   CDf =  0.00149    CDp =  0.03737

 Side 1  free  transition at x/c =  0.0248   22
 Side 2 forced transition at x/c =  1.0000   72

  11   rms: 0.8251E+03   max: -.6231E+04   C at   90  1   RLX: 0.000
       a = 16.000      CL =  0.5030
      Cm = -0.0788     CD =  0.03858   =>   CDf =  0.00150    CDp =  0.03709

 Side 1  free  transition at x/c =  0.0248   22
 Side 2 forced transition at x/c =  1.0000   72

  12   rms: 0.6805E+03   max: -.5930E+04   C at   90  1   RLX: 0.000
       a = 16.000      CL =  0.5033
      Cm = -0.0788     CD =  0.03848   =>   CDf =  0.00150    CDp =  0.03698

 Side 1  free  transition at x/c =  0.0248   22
 Side 2 forced transition at x/c =  1.0000   72

  13   rms: 0.9010E+03   max: 0.9274E+04   C at   90  1   RLX: 0.000
       a = 16.000      CL =  0.5029
      Cm = -0.0787     CD =  0.03866   =>   CDf =  0.00150    CDp =  0.03716

 Side 1  free  transition at x/c =  0.0248   22
 Side 2 forced transition at x/c =  1.0000   72

  14   rms: 0.2173E+03   max: -.1503E+04   C at   90  1   RLX: 0.000
       a = 16.000      CL =  0.5036
      Cm = -0.0788     CD =  0.03836   =>   CDf =  0.00150    CDp =  0.03686

 Side 1  free  transition at x/c =  0.0248   22
 Side 2 forced transition at x/c =  1.0000   72

  15   rms: 0.6857E+03   max: -.5969E+04   C at   90  1   RLX: 0.000
       a = 16.000      CL =  0.5038
      Cm = -0.0789     CD =  0.03828   =>   CDf =  0.00150    CDp =  0.03678

 Side 1  free  transition at x/c =  0.0248   22
 Side 2 forced transition at x/c =  1.0000   72

  16   rms: 0.4912E+03   max: -.5034E+04   C at   90  1   RLX: 0.000
       a = 16.000      CL =  0.5039
      Cm = -0.0789     CD =  0.03823   =>   CDf =  0.00150    CDp =  0.03673

 Side 1  free  transition at x/c =  0.0248   22
 Side 2 forced transition at x/c =  1.0000   72

  17   rms: 0.1739E+02   max: -.2222E+03   C at   87  1   RLX: 0.002
       a = 16.000      CL =  0.5035
      Cm = -0.0787     CD =  0.03802   =>   CDf =  0.00150    CDp =  0.03652

 Side 1  free  transition at x/c =  0.0248   22
 Side 2 forced transition at x/c =  1.0000   72

  18   rms: 0.6365E+04   max: -.7936E+05   C at   90  1   RLX: 0.000
       a = 16.000      CL =  0.5035
      Cm = -0.0787     CD =  0.03805   =>   CDf =  0.00150    CDp =  0.03655

 Side 1  free  transition at x/c =  0.0248   22
 Side 2 forced transition at x/c =  1.0000   72

  19   rms: 0.9059E+03   max: -.1094E+05   C at   90  1   RLX: 0.000
       a = 16.000      CL =  0.5036
      Cm = -0.0787     CD =  0.03806   =>   CDf =  0.00150    CDp =  0.03656

 Side 1  free  transition at x/c =  0.0248   22
 Side 2 forced transition at x/c =  1.0000   72

  20   rms: 0.4183E+04   max: 0.5531E+05   C at   90  1   RLX: 0.000
       a = 16.000      CL =  0.5035
      Cm = -0.0787     CD =  0.03802   =>   CDf =  0.00150    CDp =  0.03652

 Side 1  free  transition at x/c =  0.0248   22
 Side 2 forced transition at x/c =  1.0000   72

  21   rms: 0.8049E+04   max: 0.9546E+05   C at   90  1   RLX: 0.000
       a = 16.000      CL =  0.5033
      Cm = -0.0787     CD =  0.03810   =>   CDf =  0.00150    CDp =  0.03660

 Side 1  free  transition at x/c =  0.0248   22
 Side 2 forced transition at x/c =  1.0000   72

  22   rms: 0.9593E+03   max: 0.9056E+04   C at   90  1   RLX: 0.000
       a = 16.000      CL =  0.5026
      Cm = -0.0785     CD =  0.03862   =>   CDf =  0.00150    CDp =  0.03712

 Side 1  free  transition at x/c =  0.0248   22
 Side 2 forced transition at x/c =  1.0000   72

  23   rms: 0.3702E+03   max: 0.2679E+04   C at   90  1   RLX: 0.001
       a = 16.000      CL =  0.4993
      Cm = -0.0780     CD =  0.04123   =>   CDf =  0.00150    CDp =  0.03973

 Side 1  free  transition at x/c =  0.0248   22
 Side 2 forced transition at x/c =  1.0000   72

  24   rms: 0.6865E+02   max: -.5297E+03   C at   90  1   RLX: 0.001
       a = 16.000      CL =  0.4995
      Cm = -0.0780     CD =  0.04191   =>   CDf =  0.00149    CDp =  0.04041

 Side 1  free  transition at x/c =  0.0248   22
 Side 2 forced transition at x/c =  1.0000   72

  25   rms: 0.1333E+02   max: 0.8148E+02   C at   90  1   RLX: 0.018
       a = 16.000      CL =  0.4871
      Cm = -0.0754     CD =  0.05121   =>   CDf =  0.00150    CDp =  0.04972

 Side 1  free  transition at x/c =  0.0249   22
 Side 2 forced transition at x/c =  1.0000   72

  26   rms: 0.4401E+01   max: 0.2764E+02   C at   82  2   RLX: 0.020
       a = 16.000      CL =  0.4897
      Cm = -0.0746     CD =  0.03785   =>   CDf =  0.00149    CDp =  0.03636

 Side 1  free  transition at x/c =  0.0248   22
 Side 2 forced transition at x/c =  1.0000   72

  27   rms: 0.1601E+02   max: 0.1515E+03   C at   84  2   RLX: 0.010
       a = 16.000      CL =  0.4767
      Cm = -0.0724     CD =  0.06670   =>   CDf =  0.00151    CDp =  0.06518

 MRCHDU: Convergence failed at  84  side 2    Res =  0.1732E+00
 Side 1  free  transition at x/c =  0.0250   22
 Side 2 forced transition at x/c =  1.0000   72

  28   rms: 0.4523E+01   max: 0.3830E+02   C at   84  2   RLX: 0.039
       a = 16.000      CL =  0.4694
      Cm = -0.0699     CD =  0.13573   =>   CDf =  0.00149    CDp =  0.13424

 MRCHDU: Convergence failed at  85  side 2    Res =  0.7327E-02
 Side 1  free  transition at x/c =  0.0249   22
 Side 2 forced transition at x/c =  1.0000   72

  29   rms: 0.2288E+02   max: 0.2115E+03   T at   94  2   RLX: 0.007
       a = 16.000      CL =  0.4499
      Cm = -0.0677     CD =  0.16322   =>   CDf =  0.00151    CDp =  0.16172

 MRCHDU: Convergence failed at  90  side 2    Res =  0.2981E+01
 MRCHDU: Convergence failed at  91  side 2    Res =  0.6157E+01
 MRCHDU: Convergence failed at  92  side 2    Res =  0.5368E+01
 MRCHDU: Convergence failed at  93  side 2    Res =  0.5212E+01
 MRCHDU: Convergence failed at  94  side 2    Res =  0.5727E+01
 Side 1  free  transition at x/c =  0.0250   22
 Side 2 forced transition at x/c =  1.0000   72

  30   rms: 0.1623E+03   max: 0.1390E+04   C at   86  2   RLX: 0.001
       a = 16.000      CL =  0.4495
      Cm = -0.0675     CD =  0.04879   =>   CDf =  0.00145    CDp =  0.04734

 Side 1  free  transition at x/c =  0.0250   22
 Side 2 forced transition at x/c =  1.0000   72

  31   rms: 0.8431E+02   max: 0.7125E+03   C at   86  2   RLX: 0.002
       a = 16.000      CL =  0.4490
      Cm = -0.0673     CD =  0.04766   =>   CDf =  0.00145    CDp =  0.04621

 Side 1  free  transition at x/c =  0.0251   22
 Side 2 forced transition at x/c =  1.0000   72

  32   rms: 0.4662E+02   max: -.3187E+03   C at   90  1   RLX: 0.002
       a = 16.000      CL =  0.4485
      Cm = -0.0672     CD =  0.04636   =>   CDf =  0.00145    CDp =  0.04491

 Side 1  free  transition at x/c =  0.0251   22
 Side 2 forced transition at x/c =  1.0000   72

  33   rms: 0.1646E+03   max: -.1027E+04   C at   90  1   RLX: 0.000
       a = 16.000      CL =  0.4485
      Cm = -0.0671     CD =  0.04614   =>   CDf =  0.00146    CDp =  0.04469

 Side 1  free  transition at x/c =  0.0251   22
 Side 2 forced transition at x/c =  1.0000   72

  34   rms: 0.8088E+03   max: 0.5186E+04   C at   90  1   RLX: 0.000
       a = 16.000      CL =  0.4483
      Cm = -0.0671     CD =  0.04654   =>   CDf =  0.00146    CDp =  0.04508

 Side 1  free  transition at x/c =  0.0251   22
 Side 2 forced transition at x/c =  1.0000   72

  35   rms: 0.3613E+03   max: 0.2296E+04   C at   90  1   RLX: 0.001
       a = 16.000      CL =  0.4481
      Cm = -0.0671     CD =  0.05043   =>   CDf =  0.00146    CDp =  0.04897

 Side 1  free  transition at x/c =  0.0251   22
 Side 2 forced transition at x/c =  1.0000   72

  36   rms: 0.3530E+03   max: 0.3030E+04   C at   86  2   RLX: 0.000
       a = 16.000      CL =  0.4480
      Cm = -0.0671     CD =  0.05301   =>   CDf =  0.00145    CDp =  0.05155

 Side 1  free  transition at x/c =  0.0251   22
 Side 2 forced transition at x/c =  1.0000   72

  37   rms: 0.4056E+03   max: -.3484E+04   C at   85  2   RLX: 0.000
       a = 16.000      CL =  0.4480
      Cm = -0.0671     CD =  0.05306   =>   CDf =  0.00145    CDp =  0.05161

 Side 1  free  transition at x/c =  0.0251   22
 Side 2 forced transition at x/c =  1.0000   72

  38   rms: 0.3454E+03   max: -.2965E+04   C at   86  2   RLX: 0.000
       a = 16.000      CL =  0.4480
      Cm = -0.0671     CD =  0.05309   =>   CDf =  0.00145    CDp =  0.05164

 Side 1  free  transition at x/c =  0.0251   22
 Side 2 forced transition at x/c =  1.0000   72

  39   rms: 0.3351E+04   max: 0.2876E+05   C at   86  2   RLX: 0.000
       a = 16.000      CL =  0.4480
      Cm = -0.0670     CD =  0.05299   =>   CDf =  0.00145    CDp =  0.05154

 Side 1  free  transition at x/c =  0.0251   22
 Side 2 forced transition at x/c =  1.0000   72

  40   rms: 0.1317E+04   max: -.1132E+05   C at   85  2   RLX: 0.000
       a = 16.000      CL =  0.4480
      Cm = -0.0671     CD =  0.05305   =>   CDf =  0.00146    CDp =  0.05159

 Side 1  free  transition at x/c =  0.0251   22
 Side 2 forced transition at x/c =  1.0000   72

  41   rms: 0.4128E+04   max: 0.3544E+05   C at   86  2   RLX: 0.000
       a = 16.000      CL =  0.4480
      Cm = -0.0670     CD =  0.05291   =>   CDf =  0.00146    CDp =  0.05145

 Side 1  free  transition at x/c =  0.0251   22
 Side 2 forced transition at x/c =  1.0000   72

  42   rms: 0.1318E+04   max: 0.1134E+05   C at   85  2   RLX: 0.000
       a = 16.000      CL =  0.4479
      Cm = -0.0670     CD =  0.05264   =>   CDf =  0.00146    CDp =  0.05118

 Side 1  free  transition at x/c =  0.0251   22
 Side 2 forced transition at x/c =  1.0000   72

  43   rms: 0.3357E+03   max: -.2903E+04   C at   85  2   RLX: 0.000
       a = 16.000      CL =  0.4480
      Cm = -0.0670     CD =  0.05276   =>   CDf =  0.00146    CDp =  0.05131

 Side 1  free  transition at x/c =  0.0251   22
 Side 2 forced transition at x/c =  1.0000   72

  44   rms: 0.5486E+02   max: 0.4728E+03   C at   85  2   RLX: 0.003
       a = 16.000      CL =  0.4475
      Cm = -0.0668     CD =  0.05207   =>   CDf =  0.00146    CDp =  0.05061

 Side 1  free  transition at x/c =  0.0251   22
 Side 2 forced transition at x/c =  1.0000   72

  45   rms: 0.1094E+04   max: -.9490E+04   C at   85  2   RLX: 0.000
       a = 16.000      CL =  0.4477
      Cm = -0.0669     CD =  0.05246   =>   CDf =  0.00146    CDp =  0.05100

 Side 1  free  transition at x/c =  0.0250   22
 Side 2 forced transition at x/c =  1.0000   72

  46   rms: 0.5269E+03   max: -.4546E+04   C at   85  2   RLX: 0.000
       a = 16.000      CL =  0.4478
      Cm = -0.0669     CD =  0.05260   =>   CDf =  0.00146    CDp =  0.05114

 Side 1  free  transition at x/c =  0.0250   22
 Side 2 forced transition at x/c =  1.0000   72

  47   rms: 0.2235E+04   max: 0.1923E+05   C at   85  2   RLX: 0.000
       a = 16.000      CL =  0.4477
      Cm = -0.0668     CD =  0.05236   =>   CDf =  0.00146    CDp =  0.05090

 Side 1  free  transition at x/c =  0.0250   22
 Side 2 forced transition at x/c =  1.0000   72

  48   rms: 0.2083E+03   max: 0.1802E+04   C at   85  2   RLX: 0.001
       a = 16.000      CL =  0.4472
      Cm = -0.0667     CD =  0.05177   =>   CDf =  0.00146    CDp =  0.05031

 Side 1  free  transition at x/c =  0.0251   22
 Side 2 forced transition at x/c =  1.0000   72

  49   rms: 0.1139E+04   max: -.9857E+04   C at   85  2   RLX: 0.000
       a = 16.000      CL =  0.4478
      Cm = -0.0668     CD =  0.05214   =>   CDf =  0.00146    CDp =  0.05069

 Side 1  free  transition at x/c =  0.0250   22
 Side 2 forced transition at x/c =  1.0000   72

  50   rms: 0.8414E+03   max: 0.7280E+04   C at   85  2   RLX: 0.000
       a = 16.000      CL =  0.4474
      Cm = -0.0667     CD =  0.05172   =>   CDf =  0.00146    CDp =  0.05026

 Side 1  free  transition at x/c =  0.0250   22
 Side 2 forced transition at x/c =  1.0000   72

  51   rms: 0.1028E+04   max: -.8895E+04   C at   85  2   RLX: 0.000
       a = 16.000      CL =  0.4480
      Cm = -0.0669     CD =  0.05209   =>   CDf =  0.00146    CDp =  0.05063

 Side 1  free  transition at x/c =  0.0250   22
 Side 2 forced transition at x/c =  1.0000   72

  52   rms: 0.1549E+03   max: 0.1341E+04   C at   85  2   RLX: 0.001
       a = 16.000      CL =  0.4474
      Cm = -0.0667     CD =  0.05156   =>   CDf =  0.00146    CDp =  0.05010

 Side 1  free  transition at x/c =  0.0250   22
 Side 2 forced transition at x/c =  1.0000   72

  53   rms: 0.1137E+03   max: 0.9849E+03   C at   85  2   RLX: 0.002
       a = 16.000      CL =  0.4453
      Cm = -0.0663     CD =  0.05031   =>   CDf =  0.00146    CDp =  0.04885

 Side 1  free  transition at x/c =  0.0251   22
 Side 2 forced transition at x/c =  1.0000   72

  54   rms: 0.1259E+02   max: -.8912E+02   T at   81  2   RLX: 0.006
       a = 16.000      CL =  0.4432
      Cm = -0.0656     CD =  0.04682   =>   CDf =  0.00146    CDp =  0.04537

 Side 1  free  transition at x/c =  0.0251   22
 Side 2 forced transition at x/c =  1.0000   72

  55   rms: 0.1456E+03   max: -.8130E+03   C at   90  1   RLX: 0.001
       a = 16.000      CL =  0.4437
      Cm = -0.0657     CD =  0.04523   =>   CDf =  0.00146    CDp =  0.04378

 Side 1  free  transition at x/c =  0.0251   22
 Side 2 forced transition at x/c =  1.0000   72

  56   rms: 0.9306E+02   max: 0.5383E+03   C at   90  1   RLX: 0.003
       a = 16.000      CL =  0.4419
      Cm = -0.0653     CD =  0.04777   =>   CDf =  0.00146    CDp =  0.04631

 Side 1  free  transition at x/c =  0.0251   22
 Side 2 forced transition at x/c =  1.0000   72

  57   rms: 0.6675E+02   max: -.5405E+03   T at   80  2   RLX: 0.001
       a = 16.000      CL =  0.4431
      Cm = -0.0654     CD =  0.05011   =>   CDf =  0.00146    CDp =  0.04865

 Side 1  free  transition at x/c =  0.0251   22
 Side 2 forced transition at x/c =  1.0000   72

  58   rms: 0.1219E+03   max: -.6694E+03   C at   84  2   RLX: 0.001
       a = 16.000      CL =  0.4445
      Cm = -0.0656     CD =  0.05172   =>   CDf =  0.00146    CDp =  0.05026

 Side 1  free  transition at x/c =  0.0251   22
 Side 2 forced transition at x/c =  1.0000   72

  59   rms: 0.2251E+02   max: 0.1330E+03   C at   89  1   RLX: 0.011
       a = 16.000      CL =  0.4419
      Cm = -0.0648     CD =  0.05711   =>   CDf =  0.00147    CDp =  0.05564

 Side 1  free  transition at x/c =  0.0251   22
 Side 2 forced transition at x/c =  1.0000   72

  60   rms: 0.2769E+02   max: 0.2664E+03   T at   79  2   RLX: 0.006
       a = 16.000      CL =  0.4388
      Cm = -0.0642     CD =  0.07574   =>   CDf =  0.00147    CDp =  0.07427

 Side 1  free  transition at x/c =  0.0251   22
 Side 2 forced transition at x/c =  1.0000   72

  61   rms: 0.1038E+02   max: -.1409E+03   T at   80  2   RLX: 0.004
       a = 16.000      CL =  0.4370
      Cm = -0.0638     CD =  0.07667   =>   CDf =  0.00146    CDp =  0.07520

 Side 1  free  transition at x/c =  0.0251   22
 Side 2 forced transition at x/c =  1.0000   72

  62   rms: 0.3716E+01   max: -.2986E+02   T at   79  2   RLX: 0.017
       a = 16.000      CL =  0.4358
      Cm = -0.0629     CD =  0.06877   =>   CDf =  0.00146    CDp =  0.06731

 Side 1  free  transition at x/c =  0.0251   22
 Side 2 forced transition at x/c =  1.0000   72

  63   rms: 0.2268E+02   max: 0.2059E+03   T at   79  2   RLX: 0.007
       a = 16.000      CL =  0.4331
      Cm = -0.0624     CD =  0.08770   =>   CDf =  0.00147    CDp =  0.08622

 Side 1  free  transition at x/c =  0.0251   22
 Side 2 forced transition at x/c =  1.0000   72

  64   rms: 0.1108E+02   max: -.9295E+02   C at   85  2   RLX: 0.005
       a = 16.000      CL =  0.4357
      Cm = -0.0627     CD =  0.09131   =>   CDf =  0.00147    CDp =  0.08984

 MRCHDU: Convergence failed at  85  side 2    Res =  0.3220E-01
 Side 1  free  transition at x/c =  0.0250   22
 Side 2 forced transition at x/c =  1.0000   72

  65   rms: 0.2643E+02   max: 0.2259E+03   T at   91  2   RLX: 0.007
       a = 16.000      CL =  0.4277
      Cm = -0.0623     CD =  0.35485   =>   CDf =  0.00148    CDp =  0.35337

 MRCHDU: Convergence failed at  85  side 2    Res =  0.9770E-02
 MRCHDU: Convergence failed at  90  side 2    Res =  0.1342E+02
 MRCHDU: Convergence failed at  91  side 2    Res =  0.3272E+01
 Side 1  free  transition at x/c =  0.0251   22
 Side 2 forced transition at x/c =  1.0000   72

  66   rms: 0.2163E+02   max: -.1656E+03   C at   85  2   RLX: 0.003
       a = 16.000      CL =  0.4274
      Cm = -0.0615     CD =  0.13345   =>   CDf =  0.00145    CDp =  0.13200

 Side 1  free  transition at x/c =  0.0251   22
 Side 2 forced transition at x/c =  1.0000   72

  67   rms: 0.3215E+02   max: 0.2682E+03   T at   91  2   RLX: 0.006
       a = 16.000      CL =  0.4319
      Cm = -0.0637     CD =  0.32585   =>   CDf =  0.00146    CDp =  0.32438

 MRCHDU: Convergence failed at  89  side 2    Res =  0.3534E+01
 MRCHDU: Convergence failed at  90  side 2    Res =  0.9532E+01
 MRCHDU: Convergence failed at  91  side 2    Res =  0.1561E+02
 Side 1  free  transition at x/c =  0.0250   22
 Side 2 forced transition at x/c =  1.0000   72

  68   rms: 0.1770E+02   max: 0.1548E+03   C at   85  2   RLX: 0.010
       a = 16.000      CL =  0.4169
      Cm = -0.0606     CD =  0.10663   =>   CDf =  0.00145    CDp =  0.10518

 Side 1  free  transition at x/c =  0.0251   22
 Side 2 forced transition at x/c =  1.0000   72

  69   rms: 0.5506E+01   max: -.3707E+02   T at   79  2   RLX: 0.013
       a = 16.000      CL =  0.4260
      Cm = -0.0616     CD =  0.10277   =>   CDf =  0.00144    CDp =  0.10133

 Side 1  free  transition at x/c =  0.0250   22
 Side 2 forced transition at x/c =  1.0000   72

  70   rms: 0.1469E+03   max: -.8941E+03   T at   79  2   RLX: 0.001
       a = 16.000      CL =  0.4309
      Cm = -0.0624     CD =  0.10521   =>   CDf =  0.00146    CDp =  0.10375

 Side 1  free  transition at x/c =  0.0250   22
 Side 2 forced transition at x/c =  1.0000   72

  71   rms: 0.1935E+01   max: 0.1497E+02   T at   79  2   RLX: 0.083
       a = 16.000      CL =  0.4462
      Cm = -0.0623     CD =  0.10602   =>   CDf =  0.00147    CDp =  0.10455

 Side 1  free  transition at x/c =  0.0249   22
 Side 2 forced transition at x/c =  1.0000   72

  72   rms: 0.1634E+02   max: -.1754E+03   T at   83  2   RLX: 0.003
       a = 16.000      CL =  0.4468
      Cm = -0.0618     CD =  0.14190   =>   CDf =  0.00155    CDp =  0.14035

 Side 1  free  transition at x/c =  0.0249   22
 Side 2 forced transition at x/c =  1.0000   72

  73   rms: 0.8171E+01   max: -.7541E+02   T at   79  2   RLX: 0.007
       a = 16.000      CL =  0.4492
      Cm = -0.0618     CD =  0.14330   =>   CDf =  0.00156    CDp =  0.14174

 Side 1  free  transition at x/c =  0.0249   22
 Side 2 forced transition at x/c =  1.0000   72

  74   rms: 0.7451E+01   max: -.4443E+02   T at   79  2   RLX: 0.011
       a = 16.000      CL =  0.4478
      Cm = -0.0611     CD =  0.14578   =>   CDf =  0.00157    CDp =  0.14421

 Side 1  free  transition at x/c =  0.0249   22
 Side 2 forced transition at x/c =  1.0000   72

  75   rms: 0.3093E+01   max: 0.4142E+02   T at   82  2   RLX: 0.026
       a = 16.000      CL =  0.4426
      Cm = -0.0593     CD =  0.15213   =>   CDf =  0.00158    CDp =  0.15055

 Side 1  free  transition at x/c =  0.0249   22
 Side 2 forced transition at x/c =  1.0000   72

  76   rms: 0.7088E+01   max: -.9050E+02   T at   82  2   RLX: 0.006
       a = 16.000      CL =  0.4426
      Cm = -0.0591     CD =  0.21163   =>   CDf =  0.00159    CDp =  0.21004

 Side 1  free  transition at x/c =  0.0249   22
 Side 2 forced transition at x/c =  1.0000   72

  77   rms: 0.1257E+02   max: 0.1653E+03   T at   82  2   RLX: 0.008
       a = 16.000      CL =  0.4421
      Cm = -0.0586     CD =  0.20989   =>   CDf =  0.00159    CDp =  0.20830

 Side 1  free  transition at x/c =  0.0249   22
 Side 2 forced transition at x/c =  1.0000   72

  78   rms: 0.7360E+01   max: 0.1336E+03   T at   84  2   RLX: 0.004
       a = 16.000      CL =  0.4419
      Cm = -0.0585     CD =  0.22266   =>   CDf =  0.00160    CDp =  0.22107

 Side 1  free  transition at x/c =  0.0249   22
 Side 2 forced transition at x/c =  1.0000   72

  79   rms: 0.1568E+02   max: 0.3335E+03   T at   82  2   RLX: 0.003
       a = 16.000      CL =  0.4412
      Cm = -0.0582     CD =  0.22204   =>   CDf =  0.00160    CDp =  0.22045

 Side 1  free  transition at x/c =  0.0249   22
 Side 2 forced transition at x/c =  1.0000   72

  80   rms: 0.3259E+02   max: 0.6342E+03   T at   82  2   RLX: 0.001
       a = 16.000      CL =  0.4410
      Cm = -0.0581     CD =  0.24080   =>   CDf =  0.00160    CDp =  0.23920

 Side 1  free  transition at x/c =  0.0249   22
 Side 2 forced transition at x/c =  1.0000   72

  81   rms: 0.1789E+02   max: -.2431E+03   T at   82  2   RLX: 0.002
       a = 16.000      CL =  0.4405
      Cm = -0.0580     CD =  0.26136   =>   CDf =  0.00160    CDp =  0.25976

 Side 1  free  transition at x/c =  0.0249   22
 Side 2 forced transition at x/c =  1.0000   72

  82   rms: 0.1489E+02   max: 0.3703E+03   T at   82  2   RLX: 0.004
       a = 16.000      CL =  0.4406
      Cm = -0.0579     CD =  0.32234   =>   CDf =  0.00160    CDp =  0.32074

 Side 1  free  transition at x/c =  0.0249   22
 Side 2 forced transition at x/c =  1.0000   72

  83   rms: 0.8698E+01   max: -.5169E+02   C at   85  2   RLX: 0.010
       a = 16.000      CL =  0.4398
      Cm = -0.0574     CD =  0.45981   =>   CDf =  0.00160    CDp =  0.45821

 Side 1  free  transition at x/c =  0.0249   22
 Side 2 forced transition at x/c =  1.0000   72

  84   rms: 0.1963E+02   max: 0.1234E+03   T at   82  2   RLX: 0.005
       a = 16.000      CL =  0.4399
      Cm = -0.0572     CD =  0.48528   =>   CDf =  0.00161    CDp =  0.48367

 Side 1  free  transition at x/c =  0.0249   22
 Side 2 forced transition at x/c =  1.0000   72

  85   rms: 0.4199E+02   max: -.2265E+03   C at   88  2   RLX: 0.002
       a = 16.000      CL =  0.4408
      Cm = -0.0573     CD =  0.52849   =>   CDf =  0.00161    CDp =  0.52688

 Side 1  free  transition at x/c =  0.0249   22
 Side 2 forced transition at x/c =  1.0000   72

  86   rms: 0.4783E+02   max: -.2650E+03   C at   90  1   RLX: 0.002
       a = 16.000      CL =  0.4405
      Cm = -0.0572     CD =  0.53317   =>   CDf =  0.00161    CDp =  0.53156

 Side 1  free  transition at x/c =  0.0250   22
 Side 2 forced transition at x/c =  1.0000   72

  87   rms: 0.8435E+02   max: -.4906E+03   C at   90  1   RLX: 0.001
       a = 16.000      CL =  0.4408
      Cm = -0.0572     CD =  0.54385   =>   CDf =  0.00161    CDp =  0.54224

 Side 1  free  transition at x/c =  0.0250   22
 Side 2 forced transition at x/c =  1.0000   72

  88   rms: 0.1008E+04   max: -.6401E+04   C at   90  1   RLX: 0.000
       a = 16.000      CL =  0.4420
      Cm = -0.0573     CD =  0.56554   =>   CDf =  0.00162    CDp =  0.56393

 Side 1  free  transition at x/c =  0.0249   22
 Side 2 forced transition at x/c =  1.0000   72

  89   rms: 0.2597E+03   max: 0.1828E+04   C at   90  1   RLX: 0.001
       a = 16.000      CL =  0.4394
      Cm = -0.0569     CD =  0.52496   =>   CDf =  0.00162    CDp =  0.52335

 Side 1  free  transition at x/c =  0.0250   22
 Side 2 forced transition at x/c =  1.0000   72

  90   rms: 0.2773E+02   max: -.1610E+03   C at   90  1   RLX: 0.003
       a = 16.000      CL =  0.4402
      Cm = -0.0570     CD =  0.55902   =>   CDf =  0.00161    CDp =  0.55740

 Side 1  free  transition at x/c =  0.0250   22
 Side 2 forced transition at x/c =  1.0000   72

  91   rms: 0.1639E+02   max: -.1036E+03   C at   90  1   RLX: 0.005
       a = 16.000      CL =  0.4403
      Cm = -0.0568     CD =  0.57695   =>   CDf =  0.00162    CDp =  0.57534

 Side 1  free  transition at x/c =  0.0250   22
 Side 2 forced transition at x/c =  1.0000   72

  92   rms: 0.3417E+04   max: 0.2485E+05   C at   90  1   RLX: 0.000
       a = 16.000      CL =  0.4384
      Cm = -0.0565     CD =  0.54514   =>   CDf =  0.00162    CDp =  0.54352

 Side 1  free  transition at x/c =  0.0250   22
 Side 2 forced transition at x/c =  1.0000   72

  93   rms: 0.7184E+01   max: -.8087E+02   T at   82  2   RLX: 0.006
       a = 16.000      CL =  0.4340
      Cm = -0.0556     CD =  0.48881   =>   CDf =  0.00162    CDp =  0.48720

 Side 1  free  transition at x/c =  0.0250   22
 Side 2 forced transition at x/c =  1.0000   72

  94   rms: 0.5711E+02   max: -.3415E+03   C at   90  1   RLX: 0.001
       a = 16.000      CL =  0.4337
      Cm = -0.0555     CD =  0.50958   =>   CDf =  0.00161    CDp =  0.50797

 Side 1  free  transition at x/c =  0.0250   22
 Side 2 forced transition at x/c =  1.0000   72

  95   rms: 0.1261E+02   max: 0.8744E+02   C at   89  1   RLX: 0.011
       a = 16.000      CL =  0.4315
      Cm = -0.0548     CD =  0.43668   =>   CDf =  0.00161    CDp =  0.43507

 Side 1  free  transition at x/c =  0.0250   22
 Side 2 forced transition at x/c =  1.0000   72

  96   rms: 0.4792E+02   max: -.5856E+03   T at   82  2   RLX: 0.001
       a = 16.000      CL =  0.4313
      Cm = -0.0547     CD =  0.43900   =>   CDf =  0.00162    CDp =  0.43738

 Side 1  free  transition at x/c =  0.0250   22
 Side 2 forced transition at x/c =  1.0000   72

  97   rms: 0.4156E+02   max: -.8731E+03   T at   82  2   RLX: 0.001
       a = 16.000      CL =  0.4312
      Cm = -0.0546     CD =  0.43875   =>   CDf =  0.00162    CDp =  0.43713

 Side 1  free  transition at x/c =  0.0250   22
 Side 2 forced transition at x/c =  1.0000   72

  98   rms: 0.3874E+02   max: -.6272E+03   T at   82  2   RLX: 0.001
       a = 16.000      CL =  0.4311
      Cm = -0.0546     CD =  0.44793   =>   CDf =  0.00162    CDp =  0.44631

 Side 1  free  transition at x/c =  0.0250   22
 Side 2 forced transition at x/c =  1.0000   72

  99   rms: 0.5250E+01   max: 0.7367E+02   T at   84  2   RLX: 0.010
       a = 16.000      CL =  0.4293
      Cm = -0.0540     CD =  0.33744   =>   CDf =  0.00162    CDp =  0.33583

 Side 1  free  transition at x/c =  0.0250   22
 Side 2 forced transition at x/c =  1.0000   72

 100   rms: 0.5174E+02   max: -.3167E+03   C at   90  1   RLX: 0.002
       a = 16.000      CL =  0.4292
      Cm = -0.0539     CD =  0.41917   =>   CDf =  0.00162    CDp =  0.41755

 Side 1  free  transition at x/c =  0.0250   22
 Side 2 forced transition at x/c =  1.0000   72

 101   rms: 0.1165E+02   max: 0.2691E+03   T at   84  2   RLX: 0.006
       a = 16.000      CL =  0.4294
      Cm = -0.0538     CD =  0.41108   =>   CDf =  0.00162    CDp =  0.40946

 Side 1  free  transition at x/c =  0.0250   22
 Side 2 forced transition at x/c =  1.0000   72

 102   rms: 0.4523E+02   max: -.3197E+03   C at   90  1   RLX: 0.002
       a = 16.000      CL =  0.4292
      Cm = -0.0537     CD =  0.45160   =>   CDf =  0.00163    CDp =  0.44998

 Side 1  free  transition at x/c =  0.0250   22
 Side 2 forced transition at x/c =  1.0000   72

 103   rms: 0.3866E+02   max: -.6363E+03   T at   84  2   RLX: 0.001
       a = 16.000      CL =  0.4289
      Cm = -0.0536     CD =  0.44117   =>   CDf =  0.00163    CDp =  0.43955

 Side 1  free  transition at x/c =  0.0250   22
 Side 2 forced transition at x/c =  1.0000   72

 104   rms: 0.3931E+01   max: -.7830E+02   T at   84  2   RLX: 0.006
       a = 16.000      CL =  0.4283
      Cm = -0.0532     CD =  0.43942   =>   CDf =  0.00163    CDp =  0.43779

 Side 1  free  transition at x/c =  0.0250   22
 Side 2 forced transition at x/c =  1.0000   72

 105   rms: 0.2793E+02   max: -.2327E+03   C at   90  1   RLX: 0.002
       a = 16.000      CL =  0.4281
      Cm = -0.0531     CD =  0.46803   =>   CDf =  0.00163    CDp =  0.46640

 Side 1  free  transition at x/c =  0.0250   22
 Side 2 forced transition at x/c =  1.0000   72

 106   rms: 0.4123E+02   max: -.4135E+03   C at   90  1   RLX: 0.001
       a = 16.000      CL =  0.4280
      Cm = -0.0531     CD =  0.47364   =>   CDf =  0.00163    CDp =  0.47201

 Side 1  free  transition at x/c =  0.0250   22
 Side 2 forced transition at x/c =  1.0000   72

 107   rms: 0.8663E+02   max: -.9829E+03   C at   90  1   RLX: 0.001
       a = 16.000      CL =  0.4281
      Cm = -0.0531     CD =  0.48320   =>   CDf =  0.00163    CDp =  0.48157

 Side 1  free  transition at x/c =  0.0250   22
 Side 2 forced transition at x/c =  1.0000   72

 108   rms: 0.9007E+01   max: -.1080E+03   C at   87  1   RLX: 0.005
       a = 16.000      CL =  0.4279
      Cm = -0.0529     CD =  0.50960   =>   CDf =  0.00163    CDp =  0.50797

 Side 1  free  transition at x/c =  0.0250   22
 Side 2 forced transition at x/c =  1.0000   72

 109   rms: 0.8917E+02   max: -.1169E+04   C at   90  1   RLX: 0.000
       a = 16.000      CL =  0.4278
      Cm = -0.0528     CD =  0.54337   =>   CDf =  0.00163    CDp =  0.54174

 Side 1  free  transition at x/c =  0.0250   22
 Side 2 forced transition at x/c =  1.0000   72

 110   rms: 0.4007E+02   max: -.4416E+03   C at   90  1   RLX: 0.001
       a = 16.000      CL =  0.4273
      Cm = -0.0527     CD =  0.45682   =>   CDf =  0.00164    CDp =  0.45519

 Side 1  free  transition at x/c =  0.0250   22
 Side 2 forced transition at x/c =  1.0000   72

 111   rms: 0.7713E+02   max: -.1026E+04   C at   90  1   RLX: 0.000
       a = 16.000      CL =  0.4272
      Cm = -0.0527     CD =  0.50887   =>   CDf =  0.00164    CDp =  0.50723

 Side 1  free  transition at x/c =  0.0250   22
 Side 2 forced transition at x/c =  1.0000   72

 112   rms: 0.1076E+03   max: -.1059E+04   C at   90  1   RLX: 0.000
       a = 16.000      CL =  0.4272
      Cm = -0.0527     CD =  0.51450   =>   CDf =  0.00164    CDp =  0.51287

 MRCHDU: Convergence failed at  87  side 1    Res =  0.5236E-05
 Side 1  free  transition at x/c =  0.0250   22
 Side 2 forced transition at x/c =  1.0000   72

 113   rms: 0.8606E+02   max: -.1131E+04   C at   90  1   RLX: 0.000
       a = 16.000      CL =  0.4273
      Cm = -0.0527     CD =  0.52460   =>   CDf =  0.00164    CDp =  0.52296

 Side 1  free  transition at x/c =  0.0250   22
 Side 2 forced transition at x/c =  1.0000   72

 114   rms: 0.5166E+02   max: -.6973E+03   C at   90  1   RLX: 0.001
       a = 16.000      CL =  0.4272
      Cm = -0.0526     CD =  0.52336   =>   CDf =  0.00164    CDp =  0.52172

 Side 1  free  transition at x/c =  0.0250   22
 Side 2 forced transition at x/c =  1.0000   72

 115   rms: 0.1195E+03   max: -.1594E+04   C at   90  1   RLX: 0.000
       a = 16.000      CL =  0.4272
      Cm = -0.0526     CD =  0.52348   =>   CDf =  0.00164    CDp =  0.52184

 Side 1  free  transition at x/c =  0.0250   22
 Side 2 forced transition at x/c =  1.0000   72

 116   rms: 0.2105E+03   max: -.2843E+04   C at   90  1   RLX: 0.000
       a = 16.000      CL =  0.4272
      Cm = -0.0526     CD =  0.52075   =>   CDf =  0.00164    CDp =  0.51911

 Side 1  free  transition at x/c =  0.0250   22
 Side 2 forced transition at x/c =  1.0000   72

 117   rms: 0.2062E+03   max: -.2791E+04   C at   90  1   RLX: 0.000
       a = 16.000      CL =  0.4272
      Cm = -0.0526     CD =  0.52242   =>   CDf =  0.00164    CDp =  0.52078

 Side 1  free  transition at x/c =  0.0250   22
 Side 2 forced transition at x/c =  1.0000   72

 118   rms: 0.8459E+02   max: -.1142E+04   C at   90  1   RLX: 0.000
       a = 16.000      CL =  0.4272
      Cm = -0.0526     CD =  0.52500   =>   CDf =  0.00164    CDp =  0.52336

 Side 1  free  transition at x/c =  0.0250   22
 Side 2 forced transition at x/c =  1.0000   72

 119   rms: 0.2614E+03   max: -.3545E+04   C at   88  1   RLX: 0.000
       a = 16.000      CL =  0.4272
      Cm = -0.0526     CD =  0.52551   =>   CDf =  0.00164    CDp =  0.52387

 MRCHDU: Convergence failed at  87  side 1    Res =  0.1257E-04
 Side 1  free  transition at x/c =  0.0250   22
 Side 2 forced transition at x/c =  1.0000   72

 120   rms: 0.1297E+03   max: -.1756E+04   C at   89  1   RLX: 0.000
       a = 16.000      CL =  0.4272
      Cm = -0.0526     CD =  0.52244   =>   CDf =  0.00164    CDp =  0.52081

 Side 1  free  transition at x/c =  0.0250   22
 Side 2 forced transition at x/c =  1.0000   72

 121   rms: 0.2204E+03   max: -.2989E+04   C at   90  1   RLX: 0.000
       a = 16.000      CL =  0.4272
      Cm = -0.0525     CD =  0.52236   =>   CDf =  0.00164    CDp =  0.52073

 Side 1  free  transition at x/c =  0.0250   22
 Side 2 forced transition at x/c =  1.0000   72

 122   rms: 0.2064E+03   max: -.2794E+04   C at   88  1   RLX: 0.000
       a = 16.000      CL =  0.4272
      Cm = -0.0525     CD =  0.52475   =>   CDf =  0.00164    CDp =  0.52312

 MRCHDU: Convergence failed at  88  side 1    Res =  0.1309E-01
 MRCHDU: Convergence failed at  89  side 1    Res =  0.1106E-01
 MRCHDU: Convergence failed at  90  side 1    Res =  0.4578E-02
 Side 1  free  transition at x/c =  0.0250   22
 Side 2 forced transition at x/c =  1.0000   72

 123   rms: 0.2158E+03   max: -.2928E+04   C at   90  1   RLX: 0.000
       a = 16.000      CL =  0.4272
      Cm = -0.0525     CD =  0.52416   =>   CDf =  0.00164    CDp =  0.52252

 MRCHDU: Convergence failed at  87  side 1    Res =  0.4612E-01
 MRCHDU: Convergence failed at  88  side 1    Res =  0.1857E-01
 MRCHDU: Convergence failed at  89  side 1    Res =  0.1106E-01
 MRCHDU: Convergence failed at  90  side 1    Res =  0.4579E-02
 Side 1  free  transition at x/c =  0.0250   22
 Side 2 forced transition at x/c =  1.0000   72

 124   rms: 0.2410E+03   max: -.3270E+04   C at   90  1   RLX: 0.000
       a = 16.000      CL =  0.4272
      Cm = -0.0525     CD =  0.52336   =>   CDf =  0.00164    CDp =  0.52172

 MRCHDU: Convergence failed at  87  side 1    Res =  0.9750E-01
 MRCHDU: Convergence failed at  88  side 1    Res =  0.1858E-01
 MRCHDU: Convergence failed at  89  side 1    Res =  0.1106E-01
 MRCHDU: Convergence failed at  90  side 1    Res =  0.4581E-02
 Side 1  free  transition at x/c =  0.0250   22
 Side 2 forced transition at x/c =  1.0000   72

 125   rms: 0.1127E+03   max: -.1509E+04   C at   90  1   RLX: 0.000
       a = 16.000      CL =  0.4271
      Cm = -0.0525     CD =  0.51611   =>   CDf =  0.00164    CDp =  0.51447

 MRCHDU: Convergence failed at  87  side 1    Res =  0.1485E+00
 Side 1  free  transition at x/c =  0.0250   22
 Side 2 forced transition at x/c =  1.0000   72

 126   rms: 0.2116E+01   max: 0.2361E+02   T at   82  2   RLX: 0.023
       a = 16.000      CL =  0.4260
      Cm = -0.0516     CD =  0.64983   =>   CDf =  0.00164    CDp =  0.64820

 Side 1  free  transition at x/c =  0.0250   22
 Side 2 forced transition at x/c =  1.0000   72

 127   rms: 0.1146E+04   max: -.2862E+05   T at   82  2   RLX: 0.000
       a = 16.000      CL =  0.4258
      Cm = -0.0515     CD =  0.65609   =>   CDf =  0.00165    CDp =  0.65444

 Side 1  free  transition at x/c =  0.0250   22
 Side 2 forced transition at x/c =  1.0000   72

 128   rms: 0.5328E+03   max: -.8627E+04   T at   84  2   RLX: 0.000
       a = 16.000      CL =  0.4265
      Cm = -0.0516     CD =  0.71014   =>   CDf =  0.00165    CDp =  0.70849

 Side 1  free  transition at x/c =  0.0250   22
 Side 2 forced transition at x/c =  1.0000   72

 129   rms: 0.1859E+02   max: -.2493E+03   T at   85  2   RLX: 0.002
       a = 16.000      CL =  0.4246
      Cm = -0.0512     CD =  0.79248   =>   CDf =  0.00165    CDp =  0.79083

 Side 1  free  transition at x/c =  0.0250   22
 Side 2 forced transition at x/c =  1.0000   72

 130   rms: 0.3309E+03   max: -.7864E+04   T at   85  2   RLX: 0.000
       a = 16.000      CL =  0.4240
      Cm = -0.0511     CD =  0.78550   =>   CDf =  0.00165    CDp =  0.78385

 Side 1  free  transition at x/c =  0.0250   22
 Side 2 forced transition at x/c =  1.0000   72

 131   rms: 0.4394E+02   max: 0.1025E+04   T at   85  2   RLX: 0.001
       a = 16.000      CL =  0.4252
      Cm = -0.0513     CD =  0.85384   =>   CDf =  0.00165    CDp =  0.85219

 Side 1  free  transition at x/c =  0.0250   22
 Side 2 forced transition at x/c =  1.0000   72

 132   rms: 0.2797E+02   max: 0.6625E+03   T at   85  2   RLX: 0.002
       a = 16.000      CL =  0.4271
      Cm = -0.0516     CD =  1.30970   =>   CDf =  0.00165    CDp =  1.30805

 Side 1  free  transition at x/c =  0.0250   22
 Side 2 forced transition at x/c =  1.0000   72

 133   rms: 0.5942E+01   max: 0.7343E+02   T at   83  2   RLX: 0.009
       a = 16.000      CL =  0.4281
      Cm = -0.0514     CD =  1.50485   =>   CDf =  0.00165    CDp =  1.50320

 Side 1  free  transition at x/c =  0.0250   22
 Side 2 forced transition at x/c =  1.0000   72

 134   rms: 0.8741E+02   max: 0.1816E+04   T at   83  2   RLX: 0.001
       a = 16.000      CL =  0.4300
      Cm = -0.0516     CD =  1.38042   =>   CDf =  0.00166    CDp =  1.37876

 Side 1  free  transition at x/c =  0.0250   22
 Side 2 forced transition at x/c =  1.0000   72

 135   rms: 0.4452E+02   max: 0.1201E+04   T at   83  2   RLX: 0.001
       a = 16.000      CL =  0.4300
      Cm = -0.0516     CD =  1.46485   =>   CDf =  0.00166    CDp =  1.46319

 Side 1  free  transition at x/c =  0.0250   22
 Side 2 forced transition at x/c =  1.0000   72

 136   rms: 0.1769E+02   max: 0.4687E+03   T at   83  2   RLX: 0.003
       a = 16.000      CL =  0.4306
      Cm = -0.0516     CD =  1.56036   =>   CDf =  0.00167    CDp =  1.55869

 Side 1  free  transition at x/c =  0.0250   22
 Side 2 forced transition at x/c =  1.0000   72

 137   rms: 0.6295E+02   max: -.1415E+04   T at   83  2   RLX: 0.000
       a = 16.000      CL =  0.4310
      Cm = -0.0516     CD =  1.48863   =>   CDf =  0.00167    CDp =  1.48697

 Side 1  free  transition at x/c =  0.0250   22
 Side 2 forced transition at x/c =  1.0000   72

 138   rms: 0.5136E+02   max: 0.1351E+04   T at   83  2   RLX: 0.001
       a = 16.000      CL =  0.4308
      Cm = -0.0515     CD =  1.39712   =>   CDf =  0.00167    CDp =  1.39545

 Side 1  free  transition at x/c =  0.0250   22
 Side 2 forced transition at x/c =  1.0000   72

 139   rms: 0.3100E+01   max: -.4324E+02   T at   85  2   RLX: 0.012
       a = 16.000      CL =  0.4317
      Cm = -0.0513     CD =  1.21510   =>   CDf =  0.00167    CDp =  1.21344

 Side 1  free  transition at x/c =  0.0251   22
 Side 2 forced transition at x/c =  1.0000   72

 140   rms: 0.9482E+01   max: 0.2322E+03   T at   83  2   RLX: 0.006
       a = 16.000      CL =  0.4318
      Cm = -0.0510     CD =  1.45037   =>   CDf =  0.00168    CDp =  1.44870

 Side 1  free  transition at x/c =  0.0251   22
 Side 2 forced transition at x/c =  1.0000   72

 141   rms: 0.8525E+01   max: -.1840E+03   T at   85  2   RLX: 0.003
       a = 16.000      CL =  0.4311
      Cm = -0.0508     CD =  1.68434   =>   CDf =  0.00168    CDp =  1.68266

 Side 1  free  transition at x/c =  0.0251   22
 Side 2 forced transition at x/c =  1.0000   72

 142   rms: 0.1378E+02   max: -.3482E+03   T at   85  2   RLX: 0.001
       a = 16.000      CL =  0.4306
      Cm = -0.0506     CD =  1.75686   =>   CDf =  0.00168    CDp =  1.75518

 Side 1  free  transition at x/c =  0.0251   22
 Side 2 forced transition at x/c =  1.0000   72

 143   rms: 0.6832E+02   max: 0.1830E+04   T at   85  2   RLX: 0.001
       a = 16.000      CL =  0.4320
      Cm = -0.0508     CD =  1.81049   =>   CDf =  0.00168    CDp =  1.80880

 Side 1  free  transition at x/c =  0.0251   22
 Side 2 forced transition at x/c =  1.0000   72

 144   rms: 0.1586E+02   max: -.3932E+03   T at   85  2   RLX: 0.001
       a = 16.000      CL =  0.4313
      Cm = -0.0507     CD =  1.75366   =>   CDf =  0.00169    CDp =  1.75198

 Side 1  free  transition at x/c =  0.0251   22
 Side 2 forced transition at x/c =  1.0000   72

 145   rms: 0.2518E+02   max: 0.6625E+03   T at   85  2   RLX: 0.002
       a = 16.000      CL =  0.4328
      Cm = -0.0509     CD =  1.90862   =>   CDf =  0.00169    CDp =  1.90693

 Side 1  free  transition at x/c =  0.0251   22
 Side 2 forced transition at x/c =  1.0000   72

 146   rms: 0.3103E+02   max: -.7735E+03   T at   85  2   RLX: 0.001
       a = 16.000      CL =  0.4321
      Cm = -0.0507     CD =  1.66867   =>   CDf =  0.00169    CDp =  1.66698

 Side 1  free  transition at x/c =  0.0251   22
 Side 2 forced transition at x/c =  1.0000   72

 147   rms: 0.1006E+02   max: 0.2489E+03   T at   85  2   RLX: 0.006
       a = 16.000      CL =  0.4336
      Cm = -0.0508     CD =  1.91640   =>   CDf =  0.00169    CDp =  1.91471

 Side 1  free  transition at x/c =  0.0251   22
 Side 2 forced transition at x/c =  1.0000   72

 148   rms: 0.1679E+02   max: 0.3706E+03   T at   85  2   RLX: 0.004
       a = 16.000      CL =  0.4348
      Cm = -0.0509     CD =  3.69414   =>   CDf =  0.00169    CDp =  3.69245

 Side 1  free  transition at x/c =  0.0251   22
 Side 2 forced transition at x/c =  1.0000   72

 149   rms: 0.1169E+02   max: 0.2734E+03   T at   81  2   RLX: 0.005
       a = 16.000      CL =  0.4338
      Cm = -0.0506     CD =  3.89897   =>   CDf =  0.00170    CDp =  3.89728

 Side 1  free  transition at x/c =  0.0251   22
 Side 2 forced transition at x/c =  1.0000   72

 150   rms: 0.4928E+02   max: -.1316E+04   T at   81  2   RLX: 0.000
       a = 16.000      CL =  0.4336
      Cm = -0.0505     CD =  3.03458   =>   CDf =  0.00170    CDp =  3.03289

 Side 1  free  transition at x/c =  0.0251   22
 Side 2 forced transition at x/c =  1.0000   72

 151   rms: 0.2348E+02   max: -.3740E+03   T at   84  2   RLX: 0.001
       a = 16.000      CL =  0.4340
      Cm = -0.0506     CD =  3.57583   =>   CDf =  0.00170    CDp =  3.57413

 Side 1  free  transition at x/c =  0.0251   22
 Side 2 forced transition at x/c =  1.0000   72

 152   rms: 0.6059E+02   max: 0.1018E+04   T at   81  2   RLX: 0.001
       a = 16.000      CL =  0.4335
      Cm = -0.0505     CD =  3.71183   =>   CDf =  0.00170    CDp =  3.71013

 Side 1  free  transition at x/c =  0.0251   22
 Side 2 forced transition at x/c =  1.0000   72

 153   rms: 0.1440E+02   max: 0.2860E+03   T at   81  2   RLX: 0.005
       a = 16.000      CL =  0.4340
      Cm = -0.0504     CD =  5.19018   =>   CDf =  0.00170    CDp =  5.18849

 Side 1  free  transition at x/c =  0.0251   22
 Side 2 forced transition at x/c =  1.0000   72

 154   rms: 0.1940E+02   max: 0.2253E+03   T at   83  2   RLX: 0.002
       a = 16.000      CL =  0.4338
      Cm = -0.0503     CD =  4.28288   =>   CDf =  0.00170    CDp =  4.28118

 Side 1  free  transition at x/c =  0.0251   22
 Side 2 forced transition at x/c =  1.0000   72

 155   rms: 0.1675E+02   max: -.2748E+03   T at   85  2   RLX: 0.002
       a = 16.000      CL =  0.4336
      Cm = -0.0501     CD =  3.18218   =>   CDf =  0.00170    CDp =  3.18047

 Side 1  free  transition at x/c =  0.0251   22
 Side 2 forced transition at x/c =  1.0000   72

 156   rms: 0.1029E+02   max: 0.2280E+03   T at   81  2   RLX: 0.006
       a = 16.000      CL =  0.4369
      Cm = -0.0504     CD =  2.87900   =>   CDf =  0.00170    CDp =  2.87730

 Side 1  free  transition at x/c =  0.0251   22
 Side 2 forced transition at x/c =  1.0000   72

 157   rms: 0.2203E+02   max: 0.4249E+03   T at   85  2   RLX: 0.001
       a = 16.000      CL =  0.4380
      Cm = -0.0505     CD =  2.36285   =>   CDf =  0.00171    CDp =  2.36114

 Side 1  free  transition at x/c =  0.0251   22
 Side 2 forced transition at x/c =  1.0000   72

 158   rms: 0.1384E+02   max: -.2312E+03   T at   81  2   RLX: 0.002
       a = 16.000      CL =  0.4377
      Cm = -0.0504     CD =  2.58928   =>   CDf =  0.00171    CDp =  2.58756

 Side 1  free  transition at x/c =  0.0251   22
 Side 2 forced transition at x/c =  1.0000   72

 159   rms: 0.2316E+02   max: -.3377E+03   T at   84  2   RLX: 0.001
       a = 16.000      CL =  0.4387
      Cm = -0.0505     CD =  3.01263   =>   CDf =  0.00172    CDp =  3.01092

 Side 1  free  transition at x/c =  0.0251   22
 Side 2 forced transition at x/c =  1.0000   72

 160   rms: 0.1324E+03   max: -.1196E+04   C at   86  2   RLX: 0.000
       a = 16.000      CL =  0.4393
      Cm = -0.0505     CD =  5.10122   =>   CDf =  0.00172    CDp =  5.09950

 Side 1  free  transition at x/c =  0.0251   22
 Side 2 forced transition at x/c =  1.0000   72

 161   rms: 0.1432E+02   max: -.2799E+03   T at   85  2   RLX: 0.002
       a = 16.000      CL =  0.4389
      Cm = -0.0504     CD =  4.66193   =>   CDf =  0.00172    CDp =  4.66021

 Side 1  free  transition at x/c =  0.0251   22
 Side 2 forced transition at x/c =  1.0000   72

 162   rms: 0.3320E+02   max: 0.7924E+03   T at   85  2   RLX: 0.002
       a = 16.000      CL =  0.4412
      Cm = -0.0507     CD =  5.46092   =>   CDf =  0.00172    CDp =  5.45920

 Side 1  free  transition at x/c =  0.0251   22
 Side 2 forced transition at x/c =  1.0000   72

 163   rms: 0.3489E+02   max: 0.5828E+03   T at   83  2   RLX: 0.002
       a = 16.000      CL =  0.4426
      Cm = -0.0509     CD =  7.20238   =>   CDf =  0.00172    CDp =  7.20065

 Side 1  free  transition at x/c =  0.0251   22
 Side 2 forced transition at x/c =  1.0000   72

 164   rms: 0.1040E+02   max: 0.2020E+03   T at   74  2   RLX: 0.003
       a = 16.000      CL =  0.4426
      Cm = -0.0507     CD =  6.29050   =>   CDf =  0.00173    CDp =  6.28877

 Side 1  free  transition at x/c =  0.0251   22
 Side 2 forced transition at x/c =  1.0000   72

 165   rms: 0.4765E+02   max: -.1051E+04   T at   81  2   RLX: 0.000
       a = 16.000      CL =  0.4423
      Cm = -0.0506     CD =  6.04348   =>   CDf =  0.00173    CDp =  6.04176

 Side 1  free  transition at x/c =  0.0251   22
 Side 2 forced transition at x/c =  1.0000   72

 166   rms: 0.2672E+02   max: 0.6281E+03   T at   81  2   RLX: 0.002
       a = 16.000      CL =  0.4421
      Cm = -0.0505     CD =  5.76627   =>   CDf =  0.00173    CDp =  5.76454

 Side 1  free  transition at x/c =  0.0251   22
 Side 2 forced transition at x/c =  1.0000   72

 167   rms: 0.3261E+02   max: -.5537E+03   T at   81  2   RLX: 0.001
       a = 16.000      CL =  0.4415
      Cm = -0.0504     CD =  4.93211   =>   CDf =  0.00173    CDp =  4.93038

 Side 1  free  transition at x/c =  0.0251   22
 Side 2 forced transition at x/c =  1.0000   72

 168   rms: 0.1118E+03   max: -.1827E+04   T at   85  2   RLX: 0.000
       a = 16.000      CL =  0.4407
      Cm = -0.0503     CD =  4.31377   =>   CDf =  0.00173    CDp =  4.31204

 Side 1  free  transition at x/c =  0.0251   22
 Side 2 forced transition at x/c =  1.0000   72

 169   rms: 0.9514E+02   max: 0.2513E+04   T at   81  2   RLX: 0.001
       a = 16.000      CL =  0.4411
      Cm = -0.0503     CD =  4.65420   =>   CDf =  0.00173    CDp =  4.65247

 Side 1  free  transition at x/c =  0.0251   22
 Side 2 forced transition at x/c =  1.0000   72

 170   rms: 0.3419E+02   max: 0.6361E+03   T at   85  2   RLX: 0.001
       a = 16.000      CL =  0.4418
      Cm = -0.0504     CD =  4.98103   =>   CDf =  0.00173    CDp =  4.97930

 Side 1  free  transition at x/c =  0.0251   22
 Side 2 forced transition at x/c =  1.0000   72

 171   rms: 0.4506E+03   max: 0.1211E+05   T at   81  2   RLX: 0.000
       a = 16.000      CL =  0.4420
      Cm = -0.0504     CD =  5.05627   =>   CDf =  0.00173    CDp =  5.05454

 Side 1  free  transition at x/c =  0.0251   22
 Side 2 forced transition at x/c =  1.0000   72

 172   rms: 0.3786E+02   max: 0.7265E+03   T at   81  2   RLX: 0.002
       a = 16.000      CL =  0.4432
      Cm = -0.0506     CD =  6.80766   =>   CDf =  0.00173    CDp =  6.80593

 Side 1  free  transition at x/c =  0.0252   22
 Side 2 forced transition at x/c =  1.0000   72

 173   rms: 0.3285E+02   max: 0.4716E+03   T at   85  2   RLX: 0.002
       a = 16.000      CL =  0.4458
      Cm = -0.0509     CD =  7.93166   =>   CDf =  0.00173    CDp =  7.92993

 Side 1  free  transition at x/c =  0.0252   22
 Side 2 forced transition at x/c =  1.0000   72

 174   rms: 0.3952E+02   max: 0.4960E+03   T at   85  2   RLX: 0.003
       a = 16.000      CL =  0.4616
      Cm = -0.0529     CD = 27.42816   =>   CDf =  0.00174    CDp = 27.42642

 Side 1  free  transition at x/c =  0.0252   22
 Side 2 forced transition at x/c =  1.0000   72

 175   rms: 0.1303E+03   max: 0.1228E+04   T at   85  2   RLX: 0.001
       a = 16.000      CL =  0.4961
      Cm = -0.0571     CD =134.19125   =>   CDf =  0.00177    CDp =134.18948

 Side 1  free  transition at x/c =  0.0253   22
 Side 2 forced transition at x/c =  1.0000   72

 176   rms: 0.1672E+03   max: 0.2107E+04   T at   87  2   RLX: 0.001
       a = 16.000      CL =  0.4710
      Cm = -0.0529     CD =258.98648   =>   CDf =  0.00184    CDp =258.98465

 MRCHDU: Convergence failed at  87  side 2    Res =  0.3068E+01
 Side 1  free  transition at x/c =  0.0251   22
 Side 2 forced transition at x/c =  1.0000   72

 177   rms: 0.2813E+02   max: -.6179E+03   T at   81  2   RLX: 0.001
       a = 16.000      CL =  0.4758
      Cm = -0.0548     CD =113.17170   =>   CDf =  0.00184    CDp =113.16986

 Side 1  free  transition at x/c =  0.0251   22
 Side 2 forced transition at x/c =  1.0000   72

 178   rms: 0.3825E+02   max: 0.6318E+03   T at   81  2   RLX: 0.001
       a = 16.000      CL =  0.4928
      Cm = -0.0572     CD = 71.39581   =>   CDf =  0.00184    CDp = 71.39397

 Side 1  free  transition at x/c =  0.0251   22
 Side 2 forced transition at x/c =  1.0000   72

 179   rms: 0.2155E+03   max: -.3959E+03   U at   94  2   RLX: 0.000
       a = 16.000      CL =  0.5148
      Cm = -0.0605     CD = 72.95283   =>   CDf =  0.00186    CDp = 72.95097

 Side 1  free  transition at x/c =  0.0252   22
 Side 2 forced transition at x/c =  1.0000   72

 180   rms: 0.1718E+03   max: 0.1669E+04   T at   85  2   RLX: 0.001
       a = 16.000      CL =  0.4935
      Cm = -0.0554     CD =299.13852   =>   CDf =  0.00189    CDp =299.13663

 Side 1  free  transition at x/c =  0.0251   22
 Side 2 forced transition at x/c =  1.0000   72

 181   rms: 0.2091E+03   max: -.2860E+04   T at   75  2   RLX: 0.000
       a = 16.000      CL =  0.5172
      Cm = -0.0604     CD = 75.91096   =>   CDf =  0.00193    CDp = 75.90903

 Side 1  free  transition at x/c =  0.0251   22
 Side 2 forced transition at x/c =  1.0000   72

 182   rms: 0.1277E+03   max: -.1446E+04   T at   84  2   RLX: 0.000
       a = 16.000      CL =  0.5079
      Cm = -0.0581     CD =142.23759   =>   CDf =  0.00194    CDp =142.23566

 Side 1  free  transition at x/c =  0.0251   22
 Side 2 forced transition at x/c =  1.0000   72

 183   rms: 0.3267E+03   max: -.3281E+04   T at   81  2   RLX: 0.000
       a = 16.000      CL =  0.5290
      Cm = -0.0617     CD =246.73669   =>   CDf =  0.00196    CDp =246.73474

 Side 1  free  transition at x/c =  0.0252   22
 Side 2 forced transition at x/c =  1.0000   72

 184   rms: 0.3484E+03   max: -.8149E+03   U at   94  2   RLX: 0.000
       a = 16.000      CL =  0.5568
      Cm = -0.0659     CD =227.00591   =>   CDf =  0.00198    CDp =227.00392

 Side 1  free  transition at x/c =  0.0253   22
 Side 2 forced transition at x/c =  1.0000   72

 185   rms: 0.5382E+02   max: -.9996E+03   T at   84  2   RLX: 0.001
       a = 16.000      CL =  0.5585
      Cm = -0.0664     CD =496.66602   =>   CDf =  0.00200    CDp =496.66400

 Side 1  free  transition at x/c =  0.0253   22
 Side 2 forced transition at x/c =  1.0000   72

 186   rms: 0.6561E+04   max: -.6129E+05   T at   81  2   RLX: 0.000
       a = 16.000      CL =  0.5594
      Cm = -0.0664     CD =*********   =>   CDf =  0.00200    CDp =*********

 Side 1  free  transition at x/c =  0.0253   22
 Side 2 forced transition at x/c =  1.0000   72

 187   rms: 0.2033E+05   max: -.2021E+06   T at   81  2   RLX: 0.000
       a = 16.000      CL =  0.5596
      Cm = -0.0665     CD =*********   =>   CDf =  0.00200    CDp =*********

 Side 1  free  transition at x/c =  0.0253   22
 Side 2 forced transition at x/c =  1.0000   72

 188   rms: 0.3772E+04   max: 0.4242E+05   T at   81  2   RLX: 0.000
       a = 16.000      CL =  0.5581
      Cm = -0.0663     CD =*********   =>   CDf =  0.00201    CDp =*********

 Side 1  free  transition at x/c =  0.0253   22
 Side 2 forced transition at x/c =  1.0000   72

 189   rms: 0.1373E+04   max: -.1411E+05   T at   81  2   RLX: 0.000
       a = 16.000      CL =  0.5622
      Cm = -0.0667     CD =*********   =>   CDf =  0.00200    CDp =*********

 Side 1  free  transition at x/c =  0.0253   22
 Side 2 forced transition at x/c =  1.0000   72

 190   rms: 0.1534E+04   max: 0.1651E+05   T at   81  2   RLX: 0.000
       a = 16.000      CL =  0.5576
      Cm = -0.0662     CD =*********   =>   CDf =  0.00201    CDp =*********

 Side 1  free  transition at x/c =  0.0253   22
 Side 2 forced transition at x/c =  1.0000   72

 191   rms: 0.4731E+05   max: -.4735E+06   T at   81  2   RLX: 0.000
       a = 16.000      CL =  0.5578
      Cm = -0.0662     CD =*********   =>   CDf =  0.00200    CDp =*********

 Side 1  free  transition at x/c =  0.0253   22
 Side 2 forced transition at x/c =  1.0000   72

 192   rms: 0.1787E+05   max: 0.1901E+06   T at   81  2   RLX: 0.000
       a = 16.000      CL =  0.5574
      Cm = -0.0662     CD =*********   =>   CDf =  0.00200    CDp =*********

 Side 1  free  transition at x/c =  0.0253   22
 Side 2 forced transition at x/c =  1.0000   72

 193   rms: 0.2649E+04   max: -.2971E+05   T at   81  2   RLX: 0.000
       a = 16.000      CL =  0.5596
      Cm = -0.0664     CD =*********   =>   CDf =  0.00200    CDp =*********

 Side 1  free  transition at x/c =  0.0253   22
 Side 2 forced transition at x/c =  1.0000   72

 194   rms: 0.7819E+04   max: -.8010E+05   T at   81  2   RLX: 0.000
       a = 16.000      CL =  0.5603
      Cm = -0.0665     CD =*********   =>   CDf =  0.00201    CDp =*********

 Side 1  free  transition at x/c =  0.0253   22
 Side 2 forced transition at x/c =  1.0000   72

 195   rms: 0.6391E+04   max: 0.6560E+05   T at   81  2   RLX: 0.000
       a = 16.000      CL =  0.5594
      Cm = -0.0664     CD =*********   =>   CDf =  0.00201    CDp =*********

 Side 1  free  transition at x/c =  0.0253   22
 Side 2 forced transition at x/c =  1.0000   72

 196   rms: 0.1441E+05   max: -.1468E+06   T at   81  2   RLX: 0.000
       a = 16.000      CL =  0.5597
      Cm = -0.0664     CD =*********   =>   CDf =  0.00201    CDp =*********

 Side 1  free  transition at x/c =  0.0253   22
 Side 2 forced transition at x/c =  1.0000   72

 197   rms: 0.4027E+04   max: 0.4407E+05   T at   81  2   RLX: 0.000
       a = 16.000      CL =  0.5583
      Cm = -0.0663     CD =*********   =>   CDf =  0.00201    CDp =*********

 Side 1  free  transition at x/c =  0.0253   22
 Side 2 forced transition at x/c =  1.0000   72

 198   rms: 0.8222E+03   max: 0.7658E+04   T at   81  2   RLX: 0.000
       a = 16.000      CL =  0.5511
      Cm = -0.0656     CD =*********   =>   CDf =  0.00200    CDp =*********

 Side 1  free  transition at x/c =  0.0253   22
 Side 2 forced transition at x/c =  1.0000   72

 199   rms: 0.1955E+03   max: -.5330E+03   U at   94  2   RLX: 0.000
       a = 16.000      CL =  0.5697
      Cm = -0.0690     CD =*********   =>   CDf =  0.00199    CDp =*********

 Side 1  free  transition at x/c =  0.0254   22
 Side 2 forced transition at x/c =  1.0000   72

 200   rms: 0.2236E+05   max: -.1745E+06   T at   81  2   RLX: 0.000
       a = 16.000      CL =  0.5712
      Cm = -0.0695     CD =*********   =>   CDf =  0.00198    CDp =*********

 Side 1  free  transition at x/c =  0.0254   22
 Side 2 forced transition at x/c =  1.0000   72

 201   rms: 0.6891E+05   max: -.6626E+06   T at   81  2   RLX: 0.000
       a = 16.000      CL =  0.5713
      Cm = -0.0695     CD =*********   =>   CDf =  0.00198    CDp =*********

 Side 1  free  transition at x/c =  0.0254   22
 Side 2 forced transition at x/c =  1.0000   72

 202   rms: 0.3328E+05   max: -.3611E+06   T at   81  2   RLX: 0.000
       a = 16.000      CL =  0.5715
      Cm = -0.0695     CD =*********   =>   CDf =  0.00198    CDp =*********

 Side 1  free  transition at x/c =  0.0254   22
 Side 2 forced transition at x/c =  1.0000   72

 203   rms: 0.1034E+05   max: -.1042E+06   T at   81  2   RLX: 0.000
       a = 16.000      CL =  0.5721
      Cm = -0.0695     CD =*********   =>   CDf =  0.00198    CDp =*********

 Side 1  free  transition at x/c =  0.0254   22
 Side 2 forced transition at x/c =  1.0000   72

 204   rms: 0.4870E+05   max: 0.5775E+06   T at   81  2   RLX: 0.000
       a = 16.000      CL =  0.5720
      Cm = -0.0695     CD =*********   =>   CDf =  0.00199    CDp =*********

 Side 1  free  transition at x/c =  0.0254   22
 Side 2 forced transition at x/c =  1.0000   72

 205   rms: 0.7002E+04   max: 0.7015E+05   T at   81  2   RLX: 0.000
       a = 16.000      CL =  0.5712
      Cm = -0.0695     CD =*********   =>   CDf =  0.00199    CDp =*********

 Side 1  free  transition at x/c =  0.0254   22
 Side 2 forced transition at x/c =  1.0000   72

 206   rms: 0.4729E+05   max: 0.4722E+06   T at   81  2   RLX: 0.000
       a = 16.000      CL =  0.5711
      Cm = -0.0695     CD =*********   =>   CDf =  0.00198    CDp =*********

 Side 1  free  transition at x/c =  0.0254   22
 Side 2 forced transition at x/c =  1.0000   72

 207   rms: 0.2614E+05   max: -.2664E+06   T at   81  2   RLX: 0.000
       a = 16.000      CL =  0.5713
      Cm = -0.0695     CD =*********   =>   CDf =  0.00198    CDp =*********

 Side 1  free  transition at x/c =  0.0254   22
 Side 2 forced transition at x/c =  1.0000   72

 208   rms: 0.7129E+04   max: 0.7496E+05   T at   81  2   RLX: 0.000
       a = 16.000      CL =  0.5705
      Cm = -0.0695     CD =*********   =>   CDf =  0.00198    CDp =*********

 Side 1  free  transition at x/c =  0.0254   22
 Side 2 forced transition at x/c =  1.0000   72

 209   rms: 0.8047E+04   max: -.8199E+05   T at   81  2   RLX: 0.000
       a = 16.000      CL =  0.5713
      Cm = -0.0695     CD =*********   =>   CDf =  0.00198    CDp =*********

 Side 1  free  transition at x/c =  0.0254   22
 Side 2 forced transition at x/c =  1.0000   72

 210   rms: 0.1630E+05   max: -.1574E+06   T at   81  2   RLX: 0.000
       a = 16.000      CL =  0.5717
      Cm = -0.0695     CD =*********   =>   CDf =  0.00198    CDp =*********

 Side 1  free  transition at x/c =  0.0254   22
 Side 2 forced transition at x/c =  1.0000   72

 211   rms: 0.4440E+05   max: 0.4316E+06   T at   81  2   RLX: 0.000
       a = 16.000      CL =  0.5715
      Cm = -0.0695     CD =*********   =>   CDf =  0.00198    CDp =*********

 Side 1  free  transition at x/c =  0.0254   22
 Side 2 forced transition at x/c =  1.0000   72

 212   rms: 0.2649E+05   max: -.2531E+06   T at   81  2   RLX: 0.000
       a = 16.000      CL =  0.5718
      Cm = -0.0695     CD =*********   =>   CDf =  0.00198    CDp =*********

 Side 1  free  transition at x/c =  0.0254   22
 Side 2 forced transition at x/c =  1.0000   72

 213   rms: 0.3610E+05   max: -.3174E+06   T at   81  2   RLX: 0.000
       a = 16.000      CL =  0.5719
      Cm = -0.0695     CD =*********   =>   CDf =  0.00198    CDp =*********

 Side 1  free  transition at x/c =  0.0254   22
 Side 2 forced transition at x/c =  1.0000   72

 214   rms: 0.5895E+05   max: -.4875E+06   T at   81  2   RLX: 0.000
       a = 16.000      CL =  0.5720
      Cm = -0.0695     CD =*********   =>   CDf =  0.00199    CDp =*********

 Side 1  free  transition at x/c =  0.0254   22
 Side 2 forced transition at x/c =  1.0000   72

 215   rms: 0.5714E+05   max: 0.5223E+06   T at   81  2   RLX: 0.000
       a = 16.000      CL =  0.5719
      Cm = -0.0695     CD =*********   =>   CDf =  0.00199    CDp =*********

 Side 1  free  transition at x/c =  0.0254   22
 Side 2 forced transition at x/c =  1.0000   72

 216   rms: 0.4833E+05   max: -.4827E+06   T at   81  2   RLX: 0.000
       a = 16.000      CL =  0.5720
      Cm = -0.0695     CD =*********   =>   CDf =  0.00199    CDp =*********

 Side 1  free  transition at x/c =  0.0254   22
 Side 2 forced transition at x/c =  1.0000   72

 217   rms: 0.1312E+05   max: -.1079E+06   T at   81  2   RLX: 0.000
       a = 16.000      CL =  0.5725
      Cm = -0.0696     CD =*********   =>   CDf =  0.00199    CDp =*********

 Side 1  free  transition at x/c =  0.0254   22
 Side 2 forced transition at x/c =  1.0000   72

 218   rms: 0.3303E+05   max: -.3802E+06   T at   81  2   RLX: 0.000
       a = 16.000      CL =  0.5727
      Cm = -0.0696     CD =*********   =>   CDf =  0.00199    CDp =*********

 Side 1  free  transition at x/c =  0.0254   22
 Side 2 forced transition at x/c =  1.0000   72

 219   rms: 0.1572E+04   max: -.2769E+05   T at   81  2   RLX: 0.000
       a = 16.000      CL =  0.5715
      Cm = -0.0694     CD =*********   =>   CDf =  0.00199    CDp =*********

 Side 1  free  transition at x/c =  0.0254   22
 Side 2 forced transition at x/c =  1.0000   72

 220   rms: 0.1456E+05   max: 0.1331E+06   T at   81  2   RLX: 0.000
       a = 16.000      CL =  0.5709
      Cm = -0.0694     CD =*********   =>   CDf =  0.00199    CDp =*********

 Side 1  free  transition at x/c =  0.0254   22
 Side 2 forced transition at x/c =  1.0000   72

 221   rms: 0.6992E+05   max: -.7428E+06   T at   81  2   RLX: 0.000
       a = 16.000      CL =  0.5710
      Cm = -0.0694     CD =*********   =>   CDf =  0.00199    CDp =*********

 Side 1  free  transition at x/c =  0.0254   22
 Side 2 forced transition at x/c =  1.0000   72

 222   rms: 0.4676E+05   max: 0.5936E+06   T at   81  2   RLX: 0.000
       a = 16.000      CL =  0.5708
      Cm = -0.0694     CD =*********   =>   CDf =  0.00199    CDp =*********

 Side 1  free  transition at x/c =  0.0254   22
 Side 2 forced transition at x/c =  1.0000   72

 223   rms: 0.2033E+04   max: 0.3651E+05   T at   81  2   RLX: 0.000
       a = 16.000      CL =  0.5666
      Cm = -0.0691     CD =*********   =>   CDf =  0.00199    CDp =*********

 Side 1  free  transition at x/c =  0.0254   22
 Side 2 forced transition at x/c =  1.0000   72

 224   rms: 0.6476E+05   max: 0.6076E+06   T at   81  2   RLX: 0.000
       a = 16.000      CL =  0.5664
      Cm = -0.0691     CD =*********   =>   CDf =  0.00197    CDp =*********

 Side 1  free  transition at x/c =  0.0254   22
 Side 2 forced transition at x/c =  1.0000   72

 225   rms: 0.8173E+05   max: 0.1749E+06   U at   94  2   RLX: 0.000
       a = 16.000      CL =  0.5666
      Cm = -0.0691     CD =*********   =>   CDf =  0.00197    CDp =*********

 Side 1  free  transition at x/c =  0.0254   22
 Side 2 forced transition at x/c =  1.0000   72

 226   rms: 0.1175E+06   max: 0.1345E+07   T at   81  2   RLX: 0.000
       a = 16.000      CL =  0.5665
      Cm = -0.0691     CD =*********   =>   CDf =  0.00197    CDp =*********

 Side 1  free  transition at x/c =  0.0254   22
 Side 2 forced transition at x/c =  1.0000   72

 227   rms: 0.2403E+06   max: -.5148E+06   U at   94  2   RLX: 0.000
       a = 16.000      CL =  0.5664
      Cm = -0.0691     CD =*********   =>   CDf =  0.00197    CDp =*********

 Side 1  free  transition at x/c =  0.0254   22
 Side 2 forced transition at x/c =  1.0000   72

 228   rms: 0.1358E+06   max: 0.2927E+06   U at   94  2   RLX: 0.000
       a = 16.000      CL =  0.5665
      Cm = -0.0691     CD =*********   =>   CDf =  0.00197    CDp =*********

 Side 1  free  transition at x/c =  0.0254   22
 Side 2 forced transition at x/c =  1.0000   72

 229   rms: 0.5912E+05   max: 0.6278E+06   T at   81  2   RLX: 0.000
       a = 16.000      CL =  0.5663
      Cm = -0.0691     CD =*********   =>   CDf =  0.00197    CDp =*********

 Side 1  free  transition at x/c =  0.0254   22
 Side 2 forced transition at x/c =  1.0000   72

 230   rms: 0.1307E+06   max: 0.1152E+07   T at   81  2   RLX: 0.000
       a = 16.000      CL =  0.5662
      Cm = -0.0691     CD =*********   =>   CDf =  0.00197    CDp =*********

 Side 1  free  transition at x/c =  0.0254   22
 Side 2 forced transition at x/c =  1.0000   72

 231   rms: 0.9797E+05   max: 0.9813E+06   T at   81  2   RLX: 0.000
       a = 16.000      CL =  0.5661
      Cm = -0.0691     CD =*********   =>   CDf =  0.00197    CDp =*********

 Side 1  free  transition at x/c =  0.0254   22
 Side 2 forced transition at x/c =  1.0000   72

 232   rms: 0.1393E+05   max: 0.1373E+06   T at   81  2   RLX: 0.000
       a = 16.000      CL =  0.5656
      Cm = -0.0691     CD =*********   =>   CDf =  0.00197    CDp =*********

 Side 1  free  transition at x/c =  0.0254   22
 Side 2 forced transition at x/c =  1.0000   72

 233   rms: 0.9595E+05   max: 0.1002E+07   T at   81  2   RLX: 0.000
       a = 16.000      CL =  0.5655
      Cm = -0.0691     CD =*********   =>   CDf =  0.00197    CDp =*********

 Side 1  free  transition at x/c =  0.0254   22
 Side 2 forced transition at x/c =  1.0000   72

 234   rms: 0.9551E+04   max: -.1674E+05   U at   94  2   RLX: 0.000
       a = 16.000      CL =  0.5650
      Cm = -0.0690     CD =*********   =>   CDf =  0.00197    CDp =*********

 Side 1  free  transition at x/c =  0.0254   22
 Side 2 forced transition at x/c =  1.0000   72

 235   rms: 0.1181E+06   max: 0.1033E+07   T at   81  2   RLX: 0.000
       a = 16.000      CL =  0.5650
      Cm = -0.0690     CD =*********   =>   CDf =  0.00197    CDp =*********

 Side 1  free  transition at x/c =  0.0254   22
 Side 2 forced transition at x/c =  1.0000   72

 236   rms: 0.9947E+05   max: -.8302E+06   T at   81  2   RLX: 0.000
       a = 16.000      CL =  0.5650
      Cm = -0.0690     CD =*********   =>   CDf =  0.00197    CDp =*********

 Side 1  free  transition at x/c =  0.0254   22
 Side 2 forced transition at x/c =  1.0000   72

 237   rms: 0.2220E+04   max: 0.3557E+05   T at   84  2   RLX: 0.000
       a = 16.000      CL =  0.5624
      Cm = -0.0688     CD =*********   =>   CDf =  0.00197    CDp =*********

 Side 1  free  transition at x/c =  0.0254   22
 Side 2 forced transition at x/c =  1.0000   72

 238   rms: 0.2887E+05   max: -.6206E+05   U at   94  2   RLX: 0.000
       a = 16.000      CL =  0.5620
      Cm = -0.0688     CD =*********   =>   CDf =  0.00196    CDp =*********

 Side 1  free  transition at x/c =  0.0254   22
 Side 2 forced transition at x/c =  1.0000   72

 239   rms: 0.1567E+05   max: 0.3454E+05   U at   94  2   RLX: 0.000
       a = 16.000      CL =  0.5634
      Cm = -0.0688     CD =*********   =>   CDf =  0.00196    CDp =*********

 Side 1  free  transition at x/c =  0.0254   22
 Side 2 forced transition at x/c =  1.0000   72

 240   rms: 0.1871E+05   max: 0.4582E+05   U at   94  2   RLX: 0.000
       a = 16.000      CL =  0.5638
      Cm = -0.0687     CD =*********   =>   CDf =  0.00197    CDp =*********

 Side 1  free  transition at x/c =  0.0254   22
 Side 2 forced transition at x/c =  1.0000   72

 241   rms: 0.5958E+04   max: 0.1504E+05   U at   94  2   RLX: 0.000
       a = 16.000      CL =  0.5646
      Cm = -0.0685     CD =*********   =>   CDf =  0.00197    CDp =*********

 Side 1  free  transition at x/c =  0.0254   22
 Side 2 forced transition at x/c =  1.0000   72

 242   rms: 0.2987E+05   max: -.7229E+05   U at   94  2   RLX: 0.000
       a = 16.000      CL =  0.5671
      Cm = -0.0689     CD =*********   =>   CDf =  0.00198    CDp =*********

 Side 1  free  transition at x/c =  0.0254   22
 Side 2 forced transition at x/c =  1.0000   72

 243   rms: 0.2093E+05   max: 0.5716E+05   U at   94  2   RLX: 0.000
       a = 16.000      CL =  0.5669
      Cm = -0.0688     CD =*********   =>   CDf =  0.00199    CDp =*********

 Side 1  free  transition at x/c =  0.0254   22
 Side 2 forced transition at x/c =  1.0000   72

 244   rms: 0.1434E+05   max: -.3903E+05   U at   94  2   RLX: 0.000
       a = 16.000      CL =  0.5674
      Cm = -0.0689     CD =*********   =>   CDf =  0.00199    CDp =*********

 Side 1  free  transition at x/c =  0.0254   22
 Side 2 forced transition at x/c =  1.0000   72

 245   rms: 0.5883E+05   max: -.1560E+06   U at   94  2   RLX: 0.000
       a = 16.000      CL =  0.5675
      Cm = -0.0689     CD =*********   =>   CDf =  0.00199    CDp =*********

 Side 1  free  transition at x/c =  0.0254   22
 Side 2 forced transition at x/c =  1.0000   72

 246   rms: 0.2082E+05   max: 0.5584E+05   U at   94  2   RLX: 0.000
       a = 16.000      CL =  0.5674
      Cm = -0.0689     CD =*********   =>   CDf =  0.00199    CDp =*********

 Side 1  free  transition at x/c =  0.0254   22
 Side 2 forced transition at x/c =  1.0000   72

 247   rms: 0.1061E+05   max: 0.2894E+05   U at   94  2   RLX: 0.000
       a = 16.000      CL =  0.5672
      Cm = -0.0688     CD =*********   =>   CDf =  0.00199    CDp =*********

 Side 1  free  transition at x/c =  0.0254   22
 Side 2 forced transition at x/c =  1.0000   72

 248   rms: 0.2351E+04   max: -.3582E+05   T at   81  2   RLX: 0.000
       a = 16.000      CL =  0.5724
      Cm = -0.0694     CD =*********   =>   CDf =  0.00199    CDp =*********

 Side 1  free  transition at x/c =  0.0254   22
 Side 2 forced transition at x/c =  1.0000   72

 249   rms: 0.2240E+05   max: -.2208E+06   T at   81  2   RLX: 0.000
       a = 16.000      CL =  0.5733
      Cm = -0.0694     CD =*********   =>   CDf =  0.00200    CDp =*********

 Side 1  free  transition at x/c =  0.0254   22
 Side 2 forced transition at x/c =  1.0000   72

 250   rms: 0.1720E+05   max: 0.1734E+06   T at   81  2   RLX: 0.000
       a = 16.000      CL =  0.5731
      Cm = -0.0694     CD =*********   =>   CDf =  0.00200    CDp =*********

 Side 1  free  transition at x/c =  0.0254   22
 Side 2 forced transition at x/c =  1.0000   72

 251   rms: 0.1739E+05   max: 0.1954E+06   T at   81  2   RLX: 0.000
       a = 16.000      CL =  0.5705
      Cm = -0.0696     CD =*********   =>   CDf =  0.00200    CDp =*********

 Side 1  free  transition at x/c =  0.0254   22
 Side 2 forced transition at x/c =  1.0000   72

 252   rms: 0.1641E+05   max: 0.2319E+06   T at   81  2   RLX: 0.000
       a = 16.000      CL =  0.5703
      Cm = -0.0696     CD =*********   =>   CDf =  0.00198    CDp =*********

 Side 1  free  transition at x/c =  0.0254   22
 Side 2 forced transition at x/c =  1.0000   72

 253   rms: 0.4155E+05   max: 0.5693E+06   T at   81  2   RLX: 0.000
       a = 16.000      CL =  0.5701
      Cm = -0.0696     CD =*********   =>   CDf =  0.00198    CDp =*********

 Side 1  free  transition at x/c =  0.0254   22
 Side 2 forced transition at x/c =  1.0000   72

 254   rms: 0.5447E+05   max: -.7348E+06   T at   81  2   RLX: 0.000
       a = 16.000      CL =  0.5703
      Cm = -0.0696     CD =*********   =>   CDf =  0.00198    CDp =*********

 Side 1  free  transition at x/c =  0.0254   22
 Side 2 forced transition at x/c =  1.0000   72

 255   rms: 0.7806E+05   max: 0.9087E+06   T at   81  2   RLX: 0.000
       a = 16.000      CL =  0.5702
      Cm = -0.0696     CD =*********   =>   CDf =  0.00198    CDp =*********

 Side 1  free  transition at x/c =  0.0254   22
 Side 2 forced transition at x/c =  1.0000   72

 256   rms: 0.1207E+06   max: 0.1512E+07   T at   81  2   RLX: 0.000
       a = 16.000      CL =  0.5701
      Cm = -0.0696     CD =*********   =>   CDf =  0.00198    CDp =*********

 Side 1  free  transition at x/c =  0.0254   22
 Side 2 forced transition at x/c =  1.0000   72

 257   rms: 0.9532E+04   max: 0.8422E+05   T at   81  2   RLX: 0.000
       a = 16.000      CL =  0.5696
      Cm = -0.0696     CD =*********   =>   CDf =  0.00198    CDp =*********

 Side 1  free  transition at x/c =  0.0254   22
 Side 2 forced transition at x/c =  1.0000   72

 258   rms: 0.3056E+05   max: -.3008E+06   T at   81  2   RLX: 0.000
       a = 16.000      CL =  0.5698
      Cm = -0.0696     CD =*********   =>   CDf =  0.00197    CDp =*********

 Side 1  free  transition at x/c =  0.0254   22
 Side 2 forced transition at x/c =  1.0000   72

 259   rms: 0.5199E+05   max: 0.5538E+06   T at   81  2   RLX: 0.000
       a = 16.000      CL =  0.5697
      Cm = -0.0696     CD =*********   =>   CDf =  0.00198    CDp =*********

 Side 1  free  transition at x/c =  0.0254   22
 Side 2 forced transition at x/c =  1.0000   72

 260   rms: 0.9187E+05   max: -.1067E+07   T at   81  2   RLX: 0.000
       a = 16.000      CL =  0.5697
      Cm = -0.0696     CD =*********   =>   CDf =  0.00198    CDp =*********

 Side 1  free  transition at x/c =  0.0254   22
 Side 2 forced transition at x/c =  1.0000   72

 261   rms: 0.3146E+05   max: -.2899E+06   T at   81  2   RLX: 0.000
       a = 16.000      CL =  0.5699
      Cm = -0.0696     CD =*********   =>   CDf =  0.00198    CDp =*********

 Side 1  free  transition at x/c =  0.0254   22
 Side 2 forced transition at x/c =  1.0000   72

 262   rms: 0.3337E+05   max: -.4330E+06   T at   81  2   RLX: 0.000
       a = 16.000      CL =  0.5701
      Cm = -0.0696     CD =*********   =>   CDf =  0.00198    CDp =*********

 Side 1  free  transition at x/c =  0.0254   22
 Side 2 forced transition at x/c =  1.0000   72

 263   rms: 0.5509E+05   max: -.5776E+06   T at   81  2   RLX: 0.000
       a = 16.000      CL =  0.5702
      Cm = -0.0696     CD =*********   =>   CDf =  0.00198    CDp =*********

 Side 1  free  transition at x/c =  0.0254   22
 Side 2 forced transition at x/c =  1.0000   72

 264   rms: 0.1181E+06   max: 0.1468E+07   T at   81  2   RLX: 0.000
       a = 16.000      CL =  0.5702
      Cm = -0.0696     CD =*********   =>   CDf =  0.00198    CDp =*********

 Side 1  free  transition at x/c =  0.0254   22
 Side 2 forced transition at x/c =  1.0000   72

 265   rms: 0.2729E+05   max: -.2620E+06   T at   81  2   RLX: 0.000
       a = 16.000      CL =  0.5704
      Cm = -0.0696     CD =*********   =>   CDf =  0.00198    CDp =*********

 Side 1  free  transition at x/c =  0.0254   22
 Side 2 forced transition at x/c =  1.0000   72

 266   rms: 0.1755E+05   max: 0.1353E+06   T at   81  2   RLX: 0.000
       a = 16.000      CL =  0.5701
      Cm = -0.0696     CD =*********   =>   CDf =  0.00198    CDp =*********

 Side 1  free  transition at x/c =  0.0254   22
 Side 2 forced transition at x/c =  1.0000   72

 267   rms: 0.5068E+04   max: -.7338E+04   U at   94  2   RLX: 0.000
       a = 16.000      CL =  0.5692
      Cm = -0.0695     CD =*********   =>   CDf =  0.00198    CDp =*********

 Side 1  free  transition at x/c =  0.0254   22
 Side 2 forced transition at x/c =  1.0000   72

 268   rms: 0.7588E+05   max: -.8939E+06   T at   81  2   RLX: 0.000
       a = 16.000      CL =  0.5692
      Cm = -0.0695     CD =*********   =>   CDf =  0.00197    CDp =*********

 Side 1  free  transition at x/c =  0.0254   22
 Side 2 forced transition at x/c =  1.0000   72

 269   rms: 0.1197E+06   max: 0.1077E+07   T at   81  2   RLX: 0.000
       a = 16.000      CL =  0.5692
      Cm = -0.0695     CD =*********   =>   CDf =  0.00197    CDp =*********

 Side 1  free  transition at x/c =  0.0254   22
 Side 2 forced transition at x/c =  1.0000   72

 270   rms: 0.5112E+05   max: 0.5332E+06   T at   81  2   RLX: 0.000
       a = 16.000      CL =  0.5691
      Cm = -0.0695     CD =*********   =>   CDf =  0.00197    CDp =*********

 Side 1  free  transition at x/c =  0.0254   22
 Side 2 forced transition at x/c =  1.0000   72

 271   rms: 0.1760E+05   max: 0.2486E+06   T at   81  2   RLX: 0.000
       a = 16.000      CL =  0.5687
      Cm = -0.0695     CD =*********   =>   CDf =  0.00197    CDp =*********

 Side 1  free  transition at x/c =  0.0254   22
 Side 2 forced transition at x/c =  1.0000   72

 272   rms: 0.5034E+05   max: -.5265E+06   T at   81  2   RLX: 0.000
       a = 16.000      CL =  0.5689
      Cm = -0.0695     CD =*********   =>   CDf =  0.00197    CDp =*********

 Side 1  free  transition at x/c =  0.0254   22
 Side 2 forced transition at x/c =  1.0000   72

 273   rms: 0.9195E+05   max: 0.1047E+07   T at   81  2   RLX: 0.000
       a = 16.000      CL =  0.5688
      Cm = -0.0695     CD =*********   =>   CDf =  0.00197    CDp =*********

 Side 1  free  transition at x/c =  0.0254   22
 Side 2 forced transition at x/c =  1.0000   72

 274   rms: 0.1444E+05   max: -.1427E+06   T at   81  2   RLX: 0.000
       a = 16.000      CL =  0.5692
      Cm = -0.0695     CD =*********   =>   CDf =  0.00197    CDp =*********

 Side 1  free  transition at x/c =  0.0254   22
 Side 2 forced transition at x/c =  1.0000   72

 275   rms: 0.1217E+06   max: -.1492E+07   T at   81  2   RLX: 0.000
       a = 16.000      CL =  0.5693
      Cm = -0.0695     CD =*********   =>   CDf =  0.00197    CDp =*********

 Side 1  free  transition at x/c =  0.0254   22
 Side 2 forced transition at x/c =  1.0000   72

 276   rms: 0.4519E+04   max: 0.3228E+05   T at   81  2   RLX: 0.000
       a = 16.000      CL =  0.5683
      Cm = -0.0695     CD =*********   =>   CDf =  0.00197    CDp =*********

 Side 1  free  transition at x/c =  0.0254   22
 Side 2 forced transition at x/c =  1.0000   72

 277   rms: 0.2405E+06   max: -.3123E+07   T at   81  2   RLX: 0.000
       a = 16.000      CL =  0.5683
      Cm = -0.0695     CD =*********   =>   CDf =  0.00197    CDp =*********

 Side 1  free  transition at x/c =  0.0254   22
 Side 2 forced transition at x/c =  1.0000   72

 278   rms: 0.6074E+05   max: 0.7338E+06   T at   81  2   RLX: 0.000
       a = 16.000      CL =  0.5682
      Cm = -0.0695     CD =*********   =>   CDf =  0.00197    CDp =*********

 Side 1  free  transition at x/c =  0.0254   22
 Side 2 forced transition at x/c =  1.0000   72

 279   rms: 0.2106E+06   max: -.2526E+07   T at   81  2   RLX: 0.000
       a = 16.000      CL =  0.5682
      Cm = -0.0695     CD =*********   =>   CDf =  0.00197    CDp =*********

 Side 1  free  transition at x/c =  0.0254   22
 Side 2 forced transition at x/c =  1.0000   72

 280   rms: 0.4511E+05   max: -.4255E+06   T at   81  2   RLX: 0.000
       a = 16.000      CL =  0.5683
      Cm = -0.0695     CD =*********   =>   CDf =  0.00197    CDp =*********

 Side 1  free  transition at x/c =  0.0254   22
 Side 2 forced transition at x/c =  1.0000   72

 281   rms: 0.2597E+05   max: 0.2896E+06   T at   81  2   RLX: 0.000
       a = 16.000      CL =  0.5681
      Cm = -0.0695     CD =*********   =>   CDf =  0.00197    CDp =*********

 Side 1  free  transition at x/c =  0.0254   22
 Side 2 forced transition at x/c =  1.0000   72

 282   rms: 0.7907E+05   max: 0.1033E+07   T at   81  2   RLX: 0.000
       a = 16.000      CL =  0.5681
      Cm = -0.0695     CD =*********   =>   CDf =  0.00197    CDp =*********

 Side 1  free  transition at x/c =  0.0254   22
 Side 2 forced transition at x/c =  1.0000   72

 283   rms: 0.1570E+06   max: -.1858E+07   T at   81  2   RLX: 0.000
       a = 16.000      CL =  0.5681
      Cm = -0.0695     CD =*********   =>   CDf =  0.00197    CDp =*********

 Side 1  free  transition at x/c =  0.0254   22
 Side 2 forced transition at x/c =  1.0000   72

 284   rms: 0.1389E+06   max: -.1555E+07   T at   81  2   RLX: 0.000
       a = 16.000      CL =  0.5681
      Cm = -0.0695     CD =*********   =>   CDf =  0.00197    CDp =*********

 Side 1  free  transition at x/c =  0.0254   22
 Side 2 forced transition at x/c =  1.0000   72

 285   rms: 0.2787E+05   max: 0.3106E+06   T at   81  2   RLX: 0.000
       a = 16.000      CL =  0.5679
      Cm = -0.0695     CD =*********   =>   CDf =  0.00197    CDp =*********

 Side 1  free  transition at x/c =  0.0254   22
 Side 2 forced transition at x/c =  1.0000   72

 286   rms: 0.5236E+05   max: -.5102E+06   T at   81  2   RLX: 0.000
       a = 16.000      CL =  0.5680
      Cm = -0.0695     CD =*********   =>   CDf =  0.00197    CDp =*********

 Side 1  free  transition at x/c =  0.0254   22
 Side 2 forced transition at x/c =  1.0000   72

 287   rms: 0.7954E+05   max: -.1013E+07   T at   81  2   RLX: 0.000
       a = 16.000      CL =  0.5681
      Cm = -0.0695     CD =*********   =>   CDf =  0.00197    CDp =*********

 Side 1  free  transition at x/c =  0.0254   22
 Side 2 forced transition at x/c =  1.0000   72

 288   rms: 0.3663E+05   max: -.4358E+06   T at   81  2   RLX: 0.000
       a = 16.000      CL =  0.5683
      Cm = -0.0695     CD =*********   =>   CDf =  0.00197    CDp =*********

 Side 1  free  transition at x/c =  0.0254   22
 Side 2 forced transition at x/c =  1.0000   72

 289   rms: 0.9385E+05   max: 0.1167E+07   T at   81  2   RLX: 0.000
       a = 16.000      CL =  0.5682
      Cm = -0.0695     CD =*********   =>   CDf =  0.00197    CDp =*********

 Side 1  free  transition at x/c =  0.0254   22
 Side 2 forced transition at x/c =  1.0000   72

 290   rms: 0.2352E+04   max: 0.4385E+05   T at   84  2   RLX: 0.000
       a = 16.000      CL =  0.5617
      Cm = -0.0688     CD =*********   =>   CDf =  0.00197    CDp =*********

 Side 1  free  transition at x/c =  0.0254   22
 Side 2 forced transition at x/c =  1.0000   72

 291   rms: 0.5020E+03   max: -.1314E+04   U at   94  2   RLX: 0.000
       a = 16.000      CL =  0.5674
      Cm = -0.0700     CD =842.61560   =>   CDf =  0.00196    CDp =842.61365

 MRCHDU: Convergence failed at  90  side 2    Res =  0.2390E+00
 MRCHDU: Convergence failed at  91  side 2    Res =  0.1957E+00
 Side 1  free  transition at x/c =  0.0255   22
 Side 2 forced transition at x/c =  1.0000   72

 292   rms: 0.1511E+03   max: -.1851E+04   T at   84  2   RLX: 0.000
       a = 16.000      CL =  0.5646
      Cm = -0.0700     CD =*********   =>   CDf =  0.00195    CDp =*********

 Side 1  free  transition at x/c =  0.0255   22
 Side 2 forced transition at x/c =  1.0000   72

 293   rms: 0.4224E+04   max: -.3984E+05   T at   85  2   RLX: 0.000
       a = 16.000      CL =  0.5662
      Cm = -0.0703     CD =*********   =>   CDf =  0.00194    CDp =*********

 Side 1  free  transition at x/c =  0.0255   22
 Side 2 forced transition at x/c =  1.0000   72

 294   rms: 0.2255E+05   max: -.2072E+06   T at   85  2   RLX: 0.000
       a = 16.000      CL =  0.5651
      Cm = -0.0703     CD =*********   =>   CDf =  0.00193    CDp =*********

 Side 1  free  transition at x/c =  0.0255   22
 Side 2 forced transition at x/c =  1.0000   72

 295   rms: 0.4853E+05   max: 0.4645E+06   T at   81  2   RLX: 0.000
       a = 16.000      CL =  0.5651
      Cm = -0.0703     CD =*********   =>   CDf =  0.00193    CDp =*********

 Side 1  free  transition at x/c =  0.0255   22
 Side 2 forced transition at x/c =  1.0000   72

 296   rms: 0.1779E+06   max: -.2050E+07   T at   81  2   RLX: 0.000
       a = 16.000      CL =  0.5651
      Cm = -0.0703     CD =*********   =>   CDf =  0.00193    CDp =*********

 Side 1  free  transition at x/c =  0.0255   22
 Side 2 forced transition at x/c =  1.0000   72

 297   rms: 0.7834E+05   max: -.8240E+06   T at   81  2   RLX: 0.000
       a = 16.000      CL =  0.5651
      Cm = -0.0703     CD =*********   =>   CDf =  0.00193    CDp =*********

 Side 1  free  transition at x/c =  0.0255   22
 Side 2 forced transition at x/c =  1.0000   72

 298   rms: 0.6368E+05   max: 0.6599E+06   T at   81  2   RLX: 0.000
       a = 16.000      CL =  0.5651
      Cm = -0.0703     CD =*********   =>   CDf =  0.00193    CDp =*********

 Side 1  free  transition at x/c =  0.0255   22
 Side 2 forced transition at x/c =  1.0000   72

 299   rms: 0.4762E+06   max: 0.4937E+07   T at   81  2   RLX: 0.000
       a = 16.000      CL =  0.5651
      Cm = -0.0703     CD =*********   =>   CDf =  0.00193    CDp =*********

 Side 1  free  transition at x/c =  0.0255   22
 Side 2 forced transition at x/c =  1.0000   72

 300   rms: 0.2034E+06   max: -.2348E+07   T at   81  2   RLX: 0.000
       a = 16.000      CL =  0.5651
      Cm = -0.0703     CD =*********   =>   CDf =  0.00193    CDp =*********

 Side 1  free  transition at x/c =  0.0255   22
 Side 2 forced transition at x/c =  1.0000   72

 301   rms: 0.5199E+05   max: -.5890E+06   T at   81  2   RLX: 0.000
       a = 16.000      CL =  0.5652
      Cm = -0.0703     CD =*********   =>   CDf =  0.00193    CDp =*********

 Side 1  free  transition at x/c =  0.0255   22
 Side 2 forced transition at x/c =  1.0000   72

 302   rms: 0.4586E+05   max: 0.4580E+06   T at   81  2   RLX: 0.000
       a = 16.000      CL =  0.5651
      Cm = -0.0703     CD =*********   =>   CDf =  0.00193    CDp =*********

 Side 1  free  transition at x/c =  0.0255   22
 Side 2 forced transition at x/c =  1.0000   72

 303   rms: 0.1935E+05   max: 0.2147E+06   T at   81  2   RLX: 0.000
       a = 16.000      CL =  0.5649
      Cm = -0.0703     CD =*********   =>   CDf =  0.00193    CDp =*********

 Side 1  free  transition at x/c =  0.0255   22
 Side 2 forced transition at x/c =  1.0000   72

 304   rms: 0.2444E+06   max: -.2832E+07   T at   81  2   RLX: 0.000
       a = 16.000      CL =  0.5649
      Cm = -0.0703     CD =*********   =>   CDf =  0.00193    CDp =*********

 Side 1  free  transition at x/c =  0.0255   22
 Side 2 forced transition at x/c =  1.0000   72

 305   rms: 0.1430E+06   max: 0.1680E+07   T at   81  2   RLX: 0.000
       a = 16.000      CL =  0.5649
      Cm = -0.0703     CD =*********   =>   CDf =  0.00193    CDp =*********
 VISCAL:  Convergence failed

.OPERva   c>  
 Polar accumulation disabled

.OPERv   c>  
 XFOIL   c>  
 XFOIL   c>  