
 ===================================================
  XFOIL Version 6.99
  Copyright (C) 2000   Mark Drela, Harold Youngren

  This software comes with ABSOLUTELY NO WARRANTY,
    subject to the GNU General Public License.

  Caveat computor
 ===================================================

 File  xfoil.def  not found

   QUIT    Exit program

  .OPER    Direct operating point(s)
  .MDES    Complex mapping design routine
  .QDES    Surface speed design routine
  .GDES    Geometry design routine

   SAVE f  Write airfoil to labeled coordinate file
   PSAV f  Write airfoil to plain coordinate file
   ISAV f  Write airfoil to ISES coordinate file
   MSAV f  Write airfoil to MSES coordinate file
   REVE    Reverse written-airfoil node ordering

   LOAD f  Read buffer airfoil from coordinate file
   NACA i  Set NACA 4,5-digit airfoil and buffer airfoil
   INTE    Set buffer airfoil by interpolating two airfoils
   NORM    Buffer airfoil normalization toggle
   XYCM rr Change CM reference location, currently  0.25000 0.00000

   BEND    Display structural properties of current airfoil

   PCOP    Set current-airfoil panel nodes directly from buffer airfoil points
   PANE    Set current-airfoil panel nodes ( 160 ) based on curvature
  .PPAR    Show/change paneling

  .PLOP    Plotting options

   WDEF f  Write  current-settings file
   RDEF f  Reread current-settings file
   NAME s  Specify new airfoil name
   NINC    Increment name version number

   Z       Zoom    | (available in all menus)
   U       Unzoom  | 

 XFOIL   c>  
 Labeled airfoil file.  Name:  FX 76-MP-140                                    

 Number of input coordinate points:  97
 Counterclockwise ordering
 Max thickness =     0.141089  at x =   0.339
 Max camber    =     0.070741  at x =   0.467

  LE  x,y  =  -0.00002   0.00088  |   Chord =   1.00002
  TE  x,y  =   1.00000   0.00000  |

 Current airfoil nodes set from buffer airfoil nodes (  97 )

 XFOIL   c>  
 XFOIL   c>  
 Sharp trailing edge

 Paneling parameters used...
   Number of panel nodes       160
   Panel bunching parameter    1.000
   TE/LE panel density ratio   0.150
   Refined-area/LE panel density ratio    0.200
   Top    side refined area x/c limits  1.000 1.000
   Bottom side refined area x/c limits  1.000 1.000

 XFOIL   c>  
.OPERi   c>  
 Xtr/c     =  1.0000    top    side
 Xtr/c     =  1.0000    bottom side
 Ncrit     =    9.00   ( 0.070 % turb. level )
 Vacc      =  0.0100

 Klag  =  5.6000     Uxwt  =    1.00
 A     =  6.7000     B     =  0.7500       KCt = 0.01485
 CtiniK=  1.8000     CtiniX=  3.3000

..VPAR   c>  
..VPAR   c>  
.OPERi   c>  
 M  =    0.0000
 Re =    150000

.OPERv   c>  
.OPERv   c>  
.OPERv   c>  
 Polar  1 newly created for accumulation
 Airfoil archived with polar: FX 76-MP-140                                    

Enter  polar save filename  OR  <return> for no file   s>  
 New polar save file available

Enter  polar dump filename  OR  <return> for no file   s>  
 Polar dump file will NOT be written

 Polar accumulation enabled

.OPERva   c>   Calculating unit vorticity distributions ...
 Calculating wake trajectory ...
 Calculating source influence matrix ...

 Solving BL system ...

 Initializing BL ...
    side            1  ...
 MRCHUE: Inverse mode at  55     Hk =   4.059
 MRCHUE: Inverse mode at  56     Hk =   4.457
 MRCHUE: Inverse mode at  57     Hk =   4.850
 MRCHUE: Inverse mode at  58     Hk =   5.239
 MRCHUE: Inverse mode at  59     Hk =   5.625
 MRCHUE: Inverse mode at  60     Hk =   6.015
 MRCHUE: Inverse mode at  61     Hk =   6.409
 MRCHUE: Inverse mode at  62     Hk =   6.805
 MRCHUE: Inverse mode at  63     Hk =   7.201
 MRCHUE: Inverse mode at  64     Hk =   7.597
 MRCHUE: Inverse mode at  65     Hk =   7.992
 MRCHUE: Inverse mode at  66     Hk =   8.383
 MRCHUE: Inverse mode at  67     Hk =   8.770
 MRCHUE: Inverse mode at  68     Hk =   9.152
 MRCHUE: Inverse mode at  69     Hk =   9.527
 MRCHUE: Inverse mode at  70     Hk =   9.887
 MRCHUE: Inverse mode at  71     Hk =   8.136
 MRCHUE: Inverse mode at  72     Hk =   7.075
 MRCHUE: Inverse mode at  73     Hk =   6.326
 MRCHUE: Inverse mode at  74     Hk =   5.774
 MRCHUE: Inverse mode at  75     Hk =   5.359
 MRCHUE: Inverse mode at  76     Hk =   5.035
 MRCHUE: Inverse mode at  77     Hk =   4.778
 MRCHUE: Inverse mode at  78     Hk =   4.626
    side            2  ...
 MRCHUE: Inverse mode at  22     Hk =   3.800
 MRCHUE: Inverse mode at  23     Hk =   4.294
 MRCHUE: Inverse mode at  24     Hk =   4.809
 MRCHUE: Inverse mode at  25     Hk =   5.350
 MRCHUE: Inverse mode at  26     Hk =   5.927
 MRCHUE: Inverse mode at  27     Hk =   6.556
 MRCHUE: Inverse mode at  28     Hk =   7.248
 MRCHUE: Inverse mode at  29     Hk =   7.993
 MRCHUE: Inverse mode at  30     Hk =   8.787
 MRCHUE: Inverse mode at  31     Hk =   9.622
 MRCHUE: Inverse mode at  32     Hk =   9.632
 MRCHUE: Inverse mode at  33     Hk =   5.777
 MRCHUE: Inverse mode at  34     Hk =   3.965
 MRCHUE: Inverse mode at  35     Hk =   2.742
 MRCHUE: Inverse mode at  36     Hk =   2.500
 MRCHUE: Inverse mode at  37     Hk =   2.500
 MRCHUE: Convergence failed at  84  side 2    Res =  0.9234E+00

 Side 1  free  transition at x/c =  0.9104   71
 Side 2  free  transition at x/c =  0.1299   32

   1   rms: 0.4301E+00   max: 0.2144E+01   T at   71  1   RLX: 0.478
       a = -4.000      CL =  0.6848
      Cm = -0.2869     CD =  0.01187   =>   CDf =  0.00733    CDp =  0.00454

 MRCHDU: Convergence failed at  72  side 1    Res =  0.5145E+01
 MRCHDU: Convergence failed at  73  side 1    Res =  0.6668E+02
 MRCHDU: Convergence failed at  74  side 1    Res =  0.1728E+02
 MRCHDU: Convergence failed at  75  side 1    Res =  0.1140E+02
 MRCHDU: Convergence failed at  76  side 1    Res =  0.1004E+02
 MRCHDU: Convergence failed at  77  side 1    Res =  0.9682E+01
 MRCHDU: Convergence failed at  78  side 1    Res =  0.1273E+02
 MRCHDU: Convergence failed at  79  side 1    Res =  0.1104E+02
 Side 1  free  transition at x/c =  0.8879   70
 Side 2  free  transition at x/c =  0.1234   31
 idif Ue xi dudx           1  0.21412796      5.15806675E-03   41.513218    
 Uenew xinew           2  0.10672993      2.57098675E-03

   2   rms: 0.7428E+00   max: 0.4145E+01   T at   31  2   RLX: 0.348
       a = -4.000      CL =  0.4834
      Cm = -0.2518     CD =  0.01053   =>   CDf =  0.00775    CDp =  0.00278

 MRCHDU: Convergence failed at  32  side 2    Res =  0.2940E+02
 MRCHDU: Convergence failed at  33  side 2    Res =  0.3197E+02
 MRCHDU: Convergence failed at  34  side 2    Res =  0.1792E+02
 MRCHDU: Convergence failed at  35  side 2    Res =  0.6960E+03
 MRCHDU: Convergence failed at  36  side 2    Res =  0.1983E+03
 MRCHDU: Convergence failed at  37  side 2    Res =  0.5464E+02
 MRCHDU: Convergence failed at  38  side 2    Res =  0.4215E+02
 MRCHDU: Convergence failed at  39  side 2    Res =  0.4289E+02
 MRCHDU: Convergence failed at  40  side 2    Res =  0.7159E+02
 MRCHDU: Convergence failed at  41  side 2    Res =  0.6902E+02
 MRCHDU: Convergence failed at  42  side 2    Res =  0.7216E+02
 MRCHDU: Convergence failed at  43  side 2    Res =  0.6769E+02
 MRCHDU: Convergence failed at  44  side 2    Res =  0.7045E+02
 MRCHDU: Convergence failed at  45  side 2    Res =  0.1094E+03
 MRCHDU: Convergence failed at  46  side 2    Res =  0.1228E+03
 MRCHDU: Convergence failed at  47  side 2    Res =  0.1520E+03
 MRCHDU: Convergence failed at  48  side 2    Res =  0.2287E+03
 MRCHDU: Convergence failed at  49  side 2    Res =  0.2418E+04
 MRCHDU: Convergence failed at  50  side 2    Res =  0.1178E+04
 MRCHDU: Convergence failed at  51  side 2    Res =  0.3802E+03
 MRCHDU: Convergence failed at  52  side 2    Res =  0.2289E+03
 MRCHDU: Convergence failed at  53  side 2    Res =  0.2595E+03
 MRCHDU: Convergence failed at  54  side 2    Res =  0.2728E+03
 MRCHDU: Convergence failed at  55  side 2    Res =  0.2092E+03
 MRCHDU: Convergence failed at  56  side 2    Res =  0.2890E+03
 MRCHDU: Convergence failed at  57  side 2    Res =  0.4706E+03
 MRCHDU: Convergence failed at  58  side 2    Res =  0.4192E+04
 MRCHDU: Convergence failed at  59  side 2    Res =  0.1424E+05
 MRCHDU: Convergence failed at  60  side 2    Res =  0.4733E+03
 MRCHDU: Convergence failed at  61  side 2    Res =  0.1948E+03
 MRCHDU: Convergence failed at  62  side 2    Res =  0.1359E+03
 MRCHDU: Convergence failed at  63  side 2    Res =  0.4439E+02
 MRCHDU: Convergence failed at  64  side 2    Res =  0.3911E+02
 MRCHDU: Convergence failed at  65  side 2    Res =  0.3594E+02
 MRCHDU: Convergence failed at  66  side 2    Res =  0.3937E+02
 MRCHDU: Convergence failed at  67  side 2    Res =  0.4617E+02
 MRCHDU: Convergence failed at  68  side 2    Res =  0.5083E+02
 MRCHDU: Convergence failed at  69  side 2    Res =  0.4454E+02
 MRCHDU: Convergence failed at  70  side 2    Res =  0.6326E+02
 MRCHDU: Convergence failed at  71  side 2    Res =  0.5842E+02
 MRCHDU: Convergence failed at  72  side 2    Res =  0.7354E+02
 MRCHDU: Convergence failed at  73  side 2    Res =  0.7145E+02
 MRCHDU: Convergence failed at  74  side 2    Res =  0.7288E+02
 MRCHDU: Convergence failed at  75  side 2    Res =  0.5670E+02
 MRCHDU: Convergence failed at  76  side 2    Res =  0.5820E+02
 MRCHDU: Convergence failed at  77  side 2    Res =  0.5173E+02
 MRCHDU: Convergence failed at  78  side 2    Res =  0.5377E+02
 MRCHDU: Convergence failed at  79  side 2    Res =  0.5477E+02
 MRCHDU: Convergence failed at  80  side 2    Res =  0.5238E+02
 MRCHDU: Convergence failed at  81  side 2    Res =  0.3873E+02
 MRCHDU: Convergence failed at  82  side 2    Res =  0.4261E+02
 MRCHDU: Convergence failed at  83  side 2    Res =  0.3679E+02
 MRCHDU: Convergence failed at  84  side 2    Res =  0.3730E+02
 MRCHDU: Convergence failed at  86  side 2    Res =  0.1707E+02
 Side 1  free  transition at x/c =  0.8548   67
 Side 2  free  transition at x/c =  0.1012   31
 idif Ue xi dudx           1  0.11719222      3.00168991E-03   39.042084    
 Uenew xinew           2  8.72658566E-03  2.23517418E-04

   3   rms: 0.6652E+00   max: 0.4638E+01   T at   31  2   RLX: 0.323
       a = -4.000      CL = -0.1611
      Cm = -0.0125     CD =  0.01802   =>   CDf =  0.00481    CDp =  0.01321

 MRCHDU: Convergence failed at  32  side 2    Res =  0.6930E+02
 MRCHDU: Convergence failed at  33  side 2    Res =  0.9502E+01
 MRCHDU: Convergence failed at  90  side 2    Res =  0.4784E+01
 MRCHDU: Convergence failed at  91  side 2    Res =  0.1415E+01
 Side 1  free  transition at x/c =  0.8457   66
 Side 2  free  transition at x/c =  0.0963   31

   4   rms: 0.3295E+00   max: 0.1315E+01   T at   31  2   RLX: 0.683
       a = -4.000      CL =  0.1878
      Cm = -0.1275     CD =  0.06665   =>   CDf =  0.00478    CDp =  0.06186

 Side 1  free  transition at x/c =  0.8376   66
 Side 2  free  transition at x/c =  0.1187   32

   5   rms: 0.4358E+00   max: -.2521E+01   T at   32  2   RLX: 0.198
       a = -4.000      CL =  0.3130
      Cm = -0.1574     CD =  0.06603   =>   CDf =  0.00457    CDp =  0.06146

 Side 1  free  transition at x/c =  0.8469   67
 Side 2  free  transition at x/c =  0.1280   32

   6   rms: 0.6099E+00   max: -.6005E+01   T at   32  2   RLX: 0.083
       a = -4.000      CL =  0.2924
      Cm = -0.1565     CD =  0.06807   =>   CDf =  0.00473    CDp =  0.06334

 Side 1  free  transition at x/c =  0.8440   67
 Side 2  free  transition at x/c =  0.1241   32

   7   rms: 0.2231E+00   max: 0.8732E+00   T at   67  1   RLX: 0.687
       a = -4.000      CL =  0.2764
      Cm = -0.1628     CD =  0.05842   =>   CDf =  0.00468    CDp =  0.05374

 Side 1  free  transition at x/c =  0.8342   66
 Side 2  free  transition at x/c =  0.1295   32

   8   rms: 0.2448E+01   max: -.1176E+02   T at   66  1   RLX: 0.043
       a = -4.000      CL =  0.3965
      Cm = -0.1973     CD =  0.04692   =>   CDf =  0.00460    CDp =  0.04232

 Side 1  free  transition at x/c =  0.8506   67
 Side 2  free  transition at x/c =  0.1262   32

   9   rms: 0.3175E+00   max: 0.1464E+01   D at   68  1   RLX: 0.578
       a = -4.000      CL =  0.3283
      Cm = -0.1927     CD =  0.04408   =>   CDf =  0.00495    CDp =  0.03913

 TRCHEK2: N2 convergence failed.
 x:  0.19134  0.20462  0.20954  N:  8.861  9.000  9.039  Nx:  16.140   dN:-0.466E+00
 TRCHEK2: N2 convergence failed.
 x:  0.19134  0.20954  0.20954  N:  8.861  9.000  9.048  Nx:  10.206   dN: 0.477E-01
 TRCHEK2: N2 convergence failed.
 x:  0.19134  0.20564  0.20954  N:  8.861  9.000  9.027  Nx:  16.757   dN:-0.102E+00
 TRCHEK2: N2 convergence failed.
 x:  0.19134  0.20954  0.20954  N:  8.861  9.000  9.006  Nx:   7.964   dN: 0.605E-02
 Side 1  free  transition at x/c =  0.8370   66
 Side 2  free  transition at x/c =  0.1709   35

  10   rms: 0.4851E+01   max: -.7316E+02   T at   35  2   RLX: 0.007
       a = -4.000      CL =  0.3475
      Cm = -0.2035     CD =  0.02918   =>   CDf =  0.00638    CDp =  0.02281

 Side 1  free  transition at x/c =  0.8389   66
 Side 2  free  transition at x/c =  0.1790   35

  11   rms: 0.4531E+01   max: 0.9410E+02   T at   35  2   RLX: 0.016
       a = -4.000      CL =  0.3583
      Cm = -0.2062     CD =  0.02994   =>   CDf =  0.00595    CDp =  0.02399

 MRCHDU: Convergence failed at  42  side 2    Res =  0.4869E+01
 MRCHDU: Convergence failed at  43  side 2    Res =  0.2089E+01
 MRCHDU: Convergence failed at  44  side 2    Res =  0.1655E+01
 MRCHDU: Convergence failed at  45  side 2    Res =  0.1626E+01
 MRCHDU: Convergence failed at  46  side 2    Res =  0.1705E+01
 MRCHDU: Convergence failed at  47  side 2    Res =  0.1856E+01
 MRCHDU: Convergence failed at  48  side 2    Res =  0.2049E+01
 MRCHDU: Convergence failed at  49  side 2    Res =  0.2295E+01
 MRCHDU: Convergence failed at  50  side 2    Res =  0.2493E+01
 MRCHDU: Convergence failed at  51  side 2    Res =  0.2582E+01
 MRCHDU: Convergence failed at  52  side 2    Res =  0.2441E+01
 MRCHDU: Convergence failed at  53  side 2    Res =  0.2483E+01
 MRCHDU: Convergence failed at  54  side 2    Res =  0.2595E+01
 MRCHDU: Convergence failed at  55  side 2    Res =  0.2715E+01
 MRCHDU: Convergence failed at  56  side 2    Res =  0.2837E+01
 MRCHDU: Convergence failed at  57  side 2    Res =  0.2973E+01
 MRCHDU: Convergence failed at  58  side 2    Res =  0.3181E+01
 MRCHDU: Convergence failed at  59  side 2    Res =  0.3327E+01
 MRCHDU: Convergence failed at  60  side 2    Res =  0.3469E+01
 MRCHDU: Convergence failed at  61  side 2    Res =  0.3556E+01
 MRCHDU: Convergence failed at  62  side 2    Res =  0.3712E+01
 MRCHDU: Convergence failed at  63  side 2    Res =  0.3886E+01
 MRCHDU: Convergence failed at  64  side 2    Res =  0.4075E+01
 MRCHDU: Convergence failed at  65  side 2    Res =  0.4271E+01
 MRCHDU: Convergence failed at  66  side 2    Res =  0.4487E+01
 MRCHDU: Convergence failed at  67  side 2    Res =  0.5043E+01
 MRCHDU: Convergence failed at  68  side 2    Res =  0.5275E+01
 MRCHDU: Convergence failed at  69  side 2    Res =  0.5493E+01
 MRCHDU: Convergence failed at  70  side 2    Res =  0.5674E+01
 MRCHDU: Convergence failed at  71  side 2    Res =  0.6009E+01
 MRCHDU: Convergence failed at  72  side 2    Res =  0.5797E+01
 MRCHDU: Convergence failed at  73  side 2    Res =  0.5731E+01
 MRCHDU: Convergence failed at  74  side 2    Res =  0.5596E+01
 MRCHDU: Convergence failed at  75  side 2    Res =  0.5443E+01
 MRCHDU: Convergence failed at  76  side 2    Res =  0.5285E+01
 MRCHDU: Convergence failed at  77  side 2    Res =  0.4818E+01
 MRCHDU: Convergence failed at  78  side 2    Res =  0.4729E+01
 MRCHDU: Convergence failed at  79  side 2    Res =  0.4681E+01
 MRCHDU: Convergence failed at  80  side 2    Res =  0.4619E+01
 MRCHDU: Convergence failed at  81  side 2    Res =  0.4529E+01
 MRCHDU: Convergence failed at  82  side 2    Res =  0.4527E+01
 MRCHDU: Convergence failed at  83  side 2    Res =  0.4447E+01
 MRCHDU: Convergence failed at  84  side 2    Res =  0.4584E+01
 Side 1  free  transition at x/c =  0.8407   66
 Side 2  free  transition at x/c =  0.1285   32

  12   rms: 0.9407E+00   max: -.1089E+02   T at   32  2   RLX: 0.046
       a = -4.000      CL =  0.0503
      Cm = -0.0645     CD =  0.03168   =>   CDf =  0.00486    CDp =  0.02682

 Side 1  free  transition at x/c =  0.8408   66
 Side 2  free  transition at x/c =  0.1183   32

  13   rms: 0.3852E+01   max: -.7806E+02   T at   32  2   RLX: 0.006
       a = -4.000      CL =  0.0566
      Cm = -0.0683     CD =  0.02563   =>   CDf =  0.00798    CDp =  0.01765

 Side 1  free  transition at x/c =  0.8414   66
 Side 2  free  transition at x/c =  0.1185   32

  14   rms: 0.9191E+00   max: 0.7490E+01   T at   32  2   RLX: 0.107
       a = -4.000      CL =  0.1838
      Cm = -0.0992     CD =  0.02603   =>   CDf =  0.00766    CDp =  0.01837

 MRCHDU: Convergence failed at  77  side 1    Res =  0.1248E+01
 MRCHDU: Convergence failed at  78  side 1    Res =  0.1695E+01
 Side 1  free  transition at x/c =  0.8543   67
 Side 2  free  transition at x/c =  0.1107   31

  15   rms: 0.4254E+00   max: -.2826E+01   T at   31  2   RLX: 0.177
       a = -4.000      CL =  0.2433
      Cm = -0.1263     CD =  0.02200   =>   CDf =  0.00804    CDp =  0.01396

 Side 1  free  transition at x/c =  0.8515   67
 Side 2  free  transition at x/c =  0.1110   31

  16   rms: 0.3472E+00   max: 0.1436E+01   D at   68  1   RLX: 0.652
       a = -4.000      CL =  0.3145
      Cm = -0.1672     CD =  0.03353   =>   CDf =  0.00750    CDp =  0.02602

 Side 1  free  transition at x/c =  0.8382   66
 Side 2  free  transition at x/c =  0.1158   32

  17   rms: 0.1005E+01   max: -.5738E+01   T at   32  2   RLX: 0.087
       a = -4.000      CL =  0.4017
      Cm = -0.1870     CD =  0.03280   =>   CDf =  0.00624    CDp =  0.02656

 Side 1  free  transition at x/c =  0.8490   67
 Side 2  free  transition at x/c =  0.1215   32

  18   rms: 0.2318E+00   max: 0.1487E+01   D at   68  1   RLX: 0.900
       a = -4.000      CL =  0.3142
      Cm = -0.1771     CD =  0.04314   =>   CDf =  0.00609    CDp =  0.03706

 MRCHDU: Convergence failed at  68  side 1    Res =  0.5033E+01
 MRCHDU: Convergence failed at  69  side 1    Res =  0.2964E+01
 MRCHDU: Convergence failed at  70  side 1    Res =  0.6639E+01
 MRCHDU: Convergence failed at  71  side 1    Res =  0.1855E+02
 MRCHDU: Convergence failed at  72  side 1    Res =  0.5648E+02
 MRCHDU: Convergence failed at  73  side 1    Res =  0.7842E+02
 MRCHDU: Convergence failed at  74  side 1    Res =  0.4926E+02
 MRCHDU: Convergence failed at  75  side 1    Res =  0.2982E+02
 MRCHDU: Convergence failed at  76  side 1    Res =  0.2112E+02
 MRCHDU: Convergence failed at  77  side 1    Res =  0.1614E+02
 MRCHDU: Convergence failed at  78  side 1    Res =  0.7851E+01
 TRCHEK2: N2 convergence failed.
 x:  0.19125  0.20499  0.20945  N:  8.845  9.000  9.037  Nx:  15.748   dN:-0.436E+00
 TRCHEK2: N2 convergence failed.
 x:  0.19125  0.20768  0.20945  N:  8.845  9.000  9.007  Nx:  11.929   dN:-0.473E-01
 MRCHDU: Convergence failed at  35  side 2    Res =  0.1644E+02
 TRCHEK2: N2 convergence failed.
 x:  0.20945  0.22616  0.22785  N:  8.978  9.000  9.001  Nx:   7.617   dN:-0.379E-01
 TRCHEK2: N2 convergence failed.
 x:  0.20945  0.22618  0.22785  N:  8.978  9.000  9.001  Nx:   7.685   dN:-0.259E-01
 TRCHEK2: N2 convergence failed.
 x:  0.20945  0.22632  0.22785  N:  8.978  9.000  9.001  Nx:   7.473   dN:-0.155E-01
 TRCHEK2: N2 convergence failed.
 x:  0.20945  0.22665  0.22785  N:  8.978  9.000  9.000  Nx:   6.696   dN:-0.827E-02
 TRCHEK2: N2 convergence failed.
 x:  0.20945  0.22784  0.22785  N:  8.978  9.000  9.000  Nx:   5.234   dN:-0.113E+00
 MRCHDU: Convergence failed at  36  side 2    Res =  0.1091E+03
 MRCHDU: Convergence failed at  37  side 2    Res =  0.1376E+02
 MRCHDU: Convergence failed at  38  side 2    Res =  0.2351E+02
 MRCHDU: Convergence failed at  39  side 2    Res =  0.2144E+02
 MRCHDU: Convergence failed at  40  side 2    Res =  0.4661E+03
 MRCHDU: Convergence failed at  41  side 2    Res =  0.4204E+02
 MRCHDU: Convergence failed at  42  side 2    Res =  0.3005E+02
 MRCHDU: Convergence failed at  43  side 2    Res =  0.2660E+02
 MRCHDU: Convergence failed at  44  side 2    Res =  0.4458E+02
 MRCHDU: Convergence failed at  45  side 2    Res =  0.5743E+02
 MRCHDU: Convergence failed at  46  side 2    Res =  0.1487E+03
 MRCHDU: Convergence failed at  47  side 2    Res =  0.5842E+02
 MRCHDU: Convergence failed at  48  side 2    Res =  0.2348E+03
 MRCHDU: Convergence failed at  49  side 2    Res =  0.2622E+03
 MRCHDU: Convergence failed at  50  side 2    Res =  0.9519E+02
 MRCHDU: Convergence failed at  51  side 2    Res =  0.1229E+03
 MRCHDU: Convergence failed at  52  side 2    Res =  0.3847E+03
 MRCHDU: Convergence failed at  53  side 2    Res =  0.1434E+03
 MRCHDU: Convergence failed at  54  side 2    Res =  0.4024E+03
 MRCHDU: Convergence failed at  55  side 2    Res =  0.8935E+03
 MRCHDU: Convergence failed at  56  side 2    Res =  0.1615E+05
 MRCHDU: Convergence failed at  57  side 2    Res =  0.9917E+03
 MRCHDU: Convergence failed at  58  side 2    Res =  0.1280E+03
 MRCHDU: Convergence failed at  59  side 2    Res =  0.4770E+03
 MRCHDU: Convergence failed at  60  side 2    Res =  0.5855E+03
 MRCHDU: Convergence failed at  61  side 2    Res =  0.7060E+03
 MRCHDU: Convergence failed at  62  side 2    Res =  0.8303E+03
 MRCHDU: Convergence failed at  63  side 2    Res =  0.9339E+03
 MRCHDU: Convergence failed at  64  side 2    Res =  0.9411E+03
 MRCHDU: Convergence failed at  65  side 2    Res =  0.9472E+03
 MRCHDU: Convergence failed at  66  side 2    Res =  0.8964E+03
 MRCHDU: Convergence failed at  67  side 2    Res =  0.8121E+03
 MRCHDU: Convergence failed at  68  side 2    Res =  0.7617E+03
 MRCHDU: Convergence failed at  69  side 2    Res =  0.7398E+03
 MRCHDU: Convergence failed at  70  side 2    Res =  0.7119E+03
 MRCHDU: Convergence failed at  71  side 2    Res =  0.7155E+03
 MRCHDU: Convergence failed at  72  side 2    Res =  0.7566E+03
 MRCHDU: Convergence failed at  73  side 2    Res =  0.8165E+03
 MRCHDU: Convergence failed at  74  side 2    Res =  0.9335E+03
 MRCHDU: Convergence failed at  75  side 2    Res =  0.1123E+04
 MRCHDU: Convergence failed at  76  side 2    Res =  0.1489E+04
 MRCHDU: Convergence failed at  77  side 2    Res =  0.2679E+04
 MRCHDU: Convergence failed at  78  side 2    Res =  0.1950E+04
 MRCHDU: Convergence failed at  79  side 2    Res =  0.9970E+03
 MRCHDU: Convergence failed at  80  side 2    Res =  0.6564E+03
 MRCHDU: Convergence failed at  81  side 2    Res =  0.4644E+03
 MRCHDU: Convergence failed at  82  side 2    Res =  0.3768E+03
 MRCHDU: Convergence failed at  83  side 2    Res =  0.2705E+03
 MRCHDU: Convergence failed at  84  side 2    Res =  0.4156E+03
 Side 1  free  transition at x/c =  0.8305   66
 Side 2  free  transition at x/c =  0.1874   36

  19   rms: 0.3367E+01   max: 0.5173E+02   T at   36  2   RLX: 0.026
       a = -4.000      CL = -0.3298
      Cm =  0.0516     CD =  0.00722   =>   CDf =  0.00407    CDp =  0.00315

 Side 1  free  transition at x/c =  0.8309   66
 Side 2  free  transition at x/c =  0.1809   35

  20   rms: 0.1101E+01   max: 0.1292E+02   T at   35  2   RLX: 0.076
       a = -4.000      CL = -0.0947
      Cm = -0.0303     CD =  0.05759   =>   CDf =  0.00481    CDp =  0.05278

 Side 1  free  transition at x/c =  0.8385   66
 Side 2  free  transition at x/c =  0.3031   42

  21   rms: 0.3652E+01   max: -.7979E+02   T at   42  2   RLX: 0.006
       a = -4.000      CL = -0.1607
      Cm = -0.0089     CD =  0.05849   =>   CDf =  0.00484    CDp =  0.05365

 Side 1  free  transition at x/c =  0.8393   66
 Side 2  free  transition at x/c =  0.3013   42

  22   rms: 0.7130E+00   max: -.5556E+01   T at   42  2   RLX: 0.090
       a = -4.000      CL = -0.0966
      Cm = -0.0240     CD =  0.06215   =>   CDf =  0.00487    CDp =  0.05728

 Side 1  free  transition at x/c =  0.8458   67
 Side 2  free  transition at x/c =  0.2539   39

  23   rms: 0.5901E+00   max: 0.5784E+01   T at   39  2   RLX: 0.207
       a = -4.000      CL =  0.1016
      Cm = -0.0793     CD =  0.06363   =>   CDf =  0.00518    CDp =  0.05845

 Side 1  free  transition at x/c =  0.8547   68
 Side 2  free  transition at x/c =  0.2096   36

  24   rms: 0.4672E+00   max: 0.2647E+01   T at   36  2   RLX: 0.228
       a = -4.000      CL =  0.2193
      Cm = -0.1104     CD =  0.06924   =>   CDf =  0.00523    CDp =  0.06402

 Side 1  free  transition at x/c =  0.8608   69
 Side 2  free  transition at x/c =  0.1970   35

  25   rms: 0.3864E+00   max: -.1328E+01   C at  102  2   RLX: 0.376
       a = -4.000      CL =  0.3548
      Cm = -0.1416     CD =  0.06447   =>   CDf =  0.00531    CDp =  0.05916

 Side 1  free  transition at x/c =  0.8637   69
 Side 2  free  transition at x/c =  0.1791   34

  26   rms: 0.3357E+00   max: -.1104E+01   C at  100  2   RLX: 0.453
       a = -4.000      CL =  0.4298
      Cm = -0.1555     CD =  0.06810   =>   CDf =  0.00526    CDp =  0.06284

 Side 1  free  transition at x/c =  0.8591   68
 Side 2  free  transition at x/c =  0.1703   34

  27   rms: 0.2926E+00   max: 0.1120E+01   D at   78  1   RLX: 0.581
       a = -4.000      CL =  0.4230
      Cm = -0.1631     CD =  0.07750   =>   CDf =  0.00511    CDp =  0.07239

 Side 1  free  transition at x/c =  0.8468   68
 Side 2  free  transition at x/c =  0.1654   33

  28   rms: 0.2396E+00   max: -.8448E+00   D at   82  2   RLX: 0.592
       a = -4.000      CL =  0.3742
      Cm = -0.1597     CD =  0.07411   =>   CDf =  0.00479    CDp =  0.06932

 Side 1  free  transition at x/c =  0.8401   67
 Side 2  free  transition at x/c =  0.1483   32
 idif Ue xi dudx           1  0.12637825      3.05068493E-03   41.426189    
 Uenew xinew           2  1.92053858E-02  4.63604927E-04

  29   rms: 0.1644E+01   max: 0.1086E+02   T at   33  2   RLX: 0.109
       a = -4.000      CL =  0.3686
      Cm = -0.1753     CD =  0.08033   =>   CDf =  0.00472    CDp =  0.07561

 Side 1  free  transition at x/c =  0.8547   67
 Side 2  free  transition at x/c =  0.1428   33

  30   rms: 0.3168E+00   max: 0.1090E+01   T at   69  1   RLX: 0.566
       a = -4.000      CL =  0.2890
      Cm = -0.1775     CD =  0.05458   =>   CDf =  0.00479    CDp =  0.04979

 Side 1  free  transition at x/c =  0.8392   66
 Side 2  free  transition at x/c =  0.1430   33

  31   rms: 0.8013E+00   max: -.3066E+01   T at   66  1   RLX: 0.163
       a = -4.000      CL =  0.4026
      Cm = -0.2093     CD =  0.04248   =>   CDf =  0.00475    CDp =  0.03773

 MRCHDU: Convergence failed at  78  side 1    Res =  0.4588E+01
 Side 1  free  transition at x/c =  0.8551   67
 Side 2  free  transition at x/c =  0.1386   33

  32   rms: 0.2194E+00   max: 0.1455E+01   D at   68  1   RLX: 0.692
       a = -4.000      CL =  0.3487
      Cm = -0.1895     CD =  0.04452   =>   CDf =  0.00507    CDp =  0.03945

 MRCHDU: Convergence failed at  74  side 1    Res =  0.9373E+00
 MRCHDU: Convergence failed at  75  side 1    Res =  0.1111E+01
 MRCHDU: Convergence failed at  76  side 1    Res =  0.1303E+01
 MRCHDU: Convergence failed at  77  side 1    Res =  0.1563E+01
 MRCHDU: Convergence failed at  78  side 1    Res =  0.2439E+01
 Side 1  free  transition at x/c =  0.8404   66
 Side 2  free  transition at x/c =  0.1445   33

  33   rms: 0.1130E+02   max: -.6504E+02   T at   66  1   RLX: 0.008
       a = -4.000      CL =  0.4289
      Cm = -0.2112     CD =  0.03743   =>   CDf =  0.00498    CDp =  0.03245

 MRCHDU: Convergence failed at  68  side 1    Res =  0.5311E+01
 MRCHDU: Convergence failed at  69  side 1    Res =  0.2866E+02
 MRCHDU: Convergence failed at  70  side 1    Res =  0.2162E+02
 MRCHDU: Convergence failed at  71  side 1    Res =  0.2662E+02
 MRCHDU: Convergence failed at  72  side 1    Res =  0.3266E+02
 MRCHDU: Convergence failed at  73  side 1    Res =  0.4348E+02
 MRCHDU: Convergence failed at  74  side 1    Res =  0.4441E+02
 MRCHDU: Convergence failed at  75  side 1    Res =  0.4707E+02
 MRCHDU: Convergence failed at  76  side 1    Res =  0.5130E+02
 MRCHDU: Convergence failed at  77  side 1    Res =  0.5574E+02
 MRCHDU: Convergence failed at  78  side 1    Res =  0.4390E+02
 Side 1  free  transition at x/c =  0.8562   67
 Side 2  free  transition at x/c =  0.1414   33

  34   rms: 0.7683E+00   max: 0.4323E+01   T at   67  1   RLX: 0.135
       a = -4.000      CL =  0.4091
      Cm = -0.2351     CD =  0.03663   =>   CDf =  0.00513    CDp =  0.03150

 Side 1  free  transition at x/c =  0.8414   66
 Side 2  free  transition at x/c =  0.1378   33
 idif Ue xi dudx           1  0.11205650      3.17478180E-03   35.295811    
 Uenew xinew           2  1.39986472E-02  3.96609306E-04

  35   rms: 0.1178E+01   max: 0.8237E+01   T at   66  1   RLX: 0.103
       a = -4.000      CL =  0.2300
      Cm = -0.1798     CD =  0.05455   =>   CDf =  0.00477    CDp =  0.04978

 Side 1  free  transition at x/c =  0.8252   65
 Side 2  free  transition at x/c =  0.1299   33

  36   rms: 0.2780E+00   max: -.2452E+01   T at   34  2   RLX: 0.204
       a = -4.000      CL =  0.1651
      Cm = -0.1516     CD =  0.06488   =>   CDf =  0.00437    CDp =  0.06051

 Side 1  free  transition at x/c =  0.8228   64
 Side 2  free  transition at x/c =  0.1228   33

  37   rms: 0.1383E+01   max: 0.1398E+02   T at   33  2   RLX: 0.080
       a = -4.000      CL =  0.0318
      Cm = -0.1244     CD =  0.07319   =>   CDf =  0.00427    CDp =  0.06892

 Side 1  free  transition at x/c =  0.8085   64
 Side 2  free  transition at x/c =  0.1132   32

  38   rms: 0.1788E+00   max: 0.9034E+00   T at   64  1   RLX: 0.613
       a = -4.000      CL = -0.0410
      Cm = -0.0920     CD =  0.08145   =>   CDf =  0.00403    CDp =  0.07742

 Side 1  free  transition at x/c =  0.8024   63
 Side 2  free  transition at x/c =  0.1072   32
 idif Ue xi dudx           1  0.16842560      5.29909134E-03   31.783865    
 Uenew xinew           2  7.35431686E-02  2.31385231E-03

  39   rms: 0.5448E+00   max: 0.5347E+01   T at   63  1   RLX: 0.198
       a = -4.000      CL = -0.1600
      Cm = -0.0722     CD =  0.08906   =>   CDf =  0.00397    CDp =  0.08509

 Side 1  free  transition at x/c =  0.7876   61
 Side 2  free  transition at x/c =  0.0982   32

  40   rms: 0.5396E+00   max: -.4378E+01   T at   61  1   RLX: 0.114
       a = -4.000      CL = -0.1404
      Cm = -0.0730     CD =  0.09389   =>   CDf =  0.00370    CDp =  0.09019

 Side 1  free  transition at x/c =  0.7938   62
 Side 2  free  transition at x/c =  0.0980   32

  41   rms: 0.1318E+00   max: -.6696E+00   D at   35  2   RLX: 0.747
       a = -4.000      CL = -0.0600
      Cm = -0.0947     CD =  0.07753   =>   CDf =  0.00388    CDp =  0.07364

 Side 1  free  transition at x/c =  0.7893   61
 Side 2  free  transition at x/c =  0.1180   34

  42   rms: 0.1629E+00   max: 0.8170E+00   D at   50  2   RLX: 0.888
       a = -4.000      CL =  0.0313
      Cm = -0.1276     CD =  0.06177   =>   CDf =  0.00537    CDp =  0.05640

 MRCHDU: Convergence failed at  50  side 2    Res =  0.2233E+01
 MRCHDU: Convergence failed at  51  side 2    Res =  0.1663E+01
 MRCHDU: Convergence failed at  52  side 2    Res =  0.1321E+01
 MRCHDU: Convergence failed at  53  side 2    Res =  0.1287E+01
 MRCHDU: Convergence failed at  54  side 2    Res =  0.1494E+01
 MRCHDU: Convergence failed at  55  side 2    Res =  0.1740E+01
 MRCHDU: Convergence failed at  56  side 2    Res =  0.2005E+01
 MRCHDU: Convergence failed at  57  side 2    Res =  0.2307E+01
 MRCHDU: Convergence failed at  58  side 2    Res =  0.2620E+01
 MRCHDU: Convergence failed at  59  side 2    Res =  0.3046E+01
 MRCHDU: Convergence failed at  60  side 2    Res =  0.3507E+01
 MRCHDU: Convergence failed at  61  side 2    Res =  0.4277E+01
 MRCHDU: Convergence failed at  62  side 2    Res =  0.6655E+01
 MRCHDU: Convergence failed at  63  side 2    Res =  0.9386E+01
 MRCHDU: Convergence failed at  64  side 2    Res =  0.1377E+02
 MRCHDU: Convergence failed at  65  side 2    Res =  0.2264E+02
 MRCHDU: Convergence failed at  66  side 2    Res =  0.4544E+02
 MRCHDU: Convergence failed at  67  side 2    Res =  0.1959E+03
 MRCHDU: Convergence failed at  68  side 2    Res =  0.1281E+03
 MRCHDU: Convergence failed at  69  side 2    Res =  0.5601E+02
 MRCHDU: Convergence failed at  70  side 2    Res =  0.3685E+02
 MRCHDU: Convergence failed at  71  side 2    Res =  0.2639E+02
 MRCHDU: Convergence failed at  72  side 2    Res =  0.2139E+02
 MRCHDU: Convergence failed at  73  side 2    Res =  0.1787E+02
 MRCHDU: Convergence failed at  74  side 2    Res =  0.1359E+02
 MRCHDU: Convergence failed at  75  side 2    Res =  0.1179E+02
 MRCHDU: Convergence failed at  76  side 2    Res =  0.1018E+02
 MRCHDU: Convergence failed at  77  side 2    Res =  0.8824E+01
 MRCHDU: Convergence failed at  78  side 2    Res =  0.7675E+01
 MRCHDU: Convergence failed at  79  side 2    Res =  0.6282E+01
 MRCHDU: Convergence failed at  80  side 2    Res =  0.5478E+01
 MRCHDU: Convergence failed at  81  side 2    Res =  0.4651E+01
 MRCHDU: Convergence failed at  82  side 2    Res =  0.4079E+01
 MRCHDU: Convergence failed at  83  side 2    Res =  0.3521E+01
 MRCHDU: Convergence failed at  84  side 2    Res =  0.3163E+01
 MRCHDU: Convergence failed at  85  side 2    Res =  0.2494E+01
 MRCHDU: Convergence failed at  86  side 2    Res =  0.3284E+01
 Side 1  free  transition at x/c =  0.7892   61
 Side 2  free  transition at x/c =  0.1197   34

  43   rms: 0.1472E+00   max: 0.2931E+00   D at   97  2
       a = -4.000      CL = -0.0063
      Cm = -0.1113     CD =  0.06749   =>   CDf =  0.00395    CDp =  0.06354

 Side 1  free  transition at x/c =  0.7870   61
 Side 2  free  transition at x/c =  0.1172   34

  44   rms: 0.6744E-01   max: -.4094E+00   T at   34  2
       a = -4.000      CL =  0.0294
      Cm = -0.1201     CD =  0.06385   =>   CDf =  0.00430    CDp =  0.05955

 Side 1  free  transition at x/c =  0.7927   62
 Side 2  free  transition at x/c =  0.1188   34

  45   rms: 0.7384E-01   max: -.2790E+00   D at   76  2
       a = -4.000      CL =  0.0160
      Cm = -0.1205     CD =  0.06543   =>   CDf =  0.00412    CDp =  0.06131

 Side 1  free  transition at x/c =  0.7899   61
 Side 2  free  transition at x/c =  0.1191   34

  46   rms: 0.8337E-02   max: -.4719E-01   T at   34  2
       a = -4.000      CL =  0.0169
      Cm = -0.1196     CD =  0.06549   =>   CDf =  0.00430    CDp =  0.06120

 Side 1  free  transition at x/c =  0.7893   61
 Side 2  free  transition at x/c =  0.1195   34

  47   rms: 0.1551E-02   max: 0.1030E-01   T at   61  1
       a = -4.000      CL =  0.0158
      Cm = -0.1195     CD =  0.06549   =>   CDf =  0.00430    CDp =  0.06120

 Side 1  free  transition at x/c =  0.7892   61
 Side 2  free  transition at x/c =  0.1194   34

  48   rms: 0.7635E-04   max: 0.5911E-03   T at   61  1
       a = -4.000      CL =  0.0157
      Cm = -0.1195     CD =  0.06550   =>   CDf =  0.00430    CDp =  0.06120
 plradd ia,ip,cpol            1           0  2.93587777E-03

 Point added to stored polar  1
 Point written to save file  fx76mp140_Re150k.base.pol                       
 Dump file unspecified or not available
 Calculating wake trajectory ...
 Calculating source influence matrix ...

 Solving BL system ...

 Side 1  free  transition at x/c =  0.7892   61
 Side 2  free  transition at x/c =  0.1194   34

   1   rms: 0.1491E+00   max: -.1211E+01   T at   34  2   RLX: 0.413
       a = -3.500      CL =  0.0635
      Cm = -0.1235     CD =  0.06263   =>   CDf =  0.00425    CDp =  0.05838

 Side 1  free  transition at x/c =  0.7914   63
 Side 2  free  transition at x/c =  0.1231   33

   2   rms: 0.1091E+00   max: -.8501E+00   T at   33  2   RLX: 0.588
       a = -3.500      CL =  0.0765
      Cm = -0.1260     CD =  0.06241   =>   CDf =  0.00419    CDp =  0.05822

 Side 1  free  transition at x/c =  0.7893   62
 Side 2  free  transition at x/c =  0.1286   33

   3   rms: 0.1838E+01   max: -.1630E+02   T at   33  2   RLX: 0.031
       a = -3.500      CL =  0.0898
      Cm = -0.1322     CD =  0.06671   =>   CDf =  0.00425    CDp =  0.06246

 Side 1  free  transition at x/c =  0.7896   62
 Side 2  free  transition at x/c =  0.1244   33

   4   rms: 0.8390E-01   max: -.6594E+00   D at   33  2   RLX: 0.758
       a = -3.500      CL =  0.1357
      Cm = -0.1381     CD =  0.05778   =>   CDf =  0.00445    CDp =  0.05333

 Side 1  free  transition at x/c =  0.7920   63
 Side 2  free  transition at x/c =  0.1414   34

   5   rms: 0.2266E+00   max: 0.1025E+01   D at   45  2
       a = -3.500      CL =  0.1181
      Cm = -0.1389     CD =  0.05645   =>   CDf =  0.00589    CDp =  0.05056

 Side 1  free  transition at x/c =  0.7877   62
 Side 2  free  transition at x/c =  0.1364   34

   6   rms: 0.6853E-01   max: -.4620E+00   T at   62  1
       a = -3.500      CL =  0.1638
      Cm = -0.1414     CD =  0.05484   =>   CDf =  0.00458    CDp =  0.05025

 Side 1  free  transition at x/c =  0.7969   63
 Side 2  free  transition at x/c =  0.1411   34

   7   rms: 0.1903E+00   max: 0.1954E+01   T at   34  2   RLX: 0.768
       a = -3.500      CL =  0.0490
      Cm = -0.1217     CD =  0.06080   =>   CDf =  0.00468    CDp =  0.05612

 Side 1  free  transition at x/c =  0.7847   62
 Side 2  free  transition at x/c =  0.1300   33

   8   rms: 0.1005E+02   max: 0.5834E+02   T at   33  2   RLX: 0.012
       a = -3.500      CL = -0.0521
      Cm = -0.0896     CD =  0.07855   =>   CDf =  0.00414    CDp =  0.07442

 Side 1  free  transition at x/c =  0.7815   62
 Side 2  free  transition at x/c =  0.1138   32
 idif Ue xi dudx           1  0.14825104      3.97849083E-03   37.263134    
 Uenew xinew           2  3.70116755E-02  9.93251801E-04

   9   rms: 0.1601E+00   max: 0.9943E+00   T at   62  1   RLX: 0.794
       a = -3.500      CL = -0.1521
      Cm = -0.0659     CD =  0.08558   =>   CDf =  0.00386    CDp =  0.08172

 Side 1  free  transition at x/c =  0.7688   60
 Side 2  free  transition at x/c =  0.1013   33

  10   rms: 0.1745E+00   max: 0.1221E+01   T at   60  1   RLX: 0.666
       a = -3.500      CL = -0.1849
      Cm = -0.0668     CD =  0.08882   =>   CDf =  0.00367    CDp =  0.08515

 Side 1  free  transition at x/c =  0.7586   60
 Side 2  free  transition at x/c =  0.1019   33

  11   rms: 0.1580E+00   max: -.1181E+01   T at   33  2   RLX: 0.423
       a = -3.500      CL = -0.1219
      Cm = -0.0794     CD =  0.07672   =>   CDf =  0.00408    CDp =  0.07264

 Side 1  free  transition at x/c =  0.7617   60
 Side 2  free  transition at x/c =  0.1043   33

  12   rms: 0.1113E+00   max: -.9836E+00   T at   33  2   RLX: 0.508
       a = -3.500      CL = -0.0995
      Cm = -0.0834     CD =  0.07841   =>   CDf =  0.00378    CDp =  0.07463

 Side 1  free  transition at x/c =  0.7656   60
 Side 2  free  transition at x/c =  0.1081   33

  13   rms: 0.1242E+00   max: -.1112E+01   T at   33  2   RLX: 0.450
       a = -3.500      CL = -0.0678
      Cm = -0.0912     CD =  0.07683   =>   CDf =  0.00379    CDp =  0.07304

 Side 1  free  transition at x/c =  0.7696   60
 Side 2  free  transition at x/c =  0.1100   33

  14   rms: 0.2685E+00   max: -.1726E+01   T at   60  1   RLX: 0.290
       a = -3.500      CL =  0.0061
      Cm = -0.1061     CD =  0.07565   =>   CDf =  0.00385    CDp =  0.07180

 Side 1  free  transition at x/c =  0.7807   62
 Side 2  free  transition at x/c =  0.1092   32

  15   rms: 0.9457E-01   max: -.6879E+00   D at   32  2   RLX: 0.727
       a = -3.500      CL =  0.0055
      Cm = -0.1101     CD =  0.06839   =>   CDf =  0.00412    CDp =  0.06427

 Side 1  free  transition at x/c =  0.7758   62
 Side 2  free  transition at x/c =  0.1256   33

  16   rms: 0.1980E+00   max: 0.1015E+01   D at   46  2
       a = -3.500      CL =  0.0584
      Cm = -0.1297     CD =  0.05964   =>   CDf =  0.00571    CDp =  0.05393

 MRCHDU: Convergence failed at  46  side 2    Res =  0.1074E+01
 MRCHDU: Convergence failed at  47  side 2    Res =  0.1568E+01
 MRCHDU: Convergence failed at  48  side 2    Res =  0.2096E+01
 MRCHDU: Convergence failed at  49  side 2    Res =  0.2695E+01
 MRCHDU: Convergence failed at  50  side 2    Res =  0.3548E+01
 MRCHDU: Convergence failed at  51  side 2    Res =  0.6112E+01
 MRCHDU: Convergence failed at  52  side 2    Res =  0.1687E+02
 MRCHDU: Convergence failed at  53  side 2    Res =  0.5349E+02
 MRCHDU: Convergence failed at  54  side 2    Res =  0.1154E+02
 MRCHDU: Convergence failed at  55  side 2    Res =  0.6479E+01
 MRCHDU: Convergence failed at  56  side 2    Res =  0.5144E+01
 MRCHDU: Convergence failed at  57  side 2    Res =  0.4363E+01
 MRCHDU: Convergence failed at  58  side 2    Res =  0.3848E+01
 MRCHDU: Convergence failed at  59  side 2    Res =  0.3538E+01
 MRCHDU: Convergence failed at  60  side 2    Res =  0.3318E+01
 MRCHDU: Convergence failed at  61  side 2    Res =  0.3176E+01
 MRCHDU: Convergence failed at  62  side 2    Res =  0.3090E+01
 MRCHDU: Convergence failed at  63  side 2    Res =  0.3034E+01
 MRCHDU: Convergence failed at  64  side 2    Res =  0.3025E+01
 MRCHDU: Convergence failed at  65  side 2    Res =  0.3055E+01
 MRCHDU: Convergence failed at  66  side 2    Res =  0.3095E+01
 MRCHDU: Convergence failed at  67  side 2    Res =  0.3156E+01
 MRCHDU: Convergence failed at  68  side 2    Res =  0.3247E+01
 MRCHDU: Convergence failed at  69  side 2    Res =  0.3316E+01
 MRCHDU: Convergence failed at  70  side 2    Res =  0.3357E+01
 MRCHDU: Convergence failed at  71  side 2    Res =  0.3402E+01
 MRCHDU: Convergence failed at  72  side 2    Res =  0.3410E+01
 MRCHDU: Convergence failed at  73  side 2    Res =  0.3345E+01
 MRCHDU: Convergence failed at  74  side 2    Res =  0.3303E+01
 MRCHDU: Convergence failed at  75  side 2    Res =  0.3170E+01
 MRCHDU: Convergence failed at  76  side 2    Res =  0.3049E+01
 MRCHDU: Convergence failed at  77  side 2    Res =  0.2917E+01
 MRCHDU: Convergence failed at  78  side 2    Res =  0.2706E+01
 MRCHDU: Convergence failed at  79  side 2    Res =  0.2552E+01
 MRCHDU: Convergence failed at  80  side 2    Res =  0.2283E+01
 MRCHDU: Convergence failed at  81  side 2    Res =  0.2487E+01
 MRCHDU: Convergence failed at  82  side 2    Res =  0.2785E+01
 MRCHDU: Convergence failed at  83  side 2    Res =  0.3021E+01
 MRCHDU: Convergence failed at  84  side 2    Res =  0.3792E+01
 MRCHDU: Convergence failed at  85  side 2    Res =  0.3088E+01
 Side 1  free  transition at x/c =  0.7764   62
 Side 2  free  transition at x/c =  0.1308   33
 idif Ue xi dudx           1  0.12075660      3.05569172E-03   39.518581    
 Uenew xinew           2  2.78419047E-03  7.04526901E-05

  17   rms: 0.1677E+00   max: -.2751E+00   C at   87  2
       a = -3.500      CL = -0.0050
      Cm = -0.1096     CD =  0.06561   =>   CDf =  0.00399    CDp =  0.06161

 Side 1  free  transition at x/c =  0.7766   61
 Side 2  free  transition at x/c =  0.1204   34

  18   rms: 0.8752E-01   max: -.1055E+01   D at    2  2   RLX: 0.474
       a = -3.500      CL = -0.0075
      Cm = -0.1097     CD =  0.06756   =>   CDf =  0.00411    CDp =  0.06345

 Side 1  free  transition at x/c =  0.7764   62
 Side 2  free  transition at x/c =  0.1217   33

  19   rms: 0.4927E-01   max: -.3799E+00   D at   33  2
       a = -3.500      CL =  0.0219
      Cm = -0.1154     CD =  0.06334   =>   CDf =  0.00422    CDp =  0.05912

 Side 1  free  transition at x/c =  0.7761   62
 Side 2  free  transition at x/c =  0.1243   33

  20   rms: 0.2048E-01   max: -.1835E+00   T at   33  2
       a = -3.500      CL =  0.0290
      Cm = -0.1177     CD =  0.06279   =>   CDf =  0.00433    CDp =  0.05847

 Side 1  free  transition at x/c =  0.7761   62
 Side 2  free  transition at x/c =  0.1268   33

  21   rms: 0.2829E-01   max: -.3316E+00   T at   33  2
       a = -3.500      CL =  0.0367
      Cm = -0.1206     CD =  0.06225   =>   CDf =  0.00439    CDp =  0.05786

 Side 1  free  transition at x/c =  0.7762   62
 Side 2  free  transition at x/c =  0.1289   33

  22   rms: 0.1093E+00   max: -.6230E+00   T at   33  2   RLX: 0.803
       a = -3.500      CL =  0.0564
      Cm = -0.1287     CD =  0.06226   =>   CDf =  0.00432    CDp =  0.05794

 Side 1  free  transition at x/c =  0.7762   62
 Side 2  free  transition at x/c =  0.1274   33

  23   rms: 0.1570E+00   max: 0.6314E+00   D at   42  2
       a = -3.500      CL =  0.0357
      Cm = -0.1158     CD =  0.06698   =>   CDf =  0.00477    CDp =  0.06220

 Side 1  free  transition at x/c =  0.7756   62
 Side 2  free  transition at x/c =  0.1247   33

  24   rms: 0.6131E-01   max: -.3905E+00   D at   33  2
       a = -3.500      CL =  0.0380
      Cm = -0.1202     CD =  0.06283   =>   CDf =  0.00473    CDp =  0.05811

 Side 1  free  transition at x/c =  0.7761   62
 Side 2  free  transition at x/c =  0.1282   33

  25   rms: 0.2109E-01   max: 0.2263E+00   T at   33  2
       a = -3.500      CL =  0.0281
      Cm = -0.1175     CD =  0.06275   =>   CDf =  0.00439    CDp =  0.05836

 Side 1  free  transition at x/c =  0.7761   62
 Side 2  free  transition at x/c =  0.1264   33

  26   rms: 0.2558E-01   max: -.2093E+00   T at   33  2
       a = -3.500      CL =  0.0333
      Cm = -0.1194     CD =  0.06241   =>   CDf =  0.00435    CDp =  0.05806

 Side 1  free  transition at x/c =  0.7762   62
 Side 2  free  transition at x/c =  0.1292   33

  27   rms: 0.2045E-01   max: 0.1454E+00   T at   33  2
       a = -3.500      CL =  0.0314
      Cm = -0.1186     CD =  0.06263   =>   CDf =  0.00442    CDp =  0.05821

 Side 1  free  transition at x/c =  0.7761   62
 Side 2  free  transition at x/c =  0.1280   33

  28   rms: 0.1860E-01   max: 0.2695E+00   T at   33  2
       a = -3.500      CL =  0.0266
      Cm = -0.1168     CD =  0.06296   =>   CDf =  0.00441    CDp =  0.05855

 Side 1  free  transition at x/c =  0.7761   62
 Side 2  free  transition at x/c =  0.1255   33

  29   rms: 0.2681E-01   max: -.1674E+00   T at   33  2
       a = -3.500      CL =  0.0307
      Cm = -0.1185     CD =  0.06258   =>   CDf =  0.00431    CDp =  0.05827

 Side 1  free  transition at x/c =  0.7762   62
 Side 2  free  transition at x/c =  0.1278   33

  30   rms: 0.2935E-01   max: 0.4293E+00   T at   33  2
       a = -3.500      CL =  0.0229
      Cm = -0.1155     CD =  0.06322   =>   CDf =  0.00441    CDp =  0.05881

 Side 1  free  transition at x/c =  0.7761   62
 Side 2  free  transition at x/c =  0.1239   33

  31   rms: 0.4309E-01   max: -.1901E+00   T at   33  2
       a = -3.500      CL =  0.0282
      Cm = -0.1178     CD =  0.06274   =>   CDf =  0.00422    CDp =  0.05851

 Side 1  free  transition at x/c =  0.7762   62
 Side 2  free  transition at x/c =  0.1264   33

  32   rms: 0.2118E-01   max: -.2245E+00   T at   33  2
       a = -3.500      CL =  0.0338
      Cm = -0.1195     CD =  0.06243   =>   CDf =  0.00437    CDp =  0.05805

 Side 1  free  transition at x/c =  0.7761   62
 Side 2  free  transition at x/c =  0.1295   33

  33   rms: 0.2514E-01   max: 0.1423E+00   T at   33  2
       a = -3.500      CL =  0.0319
      Cm = -0.1188     CD =  0.06260   =>   CDf =  0.00442    CDp =  0.05818

 Side 1  free  transition at x/c =  0.7761   62
 Side 2  free  transition at x/c =  0.1284   33

  34   rms: 0.1566E-01   max: 0.1996E+00   T at   33  2
       a = -3.500      CL =  0.0289
      Cm = -0.1177     CD =  0.06277   =>   CDf =  0.00442    CDp =  0.05836

 Side 1  free  transition at x/c =  0.7761   62
 Side 2  free  transition at x/c =  0.1266   33

  35   rms: 0.2634E-01   max: -.2443E+00   T at   33  2
       a = -3.500      CL =  0.0345
      Cm = -0.1198     CD =  0.06231   =>   CDf =  0.00436    CDp =  0.05795

 Side 1  free  transition at x/c =  0.7762   62
 Side 2  free  transition at x/c =  0.1300   33

  36   rms: 0.3460E-01   max: 0.1403E+00   T at   33  2
       a = -3.500      CL =  0.0325
      Cm = -0.1190     CD =  0.06260   =>   CDf =  0.00441    CDp =  0.05819

 Side 1  free  transition at x/c =  0.7761   62
 Side 2  free  transition at x/c =  0.1289   33

  37   rms: 0.1680E-01   max: 0.1588E+00   T at   33  2
       a = -3.500      CL =  0.0307
      Cm = -0.1183     CD =  0.06265   =>   CDf =  0.00443    CDp =  0.05822

 Side 1  free  transition at x/c =  0.7761   62
 Side 2  free  transition at x/c =  0.1276   33

  38   rms: 0.5807E-01   max: 0.8445E+00   T at   33  2
       a = -3.500      CL =  0.0135
      Cm = -0.1120     CD =  0.06389   =>   CDf =  0.00439    CDp =  0.05950

 Side 1  free  transition at x/c =  0.7761   62
 Side 2  free  transition at x/c =  0.1204   33

  39   rms: 0.8776E-01   max: -.3202E+00   D at   74  2
       a = -3.500      CL =  0.0208
      Cm = -0.1156     CD =  0.06368   =>   CDf =  0.00404    CDp =  0.05965

 Side 1  free  transition at x/c =  0.7762   62
 Side 2  free  transition at x/c =  0.1234   33

  40   rms: 0.2851E-01   max: -.2150E+00   T at   33  2
       a = -3.500      CL =  0.0278
      Cm = -0.1173     CD =  0.06298   =>   CDf =  0.00429    CDp =  0.05869

 Side 1  free  transition at x/c =  0.7761   62
 Side 2  free  transition at x/c =  0.1262   33

  41   rms: 0.2096E-01   max: -.1998E+00   T at   33  2
       a = -3.500      CL =  0.0330
      Cm = -0.1192     CD =  0.06250   =>   CDf =  0.00436    CDp =  0.05813

 Side 1  free  transition at x/c =  0.7761   62
 Side 2  free  transition at x/c =  0.1289   33

  42   rms: 0.1744E-01   max: 0.1541E+00   T at   33  2
       a = -3.500      CL =  0.0308
      Cm = -0.1184     CD =  0.06265   =>   CDf =  0.00442    CDp =  0.05823

 Side 1  free  transition at x/c =  0.7761   62
 Side 2  free  transition at x/c =  0.1276   33

  43   rms: 0.4421E-01   max: 0.6488E+00   T at   33  2
       a = -3.500      CL =  0.0179
      Cm = -0.1136     CD =  0.06359   =>   CDf =  0.00440    CDp =  0.05919

 Side 1  free  transition at x/c =  0.7761   62
 Side 2  free  transition at x/c =  0.1220   33

  44   rms: 0.6721E-01   max: -.2423E+00   D at   69  2
       a = -3.500      CL =  0.0249
      Cm = -0.1168     CD =  0.06311   =>   CDf =  0.00412    CDp =  0.05899

 Side 1  free  transition at x/c =  0.7762   62
 Side 2  free  transition at x/c =  0.1249   33

  45   rms: 0.2162E-01   max: -.1757E+00   T at   33  2
       a = -3.500      CL =  0.0300
      Cm = -0.1181     CD =  0.06273   =>   CDf =  0.00433    CDp =  0.05840

 Side 1  free  transition at x/c =  0.7761   62
 Side 2  free  transition at x/c =  0.1273   33

  46   rms: 0.1458E+00   max: -.1961E+01   T at   33  2   RLX: 0.255
       a = -3.500      CL =  0.0402
      Cm = -0.1219     CD =  0.06254   =>   CDf =  0.00440    CDp =  0.05814

 Side 1  free  transition at x/c =  0.7762   62
 Side 2  free  transition at x/c =  0.1294   33

  47   rms: 0.1175E+00   max: -.6065E+00   T at   33  2   RLX: 0.824
       a = -3.500      CL =  0.0625
      Cm = -0.1310     CD =  0.06173   =>   CDf =  0.00438    CDp =  0.05735

 Side 1  free  transition at x/c =  0.7762   62
 Side 2  free  transition at x/c =  0.1277   33

  48   rms: 0.2088E+00   max: 0.8101E+00   D at   40  2
       a = -3.500      CL =  0.0391
      Cm = -0.1171     CD =  0.06718   =>   CDf =  0.00493    CDp =  0.06224

 Side 1  free  transition at x/c =  0.7754   62
 Side 2  free  transition at x/c =  0.1267   33

  49   rms: 0.9314E-01   max: -.3974E+00   T at   33  2
       a = -3.500      CL =  0.0470
      Cm = -0.1233     CD =  0.06232   =>   CDf =  0.00497    CDp =  0.05735

 Side 1  free  transition at x/c =  0.7761   62
 Side 2  free  transition at x/c =  0.1312   33

  50   rms: 0.1077E+00   max: -.4138E+00   T at   34  2
       a = -3.500      CL =  0.0244
      Cm = -0.1159     CD =  0.06270   =>   CDf =  0.00430    CDp =  0.05840

 Side 1  free  transition at x/c =  0.7763   62
 Side 2  free  transition at x/c =  0.1251   33

  51   rms: 0.5782E-01   max: -.3248E+00   D at   33  2
       a = -3.500      CL =  0.0288
      Cm = -0.1184     CD =  0.06282   =>   CDf =  0.00418    CDp =  0.05864

 Side 1  free  transition at x/c =  0.7762   62
 Side 2  free  transition at x/c =  0.1264   33

  52   rms: 0.1655E-01   max: -.2341E+00   T at   33  2
       a = -3.500      CL =  0.0343
      Cm = -0.1196     CD =  0.06251   =>   CDf =  0.00440    CDp =  0.05811

 Side 1  free  transition at x/c =  0.7761   62
 Side 2  free  transition at x/c =  0.1296   33

  53   rms: 0.2756E-01   max: 0.1430E+00   T at   33  2
       a = -3.500      CL =  0.0320
      Cm = -0.1188     CD =  0.06259   =>   CDf =  0.00442    CDp =  0.05817

 Side 1  free  transition at x/c =  0.7761   62
 Side 2  free  transition at x/c =  0.1285   33

  54   rms: 0.1548E-01   max: 0.1816E+00   T at   33  2
       a = -3.500      CL =  0.0295
      Cm = -0.1179     CD =  0.06273   =>   CDf =  0.00442    CDp =  0.05831

 Side 1  free  transition at x/c =  0.7761   62
 Side 2  free  transition at x/c =  0.1269   33

  55   rms: 0.3428E-01   max: -.3763E+00   T at   33  2
       a = -3.500      CL =  0.0379
      Cm = -0.1211     CD =  0.06211   =>   CDf =  0.00437    CDp =  0.05774

 Side 1  free  transition at x/c =  0.7762   62
 Side 2  free  transition at x/c =  0.1294   33

  56   rms: 0.1959E+00   max: -.1160E+01   T at   33  2   RLX: 0.431
       a = -3.500      CL =  0.0552
      Cm = -0.1299     CD =  0.06368   =>   CDf =  0.00433    CDp =  0.05936

 Side 1  free  transition at x/c =  0.7762   62
 Side 2  free  transition at x/c =  0.1260   33

  57   rms: 0.2016E+00   max: 0.8507E+00   D at   41  2   RLX: 0.929
       a = -3.500      CL =  0.0303
      Cm = -0.1135     CD =  0.06799   =>   CDf =  0.00476    CDp =  0.06324

 Side 1  free  transition at x/c =  0.7754   62
 Side 2  free  transition at x/c =  0.1218   33

  58   rms: 0.5182E-01   max: -.5156E+00   D at   33  2   RLX: 0.970
       a = -3.500      CL =  0.0333
      Cm = -0.1179     CD =  0.06344   =>   CDf =  0.00462    CDp =  0.05882

 Side 1  free  transition at x/c =  0.7761   62
 Side 2  free  transition at x/c =  0.1252   33

  59   rms: 0.2260E-01   max: -.1578E+00   T at   33  2
       a = -3.500      CL =  0.0306
      Cm = -0.1182     CD =  0.06278   =>   CDf =  0.00434    CDp =  0.05844

 Side 1  free  transition at x/c =  0.7761   62
 Side 2  free  transition at x/c =  0.1274   33

  60   rms: 0.1645E+00   max: 0.2306E+01   T at   33  2   RLX: 0.590
       a = -3.500      CL =  0.0031
      Cm = -0.1084     CD =  0.06476   =>   CDf =  0.00441    CDp =  0.06035

 Side 1  free  transition at x/c =  0.7761   62
 Side 2  free  transition at x/c =  0.1166   33

  61   rms: 0.1446E+00   max: -.5822E+00   D at   34  2   RLX: 0.859
       a = -3.500      CL = -0.0195
      Cm = -0.1017     CD =  0.07119   =>   CDf =  0.00390    CDp =  0.06729

 Side 1  free  transition at x/c =  0.7755   62
 Side 2  free  transition at x/c =  0.1177   33

  62   rms: 0.7644E-01   max: -.5821E+00   T at   33  2   RLX: 0.859
       a = -3.500      CL =  0.0090
      Cm = -0.1095     CD =  0.06542   =>   CDf =  0.00422    CDp =  0.06120

 Side 1  free  transition at x/c =  0.7759   62
 Side 2  free  transition at x/c =  0.1204   33

  63   rms: 0.8070E-01   max: -.2895E+00   D at   33  2
       a = -3.500      CL =  0.0186
      Cm = -0.1150     CD =  0.06359   =>   CDf =  0.00406    CDp =  0.05953

 Side 1  free  transition at x/c =  0.7761   62
 Side 2  free  transition at x/c =  0.1233   33

  64   rms: 0.2740E-01   max: -.2181E+00   T at   33  2
       a = -3.500      CL =  0.0275
      Cm = -0.1172     CD =  0.06297   =>   CDf =  0.00429    CDp =  0.05868

 Side 1  free  transition at x/c =  0.7761   62
 Side 2  free  transition at x/c =  0.1261   33

  65   rms: 0.2072E-01   max: -.1926E+00   T at   33  2
       a = -3.500      CL =  0.0327
      Cm = -0.1191     CD =  0.06252   =>   CDf =  0.00436    CDp =  0.05816

 Side 1  free  transition at x/c =  0.7761   62
 Side 2  free  transition at x/c =  0.1287   33

  66   rms: 0.1607E-01   max: 0.1632E+00   T at   33  2
       a = -3.500      CL =  0.0303
      Cm = -0.1182     CD =  0.06269   =>   CDf =  0.00442    CDp =  0.05826

 Side 1  free  transition at x/c =  0.7761   62
 Side 2  free  transition at x/c =  0.1273   33

  67   rms: 0.2882E+00   max: -.3873E+01   T at   33  2   RLX: 0.129
       a = -3.500      CL =  0.0400
      Cm = -0.1219     CD =  0.06270   =>   CDf =  0.00439    CDp =  0.05831

 Side 1  free  transition at x/c =  0.7762   62
 Side 2  free  transition at x/c =  0.1297   33

  68   rms: 0.1870E+00   max: -.9530E+00   T at   33  2   RLX: 0.525
       a = -3.500      CL =  0.0616
      Cm = -0.1323     CD =  0.06284   =>   CDf =  0.00436    CDp =  0.05848

 Side 1  free  transition at x/c =  0.7762   62
 Side 2  free  transition at x/c =  0.1265   33

  69   rms: 0.2388E+00   max: 0.9929E+00   D at   40  2   RLX: 0.954
       a = -3.500      CL =  0.0336
      Cm = -0.1147     CD =  0.06803   =>   CDf =  0.00487    CDp =  0.06316

 Side 1  free  transition at x/c =  0.7753   62
 Side 2  free  transition at x/c =  0.1237   33

  70   rms: 0.8795E-01   max: -.4665E+00   D at   33  2
       a = -3.500      CL =  0.0403
      Cm = -0.1211     CD =  0.06265   =>   CDf =  0.00487    CDp =  0.05779

 Side 1  free  transition at x/c =  0.7761   62
 Side 2  free  transition at x/c =  0.1278   33

  71   rms: 0.3133E-01   max: 0.4252E+00   T at   33  2
       a = -3.500      CL =  0.0230
      Cm = -0.1157     CD =  0.06299   =>   CDf =  0.00436    CDp =  0.05863

 Side 1  free  transition at x/c =  0.7762   62
 Side 2  free  transition at x/c =  0.1243   33

  72   rms: 0.4097E-01   max: -.1817E+00   T at   33  2
       a = -3.500      CL =  0.0289
      Cm = -0.1180     CD =  0.06266   =>   CDf =  0.00424    CDp =  0.05842

 Side 1  free  transition at x/c =  0.7762   62
 Side 2  free  transition at x/c =  0.1268   33

  73   rms: 0.2632E-01   max: -.3041E+00   T at   33  2
       a = -3.500      CL =  0.0361
      Cm = -0.1203     CD =  0.06231   =>   CDf =  0.00438    CDp =  0.05792

 Side 1  free  transition at x/c =  0.7761   62
 Side 2  free  transition at x/c =  0.1312   33

  74   rms: 0.8471E-01   max: -.2695E+00   D at   34  2
       a = -3.500      CL =  0.0336
      Cm = -0.1192     CD =  0.06285   =>   CDf =  0.00434    CDp =  0.05852

 Side 1  free  transition at x/c =  0.7762   62
 Side 2  free  transition at x/c =  0.1302   33

  75   rms: 0.3462E-01   max: 0.1781E+00   T at   33  2
       a = -3.500      CL =  0.0322
      Cm = -0.1189     CD =  0.06251   =>   CDf =  0.00446    CDp =  0.05805

 Side 1  free  transition at x/c =  0.7762   62
 Side 2  free  transition at x/c =  0.1289   33

  76   rms: 0.2156E-01   max: 0.1561E+00   T at   33  2
       a = -3.500      CL =  0.0305
      Cm = -0.1184     CD =  0.06261   =>   CDf =  0.00440    CDp =  0.05821

 Side 1  free  transition at x/c =  0.7761   62
 Side 2  free  transition at x/c =  0.1276   33

  77   rms: 0.4174E-01   max: 0.6134E+00   T at   33  2
       a = -3.500      CL =  0.0187
      Cm = -0.1139     CD =  0.06354   =>   CDf =  0.00440    CDp =  0.05914

 Side 1  free  transition at x/c =  0.7761   62
 Side 2  free  transition at x/c =  0.1223   33

  78   rms: 0.6334E-01   max: -.2310E+00   T at   33  2
       a = -3.500      CL =  0.0253
      Cm = -0.1169     CD =  0.06304   =>   CDf =  0.00413    CDp =  0.05891

 Side 1  free  transition at x/c =  0.7762   62
 Side 2  free  transition at x/c =  0.1251   33

  79   rms: 0.2068E-01   max: -.1739E+00   T at   33  2
       a = -3.500      CL =  0.0304
      Cm = -0.1183     CD =  0.06269   =>   CDf =  0.00433    CDp =  0.05835

 Side 1  free  transition at x/c =  0.7761   62
 Side 2  free  transition at x/c =  0.1275   33

  80   rms: 0.1019E+00   max: 0.1441E+01   T at   33  2   RLX: 0.941
       a = -3.500      CL =  0.0030
      Cm = -0.1083     CD =  0.06464   =>   CDf =  0.00440    CDp =  0.06024

 Side 1  free  transition at x/c =  0.7761   62
 Side 2  free  transition at x/c =  0.1166   33

  81   rms: 0.1443E+00   max: -.5823E+00   D at   34  2   RLX: 0.859
       a = -3.500      CL = -0.0195
      Cm = -0.1017     CD =  0.07117   =>   CDf =  0.00390    CDp =  0.06727

 Side 1  free  transition at x/c =  0.7755   62
 Side 2  free  transition at x/c =  0.1177   33

  82   rms: 0.7577E-01   max: -.5822E+00   T at   33  2   RLX: 0.859
       a = -3.500      CL =  0.0092
      Cm = -0.1096     CD =  0.06538   =>   CDf =  0.00422    CDp =  0.06116

 Side 1  free  transition at x/c =  0.7759   62
 Side 2  free  transition at x/c =  0.1205   33

  83   rms: 0.8041E-01   max: -.2886E+00   D at   33  2
       a = -3.500      CL =  0.0189
      Cm = -0.1150     CD =  0.06359   =>   CDf =  0.00406    CDp =  0.05952

 Side 1  free  transition at x/c =  0.7761   62
 Side 2  free  transition at x/c =  0.1233   33

  84   rms: 0.2727E-01   max: -.2170E+00   T at   33  2
       a = -3.500      CL =  0.0276
      Cm = -0.1172     CD =  0.06297   =>   CDf =  0.00429    CDp =  0.05868

 Side 1  free  transition at x/c =  0.7761   62
 Side 2  free  transition at x/c =  0.1262   33

  85   rms: 0.2076E-01   max: -.1944E+00   T at   33  2
       a = -3.500      CL =  0.0328
      Cm = -0.1191     CD =  0.06251   =>   CDf =  0.00436    CDp =  0.05815

 Side 1  free  transition at x/c =  0.7761   62
 Side 2  free  transition at x/c =  0.1288   33

  86   rms: 0.1637E-01   max: 0.1604E+00   T at   33  2
       a = -3.500      CL =  0.0304
      Cm = -0.1182     CD =  0.06268   =>   CDf =  0.00442    CDp =  0.05825

 Side 1  free  transition at x/c =  0.7761   62
 Side 2  free  transition at x/c =  0.1274   33

  87   rms: 0.3271E+00   max: 0.4524E+01   T at   33  2   RLX: 0.303
       a = -3.500      CL =  0.0010
      Cm = -0.1075     CD =  0.06536   =>   CDf =  0.00439    CDp =  0.06097

 Side 1  free  transition at x/c =  0.7760   62
 Side 2  free  transition at x/c =  0.1161   33

  88   rms: 0.1596E+00   max: -.6434E+00   D at   34  2   RLX: 0.777
       a = -3.500      CL = -0.0318
      Cm = -0.0968     CD =  0.07553   =>   CDf =  0.00389    CDp =  0.07164

 Side 1  free  transition at x/c =  0.7753   62
 Side 2  free  transition at x/c =  0.1167   33

  89   rms: 0.1058E+00   max: -.7125E+00   T at   33  2   RLX: 0.702
       a = -3.500      CL = -0.0021
      Cm = -0.1052     CD =  0.06767   =>   CDf =  0.00421    CDp =  0.06346

 Side 1  free  transition at x/c =  0.7758   62
 Side 2  free  transition at x/c =  0.1185   33

  90   rms: 0.1004E+00   max: -.3593E+00   D at   83  2
       a = -3.500      CL =  0.0071
      Cm = -0.1112     CD =  0.06458   =>   CDf =  0.00400    CDp =  0.06057

 Side 1  free  transition at x/c =  0.7759   62
 Side 2  free  transition at x/c =  0.1210   33

  91   rms: 0.4046E-01   max: -.3104E+00   T at   33  2
       a = -3.500      CL =  0.0231
      Cm = -0.1155     CD =  0.06339   =>   CDf =  0.00423    CDp =  0.05916

 Side 1  free  transition at x/c =  0.7761   62
 Side 2  free  transition at x/c =  0.1245   33

  92   rms: 0.2896E-01   max: -.1714E+00   T at   33  2
       a = -3.500      CL =  0.0291
      Cm = -0.1179     CD =  0.06277   =>   CDf =  0.00429    CDp =  0.05848

 Side 1  free  transition at x/c =  0.7761   62
 Side 2  free  transition at x/c =  0.1269   33

  93   rms: 0.2990E-01   max: -.3630E+00   T at   33  2
       a = -3.500      CL =  0.0375
      Cm = -0.1208     CD =  0.06220   =>   CDf =  0.00439    CDp =  0.05781

 Side 1  free  transition at x/c =  0.7762   62
 Side 2  free  transition at x/c =  0.1292   33

  94   rms: 0.1478E+00   max: -.8697E+00   T at   33  2   RLX: 0.575
       a = -3.500      CL =  0.0556
      Cm = -0.1293     CD =  0.06308   =>   CDf =  0.00433    CDp =  0.05875

 Side 1  free  transition at x/c =  0.7762   62
 Side 2  free  transition at x/c =  0.1264   33

  95   rms: 0.1877E+00   max: 0.7724E+00   D at   41  2   RLX: 0.967
       a = -3.500      CL =  0.0322
      Cm = -0.1141     CD =  0.06782   =>   CDf =  0.00477    CDp =  0.06305

 Side 1  free  transition at x/c =  0.7755   62
 Side 2  free  transition at x/c =  0.1224   33

  96   rms: 0.5399E-01   max: -.4823E+00   D at   33  2
       a = -3.500      CL =  0.0340
      Cm = -0.1185     CD =  0.06327   =>   CDf =  0.00464    CDp =  0.05862

 Side 1  free  transition at x/c =  0.7761   62
 Side 2  free  transition at x/c =  0.1259   33

  97   rms: 0.2445E-01   max: -.1680E+00   T at   33  2
       a = -3.500      CL =  0.0320
      Cm = -0.1188     CD =  0.06266   =>   CDf =  0.00434    CDp =  0.05832

 Side 1  free  transition at x/c =  0.7761   62
 Side 2  free  transition at x/c =  0.1282   33

  98   rms: 0.1734E-01   max: 0.2441E+00   T at   33  2
       a = -3.500      CL =  0.0278
      Cm = -0.1173     CD =  0.06283   =>   CDf =  0.00442    CDp =  0.05841

 Side 1  free  transition at x/c =  0.7761   62
 Side 2  free  transition at x/c =  0.1260   33

  99   rms: 0.2537E-01   max: -.1803E+00   T at   33  2
       a = -3.500      CL =  0.0320
      Cm = -0.1190     CD =  0.06250   =>   CDf =  0.00433    CDp =  0.05817

 Side 1  free  transition at x/c =  0.7762   62
 Side 2  free  transition at x/c =  0.1284   33

 100   rms: 0.1529E-01   max: 0.1905E+00   T at   33  2
       a = -3.500      CL =  0.0292
      Cm = -0.1178     CD =  0.06276   =>   CDf =  0.00442    CDp =  0.05834

 Side 1  free  transition at x/c =  0.7761   62
 Side 2  free  transition at x/c =  0.1267   33

 101   rms: 0.2854E-01   max: -.2873E+00   T at   33  2
       a = -3.500      CL =  0.0357
      Cm = -0.1203     CD =  0.06230   =>   CDf =  0.00437    CDp =  0.05793

 Side 1  free  transition at x/c =  0.7762   62
 Side 2  free  transition at x/c =  0.1309   33

 102   rms: 0.6649E-01   max: -.2108E+00   D at   34  2
       a = -3.500      CL =  0.0335
      Cm = -0.1192     CD =  0.06272   =>   CDf =  0.00436    CDp =  0.05836

 Side 1  free  transition at x/c =  0.7762   62
 Side 2  free  transition at x/c =  0.1298   33

 103   rms: 0.2870E-01   max: 0.1616E+00   T at   33  2
       a = -3.500      CL =  0.0322
      Cm = -0.1189     CD =  0.06254   =>   CDf =  0.00444    CDp =  0.05809

 Side 1  free  transition at x/c =  0.7761   62
 Side 2  free  transition at x/c =  0.1287   33

 104   rms: 0.1742E-01   max: 0.1640E+00   T at   33  2
       a = -3.500      CL =  0.0301
      Cm = -0.1181     CD =  0.06269   =>   CDf =  0.00441    CDp =  0.05828

 Side 1  free  transition at x/c =  0.7761   62
 Side 2  free  transition at x/c =  0.1273   33

 105   rms: 0.1435E+00   max: -.1894E+01   T at   33  2   RLX: 0.264
       a = -3.500      CL =  0.0401
      Cm = -0.1220     CD =  0.06257   =>   CDf =  0.00439    CDp =  0.05819

 Side 1  free  transition at x/c =  0.7762   62
 Side 2  free  transition at x/c =  0.1297   33

 106   rms: 0.2048E+00   max: -.1053E+01   T at   33  2   RLX: 0.475
       a = -3.500      CL =  0.0613
      Cm = -0.1324     CD =  0.06303   =>   CDf =  0.00436    CDp =  0.05867

 Side 1  free  transition at x/c =  0.7762   62
 Side 2  free  transition at x/c =  0.1263   33

 107   rms: 0.2410E+00   max: 0.1010E+01   D at   40  2   RLX: 0.940
       a = -3.500      CL =  0.0333
      Cm = -0.1146     CD =  0.06800   =>   CDf =  0.00486    CDp =  0.06313

 Side 1  free  transition at x/c =  0.7753   62
 Side 2  free  transition at x/c =  0.1237   33

 108   rms: 0.8691E-01   max: -.4723E+00   D at   33  2
       a = -3.500      CL =  0.0400
      Cm = -0.1210     CD =  0.06272   =>   CDf =  0.00486    CDp =  0.05786

 Side 1  free  transition at x/c =  0.7761   62
 Side 2  free  transition at x/c =  0.1276   33

 109   rms: 0.4464E-01   max: 0.6709E+00   T at   33  2
       a = -3.500      CL =  0.0172
      Cm = -0.1137     CD =  0.06323   =>   CDf =  0.00437    CDp =  0.05887

 Side 1  free  transition at x/c =  0.7761   62
 Side 2  free  transition at x/c =  0.1224   33

 110   rms: 0.6727E-01   max: -.2442E+00   D at   69  2
       a = -3.500      CL =  0.0254
      Cm = -0.1171     CD =  0.06297   =>   CDf =  0.00412    CDp =  0.05886

 Side 1  free  transition at x/c =  0.7762   62
 Side 2  free  transition at x/c =  0.1251   33

 111   rms: 0.2052E-01   max: -.1749E+00   T at   33  2
       a = -3.500      CL =  0.0305
      Cm = -0.1183     CD =  0.06269   =>   CDf =  0.00433    CDp =  0.05836

 Side 1  free  transition at x/c =  0.7761   62
 Side 2  free  transition at x/c =  0.1275   33

 112   rms: 0.8548E-01   max: 0.1216E+01   T at   33  2
       a = -3.500      CL =  0.0058
      Cm = -0.1094     CD =  0.06438   =>   CDf =  0.00440    CDp =  0.05997

 Side 1  free  transition at x/c =  0.7761   62
 Side 2  free  transition at x/c =  0.1177   33

 113   rms: 0.1239E+00   max: -.4808E+00   D at   34  2
       a = -3.500      CL = -0.0002
      Cm = -0.1089     CD =  0.06614   =>   CDf =  0.00393    CDp =  0.06221

 Side 1  free  transition at x/c =  0.7758   62
 Side 2  free  transition at x/c =  0.1197   33

 114   rms: 0.4342E-01   max: -.4136E+00   T at   33  2
       a = -3.500      CL =  0.0212
      Cm = -0.1144     CD =  0.06377   =>   CDf =  0.00426    CDp =  0.05951

 Side 1  free  transition at x/c =  0.7761   62
 Side 2  free  transition at x/c =  0.1235   33

 115   rms: 0.4718E-01   max: -.1766E+00   T at   33  2
       a = -3.500      CL =  0.0269
      Cm = -0.1173     CD =  0.06291   =>   CDf =  0.00421    CDp =  0.05870

 Side 1  free  transition at x/c =  0.7762   62
 Side 2  free  transition at x/c =  0.1259   33

 116   rms: 0.1770E-01   max: -.1852E+00   T at   33  2
       a = -3.500      CL =  0.0322
      Cm = -0.1189     CD =  0.06257   =>   CDf =  0.00437    CDp =  0.05820

 Side 1  free  transition at x/c =  0.7761   62
 Side 2  free  transition at x/c =  0.1284   33

 117   rms: 0.1546E-01   max: 0.1929E+00   T at   33  2
       a = -3.500      CL =  0.0291
      Cm = -0.1178     CD =  0.06276   =>   CDf =  0.00442    CDp =  0.05834

 Side 1  free  transition at x/c =  0.7761   62
 Side 2  free  transition at x/c =  0.1267   33

 118   rms: 0.2802E-01   max: -.2768E+00   T at   33  2
       a = -3.500      CL =  0.0354
      Cm = -0.1202     CD =  0.06231   =>   CDf =  0.00436    CDp =  0.05794

 Side 1  free  transition at x/c =  0.7762   62
 Side 2  free  transition at x/c =  0.1307   33

 119   rms: 0.5672E-01   max: -.1796E+00   D at   34  2
       a = -3.500      CL =  0.0332
      Cm = -0.1192     CD =  0.06267   =>   CDf =  0.00438    CDp =  0.05830

 Side 1  free  transition at x/c =  0.7762   62
 Side 2  free  transition at x/c =  0.1296   33

 120   rms: 0.2492E-01   max: 0.1556E+00   T at   33  2
       a = -3.500      CL =  0.0320
      Cm = -0.1188     CD =  0.06256   =>   CDf =  0.00444    CDp =  0.05812

 Side 1  free  transition at x/c =  0.7761   62
 Side 2  free  transition at x/c =  0.1285   33

 121   rms: 0.1605E-01   max: 0.1817E+00   T at   33  2
       a = -3.500      CL =  0.0293
      Cm = -0.1179     CD =  0.06274   =>   CDf =  0.00441    CDp =  0.05833

 Side 1  free  transition at x/c =  0.7761   62
 Side 2  free  transition at x/c =  0.1269   33

 122   rms: 0.3216E-01   max: -.3471E+00   T at   33  2
       a = -3.500      CL =  0.0372
      Cm = -0.1208     CD =  0.06216   =>   CDf =  0.00437    CDp =  0.05779

 Side 1  free  transition at x/c =  0.7762   62
 Side 2  free  transition at x/c =  0.1291   33

 123   rms: 0.1371E+00   max: -.7946E+00   T at   33  2   RLX: 0.629
       a = -3.500      CL =  0.0557
      Cm = -0.1293     CD =  0.06288   =>   CDf =  0.00432    CDp =  0.05856

 Side 1  free  transition at x/c =  0.7762   62
 Side 2  free  transition at x/c =  0.1266   33

 124   rms: 0.1797E+00   max: 0.7373E+00   D at   42  2   RLX: 0.985
       a = -3.500      CL =  0.0326
      Cm = -0.1142     CD =  0.06778   =>   CDf =  0.00476    CDp =  0.06302

 Side 1  free  transition at x/c =  0.7755   62
 Side 2  free  transition at x/c =  0.1226   33

 125   rms: 0.5506E-01   max: -.4668E+00   D at   33  2
       a = -3.500      CL =  0.0345
      Cm = -0.1188     CD =  0.06317   =>   CDf =  0.00466    CDp =  0.05851

 Side 1  free  transition at x/c =  0.7761   62
 Side 2  free  transition at x/c =  0.1261   33

 126   rms: 0.2547E-01   max: -.1840E+00   T at   33  2
       a = -3.500      CL =  0.0329
      Cm = -0.1191     CD =  0.06259   =>   CDf =  0.00435    CDp =  0.05825

 Side 1  free  transition at x/c =  0.7762   62
 Side 2  free  transition at x/c =  0.1287   33

 127   rms: 0.1560E-01   max: 0.1718E+00   T at   33  2
       a = -3.500      CL =  0.0301
      Cm = -0.1181     CD =  0.06269   =>   CDf =  0.00443    CDp =  0.05826

 Side 1  free  transition at x/c =  0.7761   62
 Side 2  free  transition at x/c =  0.1272   33

 128   rms: 0.8045E-01   max: -.1023E+01   T at   33  2   RLX: 0.489
       a = -3.500      CL =  0.0403
      Cm = -0.1220     CD =  0.06240   =>   CDf =  0.00438    CDp =  0.05801

 Side 1  free  transition at x/c =  0.7762   62
 Side 2  free  transition at x/c =  0.1298   33

 129   rms: 0.2454E+00   max: -.1277E+01   T at   33  2   RLX: 0.392
       a = -3.500      CL =  0.0609
      Cm = -0.1325     CD =  0.06351   =>   CDf =  0.00436    CDp =  0.05916

 Side 1  free  transition at x/c =  0.7762   62
 Side 2  free  transition at x/c =  0.1261   33

 130   rms: 0.2431E+00   max: 0.1032E+01   D at   40  2   RLX: 0.921
       a = -3.500      CL =  0.0329
      Cm = -0.1145     CD =  0.06792   =>   CDf =  0.00485    CDp =  0.06308

 Side 1  free  transition at x/c =  0.7753   62
 Side 2  free  transition at x/c =  0.1237   33

 131   rms: 0.8556E-01   max: -.4781E+00   D at   33  2
       a = -3.500      CL =  0.0398
      Cm = -0.1208     CD =  0.06281   =>   CDf =  0.00485    CDp =  0.05797

 Side 1  free  transition at x/c =  0.7761   62
 Side 2  free  transition at x/c =  0.1275   33

 132   rms: 0.1016E+00   max: 0.1532E+01   T at   33  2   RLX: 0.882
       a = -3.500      CL =  0.0028
      Cm = -0.1087     CD =  0.06403   =>   CDf =  0.00437    CDp =  0.05966

 Side 1  free  transition at x/c =  0.7761   62
 Side 2  free  transition at x/c =  0.1175   33

 133   rms: 0.1317E+00   max: -.5221E+00   D at   34  2   RLX: 0.958
       a = -3.500      CL = -0.0095
      Cm = -0.1068     CD =  0.06744   =>   CDf =  0.00391    CDp =  0.06353

 Side 1  free  transition at x/c =  0.7756   62
 Side 2  free  transition at x/c =  0.1189   33

 134   rms: 0.4857E-01   max: -.4865E+00   T at   33  2
       a = -3.500      CL =  0.0199
      Cm = -0.1138     CD =  0.06385   =>   CDf =  0.00430    CDp =  0.05955

 Side 1  free  transition at x/c =  0.7761   62
 Side 2  free  transition at x/c =  0.1228   33

 135   rms: 0.6440E-01   max: -.2359E+00   D at   70  2
       a = -3.500      CL =  0.0256
      Cm = -0.1173     CD =  0.06296   =>   CDf =  0.00413    CDp =  0.05883

 Side 1  free  transition at x/c =  0.7762   62
 Side 2  free  transition at x/c =  0.1253   33

 136   rms: 0.1773E-01   max: -.1762E+00   T at   33  2
       a = -3.500      CL =  0.0309
      Cm = -0.1184     CD =  0.06268   =>   CDf =  0.00435    CDp =  0.05833

 Side 1  free  transition at x/c =  0.7761   62
 Side 2  free  transition at x/c =  0.1277   33

 137   rms: 0.3832E-01   max: 0.5604E+00   T at   33  2
       a = -3.500      CL =  0.0201
      Cm = -0.1144     CD =  0.06340   =>   CDf =  0.00441    CDp =  0.05899

 Side 1  free  transition at x/c =  0.7761   62
 Side 2  free  transition at x/c =  0.1228   33

 138   rms: 0.5728E-01   max: -.2137E+00   T at   33  2
       a = -3.500      CL =  0.0260
      Cm = -0.1172     CD =  0.06293   =>   CDf =  0.00416    CDp =  0.05877

 Side 1  free  transition at x/c =  0.7762   62
 Side 2  free  transition at x/c =  0.1255   33

 139   rms: 0.1932E-01   max: -.1748E+00   T at   33  2
       a = -3.500      CL =  0.0312
      Cm = -0.1186     CD =  0.06262   =>   CDf =  0.00435    CDp =  0.05828

 Side 1  free  transition at x/c =  0.7761   62
 Side 2  free  transition at x/c =  0.1279   33

 140   rms: 0.2190E-01   max: 0.3218E+00   T at   33  2
       a = -3.500      CL =  0.0254
      Cm = -0.1164     CD =  0.06303   =>   CDf =  0.00441    CDp =  0.05862

 Side 1  free  transition at x/c =  0.7761   62
 Side 2  free  transition at x/c =  0.1250   33

 141   rms: 0.3149E-01   max: -.1694E+00   T at   33  2
       a = -3.500      CL =  0.0298
      Cm = -0.1182     CD =  0.06264   =>   CDf =  0.00428    CDp =  0.05835

 Side 1  free  transition at x/c =  0.7762   62
 Side 2  free  transition at x/c =  0.1272   33

 142   rms: 0.9592E-01   max: -.1272E+01   T at   33  2   RLX: 0.393
       a = -3.500      CL =  0.0403
      Cm = -0.1220     CD =  0.06239   =>   CDf =  0.00440    CDp =  0.05800

 Side 1  free  transition at x/c =  0.7762   62
 Side 2  free  transition at x/c =  0.1296   33

 143   rms: 0.1513E+00   max: -.7810E+00   T at   33  2   RLX: 0.640
       a = -3.500      CL =  0.0617
      Cm = -0.1317     CD =  0.06230   =>   CDf =  0.00437    CDp =  0.05792

 Side 1  free  transition at x/c =  0.7762   62
 Side 2  free  transition at x/c =  0.1269   33

 144   rms: 0.2310E+00   max: 0.9367E+00   D at   40  2   RLX: 0.989
       a = -3.500      CL =  0.0359
      Cm = -0.1154     CD =  0.06804   =>   CDf =  0.00490    CDp =  0.06314

 Side 1  free  transition at x/c =  0.7753   62
 Side 2  free  transition at x/c =  0.1242   33

 145   rms: 0.9154E-01   max: -.4381E+00   D at   33  2
       a = -3.500      CL =  0.0416
      Cm = -0.1217     CD =  0.06243   =>   CDf =  0.00491    CDp =  0.05753

 Side 1  free  transition at x/c =  0.7761   62
 Side 2  free  transition at x/c =  0.1287   33

 146   rms: 0.3006E-01   max: 0.1823E+00   T at   33  2
       a = -3.500      CL =  0.0299
      Cm = -0.1182     CD =  0.06264   =>   CDf =  0.00436    CDp =  0.05828

 Side 1  free  transition at x/c =  0.7762   62
 Side 2  free  transition at x/c =  0.1272   33

 147   rms: 0.9408E-01   max: -.1211E+01   T at   33  2   RLX: 0.413
       a = -3.500      CL =  0.0400
      Cm = -0.1220     CD =  0.06251   =>   CDf =  0.00438    CDp =  0.05813

 Side 1  free  transition at x/c =  0.7762   62
 Side 2  free  transition at x/c =  0.1297   33

 148   rms: 0.1975E+00   max: -.1017E+01   T at   33  2   RLX: 0.491
       a = -3.500      CL =  0.0614
      Cm = -0.1323     CD =  0.06299   =>   CDf =  0.00436    CDp =  0.05863

 Side 1  free  transition at x/c =  0.7762   62
 Side 2  free  transition at x/c =  0.1264   33

 149   rms: 0.2383E+00   max: 0.9954E+00   D at   40  2   RLX: 0.944
       a = -3.500      CL =  0.0335
      Cm = -0.1147     CD =  0.06794   =>   CDf =  0.00487    CDp =  0.06307

 Side 1  free  transition at x/c =  0.7753   62
 Side 2  free  transition at x/c =  0.1238   33

 150   rms: 0.8678E-01   max: -.4662E+00   D at   33  2
       a = -3.500      CL =  0.0400
      Cm = -0.1210     CD =  0.06271   =>   CDf =  0.00486    CDp =  0.05785

 Side 1  free  transition at x/c =  0.7761   62
 Side 2  free  transition at x/c =  0.1277   33

 151   rms: 0.3339E-01   max: 0.4735E+00   T at   33  2
       a = -3.500      CL =  0.0218
      Cm = -0.1153     CD =  0.06304   =>   CDf =  0.00437    CDp =  0.05867

 Side 1  free  transition at x/c =  0.7761   62
 Side 2  free  transition at x/c =  0.1239   33

 152   rms: 0.4605E-01   max: -.1873E+00   T at   33  2
       a = -3.500      CL =  0.0281
      Cm = -0.1178     CD =  0.06272   =>   CDf =  0.00421    CDp =  0.05850

 Side 1  free  transition at x/c =  0.7762   62
 Side 2  free  transition at x/c =  0.1264   33

 153   rms: 0.2085E-01   max: -.2207E+00   T at   33  2
       a = -3.500      CL =  0.0337
      Cm = -0.1195     CD =  0.06243   =>   CDf =  0.00437    CDp =  0.05806

 Side 1  free  transition at x/c =  0.7761   62
 Side 2  free  transition at x/c =  0.1294   33

 154   rms: 0.2361E-01   max: 0.1431E+00   T at   33  2
       a = -3.500      CL =  0.0318
      Cm = -0.1187     CD =  0.06261   =>   CDf =  0.00442    CDp =  0.05819

 Side 1  free  transition at x/c =  0.7761   62
 Side 2  free  transition at x/c =  0.1283   33

 155   rms: 0.1548E-01   max: 0.2042E+00   T at   33  2
       a = -3.500      CL =  0.0285
      Cm = -0.1175     CD =  0.06282   =>   CDf =  0.00441    CDp =  0.05841

 Side 1  free  transition at x/c =  0.7761   62
 Side 2  free  transition at x/c =  0.1264   33

 156   rms: 0.2478E-01   max: -.2160E+00   T at   33  2
       a = -3.500      CL =  0.0336
      Cm = -0.1195     CD =  0.06240   =>   CDf =  0.00435    CDp =  0.05805

 Side 1  free  transition at x/c =  0.7762   62
 Side 2  free  transition at x/c =  0.1293   33

 157   rms: 0.2214E-01   max: 0.1434E+00   T at   33  2
       a = -3.500      CL =  0.0316
      Cm = -0.1187     CD =  0.06262   =>   CDf =  0.00442    CDp =  0.05820

 Side 1  free  transition at x/c =  0.7761   62
 Side 2  free  transition at x/c =  0.1281   33

 158   rms: 0.1635E-01   max: 0.2265E+00   T at   33  2
       a = -3.500      CL =  0.0278
      Cm = -0.1173     CD =  0.06287   =>   CDf =  0.00441    CDp =  0.05846

 Side 1  free  transition at x/c =  0.7761   62
 Side 2  free  transition at x/c =  0.1261   33

 159   rms: 0.2432E-01   max: -.1834E+00   T at   33  2
       a = -3.500      CL =  0.0322
      Cm = -0.1190     CD =  0.06250   =>   CDf =  0.00434    CDp =  0.05816

 Side 1  free  transition at x/c =  0.7762   62
 Side 2  free  transition at x/c =  0.1285   33

 160   rms: 0.1526E-01   max: 0.1814E+00   T at   33  2
       a = -3.500      CL =  0.0295
      Cm = -0.1179     CD =  0.06274   =>   CDf =  0.00442    CDp =  0.05832

 Side 1  free  transition at x/c =  0.7761   62
 Side 2  free  transition at x/c =  0.1269   33

 161   rms: 0.3348E-01   max: -.3651E+00   T at   33  2
       a = -3.500      CL =  0.0376
      Cm = -0.1210     CD =  0.06214   =>   CDf =  0.00437    CDp =  0.05776

 Side 1  free  transition at x/c =  0.7762   62
 Side 2  free  transition at x/c =  0.1293   33

 162   rms: 0.1693E+00   max: -.9985E+00   T at   33  2   RLX: 0.501
       a = -3.500      CL =  0.0554
      Cm = -0.1296     CD =  0.06338   =>   CDf =  0.00432    CDp =  0.05906

 Side 1  free  transition at x/c =  0.7762   62
 Side 2  free  transition at x/c =  0.1262   33

 163   rms: 0.1937E+00   max: 0.8087E+00   D at   41  2   RLX: 0.945
       a = -3.500      CL =  0.0312
      Cm = -0.1138     CD =  0.06788   =>   CDf =  0.00476    CDp =  0.06312

 Side 1  free  transition at x/c =  0.7754   62
 Side 2  free  transition at x/c =  0.1221   33

 164   rms: 0.5250E-01   max: -.4991E+00   D at   33  2
       a = -3.500      CL =  0.0334
      Cm = -0.1182     CD =  0.06339   =>   CDf =  0.00463    CDp =  0.05876

 Side 1  free  transition at x/c =  0.7761   62
 Side 2  free  transition at x/c =  0.1255   33

 165   rms: 0.2380E-01   max: -.1609E+00   T at   33  2
       a = -3.500      CL =  0.0313
      Cm = -0.1185     CD =  0.06270   =>   CDf =  0.00434    CDp =  0.05836

 Side 1  free  transition at x/c =  0.7761   62
 Side 2  free  transition at x/c =  0.1278   33

 166   rms: 0.2700E-01   max: 0.3939E+00   T at   33  2
       a = -3.500      CL =  0.0238
      Cm = -0.1158     CD =  0.06312   =>   CDf =  0.00442    CDp =  0.05870

 Side 1  free  transition at x/c =  0.7761   62
 Side 2  free  transition at x/c =  0.1243   33

 167   rms: 0.3933E-01   max: -.1829E+00   T at   33  2
       a = -3.500      CL =  0.0289
      Cm = -0.1180     CD =  0.06268   =>   CDf =  0.00424    CDp =  0.05844

 Side 1  free  transition at x/c =  0.7762   62
 Side 2  free  transition at x/c =  0.1268   33

 168   rms: 0.2659E-01   max: -.3078E+00   T at   33  2
       a = -3.500      CL =  0.0362
      Cm = -0.1204     CD =  0.06230   =>   CDf =  0.00438    CDp =  0.05792

 Side 1  free  transition at x/c =  0.7761   62
 Side 2  free  transition at x/c =  0.1312   33

 169   rms: 0.8941E-01   max: -.2847E+00   D at   34  2
       a = -3.500      CL =  0.0336
      Cm = -0.1192     CD =  0.06293   =>   CDf =  0.00433    CDp =  0.05860

 Side 1  free  transition at x/c =  0.7762   62
 Side 2  free  transition at x/c =  0.1302   33

 170   rms: 0.3551E-01   max: 0.1853E+00   T at   33  2
       a = -3.500      CL =  0.0322
      Cm = -0.1189     CD =  0.06250   =>   CDf =  0.00447    CDp =  0.05803

 Side 1  free  transition at x/c =  0.7762   62
 Side 2  free  transition at x/c =  0.1289   33

 171   rms: 0.2249E-01   max: 0.1558E+00   T at   33  2
       a = -3.500      CL =  0.0305
      Cm = -0.1184     CD =  0.06262   =>   CDf =  0.00439    CDp =  0.05823

 Side 1  free  transition at x/c =  0.7761   62
 Side 2  free  transition at x/c =  0.1276   33

 172   rms: 0.4355E-01   max: 0.6381E+00   T at   33  2
       a = -3.500      CL =  0.0182
      Cm = -0.1137     CD =  0.06357   =>   CDf =  0.00440    CDp =  0.05918

 Side 1  free  transition at x/c =  0.7761   62
 Side 2  free  transition at x/c =  0.1221   33

 173   rms: 0.6604E-01   max: -.2380E+00   D at   68  2
       a = -3.500      CL =  0.0248
      Cm = -0.1168     CD =  0.06309   =>   CDf =  0.00412    CDp =  0.05897

 Side 1  free  transition at x/c =  0.7762   62
 Side 2  free  transition at x/c =  0.1249   33

 174   rms: 0.2114E-01   max: -.1754E+00   T at   33  2
       a = -3.500      CL =  0.0301
      Cm = -0.1182     CD =  0.06272   =>   CDf =  0.00433    CDp =  0.05839

 Side 1  free  transition at x/c =  0.7761   62
 Side 2  free  transition at x/c =  0.1273   33

 175   rms: 0.2663E+00   max: -.3618E+01   T at   33  2   RLX: 0.138
       a = -3.500      CL =  0.0401
      Cm = -0.1218     CD =  0.06262   =>   CDf =  0.00440    CDp =  0.05822

 Side 1  free  transition at x/c =  0.7762   62
 Side 2  free  transition at x/c =  0.1293   33

 176   rms: 0.1084E+00   max: -.5594E+00   T at   33  2   RLX: 0.894
       a = -3.500      CL =  0.0627
      Cm = -0.1308     CD =  0.06165   =>   CDf =  0.00438    CDp =  0.05727

 Side 1  free  transition at x/c =  0.7761   62
 Side 2  free  transition at x/c =  0.1280   33

 177   rms: 0.1972E+00   max: 0.7539E+00   D at   41  2
       a = -3.500      CL =  0.0412
      Cm = -0.1180     CD =  0.06671   =>   CDf =  0.00494    CDp =  0.06177

 Side 1  free  transition at x/c =  0.7755   62
 Side 2  free  transition at x/c =  0.1282   33

 178   rms: 0.9077E-01   max: -.7001E+00   T at   33  2   RLX: 0.714
       a = -3.500      CL =  0.0540
      Cm = -0.1230     CD =  0.06123   =>   CDf =  0.00499    CDp =  0.05624

 Side 1  free  transition at x/c =  0.7759   62
 Side 2  free  transition at x/c =  0.1264   33

 179   rms: 0.1016E+00   max: -.5069E+00   D at   33  2   RLX: 0.986
       a = -3.500      CL =  0.0384
      Cm = -0.1184     CD =  0.06486   =>   CDf =  0.00474    CDp =  0.06013

 Side 1  free  transition at x/c =  0.7759   62
 Side 2  free  transition at x/c =  0.1269   33

 180   rms: 0.3029E-01   max: -.3645E+00   T at   33  2
       a = -3.500      CL =  0.0400
      Cm = -0.1207     CD =  0.06279   =>   CDf =  0.00459    CDp =  0.05820

 Side 1  free  transition at x/c =  0.7761   62
 Side 2  free  transition at x/c =  0.1313   33

 181   rms: 0.1055E+00   max: -.3296E+00   T at   34  2
       a = -3.500      CL =  0.0309
      Cm = -0.1184     CD =  0.06272   =>   CDf =  0.00432    CDp =  0.05840

 Side 1  free  transition at x/c =  0.7762   62
 Side 2  free  transition at x/c =  0.1293   33

 182   rms: 0.3079E-01   max: 0.2502E+00   T at   33  2
       a = -3.500      CL =  0.0286
      Cm = -0.1178     CD =  0.06260   =>   CDf =  0.00441    CDp =  0.05819

 Side 1  free  transition at x/c =  0.7762   62
 Side 2  free  transition at x/c =  0.1270   33

 183   rms: 0.4577E-01   max: -.4365E+00   T at   33  2
       a = -3.500      CL =  0.0391
      Cm = -0.1217     CD =  0.06206   =>   CDf =  0.00433    CDp =  0.05773

 Side 1  free  transition at x/c =  0.7762   62
 Side 2  free  transition at x/c =  0.1311   33

 184   rms: 0.1072E+00   max: -.3998E+00   T at   34  2
       a = -3.500      CL =  0.0244
      Cm = -0.1161     CD =  0.06261   =>   CDf =  0.00429    CDp =  0.05833

 Side 1  free  transition at x/c =  0.7763   62
 Side 2  free  transition at x/c =  0.1253   33

 185   rms: 0.5516E-01   max: -.3125E+00   D at   33  2
       a = -3.500      CL =  0.0296
      Cm = -0.1186     CD =  0.06278   =>   CDf =  0.00420    CDp =  0.05858

 Side 1  free  transition at x/c =  0.7762   62
 Side 2  free  transition at x/c =  0.1267   33

 186   rms: 0.2323E-01   max: -.3297E+00   T at   33  2
       a = -3.500      CL =  0.0369
      Cm = -0.1205     CD =  0.06237   =>   CDf =  0.00441    CDp =  0.05796

 Side 1  free  transition at x/c =  0.7761   62
 Side 2  free  transition at x/c =  0.1315   33

 187   rms: 0.1129E+00   max: -.3548E+00   D at   34  2
       a = -3.500      CL =  0.0345
      Cm = -0.1194     CD =  0.06307   =>   CDf =  0.00430    CDp =  0.05877

 Side 1  free  transition at x/c =  0.7762   62
 Side 2  free  transition at x/c =  0.1306   33

 188   rms: 0.4382E-01   max: -.2286E+00   T at   34  2
       a = -3.500      CL =  0.0317
      Cm = -0.1186     CD =  0.06248   =>   CDf =  0.00449    CDp =  0.05798

 Side 1  free  transition at x/c =  0.7762   62
 Side 2  free  transition at x/c =  0.1287   33

 189   rms: 0.2783E-01   max: 0.1639E+00   T at   33  2
       a = -3.500      CL =  0.0299
      Cm = -0.1182     CD =  0.06261   =>   CDf =  0.00436    CDp =  0.05825

 Side 1  free  transition at x/c =  0.7762   62
 Side 2  free  transition at x/c =  0.1274   33

 190   rms: 0.1370E+00   max: 0.1927E+01   T at   33  2   RLX: 0.708
       a = -3.500      CL =  0.0017
      Cm = -0.1078     CD =  0.06503   =>   CDf =  0.00439    CDp =  0.06064

 Side 1  free  transition at x/c =  0.7760   62
 Side 2  free  transition at x/c =  0.1163   33

 191   rms: 0.1521E+00   max: -.6138E+00   D at   34  2   RLX: 0.815
       a = -3.500      CL = -0.0256
      Cm = -0.0991     CD =  0.07321   =>   CDf =  0.00389    CDp =  0.06932

 Side 1  free  transition at x/c =  0.7755   62
 Side 2  free  transition at x/c =  0.1172   33

 192   rms: 0.9099E-01   max: -.6363E+00   T at   33  2   RLX: 0.786
       a = -3.500      CL =  0.0034
      Cm = -0.1074     CD =  0.06647   =>   CDf =  0.00420    CDp =  0.06227

 Side 1  free  transition at x/c =  0.7759   62
 Side 2  free  transition at x/c =  0.1194   33

 193   rms: 0.9122E-01   max: -.3261E+00   D at   81  2
       a = -3.500      CL =  0.0134
      Cm = -0.1134     CD =  0.06401   =>   CDf =  0.00403    CDp =  0.05999

 Side 1  free  transition at x/c =  0.7760   62
 Side 2  free  transition at x/c =  0.1221   33

 194   rms: 0.3382E-01   max: -.2594E+00   T at   33  2
       a = -3.500      CL =  0.0256
      Cm = -0.1165     CD =  0.06317   =>   CDf =  0.00426    CDp =  0.05892

 Side 1  free  transition at x/c =  0.7761   62
 Side 2  free  transition at x/c =  0.1254   33

 195   rms: 0.2260E-01   max: -.1660E+00   T at   33  2
       a = -3.500      CL =  0.0306
      Cm = -0.1184     CD =  0.06266   =>   CDf =  0.00433    CDp =  0.05833

 Side 1  free  transition at x/c =  0.7761   62
 Side 2  free  transition at x/c =  0.1276   33

 196   rms: 0.4249E-01   max: 0.6146E+00   T at   33  2
       a = -3.500      CL =  0.0190
      Cm = -0.1141     CD =  0.06347   =>   CDf =  0.00441    CDp =  0.05906

 Side 1  free  transition at x/c =  0.7761   62
 Side 2  free  transition at x/c =  0.1224   33

 197   rms: 0.6310E-01   max: -.2281E+00   D at   68  2
       a = -3.500      CL =  0.0255
      Cm = -0.1170     CD =  0.06302   =>   CDf =  0.00413    CDp =  0.05889

 Side 1  free  transition at x/c =  0.7762   62
 Side 2  free  transition at x/c =  0.1252   33

 198   rms: 0.2038E-01   max: -.1738E+00   T at   33  2
       a = -3.500      CL =  0.0305
      Cm = -0.1183     CD =  0.06268   =>   CDf =  0.00434    CDp =  0.05834

 Side 1  free  transition at x/c =  0.7761   62
 Side 2  free  transition at x/c =  0.1275   33

 199   rms: 0.6223E-01   max: 0.8939E+00   T at   33  2
       a = -3.500      CL =  0.0128
      Cm = -0.1118     CD =  0.06388   =>   CDf =  0.00440    CDp =  0.05947

 Side 1  free  transition at x/c =  0.7761   62
 Side 2  free  transition at x/c =  0.1202   33

 200   rms: 0.9183E-01   max: -.3361E+00   D at   75  2
       a = -3.500      CL =  0.0195
      Cm = -0.1152     CD =  0.06384   =>   CDf =  0.00402    CDp =  0.05982

 Side 1  free  transition at x/c =  0.7762   62
 Side 2  free  transition at x/c =  0.1230   33

 201   rms: 0.2945E-01   max: -.2284E+00   T at   33  2
       a = -3.500      CL =  0.0275
      Cm = -0.1171     CD =  0.06304   =>   CDf =  0.00428    CDp =  0.05875

 Side 1  free  transition at x/c =  0.7761   62
 Side 2  free  transition at x/c =  0.1260   33

 202   rms: 0.2103E-01   max: -.1848E+00   T at   33  2
       a = -3.500      CL =  0.0323
      Cm = -0.1190     CD =  0.06254   =>   CDf =  0.00436    CDp =  0.05819

 Side 1  free  transition at x/c =  0.7761   62
 Side 2  free  transition at x/c =  0.1285   33

 203   rms: 0.1530E-01   max: 0.1803E+00   T at   33  2
       a = -3.500      CL =  0.0296
      Cm = -0.1179     CD =  0.06273   =>   CDf =  0.00442    CDp =  0.05831

 Side 1  free  transition at x/c =  0.7761   62
 Side 2  free  transition at x/c =  0.1269   33

 204   rms: 0.3589E-01   max: -.4001E+00   T at   33  2
       a = -3.500      CL =  0.0384
      Cm = -0.1213     CD =  0.06209   =>   CDf =  0.00437    CDp =  0.05771

 Side 1  free  transition at x/c =  0.7762   62
 Side 2  free  transition at x/c =  0.1296   33

 205   rms: 0.3028E+00   max: -.1814E+01   T at   33  2   RLX: 0.276
       a = -3.500      CL =  0.0551
      Cm = -0.1304     CD =  0.06442   =>   CDf =  0.00433    CDp =  0.06009

 Side 1  free  transition at x/c =  0.7762   62
 Side 2  free  transition at x/c =  0.1256   33

 206   rms: 0.2161E+00   max: 0.9273E+00   D at   41  2   RLX: 0.900
       a = -3.500      CL =  0.0289
      Cm = -0.1128     CD =  0.06821   =>   CDf =  0.00475    CDp =  0.06346

 Side 1  free  transition at x/c =  0.7754   62
 Side 2  free  transition at x/c =  0.1215   33

 207   rms: 0.5198E-01   max: -.5409E+00   D at   33  2   RLX: 0.924
       a = -3.500      CL =  0.0331
      Cm = -0.1174     CD =  0.06353   =>   CDf =  0.00461    CDp =  0.05892

 Side 1  free  transition at x/c =  0.7760   62
 Side 2  free  transition at x/c =  0.1247   33

 208   rms: 0.2147E-01   max: -.1818E+00   D at   33  2
       a = -3.500      CL =  0.0300
      Cm = -0.1179     CD =  0.06288   =>   CDf =  0.00434    CDp =  0.05854

 Side 1  free  transition at x/c =  0.7761   62
 Side 2  free  transition at x/c =  0.1270   33

 209   rms: 0.4136E-01   max: -.5399E+00   T at   33  2   RLX: 0.926
       a = -3.500      CL =  0.0406
      Cm = -0.1219     CD =  0.06207   =>   CDf =  0.00440    CDp =  0.05767

 Side 1  free  transition at x/c =  0.7762   62
 Side 2  free  transition at x/c =  0.1296   33

 210   rms: 0.1834E+00   max: -.9725E+00   T at   33  2   RLX: 0.514
       a = -3.500      CL =  0.0608
      Cm = -0.1316     CD =  0.06286   =>   CDf =  0.00438    CDp =  0.05848

 Side 1  free  transition at x/c =  0.7762   62
 Side 2  free  transition at x/c =  0.1264   33

 211   rms: 0.2350E+00   max: 0.9728E+00   D at   40  2   RLX: 0.947
       a = -3.500      CL =  0.0347
      Cm = -0.1152     CD =  0.06778   =>   CDf =  0.00488    CDp =  0.06291

 Side 1  free  transition at x/c =  0.7753   62
 Side 2  free  transition at x/c =  0.1241   33

 212   rms: 0.8698E-01   max: -.4527E+00   D at   33  2
       a = -3.500      CL =  0.0404
      Cm = -0.1212     CD =  0.06264   =>   CDf =  0.00487    CDp =  0.05778

 Side 1  free  transition at x/c =  0.7761   62
 Side 2  free  transition at x/c =  0.1281   33

 213   rms: 0.2529E-01   max: 0.2618E+00   T at   33  2
       a = -3.500      CL =  0.0271
      Cm = -0.1172     CD =  0.06280   =>   CDf =  0.00437    CDp =  0.05843

 Side 1  free  transition at x/c =  0.7762   62
 Side 2  free  transition at x/c =  0.1260   33

 214   rms: 0.2578E-01   max: -.1756E+00   T at   33  2
       a = -3.500      CL =  0.0317
      Cm = -0.1189     CD =  0.06252   =>   CDf =  0.00433    CDp =  0.05819

 Side 1  free  transition at x/c =  0.7762   62
 Side 2  free  transition at x/c =  0.1283   33

 215   rms: 0.1599E-01   max: 0.2146E+00   T at   33  2
       a = -3.500      CL =  0.0285
      Cm = -0.1175     CD =  0.06280   =>   CDf =  0.00442    CDp =  0.05838

 Side 1  free  transition at x/c =  0.7761   62
 Side 2  free  transition at x/c =  0.1264   33

 216   rms: 0.2481E-01   max: -.2066E+00   T at   33  2
       a = -3.500      CL =  0.0332
      Cm = -0.1194     CD =  0.06242   =>   CDf =  0.00435    CDp =  0.05807

 Side 1  free  transition at x/c =  0.7762   62
 Side 2  free  transition at x/c =  0.1292   33

 217   rms: 0.1960E-01   max: 0.1475E+00   T at   33  2
       a = -3.500      CL =  0.0313
      Cm = -0.1185     CD =  0.06263   =>   CDf =  0.00442    CDp =  0.05821

 Side 1  free  transition at x/c =  0.7761   62
 Side 2  free  transition at x/c =  0.1279   33

 218   rms: 0.2091E-01   max: 0.3088E+00   T at   33  2
       a = -3.500      CL =  0.0256
      Cm = -0.1164     CD =  0.06303   =>   CDf =  0.00441    CDp =  0.05862

 Side 1  free  transition at x/c =  0.7761   62
 Side 2  free  transition at x/c =  0.1251   33

 219   rms: 0.3014E-01   max: -.1644E+00   T at   33  2
       a = -3.500      CL =  0.0296
      Cm = -0.1182     CD =  0.06265   =>   CDf =  0.00429    CDp =  0.05836

 Side 1  free  transition at x/c =  0.7761   62
 Side 2  free  transition at x/c =  0.1273   33

 220   rms: 0.1218E+00   max: -.1634E+01   T at   33  2   RLX: 0.306
       a = -3.500      CL =  0.0401
      Cm = -0.1219     CD =  0.06243   =>   CDf =  0.00440    CDp =  0.05803

 Side 1  free  transition at x/c =  0.7762   62
 Side 2  free  transition at x/c =  0.1295   33

 221   rms: 0.1442E+00   max: -.7437E+00   T at   33  2   RLX: 0.672
       a = -3.500      CL =  0.0618
      Cm = -0.1316     CD =  0.06217   =>   CDf =  0.00438    CDp =  0.05780

 Side 1  free  transition at x/c =  0.7762   62
 Side 2  free  transition at x/c =  0.1270   33

 222   rms: 0.2287E+00   max: 0.9217E+00   D at   40  2
       a = -3.500      CL =  0.0358
      Cm = -0.1154     CD =  0.06808   =>   CDf =  0.00491    CDp =  0.06317

 Side 1  free  transition at x/c =  0.7753   62
 Side 2  free  transition at x/c =  0.1243   33

 223   rms: 0.9227E-01   max: -.4340E+00   D at   33  2
       a = -3.500      CL =  0.0418
      Cm = -0.1218     CD =  0.06240   =>   CDf =  0.00491    CDp =  0.05748

 Side 1  free  transition at x/c =  0.7761   62
 Side 2  free  transition at x/c =  0.1288   33

 224   rms: 0.3166E-01   max: 0.1769E+00   T at   33  2
       a = -3.500      CL =  0.0303
      Cm = -0.1183     CD =  0.06261   =>   CDf =  0.00436    CDp =  0.05825

 Side 1  free  transition at x/c =  0.7762   62
 Side 2  free  transition at x/c =  0.1274   33

 225   rms: 0.3149E+00   max: 0.4376E+01   T at   33  2   RLX: 0.314
       a = -3.500      CL =  0.0007
      Cm = -0.1076     CD =  0.06539   =>   CDf =  0.00439    CDp =  0.06100

 Side 1  free  transition at x/c =  0.7761   62
 Side 2  free  transition at x/c =  0.1162   33

 226   rms: 0.1582E+00   max: -.6383E+00   D at   34  2   RLX: 0.783
       a = -3.500      CL = -0.0315
      Cm = -0.0973     CD =  0.07510   =>   CDf =  0.00389    CDp =  0.07121

 Side 1  free  transition at x/c =  0.7753   62
 Side 2  free  transition at x/c =  0.1168   33

 227   rms: 0.1027E+00   max: -.7033E+00   T at   33  2   RLX: 0.711
       a = -3.500      CL = -0.0013
      Cm = -0.1057     CD =  0.06739   =>   CDf =  0.00422    CDp =  0.06317

 Side 1  free  transition at x/c =  0.7758   62
 Side 2  free  transition at x/c =  0.1187   33

 228   rms: 0.9885E-01   max: -.3555E+00   D at   83  2
       a = -3.500      CL =  0.0081
      Cm = -0.1117     CD =  0.06448   =>   CDf =  0.00401    CDp =  0.06048

 Side 1  free  transition at x/c =  0.7760   62
 Side 2  free  transition at x/c =  0.1212   33

 229   rms: 0.3930E-01   max: -.3016E+00   T at   33  2
       a = -3.500      CL =  0.0237
      Cm = -0.1157     CD =  0.06335   =>   CDf =  0.00423    CDp =  0.05912

 Side 1  free  transition at x/c =  0.7761   62
 Side 2  free  transition at x/c =  0.1247   33

 230   rms: 0.2757E-01   max: -.1664E+00   T at   33  2
       a = -3.500      CL =  0.0291
      Cm = -0.1179     CD =  0.06276   =>   CDf =  0.00430    CDp =  0.05846

 Side 1  free  transition at x/c =  0.7761   62
 Side 2  free  transition at x/c =  0.1270   33

 231   rms: 0.3479E-01   max: -.4358E+00   T at   33  2
       a = -3.500      CL =  0.0391
      Cm = -0.1214     CD =  0.06209   =>   CDf =  0.00439    CDp =  0.05770

 Side 1  free  transition at x/c =  0.7762   62
 Side 2  free  transition at x/c =  0.1314   33

 232   rms: 0.1269E+00   max: -.3967E+00   T at   34  2
       a = -3.500      CL =  0.0288
      Cm = -0.1177     CD =  0.06244   =>   CDf =  0.00426    CDp =  0.05818

 Side 1  free  transition at x/c =  0.7764   62
 Side 2  free  transition at x/c =  0.1276   33

 233   rms: 0.9730E-01   max: -.1116E+01   T at   33  2   RLX: 0.448
       a = -3.500      CL =  0.0382
      Cm = -0.1218     CD =  0.06394   =>   CDf =  0.00434    CDp =  0.05961

 Side 1  free  transition at x/c =  0.7762   62
 Side 2  free  transition at x/c =  0.1256   33

 234   rms: 0.5029E-01   max: -.5321E+00   D at   33  2   RLX: 0.940
       a = -3.500      CL =  0.0339
      Cm = -0.1172     CD =  0.06493   =>   CDf =  0.00445    CDp =  0.06049

 Side 1  free  transition at x/c =  0.7760   62
 Side 2  free  transition at x/c =  0.1261   33

 235   rms: 0.1909E-01   max: -.2709E+00   D at   33  2
       a = -3.500      CL =  0.0349
      Cm = -0.1192     CD =  0.06292   =>   CDf =  0.00450    CDp =  0.05841

 Side 1  free  transition at x/c =  0.7761   62
 Side 2  free  transition at x/c =  0.1289   33

 236   rms: 0.1791E-01   max: 0.1726E+00   T at   33  2
       a = -3.500      CL =  0.0307
      Cm = -0.1184     CD =  0.06261   =>   CDf =  0.00444    CDp =  0.05817

 Side 1  free  transition at x/c =  0.7761   62
 Side 2  free  transition at x/c =  0.1276   33

 237   rms: 0.4755E-01   max: 0.7043E+00   T at   33  2
       a = -3.500      CL =  0.0164
      Cm = -0.1131     CD =  0.06370   =>   CDf =  0.00439    CDp =  0.05931

 Side 1  free  transition at x/c =  0.7761   62
 Side 2  free  transition at x/c =  0.1215   33

 238   rms: 0.7362E-01   max: -.2661E+00   D at   72  2
       a = -3.500      CL =  0.0241
      Cm = -0.1166     CD =  0.06320   =>   CDf =  0.00409    CDp =  0.05911

 Side 1  free  transition at x/c =  0.7762   62
 Side 2  free  transition at x/c =  0.1245   33

 239   rms: 0.2343E-01   max: -.1821E+00   T at   33  2
       a = -3.500      CL =  0.0294
      Cm = -0.1179     CD =  0.06278   =>   CDf =  0.00432    CDp =  0.05847

 Side 1  free  transition at x/c =  0.7761   62
 Side 2  free  transition at x/c =  0.1270   33

 240   rms: 0.3763E-01   max: -.4619E+00   T at   33  2
       a = -3.500      CL =  0.0397
      Cm = -0.1217     CD =  0.06204   =>   CDf =  0.00439    CDp =  0.05765

 Side 1  free  transition at x/c =  0.7762   62
 Side 2  free  transition at x/c =  0.1308   33

 241   rms: 0.9654E-01   max: -.5127E+00   T at   34  2   RLX: 0.975
       a = -3.500      CL =  0.0104
      Cm = -0.1105     CD =  0.06372   =>   CDf =  0.00431    CDp =  0.05941

 Side 1  free  transition at x/c =  0.7763   62
 Side 2  free  transition at x/c =  0.1186   33

 242   rms: 0.1262E+00   max: -.5545E+00   D at   33  2   RLX: 0.902
       a = -3.500      CL = -0.0086
      Cm = -0.1098     CD =  0.06694   =>   CDf =  0.00394    CDp =  0.06300

 Side 1  free  transition at x/c =  0.7756   62
 Side 2  free  transition at x/c =  0.1194   33

 243   rms: 0.4308E-01   max: -.4451E+00   T at   33  2
       a = -3.500      CL =  0.0214
      Cm = -0.1146     CD =  0.06373   =>   CDf =  0.00430    CDp =  0.05943

 Side 1  free  transition at x/c =  0.7761   62
 Side 2  free  transition at x/c =  0.1233   33

 244   rms: 0.5520E-01   max: -.1999E+00   D at   68  2
       a = -3.500      CL =  0.0265
      Cm = -0.1175     CD =  0.06289   =>   CDf =  0.00417    CDp =  0.05872

 Side 1  free  transition at x/c =  0.7762   62
 Side 2  free  transition at x/c =  0.1257   33

 245   rms: 0.1738E-01   max: -.1799E+00   T at   33  2
       a = -3.500      CL =  0.0318
      Cm = -0.1187     CD =  0.06261   =>   CDf =  0.00436    CDp =  0.05824

 Side 1  free  transition at x/c =  0.7761   62
 Side 2  free  transition at x/c =  0.1282   33

 246   rms: 0.1620E-01   max: 0.2236E+00   T at   33  2
       a = -3.500      CL =  0.0279
      Cm = -0.1173     CD =  0.06286   =>   CDf =  0.00442    CDp =  0.05844

 Side 1  free  transition at x/c =  0.7761   62
 Side 2  free  transition at x/c =  0.1261   33

 247   rms: 0.2438E-01   max: -.1879E+00   T at   33  2
       a = -3.500      CL =  0.0324
      Cm = -0.1191     CD =  0.06248   =>   CDf =  0.00434    CDp =  0.05813

 Side 1  free  transition at x/c =  0.7762   62
 Side 2  free  transition at x/c =  0.1287   33

 248   rms: 0.1552E-01   max: 0.1688E+00   T at   33  2
       a = -3.500      CL =  0.0300
      Cm = -0.1181     CD =  0.06271   =>   CDf =  0.00442    CDp =  0.05829

 Side 1  free  transition at x/c =  0.7761   62
 Side 2  free  transition at x/c =  0.1271   33

 249   rms: 0.6070E-01   max: -.7552E+00   T at   33  2   RLX: 0.662
       a = -3.500      CL =  0.0404
      Cm = -0.1220     CD =  0.06222   =>   CDf =  0.00438    CDp =  0.05784

 Side 1  free  transition at x/c =  0.7762   62
 Side 2  free  transition at x/c =  0.1298   33

 250   rms: 0.2563E+00   max: -.1342E+01   T at   33  2   RLX: 0.373
       a = -3.500      CL =  0.0606
      Cm = -0.1325     CD =  0.06362   =>   CDf =  0.00436    CDp =  0.05926

 Side 1  free  transition at x/c =  0.7762   62
 Side 2  free  transition at x/c =  0.1260   33

 251   rms: 0.2445E+00   max: 0.1039E+01   D at   40  2   RLX: 0.917
       a = -3.500      CL =  0.0328
      Cm = -0.1144     CD =  0.06794   =>   CDf =  0.00484    CDp =  0.06309

 Side 1  free  transition at x/c =  0.7753   62
 Side 2  free  transition at x/c =  0.1237   33

 252   rms: 0.8549E-01   max: -.4802E+00   D at   33  2
       a = -3.500      CL =  0.0397
      Cm = -0.1208     CD =  0.06282   =>   CDf =  0.00484    CDp =  0.05798

 Side 1  free  transition at x/c =  0.7761   62
 Side 2  free  transition at x/c =  0.1274   33

 253   rms: 0.1497E+00   max: 0.2234E+01   T at   33  2   RLX: 0.607
       a = -3.500      CL =  0.0042
      Cm = -0.1089     CD =  0.06445   =>   CDf =  0.00437    CDp =  0.06008

 Side 1  free  transition at x/c =  0.7761   62
 Side 2  free  transition at x/c =  0.1173   33

 254   rms: 0.1340E+00   max: -.5384E+00   D at   34  2   RLX: 0.929
       a = -3.500      CL = -0.0108
      Cm = -0.1057     CD =  0.06827   =>   CDf =  0.00391    CDp =  0.06437

 Side 1  free  transition at x/c =  0.7756   62
 Side 2  free  transition at x/c =  0.1186   33

 255   rms: 0.5379E-01   max: -.5042E+00   T at   33  2   RLX: 0.992
       a = -3.500      CL =  0.0183
      Cm = -0.1131     CD =  0.06400   =>   CDf =  0.00428    CDp =  0.05972

 Side 1  free  transition at x/c =  0.7760   62
 Side 2  free  transition at x/c =  0.1224   33

 256   rms: 0.6828E-01   max: -.2483E+00   D at   70  2
       a = -3.500      CL =  0.0249
      Cm = -0.1171     CD =  0.06303   =>   CDf =  0.00412    CDp =  0.05891

 Side 1  free  transition at x/c =  0.7762   62
 Side 2  free  transition at x/c =  0.1249   33

 257   rms: 0.1884E-01   max: -.1776E+00   T at   33  2
       a = -3.500      CL =  0.0303
      Cm = -0.1182     CD =  0.06273   =>   CDf =  0.00434    CDp =  0.05839

 Side 1  free  transition at x/c =  0.7761   62
 Side 2  free  transition at x/c =  0.1274   33

 258   rms: 0.1851E+01   max: 0.2554E+02   T at   33  2   RLX: 0.054
       a = -3.500      CL =  0.0012
      Cm = -0.1077     CD =  0.06535   =>   CDf =  0.00440    CDp =  0.06095

 Side 1  free  transition at x/c =  0.7761   62
 Side 2  free  transition at x/c =  0.1162   33

 259   rms: 0.1579E+00   max: -.6340E+00   D at   34  2   RLX: 0.789
       a = -3.500      CL = -0.0308
      Cm = -0.0975     CD =  0.07488   =>   CDf =  0.00389    CDp =  0.07099

 Side 1  free  transition at x/c =  0.7753   62
 Side 2  free  transition at x/c =  0.1168   33

 260   rms: 0.1018E+00   max: -.6974E+00   T at   33  2   RLX: 0.717
       a = -3.500      CL = -0.0009
      Cm = -0.1058     CD =  0.06734   =>   CDf =  0.00422    CDp =  0.06312

 Side 1  free  transition at x/c =  0.7758   62
 Side 2  free  transition at x/c =  0.1187   33

 261   rms: 0.9823E-01   max: -.3526E+00   D at   81  2
       a = -3.500      CL =  0.0084
      Cm = -0.1118     CD =  0.06446   =>   CDf =  0.00401    CDp =  0.06045

 Side 1  free  transition at x/c =  0.7760   62
 Side 2  free  transition at x/c =  0.1213   33

 262   rms: 0.3878E-01   max: -.2989E+00   T at   33  2
       a = -3.500      CL =  0.0238
      Cm = -0.1158     CD =  0.06334   =>   CDf =  0.00423    CDp =  0.05910

 Side 1  free  transition at x/c =  0.7761   62
 Side 2  free  transition at x/c =  0.1247   33

 263   rms: 0.2718E-01   max: -.1659E+00   T at   33  2
       a = -3.500      CL =  0.0292
      Cm = -0.1179     CD =  0.06276   =>   CDf =  0.00430    CDp =  0.05846

 Side 1  free  transition at x/c =  0.7761   62
 Side 2  free  transition at x/c =  0.1270   33

 264   rms: 0.3784E-01   max: -.4784E+00   T at   33  2
       a = -3.500      CL =  0.0400
      Cm = -0.1218     CD =  0.06202   =>   CDf =  0.00439    CDp =  0.05763

 Side 1  free  transition at x/c =  0.7762   62
 Side 2  free  transition at x/c =  0.1303   33

 265   rms: 0.1877E+00   max: 0.1166E+01   T at   33  2   RLX: 0.482
       a = -3.500      CL = -0.0039
      Cm = -0.1063     CD =  0.06788   =>   CDf =  0.00434    CDp =  0.06353

 MRCHDU: Convergence failed at  72  side 2    Res =  0.5174E+01
 MRCHDU: Convergence failed at  73  side 2    Res =  0.3785E+01
 MRCHDU: Convergence failed at  74  side 2    Res =  0.3012E+01
 MRCHDU: Convergence failed at  75  side 2    Res =  0.2478E+01
 MRCHDU: Convergence failed at  76  side 2    Res =  0.2129E+01
 MRCHDU: Convergence failed at  77  side 2    Res =  0.1877E+01
 MRCHDU: Convergence failed at  78  side 2    Res =  0.1680E+01
 MRCHDU: Convergence failed at  79  side 2    Res =  0.1500E+01
 MRCHDU: Convergence failed at  80  side 2    Res =  0.1387E+01
 MRCHDU: Convergence failed at  81  side 2    Res =  0.1084E+01
 MRCHDU: Convergence failed at  82  side 2    Res =  0.1196E+01
 MRCHDU: Convergence failed at  83  side 2    Res =  0.1291E+01
 MRCHDU: Convergence failed at  85  side 2    Res =  0.1203E+01
 Side 1  free  transition at x/c =  0.7762   62
 Side 2  free  transition at x/c =  0.1154   32

 266   rms: 0.1237E+01   max: -.6752E+01   T at   33  2   RLX: 0.074
       a = -3.500      CL = -0.0978
      Cm = -0.0561     CD =  0.09838   =>   CDf =  0.00387    CDp =  0.09451

 Side 1  free  transition at x/c =  0.7782   62
 Side 2  free  transition at x/c =  0.1141   32

 267   rms: 0.1556E+00   max: -.7530E+00   D at   33  2   RLX: 0.664
       a = -3.500      CL = -0.0792
      Cm = -0.0687     CD =  0.08901   =>   CDf =  0.00382    CDp =  0.08520

 Side 1  free  transition at x/c =  0.7757   62
 Side 2  free  transition at x/c =  0.1123   32

 268   rms: 0.4625E+00   max: -.4220E+01   T at   32  2   RLX: 0.118
       a = -3.500      CL = -0.0209
      Cm = -0.0930     CD =  0.08119   =>   CDf =  0.00380    CDp =  0.07739

 Side 1  free  transition at x/c =  0.7756   62
 Side 2  free  transition at x/c =  0.1100   32

 269   rms: 0.1447E+00   max: -.6260E+00   D at   32  2   RLX: 0.799
       a = -3.500      CL =  0.0256
      Cm = -0.1183     CD =  0.06731   =>   CDf =  0.00390    CDp =  0.06341

 Side 1  free  transition at x/c =  0.7758   62
 Side 2  free  transition at x/c =  0.1152   32
 idif Ue xi dudx           1  0.12237036      3.31127644E-03   36.955647    
 Uenew xinew           2  1.20489234E-02  3.26037407E-04

 270   rms: 0.6147E+00   max: 0.2056E+01   T at   48  2   RLX: 0.278
       a = -3.500      CL =  0.0647
      Cm = -0.1412     CD =  0.08156   =>   CDf =  0.00411    CDp =  0.07745

 Side 1  free  transition at x/c =  0.7751   61
 Side 2  free  transition at x/c =  0.1138   33

 271   rms: 0.2287E+00   max: 0.1012E+01   D at   41  2
       a = -3.500      CL =  0.0617
      Cm = -0.1250     CD =  0.06287   =>   CDf =  0.00529    CDp =  0.05758

 MRCHDU: Convergence failed at  38  side 2    Res =  0.6208E+02
 MRCHDU: Convergence failed at  39  side 2    Res =  0.2583E+02
 MRCHDU: Convergence failed at  40  side 2    Res =  0.6095E+02
 MRCHDU: Convergence failed at  41  side 2    Res =  0.1070E+03
 MRCHDU: Convergence failed at  42  side 2    Res =  0.1897E+03
 MRCHDU: Convergence failed at  43  side 2    Res =  0.9466E+02
 MRCHDU: Convergence failed at  44  side 2    Res =  0.1656E+03
 MRCHDU: Convergence failed at  45  side 2    Res =  0.2026E+03
 MRCHDU: Convergence failed at  46  side 2    Res =  0.5439E+03
 MRCHDU: Convergence failed at  47  side 2    Res =  0.2358E+04
 MRCHDU: Convergence failed at  48  side 2    Res =  0.2940E+03
 MRCHDU: Convergence failed at  49  side 2    Res =  0.1234E+03
 MRCHDU: Convergence failed at  50  side 2    Res =  0.3881E+05
 MRCHDU: Convergence failed at  51  side 2    Res =  0.2662E+03
 MRCHDU: Convergence failed at  52  side 2    Res =  0.1406E+03
 MRCHDU: Convergence failed at  53  side 2    Res =  0.1603E+03
 MRCHDU: Convergence failed at  54  side 2    Res =  0.5887E+03
 MRCHDU: Convergence failed at  55  side 2    Res =  0.1501E+03
 MRCHDU: Convergence failed at  56  side 2    Res =  0.1507E+03
 MRCHDU: Convergence failed at  57  side 2    Res =  0.1358E+03
 MRCHDU: Convergence failed at  58  side 2    Res =  0.1336E+03
 MRCHDU: Convergence failed at  59  side 2    Res =  0.3562E+03
 MRCHDU: Convergence failed at  60  side 2    Res =  0.3770E+03
 MRCHDU: Convergence failed at  61  side 2    Res =  0.4001E+03
 MRCHDU: Convergence failed at  62  side 2    Res =  0.4524E+03
 MRCHDU: Convergence failed at  63  side 2    Res =  0.4910E+03
 MRCHDU: Convergence failed at  64  side 2    Res =  0.5167E+03
 MRCHDU: Convergence failed at  65  side 2    Res =  0.5384E+03
 MRCHDU: Convergence failed at  66  side 2    Res =  0.5607E+03
 MRCHDU: Convergence failed at  67  side 2    Res =  0.5740E+03
 MRCHDU: Convergence failed at  68  side 2    Res =  0.5858E+03
 MRCHDU: Convergence failed at  69  side 2    Res =  0.6388E+03
 MRCHDU: Convergence failed at  70  side 2    Res =  0.6974E+03
 MRCHDU: Convergence failed at  71  side 2    Res =  0.1296E+04
 MRCHDU: Convergence failed at  72  side 2    Res =  0.1293E+04
 MRCHDU: Convergence failed at  73  side 2    Res =  0.1456E+04
 MRCHDU: Convergence failed at  74  side 2    Res =  0.1666E+04
 MRCHDU: Convergence failed at  75  side 2    Res =  0.2526E+04
 MRCHDU: Convergence failed at  76  side 2    Res =  0.1538E+04
 MRCHDU: Convergence failed at  77  side 2    Res =  0.8387E+03
 MRCHDU: Convergence failed at  78  side 2    Res =  0.5397E+03
 MRCHDU: Convergence failed at  79  side 2    Res =  0.7422E+03
 MRCHDU: Convergence failed at  80  side 2    Res =  0.5489E+03
 MRCHDU: Convergence failed at  81  side 2    Res =  0.4306E+03
 MRCHDU: Convergence failed at  82  side 2    Res =  0.3462E+03
 MRCHDU: Convergence failed at  83  side 2    Res =  0.2506E+03
 MRCHDU: Convergence failed at  84  side 2    Res =  0.1867E+03
 MRCHDU: Convergence failed at  85  side 2    Res =  0.2463E+03
 Side 1  free  transition at x/c =  0.7761   62
 Side 2  free  transition at x/c =  0.2144   38

 272   rms: 0.1018E+01   max: 0.9191E+01   C at   38  2   RLX: 0.108
       a = -3.500      CL = -0.6543
      Cm =  0.1495     CD =  0.02814   =>   CDf =  0.00341    CDp =  0.02473

 Side 1  free  transition at x/c =  0.7790   62
 Side 2  free  transition at x/c =  0.1834   36

 273   rms: 0.1336E+01   max: -.1432E+02   T at   37  2   RLX: 0.035
       a = -3.500      CL = -0.4517
      Cm =  0.0773     CD =  0.10144   =>   CDf =  0.00382    CDp =  0.09762

 Side 1  free  transition at x/c =  0.7832   62
 Side 2  free  transition at x/c =  0.1693   36

 274   rms: 0.2222E+01   max: -.2208E+02   T at   36  2   RLX: 0.023
       a = -3.500      CL = -0.3814
      Cm =  0.0645     CD =  0.10293   =>   CDf =  0.00387    CDp =  0.09905

 Side 1  free  transition at x/c =  0.7913   63
 Side 2  free  transition at x/c =  0.1698   36

 275   rms: 0.5868E+00   max: 0.7602E+01   T at   36  2   RLX: 0.197
       a = -3.500      CL = -0.3014
      Cm =  0.0330     CD =  0.10184   =>   CDf =  0.00399    CDp =  0.09785

 Side 1  free  transition at x/c =  0.7994   63
 Side 2  free  transition at x/c =  0.1491   35

 276   rms: 0.2006E+01   max: -.1643E+02   T at   35  2   RLX: 0.030
       a = -3.500      CL = -0.2692
      Cm =  0.0325     CD =  0.12477   =>   CDf =  0.00408    CDp =  0.12069

 Side 1  free  transition at x/c =  0.8079   64
 Side 2  free  transition at x/c =  0.1502   35

 277   rms: 0.4831E+00   max: 0.3949E+01   T at   35  2   RLX: 0.290
       a = -3.500      CL = -0.1345
      Cm = -0.0088     CD =  0.11188   =>   CDf =  0.00420    CDp =  0.10768

 MRCHDU: Convergence failed at  97  side 2    Res =  0.1636E+01
 MRCHDU: Convergence failed at  98  side 2    Res =  0.1319E+02
 MRCHDU: Convergence failed at  99  side 2    Res =  0.2554E+01
 MRCHDU: Convergence failed at 100  side 2    Res =  0.1430E+01
 MRCHDU: Convergence failed at 101  side 2    Res =  0.1390E+01
 Side 1  free  transition at x/c =  0.8166   64
 Side 2  free  transition at x/c =  0.1450   34

 278   rms: 0.1860E+01   max: -.1597E+02   T at   64  1   RLX: 0.031
       a = -3.500      CL = -0.0688
      Cm = -0.0271     CD =  0.12609   =>   CDf =  0.00427    CDp =  0.12182

 Side 1  free  transition at x/c =  0.8284   66
 Side 2  free  transition at x/c =  0.1413   33

 279   rms: 0.6405E+00   max: 0.8604E+01   D at    2  1   RLX: 0.120
       a = -3.500      CL = -0.0170
      Cm = -0.0389     CD =  0.12178   =>   CDf =  0.00449    CDp =  0.11730

 Side 1  free  transition at x/c =  0.8330   66
 Side 2  free  transition at x/c =  0.1420   33

 280   rms: 0.2664E+01   max: -.1896E+02   T at   66  1   RLX: 0.026
       a = -3.500      CL =  0.0846
      Cm = -0.0633     CD =  0.11442   =>   CDf =  0.00451    CDp =  0.10991

 Side 1  free  transition at x/c =  0.8492   68
 Side 2  free  transition at x/c =  0.1401   32

 281   rms: 0.5230E+00   max: -.5493E+01   D at    2  1   RLX: 0.091
       a = -3.500      CL =  0.1346
      Cm = -0.0762     CD =  0.11324   =>   CDf =  0.00482    CDp =  0.10843

 Side 1  free  transition at x/c =  0.8527   68
 Side 2  free  transition at x/c =  0.1402   32

 282   rms: 0.5336E+00   max: -.2276E+01   D at   78  1   RLX: 0.220
       a = -3.500      CL =  0.3094
      Cm = -0.1211     CD =  0.10376   =>   CDf =  0.00488    CDp =  0.09887

 Side 1  free  transition at x/c =  0.8694   69
 Side 2  free  transition at x/c =  0.1187   31

 283   rms: 0.3111E+00   max: -.8582E+00   D at   82  2   RLX: 0.583
       a = -3.500      CL =  0.4508
      Cm = -0.1592     CD =  0.07430   =>   CDf =  0.00521    CDp =  0.06909

 Side 1  free  transition at x/c =  0.8622   69
 Side 2  free  transition at x/c =  0.1222   31

 284   rms: 0.2934E+00   max: -.2501E+01   T at   31  2   RLX: 0.200
       a = -3.500      CL =  0.4885
      Cm = -0.1738     CD =  0.08687   =>   CDf =  0.00520    CDp =  0.08167

 Side 1  free  transition at x/c =  0.8590   68
 Side 2  free  transition at x/c =  0.1257   31

 285   rms: 0.2631E+01   max: -.1778E+02   D at   78  1   RLX: 0.028
       a = -3.500      CL =  0.5539
      Cm = -0.1900     CD =  0.08215   =>   CDf =  0.00517    CDp =  0.07699

 MRCHDU: Convergence failed at  70  side 1    Res =  0.5765E+01
 MRCHDU: Convergence failed at  71  side 1    Res =  0.8309E+02
 MRCHDU: Convergence failed at  72  side 1    Res =  0.1550E+02
 MRCHDU: Convergence failed at  73  side 1    Res =  0.9678E+01
 MRCHDU: Convergence failed at  74  side 1    Res =  0.2562E+02
 MRCHDU: Convergence failed at  75  side 1    Res =  0.5026E+02
 MRCHDU: Convergence failed at  76  side 1    Res =  0.1824E+03
 MRCHDU: Convergence failed at  77  side 1    Res =  0.5324E+02
 MRCHDU: Convergence failed at  78  side 1    Res =  0.3551E+02
 MRCHDU: Convergence failed at  79  side 1    Res =  0.2182E+02
 Side 1  free  transition at x/c =  0.8739   69
 Side 2  free  transition at x/c =  0.1238   31

 286   rms: 0.1258E+01   max: 0.2153E+02   T at   31  2   RLX: 0.063
       a = -3.500      CL =  0.5573
      Cm = -0.2185     CD =  0.06855   =>   CDf =  0.00515    CDp =  0.06339

 Side 1  free  transition at x/c =  0.8633   69
 Side 2  free  transition at x/c =  0.1150   30

 287   rms: 0.3263E+00   max: -.1482E+01   T at   31  2   RLX: 0.337
       a = -3.500      CL =  0.4750
      Cm = -0.1779     CD =  0.07714   =>   CDf =  0.00509    CDp =  0.07205

 Side 1  free  transition at x/c =  0.8549   68
 Side 2  free  transition at x/c =  0.1181   31

 288   rms: 0.1498E+01   max: 0.1421E+02   T at   31  2   RLX: 0.106
       a = -3.500      CL =  0.3127
      Cm = -0.1536     CD =  0.08391   =>   CDf =  0.00494    CDp =  0.07897

 Side 1  free  transition at x/c =  0.8363   67
 Side 2  free  transition at x/c =  0.1137   30
 idif Ue xi dudx           1  0.20847458      4.82714176E-03   43.187996    
 Uenew xinew           2  9.67437774E-02  2.24006176E-03

 289   rms: 0.1615E+01   max: -.1013E+02   T at   30  2   RLX: 0.049
       a = -3.500      CL =  0.2127
      Cm = -0.1383     CD =  0.09210   =>   CDf =  0.00472    CDp =  0.08738

 Side 1  free  transition at x/c =  0.8269   66
 Side 2  free  transition at x/c =  0.1111   31
 idif Ue xi dudx           1  0.12576172      3.67999077E-03   34.174465    
 Uenew xinew           2  3.08191571E-02  9.01818275E-04

 290   rms: 0.2823E+00   max: 0.9224E+00   T at   66  1   RLX: 0.568
       a = -3.500      CL =  0.1480
      Cm = -0.1320     CD =  0.07548   =>   CDf =  0.00456    CDp =  0.07092

 Side 1  free  transition at x/c =  0.8196   64
 Side 2  free  transition at x/c =  0.1127   32

 291   rms: 0.1135E+01   max: -.8193E+01   T at   64  1   RLX: 0.061
       a = -3.500      CL =  0.2151
      Cm = -0.1550     CD =  0.06850   =>   CDf =  0.00431    CDp =  0.06419

 Side 1  free  transition at x/c =  0.8331   65
 Side 2  free  transition at x/c =  0.1120   32

 292   rms: 0.3518E+00   max: 0.1330E+01   T at   65  1   RLX: 0.501
       a = -3.500      CL =  0.1142
      Cm = -0.1480     CD =  0.05977   =>   CDf =  0.00447    CDp =  0.05530

 Side 1  free  transition at x/c =  0.8187   64
 Side 2  free  transition at x/c =  0.1145   32

 293   rms: 0.1089E+01   max: -.5641E+01   T at   64  1   RLX: 0.089
       a = -3.500      CL =  0.1889
      Cm = -0.1686     CD =  0.05621   =>   CDf =  0.00445    CDp =  0.05177

 Side 1  free  transition at x/c =  0.8332   65
 Side 2  free  transition at x/c =  0.1143   32
 idif Ue xi dudx           1  0.19132835      5.96153736E-03   32.093792    
 Uenew xinew           2  9.55206975E-02  2.97629833E-03

 294   rms: 0.5995E+00   max: 0.2587E+01   T at   65  1   RLX: 0.523
       a = -3.500      CL = -0.1014
      Cm = -0.1066     CD =  0.07763   =>   CDf =  0.00482    CDp =  0.07282

 MRCHDU: Convergence failed at  65  side 1    Res =  0.1068E+02
 MRCHDU: Convergence failed at  66  side 1    Res =  0.5165E+01
 MRCHDU: Convergence failed at  67  side 1    Res =  0.6538E+01
 MRCHDU: Convergence failed at  68  side 1    Res =  0.8372E+01
 MRCHDU: Convergence failed at  69  side 1    Res =  0.1114E+02
 MRCHDU: Convergence failed at  70  side 1    Res =  0.1539E+02
 MRCHDU: Convergence failed at  71  side 1    Res =  0.2498E+02
 MRCHDU: Convergence failed at  72  side 1    Res =  0.4556E+02
 MRCHDU: Convergence failed at  73  side 1    Res =  0.1807E+03
 MRCHDU: Convergence failed at  74  side 1    Res =  0.1038E+03
 MRCHDU: Convergence failed at  75  side 1    Res =  0.3800E+02
 MRCHDU: Convergence failed at  76  side 1    Res =  0.1677E+02
 Side 1  free  transition at x/c =  0.8096   63
 Side 2  free  transition at x/c =  0.1109   33
 idif Ue xi dudx           1  9.89517570E-02  3.28183174E-03   30.151381    
 Uenew xinew           2  1.89061475E-03  6.27040863E-05

 295   rms: 0.8733E+00   max: 0.4709E+01   D at   88  2   RLX: 0.319
       a = -3.500      CL = -0.1377
      Cm = -0.1127     CD =  0.05217   =>   CDf =  0.00468    CDp =  0.04749

 MRCHDU: Convergence failed at  89  side 2    Res =  0.2496E+01
 Side 1  free  transition at x/c =  0.7938   61
 Side 2  free  transition at x/c =  0.1062   34

 296   rms: 0.7610E+00   max: -.1292E+02   D at    2  2   RLX: 0.039
       a = -3.500      CL = -0.1621
      Cm = -0.0961     CD =  0.06045   =>   CDf =  0.00413    CDp =  0.05633

 Side 1  free  transition at x/c =  0.7931   62
 Side 2  free  transition at x/c =  0.1065   33

 297   rms: 0.4229E+00   max: -.6693E+01   T at    2  1   RLX: 0.075
       a = -3.500      CL = -0.1508
      Cm = -0.0964     CD =  0.06124   =>   CDf =  0.00414    CDp =  0.05711

 Side 1  free  transition at x/c =  0.7919   62
 Side 2  free  transition at x/c =  0.1071   33

 298   rms: 0.1626E+00   max: -.8944E+00   T at   33  2   RLX: 0.559
       a = -3.500      CL = -0.0613
      Cm = -0.1021     CD =  0.06448   =>   CDf =  0.00413    CDp =  0.06035

 Side 1  free  transition at x/c =  0.7874   61
 Side 2  free  transition at x/c =  0.1087   33

 299   rms: 0.2707E+00   max: -.1612E+01   T at   61  1   RLX: 0.310
       a = -3.500      CL =  0.0185
      Cm = -0.1158     CD =  0.06110   =>   CDf =  0.00404    CDp =  0.05706

 Side 1  free  transition at x/c =  0.7964   63
 Side 2  free  transition at x/c =  0.1098   32
 idif Ue xi dudx           1  0.12122095      3.17323208E-03   38.201096    
 Uenew xinew           2  7.18154060E-03  1.87993050E-04

 300   rms: 0.1535E+00   max: 0.1106E+01   D at   65  1   RLX: 0.754
       a = -3.500      CL = -0.0121
      Cm = -0.1083     CD =  0.06742   =>   CDf =  0.00435    CDp =  0.06307

 Side 1  free  transition at x/c =  0.7828   61
 Side 2  free  transition at x/c =  0.1256   34

 301   rms: 0.3389E+00   max: 0.1473E+01   D at   46  2   RLX: 0.916
       a = -3.500      CL = -0.0488
      Cm = -0.1137     CD =  0.06370   =>   CDf =  0.00592    CDp =  0.05778

 MRCHDU: Convergence failed at  45  side 2    Res =  0.1163E+01
 MRCHDU: Convergence failed at  46  side 2    Res =  0.3790E+01
 MRCHDU: Convergence failed at  47  side 2    Res =  0.7558E+01
 MRCHDU: Convergence failed at  48  side 2    Res =  0.9360E+03
 MRCHDU: Convergence failed at  49  side 2    Res =  0.1779E+02
 MRCHDU: Convergence failed at  50  side 2    Res =  0.1017E+02
 MRCHDU: Convergence failed at  51  side 2    Res =  0.7208E+01
 MRCHDU: Convergence failed at  52  side 2    Res =  0.6232E+01
 MRCHDU: Convergence failed at  53  side 2    Res =  0.5373E+01
 MRCHDU: Convergence failed at  54  side 2    Res =  0.5027E+01
 MRCHDU: Convergence failed at  55  side 2    Res =  0.4808E+01
 MRCHDU: Convergence failed at  56  side 2    Res =  0.4673E+01
 MRCHDU: Convergence failed at  57  side 2    Res =  0.4048E+01
 MRCHDU: Convergence failed at  58  side 2    Res =  0.4014E+01
 MRCHDU: Convergence failed at  59  side 2    Res =  0.4022E+01
 MRCHDU: Convergence failed at  60  side 2    Res =  0.4023E+01
 MRCHDU: Convergence failed at  61  side 2    Res =  0.3943E+01
 MRCHDU: Convergence failed at  62  side 2    Res =  0.3986E+01
 MRCHDU: Convergence failed at  63  side 2    Res =  0.4044E+01
 MRCHDU: Convergence failed at  64  side 2    Res =  0.4100E+01
 MRCHDU: Convergence failed at  65  side 2    Res =  0.4199E+01
 MRCHDU: Convergence failed at  66  side 2    Res =  0.4309E+01
 MRCHDU: Convergence failed at  67  side 2    Res =  0.4423E+01
 MRCHDU: Convergence failed at  68  side 2    Res =  0.4551E+01
 MRCHDU: Convergence failed at  69  side 2    Res =  0.4705E+01
 MRCHDU: Convergence failed at  70  side 2    Res =  0.4820E+01
 MRCHDU: Convergence failed at  71  side 2    Res =  0.4906E+01
 MRCHDU: Convergence failed at  72  side 2    Res =  0.4978E+01
 MRCHDU: Convergence failed at  73  side 2    Res =  0.5000E+01
 MRCHDU: Convergence failed at  74  side 2    Res =  0.4972E+01
 MRCHDU: Convergence failed at  75  side 2    Res =  0.4921E+01
 MRCHDU: Convergence failed at  76  side 2    Res =  0.4798E+01
 MRCHDU: Convergence failed at  77  side 2    Res =  0.4633E+01
 MRCHDU: Convergence failed at  78  side 2    Res =  0.4185E+01
 MRCHDU: Convergence failed at  79  side 2    Res =  0.3942E+01
 MRCHDU: Convergence failed at  80  side 2    Res =  0.3714E+01
 MRCHDU: Convergence failed at  81  side 2    Res =  0.3704E+01
 MRCHDU: Convergence failed at  82  side 2    Res =  0.4020E+01
 MRCHDU: Convergence failed at  83  side 2    Res =  0.4943E+01
 MRCHDU: Convergence failed at  84  side 2    Res =  0.7289E+01
 MRCHDU: Convergence failed at  85  side 2    Res =  0.1621E+02
 MRCHDU: Convergence failed at  86  side 2    Res =  0.6526E+01
 Side 1  free  transition at x/c =  0.7657   60
 Side 2  free  transition at x/c =  0.1153   33

 302   rms: 0.2891E+00   max: -.1063E+01   T at   34  2   RLX: 0.470
       a = -3.500      CL = -0.2206
      Cm = -0.0363     CD =  0.07616   =>   CDf =  0.00362    CDp =  0.07253

 Side 1  free  transition at x/c =  0.7732   61
 Side 2  free  transition at x/c =  0.1127   33

 303   rms: 0.9546E+00   max: -.9252E+01   T at   33  2   RLX: 0.054
       a = -3.500      CL = -0.1806
      Cm = -0.0493     CD =  0.07343   =>   CDf =  0.00439    CDp =  0.06904

 Side 1  free  transition at x/c =  0.7733   61
 Side 2  free  transition at x/c =  0.1095   33

 304   rms: 0.1461E+00   max: -.6291E+00   D at   33  2   RLX: 0.795
       a = -3.500      CL = -0.0063
      Cm = -0.1047     CD =  0.06429   =>   CDf =  0.00452    CDp =  0.05978

 Side 1  free  transition at x/c =  0.7752   62
 Side 2  free  transition at x/c =  0.1273   33

 305   rms: 0.2086E+00   max: 0.1038E+01   D at   33  2   RLX: 0.861
       a = -3.500      CL =  0.0529
      Cm = -0.1278     CD =  0.05713   =>   CDf =  0.00592    CDp =  0.05121
 VISCAL:  Convergence failed
 Calculating wake trajectory ...
 Calculating source influence matrix ...

 Solving BL system ...

 Side 1  free  transition at x/c =  0.7761   62
 Side 2  free  transition at x/c =  0.1351   34

   1   rms: 0.9206E-01   max: -.5633E+00   T at   34  2   RLX: 0.874
       a = -3.000      CL =  0.1006
      Cm = -0.1268     CD =  0.05654   =>   CDf =  0.00480    CDp =  0.05174

 Side 1  free  transition at x/c =  0.7729   61
 Side 2  free  transition at x/c =  0.1390   34

   2   rms: 0.7815E-01   max: -.3487E+00   T at   34  2
       a = -3.000      CL =  0.1135
      Cm = -0.1295     CD =  0.05595   =>   CDf =  0.00446    CDp =  0.05149

 Side 1  free  transition at x/c =  0.7724   61
 Side 2  free  transition at x/c =  0.1439   34

   3   rms: 0.4370E+00   max: -.7361E+01   T at   34  2   RLX: 0.068
       a = -3.000      CL =  0.1209
      Cm = -0.1312     CD =  0.05820   =>   CDf =  0.00469    CDp =  0.05351

 Side 1  free  transition at x/c =  0.7724   61
 Side 2  free  transition at x/c =  0.1446   34

   4   rms: 0.6305E-01   max: -.4336E+00   D at   34  2
       a = -3.000      CL =  0.1292
      Cm = -0.1330     CD =  0.05654   =>   CDf =  0.00466    CDp =  0.05188

 Side 1  free  transition at x/c =  0.7722   61
 Side 2  free  transition at x/c =  0.1530   35

   5   rms: 0.1358E+00   max: 0.6100E+00   D at   44  2
       a = -3.000      CL =  0.1223
      Cm = -0.1340     CD =  0.05492   =>   CDf =  0.00572    CDp =  0.04920

 Side 1  free  transition at x/c =  0.7714   61
 Side 2  free  transition at x/c =  0.1513   35

   6   rms: 0.1999E-01   max: -.9411E-01   D at   49  2
       a = -3.000      CL =  0.1207
      Cm = -0.1323     CD =  0.05514   =>   CDf =  0.00494    CDp =  0.05020

 Side 1  free  transition at x/c =  0.7718   61
 Side 2  free  transition at x/c =  0.1515   35

   7   rms: 0.1015E-02   max: -.5488E-02   D at   50  2
       a = -3.000      CL =  0.1203
      Cm = -0.1321     CD =  0.05525   =>   CDf =  0.00503    CDp =  0.05022

 Side 1  free  transition at x/c =  0.7717   61
 Side 2  free  transition at x/c =  0.1515   35

   8   rms: 0.4421E-04   max: 0.2660E-03   T at   61  1
       a = -3.000      CL =  0.1203
      Cm = -0.1321     CD =  0.05525   =>   CDf =  0.00504    CDp =  0.05021
 plradd ia,ip,cpol            2           0  6.27055392E-03

 Point added to stored polar  1
 Point written to save file  fx76mp140_Re150k.base.pol                       
 Dump file unspecified or not available
 Calculating wake trajectory ...
 Calculating source influence matrix ...

 Solving BL system ...

 Side 1  free  transition at x/c =  0.7717   61
 Side 2  free  transition at x/c =  0.1515   35

   1   rms: 0.1762E+00   max: -.1393E+01   T at   35  2   RLX: 0.359
       a = -2.500      CL =  0.1609
      Cm = -0.1351     CD =  0.05244   =>   CDf =  0.00496    CDp =  0.04749

 Side 1  free  transition at x/c =  0.7741   63
 Side 2  free  transition at x/c =  0.1562   34

   2   rms: 0.1136E+00   max: -.1017E+01   T at   34  2   RLX: 0.492
       a = -2.500      CL =  0.1802
      Cm = -0.1367     CD =  0.05318   =>   CDf =  0.00471    CDp =  0.04847

 Side 1  free  transition at x/c =  0.7727   62
 Side 2  free  transition at x/c =  0.1654   34

   3   rms: 0.1678E+00   max: -.7177E+00   T at   35  2   RLX: 0.697
       a = -2.500      CL =  0.2047
      Cm = -0.1381     CD =  0.05095   =>   CDf =  0.00469    CDp =  0.04627

 Side 1  free  transition at x/c =  0.7746   63
 Side 2  free  transition at x/c =  0.1609   34

   4   rms: 0.1982E+00   max: -.1057E+01   T at   34  2   RLX: 0.473
       a = -2.500      CL =  0.2146
      Cm = -0.1436     CD =  0.05343   =>   CDf =  0.00453    CDp =  0.04889

 Side 1  free  transition at x/c =  0.7728   62
 Side 2  free  transition at x/c =  0.1639   34

   5   rms: 0.2146E+00   max: -.7920E+00   D at   58  2   RLX: 0.631
       a = -2.500      CL =  0.2577
      Cm = -0.1544     CD =  0.04988   =>   CDf =  0.00473    CDp =  0.04515

 MRCHDU: Convergence failed at  43  side 2    Res =  0.8876E+00
 MRCHDU: Convergence failed at  44  side 2    Res =  0.1400E+01
 MRCHDU: Convergence failed at  45  side 2    Res =  0.2904E+01
 MRCHDU: Convergence failed at  46  side 2    Res =  0.2509E+02
 MRCHDU: Convergence failed at  47  side 2    Res =  0.7314E+01
 MRCHDU: Convergence failed at  48  side 2    Res =  0.3721E+01
 MRCHDU: Convergence failed at  49  side 2    Res =  0.2728E+01
 MRCHDU: Convergence failed at  50  side 2    Res =  0.2322E+01
 MRCHDU: Convergence failed at  51  side 2    Res =  0.2124E+01
 MRCHDU: Convergence failed at  52  side 2    Res =  0.2018E+01
 MRCHDU: Convergence failed at  53  side 2    Res =  0.1913E+01
 MRCHDU: Convergence failed at  54  side 2    Res =  0.1899E+01
 MRCHDU: Convergence failed at  55  side 2    Res =  0.2135E+01
 MRCHDU: Convergence failed at  56  side 2    Res =  0.2417E+01
 MRCHDU: Convergence failed at  57  side 2    Res =  0.2716E+01
 MRCHDU: Convergence failed at  58  side 2    Res =  0.3104E+01
 MRCHDU: Convergence failed at  59  side 2    Res =  0.3520E+01
 MRCHDU: Convergence failed at  60  side 2    Res =  0.3951E+01
 MRCHDU: Convergence failed at  61  side 2    Res =  0.4452E+01
 MRCHDU: Convergence failed at  62  side 2    Res =  0.4872E+01
 MRCHDU: Convergence failed at  63  side 2    Res =  0.4999E+01
 MRCHDU: Convergence failed at  64  side 2    Res =  0.5078E+01
 MRCHDU: Convergence failed at  65  side 2    Res =  0.5088E+01
 MRCHDU: Convergence failed at  66  side 2    Res =  0.5018E+01
 MRCHDU: Convergence failed at  67  side 2    Res =  0.4702E+01
 MRCHDU: Convergence failed at  68  side 2    Res =  0.4256E+01
 MRCHDU: Convergence failed at  69  side 2    Res =  0.4237E+01
 MRCHDU: Convergence failed at  70  side 2    Res =  0.4213E+01
 MRCHDU: Convergence failed at  71  side 2    Res =  0.4258E+01
 MRCHDU: Convergence failed at  72  side 2    Res =  0.4356E+01
 MRCHDU: Convergence failed at  73  side 2    Res =  0.4490E+01
 MRCHDU: Convergence failed at  74  side 2    Res =  0.4786E+01
 MRCHDU: Convergence failed at  75  side 2    Res =  0.5581E+01
 MRCHDU: Convergence failed at  76  side 2    Res =  0.7266E+01
 MRCHDU: Convergence failed at  77  side 2    Res =  0.9412E+01
 MRCHDU: Convergence failed at  78  side 2    Res =  0.1593E+02
 MRCHDU: Convergence failed at  79  side 2    Res =  0.1523E+03
 MRCHDU: Convergence failed at  80  side 2    Res =  0.1743E+02
 MRCHDU: Convergence failed at  81  side 2    Res =  0.6811E+01
 MRCHDU: Convergence failed at  82  side 2    Res =  0.4123E+01
 MRCHDU: Convergence failed at  83  side 2    Res =  0.1996E+01
 MRCHDU: Convergence failed at  84  side 2    Res =  0.4700E+01
 Side 1  free  transition at x/c =  0.7741   63
 Side 2  free  transition at x/c =  0.1113   31

   6   rms: 0.1932E+00   max: -.1343E+01   T at   31  2   RLX: 0.372
       a = -2.500      CL =  0.0888
      Cm = -0.0784     CD =  0.05654   =>   CDf =  0.00440    CDp =  0.05214

 Side 1  free  transition at x/c =  0.7730   63
 Side 2  free  transition at x/c =  0.1095   31

   7   rms: 0.1373E+00   max: -.7417E+00   D at   34  2   RLX: 0.674
       a = -2.500      CL =  0.1979
      Cm = -0.1236     CD =  0.04959   =>   CDf =  0.00641    CDp =  0.04318

 Side 1  free  transition at x/c =  0.7724   62
 Side 2  free  transition at x/c =  0.1043   31

   8   rms: 0.1466E+00   max: -.2695E+01   T at   31  2   RLX: 0.186
       a = -2.500      CL =  0.2112
      Cm = -0.1274     CD =  0.04885   =>   CDf =  0.00593    CDp =  0.04292

 Side 1  free  transition at x/c =  0.7729   62
 Side 2  free  transition at x/c =  0.1080   31

   9   rms: 0.1243E+00   max: -.7266E+00   D at   31  2   RLX: 0.688
       a = -2.500      CL =  0.2453
      Cm = -0.1410     CD =  0.04785   =>   CDf =  0.00559    CDp =  0.04227

 Side 1  free  transition at x/c =  0.7739   63
 Side 2  free  transition at x/c =  0.0994   30

  10   rms: 0.1708E+00   max: -.1301E+01   T at   31  2   RLX: 0.384
       a = -2.500      CL =  0.2369
      Cm = -0.1410     CD =  0.04782   =>   CDf =  0.00571    CDp =  0.04211

 Side 1  free  transition at x/c =  0.7730   63
 Side 2  free  transition at x/c =  0.0981   30

  11   rms: 0.1994E+00   max: -.7420E+00   D at   31  2   RLX: 0.674
       a = -2.500      CL =  0.2420
      Cm = -0.1466     CD =  0.04701   =>   CDf =  0.00518    CDp =  0.04183

 Side 1  free  transition at x/c =  0.7726   62
 Side 2  free  transition at x/c =  0.0949   30

  12   rms: 0.2103E+00   max: -.7009E+00   D at   46  2   RLX: 0.713
       a = -2.500      CL =  0.2690
      Cm = -0.1523     CD =  0.04198   =>   CDf =  0.00575    CDp =  0.03622

 Side 1  free  transition at x/c =  0.7733   63
 Side 2  free  transition at x/c =  0.0938   30

  13   rms: 0.1158E+00   max: -.5299E+00   D at   34  2   RLX: 0.944
       a = -2.500      CL =  0.2676
      Cm = -0.1519     CD =  0.03942   =>   CDf =  0.00685    CDp =  0.03257

 Side 1  free  transition at x/c =  0.7729   62
 Side 2  free  transition at x/c =  0.0937   30

  14   rms: 0.1212E-01   max: 0.1010E+00   D at   33  2
       a = -2.500      CL =  0.2668
      Cm = -0.1516     CD =  0.03926   =>   CDf =  0.00756    CDp =  0.03170

 Side 1  free  transition at x/c =  0.7729   62
 Side 2  free  transition at x/c =  0.0935   30

  15   rms: 0.6859E-02   max: 0.5139E-01   D at   62  1
       a = -2.500      CL =  0.2670
      Cm = -0.1516     CD =  0.03925   =>   CDf =  0.00753    CDp =  0.03171

 Side 1  free  transition at x/c =  0.7729   62
 Side 2  free  transition at x/c =  0.0935   30

  16   rms: 0.6866E-02   max: 0.5420E-01   D at   62  1
       a = -2.500      CL =  0.2670
      Cm = -0.1516     CD =  0.03925   =>   CDf =  0.00753    CDp =  0.03172

 Side 1  free  transition at x/c =  0.7729   62
 Side 2  free  transition at x/c =  0.0935   30

  17   rms: 0.6851E-02   max: 0.5352E-01   D at   62  1
       a = -2.500      CL =  0.2670
      Cm = -0.1516     CD =  0.03925   =>   CDf =  0.00753    CDp =  0.03172

 Side 1  free  transition at x/c =  0.7729   62
 Side 2  free  transition at x/c =  0.0935   30

  18   rms: 0.6854E-02   max: 0.5367E-01   D at   62  1
       a = -2.500      CL =  0.2670
      Cm = -0.1516     CD =  0.03925   =>   CDf =  0.00753    CDp =  0.03172

 Side 1  free  transition at x/c =  0.7729   62
 Side 2  free  transition at x/c =  0.0935   30

  19   rms: 0.6853E-02   max: 0.5363E-01   D at   62  1
       a = -2.500      CL =  0.2670
      Cm = -0.1516     CD =  0.03925   =>   CDf =  0.00753    CDp =  0.03172

 Side 1  free  transition at x/c =  0.7729   62
 Side 2  free  transition at x/c =  0.0935   30

  20   rms: 0.6854E-02   max: 0.5365E-01   D at   62  1
       a = -2.500      CL =  0.2670
      Cm = -0.1516     CD =  0.03925   =>   CDf =  0.00753    CDp =  0.03172

 Side 1  free  transition at x/c =  0.7729   62
 Side 2  free  transition at x/c =  0.0935   30

  21   rms: 0.6853E-02   max: 0.5364E-01   D at   62  1
       a = -2.500      CL =  0.2670
      Cm = -0.1516     CD =  0.03925   =>   CDf =  0.00753    CDp =  0.03172

 Side 1  free  transition at x/c =  0.7729   62
 Side 2  free  transition at x/c =  0.0935   30

  22   rms: 0.6854E-02   max: 0.5365E-01   D at   62  1
       a = -2.500      CL =  0.2670
      Cm = -0.1516     CD =  0.03925   =>   CDf =  0.00753    CDp =  0.03172

 Side 1  free  transition at x/c =  0.7729   62
 Side 2  free  transition at x/c =  0.0935   30

  23   rms: 0.6853E-02   max: 0.5365E-01   D at   62  1
       a = -2.500      CL =  0.2670
      Cm = -0.1516     CD =  0.03925   =>   CDf =  0.00753    CDp =  0.03172

 Side 1  free  transition at x/c =  0.7729   62
 Side 2  free  transition at x/c =  0.0935   30

  24   rms: 0.6854E-02   max: 0.5365E-01   D at   62  1
       a = -2.500      CL =  0.2670
      Cm = -0.1516     CD =  0.03925   =>   CDf =  0.00753    CDp =  0.03172

 Side 1  free  transition at x/c =  0.7729   62
 Side 2  free  transition at x/c =  0.0935   30

  25   rms: 0.6853E-02   max: 0.5363E-01   D at   62  1
       a = -2.500      CL =  0.2670
      Cm = -0.1516     CD =  0.03925   =>   CDf =  0.00753    CDp =  0.03172

 Side 1  free  transition at x/c =  0.7729   62
 Side 2  free  transition at x/c =  0.0935   30

  26   rms: 0.6854E-02   max: 0.5366E-01   D at   62  1
       a = -2.500      CL =  0.2670
      Cm = -0.1516     CD =  0.03925   =>   CDf =  0.00753    CDp =  0.03172

 Side 1  free  transition at x/c =  0.7729   62
 Side 2  free  transition at x/c =  0.0935   30

  27   rms: 0.6854E-02   max: 0.5365E-01   D at   62  1
       a = -2.500      CL =  0.2670
      Cm = -0.1516     CD =  0.03925   =>   CDf =  0.00753    CDp =  0.03172

 Side 1  free  transition at x/c =  0.7729   62
 Side 2  free  transition at x/c =  0.0935   30

  28   rms: 0.6853E-02   max: 0.5365E-01   D at   62  1
       a = -2.500      CL =  0.2670
      Cm = -0.1516     CD =  0.03925   =>   CDf =  0.00753    CDp =  0.03172

 Side 1  free  transition at x/c =  0.7729   62
 Side 2  free  transition at x/c =  0.0935   30

  29   rms: 0.6854E-02   max: 0.5365E-01   D at   62  1
       a = -2.500      CL =  0.2670
      Cm = -0.1516     CD =  0.03925   =>   CDf =  0.00753    CDp =  0.03172

 Side 1  free  transition at x/c =  0.7729   62
 Side 2  free  transition at x/c =  0.0935   30

  30   rms: 0.6854E-02   max: 0.5365E-01   D at   62  1
       a = -2.500      CL =  0.2670
      Cm = -0.1516     CD =  0.03925   =>   CDf =  0.00753    CDp =  0.03172

 Side 1  free  transition at x/c =  0.7729   62
 Side 2  free  transition at x/c =  0.0935   30

  31   rms: 0.6853E-02   max: 0.5365E-01   D at   62  1
       a = -2.500      CL =  0.2670
      Cm = -0.1516     CD =  0.03925   =>   CDf =  0.00753    CDp =  0.03172

 Side 1  free  transition at x/c =  0.7729   62
 Side 2  free  transition at x/c =  0.0935   30

  32   rms: 0.6854E-02   max: 0.5365E-01   D at   62  1
       a = -2.500      CL =  0.2670
      Cm = -0.1516     CD =  0.03925   =>   CDf =  0.00753    CDp =  0.03172

 Side 1  free  transition at x/c =  0.7729   62
 Side 2  free  transition at x/c =  0.0935   30

  33   rms: 0.6854E-02   max: 0.5365E-01   D at   62  1
       a = -2.500      CL =  0.2670
      Cm = -0.1516     CD =  0.03925   =>   CDf =  0.00753    CDp =  0.03172

 Side 1  free  transition at x/c =  0.7729   62
 Side 2  free  transition at x/c =  0.0935   30

  34   rms: 0.6854E-02   max: 0.5365E-01   D at   62  1
       a = -2.500      CL =  0.2670
      Cm = -0.1516     CD =  0.03925   =>   CDf =  0.00753    CDp =  0.03172

 Side 1  free  transition at x/c =  0.7729   62
 Side 2  free  transition at x/c =  0.0935   30

  35   rms: 0.6854E-02   max: 0.5364E-01   D at   62  1
       a = -2.500      CL =  0.2670
      Cm = -0.1516     CD =  0.03925   =>   CDf =  0.00753    CDp =  0.03172

 Side 1  free  transition at x/c =  0.7729   62
 Side 2  free  transition at x/c =  0.0935   30

  36   rms: 0.6853E-02   max: 0.5365E-01   D at   62  1
       a = -2.500      CL =  0.2670
      Cm = -0.1516     CD =  0.03925   =>   CDf =  0.00753    CDp =  0.03172

 Side 1  free  transition at x/c =  0.7729   62
 Side 2  free  transition at x/c =  0.0935   30

  37   rms: 0.6854E-02   max: 0.5364E-01   D at   62  1
       a = -2.500      CL =  0.2670
      Cm = -0.1516     CD =  0.03925   =>   CDf =  0.00753    CDp =  0.03172

 Side 1  free  transition at x/c =  0.7729   62
 Side 2  free  transition at x/c =  0.0935   30

  38   rms: 0.6853E-02   max: 0.5365E-01   D at   62  1
       a = -2.500      CL =  0.2670
      Cm = -0.1516     CD =  0.03925   =>   CDf =  0.00753    CDp =  0.03172

 Side 1  free  transition at x/c =  0.7729   62
 Side 2  free  transition at x/c =  0.0935   30

  39   rms: 0.6854E-02   max: 0.5365E-01   D at   62  1
       a = -2.500      CL =  0.2670
      Cm = -0.1516     CD =  0.03925   =>   CDf =  0.00753    CDp =  0.03172

 Side 1  free  transition at x/c =  0.7729   62
 Side 2  free  transition at x/c =  0.0935   30

  40   rms: 0.6853E-02   max: 0.5365E-01   D at   62  1
       a = -2.500      CL =  0.2670
      Cm = -0.1516     CD =  0.03925   =>   CDf =  0.00753    CDp =  0.03172

 Side 1  free  transition at x/c =  0.7729   62
 Side 2  free  transition at x/c =  0.0935   30

  41   rms: 0.6853E-02   max: 0.5365E-01   D at   62  1
       a = -2.500      CL =  0.2670
      Cm = -0.1516     CD =  0.03925   =>   CDf =  0.00753    CDp =  0.03172

 Side 1  free  transition at x/c =  0.7729   62
 Side 2  free  transition at x/c =  0.0935   30

  42   rms: 0.6854E-02   max: 0.5365E-01   D at   62  1
       a = -2.500      CL =  0.2670
      Cm = -0.1516     CD =  0.03925   =>   CDf =  0.00753    CDp =  0.03172

 Side 1  free  transition at x/c =  0.7729   62
 Side 2  free  transition at x/c =  0.0935   30

  43   rms: 0.6854E-02   max: 0.5365E-01   D at   62  1
       a = -2.500      CL =  0.2670
      Cm = -0.1516     CD =  0.03925   =>   CDf =  0.00753    CDp =  0.03172

 Side 1  free  transition at x/c =  0.7729   62
 Side 2  free  transition at x/c =  0.0935   30

  44   rms: 0.6853E-02   max: 0.5364E-01   D at   62  1
       a = -2.500      CL =  0.2670
      Cm = -0.1516     CD =  0.03925   =>   CDf =  0.00753    CDp =  0.03172

 Side 1  free  transition at x/c =  0.7729   62
 Side 2  free  transition at x/c =  0.0935   30

  45   rms: 0.6853E-02   max: 0.5364E-01   D at   62  1
       a = -2.500      CL =  0.2670
      Cm = -0.1516     CD =  0.03925   =>   CDf =  0.00753    CDp =  0.03172

 Side 1  free  transition at x/c =  0.7729   62
 Side 2  free  transition at x/c =  0.0935   30

  46   rms: 0.6853E-02   max: 0.5364E-01   D at   62  1
       a = -2.500      CL =  0.2670
      Cm = -0.1516     CD =  0.03925   =>   CDf =  0.00753    CDp =  0.03172

 Side 1  free  transition at x/c =  0.7729   62
 Side 2  free  transition at x/c =  0.0935   30

  47   rms: 0.6854E-02   max: 0.5365E-01   D at   62  1
       a = -2.500      CL =  0.2670
      Cm = -0.1516     CD =  0.03925   =>   CDf =  0.00753    CDp =  0.03172

 Side 1  free  transition at x/c =  0.7729   62
 Side 2  free  transition at x/c =  0.0935   30

  48   rms: 0.6854E-02   max: 0.5364E-01   D at   62  1
       a = -2.500      CL =  0.2670
      Cm = -0.1516     CD =  0.03925   =>   CDf =  0.00753    CDp =  0.03172

 Side 1  free  transition at x/c =  0.7729   62
 Side 2  free  transition at x/c =  0.0935   30

  49   rms: 0.6854E-02   max: 0.5365E-01   D at   62  1
       a = -2.500      CL =  0.2670
      Cm = -0.1516     CD =  0.03925   =>   CDf =  0.00753    CDp =  0.03172

 Side 1  free  transition at x/c =  0.7729   62
 Side 2  free  transition at x/c =  0.0935   30

  50   rms: 0.6853E-02   max: 0.5364E-01   D at   62  1
       a = -2.500      CL =  0.2670
      Cm = -0.1516     CD =  0.03925   =>   CDf =  0.00753    CDp =  0.03172

 Side 1  free  transition at x/c =  0.7729   62
 Side 2  free  transition at x/c =  0.0935   30

  51   rms: 0.6854E-02   max: 0.5366E-01   D at   62  1
       a = -2.500      CL =  0.2670
      Cm = -0.1516     CD =  0.03925   =>   CDf =  0.00753    CDp =  0.03172

 Side 1  free  transition at x/c =  0.7729   62
 Side 2  free  transition at x/c =  0.0935   30

  52   rms: 0.6854E-02   max: 0.5365E-01   D at   62  1
       a = -2.500      CL =  0.2670
      Cm = -0.1516     CD =  0.03925   =>   CDf =  0.00753    CDp =  0.03172

 Side 1  free  transition at x/c =  0.7729   62
 Side 2  free  transition at x/c =  0.0935   30

  53   rms: 0.6853E-02   max: 0.5364E-01   D at   62  1
       a = -2.500      CL =  0.2670
      Cm = -0.1516     CD =  0.03925   =>   CDf =  0.00753    CDp =  0.03172

 Side 1  free  transition at x/c =  0.7729   62
 Side 2  free  transition at x/c =  0.0935   30

  54   rms: 0.6853E-02   max: 0.5366E-01   D at   62  1
       a = -2.500      CL =  0.2670
      Cm = -0.1516     CD =  0.03925   =>   CDf =  0.00753    CDp =  0.03172

 Side 1  free  transition at x/c =  0.7729   62
 Side 2  free  transition at x/c =  0.0935   30

  55   rms: 0.6853E-02   max: 0.5365E-01   D at   62  1
       a = -2.500      CL =  0.2670
      Cm = -0.1516     CD =  0.03925   =>   CDf =  0.00753    CDp =  0.03172

 Side 1  free  transition at x/c =  0.7729   62
 Side 2  free  transition at x/c =  0.0935   30

  56   rms: 0.6853E-02   max: 0.5364E-01   D at   62  1
       a = -2.500      CL =  0.2670
      Cm = -0.1516     CD =  0.03925   =>   CDf =  0.00753    CDp =  0.03172

 Side 1  free  transition at x/c =  0.7729   62
 Side 2  free  transition at x/c =  0.0935   30

  57   rms: 0.6854E-02   max: 0.5365E-01   D at   62  1
       a = -2.500      CL =  0.2670
      Cm = -0.1516     CD =  0.03925   =>   CDf =  0.00753    CDp =  0.03172

 Side 1  free  transition at x/c =  0.7729   62
 Side 2  free  transition at x/c =  0.0935   30

  58   rms: 0.6853E-02   max: 0.5364E-01   D at   62  1
       a = -2.500      CL =  0.2670
      Cm = -0.1516     CD =  0.03925   =>   CDf =  0.00753    CDp =  0.03172

 Side 1  free  transition at x/c =  0.7729   62
 Side 2  free  transition at x/c =  0.0935   30

  59   rms: 0.6854E-02   max: 0.5365E-01   D at   62  1
       a = -2.500      CL =  0.2670
      Cm = -0.1516     CD =  0.03925   =>   CDf =  0.00753    CDp =  0.03172

 Side 1  free  transition at x/c =  0.7729   62
 Side 2  free  transition at x/c =  0.0935   30

  60   rms: 0.6854E-02   max: 0.5365E-01   D at   62  1
       a = -2.500      CL =  0.2670
      Cm = -0.1516     CD =  0.03925   =>   CDf =  0.00753    CDp =  0.03172

 Side 1  free  transition at x/c =  0.7729   62
 Side 2  free  transition at x/c =  0.0935   30

  61   rms: 0.6853E-02   max: 0.5365E-01   D at   62  1
       a = -2.500      CL =  0.2670
      Cm = -0.1516     CD =  0.03925   =>   CDf =  0.00753    CDp =  0.03172

 Side 1  free  transition at x/c =  0.7729   62
 Side 2  free  transition at x/c =  0.0935   30

  62   rms: 0.6854E-02   max: 0.5365E-01   D at   62  1
       a = -2.500      CL =  0.2670
      Cm = -0.1516     CD =  0.03925   =>   CDf =  0.00753    CDp =  0.03172

 Side 1  free  transition at x/c =  0.7729   62
 Side 2  free  transition at x/c =  0.0935   30

  63   rms: 0.6853E-02   max: 0.5365E-01   D at   62  1
       a = -2.500      CL =  0.2670
      Cm = -0.1516     CD =  0.03925   =>   CDf =  0.00753    CDp =  0.03172

 Side 1  free  transition at x/c =  0.7729   62
 Side 2  free  transition at x/c =  0.0935   30

  64   rms: 0.6853E-02   max: 0.5365E-01   D at   62  1
       a = -2.500      CL =  0.2670
      Cm = -0.1516     CD =  0.03925   =>   CDf =  0.00753    CDp =  0.03172

 Side 1  free  transition at x/c =  0.7729   62
 Side 2  free  transition at x/c =  0.0935   30

  65   rms: 0.6853E-02   max: 0.5365E-01   D at   62  1
       a = -2.500      CL =  0.2670
      Cm = -0.1516     CD =  0.03925   =>   CDf =  0.00753    CDp =  0.03172

 Side 1  free  transition at x/c =  0.7729   62
 Side 2  free  transition at x/c =  0.0935   30

  66   rms: 0.6854E-02   max: 0.5365E-01   D at   62  1
       a = -2.500      CL =  0.2670
      Cm = -0.1516     CD =  0.03925   =>   CDf =  0.00753    CDp =  0.03172

 Side 1  free  transition at x/c =  0.7729   62
 Side 2  free  transition at x/c =  0.0935   30

  67   rms: 0.6853E-02   max: 0.5364E-01   D at   62  1
       a = -2.500      CL =  0.2670
      Cm = -0.1516     CD =  0.03925   =>   CDf =  0.00753    CDp =  0.03172

 Side 1  free  transition at x/c =  0.7729   62
 Side 2  free  transition at x/c =  0.0935   30

  68   rms: 0.6854E-02   max: 0.5365E-01   D at   62  1
       a = -2.500      CL =  0.2670
      Cm = -0.1516     CD =  0.03925   =>   CDf =  0.00753    CDp =  0.03172

 Side 1  free  transition at x/c =  0.7729   62
 Side 2  free  transition at x/c =  0.0935   30

  69   rms: 0.6854E-02   max: 0.5366E-01   D at   62  1
       a = -2.500      CL =  0.2670
      Cm = -0.1516     CD =  0.03925   =>   CDf =  0.00753    CDp =  0.03172

 Side 1  free  transition at x/c =  0.7729   62
 Side 2  free  transition at x/c =  0.0935   30

  70   rms: 0.6853E-02   max: 0.5364E-01   D at   62  1
       a = -2.500      CL =  0.2670
      Cm = -0.1516     CD =  0.03925   =>   CDf =  0.00753    CDp =  0.03172

 Side 1  free  transition at x/c =  0.7729   62
 Side 2  free  transition at x/c =  0.0935   30

  71   rms: 0.6854E-02   max: 0.5366E-01   D at   62  1
       a = -2.500      CL =  0.2670
      Cm = -0.1516     CD =  0.03925   =>   CDf =  0.00753    CDp =  0.03172

 Side 1  free  transition at x/c =  0.7729   62
 Side 2  free  transition at x/c =  0.0935   30

  72   rms: 0.6853E-02   max: 0.5364E-01   D at   62  1
       a = -2.500      CL =  0.2670
      Cm = -0.1516     CD =  0.03925   =>   CDf =  0.00753    CDp =  0.03172

 Side 1  free  transition at x/c =  0.7729   62
 Side 2  free  transition at x/c =  0.0935   30

  73   rms: 0.6853E-02   max: 0.5364E-01   D at   62  1
       a = -2.500      CL =  0.2670
      Cm = -0.1516     CD =  0.03925   =>   CDf =  0.00753    CDp =  0.03172

 Side 1  free  transition at x/c =  0.7729   62
 Side 2  free  transition at x/c =  0.0935   30

  74   rms: 0.6853E-02   max: 0.5365E-01   D at   62  1
       a = -2.500      CL =  0.2670
      Cm = -0.1516     CD =  0.03925   =>   CDf =  0.00753    CDp =  0.03172

 Side 1  free  transition at x/c =  0.7729   62
 Side 2  free  transition at x/c =  0.0935   30

  75   rms: 0.6853E-02   max: 0.5364E-01   D at   62  1
       a = -2.500      CL =  0.2670
      Cm = -0.1516     CD =  0.03925   =>   CDf =  0.00753    CDp =  0.03172

 Side 1  free  transition at x/c =  0.7729   62
 Side 2  free  transition at x/c =  0.0935   30

  76   rms: 0.6854E-02   max: 0.5365E-01   D at   62  1
       a = -2.500      CL =  0.2670
      Cm = -0.1516     CD =  0.03925   =>   CDf =  0.00753    CDp =  0.03172

 Side 1  free  transition at x/c =  0.7729   62
 Side 2  free  transition at x/c =  0.0935   30

  77   rms: 0.6854E-02   max: 0.5364E-01   D at   62  1
       a = -2.500      CL =  0.2670
      Cm = -0.1516     CD =  0.03925   =>   CDf =  0.00753    CDp =  0.03172

 Side 1  free  transition at x/c =  0.7729   62
 Side 2  free  transition at x/c =  0.0935   30

  78   rms: 0.6854E-02   max: 0.5365E-01   D at   62  1
       a = -2.500      CL =  0.2670
      Cm = -0.1516     CD =  0.03925   =>   CDf =  0.00753    CDp =  0.03172

 Side 1  free  transition at x/c =  0.7729   62
 Side 2  free  transition at x/c =  0.0935   30

  79   rms: 0.6853E-02   max: 0.5364E-01   D at   62  1
       a = -2.500      CL =  0.2670
      Cm = -0.1516     CD =  0.03925   =>   CDf =  0.00753    CDp =  0.03172

 Side 1  free  transition at x/c =  0.7729   62
 Side 2  free  transition at x/c =  0.0935   30

  80   rms: 0.6854E-02   max: 0.5365E-01   D at   62  1
       a = -2.500      CL =  0.2670
      Cm = -0.1516     CD =  0.03925   =>   CDf =  0.00753    CDp =  0.03172

 Side 1  free  transition at x/c =  0.7729   62
 Side 2  free  transition at x/c =  0.0935   30

  81   rms: 0.6853E-02   max: 0.5364E-01   D at   62  1
       a = -2.500      CL =  0.2670
      Cm = -0.1516     CD =  0.03925   =>   CDf =  0.00753    CDp =  0.03172

 Side 1  free  transition at x/c =  0.7729   62
 Side 2  free  transition at x/c =  0.0935   30

  82   rms: 0.6854E-02   max: 0.5364E-01   D at   62  1
       a = -2.500      CL =  0.2670
      Cm = -0.1516     CD =  0.03925   =>   CDf =  0.00753    CDp =  0.03172

 Side 1  free  transition at x/c =  0.7729   62
 Side 2  free  transition at x/c =  0.0935   30

  83   rms: 0.6853E-02   max: 0.5365E-01   D at   62  1
       a = -2.500      CL =  0.2670
      Cm = -0.1516     CD =  0.03925   =>   CDf =  0.00753    CDp =  0.03172

 Side 1  free  transition at x/c =  0.7729   62
 Side 2  free  transition at x/c =  0.0935   30

  84   rms: 0.6854E-02   max: 0.5365E-01   D at   62  1
       a = -2.500      CL =  0.2670
      Cm = -0.1516     CD =  0.03925   =>   CDf =  0.00753    CDp =  0.03172

 Side 1  free  transition at x/c =  0.7729   62
 Side 2  free  transition at x/c =  0.0935   30

  85   rms: 0.6853E-02   max: 0.5365E-01   D at   62  1
       a = -2.500      CL =  0.2670
      Cm = -0.1516     CD =  0.03925   =>   CDf =  0.00753    CDp =  0.03172

 Side 1  free  transition at x/c =  0.7729   62
 Side 2  free  transition at x/c =  0.0935   30

  86   rms: 0.6854E-02   max: 0.5365E-01   D at   62  1
       a = -2.500      CL =  0.2670
      Cm = -0.1516     CD =  0.03925   =>   CDf =  0.00753    CDp =  0.03172

 Side 1  free  transition at x/c =  0.7729   62
 Side 2  free  transition at x/c =  0.0935   30

  87   rms: 0.6853E-02   max: 0.5365E-01   D at   62  1
       a = -2.500      CL =  0.2670
      Cm = -0.1516     CD =  0.03925   =>   CDf =  0.00753    CDp =  0.03172

 Side 1  free  transition at x/c =  0.7729   62
 Side 2  free  transition at x/c =  0.0935   30

  88   rms: 0.6853E-02   max: 0.5364E-01   D at   62  1
       a = -2.500      CL =  0.2670
      Cm = -0.1516     CD =  0.03925   =>   CDf =  0.00753    CDp =  0.03172

 Side 1  free  transition at x/c =  0.7729   62
 Side 2  free  transition at x/c =  0.0935   30

  89   rms: 0.6854E-02   max: 0.5366E-01   D at   62  1
       a = -2.500      CL =  0.2670
      Cm = -0.1516     CD =  0.03925   =>   CDf =  0.00753    CDp =  0.03172

 Side 1  free  transition at x/c =  0.7729   62
 Side 2  free  transition at x/c =  0.0935   30

  90   rms: 0.6853E-02   max: 0.5363E-01   D at   62  1
       a = -2.500      CL =  0.2670
      Cm = -0.1516     CD =  0.03925   =>   CDf =  0.00753    CDp =  0.03172

 Side 1  free  transition at x/c =  0.7729   62
 Side 2  free  transition at x/c =  0.0935   30

  91   rms: 0.6854E-02   max: 0.5366E-01   D at   62  1
       a = -2.500      CL =  0.2670
      Cm = -0.1516     CD =  0.03925   =>   CDf =  0.00753    CDp =  0.03172

 Side 1  free  transition at x/c =  0.7729   62
 Side 2  free  transition at x/c =  0.0935   30

  92   rms: 0.6854E-02   max: 0.5364E-01   D at   62  1
       a = -2.500      CL =  0.2670
      Cm = -0.1516     CD =  0.03925   =>   CDf =  0.00753    CDp =  0.03172

 Side 1  free  transition at x/c =  0.7729   62
 Side 2  free  transition at x/c =  0.0935   30

  93   rms: 0.6854E-02   max: 0.5366E-01   D at   62  1
       a = -2.500      CL =  0.2670
      Cm = -0.1516     CD =  0.03925   =>   CDf =  0.00753    CDp =  0.03172

 Side 1  free  transition at x/c =  0.7729   62
 Side 2  free  transition at x/c =  0.0935   30

  94   rms: 0.6853E-02   max: 0.5364E-01   D at   62  1
       a = -2.500      CL =  0.2670
      Cm = -0.1516     CD =  0.03925   =>   CDf =  0.00753    CDp =  0.03172

 Side 1  free  transition at x/c =  0.7729   62
 Side 2  free  transition at x/c =  0.0935   30

  95   rms: 0.6854E-02   max: 0.5365E-01   D at   62  1
       a = -2.500      CL =  0.2670
      Cm = -0.1516     CD =  0.03925   =>   CDf =  0.00753    CDp =  0.03172

 Side 1  free  transition at x/c =  0.7729   62
 Side 2  free  transition at x/c =  0.0935   30

  96   rms: 0.6853E-02   max: 0.5365E-01   D at   62  1
       a = -2.500      CL =  0.2670
      Cm = -0.1516     CD =  0.03925   =>   CDf =  0.00753    CDp =  0.03172

 Side 1  free  transition at x/c =  0.7729   62
 Side 2  free  transition at x/c =  0.0935   30

  97   rms: 0.6854E-02   max: 0.5365E-01   D at   62  1
       a = -2.500      CL =  0.2670
      Cm = -0.1516     CD =  0.03925   =>   CDf =  0.00753    CDp =  0.03172

 Side 1  free  transition at x/c =  0.7729   62
 Side 2  free  transition at x/c =  0.0935   30

  98   rms: 0.6853E-02   max: 0.5364E-01   D at   62  1
       a = -2.500      CL =  0.2670
      Cm = -0.1516     CD =  0.03925   =>   CDf =  0.00753    CDp =  0.03172

 Side 1  free  transition at x/c =  0.7729   62
 Side 2  free  transition at x/c =  0.0935   30

  99   rms: 0.6854E-02   max: 0.5366E-01   D at   62  1
       a = -2.500      CL =  0.2670
      Cm = -0.1516     CD =  0.03925   =>   CDf =  0.00753    CDp =  0.03172

 Side 1  free  transition at x/c =  0.7729   62
 Side 2  free  transition at x/c =  0.0935   30

 100   rms: 0.6854E-02   max: 0.5364E-01   D at   62  1
       a = -2.500      CL =  0.2670
      Cm = -0.1516     CD =  0.03925   =>   CDf =  0.00753    CDp =  0.03172

 Side 1  free  transition at x/c =  0.7729   62
 Side 2  free  transition at x/c =  0.0935   30

 101   rms: 0.6854E-02   max: 0.5365E-01   D at   62  1
       a = -2.500      CL =  0.2670
      Cm = -0.1516     CD =  0.03925   =>   CDf =  0.00753    CDp =  0.03172

 Side 1  free  transition at x/c =  0.7729   62
 Side 2  free  transition at x/c =  0.0935   30

 102   rms: 0.6854E-02   max: 0.5365E-01   D at   62  1
       a = -2.500      CL =  0.2670
      Cm = -0.1516     CD =  0.03925   =>   CDf =  0.00753    CDp =  0.03172

 Side 1  free  transition at x/c =  0.7729   62
 Side 2  free  transition at x/c =  0.0935   30

 103   rms: 0.6854E-02   max: 0.5364E-01   D at   62  1
       a = -2.500      CL =  0.2670
      Cm = -0.1516     CD =  0.03925   =>   CDf =  0.00753    CDp =  0.03172

 Side 1  free  transition at x/c =  0.7729   62
 Side 2  free  transition at x/c =  0.0935   30

 104   rms: 0.6854E-02   max: 0.5365E-01   D at   62  1
       a = -2.500      CL =  0.2670
      Cm = -0.1516     CD =  0.03925   =>   CDf =  0.00753    CDp =  0.03172

 Side 1  free  transition at x/c =  0.7729   62
 Side 2  free  transition at x/c =  0.0935   30

 105   rms: 0.6854E-02   max: 0.5364E-01   D at   62  1
       a = -2.500      CL =  0.2670
      Cm = -0.1516     CD =  0.03925   =>   CDf =  0.00753    CDp =  0.03172

 Side 1  free  transition at x/c =  0.7729   62
 Side 2  free  transition at x/c =  0.0935   30

 106   rms: 0.6853E-02   max: 0.5365E-01   D at   62  1
       a = -2.500      CL =  0.2670
      Cm = -0.1516     CD =  0.03925   =>   CDf =  0.00753    CDp =  0.03172

 Side 1  free  transition at x/c =  0.7729   62
 Side 2  free  transition at x/c =  0.0935   30

 107   rms: 0.6854E-02   max: 0.5364E-01   D at   62  1
       a = -2.500      CL =  0.2670
      Cm = -0.1516     CD =  0.03925   =>   CDf =  0.00753    CDp =  0.03172

 Side 1  free  transition at x/c =  0.7729   62
 Side 2  free  transition at x/c =  0.0935   30

 108   rms: 0.6853E-02   max: 0.5365E-01   D at   62  1
       a = -2.500      CL =  0.2670
      Cm = -0.1516     CD =  0.03925   =>   CDf =  0.00753    CDp =  0.03172

 Side 1  free  transition at x/c =  0.7729   62
 Side 2  free  transition at x/c =  0.0935   30

 109   rms: 0.6854E-02   max: 0.5365E-01   D at   62  1
       a = -2.500      CL =  0.2670
      Cm = -0.1516     CD =  0.03925   =>   CDf =  0.00753    CDp =  0.03172

 Side 1  free  transition at x/c =  0.7729   62
 Side 2  free  transition at x/c =  0.0935   30

 110   rms: 0.6854E-02   max: 0.5365E-01   D at   62  1
       a = -2.500      CL =  0.2670
      Cm = -0.1516     CD =  0.03925   =>   CDf =  0.00753    CDp =  0.03172

 Side 1  free  transition at x/c =  0.7729   62
 Side 2  free  transition at x/c =  0.0935   30

 111   rms: 0.6853E-02   max: 0.5364E-01   D at   62  1
       a = -2.500      CL =  0.2670
      Cm = -0.1516     CD =  0.03925   =>   CDf =  0.00753    CDp =  0.03172

 Side 1  free  transition at x/c =  0.7729   62
 Side 2  free  transition at x/c =  0.0935   30

 112   rms: 0.6854E-02   max: 0.5365E-01   D at   62  1
       a = -2.500      CL =  0.2670
      Cm = -0.1516     CD =  0.03925   =>   CDf =  0.00753    CDp =  0.03172

 Side 1  free  transition at x/c =  0.7729   62
 Side 2  free  transition at x/c =  0.0935   30

 113   rms: 0.6853E-02   max: 0.5364E-01   D at   62  1
       a = -2.500      CL =  0.2670
      Cm = -0.1516     CD =  0.03925   =>   CDf =  0.00753    CDp =  0.03172

 Side 1  free  transition at x/c =  0.7729   62
 Side 2  free  transition at x/c =  0.0935   30

 114   rms: 0.6854E-02   max: 0.5366E-01   D at   62  1
       a = -2.500      CL =  0.2670
      Cm = -0.1516     CD =  0.03925   =>   CDf =  0.00753    CDp =  0.03172

 Side 1  free  transition at x/c =  0.7729   62
 Side 2  free  transition at x/c =  0.0935   30

 115   rms: 0.6853E-02   max: 0.5364E-01   D at   62  1
       a = -2.500      CL =  0.2670
      Cm = -0.1516     CD =  0.03925   =>   CDf =  0.00753    CDp =  0.03172

 Side 1  free  transition at x/c =  0.7729   62
 Side 2  free  transition at x/c =  0.0935   30

 116   rms: 0.6854E-02   max: 0.5365E-01   D at   62  1
       a = -2.500      CL =  0.2670
      Cm = -0.1516     CD =  0.03925   =>   CDf =  0.00753    CDp =  0.03172

 Side 1  free  transition at x/c =  0.7729   62
 Side 2  free  transition at x/c =  0.0935   30

 117   rms: 0.6854E-02   max: 0.5366E-01   D at   62  1
       a = -2.500      CL =  0.2670
      Cm = -0.1516     CD =  0.03925   =>   CDf =  0.00753    CDp =  0.03172

 Side 1  free  transition at x/c =  0.7729   62
 Side 2  free  transition at x/c =  0.0935   30

 118   rms: 0.6853E-02   max: 0.5364E-01   D at   62  1
       a = -2.500      CL =  0.2670
      Cm = -0.1516     CD =  0.03925   =>   CDf =  0.00753    CDp =  0.03172

 Side 1  free  transition at x/c =  0.7729   62
 Side 2  free  transition at x/c =  0.0935   30

 119   rms: 0.6854E-02   max: 0.5365E-01   D at   62  1
       a = -2.500      CL =  0.2670
      Cm = -0.1516     CD =  0.03925   =>   CDf =  0.00753    CDp =  0.03172

 Side 1  free  transition at x/c =  0.7729   62
 Side 2  free  transition at x/c =  0.0935   30

 120   rms: 0.6853E-02   max: 0.5365E-01   D at   62  1
       a = -2.500      CL =  0.2670
      Cm = -0.1516     CD =  0.03925   =>   CDf =  0.00753    CDp =  0.03172

 Side 1  free  transition at x/c =  0.7729   62
 Side 2  free  transition at x/c =  0.0935   30

 121   rms: 0.6854E-02   max: 0.5364E-01   D at   62  1
       a = -2.500      CL =  0.2670
      Cm = -0.1516     CD =  0.03925   =>   CDf =  0.00753    CDp =  0.03172

 Side 1  free  transition at x/c =  0.7729   62
 Side 2  free  transition at x/c =  0.0935   30

 122   rms: 0.6854E-02   max: 0.5364E-01   D at   62  1
       a = -2.500      CL =  0.2670
      Cm = -0.1516     CD =  0.03925   =>   CDf =  0.00753    CDp =  0.03172

 Side 1  free  transition at x/c =  0.7729   62
 Side 2  free  transition at x/c =  0.0935   30

 123   rms: 0.6854E-02   max: 0.5366E-01   D at   62  1
       a = -2.500      CL =  0.2670
      Cm = -0.1516     CD =  0.03925   =>   CDf =  0.00753    CDp =  0.03172

 Side 1  free  transition at x/c =  0.7729   62
 Side 2  free  transition at x/c =  0.0935   30

 124   rms: 0.6852E-02   max: 0.5364E-01   D at   62  1
       a = -2.500      CL =  0.2670
      Cm = -0.1516     CD =  0.03925   =>   CDf =  0.00753    CDp =  0.03172

 Side 1  free  transition at x/c =  0.7729   62
 Side 2  free  transition at x/c =  0.0935   30

 125   rms: 0.6854E-02   max: 0.5365E-01   D at   62  1
       a = -2.500      CL =  0.2670
      Cm = -0.1516     CD =  0.03925   =>   CDf =  0.00753    CDp =  0.03172

 Side 1  free  transition at x/c =  0.7729   62
 Side 2  free  transition at x/c =  0.0935   30

 126   rms: 0.6853E-02   max: 0.5365E-01   D at   62  1
       a = -2.500      CL =  0.2670
      Cm = -0.1516     CD =  0.03925   =>   CDf =  0.00753    CDp =  0.03172

 Side 1  free  transition at x/c =  0.7729   62
 Side 2  free  transition at x/c =  0.0935   30

 127   rms: 0.6854E-02   max: 0.5364E-01   D at   62  1
       a = -2.500      CL =  0.2670
      Cm = -0.1516     CD =  0.03925   =>   CDf =  0.00753    CDp =  0.03172

 Side 1  free  transition at x/c =  0.7729   62
 Side 2  free  transition at x/c =  0.0935   30

 128   rms: 0.6854E-02   max: 0.5364E-01   D at   62  1
       a = -2.500      CL =  0.2670
      Cm = -0.1516     CD =  0.03925   =>   CDf =  0.00753    CDp =  0.03172

 Side 1  free  transition at x/c =  0.7729   62
 Side 2  free  transition at x/c =  0.0935   30

 129   rms: 0.6853E-02   max: 0.5365E-01   D at   62  1
       a = -2.500      CL =  0.2670
      Cm = -0.1516     CD =  0.03925   =>   CDf =  0.00753    CDp =  0.03172

 Side 1  free  transition at x/c =  0.7729   62
 Side 2  free  transition at x/c =  0.0935   30

 130   rms: 0.6854E-02   max: 0.5365E-01   D at   62  1
       a = -2.500      CL =  0.2670
      Cm = -0.1516     CD =  0.03925   =>   CDf =  0.00753    CDp =  0.03172

 Side 1  free  transition at x/c =  0.7729   62
 Side 2  free  transition at x/c =  0.0935   30

 131   rms: 0.6854E-02   max: 0.5364E-01   D at   62  1
       a = -2.500      CL =  0.2670
      Cm = -0.1516     CD =  0.03925   =>   CDf =  0.00753    CDp =  0.03172

 Side 1  free  transition at x/c =  0.7729   62
 Side 2  free  transition at x/c =  0.0935   30

 132   rms: 0.6854E-02   max: 0.5365E-01   D at   62  1
       a = -2.500      CL =  0.2670
      Cm = -0.1516     CD =  0.03925   =>   CDf =  0.00753    CDp =  0.03172

 Side 1  free  transition at x/c =  0.7729   62
 Side 2  free  transition at x/c =  0.0935   30

 133   rms: 0.6854E-02   max: 0.5365E-01   D at   62  1
       a = -2.500      CL =  0.2670
      Cm = -0.1516     CD =  0.03925   =>   CDf =  0.00753    CDp =  0.03172

 Side 1  free  transition at x/c =  0.7729   62
 Side 2  free  transition at x/c =  0.0935   30

 134   rms: 0.6854E-02   max: 0.5365E-01   D at   62  1
       a = -2.500      CL =  0.2670
      Cm = -0.1516     CD =  0.03925   =>   CDf =  0.00753    CDp =  0.03172

 Side 1  free  transition at x/c =  0.7729   62
 Side 2  free  transition at x/c =  0.0935   30

 135   rms: 0.6854E-02   max: 0.5365E-01   D at   62  1
       a = -2.500      CL =  0.2670
      Cm = -0.1516     CD =  0.03925   =>   CDf =  0.00753    CDp =  0.03172

 Side 1  free  transition at x/c =  0.7729   62
 Side 2  free  transition at x/c =  0.0935   30

 136   rms: 0.6854E-02   max: 0.5365E-01   D at   62  1
       a = -2.500      CL =  0.2670
      Cm = -0.1516     CD =  0.03925   =>   CDf =  0.00753    CDp =  0.03172

 Side 1  free  transition at x/c =  0.7729   62
 Side 2  free  transition at x/c =  0.0935   30

 137   rms: 0.6854E-02   max: 0.5365E-01   D at   62  1
       a = -2.500      CL =  0.2670
      Cm = -0.1516     CD =  0.03925   =>   CDf =  0.00753    CDp =  0.03172

 Side 1  free  transition at x/c =  0.7729   62
 Side 2  free  transition at x/c =  0.0935   30

 138   rms: 0.6854E-02   max: 0.5364E-01   D at   62  1
       a = -2.500      CL =  0.2670
      Cm = -0.1516     CD =  0.03925   =>   CDf =  0.00753    CDp =  0.03172

 Side 1  free  transition at x/c =  0.7729   62
 Side 2  free  transition at x/c =  0.0935   30

 139   rms: 0.6853E-02   max: 0.5364E-01   D at   62  1
       a = -2.500      CL =  0.2670
      Cm = -0.1516     CD =  0.03925   =>   CDf =  0.00753    CDp =  0.03172

 Side 1  free  transition at x/c =  0.7729   62
 Side 2  free  transition at x/c =  0.0935   30

 140   rms: 0.6853E-02   max: 0.5365E-01   D at   62  1
       a = -2.500      CL =  0.2670
      Cm = -0.1516     CD =  0.03925   =>   CDf =  0.00753    CDp =  0.03172

 Side 1  free  transition at x/c =  0.7729   62
 Side 2  free  transition at x/c =  0.0935   30

 141   rms: 0.6853E-02   max: 0.5364E-01   D at   62  1
       a = -2.500      CL =  0.2670
      Cm = -0.1516     CD =  0.03925   =>   CDf =  0.00753    CDp =  0.03172

 Side 1  free  transition at x/c =  0.7729   62
 Side 2  free  transition at x/c =  0.0935   30

 142   rms: 0.6854E-02   max: 0.5366E-01   D at   62  1
       a = -2.500      CL =  0.2670
      Cm = -0.1516     CD =  0.03925   =>   CDf =  0.00753    CDp =  0.03172

 Side 1  free  transition at x/c =  0.7729   62
 Side 2  free  transition at x/c =  0.0935   30

 143   rms: 0.6854E-02   max: 0.5364E-01   D at   62  1
       a = -2.500      CL =  0.2670
      Cm = -0.1516     CD =  0.03925   =>   CDf =  0.00753    CDp =  0.03172

 Side 1  free  transition at x/c =  0.7729   62
 Side 2  free  transition at x/c =  0.0935   30

 144   rms: 0.6854E-02   max: 0.5365E-01   D at   62  1
       a = -2.500      CL =  0.2670
      Cm = -0.1516     CD =  0.03925   =>   CDf =  0.00753    CDp =  0.03172

 Side 1  free  transition at x/c =  0.7729   62
 Side 2  free  transition at x/c =  0.0935   30

 145   rms: 0.6853E-02   max: 0.5364E-01   D at   62  1
       a = -2.500      CL =  0.2670
      Cm = -0.1516     CD =  0.03925   =>   CDf =  0.00753    CDp =  0.03172

 Side 1  free  transition at x/c =  0.7729   62
 Side 2  free  transition at x/c =  0.0935   30

 146   rms: 0.6854E-02   max: 0.5365E-01   D at   62  1
       a = -2.500      CL =  0.2670
      Cm = -0.1516     CD =  0.03925   =>   CDf =  0.00753    CDp =  0.03172

 Side 1  free  transition at x/c =  0.7729   62
 Side 2  free  transition at x/c =  0.0935   30

 147   rms: 0.6853E-02   max: 0.5365E-01   D at   62  1
       a = -2.500      CL =  0.2670
      Cm = -0.1516     CD =  0.03925   =>   CDf =  0.00753    CDp =  0.03172

 Side 1  free  transition at x/c =  0.7729   62
 Side 2  free  transition at x/c =  0.0935   30

 148   rms: 0.6853E-02   max: 0.5364E-01   D at   62  1
       a = -2.500      CL =  0.2670
      Cm = -0.1516     CD =  0.03925   =>   CDf =  0.00753    CDp =  0.03172

 Side 1  free  transition at x/c =  0.7729   62
 Side 2  free  transition at x/c =  0.0935   30

 149   rms: 0.6854E-02   max: 0.5366E-01   D at   62  1
       a = -2.500      CL =  0.2670
      Cm = -0.1516     CD =  0.03925   =>   CDf =  0.00753    CDp =  0.03172

 Side 1  free  transition at x/c =  0.7729   62
 Side 2  free  transition at x/c =  0.0935   30

 150   rms: 0.6854E-02   max: 0.5365E-01   D at   62  1
       a = -2.500      CL =  0.2670
      Cm = -0.1516     CD =  0.03925   =>   CDf =  0.00753    CDp =  0.03172

 Side 1  free  transition at x/c =  0.7729   62
 Side 2  free  transition at x/c =  0.0935   30

 151   rms: 0.6854E-02   max: 0.5365E-01   D at   62  1
       a = -2.500      CL =  0.2670
      Cm = -0.1516     CD =  0.03925   =>   CDf =  0.00753    CDp =  0.03172

 Side 1  free  transition at x/c =  0.7729   62
 Side 2  free  transition at x/c =  0.0935   30

 152   rms: 0.6853E-02   max: 0.5364E-01   D at   62  1
       a = -2.500      CL =  0.2670
      Cm = -0.1516     CD =  0.03925   =>   CDf =  0.00753    CDp =  0.03172

 Side 1  free  transition at x/c =  0.7729   62
 Side 2  free  transition at x/c =  0.0935   30

 153   rms: 0.6854E-02   max: 0.5365E-01   D at   62  1
       a = -2.500      CL =  0.2670
      Cm = -0.1516     CD =  0.03925   =>   CDf =  0.00753    CDp =  0.03172

 Side 1  free  transition at x/c =  0.7729   62
 Side 2  free  transition at x/c =  0.0935   30

 154   rms: 0.6853E-02   max: 0.5364E-01   D at   62  1
       a = -2.500      CL =  0.2670
      Cm = -0.1516     CD =  0.03925   =>   CDf =  0.00753    CDp =  0.03172

 Side 1  free  transition at x/c =  0.7729   62
 Side 2  free  transition at x/c =  0.0935   30

 155   rms: 0.6854E-02   max: 0.5365E-01   D at   62  1
       a = -2.500      CL =  0.2670
      Cm = -0.1516     CD =  0.03925   =>   CDf =  0.00753    CDp =  0.03172

 Side 1  free  transition at x/c =  0.7729   62
 Side 2  free  transition at x/c =  0.0935   30

 156   rms: 0.6853E-02   max: 0.5364E-01   D at   62  1
       a = -2.500      CL =  0.2670
      Cm = -0.1516     CD =  0.03925   =>   CDf =  0.00753    CDp =  0.03172

 Side 1  free  transition at x/c =  0.7729   62
 Side 2  free  transition at x/c =  0.0935   30

 157   rms: 0.6854E-02   max: 0.5366E-01   D at   62  1
       a = -2.500      CL =  0.2670
      Cm = -0.1516     CD =  0.03925   =>   CDf =  0.00753    CDp =  0.03172

 Side 1  free  transition at x/c =  0.7729   62
 Side 2  free  transition at x/c =  0.0935   30

 158   rms: 0.6853E-02   max: 0.5364E-01   D at   62  1
       a = -2.500      CL =  0.2670
      Cm = -0.1516     CD =  0.03925   =>   CDf =  0.00753    CDp =  0.03172

 Side 1  free  transition at x/c =  0.7729   62
 Side 2  free  transition at x/c =  0.0935   30

 159   rms: 0.6853E-02   max: 0.5365E-01   D at   62  1
       a = -2.500      CL =  0.2670
      Cm = -0.1516     CD =  0.03925   =>   CDf =  0.00753    CDp =  0.03172

 Side 1  free  transition at x/c =  0.7729   62
 Side 2  free  transition at x/c =  0.0935   30

 160   rms: 0.6853E-02   max: 0.5365E-01   D at   62  1
       a = -2.500      CL =  0.2670
      Cm = -0.1516     CD =  0.03925   =>   CDf =  0.00753    CDp =  0.03172

 Side 1  free  transition at x/c =  0.7729   62
 Side 2  free  transition at x/c =  0.0935   30

 161   rms: 0.6854E-02   max: 0.5365E-01   D at   62  1
       a = -2.500      CL =  0.2670
      Cm = -0.1516     CD =  0.03925   =>   CDf =  0.00753    CDp =  0.03172

 Side 1  free  transition at x/c =  0.7729   62
 Side 2  free  transition at x/c =  0.0935   30

 162   rms: 0.6853E-02   max: 0.5364E-01   D at   62  1
       a = -2.500      CL =  0.2670
      Cm = -0.1516     CD =  0.03925   =>   CDf =  0.00753    CDp =  0.03172

 Side 1  free  transition at x/c =  0.7729   62
 Side 2  free  transition at x/c =  0.0935   30

 163   rms: 0.6854E-02   max: 0.5365E-01   D at   62  1
       a = -2.500      CL =  0.2670
      Cm = -0.1516     CD =  0.03925   =>   CDf =  0.00753    CDp =  0.03172

 Side 1  free  transition at x/c =  0.7729   62
 Side 2  free  transition at x/c =  0.0935   30

 164   rms: 0.6853E-02   max: 0.5365E-01   D at   62  1
       a = -2.500      CL =  0.2670
      Cm = -0.1516     CD =  0.03925   =>   CDf =  0.00753    CDp =  0.03172

 Side 1  free  transition at x/c =  0.7729   62
 Side 2  free  transition at x/c =  0.0935   30

 165   rms: 0.6854E-02   max: 0.5365E-01   D at   62  1
       a = -2.500      CL =  0.2670
      Cm = -0.1516     CD =  0.03925   =>   CDf =  0.00753    CDp =  0.03172

 Side 1  free  transition at x/c =  0.7729   62
 Side 2  free  transition at x/c =  0.0935   30

 166   rms: 0.6853E-02   max: 0.5364E-01   D at   62  1
       a = -2.500      CL =  0.2670
      Cm = -0.1516     CD =  0.03925   =>   CDf =  0.00753    CDp =  0.03172

 Side 1  free  transition at x/c =  0.7729   62
 Side 2  free  transition at x/c =  0.0935   30

 167   rms: 0.6853E-02   max: 0.5364E-01   D at   62  1
       a = -2.500      CL =  0.2670
      Cm = -0.1516     CD =  0.03925   =>   CDf =  0.00753    CDp =  0.03172

 Side 1  free  transition at x/c =  0.7729   62
 Side 2  free  transition at x/c =  0.0935   30

 168   rms: 0.6854E-02   max: 0.5365E-01   D at   62  1
       a = -2.500      CL =  0.2670
      Cm = -0.1516     CD =  0.03925   =>   CDf =  0.00753    CDp =  0.03172

 Side 1  free  transition at x/c =  0.7729   62
 Side 2  free  transition at x/c =  0.0935   30

 169   rms: 0.6854E-02   max: 0.5365E-01   D at   62  1
       a = -2.500      CL =  0.2670
      Cm = -0.1516     CD =  0.03925   =>   CDf =  0.00753    CDp =  0.03172

 Side 1  free  transition at x/c =  0.7729   62
 Side 2  free  transition at x/c =  0.0935   30

 170   rms: 0.6854E-02   max: 0.5364E-01   D at   62  1
       a = -2.500      CL =  0.2670
      Cm = -0.1516     CD =  0.03925   =>   CDf =  0.00753    CDp =  0.03172

 Side 1  free  transition at x/c =  0.7729   62
 Side 2  free  transition at x/c =  0.0935   30

 171   rms: 0.6854E-02   max: 0.5364E-01   D at   62  1
       a = -2.500      CL =  0.2670
      Cm = -0.1516     CD =  0.03925   =>   CDf =  0.00753    CDp =  0.03172

 Side 1  free  transition at x/c =  0.7729   62
 Side 2  free  transition at x/c =  0.0935   30

 172   rms: 0.6854E-02   max: 0.5365E-01   D at   62  1
       a = -2.500      CL =  0.2670
      Cm = -0.1516     CD =  0.03925   =>   CDf =  0.00753    CDp =  0.03172

 Side 1  free  transition at x/c =  0.7729   62
 Side 2  free  transition at x/c =  0.0935   30

 173   rms: 0.6854E-02   max: 0.5365E-01   D at   62  1
       a = -2.500      CL =  0.2670
      Cm = -0.1516     CD =  0.03925   =>   CDf =  0.00753    CDp =  0.03172

 Side 1  free  transition at x/c =  0.7729   62
 Side 2  free  transition at x/c =  0.0935   30

 174   rms: 0.6853E-02   max: 0.5364E-01   D at   62  1
       a = -2.500      CL =  0.2670
      Cm = -0.1516     CD =  0.03925   =>   CDf =  0.00753    CDp =  0.03172

 Side 1  free  transition at x/c =  0.7729   62
 Side 2  free  transition at x/c =  0.0935   30

 175   rms: 0.6854E-02   max: 0.5365E-01   D at   62  1
       a = -2.500      CL =  0.2670
      Cm = -0.1516     CD =  0.03925   =>   CDf =  0.00753    CDp =  0.03172

 Side 1  free  transition at x/c =  0.7729   62
 Side 2  free  transition at x/c =  0.0935   30

 176   rms: 0.6853E-02   max: 0.5365E-01   D at   62  1
       a = -2.500      CL =  0.2670
      Cm = -0.1516     CD =  0.03925   =>   CDf =  0.00753    CDp =  0.03172

 Side 1  free  transition at x/c =  0.7729   62
 Side 2  free  transition at x/c =  0.0935   30

 177   rms: 0.6854E-02   max: 0.5365E-01   D at   62  1
       a = -2.500      CL =  0.2670
      Cm = -0.1516     CD =  0.03925   =>   CDf =  0.00753    CDp =  0.03172

 Side 1  free  transition at x/c =  0.7729   62
 Side 2  free  transition at x/c =  0.0935   30

 178   rms: 0.6853E-02   max: 0.5364E-01   D at   62  1
       a = -2.500      CL =  0.2670
      Cm = -0.1516     CD =  0.03925   =>   CDf =  0.00753    CDp =  0.03172

 Side 1  free  transition at x/c =  0.7729   62
 Side 2  free  transition at x/c =  0.0935   30

 179   rms: 0.6853E-02   max: 0.5365E-01   D at   62  1
       a = -2.500      CL =  0.2670
      Cm = -0.1516     CD =  0.03925   =>   CDf =  0.00753    CDp =  0.03172

 Side 1  free  transition at x/c =  0.7729   62
 Side 2  free  transition at x/c =  0.0935   30

 180   rms: 0.6853E-02   max: 0.5364E-01   D at   62  1
       a = -2.500      CL =  0.2670
      Cm = -0.1516     CD =  0.03925   =>   CDf =  0.00753    CDp =  0.03172

 Side 1  free  transition at x/c =  0.7729   62
 Side 2  free  transition at x/c =  0.0935   30

 181   rms: 0.6853E-02   max: 0.5364E-01   D at   62  1
       a = -2.500      CL =  0.2670
      Cm = -0.1516     CD =  0.03925   =>   CDf =  0.00753    CDp =  0.03172

 Side 1  free  transition at x/c =  0.7729   62
 Side 2  free  transition at x/c =  0.0935   30

 182   rms: 0.6853E-02   max: 0.5364E-01   D at   62  1
       a = -2.500      CL =  0.2670
      Cm = -0.1516     CD =  0.03925   =>   CDf =  0.00753    CDp =  0.03172

 Side 1  free  transition at x/c =  0.7729   62
 Side 2  free  transition at x/c =  0.0935   30

 183   rms: 0.6854E-02   max: 0.5365E-01   D at   62  1
       a = -2.500      CL =  0.2670
      Cm = -0.1516     CD =  0.03925   =>   CDf =  0.00753    CDp =  0.03172

 Side 1  free  transition at x/c =  0.7729   62
 Side 2  free  transition at x/c =  0.0935   30

 184   rms: 0.6853E-02   max: 0.5364E-01   D at   62  1
       a = -2.500      CL =  0.2670
      Cm = -0.1516     CD =  0.03925   =>   CDf =  0.00753    CDp =  0.03172

 Side 1  free  transition at x/c =  0.7729   62
 Side 2  free  transition at x/c =  0.0935   30

 185   rms: 0.6854E-02   max: 0.5365E-01   D at   62  1
       a = -2.500      CL =  0.2670
      Cm = -0.1516     CD =  0.03925   =>   CDf =  0.00753    CDp =  0.03172

 Side 1  free  transition at x/c =  0.7729   62
 Side 2  free  transition at x/c =  0.0935   30

 186   rms: 0.6853E-02   max: 0.5365E-01   D at   62  1
       a = -2.500      CL =  0.2670
      Cm = -0.1516     CD =  0.03925   =>   CDf =  0.00753    CDp =  0.03172

 Side 1  free  transition at x/c =  0.7729   62
 Side 2  free  transition at x/c =  0.0935   30

 187   rms: 0.6853E-02   max: 0.5364E-01   D at   62  1
       a = -2.500      CL =  0.2670
      Cm = -0.1516     CD =  0.03925   =>   CDf =  0.00753    CDp =  0.03172

 Side 1  free  transition at x/c =  0.7729   62
 Side 2  free  transition at x/c =  0.0935   30

 188   rms: 0.6853E-02   max: 0.5364E-01   D at   62  1
       a = -2.500      CL =  0.2670
      Cm = -0.1516     CD =  0.03925   =>   CDf =  0.00753    CDp =  0.03172

 Side 1  free  transition at x/c =  0.7729   62
 Side 2  free  transition at x/c =  0.0935   30

 189   rms: 0.6854E-02   max: 0.5366E-01   D at   62  1
       a = -2.500      CL =  0.2670
      Cm = -0.1516     CD =  0.03925   =>   CDf =  0.00753    CDp =  0.03172

 Side 1  free  transition at x/c =  0.7729   62
 Side 2  free  transition at x/c =  0.0935   30

 190   rms: 0.6853E-02   max: 0.5364E-01   D at   62  1
       a = -2.500      CL =  0.2670
      Cm = -0.1516     CD =  0.03925   =>   CDf =  0.00753    CDp =  0.03172

 Side 1  free  transition at x/c =  0.7729   62
 Side 2  free  transition at x/c =  0.0935   30

 191   rms: 0.6854E-02   max: 0.5365E-01   D at   62  1
       a = -2.500      CL =  0.2670
      Cm = -0.1516     CD =  0.03925   =>   CDf =  0.00753    CDp =  0.03172

 Side 1  free  transition at x/c =  0.7729   62
 Side 2  free  transition at x/c =  0.0935   30

 192   rms: 0.6853E-02   max: 0.5364E-01   D at   62  1
       a = -2.500      CL =  0.2670
      Cm = -0.1516     CD =  0.03925   =>   CDf =  0.00753    CDp =  0.03172

 Side 1  free  transition at x/c =  0.7729   62
 Side 2  free  transition at x/c =  0.0935   30

 193   rms: 0.6854E-02   max: 0.5365E-01   D at   62  1
       a = -2.500      CL =  0.2670
      Cm = -0.1516     CD =  0.03925   =>   CDf =  0.00753    CDp =  0.03172

 Side 1  free  transition at x/c =  0.7729   62
 Side 2  free  transition at x/c =  0.0935   30

 194   rms: 0.6853E-02   max: 0.5365E-01   D at   62  1
       a = -2.500      CL =  0.2670
      Cm = -0.1516     CD =  0.03925   =>   CDf =  0.00753    CDp =  0.03172

 Side 1  free  transition at x/c =  0.7729   62
 Side 2  free  transition at x/c =  0.0935   30

 195   rms: 0.6853E-02   max: 0.5364E-01   D at   62  1
       a = -2.500      CL =  0.2670
      Cm = -0.1516     CD =  0.03925   =>   CDf =  0.00753    CDp =  0.03172

 Side 1  free  transition at x/c =  0.7729   62
 Side 2  free  transition at x/c =  0.0935   30

 196   rms: 0.6854E-02   max: 0.5365E-01   D at   62  1
       a = -2.500      CL =  0.2670
      Cm = -0.1516     CD =  0.03925   =>   CDf =  0.00753    CDp =  0.03172

 Side 1  free  transition at x/c =  0.7729   62
 Side 2  free  transition at x/c =  0.0935   30

 197   rms: 0.6853E-02   max: 0.5364E-01   D at   62  1
       a = -2.500      CL =  0.2670
      Cm = -0.1516     CD =  0.03925   =>   CDf =  0.00753    CDp =  0.03172

 Side 1  free  transition at x/c =  0.7729   62
 Side 2  free  transition at x/c =  0.0935   30

 198   rms: 0.6854E-02   max: 0.5366E-01   D at   62  1
       a = -2.500      CL =  0.2670
      Cm = -0.1516     CD =  0.03925   =>   CDf =  0.00753    CDp =  0.03172

 Side 1  free  transition at x/c =  0.7729   62
 Side 2  free  transition at x/c =  0.0935   30

 199   rms: 0.6853E-02   max: 0.5364E-01   D at   62  1
       a = -2.500      CL =  0.2670
      Cm = -0.1516     CD =  0.03925   =>   CDf =  0.00753    CDp =  0.03172

 Side 1  free  transition at x/c =  0.7729   62
 Side 2  free  transition at x/c =  0.0935   30

 200   rms: 0.6853E-02   max: 0.5364E-01   D at   62  1
       a = -2.500      CL =  0.2670
      Cm = -0.1516     CD =  0.03925   =>   CDf =  0.00753    CDp =  0.03172

 Side 1  free  transition at x/c =  0.7729   62
 Side 2  free  transition at x/c =  0.0935   30

 201   rms: 0.6854E-02   max: 0.5366E-01   D at   62  1
       a = -2.500      CL =  0.2670
      Cm = -0.1516     CD =  0.03925   =>   CDf =  0.00753    CDp =  0.03172

 Side 1  free  transition at x/c =  0.7729   62
 Side 2  free  transition at x/c =  0.0935   30

 202   rms: 0.6853E-02   max: 0.5365E-01   D at   62  1
       a = -2.500      CL =  0.2670
      Cm = -0.1516     CD =  0.03925   =>   CDf =  0.00753    CDp =  0.03172

 Side 1  free  transition at x/c =  0.7729   62
 Side 2  free  transition at x/c =  0.0935   30

 203   rms: 0.6853E-02   max: 0.5365E-01   D at   62  1
       a = -2.500      CL =  0.2670
      Cm = -0.1516     CD =  0.03925   =>   CDf =  0.00753    CDp =  0.03172

 Side 1  free  transition at x/c =  0.7729   62
 Side 2  free  transition at x/c =  0.0935   30

 204   rms: 0.6854E-02   max: 0.5365E-01   D at   62  1
       a = -2.500      CL =  0.2670
      Cm = -0.1516     CD =  0.03925   =>   CDf =  0.00753    CDp =  0.03172

 Side 1  free  transition at x/c =  0.7729   62
 Side 2  free  transition at x/c =  0.0935   30

 205   rms: 0.6853E-02   max: 0.5365E-01   D at   62  1
       a = -2.500      CL =  0.2670
      Cm = -0.1516     CD =  0.03925   =>   CDf =  0.00753    CDp =  0.03172

 Side 1  free  transition at x/c =  0.7729   62
 Side 2  free  transition at x/c =  0.0935   30

 206   rms: 0.6854E-02   max: 0.5366E-01   D at   62  1
       a = -2.500      CL =  0.2670
      Cm = -0.1516     CD =  0.03925   =>   CDf =  0.00753    CDp =  0.03172

 Side 1  free  transition at x/c =  0.7729   62
 Side 2  free  transition at x/c =  0.0935   30

 207   rms: 0.6853E-02   max: 0.5364E-01   D at   62  1
       a = -2.500      CL =  0.2670
      Cm = -0.1516     CD =  0.03925   =>   CDf =  0.00753    CDp =  0.03172

 Side 1  free  transition at x/c =  0.7729   62
 Side 2  free  transition at x/c =  0.0935   30

 208   rms: 0.6854E-02   max: 0.5365E-01   D at   62  1
       a = -2.500      CL =  0.2670
      Cm = -0.1516     CD =  0.03925   =>   CDf =  0.00753    CDp =  0.03172

 Side 1  free  transition at x/c =  0.7729   62
 Side 2  free  transition at x/c =  0.0935   30

 209   rms: 0.6854E-02   max: 0.5366E-01   D at   62  1
       a = -2.500      CL =  0.2670
      Cm = -0.1516     CD =  0.03925   =>   CDf =  0.00753    CDp =  0.03172

 Side 1  free  transition at x/c =  0.7729   62
 Side 2  free  transition at x/c =  0.0935   30

 210   rms: 0.6853E-02   max: 0.5364E-01   D at   62  1
       a = -2.500      CL =  0.2670
      Cm = -0.1516     CD =  0.03925   =>   CDf =  0.00753    CDp =  0.03172

 Side 1  free  transition at x/c =  0.7729   62
 Side 2  free  transition at x/c =  0.0935   30

 211   rms: 0.6854E-02   max: 0.5365E-01   D at   62  1
       a = -2.500      CL =  0.2670
      Cm = -0.1516     CD =  0.03925   =>   CDf =  0.00753    CDp =  0.03172

 Side 1  free  transition at x/c =  0.7729   62
 Side 2  free  transition at x/c =  0.0935   30

 212   rms: 0.6853E-02   max: 0.5365E-01   D at   62  1
       a = -2.500      CL =  0.2670
      Cm = -0.1516     CD =  0.03925   =>   CDf =  0.00753    CDp =  0.03172

 Side 1  free  transition at x/c =  0.7729   62
 Side 2  free  transition at x/c =  0.0935   30

 213   rms: 0.6853E-02   max: 0.5364E-01   D at   62  1
       a = -2.500      CL =  0.2670
      Cm = -0.1516     CD =  0.03925   =>   CDf =  0.00753    CDp =  0.03172

 Side 1  free  transition at x/c =  0.7729   62
 Side 2  free  transition at x/c =  0.0935   30

 214   rms: 0.6854E-02   max: 0.5364E-01   D at   62  1
       a = -2.500      CL =  0.2670
      Cm = -0.1516     CD =  0.03925   =>   CDf =  0.00753    CDp =  0.03172

 Side 1  free  transition at x/c =  0.7729   62
 Side 2  free  transition at x/c =  0.0935   30

 215   rms: 0.6854E-02   max: 0.5365E-01   D at   62  1
       a = -2.500      CL =  0.2670
      Cm = -0.1516     CD =  0.03925   =>   CDf =  0.00753    CDp =  0.03172

 Side 1  free  transition at x/c =  0.7729   62
 Side 2  free  transition at x/c =  0.0935   30

 216   rms: 0.6853E-02   max: 0.5364E-01   D at   62  1
       a = -2.500      CL =  0.2670
      Cm = -0.1516     CD =  0.03925   =>   CDf =  0.00753    CDp =  0.03172

 Side 1  free  transition at x/c =  0.7729   62
 Side 2  free  transition at x/c =  0.0935   30

 217   rms: 0.6854E-02   max: 0.5366E-01   D at   62  1
       a = -2.500      CL =  0.2670
      Cm = -0.1516     CD =  0.03925   =>   CDf =  0.00753    CDp =  0.03172

 Side 1  free  transition at x/c =  0.7729   62
 Side 2  free  transition at x/c =  0.0935   30

 218   rms: 0.6853E-02   max: 0.5365E-01   D at   62  1
       a = -2.500      CL =  0.2670
      Cm = -0.1516     CD =  0.03925   =>   CDf =  0.00753    CDp =  0.03172

 Side 1  free  transition at x/c =  0.7729   62
 Side 2  free  transition at x/c =  0.0935   30

 219   rms: 0.6854E-02   max: 0.5365E-01   D at   62  1
       a = -2.500      CL =  0.2670
      Cm = -0.1516     CD =  0.03925   =>   CDf =  0.00753    CDp =  0.03172

 Side 1  free  transition at x/c =  0.7729   62
 Side 2  free  transition at x/c =  0.0935   30

 220   rms: 0.6854E-02   max: 0.5364E-01   D at   62  1
       a = -2.500      CL =  0.2670
      Cm = -0.1516     CD =  0.03925   =>   CDf =  0.00753    CDp =  0.03172

 Side 1  free  transition at x/c =  0.7729   62
 Side 2  free  transition at x/c =  0.0935   30

 221   rms: 0.6853E-02   max: 0.5365E-01   D at   62  1
       a = -2.500      CL =  0.2670
      Cm = -0.1516     CD =  0.03925   =>   CDf =  0.00753    CDp =  0.03172

 Side 1  free  transition at x/c =  0.7729   62
 Side 2  free  transition at x/c =  0.0935   30

 222   rms: 0.6854E-02   max: 0.5365E-01   D at   62  1
       a = -2.500      CL =  0.2670
      Cm = -0.1516     CD =  0.03925   =>   CDf =  0.00753    CDp =  0.03172

 Side 1  free  transition at x/c =  0.7729   62
 Side 2  free  transition at x/c =  0.0935   30

 223   rms: 0.6854E-02   max: 0.5365E-01   D at   62  1
       a = -2.500      CL =  0.2670
      Cm = -0.1516     CD =  0.03925   =>   CDf =  0.00753    CDp =  0.03172

 Side 1  free  transition at x/c =  0.7729   62
 Side 2  free  transition at x/c =  0.0935   30

 224   rms: 0.6853E-02   max: 0.5365E-01   D at   62  1
       a = -2.500      CL =  0.2670
      Cm = -0.1516     CD =  0.03925   =>   CDf =  0.00753    CDp =  0.03172

 Side 1  free  transition at x/c =  0.7729   62
 Side 2  free  transition at x/c =  0.0935   30

 225   rms: 0.6854E-02   max: 0.5365E-01   D at   62  1
       a = -2.500      CL =  0.2670
      Cm = -0.1516     CD =  0.03925   =>   CDf =  0.00753    CDp =  0.03172

 Side 1  free  transition at x/c =  0.7729   62
 Side 2  free  transition at x/c =  0.0935   30

 226   rms: 0.6853E-02   max: 0.5364E-01   D at   62  1
       a = -2.500      CL =  0.2670
      Cm = -0.1516     CD =  0.03925   =>   CDf =  0.00753    CDp =  0.03172

 Side 1  free  transition at x/c =  0.7729   62
 Side 2  free  transition at x/c =  0.0935   30

 227   rms: 0.6853E-02   max: 0.5364E-01   D at   62  1
       a = -2.500      CL =  0.2670
      Cm = -0.1516     CD =  0.03925   =>   CDf =  0.00753    CDp =  0.03172

 Side 1  free  transition at x/c =  0.7729   62
 Side 2  free  transition at x/c =  0.0935   30

 228   rms: 0.6854E-02   max: 0.5365E-01   D at   62  1
       a = -2.500      CL =  0.2670
      Cm = -0.1516     CD =  0.03925   =>   CDf =  0.00753    CDp =  0.03172

 Side 1  free  transition at x/c =  0.7729   62
 Side 2  free  transition at x/c =  0.0935   30

 229   rms: 0.6854E-02   max: 0.5364E-01   D at   62  1
       a = -2.500      CL =  0.2670
      Cm = -0.1516     CD =  0.03925   =>   CDf =  0.00753    CDp =  0.03172

 Side 1  free  transition at x/c =  0.7729   62
 Side 2  free  transition at x/c =  0.0935   30

 230   rms: 0.6853E-02   max: 0.5365E-01   D at   62  1
       a = -2.500      CL =  0.2670
      Cm = -0.1516     CD =  0.03925   =>   CDf =  0.00753    CDp =  0.03172

 Side 1  free  transition at x/c =  0.7729   62
 Side 2  free  transition at x/c =  0.0935   30

 231   rms: 0.6854E-02   max: 0.5365E-01   D at   62  1
       a = -2.500      CL =  0.2670
      Cm = -0.1516     CD =  0.03925   =>   CDf =  0.00753    CDp =  0.03172

 Side 1  free  transition at x/c =  0.7729   62
 Side 2  free  transition at x/c =  0.0935   30

 232   rms: 0.6854E-02   max: 0.5366E-01   D at   62  1
       a = -2.500      CL =  0.2670
      Cm = -0.1516     CD =  0.03925   =>   CDf =  0.00753    CDp =  0.03172

 Side 1  free  transition at x/c =  0.7729   62
 Side 2  free  transition at x/c =  0.0935   30

 233   rms: 0.6854E-02   max: 0.5364E-01   D at   62  1
       a = -2.500      CL =  0.2670
      Cm = -0.1516     CD =  0.03925   =>   CDf =  0.00753    CDp =  0.03172

 Side 1  free  transition at x/c =  0.7729   62
 Side 2  free  transition at x/c =  0.0935   30

 234   rms: 0.6854E-02   max: 0.5365E-01   D at   62  1
       a = -2.500      CL =  0.2670
      Cm = -0.1516     CD =  0.03925   =>   CDf =  0.00753    CDp =  0.03172

 Side 1  free  transition at x/c =  0.7729   62
 Side 2  free  transition at x/c =  0.0935   30

 235   rms: 0.6854E-02   max: 0.5365E-01   D at   62  1
       a = -2.500      CL =  0.2670
      Cm = -0.1516     CD =  0.03925   =>   CDf =  0.00753    CDp =  0.03172

 Side 1  free  transition at x/c =  0.7729   62
 Side 2  free  transition at x/c =  0.0935   30

 236   rms: 0.6854E-02   max: 0.5364E-01   D at   62  1
       a = -2.500      CL =  0.2670
      Cm = -0.1516     CD =  0.03925   =>   CDf =  0.00753    CDp =  0.03172

 Side 1  free  transition at x/c =  0.7729   62
 Side 2  free  transition at x/c =  0.0935   30

 237   rms: 0.6854E-02   max: 0.5365E-01   D at   62  1
       a = -2.500      CL =  0.2670
      Cm = -0.1516     CD =  0.03925   =>   CDf =  0.00753    CDp =  0.03172

 Side 1  free  transition at x/c =  0.7729   62
 Side 2  free  transition at x/c =  0.0935   30

 238   rms: 0.6853E-02   max: 0.5365E-01   D at   62  1
       a = -2.500      CL =  0.2670
      Cm = -0.1516     CD =  0.03925   =>   CDf =  0.00753    CDp =  0.03172

 Side 1  free  transition at x/c =  0.7729   62
 Side 2  free  transition at x/c =  0.0935   30

 239   rms: 0.6853E-02   max: 0.5365E-01   D at   62  1
       a = -2.500      CL =  0.2670
      Cm = -0.1516     CD =  0.03925   =>   CDf =  0.00753    CDp =  0.03172

 Side 1  free  transition at x/c =  0.7729   62
 Side 2  free  transition at x/c =  0.0935   30

 240   rms: 0.6854E-02   max: 0.5366E-01   D at   62  1
       a = -2.500      CL =  0.2670
      Cm = -0.1516     CD =  0.03925   =>   CDf =  0.00753    CDp =  0.03172

 Side 1  free  transition at x/c =  0.7729   62
 Side 2  free  transition at x/c =  0.0935   30

 241   rms: 0.6853E-02   max: 0.5365E-01   D at   62  1
       a = -2.500      CL =  0.2670
      Cm = -0.1516     CD =  0.03925   =>   CDf =  0.00753    CDp =  0.03172

 Side 1  free  transition at x/c =  0.7729   62
 Side 2  free  transition at x/c =  0.0935   30

 242   rms: 0.6854E-02   max: 0.5364E-01   D at   62  1
       a = -2.500      CL =  0.2670
      Cm = -0.1516     CD =  0.03925   =>   CDf =  0.00753    CDp =  0.03172

 Side 1  free  transition at x/c =  0.7729   62
 Side 2  free  transition at x/c =  0.0935   30

 243   rms: 0.6853E-02   max: 0.5364E-01   D at   62  1
       a = -2.500      CL =  0.2670
      Cm = -0.1516     CD =  0.03925   =>   CDf =  0.00753    CDp =  0.03172

 Side 1  free  transition at x/c =  0.7729   62
 Side 2  free  transition at x/c =  0.0935   30

 244   rms: 0.6854E-02   max: 0.5365E-01   D at   62  1
       a = -2.500      CL =  0.2670
      Cm = -0.1516     CD =  0.03925   =>   CDf =  0.00753    CDp =  0.03172

 Side 1  free  transition at x/c =  0.7729   62
 Side 2  free  transition at x/c =  0.0935   30

 245   rms: 0.6853E-02   max: 0.5364E-01   D at   62  1
       a = -2.500      CL =  0.2670
      Cm = -0.1516     CD =  0.03925   =>   CDf =  0.00753    CDp =  0.03172

 Side 1  free  transition at x/c =  0.7729   62
 Side 2  free  transition at x/c =  0.0935   30

 246   rms: 0.6853E-02   max: 0.5365E-01   D at   62  1
       a = -2.500      CL =  0.2670
      Cm = -0.1516     CD =  0.03925   =>   CDf =  0.00753    CDp =  0.03172

 Side 1  free  transition at x/c =  0.7729   62
 Side 2  free  transition at x/c =  0.0935   30

 247   rms: 0.6854E-02   max: 0.5366E-01   D at   62  1
       a = -2.500      CL =  0.2670
      Cm = -0.1516     CD =  0.03925   =>   CDf =  0.00753    CDp =  0.03172

 Side 1  free  transition at x/c =  0.7729   62
 Side 2  free  transition at x/c =  0.0935   30

 248   rms: 0.6854E-02   max: 0.5365E-01   D at   62  1
       a = -2.500      CL =  0.2670
      Cm = -0.1516     CD =  0.03925   =>   CDf =  0.00753    CDp =  0.03172

 Side 1  free  transition at x/c =  0.7729   62
 Side 2  free  transition at x/c =  0.0935   30

 249   rms: 0.6853E-02   max: 0.5364E-01   D at   62  1
       a = -2.500      CL =  0.2670
      Cm = -0.1516     CD =  0.03925   =>   CDf =  0.00753    CDp =  0.03172

 Side 1  free  transition at x/c =  0.7729   62
 Side 2  free  transition at x/c =  0.0935   30

 250   rms: 0.6854E-02   max: 0.5364E-01   D at   62  1
       a = -2.500      CL =  0.2670
      Cm = -0.1516     CD =  0.03925   =>   CDf =  0.00753    CDp =  0.03172

 Side 1  free  transition at x/c =  0.7729   62
 Side 2  free  transition at x/c =  0.0935   30

 251   rms: 0.6854E-02   max: 0.5365E-01   D at   62  1
       a = -2.500      CL =  0.2670
      Cm = -0.1516     CD =  0.03925   =>   CDf =  0.00753    CDp =  0.03172

 Side 1  free  transition at x/c =  0.7729   62
 Side 2  free  transition at x/c =  0.0935   30

 252   rms: 0.6853E-02   max: 0.5365E-01   D at   62  1
       a = -2.500      CL =  0.2670
      Cm = -0.1516     CD =  0.03925   =>   CDf =  0.00753    CDp =  0.03172

 Side 1  free  transition at x/c =  0.7729   62
 Side 2  free  transition at x/c =  0.0935   30

 253   rms: 0.6853E-02   max: 0.5364E-01   D at   62  1
       a = -2.500      CL =  0.2670
      Cm = -0.1516     CD =  0.03925   =>   CDf =  0.00753    CDp =  0.03172

 Side 1  free  transition at x/c =  0.7729   62
 Side 2  free  transition at x/c =  0.0935   30

 254   rms: 0.6854E-02   max: 0.5365E-01   D at   62  1
       a = -2.500      CL =  0.2670
      Cm = -0.1516     CD =  0.03925   =>   CDf =  0.00753    CDp =  0.03172

 Side 1  free  transition at x/c =  0.7729   62
 Side 2  free  transition at x/c =  0.0935   30

 255   rms: 0.6854E-02   max: 0.5365E-01   D at   62  1
       a = -2.500      CL =  0.2670
      Cm = -0.1516     CD =  0.03925   =>   CDf =  0.00753    CDp =  0.03172

 Side 1  free  transition at x/c =  0.7729   62
 Side 2  free  transition at x/c =  0.0935   30

 256   rms: 0.6854E-02   max: 0.5365E-01   D at   62  1
       a = -2.500      CL =  0.2670
      Cm = -0.1516     CD =  0.03925   =>   CDf =  0.00753    CDp =  0.03172

 Side 1  free  transition at x/c =  0.7729   62
 Side 2  free  transition at x/c =  0.0935   30

 257   rms: 0.6853E-02   max: 0.5364E-01   D at   62  1
       a = -2.500      CL =  0.2670
      Cm = -0.1516     CD =  0.03925   =>   CDf =  0.00753    CDp =  0.03172

 Side 1  free  transition at x/c =  0.7729   62
 Side 2  free  transition at x/c =  0.0935   30

 258   rms: 0.6854E-02   max: 0.5365E-01   D at   62  1
       a = -2.500      CL =  0.2670
      Cm = -0.1516     CD =  0.03925   =>   CDf =  0.00753    CDp =  0.03172

 Side 1  free  transition at x/c =  0.7729   62
 Side 2  free  transition at x/c =  0.0935   30

 259   rms: 0.6853E-02   max: 0.5364E-01   D at   62  1
       a = -2.500      CL =  0.2670
      Cm = -0.1516     CD =  0.03925   =>   CDf =  0.00753    CDp =  0.03172

 Side 1  free  transition at x/c =  0.7729   62
 Side 2  free  transition at x/c =  0.0935   30

 260   rms: 0.6854E-02   max: 0.5366E-01   D at   62  1
       a = -2.500      CL =  0.2670
      Cm = -0.1516     CD =  0.03925   =>   CDf =  0.00753    CDp =  0.03172

 Side 1  free  transition at x/c =  0.7729   62
 Side 2  free  transition at x/c =  0.0935   30

 261   rms: 0.6853E-02   max: 0.5364E-01   D at   62  1
       a = -2.500      CL =  0.2670
      Cm = -0.1516     CD =  0.03925   =>   CDf =  0.00753    CDp =  0.03172

 Side 1  free  transition at x/c =  0.7729   62
 Side 2  free  transition at x/c =  0.0935   30

 262   rms: 0.6853E-02   max: 0.5365E-01   D at   62  1
       a = -2.500      CL =  0.2670
      Cm = -0.1516     CD =  0.03925   =>   CDf =  0.00753    CDp =  0.03172

 Side 1  free  transition at x/c =  0.7729   62
 Side 2  free  transition at x/c =  0.0935   30

 263   rms: 0.6853E-02   max: 0.5365E-01   D at   62  1
       a = -2.500      CL =  0.2670
      Cm = -0.1516     CD =  0.03925   =>   CDf =  0.00753    CDp =  0.03172

 Side 1  free  transition at x/c =  0.7729   62
 Side 2  free  transition at x/c =  0.0935   30

 264   rms: 0.6854E-02   max: 0.5365E-01   D at   62  1
       a = -2.500      CL =  0.2670
      Cm = -0.1516     CD =  0.03925   =>   CDf =  0.00753    CDp =  0.03172

 Side 1  free  transition at x/c =  0.7729   62
 Side 2  free  transition at x/c =  0.0935   30

 265   rms: 0.6853E-02   max: 0.5364E-01   D at   62  1
       a = -2.500      CL =  0.2670
      Cm = -0.1516     CD =  0.03925   =>   CDf =  0.00753    CDp =  0.03172

 Side 1  free  transition at x/c =  0.7729   62
 Side 2  free  transition at x/c =  0.0935   30

 266   rms: 0.6854E-02   max: 0.5366E-01   D at   62  1
       a = -2.500      CL =  0.2670
      Cm = -0.1516     CD =  0.03925   =>   CDf =  0.00753    CDp =  0.03172

 Side 1  free  transition at x/c =  0.7729   62
 Side 2  free  transition at x/c =  0.0935   30

 267   rms: 0.6853E-02   max: 0.5365E-01   D at   62  1
       a = -2.500      CL =  0.2670
      Cm = -0.1516     CD =  0.03925   =>   CDf =  0.00753    CDp =  0.03172

 Side 1  free  transition at x/c =  0.7729   62
 Side 2  free  transition at x/c =  0.0935   30

 268   rms: 0.6854E-02   max: 0.5366E-01   D at   62  1
       a = -2.500      CL =  0.2670
      Cm = -0.1516     CD =  0.03925   =>   CDf =  0.00753    CDp =  0.03172

 Side 1  free  transition at x/c =  0.7729   62
 Side 2  free  transition at x/c =  0.0935   30

 269   rms: 0.6853E-02   max: 0.5364E-01   D at   62  1
       a = -2.500      CL =  0.2670
      Cm = -0.1516     CD =  0.03925   =>   CDf =  0.00753    CDp =  0.03172

 Side 1  free  transition at x/c =  0.7729   62
 Side 2  free  transition at x/c =  0.0935   30

 270   rms: 0.6854E-02   max: 0.5365E-01   D at   62  1
       a = -2.500      CL =  0.2670
      Cm = -0.1516     CD =  0.03925   =>   CDf =  0.00753    CDp =  0.03172

 Side 1  free  transition at x/c =  0.7729   62
 Side 2  free  transition at x/c =  0.0935   30

 271   rms: 0.6853E-02   max: 0.5364E-01   D at   62  1
       a = -2.500      CL =  0.2670
      Cm = -0.1516     CD =  0.03925   =>   CDf =  0.00753    CDp =  0.03172

 Side 1  free  transition at x/c =  0.7729   62
 Side 2  free  transition at x/c =  0.0935   30

 272   rms: 0.6854E-02   max: 0.5365E-01   D at   62  1
       a = -2.500      CL =  0.2670
      Cm = -0.1516     CD =  0.03925   =>   CDf =  0.00753    CDp =  0.03172

 Side 1  free  transition at x/c =  0.7729   62
 Side 2  free  transition at x/c =  0.0935   30

 273   rms: 0.6853E-02   max: 0.5363E-01   D at   62  1
       a = -2.500      CL =  0.2670
      Cm = -0.1516     CD =  0.03925   =>   CDf =  0.00753    CDp =  0.03172

 Side 1  free  transition at x/c =  0.7729   62
 Side 2  free  transition at x/c =  0.0935   30

 274   rms: 0.6854E-02   max: 0.5365E-01   D at   62  1
       a = -2.500      CL =  0.2670
      Cm = -0.1516     CD =  0.03925   =>   CDf =  0.00753    CDp =  0.03172

 Side 1  free  transition at x/c =  0.7729   62
 Side 2  free  transition at x/c =  0.0935   30

 275   rms: 0.6853E-02   max: 0.5365E-01   D at   62  1
       a = -2.500      CL =  0.2670
      Cm = -0.1516     CD =  0.03925   =>   CDf =  0.00753    CDp =  0.03172

 Side 1  free  transition at x/c =  0.7729   62
 Side 2  free  transition at x/c =  0.0935   30

 276   rms: 0.6853E-02   max: 0.5365E-01   D at   62  1
       a = -2.500      CL =  0.2670
      Cm = -0.1516     CD =  0.03925   =>   CDf =  0.00753    CDp =  0.03172

 Side 1  free  transition at x/c =  0.7729   62
 Side 2  free  transition at x/c =  0.0935   30

 277   rms: 0.6854E-02   max: 0.5365E-01   D at   62  1
       a = -2.500      CL =  0.2670
      Cm = -0.1516     CD =  0.03925   =>   CDf =  0.00753    CDp =  0.03172

 Side 1  free  transition at x/c =  0.7729   62
 Side 2  free  transition at x/c =  0.0935   30

 278   rms: 0.6853E-02   max: 0.5364E-01   D at   62  1
       a = -2.500      CL =  0.2670
      Cm = -0.1516     CD =  0.03925   =>   CDf =  0.00753    CDp =  0.03172

 Side 1  free  transition at x/c =  0.7729   62
 Side 2  free  transition at x/c =  0.0935   30

 279   rms: 0.6854E-02   max: 0.5365E-01   D at   62  1
       a = -2.500      CL =  0.2670
      Cm = -0.1516     CD =  0.03925   =>   CDf =  0.00753    CDp =  0.03172

 Side 1  free  transition at x/c =  0.7729   62
 Side 2  free  transition at x/c =  0.0935   30

 280   rms: 0.6853E-02   max: 0.5364E-01   D at   62  1
       a = -2.500      CL =  0.2670
      Cm = -0.1516     CD =  0.03925   =>   CDf =  0.00753    CDp =  0.03172

 Side 1  free  transition at x/c =  0.7729   62
 Side 2  free  transition at x/c =  0.0935   30

 281   rms: 0.6854E-02   max: 0.5365E-01   D at   62  1
       a = -2.500      CL =  0.2670
      Cm = -0.1516     CD =  0.03925   =>   CDf =  0.00753    CDp =  0.03172

 Side 1  free  transition at x/c =  0.7729   62
 Side 2  free  transition at x/c =  0.0935   30

 282   rms: 0.6854E-02   max: 0.5364E-01   D at   62  1
       a = -2.500      CL =  0.2670
      Cm = -0.1516     CD =  0.03925   =>   CDf =  0.00753    CDp =  0.03172

 Side 1  free  transition at x/c =  0.7729   62
 Side 2  free  transition at x/c =  0.0935   30

 283   rms: 0.6854E-02   max: 0.5364E-01   D at   62  1
       a = -2.500      CL =  0.2670
      Cm = -0.1516     CD =  0.03925   =>   CDf =  0.00753    CDp =  0.03172

 Side 1  free  transition at x/c =  0.7729   62
 Side 2  free  transition at x/c =  0.0935   30

 284   rms: 0.6854E-02   max: 0.5365E-01   D at   62  1
       a = -2.500      CL =  0.2670
      Cm = -0.1516     CD =  0.03925   =>   CDf =  0.00753    CDp =  0.03172

 Side 1  free  transition at x/c =  0.7729   62
 Side 2  free  transition at x/c =  0.0935   30

 285   rms: 0.6852E-02   max: 0.5364E-01   D at   62  1
       a = -2.500      CL =  0.2670
      Cm = -0.1516     CD =  0.03925   =>   CDf =  0.00753    CDp =  0.03172

 Side 1  free  transition at x/c =  0.7729   62
 Side 2  free  transition at x/c =  0.0935   30

 286   rms: 0.6854E-02   max: 0.5365E-01   D at   62  1
       a = -2.500      CL =  0.2670
      Cm = -0.1516     CD =  0.03925   =>   CDf =  0.00753    CDp =  0.03172

 Side 1  free  transition at x/c =  0.7729   62
 Side 2  free  transition at x/c =  0.0935   30

 287   rms: 0.6853E-02   max: 0.5364E-01   D at   62  1
       a = -2.500      CL =  0.2670
      Cm = -0.1516     CD =  0.03925   =>   CDf =  0.00753    CDp =  0.03172

 Side 1  free  transition at x/c =  0.7729   62
 Side 2  free  transition at x/c =  0.0935   30

 288   rms: 0.6854E-02   max: 0.5365E-01   D at   62  1
       a = -2.500      CL =  0.2670
      Cm = -0.1516     CD =  0.03925   =>   CDf =  0.00753    CDp =  0.03172

 Side 1  free  transition at x/c =  0.7729   62
 Side 2  free  transition at x/c =  0.0935   30

 289   rms: 0.6854E-02   max: 0.5365E-01   D at   62  1
       a = -2.500      CL =  0.2670
      Cm = -0.1516     CD =  0.03925   =>   CDf =  0.00753    CDp =  0.03172

 Side 1  free  transition at x/c =  0.7729   62
 Side 2  free  transition at x/c =  0.0935   30

 290   rms: 0.6854E-02   max: 0.5364E-01   D at   62  1
       a = -2.500      CL =  0.2670
      Cm = -0.1516     CD =  0.03925   =>   CDf =  0.00753    CDp =  0.03172

 Side 1  free  transition at x/c =  0.7729   62
 Side 2  free  transition at x/c =  0.0935   30

 291   rms: 0.6853E-02   max: 0.5365E-01   D at   62  1
       a = -2.500      CL =  0.2670
      Cm = -0.1516     CD =  0.03925   =>   CDf =  0.00753    CDp =  0.03172

 Side 1  free  transition at x/c =  0.7729   62
 Side 2  free  transition at x/c =  0.0935   30

 292   rms: 0.6853E-02   max: 0.5365E-01   D at   62  1
       a = -2.500      CL =  0.2670
      Cm = -0.1516     CD =  0.03925   =>   CDf =  0.00753    CDp =  0.03172

 Side 1  free  transition at x/c =  0.7729   62
 Side 2  free  transition at x/c =  0.0935   30

 293   rms: 0.6853E-02   max: 0.5365E-01   D at   62  1
       a = -2.500      CL =  0.2670
      Cm = -0.1516     CD =  0.03925   =>   CDf =  0.00753    CDp =  0.03172

 Side 1  free  transition at x/c =  0.7729   62
 Side 2  free  transition at x/c =  0.0935   30

 294   rms: 0.6853E-02   max: 0.5365E-01   D at   62  1
       a = -2.500      CL =  0.2670
      Cm = -0.1516     CD =  0.03925   =>   CDf =  0.00753    CDp =  0.03172

 Side 1  free  transition at x/c =  0.7729   62
 Side 2  free  transition at x/c =  0.0935   30

 295   rms: 0.6854E-02   max: 0.5365E-01   D at   62  1
       a = -2.500      CL =  0.2670
      Cm = -0.1516     CD =  0.03925   =>   CDf =  0.00753    CDp =  0.03172

 Side 1  free  transition at x/c =  0.7729   62
 Side 2  free  transition at x/c =  0.0935   30

 296   rms: 0.6853E-02   max: 0.5365E-01   D at   62  1
       a = -2.500      CL =  0.2670
      Cm = -0.1516     CD =  0.03925   =>   CDf =  0.00753    CDp =  0.03172

 Side 1  free  transition at x/c =  0.7729   62
 Side 2  free  transition at x/c =  0.0935   30

 297   rms: 0.6854E-02   max: 0.5365E-01   D at   62  1
       a = -2.500      CL =  0.2670
      Cm = -0.1516     CD =  0.03925   =>   CDf =  0.00753    CDp =  0.03172

 Side 1  free  transition at x/c =  0.7729   62
 Side 2  free  transition at x/c =  0.0935   30

 298   rms: 0.6854E-02   max: 0.5364E-01   D at   62  1
       a = -2.500      CL =  0.2670
      Cm = -0.1516     CD =  0.03925   =>   CDf =  0.00753    CDp =  0.03172

 Side 1  free  transition at x/c =  0.7729   62
 Side 2  free  transition at x/c =  0.0935   30

 299   rms: 0.6854E-02   max: 0.5365E-01   D at   62  1
       a = -2.500      CL =  0.2670
      Cm = -0.1516     CD =  0.03925   =>   CDf =  0.00753    CDp =  0.03172

 Side 1  free  transition at x/c =  0.7729   62
 Side 2  free  transition at x/c =  0.0935   30

 300   rms: 0.6853E-02   max: 0.5365E-01   D at   62  1
       a = -2.500      CL =  0.2670
      Cm = -0.1516     CD =  0.03925   =>   CDf =  0.00753    CDp =  0.03172

 Side 1  free  transition at x/c =  0.7729   62
 Side 2  free  transition at x/c =  0.0935   30

 301   rms: 0.6853E-02   max: 0.5364E-01   D at   62  1
       a = -2.500      CL =  0.2670
      Cm = -0.1516     CD =  0.03925   =>   CDf =  0.00753    CDp =  0.03172

 Side 1  free  transition at x/c =  0.7729   62
 Side 2  free  transition at x/c =  0.0935   30

 302   rms: 0.6854E-02   max: 0.5365E-01   D at   62  1
       a = -2.500      CL =  0.2670
      Cm = -0.1516     CD =  0.03925   =>   CDf =  0.00753    CDp =  0.03172

 Side 1  free  transition at x/c =  0.7729   62
 Side 2  free  transition at x/c =  0.0935   30

 303   rms: 0.6854E-02   max: 0.5365E-01   D at   62  1
       a = -2.500      CL =  0.2670
      Cm = -0.1516     CD =  0.03925   =>   CDf =  0.00753    CDp =  0.03172

 Side 1  free  transition at x/c =  0.7729   62
 Side 2  free  transition at x/c =  0.0935   30

 304   rms: 0.6854E-02   max: 0.5365E-01   D at   62  1
       a = -2.500      CL =  0.2670
      Cm = -0.1516     CD =  0.03925   =>   CDf =  0.00753    CDp =  0.03172

 Side 1  free  transition at x/c =  0.7729   62
 Side 2  free  transition at x/c =  0.0935   30

 305   rms: 0.6853E-02   max: 0.5365E-01   D at   62  1
       a = -2.500      CL =  0.2670
      Cm = -0.1516     CD =  0.03925   =>   CDf =  0.00753    CDp =  0.03172
 VISCAL:  Convergence failed
 Calculating wake trajectory ...
 Calculating source influence matrix ...

 Solving BL system ...

 Side 1  free  transition at x/c =  0.7729   62
 Side 2  free  transition at x/c =  0.0935   30

   1   rms: 0.1651E+00   max: -.7420E+00   T at   30  2   RLX: 0.674
       a = -2.000      CL =  0.3507
      Cm = -0.1583     CD =  0.03611   =>   CDf =  0.00754    CDp =  0.02857

 Side 1  free  transition at x/c =  0.7763   63
 Side 2  free  transition at x/c =  0.1064   31

   2   rms: 0.9188E-01   max: 0.4232E+00   T at   63  1
       a = -2.000      CL =  0.3358
      Cm = -0.1537     CD =  0.03797   =>   CDf =  0.00804    CDp =  0.02993

 Side 1  free  transition at x/c =  0.7695   62
 Side 2  free  transition at x/c =  0.1041   31

   3   rms: 0.1004E+00   max: -.7174E+00   T at   62  1   RLX: 0.697
       a = -2.000      CL =  0.4012
      Cm = -0.1636     CD =  0.03446   =>   CDf =  0.00787    CDp =  0.02659

 Side 1  free  transition at x/c =  0.7811   64
 Side 2  free  transition at x/c =  0.1107   30
 idif Ue xi dudx           1  0.16377799      3.95345688E-03   41.426529    
 Uenew xinew           2  5.66042513E-02  1.36637688E-03

   4   rms: 0.2106E+00   max: 0.8833E+00   T at   64  1
       a = -2.000      CL =  0.2638
      Cm = -0.1424     CD =  0.04121   =>   CDf =  0.00799    CDp =  0.03322

 Side 1  free  transition at x/c =  0.7635   62
 Side 2  free  transition at x/c =  0.0992   30

   5   rms: 0.1601E+00   max: 0.1268E+01   T at   62  1   RLX: 0.629
       a = -2.000      CL =  0.1994
      Cm = -0.1358     CD =  0.04425   =>   CDf =  0.00731    CDp =  0.03694

 Side 1  free  transition at x/c =  0.7503   61
 Side 2  free  transition at x/c =  0.0936   30

   6   rms: 0.5070E+00   max: -.2907E+01   T at   61  1   RLX: 0.172
       a = -2.000      CL =  0.2575
      Cm = -0.1431     CD =  0.04647   =>   CDf =  0.00669    CDp =  0.03978

 Side 1  free  transition at x/c =  0.7605   62
 Side 2  free  transition at x/c =  0.0987   30

   7   rms: 0.1614E+00   max: -.7370E+00   D at   37  2   RLX: 0.678
       a = -2.000      CL =  0.2788
      Cm = -0.1459     CD =  0.03991   =>   CDf =  0.00721    CDp =  0.03270

 Side 1  free  transition at x/c =  0.7592   62
 Side 2  free  transition at x/c =  0.1004   30

   8   rms: 0.4209E-01   max: -.2142E+00   D at   36  2
       a = -2.000      CL =  0.2844
      Cm = -0.1468     CD =  0.03955   =>   CDf =  0.00776    CDp =  0.03180

 Side 1  free  transition at x/c =  0.7584   62
 Side 2  free  transition at x/c =  0.0995   30

   9   rms: 0.4720E-02   max: -.2731E-01   D at   36  2
       a = -2.000      CL =  0.2846
      Cm = -0.1468     CD =  0.03961   =>   CDf =  0.00789    CDp =  0.03171

 Side 1  free  transition at x/c =  0.7585   62
 Side 2  free  transition at x/c =  0.0994   30

  10   rms: 0.9972E-04   max: 0.6717E-03   D at   32  2
       a = -2.000      CL =  0.2846
      Cm = -0.1468     CD =  0.03961   =>   CDf =  0.00791    CDp =  0.03170
 plradd ia,ip,cpol            3           0  1.05662234E-02

 Point added to stored polar  1
 Point written to save file  fx76mp140_Re150k.base.pol                       
 Dump file unspecified or not available
 Calculating wake trajectory ...
 Calculating source influence matrix ...

 Solving BL system ...

 Side 1  free  transition at x/c =  0.7585   62
 Side 2  free  transition at x/c =  0.0994   30

   1   rms: 0.1193E+00   max: -.1093E+01   T at   30  2   RLX: 0.458
       a = -1.500      CL =  0.3229
      Cm = -0.1483     CD =  0.03915   =>   CDf =  0.00781    CDp =  0.03134

 Side 1  free  transition at x/c =  0.7570   63
 Side 2  free  transition at x/c =  0.1076   30

   2   rms: 0.1701E+00   max: -.2381E+01   D at    2  1   RLX: 0.210
       a = -1.500      CL =  0.3303
      Cm = -0.1490     CD =  0.03700   =>   CDf =  0.00813    CDp =  0.02887

 Side 1  free  transition at x/c =  0.7568   63
 Side 2  free  transition at x/c =  0.1090   30

   3   rms: 0.7871E-01   max: 0.7067E+00   D at   30  2
       a = -1.500      CL =  0.3687
      Cm = -0.1509     CD =  0.03793   =>   CDf =  0.00811    CDp =  0.02982

 Side 1  free  transition at x/c =  0.7561   63
 Side 2  free  transition at x/c =  0.1134   30

   4   rms: 0.1618E-01   max: -.1102E+00   D at   31  2
       a = -1.500      CL =  0.3690
      Cm = -0.1508     CD =  0.03781   =>   CDf =  0.00814    CDp =  0.02967

 Side 1  free  transition at x/c =  0.7561   63
 Side 2  free  transition at x/c =  0.1138   30

   5   rms: 0.8551E-03   max: 0.6378E-02   D at   31  2
       a = -1.500      CL =  0.3690
      Cm = -0.1508     CD =  0.03781   =>   CDf =  0.00817    CDp =  0.02964

 Side 1  free  transition at x/c =  0.7561   63
 Side 2  free  transition at x/c =  0.1138   30

   6   rms: 0.3620E-05   max: 0.2846E-04   D at   31  2
       a = -1.500      CL =  0.3690
      Cm = -0.1508     CD =  0.03781   =>   CDf =  0.00817    CDp =  0.02964
 plradd ia,ip,cpol            4           0  1.05662234E-02

 Point added to stored polar  1
 Point written to save file  fx76mp140_Re150k.base.pol                       
 Dump file unspecified or not available
 Calculating wake trajectory ...
 Calculating source influence matrix ...

 Solving BL system ...

 Side 1  free  transition at x/c =  0.7561   63
 Side 2  free  transition at x/c =  0.1138   30

   1   rms: 0.1217E+00   max: -.7856E+00   T at   30  2   RLX: 0.636
       a = -1.000      CL =  0.4243
      Cm = -0.1533     CD =  0.03695   =>   CDf =  0.00806    CDp =  0.02889

 MRCHDU: Convergence failed at  31  side 2    Res =  0.8364E+00
 MRCHDU: Convergence failed at  32  side 2    Res =  0.5275E+01
 MRCHDU: Convergence failed at  33  side 2    Res =  0.1582E+01
 MRCHDU: Convergence failed at  34  side 2    Res =  0.2310E+01
 MRCHDU: Convergence failed at  35  side 2    Res =  0.3451E+01
 MRCHDU: Convergence failed at  36  side 2    Res =  0.5736E+01
 MRCHDU: Convergence failed at  37  side 2    Res =  0.9304E+01
 MRCHDU: Convergence failed at  38  side 2    Res =  0.1635E+02
 MRCHDU: Convergence failed at  39  side 2    Res =  0.3800E+02
 MRCHDU: Convergence failed at  40  side 2    Res =  0.4485E+03
 MRCHDU: Convergence failed at  41  side 2    Res =  0.7548E+02
 MRCHDU: Convergence failed at  42  side 2    Res =  0.4248E+02
 MRCHDU: Convergence failed at  43  side 2    Res =  0.3189E+02
 MRCHDU: Convergence failed at  44  side 2    Res =  0.2701E+02
 MRCHDU: Convergence failed at  45  side 2    Res =  0.2590E+02
 MRCHDU: Convergence failed at  46  side 2    Res =  0.2434E+02
 MRCHDU: Convergence failed at  47  side 2    Res =  0.2377E+02
 MRCHDU: Convergence failed at  48  side 2    Res =  0.2469E+02
 MRCHDU: Convergence failed at  49  side 2    Res =  0.2617E+02
 MRCHDU: Convergence failed at  50  side 2    Res =  0.2737E+02
 MRCHDU: Convergence failed at  51  side 2    Res =  0.2934E+02
 MRCHDU: Convergence failed at  52  side 2    Res =  0.3344E+02
 MRCHDU: Convergence failed at  53  side 2    Res =  0.3697E+02
 MRCHDU: Convergence failed at  54  side 2    Res =  0.4023E+02
 MRCHDU: Convergence failed at  55  side 2    Res =  0.5050E+02
 MRCHDU: Convergence failed at  56  side 2    Res =  0.6387E+02
 MRCHDU: Convergence failed at  57  side 2    Res =  0.9196E+02
 MRCHDU: Convergence failed at  58  side 2    Res =  0.1643E+03
 MRCHDU: Convergence failed at  59  side 2    Res =  0.2694E+04
 MRCHDU: Convergence failed at  60  side 2    Res =  0.2040E+03
 MRCHDU: Convergence failed at  61  side 2    Res =  0.7361E+02
 MRCHDU: Convergence failed at  62  side 2    Res =  0.4475E+02
 MRCHDU: Convergence failed at  63  side 2    Res =  0.3306E+02
 MRCHDU: Convergence failed at  64  side 2    Res =  0.2274E+02
 MRCHDU: Convergence failed at  65  side 2    Res =  0.1799E+02
 MRCHDU: Convergence failed at  66  side 2    Res =  0.1416E+02
 MRCHDU: Convergence failed at  67  side 2    Res =  0.1305E+02
 MRCHDU: Convergence failed at  68  side 2    Res =  0.1114E+02
 MRCHDU: Convergence failed at  69  side 2    Res =  0.1056E+02
 MRCHDU: Convergence failed at  70  side 2    Res =  0.9813E+01
 MRCHDU: Convergence failed at  71  side 2    Res =  0.9553E+01
 MRCHDU: Convergence failed at  72  side 2    Res =  0.9611E+01
 MRCHDU: Convergence failed at  73  side 2    Res =  0.9878E+01
 MRCHDU: Convergence failed at  74  side 2    Res =  0.1016E+02
 MRCHDU: Convergence failed at  75  side 2    Res =  0.1133E+02
 MRCHDU: Convergence failed at  76  side 2    Res =  0.1198E+02
 MRCHDU: Convergence failed at  77  side 2    Res =  0.1409E+02
 MRCHDU: Convergence failed at  78  side 2    Res =  0.1733E+02
 MRCHDU: Convergence failed at  79  side 2    Res =  0.2841E+02
 MRCHDU: Convergence failed at  80  side 2    Res =  0.4742E+02
 MRCHDU: Convergence failed at  81  side 2    Res =  0.1896E+02
 MRCHDU: Convergence failed at  82  side 2    Res =  0.1305E+02
 Side 1  free  transition at x/c =  0.7554   63
 Side 2  free  transition at x/c =  0.1287   30

   2   rms: 0.3777E+00   max: -.2778E+00   U at   82  2   RLX: 0.799
       a = -1.000      CL =  0.3333
      Cm = -0.1156     CD =  0.03149   =>   CDf =  0.00448    CDp =  0.02701

 Side 1  free  transition at x/c =  0.7588   64
 Side 2  free  transition at x/c =  0.1298   30

   3   rms: 0.1260E+00   max: 0.3664E+00   D at   34  2
       a = -1.000      CL =  0.4476
      Cm = -0.1545     CD =  0.03664   =>   CDf =  0.00889    CDp =  0.02776

 Side 1  free  transition at x/c =  0.7533   63
 Side 2  free  transition at x/c =  0.1305   30

   4   rms: 0.6372E-01   max: -.5105E+00   T at   63  1   RLX: 0.979
       a = -1.000      CL =  0.5028
      Cm = -0.1613     CD =  0.03401   =>   CDf =  0.00829    CDp =  0.02572

 Side 1  free  transition at x/c =  0.7651   64
 Side 2  free  transition at x/c =  0.1428   31
 idif Ue xi dudx           1  0.13196191      2.93159485E-03   45.013695    
 Uenew xinew           2  2.32832935E-02  5.17249107E-04

   5   rms: 0.2478E+00   max: 0.9506E+00   T at   31  2
       a = -1.000      CL =  0.3665
      Cm = -0.1416     CD =  0.04004   =>   CDf =  0.00829    CDp =  0.03175

 MRCHDU: Convergence failed at  32  side 2    Res =  0.1828E+02
 MRCHDU: Convergence failed at  33  side 2    Res =  0.2230E+03
 MRCHDU: Convergence failed at  34  side 2    Res =  0.8360E+02
 MRCHDU: Convergence failed at  35  side 2    Res =  0.3189E+02
 MRCHDU: Convergence failed at  36  side 2    Res =  0.4574E+02
 MRCHDU: Convergence failed at  37  side 2    Res =  0.9487E+03
 MRCHDU: Convergence failed at  38  side 2    Res =  0.2530E+03
 MRCHDU: Convergence failed at  39  side 2    Res =  0.8377E+02
 MRCHDU: Convergence failed at  40  side 2    Res =  0.6877E+02
 MRCHDU: Convergence failed at  41  side 2    Res =  0.7391E+02
 MRCHDU: Convergence failed at  42  side 2    Res =  0.6363E+02
 MRCHDU: Convergence failed at  43  side 2    Res =  0.5780E+02
 MRCHDU: Convergence failed at  44  side 2    Res =  0.5020E+02
 MRCHDU: Convergence failed at  45  side 2    Res =  0.4751E+02
 MRCHDU: Convergence failed at  46  side 2    Res =  0.4303E+02
 MRCHDU: Convergence failed at  47  side 2    Res =  0.4137E+02
 MRCHDU: Convergence failed at  48  side 2    Res =  0.4442E+02
 MRCHDU: Convergence failed at  49  side 2    Res =  0.4490E+02
 MRCHDU: Convergence failed at  50  side 2    Res =  0.4277E+02
 MRCHDU: Convergence failed at  51  side 2    Res =  0.4020E+02
 MRCHDU: Convergence failed at  52  side 2    Res =  0.3795E+02
 MRCHDU: Convergence failed at  53  side 2    Res =  0.3565E+02
 MRCHDU: Convergence failed at  54  side 2    Res =  0.3446E+02
 MRCHDU: Convergence failed at  55  side 2    Res =  0.3358E+02
 MRCHDU: Convergence failed at  56  side 2    Res =  0.3170E+02
 MRCHDU: Convergence failed at  57  side 2    Res =  0.3081E+02
 MRCHDU: Convergence failed at  58  side 2    Res =  0.3060E+02
 MRCHDU: Convergence failed at  59  side 2    Res =  0.2910E+02
 MRCHDU: Convergence failed at  60  side 2    Res =  0.2773E+02
 MRCHDU: Convergence failed at  61  side 2    Res =  0.2658E+02
 MRCHDU: Convergence failed at  62  side 2    Res =  0.2588E+02
 MRCHDU: Convergence failed at  63  side 2    Res =  0.2360E+02
 MRCHDU: Convergence failed at  64  side 2    Res =  0.2199E+02
 MRCHDU: Convergence failed at  65  side 2    Res =  0.2055E+02
 MRCHDU: Convergence failed at  66  side 2    Res =  0.1919E+02
 MRCHDU: Convergence failed at  67  side 2    Res =  0.1825E+02
 MRCHDU: Convergence failed at  68  side 2    Res =  0.2810E+02
 MRCHDU: Convergence failed at  69  side 2    Res =  0.4862E+02
 MRCHDU: Convergence failed at  70  side 2    Res =  0.4038E+02
 MRCHDU: Convergence failed at  71  side 2    Res =  0.4400E+02
 MRCHDU: Convergence failed at  72  side 2    Res =  0.4997E+02
 MRCHDU: Convergence failed at  73  side 2    Res =  0.2983E+02
 MRCHDU: Convergence failed at  74  side 2    Res =  0.1803E+02
 MRCHDU: Convergence failed at  75  side 2    Res =  0.1919E+02
 MRCHDU: Convergence failed at  76  side 2    Res =  0.2285E+02
 MRCHDU: Convergence failed at  77  side 2    Res =  0.5071E+02
 MRCHDU: Convergence failed at  78  side 2    Res =  0.3385E+02
 MRCHDU: Convergence failed at  79  side 2    Res =  0.5785E+02
 MRCHDU: Convergence failed at  80  side 2    Res =  0.5030E+03
 MRCHDU: Convergence failed at  81  side 2    Res =  0.5113E+02
 MRCHDU: Convergence failed at  82  side 2    Res =  0.1098E+02
 MRCHDU: Convergence failed at  83  side 2    Res =  0.3725E+03
 Side 1  free  transition at x/c =  0.7455   62
 Side 2  free  transition at x/c =  0.1241   31

   6   rms: 0.4285E+00   max: 0.1251E+01   T at   31  2
       a = -1.000      CL =  0.3178
      Cm = -0.1018     CD =  0.04234   =>   CDf =  0.00416    CDp =  0.03818

 Side 1  free  transition at x/c =  0.7424   63
 Side 2  free  transition at x/c =  0.1196   30
 idif Ue xi dudx           1  0.21867591      4.92143631E-03   44.433353    
 Uenew xinew           2  0.11139844      2.50709057E-03

   7   rms: 0.1052E+01   max: 0.5955E+01   T at   30  2   RLX: 0.188
       a = -1.000      CL =  0.3132
      Cm = -0.1442     CD =  0.07864   =>   CDf =  0.00433    CDp =  0.07431

 MRCHDU: Convergence failed at  31  side 2    Res =  0.9469E+01
 MRCHDU: Convergence failed at  32  side 2    Res =  0.5011E+02
 MRCHDU: Convergence failed at  33  side 2    Res =  0.2284E+02
 MRCHDU: Convergence failed at  34  side 2    Res =  0.2544E+03
 MRCHDU: Convergence failed at  35  side 2    Res =  0.2862E+02
 MRCHDU: Convergence failed at  36  side 2    Res =  0.1962E+02
 MRCHDU: Convergence failed at  37  side 2    Res =  0.2507E+02
 MRCHDU: Convergence failed at  38  side 2    Res =  0.3320E+02
 MRCHDU: Convergence failed at  39  side 2    Res =  0.4650E+02
 MRCHDU: Convergence failed at  40  side 2    Res =  0.7013E+02
 MRCHDU: Convergence failed at  41  side 2    Res =  0.1219E+03
 MRCHDU: Convergence failed at  42  side 2    Res =  0.2721E+03
 MRCHDU: Convergence failed at  43  side 2    Res =  0.7757E+04
 MRCHDU: Convergence failed at  44  side 2    Res =  0.2444E+03
 MRCHDU: Convergence failed at  45  side 2    Res =  0.1302E+03
 MRCHDU: Convergence failed at  46  side 2    Res =  0.9297E+02
 MRCHDU: Convergence failed at  47  side 2    Res =  0.7875E+02
 MRCHDU: Convergence failed at  48  side 2    Res =  0.6651E+02
 MRCHDU: Convergence failed at  49  side 2    Res =  0.5815E+02
 MRCHDU: Convergence failed at  50  side 2    Res =  0.5080E+02
 MRCHDU: Convergence failed at  51  side 2    Res =  0.4543E+02
 MRCHDU: Convergence failed at  52  side 2    Res =  0.4152E+02
 MRCHDU: Convergence failed at  53  side 2    Res =  0.3914E+02
 MRCHDU: Convergence failed at  54  side 2    Res =  0.6951E+02
 MRCHDU: Convergence failed at  55  side 2    Res =  0.3572E+02
 MRCHDU: Convergence failed at  56  side 2    Res =  0.3437E+02
 MRCHDU: Convergence failed at  57  side 2    Res =  0.3354E+02
 MRCHDU: Convergence failed at  58  side 2    Res =  0.3283E+02
 MRCHDU: Convergence failed at  59  side 2    Res =  0.3198E+02
 MRCHDU: Convergence failed at  60  side 2    Res =  0.3106E+02
 MRCHDU: Convergence failed at  61  side 2    Res =  0.3040E+02
 MRCHDU: Convergence failed at  62  side 2    Res =  0.2963E+02
 MRCHDU: Convergence failed at  63  side 2    Res =  0.2885E+02
 MRCHDU: Convergence failed at  64  side 2    Res =  0.7300E+02
 MRCHDU: Convergence failed at  65  side 2    Res =  0.3557E+02
 MRCHDU: Convergence failed at  66  side 2    Res =  0.3445E+02
 MRCHDU: Convergence failed at  67  side 2    Res =  0.2979E+02
 MRCHDU: Convergence failed at  68  side 2    Res =  0.2957E+02
 MRCHDU: Convergence failed at  69  side 2    Res =  0.3257E+02
 MRCHDU: Convergence failed at  70  side 2    Res =  0.5075E+02
 MRCHDU: Convergence failed at  71  side 2    Res =  0.6455E+02
 MRCHDU: Convergence failed at  72  side 2    Res =  0.6233E+02
 MRCHDU: Convergence failed at  73  side 2    Res =  0.1723E+03
 MRCHDU: Convergence failed at  74  side 2    Res =  0.5519E+02
 MRCHDU: Convergence failed at  75  side 2    Res =  0.9095E+02
 MRCHDU: Convergence failed at  76  side 2    Res =  0.1044E+03
 MRCHDU: Convergence failed at  77  side 2    Res =  0.6990E+02
 MRCHDU: Convergence failed at  78  side 2    Res =  0.7228E+02
 MRCHDU: Convergence failed at  79  side 2    Res =  0.7458E+02
 MRCHDU: Convergence failed at  80  side 2    Res =  0.7900E+02
 MRCHDU: Convergence failed at  81  side 2    Res =  0.4317E+02
 MRCHDU: Convergence failed at  82  side 2    Res =  0.3564E+02
 MRCHDU: Convergence failed at  83  side 2    Res =  0.3936E+02
 Side 1  free  transition at x/c =  0.7403   62
 Side 2  free  transition at x/c =  0.1060   30

   8   rms: 0.4190E+00   max: 0.1033E+01   D at   90  2   RLX: 0.507
       a = -1.000      CL =  0.0220
      Cm = -0.0116     CD =  0.03918   =>   CDf =  0.00397    CDp =  0.03522

 Side 1  free  transition at x/c =  0.7433   62
 Side 2  free  transition at x/c =  0.1151   30

   9   rms: 0.3516E+00   max: -.1974E+01   T at   31  2   RLX: 0.253
       a = -1.000      CL =  0.2441
      Cm = -0.0912     CD =  0.09224   =>   CDf =  0.00419    CDp =  0.08805

 Side 1  free  transition at x/c =  0.7447   63
 Side 2  free  transition at x/c =  0.1142   29
 idif Ue xi dudx           1  0.11277129      2.71701813E-03   41.505535    
 Uenew xinew           2  1.25625795E-02  3.02672386E-04

  10   rms: 0.2818E+00   max: -.1050E+01   T at   30  2   RLX: 0.476
       a = -1.000      CL =  0.2228
      Cm = -0.0913     CD =  0.08376   =>   CDf =  0.00429    CDp =  0.07947

 Side 1  free  transition at x/c =  0.7446   62
 Side 2  free  transition at x/c =  0.1111   30

  11   rms: 0.3297E+00   max: 0.1241E+01   T at   30  2   RLX: 0.492
       a = -1.000      CL =  0.1452
      Cm = -0.0922     CD =  0.07895   =>   CDf =  0.00417    CDp =  0.07477

 Side 1  free  transition at x/c =  0.7401   62
 Side 2  free  transition at x/c =  0.1025   30

  12   rms: 0.2983E+00   max: -.2860E+01   T at   30  2   RLX: 0.175
       a = -1.000      CL =  0.1562
      Cm = -0.0980     CD =  0.08598   =>   CDf =  0.00404    CDp =  0.08194

 Side 1  free  transition at x/c =  0.7396   62
 Side 2  free  transition at x/c =  0.1091   30
 idif Ue xi dudx           1  0.17725822      4.38988209E-03   40.378811    
 Uenew xinew           2  7.27950037E-02  1.80280209E-03

  13   rms: 0.3845E+00   max: -.1284E+01   D at   82  2   RLX: 0.390
       a = -1.000      CL =  0.0445
      Cm = -0.0885     CD =  0.07517   =>   CDf =  0.00404    CDp =  0.07112

 Side 1  free  transition at x/c =  0.7382   60
 Side 2  free  transition at x/c =  0.1051   31

  14   rms: 0.3425E+00   max: -.4354E+01   T at   31  2   RLX: 0.115
       a = -1.000      CL =  0.0792
      Cm = -0.0974     CD =  0.07023   =>   CDf =  0.00398    CDp =  0.06625

 Side 1  free  transition at x/c =  0.7391   60
 Side 2  free  transition at x/c =  0.1130   31

  15   rms: 0.3873E+00   max: 0.3199E+01   T at   31  2   RLX: 0.186
       a = -1.000      CL =  0.0772
      Cm = -0.0951     CD =  0.06811   =>   CDf =  0.00400    CDp =  0.06411

 Side 1  free  transition at x/c =  0.7393   60
 Side 2  free  transition at x/c =  0.1109   31

  16   rms: 0.5169E+00   max: 0.4709E+01   T at   31  2   RLX: 0.283
       a = -1.000      CL =  0.0735
      Cm = -0.1029     CD =  0.05901   =>   CDf =  0.00400    CDp =  0.05501

 Side 1  free  transition at x/c =  0.7424   61
 Side 2  free  transition at x/c =  0.0997   30

  17   rms: 0.4125E+00   max: 0.2865E+01   T at   30  2   RLX: 0.192
       a = -1.000      CL =  0.0451
      Cm = -0.0936     CD =  0.06455   =>   CDf =  0.00416    CDp =  0.06040

 Side 1  free  transition at x/c =  0.7406   61
 Side 2  free  transition at x/c =  0.0980   30

  18   rms: 0.3321E+00   max: -.1400E+01   D at   83  2   RLX: 0.357
       a = -1.000      CL =  0.0268
      Cm = -0.0939     CD =  0.06356   =>   CDf =  0.00408    CDp =  0.05948

 Side 1  free  transition at x/c =  0.7383   60
 Side 2  free  transition at x/c =  0.0961   30

  19   rms: 0.4083E+00   max: -.1549E+01   D at   83  2   RLX: 0.323
       a = -1.000      CL =  0.0989
      Cm = -0.1077     CD =  0.05256   =>   CDf =  0.00437    CDp =  0.04819

 Side 1  free  transition at x/c =  0.7411   61
 Side 2  free  transition at x/c =  0.0959   30

  20   rms: 0.4030E+00   max: -.1542E+01   D at   83  2   RLX: 0.324
       a = -1.000      CL =  0.1639
      Cm = -0.1179     CD =  0.04609   =>   CDf =  0.00497    CDp =  0.04112

 Side 1  free  transition at x/c =  0.7401   61
 Side 2  free  transition at x/c =  0.0974   30

  21   rms: 0.4409E+00   max: -.1444E+01   D at   83  2   RLX: 0.346
       a = -1.000      CL =  0.2417
      Cm = -0.1291     CD =  0.04152   =>   CDf =  0.00570    CDp =  0.03583

 Side 1  free  transition at x/c =  0.7405   61
 Side 2  free  transition at x/c =  0.1063   31

  22   rms: 0.2587E+00   max: -.9382E+00   D at   41  2   RLX: 0.533
       a = -1.000      CL =  0.3203
      Cm = -0.1398     CD =  0.03926   =>   CDf =  0.00651    CDp =  0.03275

 Side 1  free  transition at x/c =  0.7412   62
 Side 2  free  transition at x/c =  0.1133   30

  23   rms: 0.2861E+00   max: -.1343E+01   D at   37  2   RLX: 0.372
       a = -1.000      CL =  0.3534
      Cm = -0.1432     CD =  0.03970   =>   CDf =  0.00726    CDp =  0.03245

 Side 1  free  transition at x/c =  0.7415   62
 Side 2  free  transition at x/c =  0.1204   31

  24   rms: 0.7490E-01   max: -.3912E+00   D at   39  2
       a = -1.000      CL =  0.3907
      Cm = -0.1467     CD =  0.03816   =>   CDf =  0.00795    CDp =  0.03021

 Side 1  free  transition at x/c =  0.7417   62
 Side 2  free  transition at x/c =  0.1228   31

  25   rms: 0.4073E-02   max: -.3682E-01   D at   39  2
       a = -1.000      CL =  0.3888
      Cm = -0.1463     CD =  0.03829   =>   CDf =  0.00817    CDp =  0.03012

 Side 1  free  transition at x/c =  0.7416   62
 Side 2  free  transition at x/c =  0.1224   31

  26   rms: 0.1243E-03   max: -.8507E-03   D at   34  2
       a = -1.000      CL =  0.3888
      Cm = -0.1463     CD =  0.03829   =>   CDf =  0.00818    CDp =  0.03011

 Side 1  free  transition at x/c =  0.7416   62
 Side 2  free  transition at x/c =  0.1224   31

  27   rms: 0.4814E-05   max: -.5888E-04   D at    4  2
       a = -1.000      CL =  0.3888
      Cm = -0.1463     CD =  0.03829   =>   CDf =  0.00818    CDp =  0.03011
 plradd ia,ip,cpol            5           0  1.05662234E-02

 Point added to stored polar  1
 Point written to save file  fx76mp140_Re150k.base.pol                       
 Dump file unspecified or not available
 Calculating wake trajectory ...
 Calculating source influence matrix ...

 Solving BL system ...

 Side 1  free  transition at x/c =  0.7416   62
 Side 2  free  transition at x/c =  0.1224   31

   1   rms: 0.1127E+00   max: -.8911E+00   T at   31  2   RLX: 0.561
       a = -0.500      CL =  0.4338
      Cm = -0.1481     CD =  0.03756   =>   CDf =  0.00805    CDp =  0.02951

 Side 1  free  transition at x/c =  0.7399   63
 Side 2  free  transition at x/c =  0.1317   31

   2   rms: 0.2646E+00   max: -.1413E+01   T at   31  2   RLX: 0.354
       a = -0.500      CL =  0.4474
      Cm = -0.1489     CD =  0.03719   =>   CDf =  0.00838    CDp =  0.02881

 Side 1  free  transition at x/c =  0.7399   63
 Side 2  free  transition at x/c =  0.1383   31

   3   rms: 0.7668E-01   max: -.3668E+00   T at   31  2
       a = -0.500      CL =  0.4727
      Cm = -0.1498     CD =  0.03672   =>   CDf =  0.00822    CDp =  0.02850

 Side 1  free  transition at x/c =  0.7394   62
 Side 2  free  transition at x/c =  0.1462   31

   4   rms: 0.2116E-01   max: -.1419E+00   D at   31  2
       a = -0.500      CL =  0.4755
      Cm = -0.1501     CD =  0.03671   =>   CDf =  0.00829    CDp =  0.02841

 Side 1  free  transition at x/c =  0.7397   63
 Side 2  free  transition at x/c =  0.1472   31

   5   rms: 0.1209E-01   max: 0.7034E-01   D at   62  1
       a = -0.500      CL =  0.4732
      Cm = -0.1498     CD =  0.03683   =>   CDf =  0.00827    CDp =  0.02856

 Side 1  free  transition at x/c =  0.7395   62
 Side 2  free  transition at x/c =  0.1466   31

   6   rms: 0.3152E-02   max: -.2559E-01   T at   62  1
       a = -0.500      CL =  0.4754
      Cm = -0.1501     CD =  0.03671   =>   CDf =  0.00826    CDp =  0.02844

 Side 1  free  transition at x/c =  0.7397   63
 Side 2  free  transition at x/c =  0.1471   31

   7   rms: 0.1188E-01   max: 0.7031E-01   D at   62  1
       a = -0.500      CL =  0.4732
      Cm = -0.1498     CD =  0.03683   =>   CDf =  0.00827    CDp =  0.02856

 Side 1  free  transition at x/c =  0.7395   62
 Side 2  free  transition at x/c =  0.1466   31

   8   rms: 0.3152E-02   max: -.2558E-01   T at   62  1
       a = -0.500      CL =  0.4754
      Cm = -0.1501     CD =  0.03671   =>   CDf =  0.00826    CDp =  0.02844

 Side 1  free  transition at x/c =  0.7397   63
 Side 2  free  transition at x/c =  0.1471   31

   9   rms: 0.1188E-01   max: 0.7031E-01   D at   62  1
       a = -0.500      CL =  0.4732
      Cm = -0.1498     CD =  0.03683   =>   CDf =  0.00827    CDp =  0.02856

 Side 1  free  transition at x/c =  0.7395   62
 Side 2  free  transition at x/c =  0.1466   31

  10   rms: 0.3153E-02   max: -.2558E-01   T at   62  1
       a = -0.500      CL =  0.4754
      Cm = -0.1501     CD =  0.03671   =>   CDf =  0.00826    CDp =  0.02844

 Side 1  free  transition at x/c =  0.7397   63
 Side 2  free  transition at x/c =  0.1471   31

  11   rms: 0.1188E-01   max: 0.7031E-01   D at   62  1
       a = -0.500      CL =  0.4732
      Cm = -0.1498     CD =  0.03683   =>   CDf =  0.00827    CDp =  0.02856

 Side 1  free  transition at x/c =  0.7395   62
 Side 2  free  transition at x/c =  0.1466   31

  12   rms: 0.3152E-02   max: -.2557E-01   T at   62  1
       a = -0.500      CL =  0.4754
      Cm = -0.1501     CD =  0.03671   =>   CDf =  0.00826    CDp =  0.02844

 Side 1  free  transition at x/c =  0.7397   63
 Side 2  free  transition at x/c =  0.1471   31

  13   rms: 0.1187E-01   max: 0.7031E-01   D at   62  1
       a = -0.500      CL =  0.4732
      Cm = -0.1498     CD =  0.03683   =>   CDf =  0.00827    CDp =  0.02856

 Side 1  free  transition at x/c =  0.7395   62
 Side 2  free  transition at x/c =  0.1466   31

  14   rms: 0.3152E-02   max: -.2558E-01   T at   62  1
       a = -0.500      CL =  0.4754
      Cm = -0.1501     CD =  0.03671   =>   CDf =  0.00826    CDp =  0.02844

 Side 1  free  transition at x/c =  0.7397   63
 Side 2  free  transition at x/c =  0.1471   31

  15   rms: 0.1187E-01   max: 0.7031E-01   D at   62  1
       a = -0.500      CL =  0.4732
      Cm = -0.1498     CD =  0.03683   =>   CDf =  0.00827    CDp =  0.02856

 Side 1  free  transition at x/c =  0.7395   62
 Side 2  free  transition at x/c =  0.1466   31

  16   rms: 0.3152E-02   max: -.2557E-01   T at   62  1
       a = -0.500      CL =  0.4754
      Cm = -0.1501     CD =  0.03671   =>   CDf =  0.00826    CDp =  0.02844

 Side 1  free  transition at x/c =  0.7397   63
 Side 2  free  transition at x/c =  0.1471   31

  17   rms: 0.1187E-01   max: 0.7031E-01   D at   62  1
       a = -0.500      CL =  0.4732
      Cm = -0.1498     CD =  0.03683   =>   CDf =  0.00827    CDp =  0.02856

 Side 1  free  transition at x/c =  0.7395   62
 Side 2  free  transition at x/c =  0.1466   31

  18   rms: 0.3153E-02   max: -.2558E-01   T at   62  1
       a = -0.500      CL =  0.4754
      Cm = -0.1501     CD =  0.03671   =>   CDf =  0.00826    CDp =  0.02844

 Side 1  free  transition at x/c =  0.7397   63
 Side 2  free  transition at x/c =  0.1471   31

  19   rms: 0.1187E-01   max: 0.7031E-01   D at   62  1
       a = -0.500      CL =  0.4732
      Cm = -0.1498     CD =  0.03683   =>   CDf =  0.00827    CDp =  0.02856

 Side 1  free  transition at x/c =  0.7395   62
 Side 2  free  transition at x/c =  0.1466   31

  20   rms: 0.3153E-02   max: -.2558E-01   T at   62  1
       a = -0.500      CL =  0.4754
      Cm = -0.1501     CD =  0.03671   =>   CDf =  0.00826    CDp =  0.02844

 Side 1  free  transition at x/c =  0.7397   63
 Side 2  free  transition at x/c =  0.1471   31

  21   rms: 0.1187E-01   max: 0.7031E-01   D at   62  1
       a = -0.500      CL =  0.4732
      Cm = -0.1498     CD =  0.03683   =>   CDf =  0.00827    CDp =  0.02856

 Side 1  free  transition at x/c =  0.7395   62
 Side 2  free  transition at x/c =  0.1466   31

  22   rms: 0.3153E-02   max: -.2558E-01   T at   62  1
       a = -0.500      CL =  0.4754
      Cm = -0.1501     CD =  0.03671   =>   CDf =  0.00826    CDp =  0.02844

 Side 1  free  transition at x/c =  0.7397   63
 Side 2  free  transition at x/c =  0.1471   31

  23   rms: 0.1188E-01   max: 0.7031E-01   D at   62  1
       a = -0.500      CL =  0.4732
      Cm = -0.1498     CD =  0.03683   =>   CDf =  0.00827    CDp =  0.02856

 Side 1  free  transition at x/c =  0.7395   62
 Side 2  free  transition at x/c =  0.1466   31

  24   rms: 0.3153E-02   max: -.2558E-01   T at   62  1
       a = -0.500      CL =  0.4754
      Cm = -0.1501     CD =  0.03671   =>   CDf =  0.00826    CDp =  0.02844

 Side 1  free  transition at x/c =  0.7397   63
 Side 2  free  transition at x/c =  0.1471   31

  25   rms: 0.1188E-01   max: 0.7031E-01   D at   62  1
       a = -0.500      CL =  0.4732
      Cm = -0.1498     CD =  0.03683   =>   CDf =  0.00827    CDp =  0.02856

 Side 1  free  transition at x/c =  0.7395   62
 Side 2  free  transition at x/c =  0.1466   31

  26   rms: 0.3152E-02   max: -.2557E-01   T at   62  1
       a = -0.500      CL =  0.4754
      Cm = -0.1501     CD =  0.03671   =>   CDf =  0.00826    CDp =  0.02844

 Side 1  free  transition at x/c =  0.7397   63
 Side 2  free  transition at x/c =  0.1471   31

  27   rms: 0.1187E-01   max: 0.7031E-01   D at   62  1
       a = -0.500      CL =  0.4732
      Cm = -0.1498     CD =  0.03683   =>   CDf =  0.00827    CDp =  0.02856

 Side 1  free  transition at x/c =  0.7395   62
 Side 2  free  transition at x/c =  0.1466   31

  28   rms: 0.3153E-02   max: -.2558E-01   T at   62  1
       a = -0.500      CL =  0.4754
      Cm = -0.1501     CD =  0.03671   =>   CDf =  0.00826    CDp =  0.02844

 Side 1  free  transition at x/c =  0.7397   63
 Side 2  free  transition at x/c =  0.1471   31

  29   rms: 0.1187E-01   max: 0.7031E-01   D at   62  1
       a = -0.500      CL =  0.4732
      Cm = -0.1498     CD =  0.03683   =>   CDf =  0.00827    CDp =  0.02856

 Side 1  free  transition at x/c =  0.7395   62
 Side 2  free  transition at x/c =  0.1466   31

  30   rms: 0.3153E-02   max: -.2558E-01   T at   62  1
       a = -0.500      CL =  0.4754
      Cm = -0.1501     CD =  0.03671   =>   CDf =  0.00826    CDp =  0.02844

 Side 1  free  transition at x/c =  0.7397   63
 Side 2  free  transition at x/c =  0.1471   31

  31   rms: 0.1187E-01   max: 0.7031E-01   D at   62  1
       a = -0.500      CL =  0.4732
      Cm = -0.1498     CD =  0.03683   =>   CDf =  0.00827    CDp =  0.02856

 Side 1  free  transition at x/c =  0.7395   62
 Side 2  free  transition at x/c =  0.1466   31

  32   rms: 0.3153E-02   max: -.2558E-01   T at   62  1
       a = -0.500      CL =  0.4754
      Cm = -0.1501     CD =  0.03671   =>   CDf =  0.00826    CDp =  0.02844

 Side 1  free  transition at x/c =  0.7397   63
 Side 2  free  transition at x/c =  0.1471   31

  33   rms: 0.1187E-01   max: 0.7031E-01   D at   62  1
       a = -0.500      CL =  0.4732
      Cm = -0.1498     CD =  0.03683   =>   CDf =  0.00827    CDp =  0.02856

 Side 1  free  transition at x/c =  0.7395   62
 Side 2  free  transition at x/c =  0.1466   31

  34   rms: 0.3152E-02   max: -.2558E-01   T at   62  1
       a = -0.500      CL =  0.4754
      Cm = -0.1501     CD =  0.03671   =>   CDf =  0.00826    CDp =  0.02844

 Side 1  free  transition at x/c =  0.7397   63
 Side 2  free  transition at x/c =  0.1471   31

  35   rms: 0.1187E-01   max: 0.7031E-01   D at   62  1
       a = -0.500      CL =  0.4732
      Cm = -0.1498     CD =  0.03683   =>   CDf =  0.00827    CDp =  0.02856

 Side 1  free  transition at x/c =  0.7395   62
 Side 2  free  transition at x/c =  0.1466   31

  36   rms: 0.3153E-02   max: -.2558E-01   T at   62  1
       a = -0.500      CL =  0.4754
      Cm = -0.1501     CD =  0.03671   =>   CDf =  0.00826    CDp =  0.02844

 Side 1  free  transition at x/c =  0.7397   63
 Side 2  free  transition at x/c =  0.1471   31

  37   rms: 0.1188E-01   max: 0.7031E-01   D at   62  1
       a = -0.500      CL =  0.4732
      Cm = -0.1498     CD =  0.03683   =>   CDf =  0.00827    CDp =  0.02856

 Side 1  free  transition at x/c =  0.7395   62
 Side 2  free  transition at x/c =  0.1466   31

  38   rms: 0.3154E-02   max: -.2558E-01   T at   62  1
       a = -0.500      CL =  0.4754
      Cm = -0.1501     CD =  0.03671   =>   CDf =  0.00826    CDp =  0.02844

 Side 1  free  transition at x/c =  0.7397   63
 Side 2  free  transition at x/c =  0.1471   31

  39   rms: 0.1188E-01   max: 0.7031E-01   D at   62  1
       a = -0.500      CL =  0.4732
      Cm = -0.1498     CD =  0.03683   =>   CDf =  0.00827    CDp =  0.02856

 Side 1  free  transition at x/c =  0.7395   62
 Side 2  free  transition at x/c =  0.1466   31

  40   rms: 0.3153E-02   max: -.2558E-01   T at   62  1
       a = -0.500      CL =  0.4754
      Cm = -0.1501     CD =  0.03671   =>   CDf =  0.00826    CDp =  0.02844

 Side 1  free  transition at x/c =  0.7397   63
 Side 2  free  transition at x/c =  0.1471   31

  41   rms: 0.1187E-01   max: 0.7031E-01   D at   62  1
       a = -0.500      CL =  0.4732
      Cm = -0.1498     CD =  0.03683   =>   CDf =  0.00827    CDp =  0.02856

 Side 1  free  transition at x/c =  0.7395   62
 Side 2  free  transition at x/c =  0.1466   31

  42   rms: 0.3152E-02   max: -.2558E-01   T at   62  1
       a = -0.500      CL =  0.4754
      Cm = -0.1501     CD =  0.03671   =>   CDf =  0.00826    CDp =  0.02844

 Side 1  free  transition at x/c =  0.7397   63
 Side 2  free  transition at x/c =  0.1471   31

  43   rms: 0.1187E-01   max: 0.7031E-01   D at   62  1
       a = -0.500      CL =  0.4732
      Cm = -0.1498     CD =  0.03683   =>   CDf =  0.00827    CDp =  0.02856

 Side 1  free  transition at x/c =  0.7395   62
 Side 2  free  transition at x/c =  0.1466   31

  44   rms: 0.3153E-02   max: -.2558E-01   T at   62  1
       a = -0.500      CL =  0.4754
      Cm = -0.1501     CD =  0.03671   =>   CDf =  0.00826    CDp =  0.02844

 Side 1  free  transition at x/c =  0.7397   63
 Side 2  free  transition at x/c =  0.1471   31

  45   rms: 0.1187E-01   max: 0.7031E-01   D at   62  1
       a = -0.500      CL =  0.4732
      Cm = -0.1498     CD =  0.03683   =>   CDf =  0.00827    CDp =  0.02856

 Side 1  free  transition at x/c =  0.7395   62
 Side 2  free  transition at x/c =  0.1466   31

  46   rms: 0.3152E-02   max: -.2557E-01   T at   62  1
       a = -0.500      CL =  0.4754
      Cm = -0.1501     CD =  0.03671   =>   CDf =  0.00826    CDp =  0.02844

 Side 1  free  transition at x/c =  0.7397   63
 Side 2  free  transition at x/c =  0.1471   31

  47   rms: 0.1188E-01   max: 0.7031E-01   D at   62  1
       a = -0.500      CL =  0.4732
      Cm = -0.1498     CD =  0.03683   =>   CDf =  0.00827    CDp =  0.02856

 Side 1  free  transition at x/c =  0.7395   62
 Side 2  free  transition at x/c =  0.1466   31

  48   rms: 0.3153E-02   max: -.2558E-01   T at   62  1
       a = -0.500      CL =  0.4754
      Cm = -0.1501     CD =  0.03671   =>   CDf =  0.00826    CDp =  0.02844

 Side 1  free  transition at x/c =  0.7397   63
 Side 2  free  transition at x/c =  0.1471   31

  49   rms: 0.1188E-01   max: 0.7031E-01   D at   62  1
       a = -0.500      CL =  0.4732
      Cm = -0.1498     CD =  0.03683   =>   CDf =  0.00827    CDp =  0.02856

 Side 1  free  transition at x/c =  0.7395   62
 Side 2  free  transition at x/c =  0.1466   31

  50   rms: 0.3151E-02   max: -.2557E-01   T at   62  1
       a = -0.500      CL =  0.4754
      Cm = -0.1501     CD =  0.03671   =>   CDf =  0.00826    CDp =  0.02844

 Side 1  free  transition at x/c =  0.7397   63
 Side 2  free  transition at x/c =  0.1471   31

  51   rms: 0.1187E-01   max: 0.7031E-01   D at   62  1
       a = -0.500      CL =  0.4732
      Cm = -0.1498     CD =  0.03683   =>   CDf =  0.00827    CDp =  0.02856

 Side 1  free  transition at x/c =  0.7395   62
 Side 2  free  transition at x/c =  0.1466   31

  52   rms: 0.3152E-02   max: -.2558E-01   T at   62  1
       a = -0.500      CL =  0.4754
      Cm = -0.1501     CD =  0.03671   =>   CDf =  0.00826    CDp =  0.02844

 Side 1  free  transition at x/c =  0.7397   63
 Side 2  free  transition at x/c =  0.1471   31

  53   rms: 0.1188E-01   max: 0.7031E-01   D at   62  1
       a = -0.500      CL =  0.4732
      Cm = -0.1498     CD =  0.03683   =>   CDf =  0.00827    CDp =  0.02856

 Side 1  free  transition at x/c =  0.7395   62
 Side 2  free  transition at x/c =  0.1466   31

  54   rms: 0.3153E-02   max: -.2558E-01   T at   62  1
       a = -0.500      CL =  0.4754
      Cm = -0.1501     CD =  0.03671   =>   CDf =  0.00826    CDp =  0.02844

 Side 1  free  transition at x/c =  0.7397   63
 Side 2  free  transition at x/c =  0.1471   31

  55   rms: 0.1188E-01   max: 0.7031E-01   D at   62  1
       a = -0.500      CL =  0.4732
      Cm = -0.1498     CD =  0.03683   =>   CDf =  0.00827    CDp =  0.02856

 Side 1  free  transition at x/c =  0.7395   62
 Side 2  free  transition at x/c =  0.1466   31

  56   rms: 0.3151E-02   max: -.2557E-01   T at   62  1
       a = -0.500      CL =  0.4754
      Cm = -0.1501     CD =  0.03671   =>   CDf =  0.00826    CDp =  0.02844

 Side 1  free  transition at x/c =  0.7397   63
 Side 2  free  transition at x/c =  0.1471   31

  57   rms: 0.1187E-01   max: 0.7031E-01   D at   62  1
       a = -0.500      CL =  0.4732
      Cm = -0.1498     CD =  0.03683   =>   CDf =  0.00827    CDp =  0.02856

 Side 1  free  transition at x/c =  0.7395   62
 Side 2  free  transition at x/c =  0.1466   31

  58   rms: 0.3152E-02   max: -.2558E-01   T at   62  1
       a = -0.500      CL =  0.4754
      Cm = -0.1501     CD =  0.03671   =>   CDf =  0.00826    CDp =  0.02844

 Side 1  free  transition at x/c =  0.7397   63
 Side 2  free  transition at x/c =  0.1471   31

  59   rms: 0.1187E-01   max: 0.7031E-01   D at   62  1
       a = -0.500      CL =  0.4732
      Cm = -0.1498     CD =  0.03683   =>   CDf =  0.00827    CDp =  0.02856

 Side 1  free  transition at x/c =  0.7395   62
 Side 2  free  transition at x/c =  0.1466   31

  60   rms: 0.3152E-02   max: -.2557E-01   T at   62  1
       a = -0.500      CL =  0.4754
      Cm = -0.1501     CD =  0.03671   =>   CDf =  0.00826    CDp =  0.02844

 Side 1  free  transition at x/c =  0.7397   63
 Side 2  free  transition at x/c =  0.1471   31

  61   rms: 0.1187E-01   max: 0.7031E-01   D at   62  1
       a = -0.500      CL =  0.4732
      Cm = -0.1498     CD =  0.03683   =>   CDf =  0.00827    CDp =  0.02856

 Side 1  free  transition at x/c =  0.7395   62
 Side 2  free  transition at x/c =  0.1466   31

  62   rms: 0.3153E-02   max: -.2558E-01   T at   62  1
       a = -0.500      CL =  0.4754
      Cm = -0.1501     CD =  0.03671   =>   CDf =  0.00826    CDp =  0.02844

 Side 1  free  transition at x/c =  0.7397   63
 Side 2  free  transition at x/c =  0.1471   31

  63   rms: 0.1187E-01   max: 0.7031E-01   D at   62  1
       a = -0.500      CL =  0.4732
      Cm = -0.1498     CD =  0.03683   =>   CDf =  0.00827    CDp =  0.02856

 Side 1  free  transition at x/c =  0.7395   62
 Side 2  free  transition at x/c =  0.1466   31

  64   rms: 0.3152E-02   max: -.2558E-01   T at   62  1
       a = -0.500      CL =  0.4754
      Cm = -0.1501     CD =  0.03671   =>   CDf =  0.00826    CDp =  0.02844

 Side 1  free  transition at x/c =  0.7397   63
 Side 2  free  transition at x/c =  0.1471   31

  65   rms: 0.1187E-01   max: 0.7031E-01   D at   62  1
       a = -0.500      CL =  0.4732
      Cm = -0.1498     CD =  0.03683   =>   CDf =  0.00827    CDp =  0.02856

 Side 1  free  transition at x/c =  0.7395   62
 Side 2  free  transition at x/c =  0.1466   31

  66   rms: 0.3153E-02   max: -.2558E-01   T at   62  1
       a = -0.500      CL =  0.4754
      Cm = -0.1501     CD =  0.03671   =>   CDf =  0.00826    CDp =  0.02844

 Side 1  free  transition at x/c =  0.7397   63
 Side 2  free  transition at x/c =  0.1471   31

  67   rms: 0.1188E-01   max: 0.7031E-01   D at   62  1
       a = -0.500      CL =  0.4732
      Cm = -0.1498     CD =  0.03683   =>   CDf =  0.00827    CDp =  0.02856

 Side 1  free  transition at x/c =  0.7395   62
 Side 2  free  transition at x/c =  0.1466   31

  68   rms: 0.3153E-02   max: -.2558E-01   T at   62  1
       a = -0.500      CL =  0.4754
      Cm = -0.1501     CD =  0.03671   =>   CDf =  0.00826    CDp =  0.02844

 Side 1  free  transition at x/c =  0.7397   63
 Side 2  free  transition at x/c =  0.1471   31

  69   rms: 0.1188E-01   max: 0.7031E-01   D at   62  1
       a = -0.500      CL =  0.4732
      Cm = -0.1498     CD =  0.03683   =>   CDf =  0.00827    CDp =  0.02856

 Side 1  free  transition at x/c =  0.7395   62
 Side 2  free  transition at x/c =  0.1466   31

  70   rms: 0.3152E-02   max: -.2558E-01   T at   62  1
       a = -0.500      CL =  0.4754
      Cm = -0.1501     CD =  0.03671   =>   CDf =  0.00826    CDp =  0.02844

 Side 1  free  transition at x/c =  0.7397   63
 Side 2  free  transition at x/c =  0.1471   31

  71   rms: 0.1187E-01   max: 0.7031E-01   D at   62  1
       a = -0.500      CL =  0.4732
      Cm = -0.1498     CD =  0.03683   =>   CDf =  0.00827    CDp =  0.02856

 Side 1  free  transition at x/c =  0.7395   62
 Side 2  free  transition at x/c =  0.1466   31

  72   rms: 0.3153E-02   max: -.2558E-01   T at   62  1
       a = -0.500      CL =  0.4754
      Cm = -0.1501     CD =  0.03671   =>   CDf =  0.00826    CDp =  0.02844

 Side 1  free  transition at x/c =  0.7397   63
 Side 2  free  transition at x/c =  0.1471   31

  73   rms: 0.1188E-01   max: 0.7031E-01   D at   62  1
       a = -0.500      CL =  0.4732
      Cm = -0.1498     CD =  0.03683   =>   CDf =  0.00827    CDp =  0.02856

 Side 1  free  transition at x/c =  0.7395   62
 Side 2  free  transition at x/c =  0.1466   31

  74   rms: 0.3153E-02   max: -.2558E-01   T at   62  1
       a = -0.500      CL =  0.4754
      Cm = -0.1501     CD =  0.03671   =>   CDf =  0.00826    CDp =  0.02844

 Side 1  free  transition at x/c =  0.7397   63
 Side 2  free  transition at x/c =  0.1471   31

  75   rms: 0.1188E-01   max: 0.7031E-01   D at   62  1
       a = -0.500      CL =  0.4732
      Cm = -0.1498     CD =  0.03683   =>   CDf =  0.00827    CDp =  0.02856

 Side 1  free  transition at x/c =  0.7395   62
 Side 2  free  transition at x/c =  0.1466   31

  76   rms: 0.3153E-02   max: -.2558E-01   T at   62  1
       a = -0.500      CL =  0.4754
      Cm = -0.1501     CD =  0.03671   =>   CDf =  0.00826    CDp =  0.02844

 Side 1  free  transition at x/c =  0.7397   63
 Side 2  free  transition at x/c =  0.1471   31

  77   rms: 0.1188E-01   max: 0.7031E-01   D at   62  1
       a = -0.500      CL =  0.4732
      Cm = -0.1498     CD =  0.03683   =>   CDf =  0.00827    CDp =  0.02856

 Side 1  free  transition at x/c =  0.7395   62
 Side 2  free  transition at x/c =  0.1466   31

  78   rms: 0.3153E-02   max: -.2557E-01   T at   62  1
       a = -0.500      CL =  0.4754
      Cm = -0.1501     CD =  0.03671   =>   CDf =  0.00826    CDp =  0.02844

 Side 1  free  transition at x/c =  0.7397   63
 Side 2  free  transition at x/c =  0.1471   31

  79   rms: 0.1188E-01   max: 0.7031E-01   D at   62  1
       a = -0.500      CL =  0.4732
      Cm = -0.1498     CD =  0.03683   =>   CDf =  0.00827    CDp =  0.02856

 Side 1  free  transition at x/c =  0.7395   62
 Side 2  free  transition at x/c =  0.1466   31

  80   rms: 0.3152E-02   max: -.2558E-01   T at   62  1
       a = -0.500      CL =  0.4754
      Cm = -0.1501     CD =  0.03671   =>   CDf =  0.00826    CDp =  0.02844

 Side 1  free  transition at x/c =  0.7397   63
 Side 2  free  transition at x/c =  0.1471   31

  81   rms: 0.1187E-01   max: 0.7031E-01   D at   62  1
       a = -0.500      CL =  0.4732
      Cm = -0.1498     CD =  0.03683   =>   CDf =  0.00827    CDp =  0.02856

 Side 1  free  transition at x/c =  0.7395   62
 Side 2  free  transition at x/c =  0.1466   31

  82   rms: 0.3153E-02   max: -.2559E-01   T at   62  1
       a = -0.500      CL =  0.4754
      Cm = -0.1501     CD =  0.03671   =>   CDf =  0.00826    CDp =  0.02844

 Side 1  free  transition at x/c =  0.7397   63
 Side 2  free  transition at x/c =  0.1471   31

  83   rms: 0.1187E-01   max: 0.7031E-01   D at   62  1
       a = -0.500      CL =  0.4732
      Cm = -0.1498     CD =  0.03683   =>   CDf =  0.00827    CDp =  0.02856

 Side 1  free  transition at x/c =  0.7395   62
 Side 2  free  transition at x/c =  0.1466   31

  84   rms: 0.3153E-02   max: -.2559E-01   T at   62  1
       a = -0.500      CL =  0.4754
      Cm = -0.1501     CD =  0.03671   =>   CDf =  0.00826    CDp =  0.02844

 Side 1  free  transition at x/c =  0.7397   63
 Side 2  free  transition at x/c =  0.1471   31

  85   rms: 0.1187E-01   max: 0.7031E-01   D at   62  1
       a = -0.500      CL =  0.4732
      Cm = -0.1498     CD =  0.03683   =>   CDf =  0.00827    CDp =  0.02856

 Side 1  free  transition at x/c =  0.7395   62
 Side 2  free  transition at x/c =  0.1466   31

  86   rms: 0.3154E-02   max: -.2559E-01   T at   62  1
       a = -0.500      CL =  0.4754
      Cm = -0.1501     CD =  0.03671   =>   CDf =  0.00826    CDp =  0.02844

 Side 1  free  transition at x/c =  0.7397   63
 Side 2  free  transition at x/c =  0.1471   31

  87   rms: 0.1188E-01   max: 0.7031E-01   D at   62  1
       a = -0.500      CL =  0.4732
      Cm = -0.1498     CD =  0.03683   =>   CDf =  0.00827    CDp =  0.02856

 Side 1  free  transition at x/c =  0.7395   62
 Side 2  free  transition at x/c =  0.1466   31

  88   rms: 0.3153E-02   max: -.2557E-01   T at   62  1
       a = -0.500      CL =  0.4754
      Cm = -0.1501     CD =  0.03671   =>   CDf =  0.00826    CDp =  0.02844

 Side 1  free  transition at x/c =  0.7397   63
 Side 2  free  transition at x/c =  0.1471   31

  89   rms: 0.1187E-01   max: 0.7031E-01   D at   62  1
       a = -0.500      CL =  0.4732
      Cm = -0.1498     CD =  0.03683   =>   CDf =  0.00827    CDp =  0.02856

 Side 1  free  transition at x/c =  0.7395   62
 Side 2  free  transition at x/c =  0.1466   31

  90   rms: 0.3153E-02   max: -.2558E-01   T at   62  1
       a = -0.500      CL =  0.4754
      Cm = -0.1501     CD =  0.03671   =>   CDf =  0.00826    CDp =  0.02844

 Side 1  free  transition at x/c =  0.7397   63
 Side 2  free  transition at x/c =  0.1471   31

  91   rms: 0.1187E-01   max: 0.7031E-01   D at   62  1
       a = -0.500      CL =  0.4732
      Cm = -0.1498     CD =  0.03683   =>   CDf =  0.00827    CDp =  0.02856

 Side 1  free  transition at x/c =  0.7395   62
 Side 2  free  transition at x/c =  0.1466   31

  92   rms: 0.3153E-02   max: -.2558E-01   T at   62  1
       a = -0.500      CL =  0.4754
      Cm = -0.1501     CD =  0.03671   =>   CDf =  0.00826    CDp =  0.02844

 Side 1  free  transition at x/c =  0.7397   63
 Side 2  free  transition at x/c =  0.1471   31

  93   rms: 0.1188E-01   max: 0.7031E-01   D at   62  1
       a = -0.500      CL =  0.4732
      Cm = -0.1498     CD =  0.03683   =>   CDf =  0.00827    CDp =  0.02856

 Side 1  free  transition at x/c =  0.7395   62
 Side 2  free  transition at x/c =  0.1466   31

  94   rms: 0.3153E-02   max: -.2558E-01   T at   62  1
       a = -0.500      CL =  0.4754
      Cm = -0.1501     CD =  0.03671   =>   CDf =  0.00826    CDp =  0.02844

 Side 1  free  transition at x/c =  0.7397   63
 Side 2  free  transition at x/c =  0.1471   31

  95   rms: 0.1188E-01   max: 0.7031E-01   D at   62  1
       a = -0.500      CL =  0.4732
      Cm = -0.1498     CD =  0.03683   =>   CDf =  0.00827    CDp =  0.02856

 Side 1  free  transition at x/c =  0.7395   62
 Side 2  free  transition at x/c =  0.1466   31

  96   rms: 0.3153E-02   max: -.2558E-01   T at   62  1
       a = -0.500      CL =  0.4754
      Cm = -0.1501     CD =  0.03671   =>   CDf =  0.00826    CDp =  0.02844

 Side 1  free  transition at x/c =  0.7397   63
 Side 2  free  transition at x/c =  0.1471   31

  97   rms: 0.1188E-01   max: 0.7031E-01   D at   62  1
       a = -0.500      CL =  0.4732
      Cm = -0.1498     CD =  0.03683   =>   CDf =  0.00827    CDp =  0.02856

 Side 1  free  transition at x/c =  0.7395   62
 Side 2  free  transition at x/c =  0.1466   31

  98   rms: 0.3153E-02   max: -.2558E-01   T at   62  1
       a = -0.500      CL =  0.4754
      Cm = -0.1501     CD =  0.03671   =>   CDf =  0.00826    CDp =  0.02844

 Side 1  free  transition at x/c =  0.7397   63
 Side 2  free  transition at x/c =  0.1471   31

  99   rms: 0.1188E-01   max: 0.7031E-01   D at   62  1
       a = -0.500      CL =  0.4732
      Cm = -0.1498     CD =  0.03683   =>   CDf =  0.00827    CDp =  0.02856

 Side 1  free  transition at x/c =  0.7395   62
 Side 2  free  transition at x/c =  0.1466   31

 100   rms: 0.3153E-02   max: -.2558E-01   T at   62  1
       a = -0.500      CL =  0.4754
      Cm = -0.1501     CD =  0.03671   =>   CDf =  0.00826    CDp =  0.02844

 Side 1  free  transition at x/c =  0.7397   63
 Side 2  free  transition at x/c =  0.1471   31

 101   rms: 0.1188E-01   max: 0.7031E-01   D at   62  1
       a = -0.500      CL =  0.4732
      Cm = -0.1498     CD =  0.03683   =>   CDf =  0.00827    CDp =  0.02856

 Side 1  free  transition at x/c =  0.7395   62
 Side 2  free  transition at x/c =  0.1466   31

 102   rms: 0.3154E-02   max: -.2558E-01   T at   62  1
       a = -0.500      CL =  0.4754
      Cm = -0.1501     CD =  0.03671   =>   CDf =  0.00826    CDp =  0.02844

 Side 1  free  transition at x/c =  0.7397   63
 Side 2  free  transition at x/c =  0.1471   31

 103   rms: 0.1188E-01   max: 0.7031E-01   D at   62  1
       a = -0.500      CL =  0.4732
      Cm = -0.1498     CD =  0.03683   =>   CDf =  0.00827    CDp =  0.02856

 Side 1  free  transition at x/c =  0.7395   62
 Side 2  free  transition at x/c =  0.1466   31

 104   rms: 0.3152E-02   max: -.2557E-01   T at   62  1
       a = -0.500      CL =  0.4754
      Cm = -0.1501     CD =  0.03671   =>   CDf =  0.00826    CDp =  0.02844

 Side 1  free  transition at x/c =  0.7397   63
 Side 2  free  transition at x/c =  0.1471   31

 105   rms: 0.1187E-01   max: 0.7031E-01   D at   62  1
       a = -0.500      CL =  0.4732
      Cm = -0.1498     CD =  0.03683   =>   CDf =  0.00827    CDp =  0.02856

 Side 1  free  transition at x/c =  0.7395   62
 Side 2  free  transition at x/c =  0.1466   31

 106   rms: 0.3153E-02   max: -.2558E-01   T at   62  1
       a = -0.500      CL =  0.4754
      Cm = -0.1501     CD =  0.03671   =>   CDf =  0.00826    CDp =  0.02844

 Side 1  free  transition at x/c =  0.7397   63
 Side 2  free  transition at x/c =  0.1471   31

 107   rms: 0.1187E-01   max: 0.7031E-01   D at   62  1
       a = -0.500      CL =  0.4732
      Cm = -0.1498     CD =  0.03683   =>   CDf =  0.00827    CDp =  0.02856

 Side 1  free  transition at x/c =  0.7395   62
 Side 2  free  transition at x/c =  0.1466   31

 108   rms: 0.3151E-02   max: -.2557E-01   T at   62  1
       a = -0.500      CL =  0.4754
      Cm = -0.1501     CD =  0.03671   =>   CDf =  0.00826    CDp =  0.02844

 Side 1  free  transition at x/c =  0.7397   63
 Side 2  free  transition at x/c =  0.1471   31

 109   rms: 0.1187E-01   max: 0.7031E-01   D at   62  1
       a = -0.500      CL =  0.4732
      Cm = -0.1498     CD =  0.03683   =>   CDf =  0.00827    CDp =  0.02856

 Side 1  free  transition at x/c =  0.7395   62
 Side 2  free  transition at x/c =  0.1466   31

 110   rms: 0.3152E-02   max: -.2558E-01   T at   62  1
       a = -0.500      CL =  0.4754
      Cm = -0.1501     CD =  0.03671   =>   CDf =  0.00826    CDp =  0.02844

 Side 1  free  transition at x/c =  0.7397   63
 Side 2  free  transition at x/c =  0.1471   31

 111   rms: 0.1187E-01   max: 0.7031E-01   D at   62  1
       a = -0.500      CL =  0.4732
      Cm = -0.1498     CD =  0.03683   =>   CDf =  0.00827    CDp =  0.02856

 Side 1  free  transition at x/c =  0.7395   62
 Side 2  free  transition at x/c =  0.1466   31

 112   rms: 0.3151E-02   max: -.2557E-01   T at   62  1
       a = -0.500      CL =  0.4754
      Cm = -0.1501     CD =  0.03671   =>   CDf =  0.00826    CDp =  0.02844

 Side 1  free  transition at x/c =  0.7397   63
 Side 2  free  transition at x/c =  0.1471   31

 113   rms: 0.1187E-01   max: 0.7031E-01   D at   62  1
       a = -0.500      CL =  0.4732
      Cm = -0.1498     CD =  0.03683   =>   CDf =  0.00827    CDp =  0.02856

 Side 1  free  transition at x/c =  0.7395   62
 Side 2  free  transition at x/c =  0.1466   31

 114   rms: 0.3152E-02   max: -.2557E-01   T at   62  1
       a = -0.500      CL =  0.4754
      Cm = -0.1501     CD =  0.03671   =>   CDf =  0.00826    CDp =  0.02844

 Side 1  free  transition at x/c =  0.7397   63
 Side 2  free  transition at x/c =  0.1471   31

 115   rms: 0.1187E-01   max: 0.7031E-01   D at   62  1
       a = -0.500      CL =  0.4732
      Cm = -0.1498     CD =  0.03683   =>   CDf =  0.00827    CDp =  0.02856

 Side 1  free  transition at x/c =  0.7395   62
 Side 2  free  transition at x/c =  0.1466   31

 116   rms: 0.3153E-02   max: -.2558E-01   T at   62  1
       a = -0.500      CL =  0.4754
      Cm = -0.1501     CD =  0.03671   =>   CDf =  0.00826    CDp =  0.02844

 Side 1  free  transition at x/c =  0.7397   63
 Side 2  free  transition at x/c =  0.1471   31

 117   rms: 0.1188E-01   max: 0.7031E-01   D at   62  1
       a = -0.500      CL =  0.4732
      Cm = -0.1498     CD =  0.03683   =>   CDf =  0.00827    CDp =  0.02856

 Side 1  free  transition at x/c =  0.7395   62
 Side 2  free  transition at x/c =  0.1466   31

 118   rms: 0.3152E-02   max: -.2557E-01   T at   62  1
       a = -0.500      CL =  0.4754
      Cm = -0.1501     CD =  0.03671   =>   CDf =  0.00826    CDp =  0.02844

 Side 1  free  transition at x/c =  0.7397   63
 Side 2  free  transition at x/c =  0.1471   31

 119   rms: 0.1187E-01   max: 0.7031E-01   D at   62  1
       a = -0.500      CL =  0.4732
      Cm = -0.1498     CD =  0.03683   =>   CDf =  0.00827    CDp =  0.02856

 Side 1  free  transition at x/c =  0.7395   62
 Side 2  free  transition at x/c =  0.1466   31

 120   rms: 0.3153E-02   max: -.2558E-01   T at   62  1
       a = -0.500      CL =  0.4754
      Cm = -0.1501     CD =  0.03671   =>   CDf =  0.00826    CDp =  0.02844

 Side 1  free  transition at x/c =  0.7397   63
 Side 2  free  transition at x/c =  0.1471   31

 121   rms: 0.1187E-01   max: 0.7031E-01   D at   62  1
       a = -0.500      CL =  0.4732
      Cm = -0.1498     CD =  0.03683   =>   CDf =  0.00827    CDp =  0.02856

 Side 1  free  transition at x/c =  0.7395   62
 Side 2  free  transition at x/c =  0.1466   31

 122   rms: 0.3152E-02   max: -.2558E-01   T at   62  1
       a = -0.500      CL =  0.4754
      Cm = -0.1501     CD =  0.03671   =>   CDf =  0.00826    CDp =  0.02844

 Side 1  free  transition at x/c =  0.7397   63
 Side 2  free  transition at x/c =  0.1471   31

 123   rms: 0.1187E-01   max: 0.7031E-01   D at   62  1
       a = -0.500      CL =  0.4732
      Cm = -0.1498     CD =  0.03683   =>   CDf =  0.00827    CDp =  0.02856

 Side 1  free  transition at x/c =  0.7395   62
 Side 2  free  transition at x/c =  0.1466   31

 124   rms: 0.3153E-02   max: -.2558E-01   T at   62  1
       a = -0.500      CL =  0.4754
      Cm = -0.1501     CD =  0.03671   =>   CDf =  0.00826    CDp =  0.02844

 Side 1  free  transition at x/c =  0.7397   63
 Side 2  free  transition at x/c =  0.1471   31

 125   rms: 0.1188E-01   max: 0.7031E-01   D at   62  1
       a = -0.500      CL =  0.4732
      Cm = -0.1498     CD =  0.03683   =>   CDf =  0.00827    CDp =  0.02856

 Side 1  free  transition at x/c =  0.7395   62
 Side 2  free  transition at x/c =  0.1466   31

 126   rms: 0.3152E-02   max: -.2558E-01   T at   62  1
       a = -0.500      CL =  0.4754
      Cm = -0.1501     CD =  0.03671   =>   CDf =  0.00826    CDp =  0.02844

 Side 1  free  transition at x/c =  0.7397   63
 Side 2  free  transition at x/c =  0.1471   31

 127   rms: 0.1187E-01   max: 0.7031E-01   D at   62  1
       a = -0.500      CL =  0.4732
      Cm = -0.1498     CD =  0.03683   =>   CDf =  0.00827    CDp =  0.02856

 Side 1  free  transition at x/c =  0.7395   62
 Side 2  free  transition at x/c =  0.1466   31

 128   rms: 0.3154E-02   max: -.2558E-01   T at   62  1
       a = -0.500      CL =  0.4754
      Cm = -0.1501     CD =  0.03671   =>   CDf =  0.00826    CDp =  0.02844

 Side 1  free  transition at x/c =  0.7397   63
 Side 2  free  transition at x/c =  0.1471   31

 129   rms: 0.1188E-01   max: 0.7031E-01   D at   62  1
       a = -0.500      CL =  0.4732
      Cm = -0.1498     CD =  0.03683   =>   CDf =  0.00827    CDp =  0.02856

 Side 1  free  transition at x/c =  0.7395   62
 Side 2  free  transition at x/c =  0.1466   31

 130   rms: 0.3153E-02   max: -.2558E-01   T at   62  1
       a = -0.500      CL =  0.4754
      Cm = -0.1501     CD =  0.03671   =>   CDf =  0.00826    CDp =  0.02844

 Side 1  free  transition at x/c =  0.7397   63
 Side 2  free  transition at x/c =  0.1471   31

 131   rms: 0.1187E-01   max: 0.7031E-01   D at   62  1
       a = -0.500      CL =  0.4732
      Cm = -0.1498     CD =  0.03683   =>   CDf =  0.00827    CDp =  0.02856

 Side 1  free  transition at x/c =  0.7395   62
 Side 2  free  transition at x/c =  0.1466   31

 132   rms: 0.3153E-02   max: -.2559E-01   T at   62  1
       a = -0.500      CL =  0.4754
      Cm = -0.1501     CD =  0.03671   =>   CDf =  0.00826    CDp =  0.02844

 Side 1  free  transition at x/c =  0.7397   63
 Side 2  free  transition at x/c =  0.1471   31

 133   rms: 0.1188E-01   max: 0.7031E-01   D at   62  1
       a = -0.500      CL =  0.4732
      Cm = -0.1498     CD =  0.03683   =>   CDf =  0.00827    CDp =  0.02856

 Side 1  free  transition at x/c =  0.7395   62
 Side 2  free  transition at x/c =  0.1466   31

 134   rms: 0.3152E-02   max: -.2558E-01   T at   62  1
       a = -0.500      CL =  0.4754
      Cm = -0.1501     CD =  0.03671   =>   CDf =  0.00826    CDp =  0.02844

 Side 1  free  transition at x/c =  0.7397   63
 Side 2  free  transition at x/c =  0.1471   31

 135   rms: 0.1188E-01   max: 0.7031E-01   D at   62  1
       a = -0.500      CL =  0.4732
      Cm = -0.1498     CD =  0.03683   =>   CDf =  0.00827    CDp =  0.02856

 Side 1  free  transition at x/c =  0.7395   62
 Side 2  free  transition at x/c =  0.1466   31

 136   rms: 0.3152E-02   max: -.2557E-01   T at   62  1
       a = -0.500      CL =  0.4754
      Cm = -0.1501     CD =  0.03671   =>   CDf =  0.00826    CDp =  0.02844

 Side 1  free  transition at x/c =  0.7397   63
 Side 2  free  transition at x/c =  0.1471   31

 137   rms: 0.1187E-01   max: 0.7031E-01   D at   62  1
       a = -0.500      CL =  0.4732
      Cm = -0.1498     CD =  0.03683   =>   CDf =  0.00827    CDp =  0.02856

 Side 1  free  transition at x/c =  0.7395   62
 Side 2  free  transition at x/c =  0.1466   31

 138   rms: 0.3151E-02   max: -.2557E-01   T at   62  1
       a = -0.500      CL =  0.4754
      Cm = -0.1501     CD =  0.03671   =>   CDf =  0.00826    CDp =  0.02844

 Side 1  free  transition at x/c =  0.7397   63
 Side 2  free  transition at x/c =  0.1471   31

 139   rms: 0.1187E-01   max: 0.7031E-01   D at   62  1
       a = -0.500      CL =  0.4732
      Cm = -0.1498     CD =  0.03683   =>   CDf =  0.00827    CDp =  0.02856

 Side 1  free  transition at x/c =  0.7395   62
 Side 2  free  transition at x/c =  0.1466   31

 140   rms: 0.3153E-02   max: -.2558E-01   T at   62  1
       a = -0.500      CL =  0.4754
      Cm = -0.1501     CD =  0.03671   =>   CDf =  0.00826    CDp =  0.02844

 Side 1  free  transition at x/c =  0.7397   63
 Side 2  free  transition at x/c =  0.1471   31

 141   rms: 0.1188E-01   max: 0.7031E-01   D at   62  1
       a = -0.500      CL =  0.4732
      Cm = -0.1498     CD =  0.03683   =>   CDf =  0.00827    CDp =  0.02856

 Side 1  free  transition at x/c =  0.7395   62
 Side 2  free  transition at x/c =  0.1466   31

 142   rms: 0.3153E-02   max: -.2557E-01   T at   62  1
       a = -0.500      CL =  0.4754
      Cm = -0.1501     CD =  0.03671   =>   CDf =  0.00826    CDp =  0.02844

 Side 1  free  transition at x/c =  0.7397   63
 Side 2  free  transition at x/c =  0.1471   31

 143   rms: 0.1188E-01   max: 0.7031E-01   D at   62  1
       a = -0.500      CL =  0.4732
      Cm = -0.1498     CD =  0.03683   =>   CDf =  0.00827    CDp =  0.02856

 Side 1  free  transition at x/c =  0.7395   62
 Side 2  free  transition at x/c =  0.1466   31

 144   rms: 0.3153E-02   max: -.2558E-01   T at   62  1
       a = -0.500      CL =  0.4754
      Cm = -0.1501     CD =  0.03671   =>   CDf =  0.00826    CDp =  0.02844

 Side 1  free  transition at x/c =  0.7397   63
 Side 2  free  transition at x/c =  0.1471   31

 145   rms: 0.1188E-01   max: 0.7031E-01   D at   62  1
       a = -0.500      CL =  0.4732
      Cm = -0.1498     CD =  0.03683   =>   CDf =  0.00827    CDp =  0.02856

 Side 1  free  transition at x/c =  0.7395   62
 Side 2  free  transition at x/c =  0.1466   31

 146   rms: 0.3153E-02   max: -.2558E-01   T at   62  1
       a = -0.500      CL =  0.4754
      Cm = -0.1501     CD =  0.03671   =>   CDf =  0.00826    CDp =  0.02844

 Side 1  free  transition at x/c =  0.7397   63
 Side 2  free  transition at x/c =  0.1471   31

 147   rms: 0.1188E-01   max: 0.7031E-01   D at   62  1
       a = -0.500      CL =  0.4732
      Cm = -0.1498     CD =  0.03683   =>   CDf =  0.00827    CDp =  0.02856

 Side 1  free  transition at x/c =  0.7395   62
 Side 2  free  transition at x/c =  0.1466   31

 148   rms: 0.3152E-02   max: -.2557E-01   T at   62  1
       a = -0.500      CL =  0.4754
      Cm = -0.1501     CD =  0.03671   =>   CDf =  0.00826    CDp =  0.02844

 Side 1  free  transition at x/c =  0.7397   63
 Side 2  free  transition at x/c =  0.1471   31

 149   rms: 0.1188E-01   max: 0.7031E-01   D at   62  1
       a = -0.500      CL =  0.4732
      Cm = -0.1498     CD =  0.03683   =>   CDf =  0.00827    CDp =  0.02856

 Side 1  free  transition at x/c =  0.7395   62
 Side 2  free  transition at x/c =  0.1466   31

 150   rms: 0.3153E-02   max: -.2558E-01   T at   62  1
       a = -0.500      CL =  0.4754
      Cm = -0.1501     CD =  0.03671   =>   CDf =  0.00826    CDp =  0.02844

 Side 1  free  transition at x/c =  0.7397   63
 Side 2  free  transition at x/c =  0.1471   31

 151   rms: 0.1188E-01   max: 0.7031E-01   D at   62  1
       a = -0.500      CL =  0.4732
      Cm = -0.1498     CD =  0.03683   =>   CDf =  0.00827    CDp =  0.02856

 Side 1  free  transition at x/c =  0.7395   62
 Side 2  free  transition at x/c =  0.1466   31

 152   rms: 0.3152E-02   max: -.2558E-01   T at   62  1
       a = -0.500      CL =  0.4754
      Cm = -0.1501     CD =  0.03671   =>   CDf =  0.00826    CDp =  0.02844

 Side 1  free  transition at x/c =  0.7397   63
 Side 2  free  transition at x/c =  0.1471   31

 153   rms: 0.1188E-01   max: 0.7031E-01   D at   62  1
       a = -0.500      CL =  0.4732
      Cm = -0.1498     CD =  0.03683   =>   CDf =  0.00827    CDp =  0.02856

 Side 1  free  transition at x/c =  0.7395   62
 Side 2  free  transition at x/c =  0.1466   31

 154   rms: 0.3153E-02   max: -.2557E-01   T at   62  1
       a = -0.500      CL =  0.4754
      Cm = -0.1501     CD =  0.03671   =>   CDf =  0.00826    CDp =  0.02844

 Side 1  free  transition at x/c =  0.7397   63
 Side 2  free  transition at x/c =  0.1471   31

 155   rms: 0.1188E-01   max: 0.7031E-01   D at   62  1
       a = -0.500      CL =  0.4732
      Cm = -0.1498     CD =  0.03683   =>   CDf =  0.00827    CDp =  0.02856

 Side 1  free  transition at x/c =  0.7395   62
 Side 2  free  transition at x/c =  0.1466   31

 156   rms: 0.3151E-02   max: -.2557E-01   T at   62  1
       a = -0.500      CL =  0.4754
      Cm = -0.1501     CD =  0.03671   =>   CDf =  0.00826    CDp =  0.02844

 Side 1  free  transition at x/c =  0.7397   63
 Side 2  free  transition at x/c =  0.1471   31

 157   rms: 0.1187E-01   max: 0.7031E-01   D at   62  1
       a = -0.500      CL =  0.4732
      Cm = -0.1498     CD =  0.03683   =>   CDf =  0.00827    CDp =  0.02856

 Side 1  free  transition at x/c =  0.7395   62
 Side 2  free  transition at x/c =  0.1466   31

 158   rms: 0.3154E-02   max: -.2558E-01   T at   62  1
       a = -0.500      CL =  0.4754
      Cm = -0.1501     CD =  0.03671   =>   CDf =  0.00826    CDp =  0.02844

 Side 1  free  transition at x/c =  0.7397   63
 Side 2  free  transition at x/c =  0.1471   31

 159   rms: 0.1188E-01   max: 0.7031E-01   D at   62  1
       a = -0.500      CL =  0.4732
      Cm = -0.1498     CD =  0.03683   =>   CDf =  0.00827    CDp =  0.02856

 Side 1  free  transition at x/c =  0.7395   62
 Side 2  free  transition at x/c =  0.1466   31

 160   rms: 0.3152E-02   max: -.2558E-01   T at   62  1
       a = -0.500      CL =  0.4754
      Cm = -0.1501     CD =  0.03671   =>   CDf =  0.00826    CDp =  0.02844

 Side 1  free  transition at x/c =  0.7397   63
 Side 2  free  transition at x/c =  0.1471   31

 161   rms: 0.1187E-01   max: 0.7031E-01   D at   62  1
       a = -0.500      CL =  0.4732
      Cm = -0.1498     CD =  0.03683   =>   CDf =  0.00827    CDp =  0.02856

 Side 1  free  transition at x/c =  0.7395   62
 Side 2  free  transition at x/c =  0.1466   31

 162   rms: 0.3152E-02   max: -.2558E-01   T at   62  1
       a = -0.500      CL =  0.4754
      Cm = -0.1501     CD =  0.03671   =>   CDf =  0.00826    CDp =  0.02844

 Side 1  free  transition at x/c =  0.7397   63
 Side 2  free  transition at x/c =  0.1471   31

 163   rms: 0.1187E-01   max: 0.7031E-01   D at   62  1
       a = -0.500      CL =  0.4732
      Cm = -0.1498     CD =  0.03683   =>   CDf =  0.00827    CDp =  0.02856

 Side 1  free  transition at x/c =  0.7395   62
 Side 2  free  transition at x/c =  0.1466   31

 164   rms: 0.3153E-02   max: -.2558E-01   T at   62  1
       a = -0.500      CL =  0.4754
      Cm = -0.1501     CD =  0.03671   =>   CDf =  0.00826    CDp =  0.02844

 Side 1  free  transition at x/c =  0.7397   63
 Side 2  free  transition at x/c =  0.1471   31

 165   rms: 0.1188E-01   max: 0.7031E-01   D at   62  1
       a = -0.500      CL =  0.4732
      Cm = -0.1498     CD =  0.03683   =>   CDf =  0.00827    CDp =  0.02856

 Side 1  free  transition at x/c =  0.7395   62
 Side 2  free  transition at x/c =  0.1466   31

 166   rms: 0.3153E-02   max: -.2558E-01   T at   62  1
       a = -0.500      CL =  0.4754
      Cm = -0.1501     CD =  0.03671   =>   CDf =  0.00826    CDp =  0.02844

 Side 1  free  transition at x/c =  0.7397   63
 Side 2  free  transition at x/c =  0.1471   31

 167   rms: 0.1188E-01   max: 0.7031E-01   D at   62  1
       a = -0.500      CL =  0.4732
      Cm = -0.1498     CD =  0.03683   =>   CDf =  0.00827    CDp =  0.02856

 Side 1  free  transition at x/c =  0.7395   62
 Side 2  free  transition at x/c =  0.1466   31

 168   rms: 0.3153E-02   max: -.2557E-01   T at   62  1
       a = -0.500      CL =  0.4754
      Cm = -0.1501     CD =  0.03671   =>   CDf =  0.00826    CDp =  0.02844

 Side 1  free  transition at x/c =  0.7397   63
 Side 2  free  transition at x/c =  0.1471   31

 169   rms: 0.1188E-01   max: 0.7031E-01   D at   62  1
       a = -0.500      CL =  0.4732
      Cm = -0.1498     CD =  0.03683   =>   CDf =  0.00827    CDp =  0.02856

 Side 1  free  transition at x/c =  0.7395   62
 Side 2  free  transition at x/c =  0.1466   31

 170   rms: 0.3152E-02   max: -.2557E-01   T at   62  1
       a = -0.500      CL =  0.4754
      Cm = -0.1501     CD =  0.03671   =>   CDf =  0.00826    CDp =  0.02844

 Side 1  free  transition at x/c =  0.7397   63
 Side 2  free  transition at x/c =  0.1471   31

 171   rms: 0.1188E-01   max: 0.7031E-01   D at   62  1
       a = -0.500      CL =  0.4732
      Cm = -0.1498     CD =  0.03683   =>   CDf =  0.00827    CDp =  0.02856

 Side 1  free  transition at x/c =  0.7395   62
 Side 2  free  transition at x/c =  0.1466   31

 172   rms: 0.3153E-02   max: -.2558E-01   T at   62  1
       a = -0.500      CL =  0.4754
      Cm = -0.1501     CD =  0.03671   =>   CDf =  0.00826    CDp =  0.02844

 Side 1  free  transition at x/c =  0.7397   63
 Side 2  free  transition at x/c =  0.1471   31

 173   rms: 0.1188E-01   max: 0.7031E-01   D at   62  1
       a = -0.500      CL =  0.4732
      Cm = -0.1498     CD =  0.03683   =>   CDf =  0.00827    CDp =  0.02856

 Side 1  free  transition at x/c =  0.7395   62
 Side 2  free  transition at x/c =  0.1466   31

 174   rms: 0.3152E-02   max: -.2557E-01   T at   62  1
       a = -0.500      CL =  0.4754
      Cm = -0.1501     CD =  0.03671   =>   CDf =  0.00826    CDp =  0.02844

 Side 1  free  transition at x/c =  0.7397   63
 Side 2  free  transition at x/c =  0.1471   31

 175   rms: 0.1187E-01   max: 0.7031E-01   D at   62  1
       a = -0.500      CL =  0.4732
      Cm = -0.1498     CD =  0.03683   =>   CDf =  0.00827    CDp =  0.02856

 Side 1  free  transition at x/c =  0.7395   62
 Side 2  free  transition at x/c =  0.1466   31

 176   rms: 0.3152E-02   max: -.2558E-01   T at   62  1
       a = -0.500      CL =  0.4754
      Cm = -0.1501     CD =  0.03671   =>   CDf =  0.00826    CDp =  0.02844

 Side 1  free  transition at x/c =  0.7397   63
 Side 2  free  transition at x/c =  0.1471   31

 177   rms: 0.1187E-01   max: 0.7031E-01   D at   62  1
       a = -0.500      CL =  0.4732
      Cm = -0.1498     CD =  0.03683   =>   CDf =  0.00827    CDp =  0.02856

 Side 1  free  transition at x/c =  0.7395   62
 Side 2  free  transition at x/c =  0.1466   31

 178   rms: 0.3153E-02   max: -.2559E-01   T at   62  1
       a = -0.500      CL =  0.4754
      Cm = -0.1501     CD =  0.03671   =>   CDf =  0.00826    CDp =  0.02844

 Side 1  free  transition at x/c =  0.7397   63
 Side 2  free  transition at x/c =  0.1471   31

 179   rms: 0.1188E-01   max: 0.7031E-01   D at   62  1
       a = -0.500      CL =  0.4732
      Cm = -0.1498     CD =  0.03683   =>   CDf =  0.00827    CDp =  0.02856

 Side 1  free  transition at x/c =  0.7395   62
 Side 2  free  transition at x/c =  0.1466   31

 180   rms: 0.3152E-02   max: -.2558E-01   T at   62  1
       a = -0.500      CL =  0.4754
      Cm = -0.1501     CD =  0.03671   =>   CDf =  0.00826    CDp =  0.02844

 Side 1  free  transition at x/c =  0.7397   63
 Side 2  free  transition at x/c =  0.1471   31

 181   rms: 0.1187E-01   max: 0.7031E-01   D at   62  1
       a = -0.500      CL =  0.4732
      Cm = -0.1498     CD =  0.03683   =>   CDf =  0.00827    CDp =  0.02856

 Side 1  free  transition at x/c =  0.7395   62
 Side 2  free  transition at x/c =  0.1466   31

 182   rms: 0.3152E-02   max: -.2558E-01   T at   62  1
       a = -0.500      CL =  0.4754
      Cm = -0.1501     CD =  0.03671   =>   CDf =  0.00826    CDp =  0.02844

 Side 1  free  transition at x/c =  0.7397   63
 Side 2  free  transition at x/c =  0.1471   31

 183   rms: 0.1187E-01   max: 0.7031E-01   D at   62  1
       a = -0.500      CL =  0.4732
      Cm = -0.1498     CD =  0.03683   =>   CDf =  0.00827    CDp =  0.02856

 Side 1  free  transition at x/c =  0.7395   62
 Side 2  free  transition at x/c =  0.1466   31

 184   rms: 0.3153E-02   max: -.2558E-01   T at   62  1
       a = -0.500      CL =  0.4754
      Cm = -0.1501     CD =  0.03671   =>   CDf =  0.00826    CDp =  0.02844

 Side 1  free  transition at x/c =  0.7397   63
 Side 2  free  transition at x/c =  0.1471   31

 185   rms: 0.1187E-01   max: 0.7031E-01   D at   62  1
       a = -0.500      CL =  0.4732
      Cm = -0.1498     CD =  0.03683   =>   CDf =  0.00827    CDp =  0.02856

 Side 1  free  transition at x/c =  0.7395   62
 Side 2  free  transition at x/c =  0.1466   31

 186   rms: 0.3153E-02   max: -.2558E-01   T at   62  1
       a = -0.500      CL =  0.4754
      Cm = -0.1501     CD =  0.03671   =>   CDf =  0.00826    CDp =  0.02844

 Side 1  free  transition at x/c =  0.7397   63
 Side 2  free  transition at x/c =  0.1471   31

 187   rms: 0.1188E-01   max: 0.7031E-01   D at   62  1
       a = -0.500      CL =  0.4732
      Cm = -0.1498     CD =  0.03683   =>   CDf =  0.00827    CDp =  0.02856

 Side 1  free  transition at x/c =  0.7395   62
 Side 2  free  transition at x/c =  0.1466   31

 188   rms: 0.3153E-02   max: -.2558E-01   T at   62  1
       a = -0.500      CL =  0.4754
      Cm = -0.1501     CD =  0.03671   =>   CDf =  0.00826    CDp =  0.02844

 Side 1  free  transition at x/c =  0.7397   63
 Side 2  free  transition at x/c =  0.1471   31

 189   rms: 0.1188E-01   max: 0.7031E-01   D at   62  1
       a = -0.500      CL =  0.4732
      Cm = -0.1498     CD =  0.03683   =>   CDf =  0.00827    CDp =  0.02856

 Side 1  free  transition at x/c =  0.7395   62
 Side 2  free  transition at x/c =  0.1466   31

 190   rms: 0.3153E-02   max: -.2557E-01   T at   62  1
       a = -0.500      CL =  0.4754
      Cm = -0.1501     CD =  0.03671   =>   CDf =  0.00826    CDp =  0.02844

 Side 1  free  transition at x/c =  0.7397   63
 Side 2  free  transition at x/c =  0.1471   31

 191   rms: 0.1187E-01   max: 0.7031E-01   D at   62  1
       a = -0.500      CL =  0.4732
      Cm = -0.1498     CD =  0.03683   =>   CDf =  0.00827    CDp =  0.02856

 Side 1  free  transition at x/c =  0.7395   62
 Side 2  free  transition at x/c =  0.1466   31

 192   rms: 0.3152E-02   max: -.2558E-01   T at   62  1
       a = -0.500      CL =  0.4754
      Cm = -0.1501     CD =  0.03671   =>   CDf =  0.00826    CDp =  0.02844

 Side 1  free  transition at x/c =  0.7397   63
 Side 2  free  transition at x/c =  0.1471   31

 193   rms: 0.1187E-01   max: 0.7031E-01   D at   62  1
       a = -0.500      CL =  0.4732
      Cm = -0.1498     CD =  0.03683   =>   CDf =  0.00827    CDp =  0.02856

 Side 1  free  transition at x/c =  0.7395   62
 Side 2  free  transition at x/c =  0.1466   31

 194   rms: 0.3153E-02   max: -.2558E-01   T at   62  1
       a = -0.500      CL =  0.4754
      Cm = -0.1501     CD =  0.03671   =>   CDf =  0.00826    CDp =  0.02844

 Side 1  free  transition at x/c =  0.7397   63
 Side 2  free  transition at x/c =  0.1471   31

 195   rms: 0.1188E-01   max: 0.7031E-01   D at   62  1
       a = -0.500      CL =  0.4732
      Cm = -0.1498     CD =  0.03683   =>   CDf =  0.00827    CDp =  0.02856

 Side 1  free  transition at x/c =  0.7395   62
 Side 2  free  transition at x/c =  0.1466   31

 196   rms: 0.3152E-02   max: -.2557E-01   T at   62  1
       a = -0.500      CL =  0.4754
      Cm = -0.1501     CD =  0.03671   =>   CDf =  0.00826    CDp =  0.02844

 Side 1  free  transition at x/c =  0.7397   63
 Side 2  free  transition at x/c =  0.1471   31

 197   rms: 0.1187E-01   max: 0.7031E-01   D at   62  1
       a = -0.500      CL =  0.4732
      Cm = -0.1498     CD =  0.03683   =>   CDf =  0.00827    CDp =  0.02856

 Side 1  free  transition at x/c =  0.7395   62
 Side 2  free  transition at x/c =  0.1466   31

 198   rms: 0.3152E-02   max: -.2557E-01   T at   62  1
       a = -0.500      CL =  0.4754
      Cm = -0.1501     CD =  0.03671   =>   CDf =  0.00826    CDp =  0.02844

 Side 1  free  transition at x/c =  0.7397   63
 Side 2  free  transition at x/c =  0.1471   31

 199   rms: 0.1187E-01   max: 0.7031E-01   D at   62  1
       a = -0.500      CL =  0.4732
      Cm = -0.1498     CD =  0.03683   =>   CDf =  0.00827    CDp =  0.02856

 Side 1  free  transition at x/c =  0.7395   62
 Side 2  free  transition at x/c =  0.1466   31

 200   rms: 0.3153E-02   max: -.2558E-01   T at   62  1
       a = -0.500      CL =  0.4754
      Cm = -0.1501     CD =  0.03671   =>   CDf =  0.00826    CDp =  0.02844

 Side 1  free  transition at x/c =  0.7397   63
 Side 2  free  transition at x/c =  0.1471   31

 201   rms: 0.1187E-01   max: 0.7031E-01   D at   62  1
       a = -0.500      CL =  0.4732
      Cm = -0.1498     CD =  0.03683   =>   CDf =  0.00827    CDp =  0.02856

 Side 1  free  transition at x/c =  0.7395   62
 Side 2  free  transition at x/c =  0.1466   31

 202   rms: 0.3153E-02   max: -.2558E-01   T at   62  1
       a = -0.500      CL =  0.4754
      Cm = -0.1501     CD =  0.03671   =>   CDf =  0.00826    CDp =  0.02844

 Side 1  free  transition at x/c =  0.7397   63
 Side 2  free  transition at x/c =  0.1471   31

 203   rms: 0.1187E-01   max: 0.7031E-01   D at   62  1
       a = -0.500      CL =  0.4732
      Cm = -0.1498     CD =  0.03683   =>   CDf =  0.00827    CDp =  0.02856

 Side 1  free  transition at x/c =  0.7395   62
 Side 2  free  transition at x/c =  0.1466   31

 204   rms: 0.3152E-02   max: -.2558E-01   T at   62  1
       a = -0.500      CL =  0.4754
      Cm = -0.1501     CD =  0.03671   =>   CDf =  0.00826    CDp =  0.02844

 Side 1  free  transition at x/c =  0.7397   63
 Side 2  free  transition at x/c =  0.1471   31

 205   rms: 0.1187E-01   max: 0.7031E-01   D at   62  1
       a = -0.500      CL =  0.4732
      Cm = -0.1498     CD =  0.03683   =>   CDf =  0.00827    CDp =  0.02856

 Side 1  free  transition at x/c =  0.7395   62
 Side 2  free  transition at x/c =  0.1466   31

 206   rms: 0.3152E-02   max: -.2558E-01   T at   62  1
       a = -0.500      CL =  0.4754
      Cm = -0.1501     CD =  0.03671   =>   CDf =  0.00826    CDp =  0.02844

 Side 1  free  transition at x/c =  0.7397   63
 Side 2  free  transition at x/c =  0.1471   31

 207   rms: 0.1188E-01   max: 0.7031E-01   D at   62  1
       a = -0.500      CL =  0.4732
      Cm = -0.1498     CD =  0.03683   =>   CDf =  0.00827    CDp =  0.02856

 Side 1  free  transition at x/c =  0.7395   62
 Side 2  free  transition at x/c =  0.1466   31

 208   rms: 0.3152E-02   max: -.2557E-01   T at   62  1
       a = -0.500      CL =  0.4754
      Cm = -0.1501     CD =  0.03671   =>   CDf =  0.00826    CDp =  0.02844

 Side 1  free  transition at x/c =  0.7397   63
 Side 2  free  transition at x/c =  0.1471   31

 209   rms: 0.1188E-01   max: 0.7031E-01   D at   62  1
       a = -0.500      CL =  0.4732
      Cm = -0.1498     CD =  0.03683   =>   CDf =  0.00827    CDp =  0.02856

 Side 1  free  transition at x/c =  0.7395   62
 Side 2  free  transition at x/c =  0.1466   31

 210   rms: 0.3153E-02   max: -.2558E-01   T at   62  1
       a = -0.500      CL =  0.4754
      Cm = -0.1501     CD =  0.03671   =>   CDf =  0.00826    CDp =  0.02844

 Side 1  free  transition at x/c =  0.7397   63
 Side 2  free  transition at x/c =  0.1471   31

 211   rms: 0.1188E-01   max: 0.7031E-01   D at   62  1
       a = -0.500      CL =  0.4732
      Cm = -0.1498     CD =  0.03683   =>   CDf =  0.00827    CDp =  0.02856

 Side 1  free  transition at x/c =  0.7395   62
 Side 2  free  transition at x/c =  0.1466   31

 212   rms: 0.3153E-02   max: -.2558E-01   T at   62  1
       a = -0.500      CL =  0.4754
      Cm = -0.1501     CD =  0.03671   =>   CDf =  0.00826    CDp =  0.02844

 Side 1  free  transition at x/c =  0.7397   63
 Side 2  free  transition at x/c =  0.1471   31

 213   rms: 0.1188E-01   max: 0.7031E-01   D at   62  1
       a = -0.500      CL =  0.4732
      Cm = -0.1498     CD =  0.03683   =>   CDf =  0.00827    CDp =  0.02856

 Side 1  free  transition at x/c =  0.7395   62
 Side 2  free  transition at x/c =  0.1466   31

 214   rms: 0.3152E-02   max: -.2558E-01   T at   62  1
       a = -0.500      CL =  0.4754
      Cm = -0.1501     CD =  0.03671   =>   CDf =  0.00826    CDp =  0.02844

 Side 1  free  transition at x/c =  0.7397   63
 Side 2  free  transition at x/c =  0.1471   31

 215   rms: 0.1187E-01   max: 0.7031E-01   D at   62  1
       a = -0.500      CL =  0.4732
      Cm = -0.1498     CD =  0.03683   =>   CDf =  0.00827    CDp =  0.02856

 Side 1  free  transition at x/c =  0.7395   62
 Side 2  free  transition at x/c =  0.1466   31

 216   rms: 0.3153E-02   max: -.2559E-01   T at   62  1
       a = -0.500      CL =  0.4754
      Cm = -0.1501     CD =  0.03671   =>   CDf =  0.00826    CDp =  0.02844

 Side 1  free  transition at x/c =  0.7397   63
 Side 2  free  transition at x/c =  0.1471   31

 217   rms: 0.1187E-01   max: 0.7031E-01   D at   62  1
       a = -0.500      CL =  0.4732
      Cm = -0.1498     CD =  0.03683   =>   CDf =  0.00827    CDp =  0.02856

 Side 1  free  transition at x/c =  0.7395   62
 Side 2  free  transition at x/c =  0.1466   31

 218   rms: 0.3153E-02   max: -.2559E-01   T at   62  1
       a = -0.500      CL =  0.4754
      Cm = -0.1501     CD =  0.03671   =>   CDf =  0.00826    CDp =  0.02844

 Side 1  free  transition at x/c =  0.7397   63
 Side 2  free  transition at x/c =  0.1471   31

 219   rms: 0.1187E-01   max: 0.7031E-01   D at   62  1
       a = -0.500      CL =  0.4732
      Cm = -0.1498     CD =  0.03683   =>   CDf =  0.00827    CDp =  0.02856

 Side 1  free  transition at x/c =  0.7395   62
 Side 2  free  transition at x/c =  0.1466   31

 220   rms: 0.3152E-02   max: -.2558E-01   T at   62  1
       a = -0.500      CL =  0.4754
      Cm = -0.1501     CD =  0.03671   =>   CDf =  0.00826    CDp =  0.02844

 Side 1  free  transition at x/c =  0.7397   63
 Side 2  free  transition at x/c =  0.1471   31

 221   rms: 0.1187E-01   max: 0.7031E-01   D at   62  1
       a = -0.500      CL =  0.4732
      Cm = -0.1498     CD =  0.03683   =>   CDf =  0.00827    CDp =  0.02856

 Side 1  free  transition at x/c =  0.7395   62
 Side 2  free  transition at x/c =  0.1466   31

 222   rms: 0.3153E-02   max: -.2558E-01   T at   62  1
       a = -0.500      CL =  0.4754
      Cm = -0.1501     CD =  0.03671   =>   CDf =  0.00826    CDp =  0.02844

 Side 1  free  transition at x/c =  0.7397   63
 Side 2  free  transition at x/c =  0.1471   31

 223   rms: 0.1188E-01   max: 0.7031E-01   D at   62  1
       a = -0.500      CL =  0.4732
      Cm = -0.1498     CD =  0.03683   =>   CDf =  0.00827    CDp =  0.02856

 Side 1  free  transition at x/c =  0.7395   62
 Side 2  free  transition at x/c =  0.1466   31

 224   rms: 0.3152E-02   max: -.2557E-01   T at   62  1
       a = -0.500      CL =  0.4754
      Cm = -0.1501     CD =  0.03671   =>   CDf =  0.00826    CDp =  0.02844

 Side 1  free  transition at x/c =  0.7397   63
 Side 2  free  transition at x/c =  0.1471   31

 225   rms: 0.1188E-01   max: 0.7031E-01   D at   62  1
       a = -0.500      CL =  0.4732
      Cm = -0.1498     CD =  0.03683   =>   CDf =  0.00827    CDp =  0.02856

 Side 1  free  transition at x/c =  0.7395   62
 Side 2  free  transition at x/c =  0.1466   31

 226   rms: 0.3153E-02   max: -.2558E-01   T at   62  1
       a = -0.500      CL =  0.4754
      Cm = -0.1501     CD =  0.03671   =>   CDf =  0.00826    CDp =  0.02844

 Side 1  free  transition at x/c =  0.7397   63
 Side 2  free  transition at x/c =  0.1471   31

 227   rms: 0.1188E-01   max: 0.7031E-01   D at   62  1
       a = -0.500      CL =  0.4732
      Cm = -0.1498     CD =  0.03683   =>   CDf =  0.00827    CDp =  0.02856

 Side 1  free  transition at x/c =  0.7395   62
 Side 2  free  transition at x/c =  0.1466   31

 228   rms: 0.3152E-02   max: -.2557E-01   T at   62  1
       a = -0.500      CL =  0.4754
      Cm = -0.1501     CD =  0.03671   =>   CDf =  0.00826    CDp =  0.02844

 Side 1  free  transition at x/c =  0.7397   63
 Side 2  free  transition at x/c =  0.1471   31

 229   rms: 0.1188E-01   max: 0.7031E-01   D at   62  1
       a = -0.500      CL =  0.4732
      Cm = -0.1498     CD =  0.03683   =>   CDf =  0.00827    CDp =  0.02856

 Side 1  free  transition at x/c =  0.7395   62
 Side 2  free  transition at x/c =  0.1466   31

 230   rms: 0.3152E-02   max: -.2557E-01   T at   62  1
       a = -0.500      CL =  0.4754
      Cm = -0.1501     CD =  0.03671   =>   CDf =  0.00826    CDp =  0.02844

 Side 1  free  transition at x/c =  0.7397   63
 Side 2  free  transition at x/c =  0.1471   31

 231   rms: 0.1188E-01   max: 0.7031E-01   D at   62  1
       a = -0.500      CL =  0.4732
      Cm = -0.1498     CD =  0.03683   =>   CDf =  0.00827    CDp =  0.02856

 Side 1  free  transition at x/c =  0.7395   62
 Side 2  free  transition at x/c =  0.1466   31

 232   rms: 0.3153E-02   max: -.2558E-01   T at   62  1
       a = -0.500      CL =  0.4754
      Cm = -0.1501     CD =  0.03671   =>   CDf =  0.00826    CDp =  0.02844

 Side 1  free  transition at x/c =  0.7397   63
 Side 2  free  transition at x/c =  0.1471   31

 233   rms: 0.1188E-01   max: 0.7031E-01   D at   62  1
       a = -0.500      CL =  0.4732
      Cm = -0.1498     CD =  0.03683   =>   CDf =  0.00827    CDp =  0.02856

 Side 1  free  transition at x/c =  0.7395   62
 Side 2  free  transition at x/c =  0.1466   31

 234   rms: 0.3153E-02   max: -.2557E-01   T at   62  1
       a = -0.500      CL =  0.4754
      Cm = -0.1501     CD =  0.03671   =>   CDf =  0.00826    CDp =  0.02844

 Side 1  free  transition at x/c =  0.7397   63
 Side 2  free  transition at x/c =  0.1471   31

 235   rms: 0.1188E-01   max: 0.7031E-01   D at   62  1
       a = -0.500      CL =  0.4732
      Cm = -0.1498     CD =  0.03683   =>   CDf =  0.00827    CDp =  0.02856

 Side 1  free  transition at x/c =  0.7395   62
 Side 2  free  transition at x/c =  0.1466   31

 236   rms: 0.3153E-02   max: -.2558E-01   T at   62  1
       a = -0.500      CL =  0.4754
      Cm = -0.1501     CD =  0.03671   =>   CDf =  0.00826    CDp =  0.02844

 Side 1  free  transition at x/c =  0.7397   63
 Side 2  free  transition at x/c =  0.1471   31

 237   rms: 0.1187E-01   max: 0.7031E-01   D at   62  1
       a = -0.500      CL =  0.4732
      Cm = -0.1498     CD =  0.03683   =>   CDf =  0.00827    CDp =  0.02856

 Side 1  free  transition at x/c =  0.7395   62
 Side 2  free  transition at x/c =  0.1466   31

 238   rms: 0.3154E-02   max: -.2559E-01   T at   62  1
       a = -0.500      CL =  0.4754
      Cm = -0.1501     CD =  0.03671   =>   CDf =  0.00826    CDp =  0.02844

 Side 1  free  transition at x/c =  0.7397   63
 Side 2  free  transition at x/c =  0.1471   31

 239   rms: 0.1188E-01   max: 0.7031E-01   D at   62  1
       a = -0.500      CL =  0.4732
      Cm = -0.1498     CD =  0.03683   =>   CDf =  0.00827    CDp =  0.02856

 Side 1  free  transition at x/c =  0.7395   62
 Side 2  free  transition at x/c =  0.1466   31

 240   rms: 0.3152E-02   max: -.2558E-01   T at   62  1
       a = -0.500      CL =  0.4754
      Cm = -0.1501     CD =  0.03671   =>   CDf =  0.00826    CDp =  0.02844

 Side 1  free  transition at x/c =  0.7397   63
 Side 2  free  transition at x/c =  0.1471   31

 241   rms: 0.1187E-01   max: 0.7031E-01   D at   62  1
       a = -0.500      CL =  0.4732
      Cm = -0.1498     CD =  0.03683   =>   CDf =  0.00827    CDp =  0.02856

 Side 1  free  transition at x/c =  0.7395   62
 Side 2  free  transition at x/c =  0.1466   31

 242   rms: 0.3151E-02   max: -.2557E-01   T at   62  1
       a = -0.500      CL =  0.4754
      Cm = -0.1501     CD =  0.03671   =>   CDf =  0.00826    CDp =  0.02844

 Side 1  free  transition at x/c =  0.7397   63
 Side 2  free  transition at x/c =  0.1471   31

 243   rms: 0.1187E-01   max: 0.7031E-01   D at   62  1
       a = -0.500      CL =  0.4732
      Cm = -0.1498     CD =  0.03683   =>   CDf =  0.00827    CDp =  0.02856

 Side 1  free  transition at x/c =  0.7395   62
 Side 2  free  transition at x/c =  0.1466   31

 244   rms: 0.3152E-02   max: -.2558E-01   T at   62  1
       a = -0.500      CL =  0.4754
      Cm = -0.1501     CD =  0.03671   =>   CDf =  0.00826    CDp =  0.02844

 Side 1  free  transition at x/c =  0.7397   63
 Side 2  free  transition at x/c =  0.1471   31

 245   rms: 0.1188E-01   max: 0.7031E-01   D at   62  1
       a = -0.500      CL =  0.4732
      Cm = -0.1498     CD =  0.03683   =>   CDf =  0.00827    CDp =  0.02856

 Side 1  free  transition at x/c =  0.7395   62
 Side 2  free  transition at x/c =  0.1466   31

 246   rms: 0.3154E-02   max: -.2558E-01   T at   62  1
       a = -0.500      CL =  0.4754
      Cm = -0.1501     CD =  0.03671   =>   CDf =  0.00826    CDp =  0.02844

 Side 1  free  transition at x/c =  0.7397   63
 Side 2  free  transition at x/c =  0.1471   31

 247   rms: 0.1188E-01   max: 0.7031E-01   D at   62  1
       a = -0.500      CL =  0.4732
      Cm = -0.1498     CD =  0.03683   =>   CDf =  0.00827    CDp =  0.02856

 Side 1  free  transition at x/c =  0.7395   62
 Side 2  free  transition at x/c =  0.1466   31

 248   rms: 0.3152E-02   max: -.2558E-01   T at   62  1
       a = -0.500      CL =  0.4754
      Cm = -0.1501     CD =  0.03671   =>   CDf =  0.00826    CDp =  0.02844

 Side 1  free  transition at x/c =  0.7397   63
 Side 2  free  transition at x/c =  0.1471   31

 249   rms: 0.1187E-01   max: 0.7031E-01   D at   62  1
       a = -0.500      CL =  0.4732
      Cm = -0.1498     CD =  0.03683   =>   CDf =  0.00827    CDp =  0.02856

 Side 1  free  transition at x/c =  0.7395   62
 Side 2  free  transition at x/c =  0.1466   31

 250   rms: 0.3153E-02   max: -.2558E-01   T at   62  1
       a = -0.500      CL =  0.4754
      Cm = -0.1501     CD =  0.03671   =>   CDf =  0.00826    CDp =  0.02844

 Side 1  free  transition at x/c =  0.7397   63
 Side 2  free  transition at x/c =  0.1471   31

 251   rms: 0.1188E-01   max: 0.7031E-01   D at   62  1
       a = -0.500      CL =  0.4732
      Cm = -0.1498     CD =  0.03683   =>   CDf =  0.00827    CDp =  0.02856

 Side 1  free  transition at x/c =  0.7395   62
 Side 2  free  transition at x/c =  0.1466   31

 252   rms: 0.3152E-02   max: -.2557E-01   T at   62  1
       a = -0.500      CL =  0.4754
      Cm = -0.1501     CD =  0.03671   =>   CDf =  0.00826    CDp =  0.02844

 Side 1  free  transition at x/c =  0.7397   63
 Side 2  free  transition at x/c =  0.1471   31

 253   rms: 0.1187E-01   max: 0.7031E-01   D at   62  1
       a = -0.500      CL =  0.4732
      Cm = -0.1498     CD =  0.03683   =>   CDf =  0.00827    CDp =  0.02856

 Side 1  free  transition at x/c =  0.7395   62
 Side 2  free  transition at x/c =  0.1466   31

 254   rms: 0.3153E-02   max: -.2558E-01   T at   62  1
       a = -0.500      CL =  0.4754
      Cm = -0.1501     CD =  0.03671   =>   CDf =  0.00826    CDp =  0.02844

 Side 1  free  transition at x/c =  0.7397   63
 Side 2  free  transition at x/c =  0.1471   31

 255   rms: 0.1188E-01   max: 0.7031E-01   D at   62  1
       a = -0.500      CL =  0.4732
      Cm = -0.1498     CD =  0.03683   =>   CDf =  0.00827    CDp =  0.02856

 Side 1  free  transition at x/c =  0.7395   62
 Side 2  free  transition at x/c =  0.1466   31

 256   rms: 0.3153E-02   max: -.2558E-01   T at   62  1
       a = -0.500      CL =  0.4754
      Cm = -0.1501     CD =  0.03671   =>   CDf =  0.00826    CDp =  0.02844

 Side 1  free  transition at x/c =  0.7397   63
 Side 2  free  transition at x/c =  0.1471   31

 257   rms: 0.1187E-01   max: 0.7031E-01   D at   62  1
       a = -0.500      CL =  0.4732
      Cm = -0.1498     CD =  0.03683   =>   CDf =  0.00827    CDp =  0.02856

 Side 1  free  transition at x/c =  0.7395   62
 Side 2  free  transition at x/c =  0.1466   31

 258   rms: 0.3153E-02   max: -.2558E-01   T at   62  1
       a = -0.500      CL =  0.4754
      Cm = -0.1501     CD =  0.03671   =>   CDf =  0.00826    CDp =  0.02844

 Side 1  free  transition at x/c =  0.7397   63
 Side 2  free  transition at x/c =  0.1471   31

 259   rms: 0.1188E-01   max: 0.7031E-01   D at   62  1
       a = -0.500      CL =  0.4732
      Cm = -0.1498     CD =  0.03683   =>   CDf =  0.00827    CDp =  0.02856

 Side 1  free  transition at x/c =  0.7395   62
 Side 2  free  transition at x/c =  0.1466   31

 260   rms: 0.3153E-02   max: -.2559E-01   T at   62  1
       a = -0.500      CL =  0.4754
      Cm = -0.1501     CD =  0.03671   =>   CDf =  0.00826    CDp =  0.02844

 Side 1  free  transition at x/c =  0.7397   63
 Side 2  free  transition at x/c =  0.1471   31

 261   rms: 0.1187E-01   max: 0.7031E-01   D at   62  1
       a = -0.500      CL =  0.4732
      Cm = -0.1498     CD =  0.03683   =>   CDf =  0.00827    CDp =  0.02856

 Side 1  free  transition at x/c =  0.7395   62
 Side 2  free  transition at x/c =  0.1466   31

 262   rms: 0.3152E-02   max: -.2557E-01   T at   62  1
       a = -0.500      CL =  0.4754
      Cm = -0.1501     CD =  0.03671   =>   CDf =  0.00826    CDp =  0.02844

 Side 1  free  transition at x/c =  0.7397   63
 Side 2  free  transition at x/c =  0.1471   31

 263   rms: 0.1188E-01   max: 0.7031E-01   D at   62  1
       a = -0.500      CL =  0.4732
      Cm = -0.1498     CD =  0.03683   =>   CDf =  0.00827    CDp =  0.02856

 Side 1  free  transition at x/c =  0.7395   62
 Side 2  free  transition at x/c =  0.1466   31

 264   rms: 0.3153E-02   max: -.2558E-01   T at   62  1
       a = -0.500      CL =  0.4754
      Cm = -0.1501     CD =  0.03671   =>   CDf =  0.00826    CDp =  0.02844

 Side 1  free  transition at x/c =  0.7397   63
 Side 2  free  transition at x/c =  0.1471   31

 265   rms: 0.1188E-01   max: 0.7031E-01   D at   62  1
       a = -0.500      CL =  0.4732
      Cm = -0.1498     CD =  0.03683   =>   CDf =  0.00827    CDp =  0.02856

 Side 1  free  transition at x/c =  0.7395   62
 Side 2  free  transition at x/c =  0.1466   31

 266   rms: 0.3152E-02   max: -.2558E-01   T at   62  1
       a = -0.500      CL =  0.4754
      Cm = -0.1501     CD =  0.03671   =>   CDf =  0.00826    CDp =  0.02844

 Side 1  free  transition at x/c =  0.7397   63
 Side 2  free  transition at x/c =  0.1471   31

 267   rms: 0.1187E-01   max: 0.7031E-01   D at   62  1
       a = -0.500      CL =  0.4732
      Cm = -0.1498     CD =  0.03683   =>   CDf =  0.00827    CDp =  0.02856

 Side 1  free  transition at x/c =  0.7395   62
 Side 2  free  transition at x/c =  0.1466   31

 268   rms: 0.3153E-02   max: -.2558E-01   T at   62  1
       a = -0.500      CL =  0.4754
      Cm = -0.1501     CD =  0.03671   =>   CDf =  0.00826    CDp =  0.02844

 Side 1  free  transition at x/c =  0.7397   63
 Side 2  free  transition at x/c =  0.1471   31

 269   rms: 0.1188E-01   max: 0.7031E-01   D at   62  1
       a = -0.500      CL =  0.4732
      Cm = -0.1498     CD =  0.03683   =>   CDf =  0.00827    CDp =  0.02856

 Side 1  free  transition at x/c =  0.7395   62
 Side 2  free  transition at x/c =  0.1466   31

 270   rms: 0.3153E-02   max: -.2558E-01   T at   62  1
       a = -0.500      CL =  0.4754
      Cm = -0.1501     CD =  0.03671   =>   CDf =  0.00826    CDp =  0.02844

 Side 1  free  transition at x/c =  0.7397   63
 Side 2  free  transition at x/c =  0.1471   31

 271   rms: 0.1188E-01   max: 0.7031E-01   D at   62  1
       a = -0.500      CL =  0.4732
      Cm = -0.1498     CD =  0.03683   =>   CDf =  0.00827    CDp =  0.02856

 Side 1  free  transition at x/c =  0.7395   62
 Side 2  free  transition at x/c =  0.1466   31

 272   rms: 0.3151E-02   max: -.2557E-01   T at   62  1
       a = -0.500      CL =  0.4754
      Cm = -0.1501     CD =  0.03671   =>   CDf =  0.00826    CDp =  0.02844

 Side 1  free  transition at x/c =  0.7397   63
 Side 2  free  transition at x/c =  0.1471   31

 273   rms: 0.1187E-01   max: 0.7031E-01   D at   62  1
       a = -0.500      CL =  0.4732
      Cm = -0.1498     CD =  0.03683   =>   CDf =  0.00827    CDp =  0.02856

 Side 1  free  transition at x/c =  0.7395   62
 Side 2  free  transition at x/c =  0.1466   31

 274   rms: 0.3152E-02   max: -.2558E-01   T at   62  1
       a = -0.500      CL =  0.4754
      Cm = -0.1501     CD =  0.03671   =>   CDf =  0.00826    CDp =  0.02844

 Side 1  free  transition at x/c =  0.7397   63
 Side 2  free  transition at x/c =  0.1471   31

 275   rms: 0.1187E-01   max: 0.7031E-01   D at   62  1
       a = -0.500      CL =  0.4732
      Cm = -0.1498     CD =  0.03683   =>   CDf =  0.00827    CDp =  0.02856

 Side 1  free  transition at x/c =  0.7395   62
 Side 2  free  transition at x/c =  0.1466   31

 276   rms: 0.3153E-02   max: -.2559E-01   T at   62  1
       a = -0.500      CL =  0.4754
      Cm = -0.1501     CD =  0.03671   =>   CDf =  0.00826    CDp =  0.02844

 Side 1  free  transition at x/c =  0.7397   63
 Side 2  free  transition at x/c =  0.1471   31

 277   rms: 0.1187E-01   max: 0.7031E-01   D at   62  1
       a = -0.500      CL =  0.4732
      Cm = -0.1498     CD =  0.03683   =>   CDf =  0.00827    CDp =  0.02856

 Side 1  free  transition at x/c =  0.7395   62
 Side 2  free  transition at x/c =  0.1466   31

 278   rms: 0.3153E-02   max: -.2558E-01   T at   62  1
       a = -0.500      CL =  0.4754
      Cm = -0.1501     CD =  0.03671   =>   CDf =  0.00826    CDp =  0.02844

 Side 1  free  transition at x/c =  0.7397   63
 Side 2  free  transition at x/c =  0.1471   31

 279   rms: 0.1187E-01   max: 0.7031E-01   D at   62  1
       a = -0.500      CL =  0.4732
      Cm = -0.1498     CD =  0.03683   =>   CDf =  0.00827    CDp =  0.02856

 Side 1  free  transition at x/c =  0.7395   62
 Side 2  free  transition at x/c =  0.1466   31

 280   rms: 0.3152E-02   max: -.2558E-01   T at   62  1
       a = -0.500      CL =  0.4754
      Cm = -0.1501     CD =  0.03671   =>   CDf =  0.00826    CDp =  0.02844

 Side 1  free  transition at x/c =  0.7397   63
 Side 2  free  transition at x/c =  0.1471   31

 281   rms: 0.1187E-01   max: 0.7031E-01   D at   62  1
       a = -0.500      CL =  0.4732
      Cm = -0.1498     CD =  0.03683   =>   CDf =  0.00827    CDp =  0.02856

 Side 1  free  transition at x/c =  0.7395   62
 Side 2  free  transition at x/c =  0.1466   31

 282   rms: 0.3153E-02   max: -.2558E-01   T at   62  1
       a = -0.500      CL =  0.4754
      Cm = -0.1501     CD =  0.03671   =>   CDf =  0.00826    CDp =  0.02844

 Side 1  free  transition at x/c =  0.7397   63
 Side 2  free  transition at x/c =  0.1471   31

 283   rms: 0.1188E-01   max: 0.7031E-01   D at   62  1
       a = -0.500      CL =  0.4732
      Cm = -0.1498     CD =  0.03683   =>   CDf =  0.00827    CDp =  0.02856

 Side 1  free  transition at x/c =  0.7395   62
 Side 2  free  transition at x/c =  0.1466   31

 284   rms: 0.3153E-02   max: -.2558E-01   T at   62  1
       a = -0.500      CL =  0.4754
      Cm = -0.1501     CD =  0.03671   =>   CDf =  0.00826    CDp =  0.02844

 Side 1  free  transition at x/c =  0.7397   63
 Side 2  free  transition at x/c =  0.1471   31

 285   rms: 0.1188E-01   max: 0.7031E-01   D at   62  1
       a = -0.500      CL =  0.4732
      Cm = -0.1498     CD =  0.03683   =>   CDf =  0.00827    CDp =  0.02856

 Side 1  free  transition at x/c =  0.7395   62
 Side 2  free  transition at x/c =  0.1466   31

 286   rms: 0.3152E-02   max: -.2557E-01   T at   62  1
       a = -0.500      CL =  0.4754
      Cm = -0.1501     CD =  0.03671   =>   CDf =  0.00826    CDp =  0.02844

 Side 1  free  transition at x/c =  0.7397   63
 Side 2  free  transition at x/c =  0.1471   31

 287   rms: 0.1187E-01   max: 0.7031E-01   D at   62  1
       a = -0.500      CL =  0.4732
      Cm = -0.1498     CD =  0.03683   =>   CDf =  0.00827    CDp =  0.02856

 Side 1  free  transition at x/c =  0.7395   62
 Side 2  free  transition at x/c =  0.1466   31

 288   rms: 0.3153E-02   max: -.2559E-01   T at   62  1
       a = -0.500      CL =  0.4754
      Cm = -0.1501     CD =  0.03671   =>   CDf =  0.00826    CDp =  0.02844

 Side 1  free  transition at x/c =  0.7397   63
 Side 2  free  transition at x/c =  0.1471   31

 289   rms: 0.1187E-01   max: 0.7031E-01   D at   62  1
       a = -0.500      CL =  0.4732
      Cm = -0.1498     CD =  0.03683   =>   CDf =  0.00827    CDp =  0.02856

 Side 1  free  transition at x/c =  0.7395   62
 Side 2  free  transition at x/c =  0.1466   31

 290   rms: 0.3152E-02   max: -.2557E-01   T at   62  1
       a = -0.500      CL =  0.4754
      Cm = -0.1501     CD =  0.03671   =>   CDf =  0.00826    CDp =  0.02844

 Side 1  free  transition at x/c =  0.7397   63
 Side 2  free  transition at x/c =  0.1471   31

 291   rms: 0.1187E-01   max: 0.7031E-01   D at   62  1
       a = -0.500      CL =  0.4732
      Cm = -0.1498     CD =  0.03683   =>   CDf =  0.00827    CDp =  0.02856

 Side 1  free  transition at x/c =  0.7395   62
 Side 2  free  transition at x/c =  0.1466   31

 292   rms: 0.3153E-02   max: -.2558E-01   T at   62  1
       a = -0.500      CL =  0.4754
      Cm = -0.1501     CD =  0.03671   =>   CDf =  0.00826    CDp =  0.02844

 Side 1  free  transition at x/c =  0.7397   63
 Side 2  free  transition at x/c =  0.1471   31

 293   rms: 0.1187E-01   max: 0.7031E-01   D at   62  1
       a = -0.500      CL =  0.4732
      Cm = -0.1498     CD =  0.03683   =>   CDf =  0.00827    CDp =  0.02856

 Side 1  free  transition at x/c =  0.7395   62
 Side 2  free  transition at x/c =  0.1466   31

 294   rms: 0.3153E-02   max: -.2558E-01   T at   62  1
       a = -0.500      CL =  0.4754
      Cm = -0.1501     CD =  0.03671   =>   CDf =  0.00826    CDp =  0.02844

 Side 1  free  transition at x/c =  0.7397   63
 Side 2  free  transition at x/c =  0.1471   31

 295   rms: 0.1187E-01   max: 0.7031E-01   D at   62  1
       a = -0.500      CL =  0.4732
      Cm = -0.1498     CD =  0.03683   =>   CDf =  0.00827    CDp =  0.02856

 Side 1  free  transition at x/c =  0.7395   62
 Side 2  free  transition at x/c =  0.1466   31

 296   rms: 0.3152E-02   max: -.2558E-01   T at   62  1
       a = -0.500      CL =  0.4754
      Cm = -0.1501     CD =  0.03671   =>   CDf =  0.00826    CDp =  0.02844

 Side 1  free  transition at x/c =  0.7397   63
 Side 2  free  transition at x/c =  0.1471   31

 297   rms: 0.1187E-01   max: 0.7031E-01   D at   62  1
       a = -0.500      CL =  0.4732
      Cm = -0.1498     CD =  0.03683   =>   CDf =  0.00827    CDp =  0.02856

 Side 1  free  transition at x/c =  0.7395   62
 Side 2  free  transition at x/c =  0.1466   31

 298   rms: 0.3153E-02   max: -.2558E-01   T at   62  1
       a = -0.500      CL =  0.4754
      Cm = -0.1501     CD =  0.03671   =>   CDf =  0.00826    CDp =  0.02844

 Side 1  free  transition at x/c =  0.7397   63
 Side 2  free  transition at x/c =  0.1471   31

 299   rms: 0.1188E-01   max: 0.7031E-01   D at   62  1
       a = -0.500      CL =  0.4732
      Cm = -0.1498     CD =  0.03683   =>   CDf =  0.00827    CDp =  0.02856

 Side 1  free  transition at x/c =  0.7395   62
 Side 2  free  transition at x/c =  0.1466   31

 300   rms: 0.3152E-02   max: -.2557E-01   T at   62  1
       a = -0.500      CL =  0.4754
      Cm = -0.1501     CD =  0.03671   =>   CDf =  0.00826    CDp =  0.02844

 Side 1  free  transition at x/c =  0.7397   63
 Side 2  free  transition at x/c =  0.1471   31

 301   rms: 0.1188E-01   max: 0.7031E-01   D at   62  1
       a = -0.500      CL =  0.4732
      Cm = -0.1498     CD =  0.03683   =>   CDf =  0.00827    CDp =  0.02856

 Side 1  free  transition at x/c =  0.7395   62
 Side 2  free  transition at x/c =  0.1466   31

 302   rms: 0.3152E-02   max: -.2558E-01   T at   62  1
       a = -0.500      CL =  0.4754
      Cm = -0.1501     CD =  0.03671   =>   CDf =  0.00826    CDp =  0.02844

 Side 1  free  transition at x/c =  0.7397   63
 Side 2  free  transition at x/c =  0.1471   31

 303   rms: 0.1187E-01   max: 0.7031E-01   D at   62  1
       a = -0.500      CL =  0.4732
      Cm = -0.1498     CD =  0.03683   =>   CDf =  0.00827    CDp =  0.02856

 Side 1  free  transition at x/c =  0.7395   62
 Side 2  free  transition at x/c =  0.1466   31

 304   rms: 0.3153E-02   max: -.2558E-01   T at   62  1
       a = -0.500      CL =  0.4754
      Cm = -0.1501     CD =  0.03671   =>   CDf =  0.00826    CDp =  0.02844

 Side 1  free  transition at x/c =  0.7397   63
 Side 2  free  transition at x/c =  0.1471   31

 305   rms: 0.1187E-01   max: 0.7031E-01   D at   62  1
       a = -0.500      CL =  0.4732
      Cm = -0.1498     CD =  0.03683   =>   CDf =  0.00827    CDp =  0.02856
 VISCAL:  Convergence failed
 Calculating wake trajectory ...
 Calculating source influence matrix ...

 Solving BL system ...

 Side 1  free  transition at x/c =  0.7395   62
 Side 2  free  transition at x/c =  0.1466   31

   1   rms: 0.1539E+00   max: -.1358E+01   T at   31  2   RLX: 0.368
       a =  0.000      CL =  0.5154
      Cm = -0.1525     CD =  0.03579   =>   CDf =  0.00812    CDp =  0.02767

 MRCHDU: Convergence failed at  32  side 2    Res =  0.3164E+01
 MRCHDU: Convergence failed at  33  side 2    Res =  0.4646E+01
 MRCHDU: Convergence failed at  34  side 2    Res =  0.3289E+01
 MRCHDU: Convergence failed at  35  side 2    Res =  0.5204E+01
 MRCHDU: Convergence failed at  36  side 2    Res =  0.7523E+01
 MRCHDU: Convergence failed at  37  side 2    Res =  0.9541E+01
 MRCHDU: Convergence failed at  38  side 2    Res =  0.1105E+02
 MRCHDU: Convergence failed at  39  side 2    Res =  0.1193E+02
 MRCHDU: Convergence failed at  40  side 2    Res =  0.1194E+02
 MRCHDU: Convergence failed at  41  side 2    Res =  0.1148E+02
 MRCHDU: Convergence failed at  42  side 2    Res =  0.1013E+02
 MRCHDU: Convergence failed at  43  side 2    Res =  0.9831E+01
 MRCHDU: Convergence failed at  44  side 2    Res =  0.9367E+01
 MRCHDU: Convergence failed at  45  side 2    Res =  0.8580E+01
 MRCHDU: Convergence failed at  46  side 2    Res =  0.8336E+01
 MRCHDU: Convergence failed at  47  side 2    Res =  0.7576E+01
 MRCHDU: Convergence failed at  48  side 2    Res =  0.6964E+01
 MRCHDU: Convergence failed at  49  side 2    Res =  0.6777E+01
 MRCHDU: Convergence failed at  50  side 2    Res =  0.6275E+01
 MRCHDU: Convergence failed at  51  side 2    Res =  0.6078E+01
 MRCHDU: Convergence failed at  52  side 2    Res =  0.5924E+01
 MRCHDU: Convergence failed at  53  side 2    Res =  0.3261E+02
 MRCHDU: Convergence failed at  54  side 2    Res =  0.3774E+02
 MRCHDU: Convergence failed at  55  side 2    Res =  0.4213E+02
 MRCHDU: Convergence failed at  56  side 2    Res =  0.4797E+02
 MRCHDU: Convergence failed at  57  side 2    Res =  0.5837E+02
 MRCHDU: Convergence failed at  58  side 2    Res =  0.6566E+02
 MRCHDU: Convergence failed at  59  side 2    Res =  0.8998E+02
 MRCHDU: Convergence failed at  60  side 2    Res =  0.1618E+03
 MRCHDU: Convergence failed at  61  side 2    Res =  0.2436E+04
 MRCHDU: Convergence failed at  62  side 2    Res =  0.1944E+03
 MRCHDU: Convergence failed at  63  side 2    Res =  0.8104E+02
 MRCHDU: Convergence failed at  64  side 2    Res =  0.4834E+02
 MRCHDU: Convergence failed at  65  side 2    Res =  0.3720E+02
 MRCHDU: Convergence failed at  66  side 2    Res =  0.3234E+02
 MRCHDU: Convergence failed at  67  side 2    Res =  0.1041E+02
 MRCHDU: Convergence failed at  68  side 2    Res =  0.1059E+02
 MRCHDU: Convergence failed at  69  side 2    Res =  0.1059E+02
 MRCHDU: Convergence failed at  70  side 2    Res =  0.1056E+02
 MRCHDU: Convergence failed at  71  side 2    Res =  0.2289E+02
 MRCHDU: Convergence failed at  72  side 2    Res =  0.2363E+02
 MRCHDU: Convergence failed at  73  side 2    Res =  0.2426E+02
 MRCHDU: Convergence failed at  74  side 2    Res =  0.2683E+02
 MRCHDU: Convergence failed at  75  side 2    Res =  0.3002E+02
 MRCHDU: Convergence failed at  76  side 2    Res =  0.3908E+02
 MRCHDU: Convergence failed at  77  side 2    Res =  0.6413E+02
 MRCHDU: Convergence failed at  78  side 2    Res =  0.2502E+03
 MRCHDU: Convergence failed at  79  side 2    Res =  0.5419E+02
 MRCHDU: Convergence failed at  81  side 2    Res =  0.1431E+01
 Side 1  free  transition at x/c =  0.7409   64
 Side 2  free  transition at x/c =  0.1648   31

   2   rms: 0.5642E+00   max: 0.5056E+01   T at   31  2   RLX: 0.152
       a =  0.000      CL =  0.1954
      Cm = -0.0390     CD =  0.03098   =>   CDf =  0.00446    CDp =  0.02652

 MRCHDU: Convergence failed at  38  side 2    Res =  0.2413E+00
 MRCHDU: Convergence failed at  39  side 2    Res =  0.2291E+00
 MRCHDU: Convergence failed at  40  side 2    Res =  0.2144E+00
 MRCHDU: Convergence failed at  41  side 2    Res =  0.1982E+00
 MRCHDU: Convergence failed at  42  side 2    Res =  0.1859E+00
 MRCHDU: Convergence failed at  43  side 2    Res =  0.1722E+00
 MRCHDU: Convergence failed at  44  side 2    Res =  0.1568E+00
 MRCHDU: Convergence failed at  45  side 2    Res =  0.1470E+00
 MRCHDU: Convergence failed at  46  side 2    Res =  0.1381E+00
 MRCHDU: Convergence failed at  47  side 2    Res =  0.1258E+00
 MRCHDU: Convergence failed at  48  side 2    Res =  0.1149E+00
 MRCHDU: Convergence failed at  49  side 2    Res =  0.1098E+00
 MRCHDU: Convergence failed at  50  side 2    Res =  0.1044E+00
 MRCHDU: Convergence failed at  51  side 2    Res =  0.9742E-01
 Side 1  free  transition at x/c =  0.7397   64
 Side 2  free  transition at x/c =  0.1479   30

   3   rms: 0.7097E+00   max: -.5909E+01   T at   30  2   RLX: 0.085
       a =  0.000      CL =  0.4081
      Cm = -0.1024     CD =  0.04178   =>   CDf =  0.00506    CDp =  0.03672

 MRCHDU: Convergence failed at  51  side 2    Res =  0.8124E+00
 MRCHDU: Convergence failed at  52  side 2    Res =  0.1291E+01
 MRCHDU: Convergence failed at  53  side 2    Res =  0.6377E+00
 MRCHDU: Convergence failed at  54  side 2    Res =  0.5964E+00
 MRCHDU: Convergence failed at  55  side 2    Res =  0.5344E+00
 MRCHDU: Convergence failed at  56  side 2    Res =  0.4699E+00
 MRCHDU: Convergence failed at  57  side 2    Res =  0.4017E+00
 MRCHDU: Convergence failed at  58  side 2    Res =  0.3281E+00
 MRCHDU: Convergence failed at  59  side 2    Res =  0.2451E+00
 MRCHDU: Convergence failed at  60  side 2    Res =  0.1401E+00
 MRCHDU: Convergence failed at  80  side 2    Res =  0.8586E-01
 Side 1  free  transition at x/c =  0.7396   64
 Side 2  free  transition at x/c =  0.1654   31

   4   rms: 0.1218E+01   max: 0.1113E+02   T at   31  2   RLX: 0.082
       a =  0.000      CL =  0.4825
      Cm = -0.1341     CD =  0.04318   =>   CDf =  0.00497    CDp =  0.03821

 MRCHDU: Convergence failed at  80  side 2    Res =  0.4005E-02
 Side 1  free  transition at x/c =  0.7393   63
 Side 2  free  transition at x/c =  0.1480   30

   5   rms: 0.3621E+03   max: -.3329E+04   T at   30  2   RLX: 0.000
       a =  0.000      CL =  0.5232
      Cm = -0.1440     CD =  0.04474   =>   CDf =  0.00492    CDp =  0.03982

 MRCHDU: Convergence failed at  61  side 2    Res =  0.5708E-01
 MRCHDU: Convergence failed at  62  side 2    Res =  0.1977E-03
 MRCHDU: Convergence failed at  80  side 2    Res =  0.1143E-01
 Side 1  free  transition at x/c =  0.7392   63
 Side 2  free  transition at x/c =  0.1500   31

   6   rms: 0.3164E+00   max: -.2095E+01   T at   31  2   RLX: 0.239
       a =  0.000      CL =  0.5677
      Cm = -0.1535     CD =  0.04367   =>   CDf =  0.00494    CDp =  0.03873

 MRCHDU: Convergence failed at  61  side 2    Res =  0.3110E-01
 MRCHDU: Convergence failed at  62  side 2    Res =  0.3979E-03
 Side 1  free  transition at x/c =  0.7399   64
 Side 2  free  transition at x/c =  0.1585   31

   7   rms: 0.4412E+00   max: -.3618E+01   T at   31  2   RLX: 0.138
       a =  0.000      CL =  0.5987
      Cm = -0.1612     CD =  0.04397   =>   CDf =  0.00499    CDp =  0.03899

 MRCHDU: Convergence failed at  61  side 2    Res =  0.2316E+00
 MRCHDU: Convergence failed at  62  side 2    Res =  0.4542E+00
 Side 1  free  transition at x/c =  0.7399   64
 Side 2  free  transition at x/c =  0.1735   32

   8   rms: 0.7542E+00   max: -.7786E+01   T at   32  2   RLX: 0.064
       a =  0.000      CL =  0.6621
      Cm = -0.1830     CD =  0.04279   =>   CDf =  0.00487    CDp =  0.03792

 Side 1  free  transition at x/c =  0.7401   64
 Side 2  free  transition at x/c =  0.1918   33

   9   rms: 0.4555E+01   max: 0.4852E+02   T at   33  2   RLX: 0.017
       a =  0.000      CL =  0.6507
      Cm = -0.1825     CD =  0.04118   =>   CDf =  0.00499    CDp =  0.03619

 MRCHDU: Convergence failed at  80  side 2    Res =  0.1865E-01
 Side 1  free  transition at x/c =  0.7398   64
 Side 2  free  transition at x/c =  0.1717   32

  10   rms: 0.4395E+00   max: -.3959E+01   T at   32  2   RLX: 0.126
       a =  0.000      CL =  0.6844
      Cm = -0.1888     CD =  0.04283   =>   CDf =  0.00476    CDp =  0.03807

 MRCHDU: Convergence failed at  79  side 2    Res =  0.1300E-04
 Side 1  free  transition at x/c =  0.7400   65
 Side 2  free  transition at x/c =  0.1854   32

  11   rms: 0.3990E+00   max: -.2880E+01   T at   32  2   RLX: 0.174
       a =  0.000      CL =  0.6970
      Cm = -0.1910     CD =  0.04375   =>   CDf =  0.00496    CDp =  0.03879

 Side 1  free  transition at x/c =  0.7400   65
 Side 2  free  transition at x/c =  0.1892   32

  12   rms: 0.4251E+00   max: -.4593E+01   T at   32  2   RLX: 0.109
       a =  0.000      CL =  0.7066
      Cm = -0.1924     CD =  0.04528   =>   CDf =  0.00497    CDp =  0.04032

 Side 1  free  transition at x/c =  0.7402   65
 Side 2  free  transition at x/c =  0.1999   32

  13   rms: 0.6358E+00   max: 0.6243E+01   T at   32  2   RLX: 0.141
       a =  0.000      CL =  0.6832
      Cm = -0.1870     CD =  0.04471   =>   CDf =  0.00501    CDp =  0.03970

 Side 1  free  transition at x/c =  0.7399   65
 Side 2  free  transition at x/c =  0.1915   32

  14   rms: 0.4129E+00   max: -.4417E+01   T at   32  2   RLX: 0.113
       a =  0.000      CL =  0.7015
      Cm = -0.1892     CD =  0.04842   =>   CDf =  0.00495    CDp =  0.04347

 Side 1  free  transition at x/c =  0.7402   65
 Side 2  free  transition at x/c =  0.2023   32

  15   rms: 0.2570E+01   max: 0.3233E+02   T at   32  2   RLX: 0.023
       a =  0.000      CL =  0.6932
      Cm = -0.1874     CD =  0.04791   =>   CDf =  0.00503    CDp =  0.04288

 Side 1  free  transition at x/c =  0.7401   65
 Side 2  free  transition at x/c =  0.1901   32

  16   rms: 0.3833E+00   max: -.3053E+01   T at   32  2   RLX: 0.164
       a =  0.000      CL =  0.7404
      Cm = -0.1962     CD =  0.05024   =>   CDf =  0.00495    CDp =  0.04529

 Side 1  free  transition at x/c =  0.7405   65
 Side 2  free  transition at x/c =  0.2005   32

  17   rms: 0.4284E+00   max: -.5087E+01   T at   32  2   RLX: 0.098
       a =  0.000      CL =  0.7651
      Cm = -0.2015     CD =  0.05067   =>   CDf =  0.00504    CDp =  0.04563

 Side 1  free  transition at x/c =  0.7407   65
 Side 2  free  transition at x/c =  0.2097   33

  18   rms: 0.9561E+00   max: -.1822E+02   T at   33  2   RLX: 0.027
       a =  0.000      CL =  0.7935
      Cm = -0.2081     CD =  0.04935   =>   CDf =  0.00501    CDp =  0.04435

 Side 1  free  transition at x/c =  0.7409   66
 Side 2  free  transition at x/c =  0.2142   32

  19   rms: 0.1262E+01   max: -.1386E+02   T at   32  2   RLX: 0.036
       a =  0.000      CL =  0.8169
      Cm = -0.2138     CD =  0.04904   =>   CDf =  0.00519    CDp =  0.04384

 Side 1  free  transition at x/c =  0.7412   66
 Side 2  free  transition at x/c =  0.2158   32

  20   rms: 0.9592E+00   max: -.5265E+01   D at   29  2   RLX: 0.095
       a =  0.000      CL =  0.8500
      Cm = -0.2230     CD =  0.04609   =>   CDf =  0.00535    CDp =  0.04074

 Side 1  free  transition at x/c =  0.7418   66
 Side 2  free  transition at x/c =  0.2185   32

  21   rms: 0.5380E+00   max: 0.2615E+01   C at   32  2   RLX: 0.226
       a =  0.000      CL =  0.8682
      Cm = -0.2296     CD =  0.04404   =>   CDf =  0.00575    CDp =  0.03829

 Side 1  free  transition at x/c =  0.7423   66
 Side 2  free  transition at x/c =  0.2207   32

  22   rms: 0.7139E+00   max: -.2789E+01   D at   31  2   RLX: 0.179
       a =  0.000      CL =  0.9662
      Cm = -0.2498     CD =  0.05031   =>   CDf =  0.00595    CDp =  0.04436

 MRCHDU: Convergence failed at  34  side 2    Res =  0.6461E+00
 MRCHDU: Convergence failed at  35  side 2    Res =  0.2355E+01
 MRCHDU: Convergence failed at  36  side 2    Res =  0.2065E+02
 MRCHDU: Convergence failed at  37  side 2    Res =  0.2159E+01
 MRCHDU: Convergence failed at  38  side 2    Res =  0.1238E+02
 MRCHDU: Convergence failed at  39  side 2    Res =  0.6210E+01
 MRCHDU: Convergence failed at  40  side 2    Res =  0.1100E+02
 MRCHDU: Convergence failed at  41  side 2    Res =  0.2995E+02
 MRCHDU: Convergence failed at  42  side 2    Res =  0.1186E+03
 MRCHDU: Convergence failed at  43  side 2    Res =  0.1142E+02
 MRCHDU: Convergence failed at  44  side 2    Res =  0.2250E+02
 MRCHDU: Convergence failed at  45  side 2    Res =  0.1214E+02
 MRCHDU: Convergence failed at  46  side 2    Res =  0.1115E+02
 MRCHDU: Convergence failed at  47  side 2    Res =  0.3721E+02
 MRCHDU: Convergence failed at  48  side 2    Res =  0.9207E+01
 MRCHDU: Convergence failed at  49  side 2    Res =  0.7540E+01
 MRCHDU: Convergence failed at  50  side 2    Res =  0.6907E+01
 MRCHDU: Convergence failed at  51  side 2    Res =  0.6125E+01
 MRCHDU: Convergence failed at  52  side 2    Res =  0.5914E+01
 MRCHDU: Convergence failed at  53  side 2    Res =  0.5540E+01
 MRCHDU: Convergence failed at  54  side 2    Res =  0.5536E+01
 MRCHDU: Convergence failed at  55  side 2    Res =  0.5623E+01
 MRCHDU: Convergence failed at  56  side 2    Res =  0.7128E+01
 MRCHDU: Convergence failed at  57  side 2    Res =  0.7461E+01
 MRCHDU: Convergence failed at  58  side 2    Res =  0.7957E+01
 MRCHDU: Convergence failed at  59  side 2    Res =  0.5882E+01
 MRCHDU: Convergence failed at  60  side 2    Res =  0.4691E+01
 MRCHDU: Convergence failed at  61  side 2    Res =  0.4618E+01
 MRCHDU: Convergence failed at  62  side 2    Res =  0.4567E+01
 MRCHDU: Convergence failed at  63  side 2    Res =  0.4532E+01
 MRCHDU: Convergence failed at  64  side 2    Res =  0.7338E+01
 MRCHDU: Convergence failed at  65  side 2    Res =  0.8520E+01
 MRCHDU: Convergence failed at  66  side 2    Res =  0.6602E+01
 MRCHDU: Convergence failed at  67  side 2    Res =  0.1056E+02
 MRCHDU: Convergence failed at  70  side 2    Res =  0.1293E+01
 MRCHDU: Convergence failed at  71  side 2    Res =  0.2255E+01
 MRCHDU: Convergence failed at  72  side 2    Res =  0.1400E+01
 MRCHDU: Convergence failed at  73  side 2    Res =  0.1819E+01
 MRCHDU: Convergence failed at  74  side 2    Res =  0.2751E+01
 MRCHDU: Convergence failed at  75  side 2    Res =  0.1922E+01
 MRCHDU: Convergence failed at  76  side 2    Res =  0.1490E+01
 Side 1  free  transition at x/c =  0.7444   67
 Side 2 forced transition at x/c =  1.0000   78
 idif Ue xi dudx           1  0.17501722      2.32255459E-03   75.355484    
 Uenew xinew           2  2.46136226E-02  3.26633453E-04

  23   rms: 0.9409E+00   max: 0.1537E+02   T at    2  1   RLX: 0.074
       a =  0.000      CL =  0.6413
      Cm = -0.1134     CD =  0.03377   =>   CDf =  0.00871    CDp =  0.02506

 MRCHDU: Convergence failed at  79  side 2    Res =  0.1962E+03
 Side 1  free  transition at x/c =  0.7436   66
 Side 2 forced transition at x/c =  1.0000   79

  24   rms: 0.4073E+00   max: -.4006E+01   C at   79  2   RLX: 0.125
       a =  0.000      CL =  0.6449
      Cm = -0.1239     CD =  0.03289   =>   CDf =  0.00794    CDp =  0.02495

 Side 1  free  transition at x/c =  0.7423   66
 Side 2 forced transition at x/c =  1.0000   79
 idif Ue xi dudx           1  0.12968931      2.04288960E-03   63.483269    
 Uenew xinew           2  9.83813370E-05  1.54972076E-06

  25   rms: 0.3149E+00   max: -.2117E+01   C at   79  2   RLX: 0.236
       a =  0.000      CL =  0.6215
      Cm = -0.1313     CD =  0.03287   =>   CDf =  0.00779    CDp =  0.02508

 Side 1  free  transition at x/c =  0.7408   65
 Side 2 forced transition at x/c =  1.0000   80

  26   rms: 0.1632E+01   max: -.2913E+02   D at    2  2   RLX: 0.017
       a =  0.000      CL =  0.6192
      Cm = -0.1316     CD =  0.03297   =>   CDf =  0.00711    CDp =  0.02586

 Side 1  free  transition at x/c =  0.7408   65
 Side 2 forced transition at x/c =  1.0000   80

  27   rms: 0.2345E+00   max: -.1299E+01   C at   80  2   RLX: 0.385
       a =  0.000      CL =  0.5939
      Cm = -0.1404     CD =  0.03275   =>   CDf =  0.00708    CDp =  0.02567

 Side 1  free  transition at x/c =  0.7396   65
 Side 2 forced transition at x/c =  1.0000   80
 idif Ue xi dudx           1  0.17387380      2.82466412E-03   61.555565    
 Uenew xinew           2  4.24062759E-02  6.88910484E-04

  28   rms: 0.1919E+00   max: 0.7339E+00   D at   71  2
       a =  0.000      CL =  0.5494
      Cm = -0.1518     CD =  0.03240   =>   CDf =  0.00651    CDp =  0.02588

 Side 1  free  transition at x/c =  0.7385   63
 Side 2  free  transition at x/c =  0.3246   40

  29   rms: 0.1412E+00   max: -.1051E+01   D at   41  2   RLX: 0.476
       a =  0.000      CL =  0.5600
      Cm = -0.1560     CD =  0.03291   =>   CDf =  0.00743    CDp =  0.02548

 Side 1  free  transition at x/c =  0.7406   64
 Side 2  free  transition at x/c =  0.2558   36

  30   rms: 0.1182E+00   max: 0.1181E+01   T at   36  2   RLX: 0.668
       a =  0.000      CL =  0.5548
      Cm = -0.1542     CD =  0.03382   =>   CDf =  0.00776    CDp =  0.02605

 Side 1  free  transition at x/c =  0.7386   63
 Side 2  free  transition at x/c =  0.2007   33

  31   rms: 0.5298E-01   max: -.5339E+00   D at   34  2   RLX: 0.936
       a =  0.000      CL =  0.5875
      Cm = -0.1575     CD =  0.03385   =>   CDf =  0.00814    CDp =  0.02570

 Side 1  free  transition at x/c =  0.7440   64
 Side 2  free  transition at x/c =  0.2151   34

  32   rms: 0.1383E+00   max: 0.1099E+01   C at   34  2   RLX: 0.926
       a =  0.000      CL =  0.5364
      Cm = -0.1505     CD =  0.03602   =>   CDf =  0.00795    CDp =  0.02807

 Side 1  free  transition at x/c =  0.7353   63
 Side 2  free  transition at x/c =  0.1878   33

  33   rms: 0.1087E+00   max: -.9614E+00   T at   33  2   RLX: 0.520
       a =  0.000      CL =  0.5822
      Cm = -0.1574     CD =  0.03329   =>   CDf =  0.00811    CDp =  0.02518

 Side 1  free  transition at x/c =  0.7438   64
 Side 2  free  transition at x/c =  0.2047   34

  34   rms: 0.1224E+00   max: 0.6868E+00   T at   34  2
       a =  0.000      CL =  0.5368
      Cm = -0.1502     CD =  0.03790   =>   CDf =  0.00830    CDp =  0.02960

 MRCHDU: Convergence failed at  34  side 2    Res =  0.3887E+01
 MRCHDU: Convergence failed at  35  side 2    Res =  0.2393E+01
 MRCHDU: Convergence failed at  36  side 2    Res =  0.2285E+01
 MRCHDU: Convergence failed at  37  side 2    Res =  0.4431E+01
 MRCHDU: Convergence failed at  38  side 2    Res =  0.4087E+01
 MRCHDU: Convergence failed at  39  side 2    Res =  0.2450E+01
 MRCHDU: Convergence failed at  40  side 2    Res =  0.2572E+01
 MRCHDU: Convergence failed at  41  side 2    Res =  0.2711E+01
 MRCHDU: Convergence failed at  42  side 2    Res =  0.2815E+01
 MRCHDU: Convergence failed at  43  side 2    Res =  0.2947E+01
 MRCHDU: Convergence failed at  44  side 2    Res =  0.3108E+01
 MRCHDU: Convergence failed at  45  side 2    Res =  0.3935E+01
 MRCHDU: Convergence failed at  46  side 2    Res =  0.4043E+01
 MRCHDU: Convergence failed at  47  side 2    Res =  0.4200E+01
 MRCHDU: Convergence failed at  48  side 2    Res =  0.4229E+01
 MRCHDU: Convergence failed at  49  side 2    Res =  0.4296E+01
 MRCHDU: Convergence failed at  50  side 2    Res =  0.4452E+01
 MRCHDU: Convergence failed at  51  side 2    Res =  0.4643E+01
 MRCHDU: Convergence failed at  52  side 2    Res =  0.4797E+01
 MRCHDU: Convergence failed at  53  side 2    Res =  0.4931E+01
 MRCHDU: Convergence failed at  54  side 2    Res =  0.5147E+01
 MRCHDU: Convergence failed at  55  side 2    Res =  0.5355E+01
 MRCHDU: Convergence failed at  56  side 2    Res =  0.5556E+01
 MRCHDU: Convergence failed at  57  side 2    Res =  0.5795E+01
 MRCHDU: Convergence failed at  58  side 2    Res =  0.6094E+01
 MRCHDU: Convergence failed at  59  side 2    Res =  0.6473E+01
 MRCHDU: Convergence failed at  60  side 2    Res =  0.6946E+01
 MRCHDU: Convergence failed at  61  side 2    Res =  0.7594E+01
 MRCHDU: Convergence failed at  62  side 2    Res =  0.8334E+01
 MRCHDU: Convergence failed at  63  side 2    Res =  0.9471E+01
 MRCHDU: Convergence failed at  64  side 2    Res =  0.1146E+02
 MRCHDU: Convergence failed at  65  side 2    Res =  0.1352E+02
 MRCHDU: Convergence failed at  66  side 2    Res =  0.1577E+02
 MRCHDU: Convergence failed at  67  side 2    Res =  0.1961E+02
 MRCHDU: Convergence failed at  68  side 2    Res =  0.2287E+02
 MRCHDU: Convergence failed at  69  side 2    Res =  0.2454E+02
 MRCHDU: Convergence failed at  70  side 2    Res =  0.2751E+02
 MRCHDU: Convergence failed at  71  side 2    Res =  0.2716E+02
 MRCHDU: Convergence failed at  72  side 2    Res =  0.2475E+02
 MRCHDU: Convergence failed at  73  side 2    Res =  0.2254E+02
 MRCHDU: Convergence failed at  74  side 2    Res =  0.1855E+02
 MRCHDU: Convergence failed at  75  side 2    Res =  0.1625E+02
 MRCHDU: Convergence failed at  76  side 2    Res =  0.1332E+02
 MRCHDU: Convergence failed at  77  side 2    Res =  0.1266E+02
 MRCHDU: Convergence failed at  78  side 2    Res =  0.1996E+02
 Side 1  free  transition at x/c =  0.7344   63
 Side 2  free  transition at x/c =  0.1838   32

  35   rms: 0.3360E+00   max: -.1834E+01   T at   32  2   RLX: 0.273
       a =  0.000      CL =  0.4649
      Cm = -0.1145     CD =  0.03278   =>   CDf =  0.00455    CDp =  0.02822

 Side 1  free  transition at x/c =  0.7416   64
 Side 2  free  transition at x/c =  0.2123   34

  36   rms: 0.1175E+00   max: -.6008E+00   D at   35  2   RLX: 0.832
       a =  0.000      CL =  0.5314
      Cm = -0.1457     CD =  0.03480   =>   CDf =  0.00856    CDp =  0.02624

 Side 1  free  transition at x/c =  0.7375   63
 Side 2  free  transition at x/c =  0.1949   33

  37   rms: 0.5678E-01   max: -.4088E+00   T at   33  2
       a =  0.000      CL =  0.5947
      Cm = -0.1585     CD =  0.03336   =>   CDf =  0.00817    CDp =  0.02519

 Side 1  free  transition at x/c =  0.7462   64
 Side 2  free  transition at x/c =  0.2181   34

  38   rms: 0.1874E+00   max: 0.1353E+01   T at   34  2   RLX: 0.379
       a =  0.000      CL =  0.5619
      Cm = -0.1547     CD =  0.03180   =>   CDf =  0.00809    CDp =  0.02370

 Side 1  free  transition at x/c =  0.7396   64
 Side 2  free  transition at x/c =  0.1943   33

  39   rms: 0.4401E-01   max: -.3444E+00   D at   34  2
       a =  0.000      CL =  0.5585
      Cm = -0.1537     CD =  0.03525   =>   CDf =  0.00815    CDp =  0.02709

 Side 1  free  transition at x/c =  0.7381   63
 Side 2  free  transition at x/c =  0.1950   33

  40   rms: 0.3992E-01   max: -.3099E+00   T at   33  2
       a =  0.000      CL =  0.5899
      Cm = -0.1580     CD =  0.03359   =>   CDf =  0.00805    CDp =  0.02554

 Side 1  free  transition at x/c =  0.7448   64
 Side 2  free  transition at x/c =  0.2121   34

  41   rms: 0.1433E+00   max: 0.7153E+00   T at   34  2   RLX: 0.999
       a =  0.000      CL =  0.5245
      Cm = -0.1488     CD =  0.03702   =>   CDf =  0.00801    CDp =  0.02902

 MRCHDU: Convergence failed at  34  side 2    Res =  0.2850E+01
 MRCHDU: Convergence failed at  35  side 2    Res =  0.5435E+01
 MRCHDU: Convergence failed at  36  side 2    Res =  0.1057E+02
 MRCHDU: Convergence failed at  37  side 2    Res =  0.2114E+01
 MRCHDU: Convergence failed at  38  side 2    Res =  0.1838E+01
 MRCHDU: Convergence failed at  39  side 2    Res =  0.1862E+01
 MRCHDU: Convergence failed at  40  side 2    Res =  0.1883E+01
 MRCHDU: Convergence failed at  41  side 2    Res =  0.2015E+01
 MRCHDU: Convergence failed at  42  side 2    Res =  0.2116E+01
 MRCHDU: Convergence failed at  43  side 2    Res =  0.2226E+01
 MRCHDU: Convergence failed at  44  side 2    Res =  0.2351E+01
 MRCHDU: Convergence failed at  45  side 2    Res =  0.2423E+01
 MRCHDU: Convergence failed at  46  side 2    Res =  0.2495E+01
 MRCHDU: Convergence failed at  47  side 2    Res =  0.2604E+01
 MRCHDU: Convergence failed at  48  side 2    Res =  0.2700E+01
 MRCHDU: Convergence failed at  49  side 2    Res =  0.2725E+01
 MRCHDU: Convergence failed at  50  side 2    Res =  0.2820E+01
 MRCHDU: Convergence failed at  51  side 2    Res =  0.3320E+01
 MRCHDU: Convergence failed at  52  side 2    Res =  0.3419E+01
 MRCHDU: Convergence failed at  53  side 2    Res =  0.3496E+01
 MRCHDU: Convergence failed at  54  side 2    Res =  0.3649E+01
 MRCHDU: Convergence failed at  55  side 2    Res =  0.3765E+01
 MRCHDU: Convergence failed at  56  side 2    Res =  0.3834E+01
 MRCHDU: Convergence failed at  57  side 2    Res =  0.3982E+01
 MRCHDU: Convergence failed at  58  side 2    Res =  0.4239E+01
 MRCHDU: Convergence failed at  59  side 2    Res =  0.4496E+01
 MRCHDU: Convergence failed at  60  side 2    Res =  0.4895E+01
 MRCHDU: Convergence failed at  61  side 2    Res =  0.5376E+01
 MRCHDU: Convergence failed at  62  side 2    Res =  0.5922E+01
 MRCHDU: Convergence failed at  63  side 2    Res =  0.6799E+01
 MRCHDU: Convergence failed at  64  side 2    Res =  0.8028E+01
 MRCHDU: Convergence failed at  65  side 2    Res =  0.9660E+01
 MRCHDU: Convergence failed at  66  side 2    Res =  0.1127E+02
 MRCHDU: Convergence failed at  67  side 2    Res =  0.1384E+02
 MRCHDU: Convergence failed at  68  side 2    Res =  0.1558E+02
 MRCHDU: Convergence failed at  69  side 2    Res =  0.1623E+02
 MRCHDU: Convergence failed at  70  side 2    Res =  0.1737E+02
 MRCHDU: Convergence failed at  71  side 2    Res =  0.1651E+02
 MRCHDU: Convergence failed at  72  side 2    Res =  0.1471E+02
 MRCHDU: Convergence failed at  73  side 2    Res =  0.1297E+02
 MRCHDU: Convergence failed at  74  side 2    Res =  0.9821E+01
 MRCHDU: Convergence failed at  75  side 2    Res =  0.8067E+01
 MRCHDU: Convergence failed at  76  side 2    Res =  0.6390E+01
 MRCHDU: Convergence failed at  77  side 2    Res =  0.5153E+01
 MRCHDU: Convergence failed at  78  side 2    Res =  0.4428E+01
 Side 1  free  transition at x/c =  0.7335   63
 Side 2  free  transition at x/c =  0.1830   32

  42   rms: 0.3920E+00   max: -.2522E+01   T at   32  2   RLX: 0.198
       a =  0.000      CL =  0.4455
      Cm = -0.1090     CD =  0.03349   =>   CDf =  0.00454    CDp =  0.02895

 Side 1  free  transition at x/c =  0.7409   64
 Side 2  free  transition at x/c =  0.2121   34

  43   rms: 0.1136E+00   max: -.6246E+00   D at   35  2   RLX: 0.800
       a =  0.000      CL =  0.5265
      Cm = -0.1435     CD =  0.03474   =>   CDf =  0.00865    CDp =  0.02609

 Side 1  free  transition at x/c =  0.7379   63
 Side 2  free  transition at x/c =  0.1962   33

  44   rms: 0.5358E-01   max: -.3464E+00   T at   33  2
       a =  0.000      CL =  0.5917
      Cm = -0.1581     CD =  0.03349   =>   CDf =  0.00820    CDp =  0.02529

 Side 1  free  transition at x/c =  0.7454   64
 Side 2  free  transition at x/c =  0.2178   34

  45   rms: 0.1752E+00   max: 0.1586E+01   C at   34  2   RLX: 0.746
       a =  0.000      CL =  0.5365
      Cm = -0.1506     CD =  0.03503   =>   CDf =  0.00793    CDp =  0.02710

 Side 1  free  transition at x/c =  0.7357   63
 Side 2  free  transition at x/c =  0.1886   33

  46   rms: 0.1009E+00   max: -.8812E+00   T at   33  2   RLX: 0.567
       a =  0.000      CL =  0.5829
      Cm = -0.1574     CD =  0.03325   =>   CDf =  0.00811    CDp =  0.02514

 Side 1  free  transition at x/c =  0.7442   64
 Side 2  free  transition at x/c =  0.2067   34

  47   rms: 0.1266E+00   max: 0.6948E+00   T at   34  2
       a =  0.000      CL =  0.5330
      Cm = -0.1498     CD =  0.03774   =>   CDf =  0.00826    CDp =  0.02948

 MRCHDU: Convergence failed at  34  side 2    Res =  0.2674E+01
 MRCHDU: Convergence failed at  35  side 2    Res =  0.2375E+01
 MRCHDU: Convergence failed at  36  side 2    Res =  0.1906E+01
 MRCHDU: Convergence failed at  37  side 2    Res =  0.1945E+01
 MRCHDU: Convergence failed at  38  side 2    Res =  0.2024E+01
 MRCHDU: Convergence failed at  39  side 2    Res =  0.2035E+01
 MRCHDU: Convergence failed at  40  side 2    Res =  0.2164E+01
 MRCHDU: Convergence failed at  41  side 2    Res =  0.2289E+01
 MRCHDU: Convergence failed at  42  side 2    Res =  0.2379E+01
 MRCHDU: Convergence failed at  43  side 2    Res =  0.2500E+01
 MRCHDU: Convergence failed at  44  side 2    Res =  0.2646E+01
 MRCHDU: Convergence failed at  45  side 2    Res =  0.2743E+01
 MRCHDU: Convergence failed at  46  side 2    Res =  0.2845E+01
 MRCHDU: Convergence failed at  47  side 2    Res =  0.3567E+01
 MRCHDU: Convergence failed at  48  side 2    Res =  0.3733E+01
 MRCHDU: Convergence failed at  49  side 2    Res =  0.3877E+01
 MRCHDU: Convergence failed at  50  side 2    Res =  0.3872E+01
 MRCHDU: Convergence failed at  51  side 2    Res =  0.4044E+01
 MRCHDU: Convergence failed at  52  side 2    Res =  0.4185E+01
 MRCHDU: Convergence failed at  53  side 2    Res =  0.4309E+01
 MRCHDU: Convergence failed at  54  side 2    Res =  0.4514E+01
 MRCHDU: Convergence failed at  55  side 2    Res =  0.4699E+01
 MRCHDU: Convergence failed at  56  side 2    Res =  0.4875E+01
 MRCHDU: Convergence failed at  57  side 2    Res =  0.5097E+01
 MRCHDU: Convergence failed at  58  side 2    Res =  0.5418E+01
 MRCHDU: Convergence failed at  59  side 2    Res =  0.5720E+01
 MRCHDU: Convergence failed at  60  side 2    Res =  0.6155E+01
 MRCHDU: Convergence failed at  61  side 2    Res =  0.6750E+01
 MRCHDU: Convergence failed at  62  side 2    Res =  0.7506E+01
 MRCHDU: Convergence failed at  63  side 2    Res =  0.8600E+01
 MRCHDU: Convergence failed at  64  side 2    Res =  0.1023E+02
 MRCHDU: Convergence failed at  65  side 2    Res =  0.1230E+02
 MRCHDU: Convergence failed at  66  side 2    Res =  0.1446E+02
 MRCHDU: Convergence failed at  67  side 2    Res =  0.1735E+02
 MRCHDU: Convergence failed at  68  side 2    Res =  0.2007E+02
 MRCHDU: Convergence failed at  69  side 2    Res =  0.2139E+02
 MRCHDU: Convergence failed at  70  side 2    Res =  0.2520E+02
 MRCHDU: Convergence failed at  71  side 2    Res =  0.2469E+02
 MRCHDU: Convergence failed at  72  side 2    Res =  0.2129E+02
 MRCHDU: Convergence failed at  73  side 2    Res =  0.1933E+02
 MRCHDU: Convergence failed at  74  side 2    Res =  0.1585E+02
 MRCHDU: Convergence failed at  75  side 2    Res =  0.1374E+02
 MRCHDU: Convergence failed at  76  side 2    Res =  0.1104E+02
 MRCHDU: Convergence failed at  77  side 2    Res =  0.9959E+01
 MRCHDU: Convergence failed at  78  side 2    Res =  0.1183E+02
 Side 1  free  transition at x/c =  0.7340   63
 Side 2  free  transition at x/c =  0.1846   32

  48   rms: 0.3795E+00   max: -.2319E+01   T at   32  2   RLX: 0.216
       a =  0.000      CL =  0.4504
      Cm = -0.1103     CD =  0.03298   =>   CDf =  0.00455    CDp =  0.02844

 Side 1  free  transition at x/c =  0.7404   64
 Side 2  free  transition at x/c =  0.2153   34

  49   rms: 0.1142E+00   max: -.5532E+00   D at   36  2   RLX: 0.904
       a =  0.000      CL =  0.5395
      Cm = -0.1482     CD =  0.03492   =>   CDf =  0.00857    CDp =  0.02635

 Side 1  free  transition at x/c =  0.7379   63
 Side 2  free  transition at x/c =  0.1956   33

  50   rms: 0.5125E-01   max: -.3675E+00   T at   33  2
       a =  0.000      CL =  0.5921
      Cm = -0.1582     CD =  0.03351   =>   CDf =  0.00813    CDp =  0.02538

 Side 1  free  transition at x/c =  0.7454   64
 Side 2  free  transition at x/c =  0.2183   34

  51   rms: 0.1767E+00   max: 0.1676E+01   C at   34  2   RLX: 0.706
       a =  0.000      CL =  0.5395
      Cm = -0.1511     CD =  0.03466   =>   CDf =  0.00793    CDp =  0.02673

 Side 1  free  transition at x/c =  0.7362   63
 Side 2  free  transition at x/c =  0.1903   33

  52   rms: 0.8748E-01   max: -.7412E+00   T at   33  2   RLX: 0.675
       a =  0.000      CL =  0.5876
      Cm = -0.1579     CD =  0.03316   =>   CDf =  0.00810    CDp =  0.02505

 Side 1  free  transition at x/c =  0.7451   64
 Side 2  free  transition at x/c =  0.2138   34

  53   rms: 0.1489E+00   max: 0.6587E+00   C at   34  2   RLX: 0.786
       a =  0.000      CL =  0.5357
      Cm = -0.1505     CD =  0.03540   =>   CDf =  0.00798    CDp =  0.02742

 Side 1  free  transition at x/c =  0.7355   63
 Side 2  free  transition at x/c =  0.1891   33

  54   rms: 0.1041E+00   max: -.8760E+00   T at   33  2   RLX: 0.571
       a =  0.000      CL =  0.5848
      Cm = -0.1577     CD =  0.03321   =>   CDf =  0.00810    CDp =  0.02511

 Side 1  free  transition at x/c =  0.7448   64
 Side 2  free  transition at x/c =  0.2105   34

  55   rms: 0.1347E+00   max: 0.6576E+00   T at   34  2   RLX: 0.827
       a =  0.000      CL =  0.5358
      Cm = -0.1505     CD =  0.03566   =>   CDf =  0.00803    CDp =  0.02763

 MRCHDU: Convergence failed at  34  side 2    Res =  0.4931E+02
 MRCHDU: Convergence failed at  35  side 2    Res =  0.6103E+01
 MRCHDU: Convergence failed at  36  side 2    Res =  0.4292E+01
 MRCHDU: Convergence failed at  37  side 2    Res =  0.1679E+01
 MRCHDU: Convergence failed at  38  side 2    Res =  0.1796E+01
 MRCHDU: Convergence failed at  39  side 2    Res =  0.2755E+01
 MRCHDU: Convergence failed at  40  side 2    Res =  0.2943E+01
 MRCHDU: Convergence failed at  41  side 2    Res =  0.3052E+01
 MRCHDU: Convergence failed at  42  side 2    Res =  0.2899E+01
 MRCHDU: Convergence failed at  43  side 2    Res =  0.3000E+01
 MRCHDU: Convergence failed at  44  side 2    Res =  0.3072E+01
 MRCHDU: Convergence failed at  45  side 2    Res =  0.3138E+01
 MRCHDU: Convergence failed at  46  side 2    Res =  0.3196E+01
 MRCHDU: Convergence failed at  47  side 2    Res =  0.3322E+01
 MRCHDU: Convergence failed at  48  side 2    Res =  0.3453E+01
 MRCHDU: Convergence failed at  49  side 2    Res =  0.3567E+01
 MRCHDU: Convergence failed at  50  side 2    Res =  0.3720E+01
 MRCHDU: Convergence failed at  51  side 2    Res =  0.3891E+01
 MRCHDU: Convergence failed at  52  side 2    Res =  0.4059E+01
 MRCHDU: Convergence failed at  53  side 2    Res =  0.4165E+01
 MRCHDU: Convergence failed at  54  side 2    Res =  0.4380E+01
 MRCHDU: Convergence failed at  55  side 2    Res =  0.4549E+01
 MRCHDU: Convergence failed at  56  side 2    Res =  0.4644E+01
 MRCHDU: Convergence failed at  57  side 2    Res =  0.4870E+01
 MRCHDU: Convergence failed at  58  side 2    Res =  0.5244E+01
 MRCHDU: Convergence failed at  59  side 2    Res =  0.5563E+01
 MRCHDU: Convergence failed at  60  side 2    Res =  0.6148E+01
 MRCHDU: Convergence failed at  61  side 2    Res =  0.6898E+01
 MRCHDU: Convergence failed at  62  side 2    Res =  0.7765E+01
 MRCHDU: Convergence failed at  63  side 2    Res =  0.9260E+01
 MRCHDU: Convergence failed at  64  side 2    Res =  0.1197E+02
 MRCHDU: Convergence failed at  65  side 2    Res =  0.1566E+02
 MRCHDU: Convergence failed at  66  side 2    Res =  0.1864E+02
 MRCHDU: Convergence failed at  67  side 2    Res =  0.2640E+02
 MRCHDU: Convergence failed at  68  side 2    Res =  0.3302E+02
 MRCHDU: Convergence failed at  69  side 2    Res =  0.3560E+02
 MRCHDU: Convergence failed at  70  side 2    Res =  0.4160E+02
 MRCHDU: Convergence failed at  71  side 2    Res =  0.3768E+02
 MRCHDU: Convergence failed at  72  side 2    Res =  0.3016E+02
 MRCHDU: Convergence failed at  73  side 2    Res =  0.2462E+02
 MRCHDU: Convergence failed at  74  side 2    Res =  0.1683E+02
 MRCHDU: Convergence failed at  75  side 2    Res =  0.1299E+02
 MRCHDU: Convergence failed at  76  side 2    Res =  0.9232E+01
 MRCHDU: Convergence failed at  77  side 2    Res =  0.7252E+01
 MRCHDU: Convergence failed at  78  side 2    Res =  0.5597E+01
 MRCHDU: Convergence failed at  79  side 2    Res =  0.6321E+01
 Side 1  free  transition at x/c =  0.7354   63
 Side 2  free  transition at x/c =  0.1890   33

  56   rms: 0.2581E+01   max: -.2623E+02   D at   80  2   RLX: 0.019
       a =  0.000      CL =  0.3327
      Cm = -0.0755     CD =  0.03149   =>   CDf =  0.00456    CDp =  0.02694

 Side 1  free  transition at x/c =  0.7399   64
 Side 2  free  transition at x/c =  0.1762   32

  57   rms: 0.1392E+00   max: -.5798E+00   D at   81  2   RLX: 0.862
       a =  0.000      CL =  0.4616
      Cm = -0.1293     CD =  0.03500   =>   CDf =  0.00925    CDp =  0.02574

 Side 1  free  transition at x/c =  0.7373   63
 Side 2  free  transition at x/c =  0.1653   31

  58   rms: 0.1061E+00   max: -.9732E+00   T at   31  2   RLX: 0.514
       a =  0.000      CL =  0.5262
      Cm = -0.1434     CD =  0.03320   =>   CDf =  0.00849    CDp =  0.02471

 MRCHDU: Convergence failed at  33  side 2    Res =  0.8014E+01
 MRCHDU: Convergence failed at  34  side 2    Res =  0.5104E+01
 MRCHDU: Convergence failed at  35  side 2    Res =  0.1538E+02
 MRCHDU: Convergence failed at  36  side 2    Res =  0.7323E+02
 MRCHDU: Convergence failed at  37  side 2    Res =  0.3928E+03
 MRCHDU: Convergence failed at  38  side 2    Res =  0.1180E+03
 MRCHDU: Convergence failed at  39  side 2    Res =  0.1038E+03
 MRCHDU: Convergence failed at  40  side 2    Res =  0.1427E+03
 MRCHDU: Convergence failed at  41  side 2    Res =  0.3001E+03
 MRCHDU: Convergence failed at  42  side 2    Res =  0.9192E+02
 MRCHDU: Convergence failed at  43  side 2    Res =  0.1452E+03
 MRCHDU: Convergence failed at  44  side 2    Res =  0.6411E+04
 MRCHDU: Convergence failed at  45  side 2    Res =  0.1887E+03
 MRCHDU: Convergence failed at  46  side 2    Res =  0.9093E+02
 MRCHDU: Convergence failed at  47  side 2    Res =  0.6193E+02
 MRCHDU: Convergence failed at  48  side 2    Res =  0.4693E+02
 MRCHDU: Convergence failed at  49  side 2    Res =  0.3985E+02
 MRCHDU: Convergence failed at  50  side 2    Res =  0.3414E+02
 MRCHDU: Convergence failed at  51  side 2    Res =  0.3002E+02
 MRCHDU: Convergence failed at  52  side 2    Res =  0.2702E+02
 MRCHDU: Convergence failed at  53  side 2    Res =  0.2502E+02
 MRCHDU: Convergence failed at  54  side 2    Res =  0.2266E+02
 MRCHDU: Convergence failed at  55  side 2    Res =  0.2109E+02
 MRCHDU: Convergence failed at  56  side 2    Res =  0.1981E+02
 MRCHDU: Convergence failed at  57  side 2    Res =  0.1857E+02
 MRCHDU: Convergence failed at  58  side 2    Res =  0.1773E+02
 MRCHDU: Convergence failed at  59  side 2    Res =  0.1681E+02
 MRCHDU: Convergence failed at  60  side 2    Res =  0.1568E+02
 MRCHDU: Convergence failed at  61  side 2    Res =  0.1453E+02
 MRCHDU: Convergence failed at  62  side 2    Res =  0.1366E+02
 MRCHDU: Convergence failed at  63  side 2    Res =  0.1281E+02
 MRCHDU: Convergence failed at  64  side 2    Res =  0.1191E+02
 MRCHDU: Convergence failed at  65  side 2    Res =  0.1135E+02
 MRCHDU: Convergence failed at  66  side 2    Res =  0.1103E+02
 MRCHDU: Convergence failed at  67  side 2    Res =  0.1067E+02
 MRCHDU: Convergence failed at  68  side 2    Res =  0.1053E+02
 MRCHDU: Convergence failed at  69  side 2    Res =  0.1059E+02
 MRCHDU: Convergence failed at  70  side 2    Res =  0.1061E+02
 MRCHDU: Convergence failed at  71  side 2    Res =  0.1096E+02
 MRCHDU: Convergence failed at  72  side 2    Res =  0.1149E+02
 MRCHDU: Convergence failed at  73  side 2    Res =  0.1218E+02
 MRCHDU: Convergence failed at  74  side 2    Res =  0.1344E+02
 MRCHDU: Convergence failed at  75  side 2    Res =  0.1481E+02
 MRCHDU: Convergence failed at  76  side 2    Res =  0.1723E+02
 MRCHDU: Convergence failed at  77  side 2    Res =  0.1954E+02
 MRCHDU: Convergence failed at  78  side 2    Res =  0.1876E+02
 MRCHDU: Convergence failed at  79  side 2    Res =  0.1233E+02
 Side 1  free  transition at x/c =  0.7414   64
 Side 2  free  transition at x/c =  0.1893   33

  59   rms: 0.9256E+00   max: 0.7036E+01   T at   33  2   RLX: 0.213
       a =  0.000      CL =  0.1960
      Cm = -0.0399     CD =  0.03001   =>   CDf =  0.00458    CDp =  0.02543

 MRCHDU: Convergence failed at  33  side 2    Res =  0.5744E+01
 Side 1  free  transition at x/c =  0.7385   63
 Side 2  free  transition at x/c =  0.1487   30

  60   rms: 0.3492E+00   max: -.2110E+01   T at   30  2   RLX: 0.237
       a =  0.000      CL =  0.3526
      Cm = -0.0938     CD =  0.04209   =>   CDf =  0.00567    CDp =  0.03643

 Side 1  free  transition at x/c =  0.7410   64
 Side 2  free  transition at x/c =  0.1642   31

  61   rms: 0.3249E+00   max: -.1922E+01   D at   53  2   RLX: 0.260
       a =  0.000      CL =  0.4019
      Cm = -0.1133     CD =  0.03652   =>   CDf =  0.00622    CDp =  0.03030

 Side 1  free  transition at x/c =  0.7394   63
 Side 2  free  transition at x/c =  0.1680   32

  62   rms: 0.3955E+00   max: -.2151E+01   D at   47  2   RLX: 0.232
       a =  0.000      CL =  0.4445
      Cm = -0.1249     CD =  0.03444   =>   CDf =  0.00649    CDp =  0.02796

 Side 1  free  transition at x/c =  0.7404   64
 Side 2  free  transition at x/c =  0.1734   32

  63   rms: 0.3842E+00   max: -.2284E+01   D at   47  2   RLX: 0.219
       a =  0.000      CL =  0.4673
      Cm = -0.1316     CD =  0.03371   =>   CDf =  0.00668    CDp =  0.02702

 Side 1  free  transition at x/c =  0.7397   64
 Side 2  free  transition at x/c =  0.1785   32

  64   rms: 0.3690E+00   max: -.1621E+01   D at   50  2   RLX: 0.308
       a =  0.000      CL =  0.5086
      Cm = -0.1432     CD =  0.03367   =>   CDf =  0.00701    CDp =  0.02666

 Side 1  free  transition at x/c =  0.7393   63
 Side 2  free  transition at x/c =  0.1890   33

  65   rms: 0.3415E+00   max: -.1733E+01   D at   60  2   RLX: 0.288
       a =  0.000      CL =  0.5399
      Cm = -0.1504     CD =  0.03299   =>   CDf =  0.00741    CDp =  0.02558

 MRCHDU: Convergence failed at  55  side 2    Res =  0.2390E+00
 Side 1  free  transition at x/c =  0.7400   64
 Side 2  free  transition at x/c =  0.1989   33

  66   rms: 0.2023E+00   max: -.1045E+01   D at   71  2   RLX: 0.478
       a =  0.000      CL =  0.5595
      Cm = -0.1543     CD =  0.03370   =>   CDf =  0.00813    CDp =  0.02557

 MRCHDU: Convergence failed at  67  side 2    Res =  0.2995E+01
 Side 1  free  transition at x/c =  0.7391   63
 Side 2  free  transition at x/c =  0.2057   34

  67   rms: 0.1419E+00   max: -.8035E+00   D at   73  2   RLX: 0.622
       a =  0.000      CL =  0.5877
      Cm = -0.1587     CD =  0.03344   =>   CDf =  0.00809    CDp =  0.02535

 Side 1  free  transition at x/c =  0.7413   64
 Side 2  free  transition at x/c =  0.2171   34

  68   rms: 0.1003E+00   max: -.5727E+00   D at   74  2   RLX: 0.873
       a =  0.000      CL =  0.5654
      Cm = -0.1559     CD =  0.03507   =>   CDf =  0.00799    CDp =  0.02708

 Side 1  free  transition at x/c =  0.7378   63
 Side 2  free  transition at x/c =  0.1967   33

  69   rms: 0.5015E-01   max: -.3730E+00   T at   33  2
       a =  0.000      CL =  0.5935
      Cm = -0.1584     CD =  0.03349   =>   CDf =  0.00810    CDp =  0.02540

 Side 1  free  transition at x/c =  0.7456   64
 Side 2  free  transition at x/c =  0.2192   34

  70   rms: 0.1869E+00   max: 0.1983E+01   C at   34  2   RLX: 0.665
       a =  0.000      CL =  0.5420
      Cm = -0.1515     CD =  0.03432   =>   CDf =  0.00792    CDp =  0.02640

 Side 1  free  transition at x/c =  0.7366   63
 Side 2  free  transition at x/c =  0.1914   33

  71   rms: 0.7851E-01   max: -.6568E+00   T at   33  2   RLX: 0.761
       a =  0.000      CL =  0.5905
      Cm = -0.1582     CD =  0.03312   =>   CDf =  0.00810    CDp =  0.02502

 Side 1  free  transition at x/c =  0.7457   64
 Side 2  free  transition at x/c =  0.2173   34

  72   rms: 0.1729E+00   max: 0.1366E+01   C at   34  2   RLX: 0.656
       a =  0.000      CL =  0.5410
      Cm = -0.1514     CD =  0.03436   =>   CDf =  0.00794    CDp =  0.02642

 Side 1  free  transition at x/c =  0.7366   63
 Side 2  free  transition at x/c =  0.1922   33

  73   rms: 0.7837E-01   max: -.6292E+00   T at   33  2   RLX: 0.795
       a =  0.000      CL =  0.5925
      Cm = -0.1584     CD =  0.03308   =>   CDf =  0.00809    CDp =  0.02499

 Side 1  free  transition at x/c =  0.7463   64
 Side 2  free  transition at x/c =  0.2197   34

  74   rms: 0.1993E+00   max: 0.2051E+01   C at   34  2   RLX: 0.565
       a =  0.000      CL =  0.5447
      Cm = -0.1520     CD =  0.03360   =>   CDf =  0.00792    CDp =  0.02568

 Side 1  free  transition at x/c =  0.7374   63
 Side 2  free  transition at x/c =  0.1948   33

  75   rms: 0.6344E-01   max: -.4828E+00   T at   33  2
       a =  0.000      CL =  0.5978
      Cm = -0.1589     CD =  0.03316   =>   CDf =  0.00809    CDp =  0.02507

 Side 1  free  transition at x/c =  0.7471   64
 Side 2  free  transition at x/c =  0.2222   35

  76   rms: 0.2419E+00   max: 0.1310E+01   T at   35  2   RLX: 0.540
       a =  0.000      CL =  0.5458
      Cm = -0.1518     CD =  0.03433   =>   CDf =  0.00806    CDp =  0.02627

 MRCHDU: Convergence failed at  35  side 2    Res =  0.8412E+01
 MRCHDU: Convergence failed at  36  side 2    Res =  0.9954E+01
 Side 1  free  transition at x/c =  0.7371   63
 Side 2  free  transition at x/c =  0.1911   33

  77   rms: 0.8443E-01   max: -.6649E+00   D at   36  2   RLX: 0.752
       a =  0.000      CL =  0.5875
      Cm = -0.1576     CD =  0.03377   =>   CDf =  0.00797    CDp =  0.02580

 Side 1  free  transition at x/c =  0.7447   64
 Side 2  free  transition at x/c =  0.2119   34

  78   rms: 0.1364E+00   max: 0.7233E+00   T at   34  2   RLX: 0.883
       a =  0.000      CL =  0.5327
      Cm = -0.1501     CD =  0.03596   =>   CDf =  0.00805    CDp =  0.02791

 MRCHDU: Convergence failed at  34  side 2    Res =  0.5753E+01
 MRCHDU: Convergence failed at  35  side 2    Res =  0.4364E+01
 MRCHDU: Convergence failed at  36  side 2    Res =  0.2119E+01
 MRCHDU: Convergence failed at  37  side 2    Res =  0.1774E+01
 MRCHDU: Convergence failed at  38  side 2    Res =  0.3128E+01
 MRCHDU: Convergence failed at  39  side 2    Res =  0.3113E+01
 MRCHDU: Convergence failed at  40  side 2    Res =  0.3094E+01
 MRCHDU: Convergence failed at  41  side 2    Res =  0.2882E+01
 MRCHDU: Convergence failed at  42  side 2    Res =  0.2297E+01
 MRCHDU: Convergence failed at  43  side 2    Res =  0.2418E+01
 MRCHDU: Convergence failed at  44  side 2    Res =  0.2558E+01
 MRCHDU: Convergence failed at  45  side 2    Res =  0.2634E+01
 MRCHDU: Convergence failed at  46  side 2    Res =  0.2714E+01
 MRCHDU: Convergence failed at  47  side 2    Res =  0.2834E+01
 MRCHDU: Convergence failed at  48  side 2    Res =  0.3346E+01
 MRCHDU: Convergence failed at  49  side 2    Res =  0.3426E+01
 MRCHDU: Convergence failed at  50  side 2    Res =  0.3557E+01
 MRCHDU: Convergence failed at  51  side 2    Res =  0.3613E+01
 MRCHDU: Convergence failed at  52  side 2    Res =  0.3697E+01
 MRCHDU: Convergence failed at  53  side 2    Res =  0.3761E+01
 MRCHDU: Convergence failed at  54  side 2    Res =  0.3905E+01
 MRCHDU: Convergence failed at  55  side 2    Res =  0.4020E+01
 MRCHDU: Convergence failed at  56  side 2    Res =  0.4125E+01
 MRCHDU: Convergence failed at  57  side 2    Res =  0.4342E+01
 MRCHDU: Convergence failed at  58  side 2    Res =  0.4567E+01
 MRCHDU: Convergence failed at  59  side 2    Res =  0.4930E+01
 MRCHDU: Convergence failed at  60  side 2    Res =  0.5296E+01
 MRCHDU: Convergence failed at  61  side 2    Res =  0.5829E+01
 MRCHDU: Convergence failed at  62  side 2    Res =  0.6435E+01
 MRCHDU: Convergence failed at  63  side 2    Res =  0.7436E+01
 MRCHDU: Convergence failed at  64  side 2    Res =  0.8839E+01
 MRCHDU: Convergence failed at  65  side 2    Res =  0.1073E+02
 MRCHDU: Convergence failed at  66  side 2    Res =  0.1264E+02
 MRCHDU: Convergence failed at  67  side 2    Res =  0.1586E+02
 MRCHDU: Convergence failed at  68  side 2    Res =  0.1807E+02
 MRCHDU: Convergence failed at  69  side 2    Res =  0.1894E+02
 MRCHDU: Convergence failed at  70  side 2    Res =  0.2049E+02
 MRCHDU: Convergence failed at  71  side 2    Res =  0.1942E+02
 MRCHDU: Convergence failed at  72  side 2    Res =  0.1715E+02
 MRCHDU: Convergence failed at  73  side 2    Res =  0.1500E+02
 MRCHDU: Convergence failed at  74  side 2    Res =  0.1110E+02
 MRCHDU: Convergence failed at  75  side 2    Res =  0.9024E+01
 MRCHDU: Convergence failed at  76  side 2    Res =  0.6905E+01
 MRCHDU: Convergence failed at  77  side 2    Res =  0.5539E+01
 MRCHDU: Convergence failed at  78  side 2    Res =  0.4449E+01
 Side 1  free  transition at x/c =  0.7348   63
 Side 2  free  transition at x/c =  0.1855   33

  79   rms: 0.2681E+00   max: -.1039E+01   D at   80  2   RLX: 0.481
       a =  0.000      CL =  0.4928
      Cm = -0.1240     CD =  0.03170   =>   CDf =  0.00454    CDp =  0.02715

 Side 1  free  transition at x/c =  0.7475   64
 Side 2  free  transition at x/c =  0.1993   33

  80   rms: 0.2447E+00   max: -.1557E+01   C at   33  2   RLX: 0.321
       a =  0.000      CL =  0.4957
      Cm = -0.1312     CD =  0.03197   =>   CDf =  0.00890    CDp =  0.02307

 Side 1  free  transition at x/c =  0.7404   64
 Side 2  free  transition at x/c =  0.1849   33

  81   rms: 0.8116E-01   max: -.7635E+00   D at   35  2   RLX: 0.655
       a =  0.000      CL =  0.5343
      Cm = -0.1454     CD =  0.03488   =>   CDf =  0.00862    CDp =  0.02626

 Side 1  free  transition at x/c =  0.7386   63
 Side 2  free  transition at x/c =  0.1900   33

  82   rms: 0.5594E-01   max: -.4364E+00   T at   33  2
       a =  0.000      CL =  0.5878
      Cm = -0.1576     CD =  0.03374   =>   CDf =  0.00822    CDp =  0.02552

 Side 1  free  transition at x/c =  0.7443   64
 Side 2  free  transition at x/c =  0.2077   34

  83   rms: 0.1295E+00   max: 0.7238E+00   T at   34  2
       a =  0.000      CL =  0.5292
      Cm = -0.1494     CD =  0.03688   =>   CDf =  0.00808    CDp =  0.02880

 MRCHDU: Convergence failed at  34  side 2    Res =  0.2332E+01
 MRCHDU: Convergence failed at  35  side 2    Res =  0.6184E+01
 MRCHDU: Convergence failed at  36  side 2    Res =  0.1537E+01
 MRCHDU: Convergence failed at  37  side 2    Res =  0.1597E+01
 MRCHDU: Convergence failed at  38  side 2    Res =  0.1647E+01
 MRCHDU: Convergence failed at  39  side 2    Res =  0.1782E+01
 MRCHDU: Convergence failed at  40  side 2    Res =  0.1930E+01
 MRCHDU: Convergence failed at  41  side 2    Res =  0.1950E+01
 MRCHDU: Convergence failed at  42  side 2    Res =  0.2039E+01
 MRCHDU: Convergence failed at  43  side 2    Res =  0.2147E+01
 MRCHDU: Convergence failed at  44  side 2    Res =  0.2266E+01
 MRCHDU: Convergence failed at  45  side 2    Res =  0.2337E+01
 MRCHDU: Convergence failed at  46  side 2    Res =  0.2409E+01
 MRCHDU: Convergence failed at  47  side 2    Res =  0.2964E+01
 MRCHDU: Convergence failed at  48  side 2    Res =  0.3073E+01
 MRCHDU: Convergence failed at  49  side 2    Res =  0.3191E+01
 MRCHDU: Convergence failed at  50  side 2    Res =  0.3312E+01
 MRCHDU: Convergence failed at  51  side 2    Res =  0.3446E+01
 MRCHDU: Convergence failed at  52  side 2    Res =  0.3511E+01
 MRCHDU: Convergence failed at  53  side 2    Res =  0.3593E+01
 MRCHDU: Convergence failed at  54  side 2    Res =  0.3711E+01
 MRCHDU: Convergence failed at  55  side 2    Res =  0.3833E+01
 MRCHDU: Convergence failed at  56  side 2    Res =  0.3988E+01
 MRCHDU: Convergence failed at  57  side 2    Res =  0.4159E+01
 MRCHDU: Convergence failed at  58  side 2    Res =  0.4386E+01
 MRCHDU: Convergence failed at  59  side 2    Res =  0.4618E+01
 MRCHDU: Convergence failed at  60  side 2    Res =  0.5035E+01
 MRCHDU: Convergence failed at  61  side 2    Res =  0.5549E+01
 MRCHDU: Convergence failed at  62  side 2    Res =  0.6225E+01
 MRCHDU: Convergence failed at  63  side 2    Res =  0.7037E+01
 MRCHDU: Convergence failed at  64  side 2    Res =  0.8375E+01
 MRCHDU: Convergence failed at  65  side 2    Res =  0.1015E+02
 MRCHDU: Convergence failed at  66  side 2    Res =  0.1236E+02
 MRCHDU: Convergence failed at  67  side 2    Res =  0.1476E+02
 MRCHDU: Convergence failed at  68  side 2    Res =  0.1681E+02
 MRCHDU: Convergence failed at  69  side 2    Res =  0.1758E+02
 MRCHDU: Convergence failed at  70  side 2    Res =  0.1903E+02
 MRCHDU: Convergence failed at  71  side 2    Res =  0.1811E+02
 MRCHDU: Convergence failed at  72  side 2    Res =  0.1604E+02
 MRCHDU: Convergence failed at  73  side 2    Res =  0.1414E+02
 MRCHDU: Convergence failed at  74  side 2    Res =  0.1065E+02
 MRCHDU: Convergence failed at  75  side 2    Res =  0.8794E+01
 MRCHDU: Convergence failed at  76  side 2    Res =  0.6991E+01
 MRCHDU: Convergence failed at  77  side 2    Res =  0.5753E+01
 MRCHDU: Convergence failed at  78  side 2    Res =  0.4991E+01
 Side 1  free  transition at x/c =  0.7341   63
 Side 2  free  transition at x/c =  0.1850   33

  84   rms: 0.2899E+00   max: -.1470E+01   T at   33  2   RLX: 0.340
       a =  0.000      CL =  0.4728
      Cm = -0.1171     CD =  0.03236   =>   CDf =  0.00454    CDp =  0.02783

 Side 1  free  transition at x/c =  0.7446   64
 Side 2  free  transition at x/c =  0.1991   33

  85   rms: 0.1753E+00   max: -.9480E+00   C at   33  2   RLX: 0.527
       a =  0.000      CL =  0.5016
      Cm = -0.1341     CD =  0.03385   =>   CDf =  0.00902    CDp =  0.02483

 Side 1  free  transition at x/c =  0.7383   63
 Side 2  free  transition at x/c =  0.1866   33

  86   rms: 0.7841E-01   max: -.6049E+00   D at   35  2   RLX: 0.827
       a =  0.000      CL =  0.5749
      Cm = -0.1538     CD =  0.03385   =>   CDf =  0.00847    CDp =  0.02538

 Side 1  free  transition at x/c =  0.7438   64
 Side 2  free  transition at x/c =  0.2008   33

  87   rms: 0.1361E+00   max: -.8037E+00   C at   33  2   RLX: 0.622
       a =  0.000      CL =  0.5495
      Cm = -0.1517     CD =  0.03380   =>   CDf =  0.00833    CDp =  0.02547

 Side 1  free  transition at x/c =  0.7380   63
 Side 2  free  transition at x/c =  0.1889   33

  88   rms: 0.5825E-01   max: -.5202E+00   T at   33  2   RLX: 0.961
       a =  0.000      CL =  0.5909
      Cm = -0.1581     CD =  0.03352   =>   CDf =  0.00813    CDp =  0.02539

 Side 1  free  transition at x/c =  0.7453   64
 Side 2  free  transition at x/c =  0.2045   34

  89   rms: 0.1586E+00   max: 0.1100E+01   T at   34  2   RLX: 0.757
       a =  0.000      CL =  0.5399
      Cm = -0.1507     CD =  0.03640   =>   CDf =  0.00830    CDp =  0.02810

 MRCHDU: Convergence failed at  34  side 2    Res =  0.5153E+01
 MRCHDU: Convergence failed at  35  side 2    Res =  0.2428E+01
 MRCHDU: Convergence failed at  36  side 2    Res =  0.2571E+01
 MRCHDU: Convergence failed at  37  side 2    Res =  0.4515E+01
 MRCHDU: Convergence failed at  38  side 2    Res =  0.4532E+01
 MRCHDU: Convergence failed at  39  side 2    Res =  0.3189E+01
 MRCHDU: Convergence failed at  40  side 2    Res =  0.3091E+01
 MRCHDU: Convergence failed at  41  side 2    Res =  0.3897E+01
 MRCHDU: Convergence failed at  42  side 2    Res =  0.4033E+01
 MRCHDU: Convergence failed at  43  side 2    Res =  0.4206E+01
 MRCHDU: Convergence failed at  44  side 2    Res =  0.4431E+01
 MRCHDU: Convergence failed at  45  side 2    Res =  0.4611E+01
 MRCHDU: Convergence failed at  46  side 2    Res =  0.4787E+01
 MRCHDU: Convergence failed at  47  side 2    Res =  0.5032E+01
 MRCHDU: Convergence failed at  48  side 2    Res =  0.5153E+01
 MRCHDU: Convergence failed at  49  side 2    Res =  0.5352E+01
 MRCHDU: Convergence failed at  50  side 2    Res =  0.5619E+01
 MRCHDU: Convergence failed at  51  side 2    Res =  0.5948E+01
 MRCHDU: Convergence failed at  52  side 2    Res =  0.6215E+01
 MRCHDU: Convergence failed at  53  side 2    Res =  0.6347E+01
 MRCHDU: Convergence failed at  54  side 2    Res =  0.6717E+01
 MRCHDU: Convergence failed at  55  side 2    Res =  0.7078E+01
 MRCHDU: Convergence failed at  56  side 2    Res =  0.7467E+01
 MRCHDU: Convergence failed at  57  side 2    Res =  0.7898E+01
 MRCHDU: Convergence failed at  58  side 2    Res =  0.8434E+01
 MRCHDU: Convergence failed at  59  side 2    Res =  0.9021E+01
 MRCHDU: Convergence failed at  60  side 2    Res =  0.9953E+01
 MRCHDU: Convergence failed at  61  side 2    Res =  0.1121E+02
 MRCHDU: Convergence failed at  62  side 2    Res =  0.1293E+02
 MRCHDU: Convergence failed at  63  side 2    Res =  0.1545E+02
 MRCHDU: Convergence failed at  64  side 2    Res =  0.2054E+02
 MRCHDU: Convergence failed at  65  side 2    Res =  0.2717E+02
 MRCHDU: Convergence failed at  66  side 2    Res =  0.3442E+02
 MRCHDU: Convergence failed at  67  side 2    Res =  0.5443E+02
 MRCHDU: Convergence failed at  68  side 2    Res =  0.9635E+02
 MRCHDU: Convergence failed at  69  side 2    Res =  0.1313E+03
 MRCHDU: Convergence failed at  70  side 2    Res =  0.2981E+03
 MRCHDU: Convergence failed at  71  side 2    Res =  0.2994E+03
 MRCHDU: Convergence failed at  72  side 2    Res =  0.1655E+03
 MRCHDU: Convergence failed at  73  side 2    Res =  0.1142E+03
 MRCHDU: Convergence failed at  74  side 2    Res =  0.5738E+02
 MRCHDU: Convergence failed at  75  side 2    Res =  0.4396E+02
 MRCHDU: Convergence failed at  76  side 2    Res =  0.3159E+02
 MRCHDU: Convergence failed at  77  side 2    Res =  0.3008E+02
 MRCHDU: Convergence failed at  78  side 2    Res =  0.1232E+03
 MRCHDU: Convergence failed at  79  side 2    Res =  0.1417E+02
 Side 1  free  transition at x/c =  0.7355   63
 Side 2  free  transition at x/c =  0.1879   33

  90   rms: 0.1855E+01   max: 0.1991E+02   D at   80  2   RLX: 0.034
       a =  0.000      CL =  0.4263
      Cm = -0.1007     CD =  0.03594   =>   CDf =  0.00456    CDp =  0.03138

 Side 1  free  transition at x/c =  0.7299   63
 Side 2  free  transition at x/c =  0.2092   34

  91   rms: 0.2134E+00   max: -.1326E+01   D at   80  2   RLX: 0.377
       a =  0.000      CL =  0.5393
      Cm = -0.1470     CD =  0.04066   =>   CDf =  0.00813    CDp =  0.03252

 Side 1  free  transition at x/c =  0.7280   63
 Side 2  free  transition at x/c =  0.2270   35

  92   rms: 0.3201E+00   max: -.1854E+01   T at   35  2   RLX: 0.270
       a =  0.000      CL =  0.6061
      Cm = -0.1667     CD =  0.03832   =>   CDf =  0.00747    CDp =  0.03086

 Side 1  free  transition at x/c =  0.7291   64
 Side 2  free  transition at x/c =  0.2573   35

  93   rms: 0.3593E+00   max: 0.2744E+01   C at   35  2   RLX: 0.198
       a =  0.000      CL =  0.6406
      Cm = -0.1746     CD =  0.03796   =>   CDf =  0.00766    CDp =  0.03029

 MRCHDU: Convergence failed at  37  side 2    Res =  0.4983E+01
 MRCHDU: Convergence failed at  62  side 2    Res =  0.9781E+00
 Side 1  free  transition at x/c =  0.7297   64
 Side 2  free  transition at x/c =  0.2888   37

  94   rms: 0.2127E+00   max: -.1301E+01   D at   73  2   RLX: 0.384
       a =  0.000      CL =  0.6348
      Cm = -0.1735     CD =  0.03709   =>   CDf =  0.00748    CDp =  0.02961

 Side 1  free  transition at x/c =  0.7288   64
 Side 2  free  transition at x/c =  0.2766   37

  95   rms: 0.1895E+00   max: 0.1577E+01   T at   37  2   RLX: 0.550
       a =  0.000      CL =  0.6091
      Cm = -0.1696     CD =  0.03796   =>   CDf =  0.00765    CDp =  0.03031

 MRCHDU: Convergence failed at  37  side 2    Res =  0.2316E+01
 Side 1  free  transition at x/c =  0.7270   64
 Side 2  free  transition at x/c =  0.2401   35
 idif Ue xi dudx           1  0.16321713      2.68340111E-03   60.824722    
 Uenew xinew           2  3.33105065E-02  5.47647476E-04

  96   rms: 0.2136E+00   max: 0.2502E+01   T at   35  2   RLX: 0.552
       a =  0.000      CL =  0.5528
      Cm = -0.1580     CD =  0.03807   =>   CDf =  0.00798    CDp =  0.03010

 MRCHDU: Convergence failed at  36  side 2    Res =  0.1441E+02
 Side 1  free  transition at x/c =  0.7255   63
 Side 2  free  transition at x/c =  0.1973   33

  97   rms: 0.9808E-01   max: 0.8230E+00   T at   33  2   RLX: 0.781
       a =  0.000      CL =  0.5086
      Cm = -0.1488     CD =  0.03719   =>   CDf =  0.00829    CDp =  0.02890

 Side 1  free  transition at x/c =  0.7250   63
 Side 2  free  transition at x/c =  0.1728   32

  98   rms: 0.4892E-01   max: -.4479E+00   D at   34  2
       a =  0.000      CL =  0.4972
      Cm = -0.1457     CD =  0.03732   =>   CDf =  0.00818    CDp =  0.02913

 Side 1  free  transition at x/c =  0.7248   63
 Side 2  free  transition at x/c =  0.1685   32

  99   rms: 0.5491E-02   max: -.1154E+00   D at   34  2
       a =  0.000      CL =  0.4971
      Cm = -0.1457     CD =  0.03738   =>   CDf =  0.00818    CDp =  0.02920

 Side 1  free  transition at x/c =  0.7248   63
 Side 2  free  transition at x/c =  0.1680   32

 100   rms: 0.5047E-03   max: -.7471E-02   D at   34  2
       a =  0.000      CL =  0.4972
      Cm = -0.1457     CD =  0.03739   =>   CDf =  0.00819    CDp =  0.02920

 Side 1  free  transition at x/c =  0.7248   63
 Side 2  free  transition at x/c =  0.1680   32

 101   rms: 0.4312E-05   max: -.5241E-04   D at   34  2
       a =  0.000      CL =  0.4972
      Cm = -0.1457     CD =  0.03739   =>   CDf =  0.00819    CDp =  0.02919
 plradd ia,ip,cpol            6           0  1.31340120E-02

 Point added to stored polar  1
 Point written to save file  fx76mp140_Re150k.base.pol                       
 Dump file unspecified or not available
 Calculating wake trajectory ...
 Calculating source influence matrix ...

 Solving BL system ...

 Side 1  free  transition at x/c =  0.7248   63
 Side 2  free  transition at x/c =  0.1680   32

   1   rms: 0.1832E+00   max: -.1631E+01   T at   32  2   RLX: 0.306
       a =  0.500      CL =  0.5207
      Cm = -0.1467     CD =  0.03660   =>   CDf =  0.00820    CDp =  0.02840

 Side 1  free  transition at x/c =  0.7242   63
 Side 2  free  transition at x/c =  0.1839   32

   2   rms: 0.1172E+00   max: -.1489E+01   T at   32  2   RLX: 0.336
       a =  0.500      CL =  0.5416
      Cm = -0.1474     CD =  0.03741   =>   CDf =  0.00827    CDp =  0.02913

 MRCHDU: Convergence failed at  34  side 2    Res =  0.2221E+01
 MRCHDU: Convergence failed at  35  side 2    Res =  0.3889E+01
 MRCHDU: Convergence failed at  36  side 2    Res =  0.9457E+01
 MRCHDU: Convergence failed at  37  side 2    Res =  0.2526E+02
 MRCHDU: Convergence failed at  38  side 2    Res =  0.8376E+02
 MRCHDU: Convergence failed at  39  side 2    Res =  0.6126E+04
 MRCHDU: Convergence failed at  40  side 2    Res =  0.4229E+03
 MRCHDU: Convergence failed at  41  side 2    Res =  0.2531E+04
 MRCHDU: Convergence failed at  42  side 2    Res =  0.1158E+04
 MRCHDU: Convergence failed at  43  side 2    Res =  0.1223E+03
 MRCHDU: Convergence failed at  44  side 2    Res =  0.3219E+03
 MRCHDU: Convergence failed at  45  side 2    Res =  0.2778E+03
 MRCHDU: Convergence failed at  46  side 2    Res =  0.1020E+03
 MRCHDU: Convergence failed at  47  side 2    Res =  0.6013E+02
 MRCHDU: Convergence failed at  48  side 2    Res =  0.4581E+02
 MRCHDU: Convergence failed at  49  side 2    Res =  0.3717E+02
 MRCHDU: Convergence failed at  50  side 2    Res =  0.3064E+02
 MRCHDU: Convergence failed at  51  side 2    Res =  0.2646E+02
 MRCHDU: Convergence failed at  52  side 2    Res =  0.2304E+02
 MRCHDU: Convergence failed at  53  side 2    Res =  0.2109E+02
 MRCHDU: Convergence failed at  54  side 2    Res =  0.1898E+02
 MRCHDU: Convergence failed at  55  side 2    Res =  0.1760E+02
 MRCHDU: Convergence failed at  56  side 2    Res =  0.1653E+02
 MRCHDU: Convergence failed at  57  side 2    Res =  0.1547E+02
 MRCHDU: Convergence failed at  58  side 2    Res =  0.1457E+02
 MRCHDU: Convergence failed at  59  side 2    Res =  0.1390E+02
 MRCHDU: Convergence failed at  60  side 2    Res =  0.1313E+02
 MRCHDU: Convergence failed at  61  side 2    Res =  0.1258E+02
 MRCHDU: Convergence failed at  62  side 2    Res =  0.1197E+02
 MRCHDU: Convergence failed at  63  side 2    Res =  0.1140E+02
 MRCHDU: Convergence failed at  64  side 2    Res =  0.1069E+02
 MRCHDU: Convergence failed at  65  side 2    Res =  0.1027E+02
 MRCHDU: Convergence failed at  66  side 2    Res =  0.1000E+02
 MRCHDU: Convergence failed at  67  side 2    Res =  0.9714E+01
 MRCHDU: Convergence failed at  68  side 2    Res =  0.9588E+01
 MRCHDU: Convergence failed at  69  side 2    Res =  0.9618E+01
 MRCHDU: Convergence failed at  70  side 2    Res =  0.9607E+01
 MRCHDU: Convergence failed at  71  side 2    Res =  0.9824E+01
 MRCHDU: Convergence failed at  72  side 2    Res =  0.1017E+02
 MRCHDU: Convergence failed at  73  side 2    Res =  0.1058E+02
 MRCHDU: Convergence failed at  74  side 2    Res =  0.1127E+02
 MRCHDU: Convergence failed at  75  side 2    Res =  0.1182E+02
 MRCHDU: Convergence failed at  76  side 2    Res =  0.1238E+02
 MRCHDU: Convergence failed at  77  side 2    Res =  0.1190E+02
 MRCHDU: Convergence failed at  78  side 2    Res =  0.8392E+01
 MRCHDU: Convergence failed at  79  side 2    Res =  0.5077E+01
 Side 1  free  transition at x/c =  0.7236   63
 Side 2  free  transition at x/c =  0.2047   34

   3   rms: 0.1461E+01   max: 0.1231E+02   T at   34  2   RLX: 0.122
       a =  0.500      CL =  0.2197
      Cm = -0.0435     CD =  0.03432   =>   CDf =  0.00453    CDp =  0.02979

 MRCHDU: Convergence failed at  34  side 2    Res =  0.3526E+03
 MRCHDU: Convergence failed at  35  side 2    Res =  0.1255E+02
 Side 1  free  transition at x/c =  0.7224   62
 Side 2  free  transition at x/c =  0.1597   31

   4   rms: 0.2785E+00   max: -.1596E+01   T at   31  2   RLX: 0.313
       a =  0.500      CL =  0.3796
      Cm = -0.0919     CD =  0.04219   =>   CDf =  0.00667    CDp =  0.03552

 Side 1  free  transition at x/c =  0.7234   63
 Side 2  free  transition at x/c =  0.1783   32

   5   rms: 0.3028E+00   max: -.1791E+01   D at   53  2   RLX: 0.279
       a =  0.500      CL =  0.4428
      Cm = -0.1102     CD =  0.03905   =>   CDf =  0.00710    CDp =  0.03195

 Side 1  free  transition at x/c =  0.7233   62
 Side 2  free  transition at x/c =  0.1957   33

   6   rms: 0.3997E+00   max: -.2447E+01   D at   48  2   RLX: 0.204
       a =  0.500      CL =  0.4736
      Cm = -0.1199     CD =  0.03654   =>   CDf =  0.00736    CDp =  0.02918

 Side 1  free  transition at x/c =  0.7234   62
 Side 2  free  transition at x/c =  0.2046   34

   7   rms: 0.3719E+00   max: -.1708E+01   D at   50  2   RLX: 0.293
       a =  0.500      CL =  0.5077
      Cm = -0.1300     CD =  0.03543   =>   CDf =  0.00757    CDp =  0.02786

 Side 1  free  transition at x/c =  0.7236   63
 Side 2  free  transition at x/c =  0.2144   34

   8   rms: 0.3225E+00   max: -.2095E+01   D at   59  2   RLX: 0.239
       a =  0.500      CL =  0.5320
      Cm = -0.1360     CD =  0.03566   =>   CDf =  0.00792    CDp =  0.02774

 MRCHDU: Convergence failed at  55  side 2    Res =  0.5176E+00
 MRCHDU: Convergence failed at  56  side 2    Res =  0.2112E+00
 MRCHDU: Convergence failed at  57  side 2    Res =  0.1430E+01
 MRCHDU: Convergence failed at  58  side 2    Res =  0.5333E+00
 MRCHDU: Convergence failed at  59  side 2    Res =  0.4459E+00
 MRCHDU: Convergence failed at  60  side 2    Res =  0.5255E+00
 MRCHDU: Convergence failed at  61  side 2    Res =  0.6088E+00
 MRCHDU: Convergence failed at  62  side 2    Res =  0.1855E+01
 MRCHDU: Convergence failed at  63  side 2    Res =  0.6098E+01
 Side 1  free  transition at x/c =  0.7235   63
 Side 2  free  transition at x/c =  0.2297   35

   9   rms: 0.1944E+00   max: -.3876E+00   D at   81  2   RLX: 0.638
       a =  0.500      CL =  0.5171
      Cm = -0.1272     CD =  0.03534   =>   CDf =  0.00975    CDp =  0.02559

 Side 1  free  transition at x/c =  0.7231   62
 Side 2  free  transition at x/c =  0.2418   36

  10   rms: 0.9118E-01   max: -.4296E+00   C at   36  2
       a =  0.500      CL =  0.5810
      Cm = -0.1490     CD =  0.03504   =>   CDf =  0.00797    CDp =  0.02708

 Side 1  free  transition at x/c =  0.7247   64
 Side 2  free  transition at x/c =  0.2629   36

  11   rms: 0.3352E-01   max: 0.1450E+00   T at   64  1
       a =  0.500      CL =  0.5774
      Cm = -0.1489     CD =  0.03597   =>   CDf =  0.00779    CDp =  0.02817

 Side 1  free  transition at x/c =  0.7227   63
 Side 2  free  transition at x/c =  0.2595   36

  12   rms: 0.1933E-01   max: -.1775E+00   C at   36  2
       a =  0.500      CL =  0.5872
      Cm = -0.1502     CD =  0.03535   =>   CDf =  0.00778    CDp =  0.02758

 Side 1  free  transition at x/c =  0.7246   64
 Side 2  free  transition at x/c =  0.2701   36

  13   rms: 0.3250E-01   max: 0.1380E+00   T at   64  1
       a =  0.500      CL =  0.5778
      Cm = -0.1489     CD =  0.03593   =>   CDf =  0.00773    CDp =  0.02819

 Side 1  free  transition at x/c =  0.7228   63
 Side 2  free  transition at x/c =  0.2575   35

  14   rms: 0.1579E-01   max: -.1442E+00   T at   35  2
       a =  0.500      CL =  0.5875
      Cm = -0.1501     CD =  0.03544   =>   CDf =  0.00781    CDp =  0.02763

 Side 1  free  transition at x/c =  0.7246   64
 Side 2  free  transition at x/c =  0.2744   36

  15   rms: 0.3995E-01   max: -.3889E+00   C at   36  2
       a =  0.500      CL =  0.5775
      Cm = -0.1489     CD =  0.03588   =>   CDf =  0.00780    CDp =  0.02808

 Side 1  free  transition at x/c =  0.7228   63
 Side 2  free  transition at x/c =  0.2551   35

  16   rms: 0.1931E-01   max: -.1811E+00   T at   35  2
       a =  0.500      CL =  0.5874
      Cm = -0.1501     CD =  0.03543   =>   CDf =  0.00783    CDp =  0.02760

 Side 1  free  transition at x/c =  0.7246   64
 Side 2  free  transition at x/c =  0.2740   36

  17   rms: 0.3962E-01   max: -.3794E+00   C at   36  2
       a =  0.500      CL =  0.5775
      Cm = -0.1489     CD =  0.03588   =>   CDf =  0.00780    CDp =  0.02808

 Side 1  free  transition at x/c =  0.7228   63
 Side 2  free  transition at x/c =  0.2554   35

  18   rms: 0.1888E-01   max: -.1768E+00   T at   35  2
       a =  0.500      CL =  0.5874
      Cm = -0.1501     CD =  0.03543   =>   CDf =  0.00783    CDp =  0.02760

 Side 1  free  transition at x/c =  0.7246   64
 Side 2  free  transition at x/c =  0.2741   36

  19   rms: 0.3965E-01   max: -.3803E+00   C at   36  2
       a =  0.500      CL =  0.5775
      Cm = -0.1489     CD =  0.03588   =>   CDf =  0.00780    CDp =  0.02808

 Side 1  free  transition at x/c =  0.7228   63
 Side 2  free  transition at x/c =  0.2553   35

  20   rms: 0.1892E-01   max: -.1773E+00   T at   35  2
       a =  0.500      CL =  0.5874
      Cm = -0.1501     CD =  0.03543   =>   CDf =  0.00783    CDp =  0.02760

 Side 1  free  transition at x/c =  0.7246   64
 Side 2  free  transition at x/c =  0.2740   36

  21   rms: 0.3964E-01   max: -.3802E+00   C at   36  2
       a =  0.500      CL =  0.5775
      Cm = -0.1489     CD =  0.03588   =>   CDf =  0.00780    CDp =  0.02808

 Side 1  free  transition at x/c =  0.7228   63
 Side 2  free  transition at x/c =  0.2553   35

  22   rms: 0.1891E-01   max: -.1772E+00   T at   35  2
       a =  0.500      CL =  0.5874
      Cm = -0.1501     CD =  0.03543   =>   CDf =  0.00783    CDp =  0.02760

 Side 1  free  transition at x/c =  0.7246   64
 Side 2  free  transition at x/c =  0.2740   36

  23   rms: 0.3964E-01   max: -.3802E+00   C at   36  2
       a =  0.500      CL =  0.5775
      Cm = -0.1489     CD =  0.03588   =>   CDf =  0.00780    CDp =  0.02808

 Side 1  free  transition at x/c =  0.7228   63
 Side 2  free  transition at x/c =  0.2553   35

  24   rms: 0.1891E-01   max: -.1772E+00   T at   35  2
       a =  0.500      CL =  0.5874
      Cm = -0.1501     CD =  0.03543   =>   CDf =  0.00783    CDp =  0.02760

 Side 1  free  transition at x/c =  0.7246   64
 Side 2  free  transition at x/c =  0.2740   36

  25   rms: 0.3964E-01   max: -.3802E+00   C at   36  2
       a =  0.500      CL =  0.5775
      Cm = -0.1489     CD =  0.03588   =>   CDf =  0.00780    CDp =  0.02808

 Side 1  free  transition at x/c =  0.7228   63
 Side 2  free  transition at x/c =  0.2553   35

  26   rms: 0.1892E-01   max: -.1772E+00   T at   35  2
       a =  0.500      CL =  0.5874
      Cm = -0.1501     CD =  0.03543   =>   CDf =  0.00783    CDp =  0.02760

 Side 1  free  transition at x/c =  0.7246   64
 Side 2  free  transition at x/c =  0.2740   36

  27   rms: 0.3965E-01   max: -.3802E+00   C at   36  2
       a =  0.500      CL =  0.5775
      Cm = -0.1489     CD =  0.03588   =>   CDf =  0.00780    CDp =  0.02808

 Side 1  free  transition at x/c =  0.7228   63
 Side 2  free  transition at x/c =  0.2553   35

  28   rms: 0.1892E-01   max: -.1772E+00   T at   35  2
       a =  0.500      CL =  0.5874
      Cm = -0.1501     CD =  0.03543   =>   CDf =  0.00783    CDp =  0.02760

 Side 1  free  transition at x/c =  0.7246   64
 Side 2  free  transition at x/c =  0.2740   36

  29   rms: 0.3965E-01   max: -.3802E+00   C at   36  2
       a =  0.500      CL =  0.5775
      Cm = -0.1489     CD =  0.03588   =>   CDf =  0.00780    CDp =  0.02808

 Side 1  free  transition at x/c =  0.7228   63
 Side 2  free  transition at x/c =  0.2553   35

  30   rms: 0.1892E-01   max: -.1773E+00   T at   35  2
       a =  0.500      CL =  0.5874
      Cm = -0.1501     CD =  0.03543   =>   CDf =  0.00783    CDp =  0.02760

 Side 1  free  transition at x/c =  0.7246   64
 Side 2  free  transition at x/c =  0.2740   36

  31   rms: 0.3964E-01   max: -.3802E+00   C at   36  2
       a =  0.500      CL =  0.5775
      Cm = -0.1489     CD =  0.03588   =>   CDf =  0.00780    CDp =  0.02808

 Side 1  free  transition at x/c =  0.7228   63
 Side 2  free  transition at x/c =  0.2553   35

  32   rms: 0.1892E-01   max: -.1772E+00   T at   35  2
       a =  0.500      CL =  0.5874
      Cm = -0.1501     CD =  0.03543   =>   CDf =  0.00783    CDp =  0.02760

 Side 1  free  transition at x/c =  0.7246   64
 Side 2  free  transition at x/c =  0.2740   36

  33   rms: 0.3964E-01   max: -.3802E+00   C at   36  2
       a =  0.500      CL =  0.5775
      Cm = -0.1489     CD =  0.03588   =>   CDf =  0.00780    CDp =  0.02808

 Side 1  free  transition at x/c =  0.7228   63
 Side 2  free  transition at x/c =  0.2553   35

  34   rms: 0.1892E-01   max: -.1772E+00   T at   35  2
       a =  0.500      CL =  0.5874
      Cm = -0.1501     CD =  0.03543   =>   CDf =  0.00783    CDp =  0.02760

 Side 1  free  transition at x/c =  0.7246   64
 Side 2  free  transition at x/c =  0.2740   36

  35   rms: 0.3964E-01   max: -.3802E+00   C at   36  2
       a =  0.500      CL =  0.5775
      Cm = -0.1489     CD =  0.03588   =>   CDf =  0.00780    CDp =  0.02808

 Side 1  free  transition at x/c =  0.7228   63
 Side 2  free  transition at x/c =  0.2553   35

  36   rms: 0.1892E-01   max: -.1773E+00   T at   35  2
       a =  0.500      CL =  0.5874
      Cm = -0.1501     CD =  0.03543   =>   CDf =  0.00783    CDp =  0.02760

 Side 1  free  transition at x/c =  0.7246   64
 Side 2  free  transition at x/c =  0.2740   36

  37   rms: 0.3964E-01   max: -.3802E+00   C at   36  2
       a =  0.500      CL =  0.5775
      Cm = -0.1489     CD =  0.03588   =>   CDf =  0.00780    CDp =  0.02808

 Side 1  free  transition at x/c =  0.7228   63
 Side 2  free  transition at x/c =  0.2553   35

  38   rms: 0.1892E-01   max: -.1772E+00   T at   35  2
       a =  0.500      CL =  0.5874
      Cm = -0.1501     CD =  0.03543   =>   CDf =  0.00783    CDp =  0.02760

 Side 1  free  transition at x/c =  0.7246   64
 Side 2  free  transition at x/c =  0.2740   36

  39   rms: 0.3964E-01   max: -.3802E+00   C at   36  2
       a =  0.500      CL =  0.5775
      Cm = -0.1489     CD =  0.03588   =>   CDf =  0.00780    CDp =  0.02808

 Side 1  free  transition at x/c =  0.7228   63
 Side 2  free  transition at x/c =  0.2553   35

  40   rms: 0.1892E-01   max: -.1772E+00   T at   35  2
       a =  0.500      CL =  0.5874
      Cm = -0.1501     CD =  0.03543   =>   CDf =  0.00783    CDp =  0.02760

 Side 1  free  transition at x/c =  0.7246   64
 Side 2  free  transition at x/c =  0.2740   36

  41   rms: 0.3964E-01   max: -.3802E+00   C at   36  2
       a =  0.500      CL =  0.5775
      Cm = -0.1489     CD =  0.03588   =>   CDf =  0.00780    CDp =  0.02808

 Side 1  free  transition at x/c =  0.7228   63
 Side 2  free  transition at x/c =  0.2553   35

  42   rms: 0.1891E-01   max: -.1772E+00   T at   35  2
       a =  0.500      CL =  0.5874
      Cm = -0.1501     CD =  0.03543   =>   CDf =  0.00783    CDp =  0.02760

 Side 1  free  transition at x/c =  0.7246   64
 Side 2  free  transition at x/c =  0.2740   36

  43   rms: 0.3964E-01   max: -.3801E+00   C at   36  2
       a =  0.500      CL =  0.5775
      Cm = -0.1489     CD =  0.03588   =>   CDf =  0.00780    CDp =  0.02808

 Side 1  free  transition at x/c =  0.7228   63
 Side 2  free  transition at x/c =  0.2553   35

  44   rms: 0.1891E-01   max: -.1772E+00   T at   35  2
       a =  0.500      CL =  0.5874
      Cm = -0.1501     CD =  0.03543   =>   CDf =  0.00783    CDp =  0.02760

 Side 1  free  transition at x/c =  0.7246   64
 Side 2  free  transition at x/c =  0.2740   36

  45   rms: 0.3964E-01   max: -.3802E+00   C at   36  2
       a =  0.500      CL =  0.5775
      Cm = -0.1489     CD =  0.03588   =>   CDf =  0.00780    CDp =  0.02808

 Side 1  free  transition at x/c =  0.7228   63
 Side 2  free  transition at x/c =  0.2553   35

  46   rms: 0.1891E-01   max: -.1772E+00   T at   35  2
       a =  0.500      CL =  0.5874
      Cm = -0.1501     CD =  0.03543   =>   CDf =  0.00783    CDp =  0.02760

 Side 1  free  transition at x/c =  0.7246   64
 Side 2  free  transition at x/c =  0.2740   36

  47   rms: 0.3964E-01   max: -.3801E+00   C at   36  2
       a =  0.500      CL =  0.5775
      Cm = -0.1489     CD =  0.03588   =>   CDf =  0.00780    CDp =  0.02808

 Side 1  free  transition at x/c =  0.7228   63
 Side 2  free  transition at x/c =  0.2553   35

  48   rms: 0.1892E-01   max: -.1772E+00   T at   35  2
       a =  0.500      CL =  0.5874
      Cm = -0.1501     CD =  0.03543   =>   CDf =  0.00783    CDp =  0.02760

 Side 1  free  transition at x/c =  0.7246   64
 Side 2  free  transition at x/c =  0.2740   36

  49   rms: 0.3964E-01   max: -.3802E+00   C at   36  2
       a =  0.500      CL =  0.5775
      Cm = -0.1489     CD =  0.03588   =>   CDf =  0.00780    CDp =  0.02808

 Side 1  free  transition at x/c =  0.7228   63
 Side 2  free  transition at x/c =  0.2553   35

  50   rms: 0.1891E-01   max: -.1772E+00   T at   35  2
       a =  0.500      CL =  0.5874
      Cm = -0.1501     CD =  0.03543   =>   CDf =  0.00783    CDp =  0.02760

 Side 1  free  transition at x/c =  0.7246   64
 Side 2  free  transition at x/c =  0.2740   36

  51   rms: 0.3964E-01   max: -.3802E+00   C at   36  2
       a =  0.500      CL =  0.5775
      Cm = -0.1489     CD =  0.03588   =>   CDf =  0.00780    CDp =  0.02808

 Side 1  free  transition at x/c =  0.7228   63
 Side 2  free  transition at x/c =  0.2553   35

  52   rms: 0.1891E-01   max: -.1772E+00   T at   35  2
       a =  0.500      CL =  0.5874
      Cm = -0.1501     CD =  0.03543   =>   CDf =  0.00783    CDp =  0.02760

 Side 1  free  transition at x/c =  0.7246   64
 Side 2  free  transition at x/c =  0.2740   36

  53   rms: 0.3964E-01   max: -.3802E+00   C at   36  2
       a =  0.500      CL =  0.5775
      Cm = -0.1489     CD =  0.03588   =>   CDf =  0.00780    CDp =  0.02808

 Side 1  free  transition at x/c =  0.7228   63
 Side 2  free  transition at x/c =  0.2553   35

  54   rms: 0.1891E-01   max: -.1772E+00   T at   35  2
       a =  0.500      CL =  0.5874
      Cm = -0.1501     CD =  0.03543   =>   CDf =  0.00783    CDp =  0.02760

 Side 1  free  transition at x/c =  0.7246   64
 Side 2  free  transition at x/c =  0.2740   36

  55   rms: 0.3964E-01   max: -.3802E+00   C at   36  2
       a =  0.500      CL =  0.5775
      Cm = -0.1489     CD =  0.03588   =>   CDf =  0.00780    CDp =  0.02808

 Side 1  free  transition at x/c =  0.7228   63
 Side 2  free  transition at x/c =  0.2553   35

  56   rms: 0.1892E-01   max: -.1772E+00   T at   35  2
       a =  0.500      CL =  0.5874
      Cm = -0.1501     CD =  0.03543   =>   CDf =  0.00783    CDp =  0.02760

 Side 1  free  transition at x/c =  0.7246   64
 Side 2  free  transition at x/c =  0.2740   36

  57   rms: 0.3964E-01   max: -.3802E+00   C at   36  2
       a =  0.500      CL =  0.5775
      Cm = -0.1489     CD =  0.03588   =>   CDf =  0.00780    CDp =  0.02808

 Side 1  free  transition at x/c =  0.7228   63
 Side 2  free  transition at x/c =  0.2553   35

  58   rms: 0.1891E-01   max: -.1772E+00   T at   35  2
       a =  0.500      CL =  0.5874
      Cm = -0.1501     CD =  0.03543   =>   CDf =  0.00783    CDp =  0.02760

 Side 1  free  transition at x/c =  0.7246   64
 Side 2  free  transition at x/c =  0.2740   36

  59   rms: 0.3964E-01   max: -.3802E+00   C at   36  2
       a =  0.500      CL =  0.5775
      Cm = -0.1489     CD =  0.03588   =>   CDf =  0.00780    CDp =  0.02808

 Side 1  free  transition at x/c =  0.7228   63
 Side 2  free  transition at x/c =  0.2553   35

  60   rms: 0.1892E-01   max: -.1772E+00   T at   35  2
       a =  0.500      CL =  0.5874
      Cm = -0.1501     CD =  0.03543   =>   CDf =  0.00783    CDp =  0.02760

 Side 1  free  transition at x/c =  0.7246   64
 Side 2  free  transition at x/c =  0.2740   36

  61   rms: 0.3964E-01   max: -.3801E+00   C at   36  2
       a =  0.500      CL =  0.5775
      Cm = -0.1489     CD =  0.03588   =>   CDf =  0.00780    CDp =  0.02808

 Side 1  free  transition at x/c =  0.7228   63
 Side 2  free  transition at x/c =  0.2553   35

  62   rms: 0.1892E-01   max: -.1772E+00   T at   35  2
       a =  0.500      CL =  0.5874
      Cm = -0.1501     CD =  0.03543   =>   CDf =  0.00783    CDp =  0.02760

 Side 1  free  transition at x/c =  0.7246   64
 Side 2  free  transition at x/c =  0.2740   36

  63   rms: 0.3964E-01   max: -.3802E+00   C at   36  2
       a =  0.500      CL =  0.5775
      Cm = -0.1489     CD =  0.03588   =>   CDf =  0.00780    CDp =  0.02808

 Side 1  free  transition at x/c =  0.7228   63
 Side 2  free  transition at x/c =  0.2553   35

  64   rms: 0.1891E-01   max: -.1772E+00   T at   35  2
       a =  0.500      CL =  0.5874
      Cm = -0.1501     CD =  0.03543   =>   CDf =  0.00783    CDp =  0.02760

 Side 1  free  transition at x/c =  0.7246   64
 Side 2  free  transition at x/c =  0.2740   36

  65   rms: 0.3965E-01   max: -.3802E+00   C at   36  2
       a =  0.500      CL =  0.5775
      Cm = -0.1489     CD =  0.03588   =>   CDf =  0.00780    CDp =  0.02808

 Side 1  free  transition at x/c =  0.7228   63
 Side 2  free  transition at x/c =  0.2553   35

  66   rms: 0.1892E-01   max: -.1772E+00   T at   35  2
       a =  0.500      CL =  0.5874
      Cm = -0.1501     CD =  0.03543   =>   CDf =  0.00783    CDp =  0.02760

 Side 1  free  transition at x/c =  0.7246   64
 Side 2  free  transition at x/c =  0.2740   36

  67   rms: 0.3964E-01   max: -.3802E+00   C at   36  2
       a =  0.500      CL =  0.5775
      Cm = -0.1489     CD =  0.03588   =>   CDf =  0.00780    CDp =  0.02808

 Side 1  free  transition at x/c =  0.7228   63
 Side 2  free  transition at x/c =  0.2553   35

  68   rms: 0.1891E-01   max: -.1772E+00   T at   35  2
       a =  0.500      CL =  0.5874
      Cm = -0.1501     CD =  0.03543   =>   CDf =  0.00783    CDp =  0.02760

 Side 1  free  transition at x/c =  0.7246   64
 Side 2  free  transition at x/c =  0.2740   36

  69   rms: 0.3964E-01   max: -.3801E+00   C at   36  2
       a =  0.500      CL =  0.5775
      Cm = -0.1489     CD =  0.03588   =>   CDf =  0.00780    CDp =  0.02808

 Side 1  free  transition at x/c =  0.7228   63
 Side 2  free  transition at x/c =  0.2553   35

  70   rms: 0.1891E-01   max: -.1772E+00   T at   35  2
       a =  0.500      CL =  0.5874
      Cm = -0.1501     CD =  0.03543   =>   CDf =  0.00783    CDp =  0.02760

 Side 1  free  transition at x/c =  0.7246   64
 Side 2  free  transition at x/c =  0.2740   36

  71   rms: 0.3964E-01   max: -.3802E+00   C at   36  2
       a =  0.500      CL =  0.5775
      Cm = -0.1489     CD =  0.03588   =>   CDf =  0.00780    CDp =  0.02808

 Side 1  free  transition at x/c =  0.7228   63
 Side 2  free  transition at x/c =  0.2553   35

  72   rms: 0.1892E-01   max: -.1772E+00   T at   35  2
       a =  0.500      CL =  0.5874
      Cm = -0.1501     CD =  0.03543   =>   CDf =  0.00783    CDp =  0.02760

 Side 1  free  transition at x/c =  0.7246   64
 Side 2  free  transition at x/c =  0.2740   36

  73   rms: 0.3964E-01   max: -.3802E+00   C at   36  2
       a =  0.500      CL =  0.5775
      Cm = -0.1489     CD =  0.03588   =>   CDf =  0.00780    CDp =  0.02808

 Side 1  free  transition at x/c =  0.7228   63
 Side 2  free  transition at x/c =  0.2553   35

  74   rms: 0.1892E-01   max: -.1772E+00   T at   35  2
       a =  0.500      CL =  0.5874
      Cm = -0.1501     CD =  0.03543   =>   CDf =  0.00783    CDp =  0.02760

 Side 1  free  transition at x/c =  0.7246   64
 Side 2  free  transition at x/c =  0.2740   36

  75   rms: 0.3964E-01   max: -.3802E+00   C at   36  2
       a =  0.500      CL =  0.5775
      Cm = -0.1489     CD =  0.03588   =>   CDf =  0.00780    CDp =  0.02808

 Side 1  free  transition at x/c =  0.7228   63
 Side 2  free  transition at x/c =  0.2553   35

  76   rms: 0.1891E-01   max: -.1772E+00   T at   35  2
       a =  0.500      CL =  0.5874
      Cm = -0.1501     CD =  0.03543   =>   CDf =  0.00783    CDp =  0.02760

 Side 1  free  transition at x/c =  0.7246   64
 Side 2  free  transition at x/c =  0.2740   36

  77   rms: 0.3964E-01   max: -.3802E+00   C at   36  2
       a =  0.500      CL =  0.5775
      Cm = -0.1489     CD =  0.03588   =>   CDf =  0.00780    CDp =  0.02808

 Side 1  free  transition at x/c =  0.7228   63
 Side 2  free  transition at x/c =  0.2553   35

  78   rms: 0.1892E-01   max: -.1772E+00   T at   35  2
       a =  0.500      CL =  0.5874
      Cm = -0.1501     CD =  0.03543   =>   CDf =  0.00783    CDp =  0.02760

 Side 1  free  transition at x/c =  0.7246   64
 Side 2  free  transition at x/c =  0.2740   36

  79   rms: 0.3964E-01   max: -.3802E+00   C at   36  2
       a =  0.500      CL =  0.5775
      Cm = -0.1489     CD =  0.03588   =>   CDf =  0.00780    CDp =  0.02808

 Side 1  free  transition at x/c =  0.7228   63
 Side 2  free  transition at x/c =  0.2553   35

  80   rms: 0.1892E-01   max: -.1772E+00   T at   35  2
       a =  0.500      CL =  0.5874
      Cm = -0.1501     CD =  0.03543   =>   CDf =  0.00783    CDp =  0.02760

 Side 1  free  transition at x/c =  0.7246   64
 Side 2  free  transition at x/c =  0.2740   36

  81   rms: 0.3965E-01   max: -.3802E+00   C at   36  2
       a =  0.500      CL =  0.5775
      Cm = -0.1489     CD =  0.03588   =>   CDf =  0.00780    CDp =  0.02808

 Side 1  free  transition at x/c =  0.7228   63
 Side 2  free  transition at x/c =  0.2553   35

  82   rms: 0.1892E-01   max: -.1772E+00   T at   35  2
       a =  0.500      CL =  0.5874
      Cm = -0.1501     CD =  0.03543   =>   CDf =  0.00783    CDp =  0.02760

 Side 1  free  transition at x/c =  0.7246   64
 Side 2  free  transition at x/c =  0.2740   36

  83   rms: 0.3964E-01   max: -.3802E+00   C at   36  2
       a =  0.500      CL =  0.5775
      Cm = -0.1489     CD =  0.03588   =>   CDf =  0.00780    CDp =  0.02808

 Side 1  free  transition at x/c =  0.7228   63
 Side 2  free  transition at x/c =  0.2553   35

  84   rms: 0.1892E-01   max: -.1772E+00   T at   35  2
       a =  0.500      CL =  0.5874
      Cm = -0.1501     CD =  0.03543   =>   CDf =  0.00783    CDp =  0.02760

 Side 1  free  transition at x/c =  0.7246   64
 Side 2  free  transition at x/c =  0.2740   36

  85   rms: 0.3964E-01   max: -.3802E+00   C at   36  2
       a =  0.500      CL =  0.5775
      Cm = -0.1489     CD =  0.03588   =>   CDf =  0.00780    CDp =  0.02808

 Side 1  free  transition at x/c =  0.7228   63
 Side 2  free  transition at x/c =  0.2553   35

  86   rms: 0.1892E-01   max: -.1772E+00   T at   35  2
       a =  0.500      CL =  0.5874
      Cm = -0.1501     CD =  0.03543   =>   CDf =  0.00783    CDp =  0.02760

 Side 1  free  transition at x/c =  0.7246   64
 Side 2  free  transition at x/c =  0.2740   36

  87   rms: 0.3964E-01   max: -.3802E+00   C at   36  2
       a =  0.500      CL =  0.5775
      Cm = -0.1489     CD =  0.03588   =>   CDf =  0.00780    CDp =  0.02808

 Side 1  free  transition at x/c =  0.7228   63
 Side 2  free  transition at x/c =  0.2553   35

  88   rms: 0.1891E-01   max: -.1772E+00   T at   35  2
       a =  0.500      CL =  0.5874
      Cm = -0.1501     CD =  0.03543   =>   CDf =  0.00783    CDp =  0.02760

 Side 1  free  transition at x/c =  0.7246   64
 Side 2  free  transition at x/c =  0.2740   36

  89   rms: 0.3964E-01   max: -.3802E+00   C at   36  2
       a =  0.500      CL =  0.5775
      Cm = -0.1489     CD =  0.03588   =>   CDf =  0.00780    CDp =  0.02808

 Side 1  free  transition at x/c =  0.7228   63
 Side 2  free  transition at x/c =  0.2553   35

  90   rms: 0.1891E-01   max: -.1772E+00   T at   35  2
       a =  0.500      CL =  0.5874
      Cm = -0.1501     CD =  0.03543   =>   CDf =  0.00783    CDp =  0.02760

 Side 1  free  transition at x/c =  0.7246   64
 Side 2  free  transition at x/c =  0.2740   36

  91   rms: 0.3964E-01   max: -.3802E+00   C at   36  2
       a =  0.500      CL =  0.5775
      Cm = -0.1489     CD =  0.03588   =>   CDf =  0.00780    CDp =  0.02808

 Side 1  free  transition at x/c =  0.7228   63
 Side 2  free  transition at x/c =  0.2553   35

  92   rms: 0.1892E-01   max: -.1772E+00   T at   35  2
       a =  0.500      CL =  0.5874
      Cm = -0.1501     CD =  0.03543   =>   CDf =  0.00783    CDp =  0.02760

 Side 1  free  transition at x/c =  0.7246   64
 Side 2  free  transition at x/c =  0.2740   36

  93   rms: 0.3964E-01   max: -.3802E+00   C at   36  2
       a =  0.500      CL =  0.5775
      Cm = -0.1489     CD =  0.03588   =>   CDf =  0.00780    CDp =  0.02808

 Side 1  free  transition at x/c =  0.7228   63
 Side 2  free  transition at x/c =  0.2553   35

  94   rms: 0.1891E-01   max: -.1772E+00   T at   35  2
       a =  0.500      CL =  0.5874
      Cm = -0.1501     CD =  0.03543   =>   CDf =  0.00783    CDp =  0.02760

 Side 1  free  transition at x/c =  0.7246   64
 Side 2  free  transition at x/c =  0.2740   36

  95   rms: 0.3964E-01   max: -.3802E+00   C at   36  2
       a =  0.500      CL =  0.5775
      Cm = -0.1489     CD =  0.03588   =>   CDf =  0.00780    CDp =  0.02808

 Side 1  free  transition at x/c =  0.7228   63
 Side 2  free  transition at x/c =  0.2553   35

  96   rms: 0.1892E-01   max: -.1772E+00   T at   35  2
       a =  0.500      CL =  0.5874
      Cm = -0.1501     CD =  0.03543   =>   CDf =  0.00783    CDp =  0.02760

 Side 1  free  transition at x/c =  0.7246   64
 Side 2  free  transition at x/c =  0.2740   36

  97   rms: 0.3964E-01   max: -.3802E+00   C at   36  2
       a =  0.500      CL =  0.5775
      Cm = -0.1489     CD =  0.03588   =>   CDf =  0.00780    CDp =  0.02808

 Side 1  free  transition at x/c =  0.7228   63
 Side 2  free  transition at x/c =  0.2553   35

  98   rms: 0.1891E-01   max: -.1772E+00   T at   35  2
       a =  0.500      CL =  0.5874
      Cm = -0.1501     CD =  0.03543   =>   CDf =  0.00783    CDp =  0.02760

 Side 1  free  transition at x/c =  0.7246   64
 Side 2  free  transition at x/c =  0.2740   36

  99   rms: 0.3964E-01   max: -.3802E+00   C at   36  2
       a =  0.500      CL =  0.5775
      Cm = -0.1489     CD =  0.03588   =>   CDf =  0.00780    CDp =  0.02808

 Side 1  free  transition at x/c =  0.7228   63
 Side 2  free  transition at x/c =  0.2553   35

 100   rms: 0.1892E-01   max: -.1772E+00   T at   35  2
       a =  0.500      CL =  0.5874
      Cm = -0.1501     CD =  0.03543   =>   CDf =  0.00783    CDp =  0.02760

 Side 1  free  transition at x/c =  0.7246   64
 Side 2  free  transition at x/c =  0.2740   36

 101   rms: 0.3964E-01   max: -.3802E+00   C at   36  2
       a =  0.500      CL =  0.5775
      Cm = -0.1489     CD =  0.03588   =>   CDf =  0.00780    CDp =  0.02808

 Side 1  free  transition at x/c =  0.7228   63
 Side 2  free  transition at x/c =  0.2553   35

 102   rms: 0.1891E-01   max: -.1772E+00   T at   35  2
       a =  0.500      CL =  0.5874
      Cm = -0.1501     CD =  0.03543   =>   CDf =  0.00783    CDp =  0.02760

 Side 1  free  transition at x/c =  0.7246   64
 Side 2  free  transition at x/c =  0.2740   36

 103   rms: 0.3964E-01   max: -.3802E+00   C at   36  2
       a =  0.500      CL =  0.5775
      Cm = -0.1489     CD =  0.03588   =>   CDf =  0.00780    CDp =  0.02808

 Side 1  free  transition at x/c =  0.7228   63
 Side 2  free  transition at x/c =  0.2553   35

 104   rms: 0.1892E-01   max: -.1772E+00   T at   35  2
       a =  0.500      CL =  0.5874
      Cm = -0.1501     CD =  0.03543   =>   CDf =  0.00783    CDp =  0.02760

 Side 1  free  transition at x/c =  0.7246   64
 Side 2  free  transition at x/c =  0.2740   36

 105   rms: 0.3964E-01   max: -.3802E+00   C at   36  2
       a =  0.500      CL =  0.5775
      Cm = -0.1489     CD =  0.03588   =>   CDf =  0.00780    CDp =  0.02808

 Side 1  free  transition at x/c =  0.7228   63
 Side 2  free  transition at x/c =  0.2553   35

 106   rms: 0.1892E-01   max: -.1772E+00   T at   35  2
       a =  0.500      CL =  0.5874
      Cm = -0.1501     CD =  0.03543   =>   CDf =  0.00783    CDp =  0.02760

 Side 1  free  transition at x/c =  0.7246   64
 Side 2  free  transition at x/c =  0.2740   36

 107   rms: 0.3965E-01   max: -.3802E+00   C at   36  2
       a =  0.500      CL =  0.5775
      Cm = -0.1489     CD =  0.03588   =>   CDf =  0.00780    CDp =  0.02808

 Side 1  free  transition at x/c =  0.7228   63
 Side 2  free  transition at x/c =  0.2553   35

 108   rms: 0.1892E-01   max: -.1772E+00   T at   35  2
       a =  0.500      CL =  0.5874
      Cm = -0.1501     CD =  0.03543   =>   CDf =  0.00783    CDp =  0.02760

 Side 1  free  transition at x/c =  0.7246   64
 Side 2  free  transition at x/c =  0.2740   36

 109   rms: 0.3964E-01   max: -.3802E+00   C at   36  2
       a =  0.500      CL =  0.5775
      Cm = -0.1489     CD =  0.03588   =>   CDf =  0.00780    CDp =  0.02808

 Side 1  free  transition at x/c =  0.7228   63
 Side 2  free  transition at x/c =  0.2553   35

 110   rms: 0.1892E-01   max: -.1772E+00   T at   35  2
       a =  0.500      CL =  0.5874
      Cm = -0.1501     CD =  0.03543   =>   CDf =  0.00783    CDp =  0.02760

 Side 1  free  transition at x/c =  0.7246   64
 Side 2  free  transition at x/c =  0.2740   36

 111   rms: 0.3964E-01   max: -.3802E+00   C at   36  2
       a =  0.500      CL =  0.5775
      Cm = -0.1489     CD =  0.03588   =>   CDf =  0.00780    CDp =  0.02808

 Side 1  free  transition at x/c =  0.7228   63
 Side 2  free  transition at x/c =  0.2553   35

 112   rms: 0.1892E-01   max: -.1772E+00   T at   35  2
       a =  0.500      CL =  0.5874
      Cm = -0.1501     CD =  0.03543   =>   CDf =  0.00783    CDp =  0.02760

 Side 1  free  transition at x/c =  0.7246   64
 Side 2  free  transition at x/c =  0.2740   36

 113   rms: 0.3965E-01   max: -.3802E+00   C at   36  2
       a =  0.500      CL =  0.5775
      Cm = -0.1489     CD =  0.03588   =>   CDf =  0.00780    CDp =  0.02808

 Side 1  free  transition at x/c =  0.7228   63
 Side 2  free  transition at x/c =  0.2553   35

 114   rms: 0.1892E-01   max: -.1772E+00   T at   35  2
       a =  0.500      CL =  0.5874
      Cm = -0.1501     CD =  0.03543   =>   CDf =  0.00783    CDp =  0.02760

 Side 1  free  transition at x/c =  0.7246   64
 Side 2  free  transition at x/c =  0.2740   36

 115   rms: 0.3964E-01   max: -.3802E+00   C at   36  2
       a =  0.500      CL =  0.5775
      Cm = -0.1489     CD =  0.03588   =>   CDf =  0.00780    CDp =  0.02808

 Side 1  free  transition at x/c =  0.7228   63
 Side 2  free  transition at x/c =  0.2553   35

 116   rms: 0.1891E-01   max: -.1772E+00   T at   35  2
       a =  0.500      CL =  0.5874
      Cm = -0.1501     CD =  0.03543   =>   CDf =  0.00783    CDp =  0.02760

 Side 1  free  transition at x/c =  0.7246   64
 Side 2  free  transition at x/c =  0.2740   36

 117   rms: 0.3964E-01   max: -.3802E+00   C at   36  2
       a =  0.500      CL =  0.5775
      Cm = -0.1489     CD =  0.03588   =>   CDf =  0.00780    CDp =  0.02808

 Side 1  free  transition at x/c =  0.7228   63
 Side 2  free  transition at x/c =  0.2553   35

 118   rms: 0.1891E-01   max: -.1772E+00   T at   35  2
       a =  0.500      CL =  0.5874
      Cm = -0.1501     CD =  0.03543   =>   CDf =  0.00783    CDp =  0.02760

 Side 1  free  transition at x/c =  0.7246   64
 Side 2  free  transition at x/c =  0.2740   36

 119   rms: 0.3964E-01   max: -.3802E+00   C at   36  2
       a =  0.500      CL =  0.5775
      Cm = -0.1489     CD =  0.03588   =>   CDf =  0.00780    CDp =  0.02808

 Side 1  free  transition at x/c =  0.7228   63
 Side 2  free  transition at x/c =  0.2553   35

 120   rms: 0.1892E-01   max: -.1772E+00   T at   35  2
       a =  0.500      CL =  0.5874
      Cm = -0.1501     CD =  0.03543   =>   CDf =  0.00783    CDp =  0.02760

 Side 1  free  transition at x/c =  0.7246   64
 Side 2  free  transition at x/c =  0.2740   36

 121   rms: 0.3965E-01   max: -.3803E+00   C at   36  2
       a =  0.500      CL =  0.5775
      Cm = -0.1489     CD =  0.03588   =>   CDf =  0.00780    CDp =  0.02808

 Side 1  free  transition at x/c =  0.7228   63
 Side 2  free  transition at x/c =  0.2553   35

 122   rms: 0.1892E-01   max: -.1772E+00   T at   35  2
       a =  0.500      CL =  0.5874
      Cm = -0.1501     CD =  0.03543   =>   CDf =  0.00783    CDp =  0.02760

 Side 1  free  transition at x/c =  0.7246   64
 Side 2  free  transition at x/c =  0.2740   36

 123   rms: 0.3964E-01   max: -.3802E+00   C at   36  2
       a =  0.500      CL =  0.5775
      Cm = -0.1489     CD =  0.03588   =>   CDf =  0.00780    CDp =  0.02808

 Side 1  free  transition at x/c =  0.7228   63
 Side 2  free  transition at x/c =  0.2553   35

 124   rms: 0.1892E-01   max: -.1772E+00   T at   35  2
       a =  0.500      CL =  0.5874
      Cm = -0.1501     CD =  0.03543   =>   CDf =  0.00783    CDp =  0.02760

 Side 1  free  transition at x/c =  0.7246   64
 Side 2  free  transition at x/c =  0.2740   36

 125   rms: 0.3964E-01   max: -.3802E+00   C at   36  2
       a =  0.500      CL =  0.5775
      Cm = -0.1489     CD =  0.03588   =>   CDf =  0.00780    CDp =  0.02808

 Side 1  free  transition at x/c =  0.7228   63
 Side 2  free  transition at x/c =  0.2553   35

 126   rms: 0.1891E-01   max: -.1772E+00   T at   35  2
       a =  0.500      CL =  0.5874
      Cm = -0.1501     CD =  0.03543   =>   CDf =  0.00783    CDp =  0.02760

 Side 1  free  transition at x/c =  0.7246   64
 Side 2  free  transition at x/c =  0.2740   36

 127   rms: 0.3964E-01   max: -.3801E+00   C at   36  2
       a =  0.500      CL =  0.5775
      Cm = -0.1489     CD =  0.03588   =>   CDf =  0.00780    CDp =  0.02808

 Side 1  free  transition at x/c =  0.7228   63
 Side 2  free  transition at x/c =  0.2553   35

 128   rms: 0.1891E-01   max: -.1772E+00   T at   35  2
       a =  0.500      CL =  0.5874
      Cm = -0.1501     CD =  0.03543   =>   CDf =  0.00783    CDp =  0.02760

 Side 1  free  transition at x/c =  0.7246   64
 Side 2  free  transition at x/c =  0.2740   36

 129   rms: 0.3964E-01   max: -.3802E+00   C at   36  2
       a =  0.500      CL =  0.5775
      Cm = -0.1489     CD =  0.03588   =>   CDf =  0.00780    CDp =  0.02808

 Side 1  free  transition at x/c =  0.7228   63
 Side 2  free  transition at x/c =  0.2553   35

 130   rms: 0.1891E-01   max: -.1772E+00   T at   35  2
       a =  0.500      CL =  0.5874
      Cm = -0.1501     CD =  0.03543   =>   CDf =  0.00783    CDp =  0.02760

 Side 1  free  transition at x/c =  0.7246   64
 Side 2  free  transition at x/c =  0.2740   36

 131   rms: 0.3964E-01   max: -.3802E+00   C at   36  2
       a =  0.500      CL =  0.5775
      Cm = -0.1489     CD =  0.03588   =>   CDf =  0.00780    CDp =  0.02808

 Side 1  free  transition at x/c =  0.7228   63
 Side 2  free  transition at x/c =  0.2553   35

 132   rms: 0.1892E-01   max: -.1772E+00   T at   35  2
       a =  0.500      CL =  0.5874
      Cm = -0.1501     CD =  0.03543   =>   CDf =  0.00783    CDp =  0.02760

 Side 1  free  transition at x/c =  0.7246   64
 Side 2  free  transition at x/c =  0.2740   36

 133   rms: 0.3964E-01   max: -.3802E+00   C at   36  2
       a =  0.500      CL =  0.5775
      Cm = -0.1489     CD =  0.03588   =>   CDf =  0.00780    CDp =  0.02808

 Side 1  free  transition at x/c =  0.7228   63
 Side 2  free  transition at x/c =  0.2553   35

 134   rms: 0.1892E-01   max: -.1772E+00   T at   35  2
       a =  0.500      CL =  0.5874
      Cm = -0.1501     CD =  0.03543   =>   CDf =  0.00783    CDp =  0.02760

 Side 1  free  transition at x/c =  0.7246   64
 Side 2  free  transition at x/c =  0.2740   36

 135   rms: 0.3964E-01   max: -.3802E+00   C at   36  2
       a =  0.500      CL =  0.5775
      Cm = -0.1489     CD =  0.03588   =>   CDf =  0.00780    CDp =  0.02808

 Side 1  free  transition at x/c =  0.7228   63
 Side 2  free  transition at x/c =  0.2553   35

 136   rms: 0.1892E-01   max: -.1772E+00   T at   35  2
       a =  0.500      CL =  0.5874
      Cm = -0.1501     CD =  0.03543   =>   CDf =  0.00783    CDp =  0.02760

 Side 1  free  transition at x/c =  0.7246   64
 Side 2  free  transition at x/c =  0.2740   36

 137   rms: 0.3964E-01   max: -.3802E+00   C at   36  2
       a =  0.500      CL =  0.5775
      Cm = -0.1489     CD =  0.03588   =>   CDf =  0.00780    CDp =  0.02808

 Side 1  free  transition at x/c =  0.7228   63
 Side 2  free  transition at x/c =  0.2553   35

 138   rms: 0.1891E-01   max: -.1772E+00   T at   35  2
       a =  0.500      CL =  0.5874
      Cm = -0.1501     CD =  0.03543   =>   CDf =  0.00783    CDp =  0.02760

 Side 1  free  transition at x/c =  0.7246   64
 Side 2  free  transition at x/c =  0.2740   36

 139   rms: 0.3964E-01   max: -.3802E+00   C at   36  2
       a =  0.500      CL =  0.5775
      Cm = -0.1489     CD =  0.03588   =>   CDf =  0.00780    CDp =  0.02808

 Side 1  free  transition at x/c =  0.7228   63
 Side 2  free  transition at x/c =  0.2553   35

 140   rms: 0.1891E-01   max: -.1772E+00   T at   35  2
       a =  0.500      CL =  0.5874
      Cm = -0.1501     CD =  0.03543   =>   CDf =  0.00783    CDp =  0.02760

 Side 1  free  transition at x/c =  0.7246   64
 Side 2  free  transition at x/c =  0.2740   36

 141   rms: 0.3964E-01   max: -.3802E+00   C at   36  2
       a =  0.500      CL =  0.5775
      Cm = -0.1489     CD =  0.03588   =>   CDf =  0.00780    CDp =  0.02808

 Side 1  free  transition at x/c =  0.7228   63
 Side 2  free  transition at x/c =  0.2553   35

 142   rms: 0.1891E-01   max: -.1772E+00   T at   35  2
       a =  0.500      CL =  0.5874
      Cm = -0.1501     CD =  0.03543   =>   CDf =  0.00783    CDp =  0.02760

 Side 1  free  transition at x/c =  0.7246   64
 Side 2  free  transition at x/c =  0.2740   36

 143   rms: 0.3964E-01   max: -.3802E+00   C at   36  2
       a =  0.500      CL =  0.5775
      Cm = -0.1489     CD =  0.03588   =>   CDf =  0.00780    CDp =  0.02808

 Side 1  free  transition at x/c =  0.7228   63
 Side 2  free  transition at x/c =  0.2553   35

 144   rms: 0.1892E-01   max: -.1772E+00   T at   35  2
       a =  0.500      CL =  0.5874
      Cm = -0.1501     CD =  0.03543   =>   CDf =  0.00783    CDp =  0.02760

 Side 1  free  transition at x/c =  0.7246   64
 Side 2  free  transition at x/c =  0.2740   36

 145   rms: 0.3964E-01   max: -.3802E+00   C at   36  2
       a =  0.500      CL =  0.5775
      Cm = -0.1489     CD =  0.03588   =>   CDf =  0.00780    CDp =  0.02808

 Side 1  free  transition at x/c =  0.7228   63
 Side 2  free  transition at x/c =  0.2553   35

 146   rms: 0.1892E-01   max: -.1772E+00   T at   35  2
       a =  0.500      CL =  0.5874
      Cm = -0.1501     CD =  0.03543   =>   CDf =  0.00783    CDp =  0.02760

 Side 1  free  transition at x/c =  0.7246   64
 Side 2  free  transition at x/c =  0.2740   36

 147   rms: 0.3964E-01   max: -.3802E+00   C at   36  2
       a =  0.500      CL =  0.5775
      Cm = -0.1489     CD =  0.03588   =>   CDf =  0.00780    CDp =  0.02808

 Side 1  free  transition at x/c =  0.7228   63
 Side 2  free  transition at x/c =  0.2553   35

 148   rms: 0.1891E-01   max: -.1772E+00   T at   35  2
       a =  0.500      CL =  0.5874
      Cm = -0.1501     CD =  0.03543   =>   CDf =  0.00783    CDp =  0.02760

 Side 1  free  transition at x/c =  0.7246   64
 Side 2  free  transition at x/c =  0.2740   36

 149   rms: 0.3964E-01   max: -.3802E+00   C at   36  2
       a =  0.500      CL =  0.5775
      Cm = -0.1489     CD =  0.03588   =>   CDf =  0.00780    CDp =  0.02808

 Side 1  free  transition at x/c =  0.7228   63
 Side 2  free  transition at x/c =  0.2553   35

 150   rms: 0.1891E-01   max: -.1772E+00   T at   35  2
       a =  0.500      CL =  0.5874
      Cm = -0.1501     CD =  0.03543   =>   CDf =  0.00783    CDp =  0.02760

 Side 1  free  transition at x/c =  0.7246   64
 Side 2  free  transition at x/c =  0.2740   36

 151   rms: 0.3964E-01   max: -.3802E+00   C at   36  2
       a =  0.500      CL =  0.5775
      Cm = -0.1489     CD =  0.03588   =>   CDf =  0.00780    CDp =  0.02808

 Side 1  free  transition at x/c =  0.7228   63
 Side 2  free  transition at x/c =  0.2553   35

 152   rms: 0.1892E-01   max: -.1772E+00   T at   35  2
       a =  0.500      CL =  0.5874
      Cm = -0.1501     CD =  0.03543   =>   CDf =  0.00783    CDp =  0.02760

 Side 1  free  transition at x/c =  0.7246   64
 Side 2  free  transition at x/c =  0.2740   36

 153   rms: 0.3964E-01   max: -.3802E+00   C at   36  2
       a =  0.500      CL =  0.5775
      Cm = -0.1489     CD =  0.03588   =>   CDf =  0.00780    CDp =  0.02808

 Side 1  free  transition at x/c =  0.7228   63
 Side 2  free  transition at x/c =  0.2553   35

 154   rms: 0.1891E-01   max: -.1772E+00   T at   35  2
       a =  0.500      CL =  0.5874
      Cm = -0.1501     CD =  0.03543   =>   CDf =  0.00783    CDp =  0.02760

 Side 1  free  transition at x/c =  0.7246   64
 Side 2  free  transition at x/c =  0.2740   36

 155   rms: 0.3964E-01   max: -.3802E+00   C at   36  2
       a =  0.500      CL =  0.5775
      Cm = -0.1489     CD =  0.03588   =>   CDf =  0.00780    CDp =  0.02808

 Side 1  free  transition at x/c =  0.7228   63
 Side 2  free  transition at x/c =  0.2553   35

 156   rms: 0.1892E-01   max: -.1772E+00   T at   35  2
       a =  0.500      CL =  0.5874
      Cm = -0.1501     CD =  0.03543   =>   CDf =  0.00783    CDp =  0.02760

 Side 1  free  transition at x/c =  0.7246   64
 Side 2  free  transition at x/c =  0.2740   36

 157   rms: 0.3965E-01   max: -.3802E+00   C at   36  2
       a =  0.500      CL =  0.5775
      Cm = -0.1489     CD =  0.03588   =>   CDf =  0.00780    CDp =  0.02808

 Side 1  free  transition at x/c =  0.7228   63
 Side 2  free  transition at x/c =  0.2553   35

 158   rms: 0.1892E-01   max: -.1772E+00   T at   35  2
       a =  0.500      CL =  0.5874
      Cm = -0.1501     CD =  0.03543   =>   CDf =  0.00783    CDp =  0.02760

 Side 1  free  transition at x/c =  0.7246   64
 Side 2  free  transition at x/c =  0.2740   36

 159   rms: 0.3964E-01   max: -.3802E+00   C at   36  2
       a =  0.500      CL =  0.5775
      Cm = -0.1489     CD =  0.03588   =>   CDf =  0.00780    CDp =  0.02808

 Side 1  free  transition at x/c =  0.7228   63
 Side 2  free  transition at x/c =  0.2553   35

 160   rms: 0.1892E-01   max: -.1772E+00   T at   35  2
       a =  0.500      CL =  0.5874
      Cm = -0.1501     CD =  0.03543   =>   CDf =  0.00783    CDp =  0.02760

 Side 1  free  transition at x/c =  0.7246   64
 Side 2  free  transition at x/c =  0.2740   36

 161   rms: 0.3964E-01   max: -.3802E+00   C at   36  2
       a =  0.500      CL =  0.5775
      Cm = -0.1489     CD =  0.03588   =>   CDf =  0.00780    CDp =  0.02808

 Side 1  free  transition at x/c =  0.7228   63
 Side 2  free  transition at x/c =  0.2553   35

 162   rms: 0.1891E-01   max: -.1772E+00   T at   35  2
       a =  0.500      CL =  0.5874
      Cm = -0.1501     CD =  0.03543   =>   CDf =  0.00783    CDp =  0.02760

 Side 1  free  transition at x/c =  0.7246   64
 Side 2  free  transition at x/c =  0.2740   36

 163   rms: 0.3964E-01   max: -.3802E+00   C at   36  2
       a =  0.500      CL =  0.5775
      Cm = -0.1489     CD =  0.03588   =>   CDf =  0.00780    CDp =  0.02808

 Side 1  free  transition at x/c =  0.7228   63
 Side 2  free  transition at x/c =  0.2553   35

 164   rms: 0.1891E-01   max: -.1772E+00   T at   35  2
       a =  0.500      CL =  0.5874
      Cm = -0.1501     CD =  0.03543   =>   CDf =  0.00783    CDp =  0.02760

 Side 1  free  transition at x/c =  0.7246   64
 Side 2  free  transition at x/c =  0.2740   36

 165   rms: 0.3964E-01   max: -.3802E+00   C at   36  2
       a =  0.500      CL =  0.5775
      Cm = -0.1489     CD =  0.03588   =>   CDf =  0.00780    CDp =  0.02808

 Side 1  free  transition at x/c =  0.7228   63
 Side 2  free  transition at x/c =  0.2553   35

 166   rms: 0.1891E-01   max: -.1772E+00   T at   35  2
       a =  0.500      CL =  0.5874
      Cm = -0.1501     CD =  0.03543   =>   CDf =  0.00783    CDp =  0.02760

 Side 1  free  transition at x/c =  0.7246   64
 Side 2  free  transition at x/c =  0.2740   36

 167   rms: 0.3964E-01   max: -.3802E+00   C at   36  2
       a =  0.500      CL =  0.5775
      Cm = -0.1489     CD =  0.03588   =>   CDf =  0.00780    CDp =  0.02808

 Side 1  free  transition at x/c =  0.7228   63
 Side 2  free  transition at x/c =  0.2553   35

 168   rms: 0.1891E-01   max: -.1772E+00   T at   35  2
       a =  0.500      CL =  0.5874
      Cm = -0.1501     CD =  0.03543   =>   CDf =  0.00783    CDp =  0.02760

 Side 1  free  transition at x/c =  0.7246   64
 Side 2  free  transition at x/c =  0.2740   36

 169   rms: 0.3964E-01   max: -.3802E+00   C at   36  2
       a =  0.500      CL =  0.5775
      Cm = -0.1489     CD =  0.03588   =>   CDf =  0.00780    CDp =  0.02808

 Side 1  free  transition at x/c =  0.7228   63
 Side 2  free  transition at x/c =  0.2553   35

 170   rms: 0.1891E-01   max: -.1772E+00   T at   35  2
       a =  0.500      CL =  0.5874
      Cm = -0.1501     CD =  0.03543   =>   CDf =  0.00783    CDp =  0.02760

 Side 1  free  transition at x/c =  0.7246   64
 Side 2  free  transition at x/c =  0.2740   36

 171   rms: 0.3964E-01   max: -.3802E+00   C at   36  2
       a =  0.500      CL =  0.5775
      Cm = -0.1489     CD =  0.03588   =>   CDf =  0.00780    CDp =  0.02808

 Side 1  free  transition at x/c =  0.7228   63
 Side 2  free  transition at x/c =  0.2553   35

 172   rms: 0.1891E-01   max: -.1772E+00   T at   35  2
       a =  0.500      CL =  0.5874
      Cm = -0.1501     CD =  0.03543   =>   CDf =  0.00783    CDp =  0.02760

 Side 1  free  transition at x/c =  0.7246   64
 Side 2  free  transition at x/c =  0.2740   36

 173   rms: 0.3964E-01   max: -.3802E+00   C at   36  2
       a =  0.500      CL =  0.5775
      Cm = -0.1489     CD =  0.03588   =>   CDf =  0.00780    CDp =  0.02808

 Side 1  free  transition at x/c =  0.7228   63
 Side 2  free  transition at x/c =  0.2553   35

 174   rms: 0.1891E-01   max: -.1772E+00   T at   35  2
       a =  0.500      CL =  0.5874
      Cm = -0.1501     CD =  0.03543   =>   CDf =  0.00783    CDp =  0.02760

 Side 1  free  transition at x/c =  0.7246   64
 Side 2  free  transition at x/c =  0.2740   36

 175   rms: 0.3964E-01   max: -.3802E+00   C at   36  2
       a =  0.500      CL =  0.5775
      Cm = -0.1489     CD =  0.03588   =>   CDf =  0.00780    CDp =  0.02808

 Side 1  free  transition at x/c =  0.7228   63
 Side 2  free  transition at x/c =  0.2553   35

 176   rms: 0.1891E-01   max: -.1772E+00   T at   35  2
       a =  0.500      CL =  0.5874
      Cm = -0.1501     CD =  0.03543   =>   CDf =  0.00783    CDp =  0.02760

 Side 1  free  transition at x/c =  0.7246   64
 Side 2  free  transition at x/c =  0.2740   36

 177   rms: 0.3964E-01   max: -.3802E+00   C at   36  2
       a =  0.500      CL =  0.5775
      Cm = -0.1489     CD =  0.03588   =>   CDf =  0.00780    CDp =  0.02808

 Side 1  free  transition at x/c =  0.7228   63
 Side 2  free  transition at x/c =  0.2553   35

 178   rms: 0.1892E-01   max: -.1772E+00   T at   35  2
       a =  0.500      CL =  0.5874
      Cm = -0.1501     CD =  0.03543   =>   CDf =  0.00783    CDp =  0.02760

 Side 1  free  transition at x/c =  0.7246   64
 Side 2  free  transition at x/c =  0.2740   36

 179   rms: 0.3964E-01   max: -.3802E+00   C at   36  2
       a =  0.500      CL =  0.5775
      Cm = -0.1489     CD =  0.03588   =>   CDf =  0.00780    CDp =  0.02808

 Side 1  free  transition at x/c =  0.7228   63
 Side 2  free  transition at x/c =  0.2553   35

 180   rms: 0.1891E-01   max: -.1772E+00   T at   35  2
       a =  0.500      CL =  0.5874
      Cm = -0.1501     CD =  0.03543   =>   CDf =  0.00783    CDp =  0.02760

 Side 1  free  transition at x/c =  0.7246   64
 Side 2  free  transition at x/c =  0.2740   36

 181   rms: 0.3964E-01   max: -.3802E+00   C at   36  2
       a =  0.500      CL =  0.5775
      Cm = -0.1489     CD =  0.03588   =>   CDf =  0.00780    CDp =  0.02808

 Side 1  free  transition at x/c =  0.7228   63
 Side 2  free  transition at x/c =  0.2553   35

 182   rms: 0.1891E-01   max: -.1772E+00   T at   35  2
       a =  0.500      CL =  0.5874
      Cm = -0.1501     CD =  0.03543   =>   CDf =  0.00783    CDp =  0.02760

 Side 1  free  transition at x/c =  0.7246   64
 Side 2  free  transition at x/c =  0.2740   36

 183   rms: 0.3964E-01   max: -.3802E+00   C at   36  2
       a =  0.500      CL =  0.5775
      Cm = -0.1489     CD =  0.03588   =>   CDf =  0.00780    CDp =  0.02808

 Side 1  free  transition at x/c =  0.7228   63
 Side 2  free  transition at x/c =  0.2553   35

 184   rms: 0.1892E-01   max: -.1772E+00   T at   35  2
       a =  0.500      CL =  0.5874
      Cm = -0.1501     CD =  0.03543   =>   CDf =  0.00783    CDp =  0.02760

 Side 1  free  transition at x/c =  0.7246   64
 Side 2  free  transition at x/c =  0.2740   36

 185   rms: 0.3964E-01   max: -.3802E+00   C at   36  2
       a =  0.500      CL =  0.5775
      Cm = -0.1489     CD =  0.03588   =>   CDf =  0.00780    CDp =  0.02808

 Side 1  free  transition at x/c =  0.7228   63
 Side 2  free  transition at x/c =  0.2553   35

 186   rms: 0.1891E-01   max: -.1772E+00   T at   35  2
       a =  0.500      CL =  0.5874
      Cm = -0.1501     CD =  0.03543   =>   CDf =  0.00783    CDp =  0.02760

 Side 1  free  transition at x/c =  0.7246   64
 Side 2  free  transition at x/c =  0.2740   36

 187   rms: 0.3964E-01   max: -.3801E+00   C at   36  2
       a =  0.500      CL =  0.5775
      Cm = -0.1489     CD =  0.03588   =>   CDf =  0.00780    CDp =  0.02808

 Side 1  free  transition at x/c =  0.7228   63
 Side 2  free  transition at x/c =  0.2553   35

 188   rms: 0.1891E-01   max: -.1772E+00   T at   35  2
       a =  0.500      CL =  0.5874
      Cm = -0.1501     CD =  0.03543   =>   CDf =  0.00783    CDp =  0.02760

 Side 1  free  transition at x/c =  0.7246   64
 Side 2  free  transition at x/c =  0.2740   36

 189   rms: 0.3964E-01   max: -.3802E+00   C at   36  2
       a =  0.500      CL =  0.5775
      Cm = -0.1489     CD =  0.03588   =>   CDf =  0.00780    CDp =  0.02808

 Side 1  free  transition at x/c =  0.7228   63
 Side 2  free  transition at x/c =  0.2553   35

 190   rms: 0.1891E-01   max: -.1772E+00   T at   35  2
       a =  0.500      CL =  0.5874
      Cm = -0.1501     CD =  0.03543   =>   CDf =  0.00783    CDp =  0.02760

 Side 1  free  transition at x/c =  0.7246   64
 Side 2  free  transition at x/c =  0.2740   36

 191   rms: 0.3964E-01   max: -.3802E+00   C at   36  2
       a =  0.500      CL =  0.5775
      Cm = -0.1489     CD =  0.03588   =>   CDf =  0.00780    CDp =  0.02808

 Side 1  free  transition at x/c =  0.7228   63
 Side 2  free  transition at x/c =  0.2553   35

 192   rms: 0.1892E-01   max: -.1772E+00   T at   35  2
       a =  0.500      CL =  0.5874
      Cm = -0.1501     CD =  0.03543   =>   CDf =  0.00783    CDp =  0.02760

 Side 1  free  transition at x/c =  0.7246   64
 Side 2  free  transition at x/c =  0.2740   36

 193   rms: 0.3964E-01   max: -.3802E+00   C at   36  2
       a =  0.500      CL =  0.5775
      Cm = -0.1489     CD =  0.03588   =>   CDf =  0.00780    CDp =  0.02808

 Side 1  free  transition at x/c =  0.7228   63
 Side 2  free  transition at x/c =  0.2553   35

 194   rms: 0.1891E-01   max: -.1772E+00   T at   35  2
       a =  0.500      CL =  0.5874
      Cm = -0.1501     CD =  0.03543   =>   CDf =  0.00783    CDp =  0.02760

 Side 1  free  transition at x/c =  0.7246   64
 Side 2  free  transition at x/c =  0.2740   36

 195   rms: 0.3964E-01   max: -.3802E+00   C at   36  2
       a =  0.500      CL =  0.5775
      Cm = -0.1489     CD =  0.03588   =>   CDf =  0.00780    CDp =  0.02808

 Side 1  free  transition at x/c =  0.7228   63
 Side 2  free  transition at x/c =  0.2553   35

 196   rms: 0.1892E-01   max: -.1772E+00   T at   35  2
       a =  0.500      CL =  0.5874
      Cm = -0.1501     CD =  0.03543   =>   CDf =  0.00783    CDp =  0.02760

 Side 1  free  transition at x/c =  0.7246   64
 Side 2  free  transition at x/c =  0.2740   36

 197   rms: 0.3964E-01   max: -.3802E+00   C at   36  2
       a =  0.500      CL =  0.5775
      Cm = -0.1489     CD =  0.03588   =>   CDf =  0.00780    CDp =  0.02808

 Side 1  free  transition at x/c =  0.7228   63
 Side 2  free  transition at x/c =  0.2553   35

 198   rms: 0.1892E-01   max: -.1772E+00   T at   35  2
       a =  0.500      CL =  0.5874
      Cm = -0.1501     CD =  0.03543   =>   CDf =  0.00783    CDp =  0.02760

 Side 1  free  transition at x/c =  0.7246   64
 Side 2  free  transition at x/c =  0.2740   36

 199   rms: 0.3964E-01   max: -.3802E+00   C at   36  2
       a =  0.500      CL =  0.5775
      Cm = -0.1489     CD =  0.03588   =>   CDf =  0.00780    CDp =  0.02808

 Side 1  free  transition at x/c =  0.7228   63
 Side 2  free  transition at x/c =  0.2553   35

 200   rms: 0.1892E-01   max: -.1772E+00   T at   35  2
       a =  0.500      CL =  0.5874
      Cm = -0.1501     CD =  0.03543   =>   CDf =  0.00783    CDp =  0.02760

 Side 1  free  transition at x/c =  0.7246   64
 Side 2  free  transition at x/c =  0.2740   36

 201   rms: 0.3964E-01   max: -.3802E+00   C at   36  2
       a =  0.500      CL =  0.5775
      Cm = -0.1489     CD =  0.03588   =>   CDf =  0.00780    CDp =  0.02808

 Side 1  free  transition at x/c =  0.7228   63
 Side 2  free  transition at x/c =  0.2553   35

 202   rms: 0.1891E-01   max: -.1772E+00   T at   35  2
       a =  0.500      CL =  0.5874
      Cm = -0.1501     CD =  0.03543   =>   CDf =  0.00783    CDp =  0.02760

 Side 1  free  transition at x/c =  0.7246   64
 Side 2  free  transition at x/c =  0.2740   36

 203   rms: 0.3964E-01   max: -.3802E+00   C at   36  2
       a =  0.500      CL =  0.5775
      Cm = -0.1489     CD =  0.03588   =>   CDf =  0.00780    CDp =  0.02808

 Side 1  free  transition at x/c =  0.7228   63
 Side 2  free  transition at x/c =  0.2553   35

 204   rms: 0.1891E-01   max: -.1772E+00   T at   35  2
       a =  0.500      CL =  0.5874
      Cm = -0.1501     CD =  0.03543   =>   CDf =  0.00783    CDp =  0.02760

 Side 1  free  transition at x/c =  0.7246   64
 Side 2  free  transition at x/c =  0.2740   36

 205   rms: 0.3964E-01   max: -.3802E+00   C at   36  2
       a =  0.500      CL =  0.5775
      Cm = -0.1489     CD =  0.03588   =>   CDf =  0.00780    CDp =  0.02808

 Side 1  free  transition at x/c =  0.7228   63
 Side 2  free  transition at x/c =  0.2553   35

 206   rms: 0.1892E-01   max: -.1772E+00   T at   35  2
       a =  0.500      CL =  0.5874
      Cm = -0.1501     CD =  0.03543   =>   CDf =  0.00783    CDp =  0.02760

 Side 1  free  transition at x/c =  0.7246   64
 Side 2  free  transition at x/c =  0.2740   36

 207   rms: 0.3964E-01   max: -.3802E+00   C at   36  2
       a =  0.500      CL =  0.5775
      Cm = -0.1489     CD =  0.03588   =>   CDf =  0.00780    CDp =  0.02808

 Side 1  free  transition at x/c =  0.7228   63
 Side 2  free  transition at x/c =  0.2553   35

 208   rms: 0.1892E-01   max: -.1772E+00   T at   35  2
       a =  0.500      CL =  0.5874
      Cm = -0.1501     CD =  0.03543   =>   CDf =  0.00783    CDp =  0.02760

 Side 1  free  transition at x/c =  0.7246   64
 Side 2  free  transition at x/c =  0.2740   36

 209   rms: 0.3964E-01   max: -.3802E+00   C at   36  2
       a =  0.500      CL =  0.5775
      Cm = -0.1489     CD =  0.03588   =>   CDf =  0.00780    CDp =  0.02808

 Side 1  free  transition at x/c =  0.7228   63
 Side 2  free  transition at x/c =  0.2553   35

 210   rms: 0.1892E-01   max: -.1773E+00   T at   35  2
       a =  0.500      CL =  0.5874
      Cm = -0.1501     CD =  0.03543   =>   CDf =  0.00783    CDp =  0.02760

 Side 1  free  transition at x/c =  0.7246   64
 Side 2  free  transition at x/c =  0.2740   36

 211   rms: 0.3964E-01   max: -.3802E+00   C at   36  2
       a =  0.500      CL =  0.5775
      Cm = -0.1489     CD =  0.03588   =>   CDf =  0.00780    CDp =  0.02808

 Side 1  free  transition at x/c =  0.7228   63
 Side 2  free  transition at x/c =  0.2553   35

 212   rms: 0.1892E-01   max: -.1772E+00   T at   35  2
       a =  0.500      CL =  0.5874
      Cm = -0.1501     CD =  0.03543   =>   CDf =  0.00783    CDp =  0.02760

 Side 1  free  transition at x/c =  0.7246   64
 Side 2  free  transition at x/c =  0.2740   36

 213   rms: 0.3964E-01   max: -.3802E+00   C at   36  2
       a =  0.500      CL =  0.5775
      Cm = -0.1489     CD =  0.03588   =>   CDf =  0.00780    CDp =  0.02808

 Side 1  free  transition at x/c =  0.7228   63
 Side 2  free  transition at x/c =  0.2553   35

 214   rms: 0.1892E-01   max: -.1772E+00   T at   35  2
       a =  0.500      CL =  0.5874
      Cm = -0.1501     CD =  0.03543   =>   CDf =  0.00783    CDp =  0.02760

 Side 1  free  transition at x/c =  0.7246   64
 Side 2  free  transition at x/c =  0.2740   36

 215   rms: 0.3964E-01   max: -.3802E+00   C at   36  2
       a =  0.500      CL =  0.5775
      Cm = -0.1489     CD =  0.03588   =>   CDf =  0.00780    CDp =  0.02808

 Side 1  free  transition at x/c =  0.7228   63
 Side 2  free  transition at x/c =  0.2553   35

 216   rms: 0.1891E-01   max: -.1772E+00   T at   35  2
       a =  0.500      CL =  0.5874
      Cm = -0.1501     CD =  0.03543   =>   CDf =  0.00783    CDp =  0.02760

 Side 1  free  transition at x/c =  0.7246   64
 Side 2  free  transition at x/c =  0.2740   36

 217   rms: 0.3965E-01   max: -.3802E+00   C at   36  2
       a =  0.500      CL =  0.5775
      Cm = -0.1489     CD =  0.03588   =>   CDf =  0.00780    CDp =  0.02808

 Side 1  free  transition at x/c =  0.7228   63
 Side 2  free  transition at x/c =  0.2553   35

 218   rms: 0.1892E-01   max: -.1773E+00   T at   35  2
       a =  0.500      CL =  0.5874
      Cm = -0.1501     CD =  0.03543   =>   CDf =  0.00783    CDp =  0.02760

 Side 1  free  transition at x/c =  0.7246   64
 Side 2  free  transition at x/c =  0.2740   36

 219   rms: 0.3965E-01   max: -.3802E+00   C at   36  2
       a =  0.500      CL =  0.5775
      Cm = -0.1489     CD =  0.03588   =>   CDf =  0.00780    CDp =  0.02808

 Side 1  free  transition at x/c =  0.7228   63
 Side 2  free  transition at x/c =  0.2553   35

 220   rms: 0.1892E-01   max: -.1772E+00   T at   35  2
       a =  0.500      CL =  0.5874
      Cm = -0.1501     CD =  0.03543   =>   CDf =  0.00783    CDp =  0.02760

 Side 1  free  transition at x/c =  0.7246   64
 Side 2  free  transition at x/c =  0.2740   36

 221   rms: 0.3965E-01   max: -.3802E+00   C at   36  2
       a =  0.500      CL =  0.5775
      Cm = -0.1489     CD =  0.03588   =>   CDf =  0.00780    CDp =  0.02808

 Side 1  free  transition at x/c =  0.7228   63
 Side 2  free  transition at x/c =  0.2553   35

 222   rms: 0.1892E-01   max: -.1772E+00   T at   35  2
       a =  0.500      CL =  0.5874
      Cm = -0.1501     CD =  0.03543   =>   CDf =  0.00783    CDp =  0.02760

 Side 1  free  transition at x/c =  0.7246   64
 Side 2  free  transition at x/c =  0.2740   36

 223   rms: 0.3964E-01   max: -.3802E+00   C at   36  2
       a =  0.500      CL =  0.5775
      Cm = -0.1489     CD =  0.03588   =>   CDf =  0.00780    CDp =  0.02808

 Side 1  free  transition at x/c =  0.7228   63
 Side 2  free  transition at x/c =  0.2553   35

 224   rms: 0.1892E-01   max: -.1772E+00   T at   35  2
       a =  0.500      CL =  0.5874
      Cm = -0.1501     CD =  0.03543   =>   CDf =  0.00783    CDp =  0.02760

 Side 1  free  transition at x/c =  0.7246   64
 Side 2  free  transition at x/c =  0.2740   36

 225   rms: 0.3964E-01   max: -.3802E+00   C at   36  2
       a =  0.500      CL =  0.5775
      Cm = -0.1489     CD =  0.03588   =>   CDf =  0.00780    CDp =  0.02808

 Side 1  free  transition at x/c =  0.7228   63
 Side 2  free  transition at x/c =  0.2553   35

 226   rms: 0.1891E-01   max: -.1772E+00   T at   35  2
       a =  0.500      CL =  0.5874
      Cm = -0.1501     CD =  0.03543   =>   CDf =  0.00783    CDp =  0.02760

 Side 1  free  transition at x/c =  0.7246   64
 Side 2  free  transition at x/c =  0.2740   36

 227   rms: 0.3964E-01   max: -.3802E+00   C at   36  2
       a =  0.500      CL =  0.5775
      Cm = -0.1489     CD =  0.03588   =>   CDf =  0.00780    CDp =  0.02808

 Side 1  free  transition at x/c =  0.7228   63
 Side 2  free  transition at x/c =  0.2553   35

 228   rms: 0.1891E-01   max: -.1772E+00   T at   35  2
       a =  0.500      CL =  0.5874
      Cm = -0.1501     CD =  0.03543   =>   CDf =  0.00783    CDp =  0.02760

 Side 1  free  transition at x/c =  0.7246   64
 Side 2  free  transition at x/c =  0.2740   36

 229   rms: 0.3964E-01   max: -.3802E+00   C at   36  2
       a =  0.500      CL =  0.5775
      Cm = -0.1489     CD =  0.03588   =>   CDf =  0.00780    CDp =  0.02808

 Side 1  free  transition at x/c =  0.7228   63
 Side 2  free  transition at x/c =  0.2553   35

 230   rms: 0.1891E-01   max: -.1772E+00   T at   35  2
       a =  0.500      CL =  0.5874
      Cm = -0.1501     CD =  0.03543   =>   CDf =  0.00783    CDp =  0.02760

 Side 1  free  transition at x/c =  0.7246   64
 Side 2  free  transition at x/c =  0.2740   36

 231   rms: 0.3964E-01   max: -.3802E+00   C at   36  2
       a =  0.500      CL =  0.5775
      Cm = -0.1489     CD =  0.03588   =>   CDf =  0.00780    CDp =  0.02808

 Side 1  free  transition at x/c =  0.7228   63
 Side 2  free  transition at x/c =  0.2553   35

 232   rms: 0.1892E-01   max: -.1773E+00   T at   35  2
       a =  0.500      CL =  0.5874
      Cm = -0.1501     CD =  0.03543   =>   CDf =  0.00783    CDp =  0.02760

 Side 1  free  transition at x/c =  0.7246   64
 Side 2  free  transition at x/c =  0.2740   36

 233   rms: 0.3964E-01   max: -.3802E+00   C at   36  2
       a =  0.500      CL =  0.5775
      Cm = -0.1489     CD =  0.03588   =>   CDf =  0.00780    CDp =  0.02808

 Side 1  free  transition at x/c =  0.7228   63
 Side 2  free  transition at x/c =  0.2553   35

 234   rms: 0.1891E-01   max: -.1772E+00   T at   35  2
       a =  0.500      CL =  0.5874
      Cm = -0.1501     CD =  0.03543   =>   CDf =  0.00783    CDp =  0.02760

 Side 1  free  transition at x/c =  0.7246   64
 Side 2  free  transition at x/c =  0.2740   36

 235   rms: 0.3964E-01   max: -.3802E+00   C at   36  2
       a =  0.500      CL =  0.5775
      Cm = -0.1489     CD =  0.03588   =>   CDf =  0.00780    CDp =  0.02808

 Side 1  free  transition at x/c =  0.7228   63
 Side 2  free  transition at x/c =  0.2553   35

 236   rms: 0.1891E-01   max: -.1772E+00   T at   35  2
       a =  0.500      CL =  0.5874
      Cm = -0.1501     CD =  0.03543   =>   CDf =  0.00783    CDp =  0.02760

 Side 1  free  transition at x/c =  0.7246   64
 Side 2  free  transition at x/c =  0.2740   36

 237   rms: 0.3964E-01   max: -.3803E+00   C at   36  2
       a =  0.500      CL =  0.5775
      Cm = -0.1489     CD =  0.03588   =>   CDf =  0.00780    CDp =  0.02808

 Side 1  free  transition at x/c =  0.7228   63
 Side 2  free  transition at x/c =  0.2553   35

 238   rms: 0.1892E-01   max: -.1772E+00   T at   35  2
       a =  0.500      CL =  0.5874
      Cm = -0.1501     CD =  0.03543   =>   CDf =  0.00783    CDp =  0.02760

 Side 1  free  transition at x/c =  0.7246   64
 Side 2  free  transition at x/c =  0.2740   36

 239   rms: 0.3964E-01   max: -.3801E+00   C at   36  2
       a =  0.500      CL =  0.5775
      Cm = -0.1489     CD =  0.03588   =>   CDf =  0.00780    CDp =  0.02808

 Side 1  free  transition at x/c =  0.7228   63
 Side 2  free  transition at x/c =  0.2553   35

 240   rms: 0.1891E-01   max: -.1772E+00   T at   35  2
       a =  0.500      CL =  0.5874
      Cm = -0.1501     CD =  0.03543   =>   CDf =  0.00783    CDp =  0.02760

 Side 1  free  transition at x/c =  0.7246   64
 Side 2  free  transition at x/c =  0.2740   36

 241   rms: 0.3964E-01   max: -.3801E+00   C at   36  2
       a =  0.500      CL =  0.5775
      Cm = -0.1489     CD =  0.03588   =>   CDf =  0.00780    CDp =  0.02808

 Side 1  free  transition at x/c =  0.7228   63
 Side 2  free  transition at x/c =  0.2553   35

 242   rms: 0.1891E-01   max: -.1772E+00   T at   35  2
       a =  0.500      CL =  0.5874
      Cm = -0.1501     CD =  0.03543   =>   CDf =  0.00783    CDp =  0.02760

 Side 1  free  transition at x/c =  0.7246   64
 Side 2  free  transition at x/c =  0.2740   36

 243   rms: 0.3964E-01   max: -.3802E+00   C at   36  2
       a =  0.500      CL =  0.5775
      Cm = -0.1489     CD =  0.03588   =>   CDf =  0.00780    CDp =  0.02808

 Side 1  free  transition at x/c =  0.7228   63
 Side 2  free  transition at x/c =  0.2553   35

 244   rms: 0.1891E-01   max: -.1772E+00   T at   35  2
       a =  0.500      CL =  0.5874
      Cm = -0.1501     CD =  0.03543   =>   CDf =  0.00783    CDp =  0.02760

 Side 1  free  transition at x/c =  0.7246   64
 Side 2  free  transition at x/c =  0.2740   36

 245   rms: 0.3964E-01   max: -.3802E+00   C at   36  2
       a =  0.500      CL =  0.5775
      Cm = -0.1489     CD =  0.03588   =>   CDf =  0.00780    CDp =  0.02808

 Side 1  free  transition at x/c =  0.7228   63
 Side 2  free  transition at x/c =  0.2553   35

 246   rms: 0.1891E-01   max: -.1772E+00   T at   35  2
       a =  0.500      CL =  0.5874
      Cm = -0.1501     CD =  0.03543   =>   CDf =  0.00783    CDp =  0.02760

 Side 1  free  transition at x/c =  0.7246   64
 Side 2  free  transition at x/c =  0.2740   36

 247   rms: 0.3964E-01   max: -.3802E+00   C at   36  2
       a =  0.500      CL =  0.5775
      Cm = -0.1489     CD =  0.03588   =>   CDf =  0.00780    CDp =  0.02808

 Side 1  free  transition at x/c =  0.7228   63
 Side 2  free  transition at x/c =  0.2553   35

 248   rms: 0.1892E-01   max: -.1772E+00   T at   35  2
       a =  0.500      CL =  0.5874
      Cm = -0.1501     CD =  0.03543   =>   CDf =  0.00783    CDp =  0.02760

 Side 1  free  transition at x/c =  0.7246   64
 Side 2  free  transition at x/c =  0.2740   36

 249   rms: 0.3964E-01   max: -.3802E+00   C at   36  2
       a =  0.500      CL =  0.5775
      Cm = -0.1489     CD =  0.03588   =>   CDf =  0.00780    CDp =  0.02808

 Side 1  free  transition at x/c =  0.7228   63
 Side 2  free  transition at x/c =  0.2553   35

 250   rms: 0.1892E-01   max: -.1772E+00   T at   35  2
       a =  0.500      CL =  0.5874
      Cm = -0.1501     CD =  0.03543   =>   CDf =  0.00783    CDp =  0.02760

 Side 1  free  transition at x/c =  0.7246   64
 Side 2  free  transition at x/c =  0.2740   36

 251   rms: 0.3964E-01   max: -.3802E+00   C at   36  2
       a =  0.500      CL =  0.5775
      Cm = -0.1489     CD =  0.03588   =>   CDf =  0.00780    CDp =  0.02808

 Side 1  free  transition at x/c =  0.7228   63
 Side 2  free  transition at x/c =  0.2553   35

 252   rms: 0.1892E-01   max: -.1772E+00   T at   35  2
       a =  0.500      CL =  0.5874
      Cm = -0.1501     CD =  0.03543   =>   CDf =  0.00783    CDp =  0.02760

 Side 1  free  transition at x/c =  0.7246   64
 Side 2  free  transition at x/c =  0.2740   36

 253   rms: 0.3964E-01   max: -.3802E+00   C at   36  2
       a =  0.500      CL =  0.5775
      Cm = -0.1489     CD =  0.03588   =>   CDf =  0.00780    CDp =  0.02808

 Side 1  free  transition at x/c =  0.7228   63
 Side 2  free  transition at x/c =  0.2553   35

 254   rms: 0.1892E-01   max: -.1772E+00   T at   35  2
       a =  0.500      CL =  0.5874
      Cm = -0.1501     CD =  0.03543   =>   CDf =  0.00783    CDp =  0.02760

 Side 1  free  transition at x/c =  0.7246   64
 Side 2  free  transition at x/c =  0.2740   36

 255   rms: 0.3964E-01   max: -.3802E+00   C at   36  2
       a =  0.500      CL =  0.5775
      Cm = -0.1489     CD =  0.03588   =>   CDf =  0.00780    CDp =  0.02808

 Side 1  free  transition at x/c =  0.7228   63
 Side 2  free  transition at x/c =  0.2553   35

 256   rms: 0.1891E-01   max: -.1772E+00   T at   35  2
       a =  0.500      CL =  0.5874
      Cm = -0.1501     CD =  0.03543   =>   CDf =  0.00783    CDp =  0.02760

 Side 1  free  transition at x/c =  0.7246   64
 Side 2  free  transition at x/c =  0.2740   36

 257   rms: 0.3964E-01   max: -.3802E+00   C at   36  2
       a =  0.500      CL =  0.5775
      Cm = -0.1489     CD =  0.03588   =>   CDf =  0.00780    CDp =  0.02808

 Side 1  free  transition at x/c =  0.7228   63
 Side 2  free  transition at x/c =  0.2553   35

 258   rms: 0.1891E-01   max: -.1772E+00   T at   35  2
       a =  0.500      CL =  0.5874
      Cm = -0.1501     CD =  0.03543   =>   CDf =  0.00783    CDp =  0.02760

 Side 1  free  transition at x/c =  0.7246   64
 Side 2  free  transition at x/c =  0.2740   36

 259   rms: 0.3964E-01   max: -.3802E+00   C at   36  2
       a =  0.500      CL =  0.5775
      Cm = -0.1489     CD =  0.03588   =>   CDf =  0.00780    CDp =  0.02808

 Side 1  free  transition at x/c =  0.7228   63
 Side 2  free  transition at x/c =  0.2553   35

 260   rms: 0.1892E-01   max: -.1772E+00   T at   35  2
       a =  0.500      CL =  0.5874
      Cm = -0.1501     CD =  0.03543   =>   CDf =  0.00783    CDp =  0.02760

 Side 1  free  transition at x/c =  0.7246   64
 Side 2  free  transition at x/c =  0.2740   36

 261   rms: 0.3964E-01   max: -.3802E+00   C at   36  2
       a =  0.500      CL =  0.5775
      Cm = -0.1489     CD =  0.03588   =>   CDf =  0.00780    CDp =  0.02808

 Side 1  free  transition at x/c =  0.7228   63
 Side 2  free  transition at x/c =  0.2553   35

 262   rms: 0.1892E-01   max: -.1773E+00   T at   35  2
       a =  0.500      CL =  0.5874
      Cm = -0.1501     CD =  0.03543   =>   CDf =  0.00783    CDp =  0.02760

 Side 1  free  transition at x/c =  0.7246   64
 Side 2  free  transition at x/c =  0.2740   36

 263   rms: 0.3964E-01   max: -.3802E+00   C at   36  2
       a =  0.500      CL =  0.5775
      Cm = -0.1489     CD =  0.03588   =>   CDf =  0.00780    CDp =  0.02808

 Side 1  free  transition at x/c =  0.7228   63
 Side 2  free  transition at x/c =  0.2553   35

 264   rms: 0.1892E-01   max: -.1772E+00   T at   35  2
       a =  0.500      CL =  0.5874
      Cm = -0.1501     CD =  0.03543   =>   CDf =  0.00783    CDp =  0.02760

 Side 1  free  transition at x/c =  0.7246   64
 Side 2  free  transition at x/c =  0.2740   36

 265   rms: 0.3964E-01   max: -.3802E+00   C at   36  2
       a =  0.500      CL =  0.5775
      Cm = -0.1489     CD =  0.03588   =>   CDf =  0.00780    CDp =  0.02808

 Side 1  free  transition at x/c =  0.7228   63
 Side 2  free  transition at x/c =  0.2553   35

 266   rms: 0.1892E-01   max: -.1772E+00   T at   35  2
       a =  0.500      CL =  0.5874
      Cm = -0.1501     CD =  0.03543   =>   CDf =  0.00783    CDp =  0.02760

 Side 1  free  transition at x/c =  0.7246   64
 Side 2  free  transition at x/c =  0.2740   36

 267   rms: 0.3964E-01   max: -.3802E+00   C at   36  2
       a =  0.500      CL =  0.5775
      Cm = -0.1489     CD =  0.03588   =>   CDf =  0.00780    CDp =  0.02808

 Side 1  free  transition at x/c =  0.7228   63
 Side 2  free  transition at x/c =  0.2553   35

 268   rms: 0.1892E-01   max: -.1772E+00   T at   35  2
       a =  0.500      CL =  0.5874
      Cm = -0.1501     CD =  0.03543   =>   CDf =  0.00783    CDp =  0.02760

 Side 1  free  transition at x/c =  0.7246   64
 Side 2  free  transition at x/c =  0.2740   36

 269   rms: 0.3964E-01   max: -.3802E+00   C at   36  2
       a =  0.500      CL =  0.5775
      Cm = -0.1489     CD =  0.03588   =>   CDf =  0.00780    CDp =  0.02808

 Side 1  free  transition at x/c =  0.7228   63
 Side 2  free  transition at x/c =  0.2553   35

 270   rms: 0.1891E-01   max: -.1772E+00   T at   35  2
       a =  0.500      CL =  0.5874
      Cm = -0.1501     CD =  0.03543   =>   CDf =  0.00783    CDp =  0.02760

 Side 1  free  transition at x/c =  0.7246   64
 Side 2  free  transition at x/c =  0.2740   36

 271   rms: 0.3964E-01   max: -.3802E+00   C at   36  2
       a =  0.500      CL =  0.5775
      Cm = -0.1489     CD =  0.03588   =>   CDf =  0.00780    CDp =  0.02808

 Side 1  free  transition at x/c =  0.7228   63
 Side 2  free  transition at x/c =  0.2553   35

 272   rms: 0.1892E-01   max: -.1772E+00   T at   35  2
       a =  0.500      CL =  0.5874
      Cm = -0.1501     CD =  0.03543   =>   CDf =  0.00783    CDp =  0.02760

 Side 1  free  transition at x/c =  0.7246   64
 Side 2  free  transition at x/c =  0.2740   36

 273   rms: 0.3964E-01   max: -.3802E+00   C at   36  2
       a =  0.500      CL =  0.5775
      Cm = -0.1489     CD =  0.03588   =>   CDf =  0.00780    CDp =  0.02808

 Side 1  free  transition at x/c =  0.7228   63
 Side 2  free  transition at x/c =  0.2553   35

 274   rms: 0.1891E-01   max: -.1772E+00   T at   35  2
       a =  0.500      CL =  0.5874
      Cm = -0.1501     CD =  0.03543   =>   CDf =  0.00783    CDp =  0.02760

 Side 1  free  transition at x/c =  0.7246   64
 Side 2  free  transition at x/c =  0.2740   36

 275   rms: 0.3964E-01   max: -.3801E+00   C at   36  2
       a =  0.500      CL =  0.5775
      Cm = -0.1489     CD =  0.03588   =>   CDf =  0.00780    CDp =  0.02808

 Side 1  free  transition at x/c =  0.7228   63
 Side 2  free  transition at x/c =  0.2553   35

 276   rms: 0.1891E-01   max: -.1772E+00   T at   35  2
       a =  0.500      CL =  0.5874
      Cm = -0.1501     CD =  0.03543   =>   CDf =  0.00783    CDp =  0.02760

 Side 1  free  transition at x/c =  0.7246   64
 Side 2  free  transition at x/c =  0.2740   36

 277   rms: 0.3964E-01   max: -.3802E+00   C at   36  2
       a =  0.500      CL =  0.5775
      Cm = -0.1489     CD =  0.03588   =>   CDf =  0.00780    CDp =  0.02808

 Side 1  free  transition at x/c =  0.7228   63
 Side 2  free  transition at x/c =  0.2553   35

 278   rms: 0.1891E-01   max: -.1772E+00   T at   35  2
       a =  0.500      CL =  0.5874
      Cm = -0.1501     CD =  0.03543   =>   CDf =  0.00783    CDp =  0.02760

 Side 1  free  transition at x/c =  0.7246   64
 Side 2  free  transition at x/c =  0.2740   36

 279   rms: 0.3964E-01   max: -.3802E+00   C at   36  2
       a =  0.500      CL =  0.5775
      Cm = -0.1489     CD =  0.03588   =>   CDf =  0.00780    CDp =  0.02808

 Side 1  free  transition at x/c =  0.7228   63
 Side 2  free  transition at x/c =  0.2553   35

 280   rms: 0.1892E-01   max: -.1772E+00   T at   35  2
       a =  0.500      CL =  0.5874
      Cm = -0.1501     CD =  0.03543   =>   CDf =  0.00783    CDp =  0.02760

 Side 1  free  transition at x/c =  0.7246   64
 Side 2  free  transition at x/c =  0.2740   36

 281   rms: 0.3964E-01   max: -.3802E+00   C at   36  2
       a =  0.500      CL =  0.5775
      Cm = -0.1489     CD =  0.03588   =>   CDf =  0.00780    CDp =  0.02808

 Side 1  free  transition at x/c =  0.7228   63
 Side 2  free  transition at x/c =  0.2553   35

 282   rms: 0.1891E-01   max: -.1772E+00   T at   35  2
       a =  0.500      CL =  0.5874
      Cm = -0.1501     CD =  0.03543   =>   CDf =  0.00783    CDp =  0.02760

 Side 1  free  transition at x/c =  0.7246   64
 Side 2  free  transition at x/c =  0.2740   36

 283   rms: 0.3964E-01   max: -.3801E+00   C at   36  2
       a =  0.500      CL =  0.5775
      Cm = -0.1489     CD =  0.03588   =>   CDf =  0.00780    CDp =  0.02808

 Side 1  free  transition at x/c =  0.7228   63
 Side 2  free  transition at x/c =  0.2553   35

 284   rms: 0.1891E-01   max: -.1772E+00   T at   35  2
       a =  0.500      CL =  0.5874
      Cm = -0.1501     CD =  0.03543   =>   CDf =  0.00783    CDp =  0.02760

 Side 1  free  transition at x/c =  0.7246   64
 Side 2  free  transition at x/c =  0.2740   36

 285   rms: 0.3964E-01   max: -.3802E+00   C at   36  2
       a =  0.500      CL =  0.5775
      Cm = -0.1489     CD =  0.03588   =>   CDf =  0.00780    CDp =  0.02808

 Side 1  free  transition at x/c =  0.7228   63
 Side 2  free  transition at x/c =  0.2553   35

 286   rms: 0.1891E-01   max: -.1772E+00   T at   35  2
       a =  0.500      CL =  0.5874
      Cm = -0.1501     CD =  0.03543   =>   CDf =  0.00783    CDp =  0.02760

 Side 1  free  transition at x/c =  0.7246   64
 Side 2  free  transition at x/c =  0.2740   36

 287   rms: 0.3964E-01   max: -.3802E+00   C at   36  2
       a =  0.500      CL =  0.5775
      Cm = -0.1489     CD =  0.03588   =>   CDf =  0.00780    CDp =  0.02808

 Side 1  free  transition at x/c =  0.7228   63
 Side 2  free  transition at x/c =  0.2553   35

 288   rms: 0.1891E-01   max: -.1772E+00   T at   35  2
       a =  0.500      CL =  0.5874
      Cm = -0.1501     CD =  0.03543   =>   CDf =  0.00783    CDp =  0.02760

 Side 1  free  transition at x/c =  0.7246   64
 Side 2  free  transition at x/c =  0.2740   36

 289   rms: 0.3964E-01   max: -.3802E+00   C at   36  2
       a =  0.500      CL =  0.5775
      Cm = -0.1489     CD =  0.03588   =>   CDf =  0.00780    CDp =  0.02808

 Side 1  free  transition at x/c =  0.7228   63
 Side 2  free  transition at x/c =  0.2553   35

 290   rms: 0.1891E-01   max: -.1772E+00   T at   35  2
       a =  0.500      CL =  0.5874
      Cm = -0.1501     CD =  0.03543   =>   CDf =  0.00783    CDp =  0.02760

 Side 1  free  transition at x/c =  0.7246   64
 Side 2  free  transition at x/c =  0.2740   36

 291   rms: 0.3964E-01   max: -.3802E+00   C at   36  2
       a =  0.500      CL =  0.5775
      Cm = -0.1489     CD =  0.03588   =>   CDf =  0.00780    CDp =  0.02808

 Side 1  free  transition at x/c =  0.7228   63
 Side 2  free  transition at x/c =  0.2553   35

 292   rms: 0.1891E-01   max: -.1772E+00   T at   35  2
       a =  0.500      CL =  0.5874
      Cm = -0.1501     CD =  0.03543   =>   CDf =  0.00783    CDp =  0.02760

 Side 1  free  transition at x/c =  0.7246   64
 Side 2  free  transition at x/c =  0.2740   36

 293   rms: 0.3964E-01   max: -.3802E+00   C at   36  2
       a =  0.500      CL =  0.5775
      Cm = -0.1489     CD =  0.03588   =>   CDf =  0.00780    CDp =  0.02808

 Side 1  free  transition at x/c =  0.7228   63
 Side 2  free  transition at x/c =  0.2553   35

 294   rms: 0.1892E-01   max: -.1772E+00   T at   35  2
       a =  0.500      CL =  0.5874
      Cm = -0.1501     CD =  0.03543   =>   CDf =  0.00783    CDp =  0.02760

 Side 1  free  transition at x/c =  0.7246   64
 Side 2  free  transition at x/c =  0.2740   36

 295   rms: 0.3964E-01   max: -.3802E+00   C at   36  2
       a =  0.500      CL =  0.5775
      Cm = -0.1489     CD =  0.03588   =>   CDf =  0.00780    CDp =  0.02808

 Side 1  free  transition at x/c =  0.7228   63
 Side 2  free  transition at x/c =  0.2553   35

 296   rms: 0.1892E-01   max: -.1772E+00   T at   35  2
       a =  0.500      CL =  0.5874
      Cm = -0.1501     CD =  0.03543   =>   CDf =  0.00783    CDp =  0.02760

 Side 1  free  transition at x/c =  0.7246   64
 Side 2  free  transition at x/c =  0.2740   36

 297   rms: 0.3964E-01   max: -.3802E+00   C at   36  2
       a =  0.500      CL =  0.5775
      Cm = -0.1489     CD =  0.03588   =>   CDf =  0.00780    CDp =  0.02808

 Side 1  free  transition at x/c =  0.7228   63
 Side 2  free  transition at x/c =  0.2553   35

 298   rms: 0.1891E-01   max: -.1772E+00   T at   35  2
       a =  0.500      CL =  0.5874
      Cm = -0.1501     CD =  0.03543   =>   CDf =  0.00783    CDp =  0.02760

 Side 1  free  transition at x/c =  0.7246   64
 Side 2  free  transition at x/c =  0.2740   36

 299   rms: 0.3964E-01   max: -.3802E+00   C at   36  2
       a =  0.500      CL =  0.5775
      Cm = -0.1489     CD =  0.03588   =>   CDf =  0.00780    CDp =  0.02808

 Side 1  free  transition at x/c =  0.7228   63
 Side 2  free  transition at x/c =  0.2553   35

 300   rms: 0.1891E-01   max: -.1772E+00   T at   35  2
       a =  0.500      CL =  0.5874
      Cm = -0.1501     CD =  0.03543   =>   CDf =  0.00783    CDp =  0.02760

 Side 1  free  transition at x/c =  0.7246   64
 Side 2  free  transition at x/c =  0.2740   36

 301   rms: 0.3964E-01   max: -.3801E+00   C at   36  2
       a =  0.500      CL =  0.5775
      Cm = -0.1489     CD =  0.03588   =>   CDf =  0.00780    CDp =  0.02808

 Side 1  free  transition at x/c =  0.7228   63
 Side 2  free  transition at x/c =  0.2553   35

 302   rms: 0.1891E-01   max: -.1772E+00   T at   35  2
       a =  0.500      CL =  0.5874
      Cm = -0.1501     CD =  0.03543   =>   CDf =  0.00783    CDp =  0.02760

 Side 1  free  transition at x/c =  0.7246   64
 Side 2  free  transition at x/c =  0.2740   36

 303   rms: 0.3964E-01   max: -.3802E+00   C at   36  2
       a =  0.500      CL =  0.5775
      Cm = -0.1489     CD =  0.03588   =>   CDf =  0.00780    CDp =  0.02808

 Side 1  free  transition at x/c =  0.7228   63
 Side 2  free  transition at x/c =  0.2553   35

 304   rms: 0.1892E-01   max: -.1772E+00   T at   35  2
       a =  0.500      CL =  0.5874
      Cm = -0.1501     CD =  0.03543   =>   CDf =  0.00783    CDp =  0.02760

 Side 1  free  transition at x/c =  0.7246   64
 Side 2  free  transition at x/c =  0.2740   36

 305   rms: 0.3964E-01   max: -.3802E+00   C at   36  2
       a =  0.500      CL =  0.5775
      Cm = -0.1489     CD =  0.03588   =>   CDf =  0.00780    CDp =  0.02808
 VISCAL:  Convergence failed
 Calculating wake trajectory ...
 Calculating source influence matrix ...

 Solving BL system ...

 Side 1  free  transition at x/c =  0.7228   63
 Side 2  free  transition at x/c =  0.2553   35

   1   rms: 0.2293E+00   max: -.2479E+01   T at   35  2   RLX: 0.202
       a =  1.000      CL =  0.6027
      Cm = -0.1509     CD =  0.03487   =>   CDf =  0.00783    CDp =  0.02704

 MRCHDU: Convergence failed at  39  side 2    Res =  0.1695E+01
 MRCHDU: Convergence failed at  40  side 2    Res =  0.1830E+01
 MRCHDU: Convergence failed at  41  side 2    Res =  0.2108E+01
 MRCHDU: Convergence failed at  42  side 2    Res =  0.2272E+01
 MRCHDU: Convergence failed at  43  side 2    Res =  0.2306E+01
 MRCHDU: Convergence failed at  44  side 2    Res =  0.2252E+01
 MRCHDU: Convergence failed at  45  side 2    Res =  0.2175E+01
 MRCHDU: Convergence failed at  46  side 2    Res =  0.2123E+01
 MRCHDU: Convergence failed at  47  side 2    Res =  0.2126E+01
 MRCHDU: Convergence failed at  48  side 2    Res =  0.2087E+01
 MRCHDU: Convergence failed at  49  side 2    Res =  0.2089E+01
 MRCHDU: Convergence failed at  50  side 2    Res =  0.2081E+01
 MRCHDU: Convergence failed at  51  side 2    Res =  0.2072E+01
 MRCHDU: Convergence failed at  52  side 2    Res =  0.2066E+01
 MRCHDU: Convergence failed at  53  side 2    Res =  0.2116E+01
 MRCHDU: Convergence failed at  54  side 2    Res =  0.2166E+01
 MRCHDU: Convergence failed at  55  side 2    Res =  0.2199E+01
 MRCHDU: Convergence failed at  56  side 2    Res =  0.2259E+01
 MRCHDU: Convergence failed at  57  side 2    Res =  0.2335E+01
 MRCHDU: Convergence failed at  58  side 2    Res =  0.2397E+01
 MRCHDU: Convergence failed at  59  side 2    Res =  0.2583E+01
 MRCHDU: Convergence failed at  60  side 2    Res =  0.2690E+01
 MRCHDU: Convergence failed at  61  side 2    Res =  0.2793E+01
 MRCHDU: Convergence failed at  62  side 2    Res =  0.2911E+01
 MRCHDU: Convergence failed at  63  side 2    Res =  0.3037E+01
 MRCHDU: Convergence failed at  64  side 2    Res =  0.3151E+01
 MRCHDU: Convergence failed at  65  side 2    Res =  0.3259E+01
 MRCHDU: Convergence failed at  66  side 2    Res =  0.3356E+01
 MRCHDU: Convergence failed at  67  side 2    Res =  0.3459E+01
 MRCHDU: Convergence failed at  68  side 2    Res =  0.3557E+01
 MRCHDU: Convergence failed at  69  side 2    Res =  0.3649E+01
 MRCHDU: Convergence failed at  70  side 2    Res =  0.3750E+01
 MRCHDU: Convergence failed at  71  side 2    Res =  0.3836E+01
 MRCHDU: Convergence failed at  72  side 2    Res =  0.3884E+01
 MRCHDU: Convergence failed at  73  side 2    Res =  0.3832E+01
 MRCHDU: Convergence failed at  74  side 2    Res =  0.3665E+01
 MRCHDU: Convergence failed at  75  side 2    Res =  0.3229E+01
 MRCHDU: Convergence failed at  76  side 2    Res =  0.2546E+01
 Side 1  free  transition at x/c =  0.7236   64
 Side 2  free  transition at x/c =  0.3191   39

   2   rms: 0.4606E+00   max: -.2533E+01   T at   39  2   RLX: 0.197
       a =  1.000      CL =  0.5761
      Cm = -0.1297     CD =  0.03252   =>   CDf =  0.00482    CDp =  0.02770

 Side 1  free  transition at x/c =  0.7235   64
 Side 2  free  transition at x/c =  0.4067   44

   3   rms: 0.1960E+00   max: -.1992E+01   T at   44  2   RLX: 0.251
       a =  1.000      CL =  0.6079
      Cm = -0.1385     CD =  0.03354   =>   CDf =  0.00777    CDp =  0.02578

 Side 1  free  transition at x/c =  0.7231   63
 Side 2  free  transition at x/c =  0.4458   46

   4   rms: 0.4205E+00   max: -.6924E+01   C at   46  2   RLX: 0.072
       a =  1.000      CL =  0.6153
      Cm = -0.1403     CD =  0.03318   =>   CDf =  0.00750    CDp =  0.02568

 Side 1  free  transition at x/c =  0.7233   63
 Side 2  free  transition at x/c =  0.4563   46

   5   rms: 0.1348E+00   max: -.1499E+01   T at   46  2   RLX: 0.334
       a =  1.000      CL =  0.6416
      Cm = -0.1461     CD =  0.03299   =>   CDf =  0.00733    CDp =  0.02566

 Side 1  free  transition at x/c =  0.7246   65
 Side 2 forced transition at x/c =  1.0000   79

   6   rms: 0.7824E-01   max: 0.5158E+00   D at   45  2
       a =  1.000      CL =  0.6522
      Cm = -0.1497     CD =  0.03314   =>   CDf =  0.00601    CDp =  0.02713

 Side 1  free  transition at x/c =  0.7214   64
 Side 2 forced transition at x/c =  1.0000   79

   7   rms: 0.4121E-01   max: -.3196E+00   T at   64  1
       a =  1.000      CL =  0.6876
      Cm = -0.1541     CD =  0.03135   =>   CDf =  0.00589    CDp =  0.02545

 Side 1  free  transition at x/c =  0.7294   65
 Side 2 forced transition at x/c =  1.0000   79

   8   rms: 0.1422E+00   max: 0.6004E+00   T at   65  1
       a =  1.000      CL =  0.6223
      Cm = -0.1458     CD =  0.03503   =>   CDf =  0.00597    CDp =  0.02906

 Side 1  free  transition at x/c =  0.7164   64
 Side 2  free  transition at x/c =  0.9063   71

   9   rms: 0.9510E+00   max: -.1284E+02   C at   71  2   RLX: 0.039
       a =  1.000      CL =  0.6320
      Cm = -0.1493     CD =  0.03302   =>   CDf =  0.00583    CDp =  0.02719

 Side 1  free  transition at x/c =  0.7171   64
 Side 2  free  transition at x/c =  0.9325   72

  10   rms: 0.1972E+01   max: -.2445E+02   C at   72  2   RLX: 0.020
       a =  1.000      CL =  0.6362
      Cm = -0.1502     CD =  0.03303   =>   CDf =  0.00581    CDp =  0.02722

 Side 1  free  transition at x/c =  0.7173   64
 Side 2  free  transition at x/c =  0.9714   76

  11   rms: 0.3182E+03   max: 0.4401E+04   C at   76  2   RLX: 0.000
       a =  1.000      CL =  0.6357
      Cm = -0.1503     CD =  0.03304   =>   CDf =  0.00579    CDp =  0.02725

 Side 1  free  transition at x/c =  0.7173   64
 Side 2  free  transition at x/c =  0.9548   74

  12   rms: 0.5494E+02   max: -.6593E+03   C at   74  2   RLX: 0.001
       a =  1.000      CL =  0.6362
      Cm = -0.1503     CD =  0.03298   =>   CDf =  0.00579    CDp =  0.02719

 Side 1  free  transition at x/c =  0.7174   64
 Side 2  free  transition at x/c =  0.9649   75

  13   rms: 0.1572E+03   max: -.1984E+04   C at   75  2   RLX: 0.000
       a =  1.000      CL =  0.6366
      Cm = -0.1504     CD =  0.03295   =>   CDf =  0.00579    CDp =  0.02716

 Side 1  free  transition at x/c =  0.7175   64
 Side 2  free  transition at x/c =  0.9717   76

  14   rms: 0.4374E+03   max: 0.6051E+04   C at   76  2   RLX: 0.000
       a =  1.000      CL =  0.6357
      Cm = -0.1503     CD =  0.03299   =>   CDf =  0.00579    CDp =  0.02720

 Side 1  free  transition at x/c =  0.7175   64
 Side 2  free  transition at x/c =  0.9551   74

  15   rms: 0.2582E+02   max: -.3108E+03   C at   74  2   RLX: 0.002
       a =  1.000      CL =  0.6363
      Cm = -0.1503     CD =  0.03293   =>   CDf =  0.00579    CDp =  0.02714

 Side 1  free  transition at x/c =  0.7176   64
 Side 2  free  transition at x/c =  0.9682   75

  16   rms: 0.7660E+02   max: -.9621E+03   C at   75  2   RLX: 0.001
       a =  1.000      CL =  0.6367
      Cm = -0.1504     CD =  0.03291   =>   CDf =  0.00579    CDp =  0.02712

 Side 1  free  transition at x/c =  0.7177   64
 Side 2  free  transition at x/c =  0.9735   76

  17   rms: 0.2875E+03   max: 0.3970E+04   C at   76  2   RLX: 0.000
       a =  1.000      CL =  0.6358
      Cm = -0.1502     CD =  0.03293   =>   CDf =  0.00579    CDp =  0.02714

 Side 1  free  transition at x/c =  0.7177   64
 Side 2  free  transition at x/c =  0.9569   74

  18   rms: 0.1433E+02   max: -.1722E+03   C at   74  2   RLX: 0.003
       a =  1.000      CL =  0.6364
      Cm = -0.1503     CD =  0.03288   =>   CDf =  0.00579    CDp =  0.02709

 Side 1  free  transition at x/c =  0.7179   64
 Side 2  free  transition at x/c =  0.9746   76

  19   rms: 0.1340E+03   max: 0.1850E+04   C at   76  2   RLX: 0.001
       a =  1.000      CL =  0.6356
      Cm = -0.1501     CD =  0.03288   =>   CDf =  0.00579    CDp =  0.02709

 Side 1  free  transition at x/c =  0.7179   64
 Side 2  free  transition at x/c =  0.9581   74

  20   rms: 0.1160E+02   max: -.1397E+03   C at   74  2   RLX: 0.004
       a =  1.000      CL =  0.6362
      Cm = -0.1502     CD =  0.03283   =>   CDf =  0.00579    CDp =  0.02703

 Side 1  free  transition at x/c =  0.7181   64
 Side 2  free  transition at x/c =  0.9776   76

  21   rms: 0.5809E+02   max: 0.7999E+03   C at   76  2   RLX: 0.002
       a =  1.000      CL =  0.6353
      Cm = -0.1500     CD =  0.03280   =>   CDf =  0.00579    CDp =  0.02701

 Side 1  free  transition at x/c =  0.7182   64
 Side 2  free  transition at x/c =  0.9629   75

  22   rms: 0.6564E+02   max: -.8392E+03   C at   75  2   RLX: 0.001
       a =  1.000      CL =  0.6357
      Cm = -0.1500     CD =  0.03277   =>   CDf =  0.00579    CDp =  0.02698

 Side 1  free  transition at x/c =  0.7183   64
 Side 2  free  transition at x/c =  0.9696   76

  23   rms: 0.1552E+03   max: -.2159E+04   C at   76  2   RLX: 0.000
       a =  1.000      CL =  0.6360
      Cm = -0.1501     CD =  0.03275   =>   CDf =  0.00579    CDp =  0.02696

 Side 1  free  transition at x/c =  0.7183   64
 Side 2  free  transition at x/c =  0.9758   76

  24   rms: 0.5262E+02   max: 0.7263E+03   C at   76  2   RLX: 0.002
       a =  1.000      CL =  0.6351
      Cm = -0.1499     CD =  0.03276   =>   CDf =  0.00579    CDp =  0.02697

 Side 1  free  transition at x/c =  0.7184   64
 Side 2  free  transition at x/c =  0.9604   75

  25   rms: 0.3833E+02   max: -.4939E+03   C at   75  2   RLX: 0.001
       a =  1.000      CL =  0.6354
      Cm = -0.1499     CD =  0.03272   =>   CDf =  0.00579    CDp =  0.02692

 Side 1  free  transition at x/c =  0.7185   64
 Side 2  free  transition at x/c =  0.9684   75

  26   rms: 0.4065E+02   max: -.5130E+03   C at   75  2   RLX: 0.001
       a =  1.000      CL =  0.6357
      Cm = -0.1500     CD =  0.03269   =>   CDf =  0.00579    CDp =  0.02690

 Side 1  free  transition at x/c =  0.7185   64
 Side 2  free  transition at x/c =  0.9741   76

  27   rms: 0.6413E+02   max: 0.8874E+03   C at   76  2   RLX: 0.002
       a =  1.000      CL =  0.6349
      Cm = -0.1498     CD =  0.03272   =>   CDf =  0.00579    CDp =  0.02693

 Side 1  free  transition at x/c =  0.7185   64
 Side 2  free  transition at x/c =  0.9577   74

  28   rms: 0.9904E+01   max: -.1197E+03   C at   74  2   RLX: 0.004
       a =  1.000      CL =  0.6354
      Cm = -0.1498     CD =  0.03267   =>   CDf =  0.00579    CDp =  0.02688

 Side 1  free  transition at x/c =  0.7187   64
 Side 2  free  transition at x/c =  0.9748   76

  29   rms: 0.4009E+02   max: 0.5547E+03   C at   76  2   RLX: 0.003
       a =  1.000      CL =  0.6347
      Cm = -0.1497     CD =  0.03267   =>   CDf =  0.00579    CDp =  0.02689

 Side 1  free  transition at x/c =  0.7187   64
 Side 2  free  transition at x/c =  0.9592   75

  30   rms: 0.2178E+02   max: -.2824E+03   C at   75  2   RLX: 0.002
       a =  1.000      CL =  0.6350
      Cm = -0.1497     CD =  0.03263   =>   CDf =  0.00579    CDp =  0.02684

 Side 1  free  transition at x/c =  0.7188   64
 Side 2  free  transition at x/c =  0.9683   75

  31   rms: 0.3244E+02   max: -.4108E+03   C at   75  2   RLX: 0.001
       a =  1.000      CL =  0.6353
      Cm = -0.1498     CD =  0.03260   =>   CDf =  0.00579    CDp =  0.02681

 Side 1  free  transition at x/c =  0.7189   64
 Side 2  free  transition at x/c =  0.9747   76

  32   rms: 0.3597E+02   max: 0.4980E+03   C at   76  2   RLX: 0.003
       a =  1.000      CL =  0.6346
      Cm = -0.1496     CD =  0.03263   =>   CDf =  0.00579    CDp =  0.02684

 Side 1  free  transition at x/c =  0.7189   64
 Side 2  free  transition at x/c =  0.9590   75

  33   rms: 0.1738E+02   max: -.2254E+03   C at   75  2   RLX: 0.002
       a =  1.000      CL =  0.6349
      Cm = -0.1496     CD =  0.03258   =>   CDf =  0.00579    CDp =  0.02679

 Side 1  free  transition at x/c =  0.7190   64
 Side 2  free  transition at x/c =  0.9688   75

  34   rms: 0.2708E+02   max: -.3429E+03   C at   75  2   RLX: 0.001
       a =  1.000      CL =  0.6352
      Cm = -0.1497     CD =  0.03255   =>   CDf =  0.00579    CDp =  0.02676

 Side 1  free  transition at x/c =  0.7191   64
 Side 2  free  transition at x/c =  0.9757   76

  35   rms: 0.2552E+02   max: 0.3530E+03   C at   76  2   RLX: 0.004
       a =  1.000      CL =  0.6345
      Cm = -0.1495     CD =  0.03257   =>   CDf =  0.00579    CDp =  0.02678

 Side 1  free  transition at x/c =  0.7192   64
 Side 2  free  transition at x/c =  0.9609   75

  36   rms: 0.1524E+02   max: -.1967E+03   C at   75  2   RLX: 0.003
       a =  1.000      CL =  0.6348
      Cm = -0.1495     CD =  0.03252   =>   CDf =  0.00579    CDp =  0.02673

 Side 1  free  transition at x/c =  0.7193   64
 Side 2  free  transition at x/c =  0.9709   76

  37   rms: 0.1584E+03   max: -.2210E+04   C at   76  2   RLX: 0.000
       a =  1.000      CL =  0.6351
      Cm = -0.1496     CD =  0.03250   =>   CDf =  0.00579    CDp =  0.02671

 Side 1  free  transition at x/c =  0.7193   64
 Side 2  free  transition at x/c =  0.9764   76

  38   rms: 0.1917E+02   max: 0.2651E+03   C at   76  2   RLX: 0.006
       a =  1.000      CL =  0.6343
      Cm = -0.1494     CD =  0.03251   =>   CDf =  0.00579    CDp =  0.02672

 Side 1  free  transition at x/c =  0.7194   64
 Side 2  free  transition at x/c =  0.9635   75

  39   rms: 0.1358E+02   max: -.1743E+03   C at   75  2   RLX: 0.003
       a =  1.000      CL =  0.6346
      Cm = -0.1494     CD =  0.03247   =>   CDf =  0.00579    CDp =  0.02668

 Side 1  free  transition at x/c =  0.7195   64
 Side 2  free  transition at x/c =  0.9737   76

  40   rms: 0.3721E+02   max: 0.5170E+03   C at   76  2   RLX: 0.003
       a =  1.000      CL =  0.6340
      Cm = -0.1493     CD =  0.03251   =>   CDf =  0.00579    CDp =  0.02672

 Side 1  free  transition at x/c =  0.7195   64
 Side 2  free  transition at x/c =  0.9595   75

  41   rms: 0.9771E+01   max: -.1265E+03   C at   75  2   RLX: 0.004
       a =  1.000      CL =  0.6343
      Cm = -0.1493     CD =  0.03245   =>   CDf =  0.00579    CDp =  0.02666

 Side 1  free  transition at x/c =  0.7196   64
 Side 2  free  transition at x/c =  0.9721   76

  42   rms: 0.8083E+03   max: 0.1127E+05   C at   76  2   RLX: 0.000
       a =  1.000      CL =  0.6337
      Cm = -0.1492     CD =  0.03251   =>   CDf =  0.00579    CDp =  0.02672

 Side 1  free  transition at x/c =  0.7195   64
 Side 2  free  transition at x/c =  0.9567   74

  43   rms: 0.6340E+01   max: -.7683E+02   C at   74  2   RLX: 0.007
       a =  1.000      CL =  0.6342
      Cm = -0.1492     CD =  0.03244   =>   CDf =  0.00580    CDp =  0.02665

 Side 1  free  transition at x/c =  0.7196   64
 Side 2  free  transition at x/c =  0.9752   76

  44   rms: 0.2212E+02   max: 0.3069E+03   C at   76  2   RLX: 0.005
       a =  1.000      CL =  0.6335
      Cm = -0.1491     CD =  0.03246   =>   CDf =  0.00579    CDp =  0.02667

 Side 1  free  transition at x/c =  0.7197   64
 Side 2  free  transition at x/c =  0.9629   75

  45   rms: 0.8821E+01   max: -.1137E+03   C at   75  2   RLX: 0.004
       a =  1.000      CL =  0.6339
      Cm = -0.1491     CD =  0.03241   =>   CDf =  0.00580    CDp =  0.02661

 Side 1  free  transition at x/c =  0.7198   64
 Side 2  free  transition at x/c =  0.9760   76

  46   rms: 0.1803E+02   max: 0.2499E+03   C at   76  2   RLX: 0.006
       a =  1.000      CL =  0.6332
      Cm = -0.1489     CD =  0.03243   =>   CDf =  0.00579    CDp =  0.02663

 Side 1  free  transition at x/c =  0.7198   64
 Side 2  free  transition at x/c =  0.9643   75

  47   rms: 0.7754E+01   max: -.9970E+02   C at   75  2   RLX: 0.005
       a =  1.000      CL =  0.6336
      Cm = -0.1490     CD =  0.03237   =>   CDf =  0.00580    CDp =  0.02658

 Side 1  free  transition at x/c =  0.7199   64
 Side 2  free  transition at x/c =  0.9785   76

  48   rms: 0.1205E+02   max: 0.1664E+03   C at   76  2   RLX: 0.009
       a =  1.000      CL =  0.6330
      Cm = -0.1488     CD =  0.03236   =>   CDf =  0.00580    CDp =  0.02657

 Side 1  free  transition at x/c =  0.7200   64
 Side 2  free  transition at x/c =  0.9682   75

  49   rms: 0.7199E+01   max: -.9204E+02   C at   75  2   RLX: 0.005
       a =  1.000      CL =  0.6334
      Cm = -0.1488     CD =  0.03232   =>   CDf =  0.00580    CDp =  0.02652

 Side 1  free  transition at x/c =  0.7201   64
 Side 2  free  transition at x/c =  0.9827   77

  50   rms: 0.6046E+01   max: 0.9545E+02   C at   77  2   RLX: 0.016
       a =  1.000      CL =  0.6328
      Cm = -0.1486     CD =  0.03228   =>   CDf =  0.00580    CDp =  0.02649

 Side 1  free  transition at x/c =  0.7203   64
 Side 2  free  transition at x/c =  0.9708   76

  51   rms: 0.2175E+02   max: -.3048E+03   C at   76  2   RLX: 0.002
       a =  1.000      CL =  0.6330
      Cm = -0.1486     CD =  0.03226   =>   CDf =  0.00580    CDp =  0.02646

 Side 1  free  transition at x/c =  0.7204   64
 Side 2  free  transition at x/c =  0.9769   76

  52   rms: 0.1757E+02   max: 0.2435E+03   C at   76  2   RLX: 0.006
       a =  1.000      CL =  0.6323
      Cm = -0.1484     CD =  0.03229   =>   CDf =  0.00580    CDp =  0.02649

 Side 1  free  transition at x/c =  0.7204   64
 Side 2  free  transition at x/c =  0.9642   75

  53   rms: 0.5608E+01   max: -.7207E+02   C at   75  2   RLX: 0.007
       a =  1.000      CL =  0.6327
      Cm = -0.1484     CD =  0.03224   =>   CDf =  0.00580    CDp =  0.02643

 Side 1  free  transition at x/c =  0.7205   64
 Side 2  free  transition at x/c =  0.9806   77

  54   rms: 0.9454E+01   max: 0.1495E+03   C at   77  2   RLX: 0.010
       a =  1.000      CL =  0.6322
      Cm = -0.1483     CD =  0.03223   =>   CDf =  0.00580    CDp =  0.02643

 Side 1  free  transition at x/c =  0.7206   64
 Side 2  free  transition at x/c =  0.9673   75

  55   rms: 0.5270E+01   max: -.6745E+02   C at   75  2   RLX: 0.007
       a =  1.000      CL =  0.6326
      Cm = -0.1483     CD =  0.03219   =>   CDf =  0.00581    CDp =  0.02639

 Side 1  free  transition at x/c =  0.7207   64
 Side 2  free  transition at x/c =  0.9843   77

  56   rms: 0.4336E+01   max: 0.6843E+02   C at   77  2   RLX: 0.022
       a =  1.000      CL =  0.6321
      Cm = -0.1480     CD =  0.03215   =>   CDf =  0.00580    CDp =  0.02634

 Side 1  free  transition at x/c =  0.7209   64
 Side 2  free  transition at x/c =  0.9743   76

  57   rms: 0.3130E+04   max: -.4362E+05   C at   76  2   RLX: 0.000
       a =  1.000      CL =  0.6323
      Cm = -0.1481     CD =  0.03213   =>   CDf =  0.00581    CDp =  0.02632

 Side 1  free  transition at x/c =  0.7210   64
 Side 2  free  transition at x/c =  0.9798   77

  58   rms: 0.1424E+02   max: 0.2253E+03   C at   77  2   RLX: 0.007
       a =  1.000      CL =  0.6318
      Cm = -0.1480     CD =  0.03215   =>   CDf =  0.00581    CDp =  0.02635

 Side 1  free  transition at x/c =  0.7210   64
 Side 2  free  transition at x/c =  0.9658   75

  59   rms: 0.4580E+01   max: -.5870E+02   C at   75  2   RLX: 0.009
       a =  1.000      CL =  0.6322
      Cm = -0.1480     CD =  0.03211   =>   CDf =  0.00581    CDp =  0.02630

 Side 1  free  transition at x/c =  0.7211   64
 Side 2  free  transition at x/c =  0.9840   77

  60   rms: 0.4255E+01   max: 0.6718E+02   C at   77  2   RLX: 0.022
       a =  1.000      CL =  0.6317
      Cm = -0.1478     CD =  0.03208   =>   CDf =  0.00581    CDp =  0.02627

 Side 1  free  transition at x/c =  0.7213   64
 Side 2  free  transition at x/c =  0.9738   76

  61   rms: 0.4438E+02   max: -.6192E+03   C at   76  2   RLX: 0.001
       a =  1.000      CL =  0.6319
      Cm = -0.1478     CD =  0.03205   =>   CDf =  0.00581    CDp =  0.02624

 Side 1  free  transition at x/c =  0.7213   64
 Side 2  free  transition at x/c =  0.9801   77

  62   rms: 0.1325E+02   max: 0.2098E+03   C at   77  2   RLX: 0.007
       a =  1.000      CL =  0.6314
      Cm = -0.1477     CD =  0.03208   =>   CDf =  0.00581    CDp =  0.02627

 Side 1  free  transition at x/c =  0.7213   64
 Side 2  free  transition at x/c =  0.9664   75

  63   rms: 0.4187E+01   max: -.5358E+02   C at   75  2   RLX: 0.009
       a =  1.000      CL =  0.6319
      Cm = -0.1477     CD =  0.03204   =>   CDf =  0.00581    CDp =  0.02623

 Side 1  free  transition at x/c =  0.7214   64
 Side 2  free  transition at x/c =  0.9851   77

  64   rms: 0.3549E+01   max: 0.5601E+02   C at   77  2   RLX: 0.027
       a =  1.000      CL =  0.6314
      Cm = -0.1474     CD =  0.03200   =>   CDf =  0.00581    CDp =  0.02619

 Side 1  free  transition at x/c =  0.7216   64
 Side 2  free  transition at x/c =  0.9760   76

  65   rms: 0.1409E+03   max: -.1960E+04   C at   76  2   RLX: 0.000
       a =  1.000      CL =  0.6316
      Cm = -0.1475     CD =  0.03198   =>   CDf =  0.00582    CDp =  0.02616

 Side 1  free  transition at x/c =  0.7216   64
 Side 2  free  transition at x/c =  0.9823   77

  66   rms: 0.5433E+01   max: 0.8589E+02   C at   77  2   RLX: 0.017
       a =  1.000      CL =  0.6311
      Cm = -0.1473     CD =  0.03198   =>   CDf =  0.00581    CDp =  0.02617

 Side 1  free  transition at x/c =  0.7218   64
 Side 2  free  transition at x/c =  0.9707   76

  67   rms: 0.1093E+02   max: -.1532E+03   C at   76  2   RLX: 0.003
       a =  1.000      CL =  0.6314
      Cm = -0.1473     CD =  0.03195   =>   CDf =  0.00582    CDp =  0.02613

 Side 1  free  transition at x/c =  0.7218   64
 Side 2  free  transition at x/c =  0.9786   76

  68   rms: 0.5052E+02   max: 0.7003E+03   C at   76  2   RLX: 0.002
       a =  1.000      CL =  0.6307
      Cm = -0.1472     CD =  0.03198   =>   CDf =  0.00582    CDp =  0.02616

 Side 1  free  transition at x/c =  0.7218   64
 Side 2  free  transition at x/c =  0.9607   75

  69   rms: 0.3635E+01   max: -.4676E+02   C at   75  2   RLX: 0.011
       a =  1.000      CL =  0.6311
      Cm = -0.1472     CD =  0.03193   =>   CDf =  0.00582    CDp =  0.02611

 Side 1  free  transition at x/c =  0.7219   64
 Side 2  free  transition at x/c =  0.9803   77

  70   rms: 0.1335E+02   max: 0.2114E+03   C at   77  2   RLX: 0.007
       a =  1.000      CL =  0.6307
      Cm = -0.1471     CD =  0.03195   =>   CDf =  0.00582    CDp =  0.02613

 Side 1  free  transition at x/c =  0.7219   64
 Side 2  free  transition at x/c =  0.9670   75

  71   rms: 0.3807E+01   max: -.4860E+02   C at   75  2   RLX: 0.010
       a =  1.000      CL =  0.6311
      Cm = -0.1471     CD =  0.03191   =>   CDf =  0.00582    CDp =  0.02609

 Side 1  free  transition at x/c =  0.7220   64
 Side 2  free  transition at x/c =  0.9863   77

  72   rms: 0.3123E+01   max: 0.4925E+02   C at   77  2   RLX: 0.030
       a =  1.000      CL =  0.6307
      Cm = -0.1469     CD =  0.03187   =>   CDf =  0.00582    CDp =  0.02605

 Side 1  free  transition at x/c =  0.7222   64
 Side 2  free  transition at x/c =  0.9777   76

  73   rms: 0.3963E+02   max: -.5504E+03   C at   76  2   RLX: 0.001
       a =  1.000      CL =  0.6309
      Cm = -0.1469     CD =  0.03185   =>   CDf =  0.00583    CDp =  0.02602

 Side 1  free  transition at x/c =  0.7222   64
 Side 2  free  transition at x/c =  0.9850   77

  74   rms: 0.3616E+01   max: 0.5708E+02   C at   77  2   RLX: 0.026
       a =  1.000      CL =  0.6304
      Cm = -0.1467     CD =  0.03184   =>   CDf =  0.00582    CDp =  0.02601

 Side 1  free  transition at x/c =  0.7223   64
 Side 2  free  transition at x/c =  0.9751   76

  75   rms: 0.1814E+02   max: -.2526E+03   C at   76  2   RLX: 0.002
       a =  1.000      CL =  0.6307
      Cm = -0.1467     CD =  0.03181   =>   CDf =  0.00583    CDp =  0.02598

 Side 1  free  transition at x/c =  0.7223   64
 Side 2  free  transition at x/c =  0.9830   77

  76   rms: 0.4915E+01   max: 0.7769E+02   C at   77  2   RLX: 0.019
       a =  1.000      CL =  0.6302
      Cm = -0.1465     CD =  0.03182   =>   CDf =  0.00583    CDp =  0.02599

 Side 1  free  transition at x/c =  0.7224   64
 Side 2  free  transition at x/c =  0.9711   76

  77   rms: 0.9312E+01   max: -.1303E+03   C at   76  2   RLX: 0.004
       a =  1.000      CL =  0.6304
      Cm = -0.1466     CD =  0.03179   =>   CDf =  0.00583    CDp =  0.02596

 Side 1  free  transition at x/c =  0.7225   64
 Side 2  free  transition at x/c =  0.9802   77

  78   rms: 0.1283E+02   max: 0.2033E+03   C at   77  2   RLX: 0.007
       a =  1.000      CL =  0.6300
      Cm = -0.1464     CD =  0.03182   =>   CDf =  0.00583    CDp =  0.02599

 Side 1  free  transition at x/c =  0.7225   64
 Side 2  free  transition at x/c =  0.9659   75

  79   rms: 0.3734E+01   max: -.4761E+02   C at   75  2   RLX: 0.011
       a =  1.000      CL =  0.6304
      Cm = -0.1465     CD =  0.03178   =>   CDf =  0.00583    CDp =  0.02595

 Side 1  free  transition at x/c =  0.7225   64
 Side 2  free  transition at x/c =  0.9845   77

  80   rms: 0.4022E+01   max: 0.6353E+02   C at   77  2   RLX: 0.024
       a =  1.000      CL =  0.6300
      Cm = -0.1463     CD =  0.03177   =>   CDf =  0.00583    CDp =  0.02594

 Side 1  free  transition at x/c =  0.7227   64
 Side 2  free  transition at x/c =  0.9735   76

  81   rms: 0.1152E+02   max: -.1607E+03   C at   76  2   RLX: 0.003
       a =  1.000      CL =  0.6302
      Cm = -0.1463     CD =  0.03174   =>   CDf =  0.00584    CDp =  0.02591

 Side 1  free  transition at x/c =  0.7227   64
 Side 2  free  transition at x/c =  0.9825   77

  82   rms: 0.5716E+01   max: 0.9041E+02   C at   77  2   RLX: 0.017
       a =  1.000      CL =  0.6298
      Cm = -0.1462     CD =  0.03176   =>   CDf =  0.00583    CDp =  0.02592

 Side 1  free  transition at x/c =  0.7227   64
 Side 2  free  transition at x/c =  0.9695   76

  83   rms: 0.7322E+01   max: -.1026E+03   C at   76  2   RLX: 0.005
       a =  1.000      CL =  0.6300
      Cm = -0.1462     CD =  0.03172   =>   CDf =  0.00584    CDp =  0.02589

 Side 1  free  transition at x/c =  0.7228   64
 Side 2  free  transition at x/c =  0.9797   77

  84   rms: 0.1867E+02   max: 0.2961E+03   C at   77  2   RLX: 0.005
       a =  1.000      CL =  0.6296
      Cm = -0.1461     CD =  0.03176   =>   CDf =  0.00584    CDp =  0.02592

 Side 1  free  transition at x/c =  0.7228   64
 Side 2  free  transition at x/c =  0.9644   75

  85   rms: 0.3663E+01   max: -.4673E+02   C at   75  2   RLX: 0.011
       a =  1.000      CL =  0.6300
      Cm = -0.1462     CD =  0.03172   =>   CDf =  0.00584    CDp =  0.02588

 Side 1  free  transition at x/c =  0.7228   64
 Side 2  free  transition at x/c =  0.9828   77

  86   rms: 0.5611E+01   max: 0.8874E+02   C at   77  2   RLX: 0.017
       a =  1.000      CL =  0.6296
      Cm = -0.1460     CD =  0.03172   =>   CDf =  0.00584    CDp =  0.02589

 Side 1  free  transition at x/c =  0.7229   64
 Side 2  free  transition at x/c =  0.9697   76

  87   rms: 0.7098E+01   max: -.9941E+02   C at   76  2   RLX: 0.005
       a =  1.000      CL =  0.6298
      Cm = -0.1460     CD =  0.03169   =>   CDf =  0.00584    CDp =  0.02585

 Side 1  free  transition at x/c =  0.7229   64
 Side 2  free  transition at x/c =  0.9803   77

  88   rms: 0.1284E+02   max: 0.2035E+03   C at   77  2   RLX: 0.007
       a =  1.000      CL =  0.6294
      Cm = -0.1459     CD =  0.03172   =>   CDf =  0.00584    CDp =  0.02588

 Side 1  free  transition at x/c =  0.7229   64
 Side 2  free  transition at x/c =  0.9651   75

  89   rms: 0.3675E+01   max: -.4682E+02   C at   75  2   RLX: 0.011
       a =  1.000      CL =  0.6298
      Cm = -0.1460     CD =  0.03168   =>   CDf =  0.00584    CDp =  0.02584

 Side 1  free  transition at x/c =  0.7230   64
 Side 2  free  transition at x/c =  0.9836   77

  90   rms: 0.5166E+01   max: 0.8167E+02   C at   77  2   RLX: 0.018
       a =  1.000      CL =  0.6294
      Cm = -0.1458     CD =  0.03169   =>   CDf =  0.00584    CDp =  0.02585

 Side 1  free  transition at x/c =  0.7230   64
 Side 2  free  transition at x/c =  0.9706   76

  91   rms: 0.7423E+01   max: -.1038E+03   C at   76  2   RLX: 0.005
       a =  1.000      CL =  0.6297
      Cm = -0.1459     CD =  0.03166   =>   CDf =  0.00584    CDp =  0.02581

 Side 1  free  transition at x/c =  0.7231   64
 Side 2  free  transition at x/c =  0.9813   77

  92   rms: 0.8581E+01   max: 0.1359E+03   C at   77  2   RLX: 0.011
       a =  1.000      CL =  0.6292
      Cm = -0.1457     CD =  0.03168   =>   CDf =  0.00584    CDp =  0.02584

 Side 1  free  transition at x/c =  0.7231   64
 Side 2  free  transition at x/c =  0.9664   75

  93   rms: 0.3790E+01   max: -.4817E+02   C at   75  2   RLX: 0.010
       a =  1.000      CL =  0.6296
      Cm = -0.1458     CD =  0.03165   =>   CDf =  0.00585    CDp =  0.02580

 Side 1  free  transition at x/c =  0.7231   64
 Side 2  free  transition at x/c =  0.9846   77

  94   rms: 0.4896E+01   max: 0.7736E+02   C at   77  2   RLX: 0.019
       a =  1.000      CL =  0.6292
      Cm = -0.1456     CD =  0.03165   =>   CDf =  0.00584    CDp =  0.02581

 Side 1  free  transition at x/c =  0.7232   64
 Side 2  free  transition at x/c =  0.9713   76

  95   rms: 0.7655E+01   max: -.1069E+03   C at   76  2   RLX: 0.005
       a =  1.000      CL =  0.6295
      Cm = -0.1457     CD =  0.03162   =>   CDf =  0.00585    CDp =  0.02578

 Side 1  free  transition at x/c =  0.7232   64
 Side 2  free  transition at x/c =  0.9822   77

  96   rms: 0.7472E+01   max: 0.1182E+03   C at   77  2   RLX: 0.013
       a =  1.000      CL =  0.6290
      Cm = -0.1455     CD =  0.03165   =>   CDf =  0.00585    CDp =  0.02580

 Side 1  free  transition at x/c =  0.7232   64
 Side 2  free  transition at x/c =  0.9669   75

  97   rms: 0.3881E+01   max: -.4926E+02   C at   75  2   RLX: 0.010
       a =  1.000      CL =  0.6294
      Cm = -0.1456     CD =  0.03161   =>   CDf =  0.00585    CDp =  0.02576

 Side 1  free  transition at x/c =  0.7233   64
 Side 2  free  transition at x/c =  0.9848   77

  98   rms: 0.5350E+01   max: 0.8453E+02   C at   77  2   RLX: 0.018
       a =  1.000      CL =  0.6290
      Cm = -0.1454     CD =  0.03162   =>   CDf =  0.00585    CDp =  0.02577

 Side 1  free  transition at x/c =  0.7233   64
 Side 2  free  transition at x/c =  0.9704   76

  99   rms: 0.7187E+01   max: -.1004E+03   C at   76  2   RLX: 0.005
       a =  1.000      CL =  0.6293
      Cm = -0.1455     CD =  0.03159   =>   CDf =  0.00585    CDp =  0.02574

 Side 1  free  transition at x/c =  0.7233   64
 Side 2  free  transition at x/c =  0.9815   77

 100   rms: 0.9656E+01   max: 0.1529E+03   C at   77  2   RLX: 0.010
       a =  1.000      CL =  0.6288
      Cm = -0.1453     CD =  0.03162   =>   CDf =  0.00585    CDp =  0.02577

 Side 1  free  transition at x/c =  0.7234   64
 Side 2  free  transition at x/c =  0.9646   75

 101   rms: 0.3822E+01   max: -.4860E+02   C at   75  2   RLX: 0.010
       a =  1.000      CL =  0.6292
      Cm = -0.1454     CD =  0.03159   =>   CDf =  0.00585    CDp =  0.02573

 Side 1  free  transition at x/c =  0.7234   64
 Side 2  free  transition at x/c =  0.9827   77

 102   rms: 0.8146E+01   max: 0.1289E+03   C at   77  2   RLX: 0.012
       a =  1.000      CL =  0.6287
      Cm = -0.1453     CD =  0.03160   =>   CDf =  0.00585    CDp =  0.02575

 Side 1  free  transition at x/c =  0.7231   64
 Side 2  free  transition at x/c =  0.9658   75

 103   rms: 0.4697E+01   max: -.5964E+02   C at   75  2   RLX: 0.008
       a =  1.000      CL =  0.6281
      Cm = -0.1447     CD =  0.02982   =>   CDf =  0.00585    CDp =  0.02396

 Side 1  free  transition at x/c =  0.7231   64
 Side 2  free  transition at x/c =  0.9840   77

 104   rms: 0.9016E+01   max: 0.1426E+03   C at   77  2   RLX: 0.011
       a =  1.000      CL =  0.6276
      Cm = -0.1446     CD =  0.02984   =>   CDf =  0.00585    CDp =  0.02399

 Side 1  free  transition at x/c =  0.7232   64
 Side 2  free  transition at x/c =  0.9671   75

 105   rms: 0.4684E+01   max: -.5939E+02   C at   75  2   RLX: 0.008
       a =  1.000      CL =  0.6281
      Cm = -0.1446     CD =  0.02982   =>   CDf =  0.00586    CDp =  0.02396

 Side 1  free  transition at x/c =  0.7232   64
 Side 2  free  transition at x/c =  0.9853   77

 106   rms: 0.8505E+01   max: 0.1344E+03   C at   77  2   RLX: 0.011
       a =  1.000      CL =  0.6276
      Cm = -0.1445     CD =  0.02984   =>   CDf =  0.00586    CDp =  0.02399

 Side 1  free  transition at x/c =  0.7233   64
 Side 2  free  transition at x/c =  0.9680   75

 107   rms: 0.4676E+01   max: -.5922E+02   C at   75  2   RLX: 0.008
       a =  1.000      CL =  0.6280
      Cm = -0.1446     CD =  0.02983   =>   CDf =  0.00586    CDp =  0.02397

 MRCHDU: Convergence failed at  77  side 2    Res =  0.6300E-03
 Side 1  free  transition at x/c =  0.7233   64
 Side 2  free  transition at x/c =  0.9862   77

 108   rms: 0.8670E+01   max: 0.1370E+03   C at   77  2   RLX: 0.011
       a =  1.000      CL =  0.6275
      Cm = -0.1444     CD =  0.02984   =>   CDf =  0.00586    CDp =  0.02399

 Side 1  free  transition at x/c =  0.7234   64
 Side 2  free  transition at x/c =  0.9682   75

 109   rms: 0.4645E+01   max: -.5881E+02   C at   75  2   RLX: 0.009
       a =  1.000      CL =  0.6279
      Cm = -0.1445     CD =  0.02983   =>   CDf =  0.00586    CDp =  0.02397

 Side 1  free  transition at x/c =  0.7234   64
 Side 2  free  transition at x/c =  0.9865   77

 110   rms: 0.9693E+01   max: 0.1531E+03   C at   77  2   RLX: 0.010
       a =  1.000      CL =  0.6274
      Cm = -0.1444     CD =  0.02985   =>   CDf =  0.00586    CDp =  0.02399

 Side 1  free  transition at x/c =  0.7234   65
 Side 2  free  transition at x/c =  0.9672   75

 111   rms: 0.2078E+01   max: -.2632E+02   C at   75  2   RLX: 0.019
       a =  1.000      CL =  0.6279
      Cm = -0.1444     CD =  0.02969   =>   CDf =  0.00586    CDp =  0.02383

 Side 1  free  transition at x/c =  0.7234   64
 Side 2  free  transition at x/c =  0.9850   77

 112   rms: 0.1334E+02   max: 0.2109E+03   C at   77  2   RLX: 0.007
       a =  1.000      CL =  0.6274
      Cm = -0.1443     CD =  0.02969   =>   CDf =  0.00586    CDp =  0.02383

 Side 1  free  transition at x/c =  0.7234   65
 Side 2  free  transition at x/c =  0.9641   75

 113   rms: 0.2032E+01   max: -.2581E+02   C at   75  2   RLX: 0.019
       a =  1.000      CL =  0.6279
      Cm = -0.1444     CD =  0.02969   =>   CDf =  0.00586    CDp =  0.02383

 Side 1  free  transition at x/c =  0.7234   64
 Side 2  free  transition at x/c =  0.9824   77

 114   rms: 0.2420E+02   max: 0.3831E+03   C at   77  2   RLX: 0.004
       a =  1.000      CL =  0.6274
      Cm = -0.1443     CD =  0.02968   =>   CDf =  0.00586    CDp =  0.02382

 Side 1  free  transition at x/c =  0.7234   64
 Side 2  free  transition at x/c =  0.9595   75

 115   rms: 0.4272E+01   max: -.5455E+02   C at   75  2   RLX: 0.009
       a =  1.000      CL =  0.6278
      Cm = -0.1444     CD =  0.02967   =>   CDf =  0.00586    CDp =  0.02380

 Side 1  free  transition at x/c =  0.7234   65
 Side 2  free  transition at x/c =  0.9792   77

 116   rms: 0.6915E+02   max: -.1097E+04   C at   77  2   RLX: 0.000
       a =  1.000      CL =  0.6281
      Cm = -0.1445     CD =  0.02958   =>   CDf =  0.00586    CDp =  0.02371

 Side 1  free  transition at x/c =  0.7234   65
 Side 2  free  transition at x/c =  0.9878   78

 117   rms: 0.1110E+00   max: -.1927E+01   C at   79  2   RLX: 0.259
       a =  1.000      CL =  0.6290
      Cm = -0.1446     CD =  0.03043   =>   CDf =  0.00587    CDp =  0.02456

 Side 1  free  transition at x/c =  0.7230   64
 Side 2  free  transition at x/c =  0.9829   77

 118   rms: 0.1038E+02   max: 0.1641E+03   C at   77  2   RLX: 0.009
       a =  1.000      CL =  0.6288
      Cm = -0.1446     CD =  0.02984   =>   CDf =  0.00586    CDp =  0.02398

 Side 1  free  transition at x/c =  0.7230   64
 Side 2  free  transition at x/c =  0.9607   75

 119   rms: 0.5462E+01   max: -.6952E+02   C at   75  2   RLX: 0.007
       a =  1.000      CL =  0.6291
      Cm = -0.1447     CD =  0.02982   =>   CDf =  0.00586    CDp =  0.02396

 Side 1  free  transition at x/c =  0.7231   64
 Side 2  free  transition at x/c =  0.9762   76

 120   rms: 0.4128E+02   max: -.5716E+03   C at   76  2   RLX: 0.001
       a =  1.000      CL =  0.6294
      Cm = -0.1448     CD =  0.02981   =>   CDf =  0.00586    CDp =  0.02395

 Side 1  free  transition at x/c =  0.7231   64
 Side 2  free  transition at x/c =  0.9843   77

 121   rms: 0.1035E+02   max: 0.1635E+03   C at   77  2   RLX: 0.009
       a =  1.000      CL =  0.6288
      Cm = -0.1446     CD =  0.02984   =>   CDf =  0.00586    CDp =  0.02398

 Side 1  free  transition at x/c =  0.7231   64
 Side 2  free  transition at x/c =  0.9607   75

 122   rms: 0.5276E+01   max: -.6716E+02   C at   75  2   RLX: 0.007
       a =  1.000      CL =  0.6292
      Cm = -0.1447     CD =  0.02983   =>   CDf =  0.00586    CDp =  0.02396

 Side 1  free  transition at x/c =  0.7232   64
 Side 2  free  transition at x/c =  0.9766   76

 123   rms: 0.5702E+02   max: -.7892E+03   C at   76  2   RLX: 0.001
       a =  1.000      CL =  0.6294
      Cm = -0.1447     CD =  0.02981   =>   CDf =  0.00586    CDp =  0.02395

 Side 1  free  transition at x/c =  0.7232   64
 Side 2  free  transition at x/c =  0.9842   77

 124   rms: 0.1183E+02   max: 0.1869E+03   C at   77  2   RLX: 0.008
       a =  1.000      CL =  0.6288
      Cm = -0.1445     CD =  0.02984   =>   CDf =  0.00586    CDp =  0.02398

 Side 1  free  transition at x/c =  0.7232   64
 Side 2  free  transition at x/c =  0.9588   75

 125   rms: 0.4929E+01   max: -.6289E+02   C at   75  2   RLX: 0.008
       a =  1.000      CL =  0.6292
      Cm = -0.1446     CD =  0.02983   =>   CDf =  0.00586    CDp =  0.02397

 Side 1  free  transition at x/c =  0.7232   64
 Side 2  free  transition at x/c =  0.9755   76

 126   rms: 0.4697E+02   max: -.6508E+03   C at   76  2   RLX: 0.001
       a =  1.000      CL =  0.6294
      Cm = -0.1447     CD =  0.02982   =>   CDf =  0.00586    CDp =  0.02396

 Side 1  free  transition at x/c =  0.7232   64
 Side 2  free  transition at x/c =  0.9830   77

 127   rms: 0.1541E+02   max: 0.2435E+03   C at   77  2   RLX: 0.006
       a =  1.000      CL =  0.6287
      Cm = -0.1445     CD =  0.02985   =>   CDf =  0.00586    CDp =  0.02399

 Side 1  free  transition at x/c =  0.7233   64
 Side 2  free  transition at x/c =  0.9556   74

 128   rms: 0.5109E+01   max: -.6083E+02   C at   74  2   RLX: 0.008
       a =  1.000      CL =  0.6291
      Cm = -0.1445     CD =  0.02984   =>   CDf =  0.00586    CDp =  0.02397

 Side 1  free  transition at x/c =  0.7233   64
 Side 2  free  transition at x/c =  0.9682   75

 129   rms: 0.6413E+01   max: -.8099E+02   C at   75  2   RLX: 0.006
       a =  1.000      CL =  0.6295
      Cm = -0.1446     CD =  0.02983   =>   CDf =  0.00586    CDp =  0.02397

 Side 1  free  transition at x/c =  0.7233   64
 Side 2  free  transition at x/c =  0.9815   77

 130   rms: 0.2108E+02   max: 0.3333E+03   C at   77  2   RLX: 0.004
       a =  1.000      CL =  0.6288
      Cm = -0.1445     CD =  0.02985   =>   CDf =  0.00586    CDp =  0.02399

 Side 1  free  transition at x/c =  0.7234   64
 Side 2  free  transition at x/c =  0.9526   74

 131   rms: 0.4572E+01   max: -.5491E+02   C at   74  2   RLX: 0.009
       a =  1.000      CL =  0.6292
      Cm = -0.1445     CD =  0.02984   =>   CDf =  0.00586    CDp =  0.02398

 Side 1  free  transition at x/c =  0.7234   64
 Side 2  free  transition at x/c =  0.9670   75

 132   rms: 0.6980E+01   max: -.8830E+02   C at   75  2   RLX: 0.006
       a =  1.000      CL =  0.6294
      Cm = -0.1445     CD =  0.02951   =>   CDf =  0.00586    CDp =  0.02365

 Side 1  free  transition at x/c =  0.7234   64
 Side 2  free  transition at x/c =  0.9790   77

 133   rms: 0.4553E+02   max: 0.7207E+03   C at   77  2   RLX: 0.002
       a =  1.000      CL =  0.6287
      Cm = -0.1444     CD =  0.02953   =>   CDf =  0.00586    CDp =  0.02368

 SETBL: Xtr???  n1 n2:    8.4138355       8.9999847    
 Side 1  free  transition at x/c =  0.7234   64
 Side 2  free  transition at x/c =  0.9485   74

 134   rms: 0.3983E+01   max: -.4833E+02   C at   74  2   RLX: 0.010
       a =  1.000      CL =  0.6292
      Cm = -0.1445     CD =  0.02953   =>   CDf =  0.00586    CDp =  0.02367

 Side 1  free  transition at x/c =  0.7234   64
 Side 2  free  transition at x/c =  0.9652   75

 135   rms: 0.6972E+01   max: -.8849E+02   C at   75  2   RLX: 0.006
       a =  1.000      CL =  0.6296
      Cm = -0.1446     CD =  0.02949   =>   CDf =  0.00586    CDp =  0.02363

 Side 1  free  transition at x/c =  0.7234   65
 Side 2  free  transition at x/c =  0.9764   76

 136   rms: 0.2681E+02   max: -.3710E+03   C at   76  2   RLX: 0.001
       a =  1.000      CL =  0.6299
      Cm = -0.1447     CD =  0.02947   =>   CDf =  0.00586    CDp =  0.02361

 Side 1  free  transition at x/c =  0.7234   64
 Side 2  free  transition at x/c =  0.9834   77

 137   rms: 0.2621E+02   max: 0.4142E+03   C at   77  2   RLX: 0.004
       a =  1.000      CL =  0.6291
      Cm = -0.1445     CD =  0.02949   =>   CDf =  0.00586    CDp =  0.02363

 Side 1  free  transition at x/c =  0.7234   65
 Side 2  free  transition at x/c =  0.9520   74

 138   rms: 0.1667E+01   max: -.2009E+02   C at   74  2   RLX: 0.025
       a =  1.000      CL =  0.6297
      Cm = -0.1446     CD =  0.02953   =>   CDf =  0.00586    CDp =  0.02367

 Side 1  free  transition at x/c =  0.7234   64
 Side 2  free  transition at x/c =  0.9693   76

 139   rms: 0.1303E+02   max: -.1819E+03   C at   76  2   RLX: 0.003
       a =  1.000      CL =  0.6300
      Cm = -0.1447     CD =  0.02948   =>   CDf =  0.00586    CDp =  0.02362

 Side 1  free  transition at x/c =  0.7234   64
 Side 2  free  transition at x/c =  0.9773   76

 140   rms: 0.2281E+03   max: 0.3154E+04   C at   76  2   RLX: 0.000
       a =  1.000      CL =  0.6294
      Cm = -0.1446     CD =  0.02951   =>   CDf =  0.00586    CDp =  0.02365

 Side 1  free  transition at x/c =  0.7234   64
 Side 2  free  transition at x/c =  0.9587   75

 141   rms: 0.5485E+01   max: -.7047E+02   C at   75  2   RLX: 0.007
       a =  1.000      CL =  0.6297
      Cm = -0.1446     CD =  0.02949   =>   CDf =  0.00586    CDp =  0.02363

 Side 1  free  transition at x/c =  0.7234   65
 Side 2  free  transition at x/c =  0.9720   76

 142   rms: 0.6659E+01   max: -.9269E+02   C at   76  2   RLX: 0.005
       a =  1.000      CL =  0.6300
      Cm = -0.1447     CD =  0.02943   =>   CDf =  0.00586    CDp =  0.02357

 Side 1  free  transition at x/c =  0.7234   65
 Side 2  free  transition at x/c =  0.9793   77

 143   rms: 0.2286E+02   max: 0.3619E+03   C at   77  2   RLX: 0.004
       a =  1.000      CL =  0.6293
      Cm = -0.1446     CD =  0.02947   =>   CDf =  0.00586    CDp =  0.02361

 Side 1  free  transition at x/c =  0.7234   65
 Side 2  free  transition at x/c =  0.9474   74

 144   rms: 0.1529E+01   max: -.1861E+02   C at   74  2   RLX: 0.027
       a =  1.000      CL =  0.6299
      Cm = -0.1447     CD =  0.02955   =>   CDf =  0.00586    CDp =  0.02369

 Side 1  free  transition at x/c =  0.7234   64
 Side 2  free  transition at x/c =  0.9671   75

 145   rms: 0.7116E+01   max: -.9025E+02   C at   75  2   RLX: 0.006
       a =  1.000      CL =  0.6303
      Cm = -0.1448     CD =  0.02947   =>   CDf =  0.00586    CDp =  0.02361

 Side 1  free  transition at x/c =  0.7234   64
 Side 2  free  transition at x/c =  0.9783   76

 146   rms: 0.1188E+03   max: 0.1641E+04   C at   76  2   RLX: 0.001
       a =  1.000      CL =  0.6297
      Cm = -0.1447     CD =  0.02949   =>   CDf =  0.00585    CDp =  0.02364

 Side 1  free  transition at x/c =  0.7234   64
 Side 2  free  transition at x/c =  0.9603   75

 147   rms: 0.5605E+01   max: -.7189E+02   C at   75  2   RLX: 0.007
       a =  1.000      CL =  0.6300
      Cm = -0.1447     CD =  0.02948   =>   CDf =  0.00586    CDp =  0.02362

 Side 1  free  transition at x/c =  0.7234   65
 Side 2  free  transition at x/c =  0.9736   76

 148   rms: 0.8571E+01   max: -.1191E+03   C at   76  2   RLX: 0.004
       a =  1.000      CL =  0.6303
      Cm = -0.1448     CD =  0.02941   =>   CDf =  0.00586    CDp =  0.02356

 Side 1  free  transition at x/c =  0.7234   65
 Side 2  free  transition at x/c =  0.9805   77

 149   rms: 0.1766E+02   max: 0.2794E+03   C at   77  2   RLX: 0.005
       a =  1.000      CL =  0.6296
      Cm = -0.1446     CD =  0.02946   =>   CDf =  0.00585    CDp =  0.02360

 Side 1  free  transition at x/c =  0.7234   64
 Side 2  free  transition at x/c =  0.9493   74

 150   rms: 0.3738E+01   max: -.4535E+02   C at   74  2   RLX: 0.011
       a =  1.000      CL =  0.6301
      Cm = -0.1447     CD =  0.02944   =>   CDf =  0.00586    CDp =  0.02359

 Side 1  free  transition at x/c =  0.7235   65
 Side 2  free  transition at x/c =  0.9707   76

 151   rms: 0.4816E+01   max: -.6725E+02   C at   76  2   RLX: 0.007
       a =  1.000      CL =  0.6304
      Cm = -0.1448     CD =  0.02937   =>   CDf =  0.00586    CDp =  0.02352

 Side 1  free  transition at x/c =  0.7234   65
 Side 2  free  transition at x/c =  0.9779   76

 152   rms: 0.5344E+03   max: -.7393E+04   C at   76  2   RLX: 0.000
       a =  1.000      CL =  0.6306
      Cm = -0.1448     CD =  0.02936   =>   CDf =  0.00585    CDp =  0.02351

 Side 1  free  transition at x/c =  0.7234   65
 Side 2  free  transition at x/c =  0.9836   77

 153   rms: 0.1082E+02   max: 0.1710E+03   C at   77  2   RLX: 0.009
       a =  1.000      CL =  0.6299
      Cm = -0.1447     CD =  0.02942   =>   CDf =  0.00585    CDp =  0.02357

 Side 1  free  transition at x/c =  0.7234   65
 Side 2  free  transition at x/c =  0.9519   74

 154   rms: 0.1565E+01   max: -.1890E+02   C at   74  2   RLX: 0.026
       a =  1.000      CL =  0.6305
      Cm = -0.1448     CD =  0.02951   =>   CDf =  0.00586    CDp =  0.02365

 Side 1  free  transition at x/c =  0.7234   64
 Side 2  free  transition at x/c =  0.9738   76

 155   rms: 0.3446E+02   max: -.4791E+03   C at   76  2   RLX: 0.001
       a =  1.000      CL =  0.6308
      Cm = -0.1449     CD =  0.02942   =>   CDf =  0.00585    CDp =  0.02357

 Side 1  free  transition at x/c =  0.7234   64
 Side 2  free  transition at x/c =  0.9800   77

 156   rms: 0.7261E+02   max: 0.1149E+04   C at   77  2   RLX: 0.001
       a =  1.000      CL =  0.6300
      Cm = -0.1448     CD =  0.02945   =>   CDf =  0.00585    CDp =  0.02360

 Side 1  free  transition at x/c =  0.7234   64
 Side 2  free  transition at x/c =  0.9479   74

 157   rms: 0.3410E+01   max: -.4151E+02   C at   74  2   RLX: 0.012
       a =  1.000      CL =  0.6306
      Cm = -0.1449     CD =  0.02945   =>   CDf =  0.00585    CDp =  0.02360

 Side 1  free  transition at x/c =  0.7234   65
 Side 2  free  transition at x/c =  0.9727   76

 158   rms: 0.7040E+01   max: -.9810E+02   C at   76  2   RLX: 0.005
       a =  1.000      CL =  0.6309
      Cm = -0.1449     CD =  0.02937   =>   CDf =  0.00585    CDp =  0.02351

 Side 1  free  transition at x/c =  0.7234   65
 Side 2  free  transition at x/c =  0.9790   77

 159   rms: 0.4535E+02   max: 0.7181E+03   C at   77  2   RLX: 0.002
       a =  1.000      CL =  0.6301
      Cm = -0.1448     CD =  0.02940   =>   CDf =  0.00585    CDp =  0.02355

 Side 1  free  transition at x/c =  0.7234   65
 Side 2  free  transition at x/c =  0.9467   74

 160   rms: 0.1536E+01   max: -.1876E+02   C at   74  2   RLX: 0.027
       a =  1.000      CL =  0.6308
      Cm = -0.1449     CD =  0.02948   =>   CDf =  0.00585    CDp =  0.02363

 Side 1  free  transition at x/c =  0.7234   64
 Side 2  free  transition at x/c =  0.9730   76

 161   rms: 0.2562E+02   max: -.3569E+03   C at   76  2   RLX: 0.001
       a =  1.000      CL =  0.6311
      Cm = -0.1450     CD =  0.02940   =>   CDf =  0.00585    CDp =  0.02355

 Side 1  free  transition at x/c =  0.7234   64
 Side 2  free  transition at x/c =  0.9792   77

 162   rms: 0.9781E+02   max: 0.1549E+04   C at   77  2   RLX: 0.001
       a =  1.000      CL =  0.6304
      Cm = -0.1449     CD =  0.02943   =>   CDf =  0.00585    CDp =  0.02358

 Side 1  free  transition at x/c =  0.7234   64
 Side 2  free  transition at x/c =  0.9476   74

 163   rms: 0.3414E+01   max: -.4168E+02   C at   74  2   RLX: 0.012
       a =  1.000      CL =  0.6310
      Cm = -0.1450     CD =  0.02943   =>   CDf =  0.00585    CDp =  0.02358

 Side 1  free  transition at x/c =  0.7234   65
 Side 2  free  transition at x/c =  0.9758   76

 164   rms: 0.2302E+02   max: -.3194E+03   C at   76  2   RLX: 0.002
       a =  1.000      CL =  0.6313
      Cm = -0.1450     CD =  0.02934   =>   CDf =  0.00585    CDp =  0.02349

 Side 1  free  transition at x/c =  0.7234   65
 Side 2  free  transition at x/c =  0.9810   77

 165   rms: 0.1762E+02   max: 0.2788E+03   C at   77  2   RLX: 0.005
       a =  1.000      CL =  0.6305
      Cm = -0.1449     CD =  0.02938   =>   CDf =  0.00585    CDp =  0.02354

 Side 1  free  transition at x/c =  0.7234   65
 Side 2  free  transition at x/c =  0.9496   74

 166   rms: 0.1383E+01   max: -.1678E+02   C at   74  2   RLX: 0.030
       a =  1.000      CL =  0.6312
      Cm = -0.1451     CD =  0.02948   =>   CDf =  0.00585    CDp =  0.02363

 Side 1  free  transition at x/c =  0.7233   64
 Side 2  free  transition at x/c =  0.9780   76

 167   rms: 0.7024E+02   max: 0.9722E+03   C at   76  2   RLX: 0.002
       a =  1.000      CL =  0.6308
      Cm = -0.1450     CD =  0.02943   =>   CDf =  0.00585    CDp =  0.02358

 Side 1  free  transition at x/c =  0.7234   64
 Side 2  free  transition at x/c =  0.9634   75

 168   rms: 0.5025E+01   max: -.6447E+02   C at   75  2   RLX: 0.008
       a =  1.000      CL =  0.6311
      Cm = -0.1450     CD =  0.02941   =>   CDf =  0.00585    CDp =  0.02356

 Side 1  free  transition at x/c =  0.7234   64
 Side 2  free  transition at x/c =  0.9796   77

 169   rms: 0.7567E+02   max: 0.1199E+04   C at   77  2   RLX: 0.001
       a =  1.000      CL =  0.6305
      Cm = -0.1449     CD =  0.02943   =>   CDf =  0.00585    CDp =  0.02358

 Side 1  free  transition at x/c =  0.7234   64
 Side 2  free  transition at x/c =  0.9504   74

 170   rms: 0.3169E+01   max: -.3843E+02   C at   74  2   RLX: 0.013
       a =  1.000      CL =  0.6311
      Cm = -0.1450     CD =  0.02943   =>   CDf =  0.00585    CDp =  0.02358

 Side 1  free  transition at x/c =  0.7235   65
 Side 2  free  transition at x/c =  0.9797   77

 171   rms: 0.4363E+02   max: 0.6912E+03   C at   77  2   RLX: 0.002
       a =  1.000      CL =  0.6305
      Cm = -0.1449     CD =  0.02932   =>   CDf =  0.00585    CDp =  0.02347

 Side 1  free  transition at x/c =  0.7235   65
 Side 2  free  transition at x/c =  0.9515   74

 172   rms: 0.1429E+01   max: -.1729E+02   C at   74  2   RLX: 0.029
       a =  1.000      CL =  0.6312
      Cm = -0.1451     CD =  0.02941   =>   CDf =  0.00585    CDp =  0.02356

 Side 1  free  transition at x/c =  0.7234   64
 Side 2  free  transition at x/c =  0.9808   77

 173   rms: 0.4513E+02   max: 0.7148E+03   C at   77  2   RLX: 0.002
       a =  1.000      CL =  0.6305
      Cm = -0.1449     CD =  0.02940   =>   CDf =  0.00585    CDp =  0.02355

 Side 1  free  transition at x/c =  0.7234   64
 Side 2  free  transition at x/c =  0.9539   74

 174   rms: 0.3221E+01   max: -.3888E+02   C at   74  2   RLX: 0.013
       a =  1.000      CL =  0.6312
      Cm = -0.1450     CD =  0.02940   =>   CDf =  0.00585    CDp =  0.02355

 Side 1  free  transition at x/c =  0.7235   65
 Side 2  free  transition at x/c =  0.9841   77

 175   rms: 0.9800E+01   max: 0.1550E+03   C at   77  2   RLX: 0.010
       a =  1.000      CL =  0.6306
      Cm = -0.1450     CD =  0.02934   =>   CDf =  0.00585    CDp =  0.02349

 Side 1  free  transition at x/c =  0.7234   65
 Side 2  free  transition at x/c =  0.9589   75

 176   rms: 0.1791E+01   max: -.2313E+02   C at   75  2   RLX: 0.022
       a =  1.000      CL =  0.6312
      Cm = -0.1451     CD =  0.02940   =>   CDf =  0.00585    CDp =  0.02355

 Side 1  free  transition at x/c =  0.7234   64
 Side 2  free  transition at x/c =  0.9790   77

 177   rms: 0.9774E+04   max: 0.1551E+06   C at   77  2   RLX: 0.000
       a =  1.000      CL =  0.6305
      Cm = -0.1450     CD =  0.02940   =>   CDf =  0.00585    CDp =  0.02355

 Side 1  free  transition at x/c =  0.7234   64
 Side 2  free  transition at x/c =  0.9528   74

 178   rms: 0.3270E+01   max: -.3951E+02   C at   74  2   RLX: 0.013
       a =  1.000      CL =  0.6312
      Cm = -0.1451     CD =  0.02939   =>   CDf =  0.00585    CDp =  0.02354

 Side 1  free  transition at x/c =  0.7234   65
 Side 2  free  transition at x/c =  0.9829   77

 179   rms: 0.1448E+02   max: 0.2293E+03   C at   77  2   RLX: 0.007
       a =  1.000      CL =  0.6306
      Cm = -0.1450     CD =  0.02935   =>   CDf =  0.00585    CDp =  0.02350

 Side 1  free  transition at x/c =  0.7234   65
 Side 2  free  transition at x/c =  0.9591   75

 180   rms: 0.1787E+01   max: -.2307E+02   C at   75  2   RLX: 0.022
       a =  1.000      CL =  0.6312
      Cm = -0.1451     CD =  0.02941   =>   CDf =  0.00585    CDp =  0.02356

 Side 1  free  transition at x/c =  0.7234   64
 Side 2  free  transition at x/c =  0.9807   77

 181   rms: 0.7945E+02   max: 0.1260E+04   C at   77  2   RLX: 0.001
       a =  1.000      CL =  0.6306
      Cm = -0.1450     CD =  0.02940   =>   CDf =  0.00585    CDp =  0.02355

 MRCHDU: Convergence failed at  74  side 2    Res =  0.1580E-03
 Side 1  free  transition at x/c =  0.7234   64
 Side 2  free  transition at x/c =  0.9565   74

 182   rms: 0.3477E+01   max: -.4178E+02   C at   74  2   RLX: 0.012
       a =  1.000      CL =  0.6312
      Cm = -0.1451     CD =  0.02939   =>   CDf =  0.00585    CDp =  0.02354

 Side 1  free  transition at x/c =  0.7234   65
 Side 2  free  transition at x/c =  0.9855   77

 183   rms: 0.9533E+01   max: 0.1508E+03   C at   77  2   RLX: 0.010
       a =  1.000      CL =  0.6307
      Cm = -0.1450     CD =  0.02936   =>   CDf =  0.00585    CDp =  0.02352

 Side 1  free  transition at x/c =  0.7234   65
 Side 2  free  transition at x/c =  0.9632   75

 184   rms: 0.1927E+01   max: -.2474E+02   C at   75  2   RLX: 0.020
       a =  1.000      CL =  0.6312
      Cm = -0.1451     CD =  0.02942   =>   CDf =  0.00585    CDp =  0.02357

 Side 1  free  transition at x/c =  0.7234   64
 Side 2  free  transition at x/c =  0.9852   77

 185   rms: 0.2220E+02   max: 0.3513E+03   C at   77  2   RLX: 0.004
       a =  1.000      CL =  0.6307
      Cm = -0.1450     CD =  0.02939   =>   CDf =  0.00585    CDp =  0.02354

 Side 1  free  transition at x/c =  0.7234   64
 Side 2  free  transition at x/c =  0.9631   75

 186   rms: 0.4112E+01   max: -.5280E+02   C at   75  2   RLX: 0.009
       a =  1.000      CL =  0.6312
      Cm = -0.1451     CD =  0.02938   =>   CDf =  0.00585    CDp =  0.02353

 Side 1  free  transition at x/c =  0.7234   65
 Side 2  free  transition at x/c =  0.9866   77

 187   rms: 0.1067E+02   max: 0.1688E+03   C at   77  2   RLX: 0.009
       a =  1.000      CL =  0.6307
      Cm = -0.1450     CD =  0.02935   =>   CDf =  0.00585    CDp =  0.02350

 Side 1  free  transition at x/c =  0.7234   65
 Side 2  free  transition at x/c =  0.9645   75

 188   rms: 0.2009E+01   max: -.2574E+02   C at   75  2   RLX: 0.019
       a =  1.000      CL =  0.6312
      Cm = -0.1451     CD =  0.02941   =>   CDf =  0.00585    CDp =  0.02355

 Side 1  free  transition at x/c =  0.7234   64
 Side 2  free  transition at x/c =  0.9876   78

 189   rms: 0.1595E+00   max: -.2949E+01   C at   78  2   RLX: 0.170
       a =  1.000      CL =  0.6301
      Cm = -0.1443     CD =  0.02953   =>   CDf =  0.00585    CDp =  0.02367

 Side 1  free  transition at x/c =  0.7243   65
 Side 2  free  transition at x/c =  0.9877   78

 190   rms: 0.1101E+00   max: -.1708E+01   C at   79  2   RLX: 0.293
       a =  1.000      CL =  0.6309
      Cm = -0.1448     CD =  0.02974   =>   CDf =  0.00587    CDp =  0.02388

 Side 1  free  transition at x/c =  0.7232   64
 Side 2  free  transition at x/c =  0.9801   77

 191   rms: 0.1037E+02   max: 0.1640E+03   C at   77  2   RLX: 0.009
       a =  1.000      CL =  0.6304
      Cm = -0.1447     CD =  0.02959   =>   CDf =  0.00586    CDp =  0.02373

 Side 1  free  transition at x/c =  0.7233   64
 Side 2  free  transition at x/c =  0.9575   74

 192   rms: 0.4469E+01   max: -.5316E+02   C at   74  2   RLX: 0.009
       a =  1.000      CL =  0.6308
      Cm = -0.1448     CD =  0.02957   =>   CDf =  0.00586    CDp =  0.02371

 Side 1  free  transition at x/c =  0.7233   64
 Side 2  free  transition at x/c =  0.9743   76

 193   rms: 0.1631E+03   max: -.2263E+04   C at   76  2   RLX: 0.000
       a =  1.000      CL =  0.6311
      Cm = -0.1448     CD =  0.02956   =>   CDf =  0.00586    CDp =  0.02370

 Side 1  free  transition at x/c =  0.7233   64
 Side 2  free  transition at x/c =  0.9810   77

 194   rms: 0.9623E+01   max: 0.1522E+03   C at   77  2   RLX: 0.010
       a =  1.000      CL =  0.6305
      Cm = -0.1447     CD =  0.02959   =>   CDf =  0.00586    CDp =  0.02374

 Side 1  free  transition at x/c =  0.7234   64
 Side 2  free  transition at x/c =  0.9580   74

 195   rms: 0.4264E+01   max: -.5075E+02   C at   74  2   RLX: 0.010
       a =  1.000      CL =  0.6309
      Cm = -0.1447     CD =  0.02959   =>   CDf =  0.00586    CDp =  0.02373

 Side 1  free  transition at x/c =  0.7234   64
 Side 2  free  transition at x/c =  0.9758   76

 196   rms: 0.1009E+03   max: 0.1398E+04   C at   76  2   RLX: 0.001
       a =  1.000      CL =  0.6303
      Cm = -0.1446     CD =  0.02961   =>   CDf =  0.00586    CDp =  0.02375

 Side 1  free  transition at x/c =  0.7234   64
 Side 2  free  transition at x/c =  0.9575   74

 197   rms: 0.3943E+01   max: -.4701E+02   C at   74  2   RLX: 0.011
       a =  1.000      CL =  0.6308
      Cm = -0.1447     CD =  0.02959   =>   CDf =  0.00586    CDp =  0.02373

 Side 1  free  transition at x/c =  0.7234   65
 Side 2  free  transition at x/c =  0.9767   76

 198   rms: 0.1853E+03   max: 0.2566E+04   C at   76  2   RLX: 0.001
       a =  1.000      CL =  0.6301
      Cm = -0.1445     CD =  0.02935   =>   CDf =  0.00586    CDp =  0.02349

 Side 1  free  transition at x/c =  0.7234   65
 Side 2  free  transition at x/c =  0.9587   75

 199   rms: 0.1733E+01   max: -.2224E+02   C at   75  2   RLX: 0.022
       a =  1.000      CL =  0.6306
      Cm = -0.1446     CD =  0.02940   =>   CDf =  0.00586    CDp =  0.02354

 Side 1  free  transition at x/c =  0.7234   64
 Side 2  free  transition at x/c =  0.9735   76

 200   rms: 0.3036E+02   max: -.4221E+03   C at   76  2   RLX: 0.001
       a =  1.000      CL =  0.6308
      Cm = -0.1447     CD =  0.02934   =>   CDf =  0.00586    CDp =  0.02348

 Side 1  free  transition at x/c =  0.7234   64
 Side 2  free  transition at x/c =  0.9807   77

 201   rms: 0.1137E+02   max: 0.1798E+03   C at   77  2   RLX: 0.008
       a =  1.000      CL =  0.6302
      Cm = -0.1446     CD =  0.02938   =>   CDf =  0.00586    CDp =  0.02352

 Side 1  free  transition at x/c =  0.7234   65
 Side 2  free  transition at x/c =  0.9589   75

 202   rms: 0.1734E+01   max: -.2225E+02   C at   75  2   RLX: 0.022
       a =  1.000      CL =  0.6307
      Cm = -0.1447     CD =  0.02940   =>   CDf =  0.00586    CDp =  0.02354

 Side 1  free  transition at x/c =  0.7234   64
 Side 2  free  transition at x/c =  0.9744   76

 203   rms: 0.4897E+02   max: -.6803E+03   C at   76  2   RLX: 0.001
       a =  1.000      CL =  0.6310
      Cm = -0.1447     CD =  0.02934   =>   CDf =  0.00586    CDp =  0.02348

 Side 1  free  transition at x/c =  0.7234   64
 Side 2  free  transition at x/c =  0.9812   77

 204   rms: 0.1101E+02   max: 0.1742E+03   C at   77  2   RLX: 0.009
       a =  1.000      CL =  0.6304
      Cm = -0.1446     CD =  0.02937   =>   CDf =  0.00586    CDp =  0.02352

 Side 1  free  transition at x/c =  0.7234   65
 Side 2  free  transition at x/c =  0.9590   75

 205   rms: 0.1729E+01   max: -.2217E+02   C at   75  2   RLX: 0.023
       a =  1.000      CL =  0.6308
      Cm = -0.1447     CD =  0.02940   =>   CDf =  0.00586    CDp =  0.02354

 Side 1  free  transition at x/c =  0.7234   64
 Side 2  free  transition at x/c =  0.9753   76

 206   rms: 0.1114E+03   max: -.1545E+04   C at   76  2   RLX: 0.000
       a =  1.000      CL =  0.6311
      Cm = -0.1448     CD =  0.02933   =>   CDf =  0.00586    CDp =  0.02347

 Side 1  free  transition at x/c =  0.7234   64
 Side 2  free  transition at x/c =  0.9819   77

 207   rms: 0.1053E+02   max: 0.1666E+03   C at   77  2   RLX: 0.009
       a =  1.000      CL =  0.6305
      Cm = -0.1446     CD =  0.02937   =>   CDf =  0.00586    CDp =  0.02351

 Side 1  free  transition at x/c =  0.7234   65
 Side 2  free  transition at x/c =  0.9593   75

 208   rms: 0.1741E+01   max: -.2231E+02   C at   75  2   RLX: 0.022
       a =  1.000      CL =  0.6309
      Cm = -0.1447     CD =  0.02940   =>   CDf =  0.00586    CDp =  0.02354

 Side 1  free  transition at x/c =  0.7234   64
 Side 2  free  transition at x/c =  0.9762   76

 209   rms: 0.4222E+03   max: 0.5851E+04   C at   76  2   RLX: 0.000
       a =  1.000      CL =  0.6304
      Cm = -0.1446     CD =  0.02937   =>   CDf =  0.00586    CDp =  0.02351

 Side 1  free  transition at x/c =  0.7234   64
 Side 2  free  transition at x/c =  0.9589   75

 210   rms: 0.4395E+01   max: -.5635E+02   C at   75  2   RLX: 0.009
       a =  1.000      CL =  0.6308
      Cm = -0.1447     CD =  0.02935   =>   CDf =  0.00586    CDp =  0.02349

 Side 1  free  transition at x/c =  0.7234   64
 Side 2  free  transition at x/c =  0.9770   76

 211   rms: 0.2134E+03   max: -.2956E+04   C at   76  2   RLX: 0.000
       a =  1.000      CL =  0.6310
      Cm = -0.1447     CD =  0.02933   =>   CDf =  0.00586    CDp =  0.02347

 Side 1  free  transition at x/c =  0.7234   64
 Side 2  free  transition at x/c =  0.9835   77

 212   rms: 0.9870E+01   max: 0.1560E+03   C at   77  2   RLX: 0.010
       a =  1.000      CL =  0.6304
      Cm = -0.1446     CD =  0.02933   =>   CDf =  0.00586    CDp =  0.02348

 Side 1  free  transition at x/c =  0.7235   65
 Side 2  free  transition at x/c =  0.9614   75

 213   rms: 0.1771E+01   max: -.2262E+02   C at   75  2   RLX: 0.022
       a =  1.000      CL =  0.6309
      Cm = -0.1447     CD =  0.02933   =>   CDf =  0.00586    CDp =  0.02347

 Side 1  free  transition at x/c =  0.7234   64
 Side 2  free  transition at x/c =  0.9788   77

 214   rms: 0.2247E+02   max: 0.3559E+03   C at   77  2   RLX: 0.004
       a =  1.000      CL =  0.6303
      Cm = -0.1446     CD =  0.02935   =>   CDf =  0.00586    CDp =  0.02349

 Side 1  free  transition at x/c =  0.7234   65
 Side 2  free  transition at x/c =  0.9546   74

 215   rms: 0.1598E+01   max: -.1911E+02   C at   74  2   RLX: 0.026
       a =  1.000      CL =  0.6309
      Cm = -0.1447     CD =  0.02939   =>   CDf =  0.00586    CDp =  0.02353

 Side 1  free  transition at x/c =  0.7234   64
 Side 2  free  transition at x/c =  0.9726   76

 216   rms: 0.2100E+02   max: -.2925E+03   C at   76  2   RLX: 0.002
       a =  1.000      CL =  0.6312
      Cm = -0.1448     CD =  0.02932   =>   CDf =  0.00586    CDp =  0.02346

 Side 1  free  transition at x/c =  0.7234   64
 Side 2  free  transition at x/c =  0.9799   77

 217   rms: 0.1705E+02   max: 0.2699E+03   C at   77  2   RLX: 0.006
       a =  1.000      CL =  0.6305
      Cm = -0.1447     CD =  0.02936   =>   CDf =  0.00586    CDp =  0.02350

 Side 1  free  transition at x/c =  0.7234   64
 Side 2  free  transition at x/c =  0.9561   74

 218   rms: 0.3984E+01   max: -.4761E+02   C at   74  2   RLX: 0.011
       a =  1.000      CL =  0.6310
      Cm = -0.1447     CD =  0.02935   =>   CDf =  0.00586    CDp =  0.02349

 Side 1  free  transition at x/c =  0.7235   65
 Side 2  free  transition at x/c =  0.9757   76

 219   rms: 0.1601E+02   max: -.2222E+03   C at   76  2   RLX: 0.002
       a =  1.000      CL =  0.6313
      Cm = -0.1448     CD =  0.02924   =>   CDf =  0.00586    CDp =  0.02338

 Side 1  free  transition at x/c =  0.7234   65
 Side 2  free  transition at x/c =  0.9821   77

 220   rms: 0.5244E+01   max: 0.8291E+02   C at   77  2   RLX: 0.018
       a =  1.000      CL =  0.6307
      Cm = -0.1447     CD =  0.02933   =>   CDf =  0.00586    CDp =  0.02348

 Side 1  free  transition at x/c =  0.7234   64
 Side 2  free  transition at x/c =  0.9580   74

 221   rms: 0.3984E+01   max: -.4751E+02   C at   74  2   RLX: 0.011
       a =  1.000      CL =  0.6312
      Cm = -0.1448     CD =  0.02932   =>   CDf =  0.00586    CDp =  0.02346

 Side 1  free  transition at x/c =  0.7235   65
 Side 2  free  transition at x/c =  0.9784   76

 222   rms: 0.6693E+02   max: 0.9258E+03   C at   76  2   RLX: 0.002
       a =  1.000      CL =  0.6306
      Cm = -0.1447     CD =  0.02926   =>   CDf =  0.00586    CDp =  0.02340

 Side 1  free  transition at x/c =  0.7235   65
 Side 2  free  transition at x/c =  0.9619   75

 223   rms: 0.1856E+01   max: -.2374E+02   C at   75  2   RLX: 0.021
       a =  1.000      CL =  0.6311
      Cm = -0.1448     CD =  0.02931   =>   CDf =  0.00586    CDp =  0.02345

 Side 1  free  transition at x/c =  0.7234   64
 Side 2  free  transition at x/c =  0.9783   76

 224   rms: 0.2040E+03   max: -.2823E+04   C at   76  2   RLX: 0.000
       a =  1.000      CL =  0.6313
      Cm = -0.1448     CD =  0.02929   =>   CDf =  0.00586    CDp =  0.02343

 Side 1  free  transition at x/c =  0.7234   64
 Side 2  free  transition at x/c =  0.9846   77

 225   rms: 0.1085E+02   max: 0.1715E+03   C at   77  2   RLX: 0.009
       a =  1.000      CL =  0.6307
      Cm = -0.1447     CD =  0.02932   =>   CDf =  0.00586    CDp =  0.02347

 Side 1  free  transition at x/c =  0.7235   65
 Side 2  free  transition at x/c =  0.9619   75

 226   rms: 0.1849E+01   max: -.2365E+02   C at   75  2   RLX: 0.021
       a =  1.000      CL =  0.6312
      Cm = -0.1448     CD =  0.02931   =>   CDf =  0.00586    CDp =  0.02345

 Side 1  free  transition at x/c =  0.7234   64
 Side 2  free  transition at x/c =  0.9790   77

 227   rms: 0.3000E+02   max: 0.4753E+03   C at   77  2   RLX: 0.003
       a =  1.000      CL =  0.6306
      Cm = -0.1447     CD =  0.02932   =>   CDf =  0.00586    CDp =  0.02347

 Side 1  free  transition at x/c =  0.7234   65
 Side 2  free  transition at x/c =  0.9541   74

 228   rms: 0.1562E+01   max: -.1872E+02   C at   74  2   RLX: 0.027
       a =  1.000      CL =  0.6311
      Cm = -0.1448     CD =  0.02938   =>   CDf =  0.00586    CDp =  0.02352

 Side 1  free  transition at x/c =  0.7234   64
 Side 2  free  transition at x/c =  0.9747   76

 229   rms: 0.2931E+02   max: -.4073E+03   C at   76  2   RLX: 0.001
       a =  1.000      CL =  0.6314
      Cm = -0.1449     CD =  0.02930   =>   CDf =  0.00586    CDp =  0.02344

 Side 1  free  transition at x/c =  0.7234   64
 Side 2  free  transition at x/c =  0.9815   77

 230   rms: 0.1690E+02   max: 0.2674E+03   C at   77  2   RLX: 0.006
       a =  1.000      CL =  0.6308
      Cm = -0.1448     CD =  0.02934   =>   CDf =  0.00586    CDp =  0.02348

 Side 1  free  transition at x/c =  0.7234   64
 Side 2  free  transition at x/c =  0.9574   74

 231   rms: 0.3833E+01   max: -.4579E+02   C at   74  2   RLX: 0.011
       a =  1.000      CL =  0.6313
      Cm = -0.1448     CD =  0.02933   =>   CDf =  0.00586    CDp =  0.02347

 Side 1  free  transition at x/c =  0.7234   65
 Side 2  free  transition at x/c =  0.9791   77

 232   rms: 0.1756E+02   max: 0.2783E+03   C at   77  2   RLX: 0.005
       a =  1.000      CL =  0.6307
      Cm = -0.1447     CD =  0.02928   =>   CDf =  0.00586    CDp =  0.02342

 Side 1  free  transition at x/c =  0.7234   65
 Side 2  free  transition at x/c =  0.9539   74

 233   rms: 0.1509E+01   max: -.1811E+02   C at   74  2   RLX: 0.028
       a =  1.000      CL =  0.6313
      Cm = -0.1449     CD =  0.02936   =>   CDf =  0.00586    CDp =  0.02350

 Side 1  free  transition at x/c =  0.7234   64
 Side 2  free  transition at x/c =  0.9767   76

 234   rms: 0.4956E+02   max: -.6873E+03   C at   76  2   RLX: 0.001
       a =  1.000      CL =  0.6316
      Cm = -0.1449     CD =  0.02929   =>   CDf =  0.00586    CDp =  0.02344

 Side 1  free  transition at x/c =  0.7234   64
 Side 2  free  transition at x/c =  0.9832   77

 235   rms: 0.1452E+02   max: 0.2296E+03   C at   77  2   RLX: 0.007
       a =  1.000      CL =  0.6310
      Cm = -0.1448     CD =  0.02933   =>   CDf =  0.00585    CDp =  0.02348

 SETBL: Xtr???  n1 n2:    8.4135628       8.9999676    
 Side 1  free  transition at x/c =  0.7234   64
 Side 2  free  transition at x/c =  0.9596   75

 236   rms: 0.4267E+01   max: -.5485E+02   C at   75  2   RLX: 0.009
       a =  1.000      CL =  0.6314
      Cm = -0.1449     CD =  0.02931   =>   CDf =  0.00586    CDp =  0.02345

 Side 1  free  transition at x/c =  0.7234   64
 Side 2  free  transition at x/c =  0.9778   76

 237   rms: 0.8875E+02   max: -.1229E+04   C at   76  2   RLX: 0.000
       a =  1.000      CL =  0.6317
      Cm = -0.1450     CD =  0.02927   =>   CDf =  0.00586    CDp =  0.02341

 Side 1  free  transition at x/c =  0.7234   64
 Side 2  free  transition at x/c =  0.9839   77

 238   rms: 0.1494E+02   max: 0.2362E+03   C at   77  2   RLX: 0.006
       a =  1.000      CL =  0.6311
      Cm = -0.1448     CD =  0.02930   =>   CDf =  0.00585    CDp =  0.02345

 Side 1  free  transition at x/c =  0.7234   65
 Side 2  free  transition at x/c =  0.9595   75

 239   rms: 0.1771E+01   max: -.2276E+02   C at   75  2   RLX: 0.022
       a =  1.000      CL =  0.6316
      Cm = -0.1450     CD =  0.02934   =>   CDf =  0.00586    CDp =  0.02348

 Side 1  free  transition at x/c =  0.7234   64
 Side 2  free  transition at x/c =  0.9782   76

 240   rms: 0.1674E+03   max: -.2318E+04   C at   76  2   RLX: 0.000
       a =  1.000      CL =  0.6318
      Cm = -0.1450     CD =  0.02927   =>   CDf =  0.00586    CDp =  0.02342

 Side 1  free  transition at x/c =  0.7234   64
 Side 2  free  transition at x/c =  0.9842   77

 241   rms: 0.1546E+02   max: 0.2444E+03   C at   77  2   RLX: 0.006
       a =  1.000      CL =  0.6312
      Cm = -0.1449     CD =  0.02931   =>   CDf =  0.00585    CDp =  0.02345

 Side 1  free  transition at x/c =  0.7234   64
 Side 2  free  transition at x/c =  0.9592   75

 242   rms: 0.4156E+01   max: -.5343E+02   C at   75  2   RLX: 0.009
       a =  1.000      CL =  0.6316
      Cm = -0.1449     CD =  0.02930   =>   CDf =  0.00586    CDp =  0.02345

 Side 1  free  transition at x/c =  0.7235   65
 Side 2  free  transition at x/c =  0.9795   77

 243   rms: 0.2384E+02   max: 0.3777E+03   C at   77  2   RLX: 0.004
       a =  1.000      CL =  0.6310
      Cm = -0.1448     CD =  0.02924   =>   CDf =  0.00585    CDp =  0.02338

 Side 1  free  transition at x/c =  0.7234   65
 Side 2  free  transition at x/c =  0.9532   74

 244   rms: 0.1579E+01   max: -.1898E+02   C at   74  2   RLX: 0.026
       a =  1.000      CL =  0.6316
      Cm = -0.1450     CD =  0.02932   =>   CDf =  0.00586    CDp =  0.02346

 Side 1  free  transition at x/c =  0.7234   64
 Side 2  free  transition at x/c =  0.9759   76

 245   rms: 0.3283E+02   max: -.4561E+03   C at   76  2   RLX: 0.001
       a =  1.000      CL =  0.6318
      Cm = -0.1450     CD =  0.02927   =>   CDf =  0.00586    CDp =  0.02342

 Side 1  free  transition at x/c =  0.7234   64
 Side 2  free  transition at x/c =  0.9823   77

 246   rms: 0.2145E+02   max: 0.3394E+03   C at   77  2   RLX: 0.004
       a =  1.000      CL =  0.6312
      Cm = -0.1449     CD =  0.02931   =>   CDf =  0.00585    CDp =  0.02345

 Side 1  free  transition at x/c =  0.7234   65
 Side 2  free  transition at x/c =  0.9570   74

 247   rms: 0.1642E+01   max: -.1963E+02   C at   74  2   RLX: 0.025
       a =  1.000      CL =  0.6318
      Cm = -0.1450     CD =  0.02935   =>   CDf =  0.00586    CDp =  0.02349

 Side 1  free  transition at x/c =  0.7234   64
 Side 2  free  transition at x/c =  0.9802   77

 248   rms: 0.3874E+02   max: 0.6137E+03   C at   77  2   RLX: 0.002
       a =  1.000      CL =  0.6312
      Cm = -0.1449     CD =  0.02931   =>   CDf =  0.00585    CDp =  0.02346

 Side 1  free  transition at x/c =  0.7234   64
 Side 2  free  transition at x/c =  0.9545   74

 249   rms: 0.3562E+01   max: -.4281E+02   C at   74  2   RLX: 0.012
       a =  1.000      CL =  0.6317
      Cm = -0.1450     CD =  0.02931   =>   CDf =  0.00586    CDp =  0.02345

 Side 1  free  transition at x/c =  0.7234   65
 Side 2  free  transition at x/c =  0.9797   77

 250   rms: 0.3906E+02   max: 0.6192E+03   C at   77  2   RLX: 0.002
       a =  1.000      CL =  0.6311
      Cm = -0.1449     CD =  0.02927   =>   CDf =  0.00585    CDp =  0.02342

 Side 1  free  transition at x/c =  0.7234   65
 Side 2  free  transition at x/c =  0.9541   74

 251   rms: 0.1547E+01   max: -.1859E+02   C at   74  2   RLX: 0.027
       a =  1.000      CL =  0.6318
      Cm = -0.1450     CD =  0.02935   =>   CDf =  0.00586    CDp =  0.02349

 Side 1  free  transition at x/c =  0.7234   64
 Side 2  free  transition at x/c =  0.9799   77

 252   rms: 0.6412E+02   max: 0.1016E+04   C at   77  2   RLX: 0.001
       a =  1.000      CL =  0.6312
      Cm = -0.1450     CD =  0.02932   =>   CDf =  0.00585    CDp =  0.02346

 Side 1  free  transition at x/c =  0.7234   64
 Side 2  free  transition at x/c =  0.9549   74

 253   rms: 0.3427E+01   max: -.4118E+02   C at   74  2   RLX: 0.012
       a =  1.000      CL =  0.6317
      Cm = -0.1450     CD =  0.02931   =>   CDf =  0.00586    CDp =  0.02345

 Side 1  free  transition at x/c =  0.7234   65
 Side 2  free  transition at x/c =  0.9820   77

 254   rms: 0.1617E+02   max: 0.2562E+03   C at   77  2   RLX: 0.006
       a =  1.000      CL =  0.6311
      Cm = -0.1449     CD =  0.02929   =>   CDf =  0.00585    CDp =  0.02343

 Side 1  free  transition at x/c =  0.7234   65
 Side 2  free  transition at x/c =  0.9580   74

 255   rms: 0.1604E+01   max: -.1919E+02   C at   74  2   RLX: 0.026
       a =  1.000      CL =  0.6318
      Cm = -0.1451     CD =  0.02936   =>   CDf =  0.00586    CDp =  0.02351

 Side 1  free  transition at x/c =  0.7234   64
 Side 2  free  transition at x/c =  0.9846   77

 256   rms: 0.2031E+02   max: 0.3213E+03   C at   77  2   RLX: 0.005
       a =  1.000      CL =  0.6313
      Cm = -0.1450     CD =  0.02932   =>   CDf =  0.00585    CDp =  0.02346

 Side 1  free  transition at x/c =  0.7234   64
 Side 2  free  transition at x/c =  0.9617   75

 257   rms: 0.4206E+01   max: -.5400E+02   C at   75  2   RLX: 0.009
       a =  1.000      CL =  0.6317
      Cm = -0.1450     CD =  0.02931   =>   CDf =  0.00586    CDp =  0.02345

 Side 1  free  transition at x/c =  0.7234   65
 Side 2  free  transition at x/c =  0.9823   77

 258   rms: 0.2432E+02   max: 0.3853E+03   C at   77  2   RLX: 0.004
       a =  1.000      CL =  0.6311
      Cm = -0.1449     CD =  0.02928   =>   CDf =  0.00585    CDp =  0.02342

 Side 1  free  transition at x/c =  0.7234   65
 Side 2  free  transition at x/c =  0.9584   75

 259   rms: 0.1773E+01   max: -.2284E+02   C at   75  2   RLX: 0.022
       a =  1.000      CL =  0.6316
      Cm = -0.1451     CD =  0.02934   =>   CDf =  0.00586    CDp =  0.02348

 Side 1  free  transition at x/c =  0.7234   64
 Side 2  free  transition at x/c =  0.9799   77

 260   rms: 0.2460E+03   max: -.3902E+04   C at   77  2   RLX: 0.000
       a =  1.000      CL =  0.6319
      Cm = -0.1451     CD =  0.02927   =>   CDf =  0.00585    CDp =  0.02342

 Side 1  free  transition at x/c =  0.7234   64
 Side 2  free  transition at x/c =  0.9884   78

 261   rms: 0.2153E+00   max: -.4060E+01   C at   78  2   RLX: 0.123
       a =  1.000      CL =  0.6310
      Cm = -0.1445     CD =  0.02937   =>   CDf =  0.00586    CDp =  0.02350

 Side 1  free  transition at x/c =  0.7241   65
 Side 2  free  transition at x/c =  0.9908   78

 262   rms: 0.9204E+00   max: -.1762E+02   C at   79  2   RLX: 0.028
       a =  1.000      CL =  0.6314
      Cm = -0.1447     CD =  0.02862   =>   CDf =  0.00588    CDp =  0.02274

 Side 1  free  transition at x/c =  0.7240   65
 Side 2  free  transition at x/c =  0.9910   78

 263   rms: 0.1874E+01   max: -.3594E+02   C at   78  2   RLX: 0.014
       a =  1.000      CL =  0.6314
      Cm = -0.1448     CD =  0.02868   =>   CDf =  0.00588    CDp =  0.02280

 Side 1  free  transition at x/c =  0.7239   65
 Side 2  free  transition at x/c =  0.9914   78

 264   rms: 0.1889E+01   max: 0.3626E+02   C at   78  2   RLX: 0.041
       a =  1.000      CL =  0.6313
      Cm = -0.1448     CD =  0.02887   =>   CDf =  0.00588    CDp =  0.02299

 Side 1  free  transition at x/c =  0.7238   65
 Side 2  free  transition at x/c =  0.9879   78

 265   rms: 0.1107E+00   max: -.1849E+01   C at   79  2   RLX: 0.270
       a =  1.000      CL =  0.6314
      Cm = -0.1449     CD =  0.03000   =>   CDf =  0.00586    CDp =  0.02414

 Side 1  free  transition at x/c =  0.7231   64
 Side 2  free  transition at x/c =  0.9825   77

 266   rms: 0.7888E+01   max: 0.1246E+03   C at   77  2   RLX: 0.012
       a =  1.000      CL =  0.6310
      Cm = -0.1448     CD =  0.02958   =>   CDf =  0.00586    CDp =  0.02373

 Side 1  free  transition at x/c =  0.7231   64
 Side 2  free  transition at x/c =  0.9611   75

 267   rms: 0.5355E+01   max: -.6832E+02   C at   75  2   RLX: 0.007
       a =  1.000      CL =  0.6314
      Cm = -0.1449     CD =  0.02957   =>   CDf =  0.00586    CDp =  0.02371

 Side 1  free  transition at x/c =  0.7232   64
 Side 2  free  transition at x/c =  0.9755   76

 268   rms: 0.1156E+03   max: 0.1601E+04   C at   76  2   RLX: 0.001
       a =  1.000      CL =  0.6307
      Cm = -0.1447     CD =  0.02960   =>   CDf =  0.00586    CDp =  0.02374

 MRCHDU: Convergence failed at  74  side 2    Res =  0.2775E-03
 Side 1  free  transition at x/c =  0.7232   64
 Side 2  free  transition at x/c =  0.9568   74

 269   rms: 0.4284E+01   max: -.5099E+02   C at   74  2   RLX: 0.010
       a =  1.000      CL =  0.6312
      Cm = -0.1448     CD =  0.02958   =>   CDf =  0.00586    CDp =  0.02372

 Side 1  free  transition at x/c =  0.7232   64
 Side 2  free  transition at x/c =  0.9729   76

 270   rms: 0.3618E+02   max: -.5028E+03   C at   76  2   RLX: 0.001
       a =  1.000      CL =  0.6314
      Cm = -0.1449     CD =  0.02956   =>   CDf =  0.00586    CDp =  0.02370

 Side 1  free  transition at x/c =  0.7232   64
 Side 2  free  transition at x/c =  0.9799   77

 271   rms: 0.1114E+02   max: 0.1762E+03   C at   77  2   RLX: 0.009
       a =  1.000      CL =  0.6308
      Cm = -0.1447     CD =  0.02960   =>   CDf =  0.00586    CDp =  0.02374

 Side 1  free  transition at x/c =  0.7233   64
 Side 2  free  transition at x/c =  0.9574   74

 272   rms: 0.4078E+01   max: -.4855E+02   C at   74  2   RLX: 0.010
       a =  1.000      CL =  0.6312
      Cm = -0.1448     CD =  0.02959   =>   CDf =  0.00586    CDp =  0.02373

 Side 1  free  transition at x/c =  0.7233   64
 Side 2  free  transition at x/c =  0.9745   76

 273   rms: 0.1098E+03   max: -.1523E+04   C at   76  2   RLX: 0.000
       a =  1.000      CL =  0.6315
      Cm = -0.1448     CD =  0.02957   =>   CDf =  0.00586    CDp =  0.02371

 Side 1  free  transition at x/c =  0.7233   64
 Side 2  free  transition at x/c =  0.9809   77

 274   rms: 0.1004E+02   max: 0.1587E+03   C at   77  2   RLX: 0.009
       a =  1.000      CL =  0.6308
      Cm = -0.1447     CD =  0.02961   =>   CDf =  0.00586    CDp =  0.02375

 Side 1  free  transition at x/c =  0.7234   64
 Side 2  free  transition at x/c =  0.9581   74

 275   rms: 0.3891E+01   max: -.4632E+02   C at   74  2   RLX: 0.011
       a =  1.000      CL =  0.6313
      Cm = -0.1447     CD =  0.02960   =>   CDf =  0.00586    CDp =  0.02374

 Side 1  free  transition at x/c =  0.7234   64
 Side 2  free  transition at x/c =  0.9765   76

 276   rms: 0.7893E+02   max: 0.1093E+04   C at   76  2   RLX: 0.001
       a =  1.000      CL =  0.6306
      Cm = -0.1446     CD =  0.02931   =>   CDf =  0.00586    CDp =  0.02345

 Side 1  free  transition at x/c =  0.7234   64
 Side 2  free  transition at x/c =  0.9590   75

 277   rms: 0.4798E+01   max: -.6156E+02   C at   75  2   RLX: 0.008
       a =  1.000      CL =  0.6309
      Cm = -0.1446     CD =  0.02929   =>   CDf =  0.00586    CDp =  0.02343

 Side 1  free  transition at x/c =  0.7234   65
 Side 2  free  transition at x/c =  0.9739   76

 278   rms: 0.1136E+02   max: -.1578E+03   C at   76  2   RLX: 0.003
       a =  1.000      CL =  0.6312
      Cm = -0.1447     CD =  0.02926   =>   CDf =  0.00586    CDp =  0.02340

 Side 1  free  transition at x/c =  0.7234   64
 Side 2  free  transition at x/c =  0.9803   77

 279   rms: 0.1216E+02   max: 0.1924E+03   C at   77  2   RLX: 0.008
       a =  1.000      CL =  0.6305
      Cm = -0.1445     CD =  0.02929   =>   CDf =  0.00586    CDp =  0.02343

 Side 1  free  transition at x/c =  0.7234   65
 Side 2  free  transition at x/c =  0.9573   74

 280   rms: 0.1476E+01   max: -.1758E+02   C at   74  2   RLX: 0.028
       a =  1.000      CL =  0.6311
      Cm = -0.1447     CD =  0.02932   =>   CDf =  0.00586    CDp =  0.02346

 Side 1  free  transition at x/c =  0.7234   64
 Side 2  free  transition at x/c =  0.9756   76

 281   rms: 0.3591E+03   max: -.4977E+04   C at   76  2   RLX: 0.000
       a =  1.000      CL =  0.6314
      Cm = -0.1447     CD =  0.02927   =>   CDf =  0.00586    CDp =  0.02341

 Side 1  free  transition at x/c =  0.7234   64
 Side 2  free  transition at x/c =  0.9817   77

 282   rms: 0.1055E+02   max: 0.1667E+03   C at   77  2   RLX: 0.009
       a =  1.000      CL =  0.6308
      Cm = -0.1446     CD =  0.02931   =>   CDf =  0.00586    CDp =  0.02345

 Side 1  free  transition at x/c =  0.7234   65
 Side 2  free  transition at x/c =  0.9587   75

 283   rms: 0.1690E+01   max: -.2171E+02   C at   75  2   RLX: 0.023
       a =  1.000      CL =  0.6312
      Cm = -0.1447     CD =  0.02932   =>   CDf =  0.00586    CDp =  0.02346

 Side 1  free  transition at x/c =  0.7234   64
 Side 2  free  transition at x/c =  0.9738   76

 284   rms: 0.4684E+02   max: -.6509E+03   C at   76  2   RLX: 0.001
       a =  1.000      CL =  0.6315
      Cm = -0.1448     CD =  0.02927   =>   CDf =  0.00586    CDp =  0.02341

 Side 1  free  transition at x/c =  0.7234   64
 Side 2  free  transition at x/c =  0.9800   77

 285   rms: 0.1364E+02   max: 0.2158E+03   C at   77  2   RLX: 0.007
       a =  1.000      CL =  0.6308
      Cm = -0.1446     CD =  0.02930   =>   CDf =  0.00586    CDp =  0.02345

 Side 1  free  transition at x/c =  0.7234   65
 Side 2  free  transition at x/c =  0.9560   74

 286   rms: 0.1464E+01   max: -.1750E+02   C at   74  2   RLX: 0.029
       a =  1.000      CL =  0.6314
      Cm = -0.1447     CD =  0.02935   =>   CDf =  0.00586    CDp =  0.02349

 Side 1  free  transition at x/c =  0.7234   64
 Side 2  free  transition at x/c =  0.9754   76

 287   rms: 0.7115E+03   max: -.9868E+04   C at   76  2   RLX: 0.000
       a =  1.000      CL =  0.6317
      Cm = -0.1448     CD =  0.02927   =>   CDf =  0.00586    CDp =  0.02341

 Side 1  free  transition at x/c =  0.7234   64
 Side 2  free  transition at x/c =  0.9812   77

 288   rms: 0.1198E+02   max: 0.1894E+03   C at   77  2   RLX: 0.008
       a =  1.000      CL =  0.6310
      Cm = -0.1447     CD =  0.02931   =>   CDf =  0.00586    CDp =  0.02345

 Side 1  free  transition at x/c =  0.7234   64
 Side 2  free  transition at x/c =  0.9571   74

 289   rms: 0.3704E+01   max: -.4426E+02   C at   74  2   RLX: 0.011
       a =  1.000      CL =  0.6315
      Cm = -0.1447     CD =  0.02931   =>   CDf =  0.00586    CDp =  0.02345

 Side 1  free  transition at x/c =  0.7235   65
 Side 2  free  transition at x/c =  0.9781   76

 290   rms: 0.1517E+02   max: 0.2097E+03   C at   76  2   RLX: 0.007
       a =  1.000      CL =  0.6310
      Cm = -0.1447     CD =  0.02924   =>   CDf =  0.00586    CDp =  0.02338

 Side 1  free  transition at x/c =  0.7234   65
 Side 2  free  transition at x/c =  0.9626   75

 291   rms: 0.1828E+01   max: -.2337E+02   C at   75  2   RLX: 0.021
       a =  1.000      CL =  0.6314
      Cm = -0.1448     CD =  0.02929   =>   CDf =  0.00586    CDp =  0.02343

 Side 1  free  transition at x/c =  0.7234   64
 Side 2  free  transition at x/c =  0.9775   76

 292   rms: 0.9359E+02   max: 0.1295E+04   C at   76  2   RLX: 0.001
       a =  1.000      CL =  0.6308
      Cm = -0.1446     CD =  0.02929   =>   CDf =  0.00586    CDp =  0.02343

 Side 1  free  transition at x/c =  0.7234   64
 Side 2  free  transition at x/c =  0.9610   75

 293   rms: 0.4576E+01   max: -.5862E+02   C at   75  2   RLX: 0.009
       a =  1.000      CL =  0.6312
      Cm = -0.1447     CD =  0.02927   =>   CDf =  0.00586    CDp =  0.02341

 Side 1  free  transition at x/c =  0.7234   65
 Side 2  free  transition at x/c =  0.9774   76

 294   rms: 0.6585E+02   max: -.9118E+03   C at   76  2   RLX: 0.001
       a =  1.000      CL =  0.6314
      Cm = -0.1447     CD =  0.02919   =>   CDf =  0.00586    CDp =  0.02333

 Side 1  free  transition at x/c =  0.7234   65
 Side 2  free  transition at x/c =  0.9833   77

 295   rms: 0.3920E+01   max: 0.6193E+02   C at   77  2   RLX: 0.024
       a =  1.000      CL =  0.6309
      Cm = -0.1447     CD =  0.02931   =>   CDf =  0.00586    CDp =  0.02345

 Side 1  free  transition at x/c =  0.7234   64
 Side 2  free  transition at x/c =  0.9605   75

 296   rms: 0.4457E+01   max: -.5711E+02   C at   75  2   RLX: 0.009
       a =  1.000      CL =  0.6313
      Cm = -0.1447     CD =  0.02927   =>   CDf =  0.00586    CDp =  0.02341

 MRCHDU: Convergence failed at  76  side 2    Res =  0.7116E-03
 Side 1  free  transition at x/c =  0.7234   65
 Side 2  free  transition at x/c =  0.9777   76

 297   rms: 0.8923E+03   max: 0.1235E+05   C at   76  2   RLX: 0.000
       a =  1.000      CL =  0.6307
      Cm = -0.1446     CD =  0.02924   =>   CDf =  0.00586    CDp =  0.02338

 Side 1  free  transition at x/c =  0.7234   65
 Side 2  free  transition at x/c =  0.9606   75

 298   rms: 0.1701E+01   max: -.2178E+02   C at   75  2   RLX: 0.023
       a =  1.000      CL =  0.6312
      Cm = -0.1447     CD =  0.02930   =>   CDf =  0.00586    CDp =  0.02344

 Side 1  free  transition at x/c =  0.7234   64
 Side 2  free  transition at x/c =  0.9776   76

 299   rms: 0.1124E+03   max: -.1556E+04   C at   76  2   RLX: 0.000
       a =  1.000      CL =  0.6314
      Cm = -0.1448     CD =  0.02924   =>   CDf =  0.00586    CDp =  0.02338

 Side 1  free  transition at x/c =  0.7234   64
 Side 2  free  transition at x/c =  0.9837   77

 300   rms: 0.1055E+02   max: 0.1668E+03   C at   77  2   RLX: 0.009
       a =  1.000      CL =  0.6308
      Cm = -0.1446     CD =  0.02928   =>   CDf =  0.00586    CDp =  0.02342

 Side 1  free  transition at x/c =  0.7234   65
 Side 2  free  transition at x/c =  0.9616   75

 301   rms: 0.1724E+01   max: -.2205E+02   C at   75  2   RLX: 0.023
       a =  1.000      CL =  0.6313
      Cm = -0.1447     CD =  0.02930   =>   CDf =  0.00586    CDp =  0.02344

 Side 1  free  transition at x/c =  0.7234   64
 Side 2  free  transition at x/c =  0.9789   77

 302   rms: 0.2664E+02   max: 0.4220E+03   C at   77  2   RLX: 0.004
       a =  1.000      CL =  0.6307
      Cm = -0.1446     CD =  0.02928   =>   CDf =  0.00586    CDp =  0.02342

 Side 1  free  transition at x/c =  0.7234   64
 Side 2  free  transition at x/c =  0.9548   74

 303   rms: 0.3789E+01   max: -.4536E+02   C at   74  2   RLX: 0.011
       a =  1.000      CL =  0.6312
      Cm = -0.1447     CD =  0.02927   =>   CDf =  0.00586    CDp =  0.02341

 Side 1  free  transition at x/c =  0.7234   65
 Side 2  free  transition at x/c =  0.9748   76

 304   rms: 0.8809E+01   max: -.1224E+03   C at   76  2   RLX: 0.004
       a =  1.000      CL =  0.6315
      Cm = -0.1448     CD =  0.02919   =>   CDf =  0.00586    CDp =  0.02333

 Side 1  free  transition at x/c =  0.7234   65
 Side 2  free  transition at x/c =  0.9813   77

 305   rms: 0.6464E+01   max: 0.1023E+03   C at   77  2   RLX: 0.015
       a =  1.000      CL =  0.6308
      Cm = -0.1447     CD =  0.02927   =>   CDf =  0.00586    CDp =  0.02342
 VISCAL:  Convergence failed
 Calculating wake trajectory ...
 Calculating source influence matrix ...

 Solving BL system ...

 Side 1  free  transition at x/c =  0.7234   64
 Side 2  free  transition at x/c =  0.9571   74

   1   rms: 0.2064E+02   max: -.2465E+03   C at   74  2   RLX: 0.002
       a =  1.500      CL =  0.6309
      Cm = -0.1447     CD =  0.02923   =>   CDf =  0.00587    CDp =  0.02336

 Side 1  free  transition at x/c =  0.7234   65
 Side 2  free  transition at x/c =  0.9780   76

   2   rms: 0.3003E+03   max: -.4158E+04   C at   76  2   RLX: 0.000
       a =  1.500      CL =  0.6311
      Cm = -0.1447     CD =  0.02916   =>   CDf =  0.00587    CDp =  0.02330

 Side 1  free  transition at x/c =  0.7234   65
 Side 2  free  transition at x/c =  0.9839   77

   3   rms: 0.4186E+02   max: 0.6617E+03   C at   77  2   RLX: 0.002
       a =  1.500      CL =  0.6302
      Cm = -0.1445     CD =  0.02919   =>   CDf =  0.00587    CDp =  0.02333

 Side 1  free  transition at x/c =  0.7234   65
 Side 2  free  transition at x/c =  0.9608   75

   4   rms: 0.1488E+02   max: -.1907E+03   C at   75  2   RLX: 0.003
       a =  1.500      CL =  0.6304
      Cm = -0.1445     CD =  0.02918   =>   CDf =  0.00587    CDp =  0.02332

 Side 1  free  transition at x/c =  0.7234   64
 Side 2  free  transition at x/c =  0.9790   77

   5   rms: 0.2167E+03   max: 0.3434E+04   C at   77  2   RLX: 0.000
       a =  1.500      CL =  0.6297
      Cm = -0.1444     CD =  0.02918   =>   CDf =  0.00587    CDp =  0.02332

 Side 1  free  transition at x/c =  0.7234   64
 Side 2  free  transition at x/c =  0.9536   74

   6   rms: 0.1918E+02   max: -.2304E+03   C at   74  2   RLX: 0.002
       a =  1.500      CL =  0.6299
      Cm = -0.1444     CD =  0.02915   =>   CDf =  0.00587    CDp =  0.02328

 Side 1  free  transition at x/c =  0.7234   65
 Side 2  free  transition at x/c =  0.9764   76

   7   rms: 0.9337E+02   max: -.1296E+04   C at   76  2   RLX: 0.000
       a =  1.500      CL =  0.6301
      Cm = -0.1444     CD =  0.02909   =>   CDf =  0.00587    CDp =  0.02322

 Side 1  free  transition at x/c =  0.7234   65
 Side 2  free  transition at x/c =  0.9826   77

   8   rms: 0.6000E+02   max: 0.9493E+03   C at   77  2   RLX: 0.002
       a =  1.500      CL =  0.6293
      Cm = -0.1442     CD =  0.02912   =>   CDf =  0.00587    CDp =  0.02325

 Side 1  free  transition at x/c =  0.7234   65
 Side 2  free  transition at x/c =  0.9584   75

   9   rms: 0.1368E+02   max: -.1759E+03   C at   75  2   RLX: 0.003
       a =  1.500      CL =  0.6294
      Cm = -0.1442     CD =  0.02911   =>   CDf =  0.00587    CDp =  0.02324

 Side 1  free  transition at x/c =  0.7234   64
 Side 2  free  transition at x/c =  0.9783   76

  10   rms: 0.2859E+03   max: -.3958E+04   C at   76  2   RLX: 0.000
       a =  1.500      CL =  0.6296
      Cm = -0.1443     CD =  0.02907   =>   CDf =  0.00587    CDp =  0.02320

 Side 1  free  transition at x/c =  0.7234   64
 Side 2  free  transition at x/c =  0.9843   77

  11   rms: 0.8628E+02   max: 0.1364E+04   C at   77  2   RLX: 0.001
       a =  1.500      CL =  0.6288
      Cm = -0.1441     CD =  0.02909   =>   CDf =  0.00587    CDp =  0.02322

 Side 1  free  transition at x/c =  0.7234   65
 Side 2  free  transition at x/c =  0.9596   75

  12   rms: 0.1370E+02   max: -.1759E+03   C at   75  2   RLX: 0.003
       a =  1.500      CL =  0.6290
      Cm = -0.1441     CD =  0.02906   =>   CDf =  0.00587    CDp =  0.02319

 Side 1  free  transition at x/c =  0.7234   64
 Side 2  free  transition at x/c =  0.9803   77

  13   rms: 0.2319E+03   max: 0.3674E+04   C at   77  2   RLX: 0.000
       a =  1.500      CL =  0.6283
      Cm = -0.1439     CD =  0.02906   =>   CDf =  0.00587    CDp =  0.02319

 Side 1  free  transition at x/c =  0.7234   64
 Side 2  free  transition at x/c =  0.9542   74

  14   rms: 0.1887E+02   max: -.2264E+03   C at   74  2   RLX: 0.002
       a =  1.500      CL =  0.6285
      Cm = -0.1439     CD =  0.02903   =>   CDf =  0.00587    CDp =  0.02316

 Side 1  free  transition at x/c =  0.7234   65
 Side 2  free  transition at x/c =  0.9782   76

  15   rms: 0.1036E+03   max: -.1435E+04   C at   76  2   RLX: 0.000
       a =  1.500      CL =  0.6288
      Cm = -0.1440     CD =  0.02896   =>   CDf =  0.00587    CDp =  0.02309

 Side 1  free  transition at x/c =  0.7234   65
 Side 2  free  transition at x/c =  0.9843   77

  16   rms: 0.6765E+02   max: 0.1070E+04   C at   77  2   RLX: 0.001
       a =  1.500      CL =  0.6280
      Cm = -0.1438     CD =  0.02899   =>   CDf =  0.00587    CDp =  0.02312

 Side 1  free  transition at x/c =  0.7234   65
 Side 2  free  transition at x/c =  0.9588   75

  17   rms: 0.1322E+02   max: -.1700E+03   C at   75  2   RLX: 0.003
       a =  1.500      CL =  0.6281
      Cm = -0.1438     CD =  0.02898   =>   CDf =  0.00587    CDp =  0.02311

 Side 1  free  transition at x/c =  0.7234   64
 Side 2  free  transition at x/c =  0.9808   77

  18   rms: 0.3619E+03   max: 0.5733E+04   C at   77  2   RLX: 0.000
       a =  1.500      CL =  0.6274
      Cm = -0.1437     CD =  0.02899   =>   CDf =  0.00587    CDp =  0.02312

 Side 1  free  transition at x/c =  0.7234   64
 Side 2  free  transition at x/c =  0.9539   74

  19   rms: 0.1843E+02   max: -.2213E+03   C at   74  2   RLX: 0.002
       a =  1.500      CL =  0.6277
      Cm = -0.1437     CD =  0.02896   =>   CDf =  0.00587    CDp =  0.02308

 Side 1  free  transition at x/c =  0.7234   65
 Side 2  free  transition at x/c =  0.9793   77

  20   rms: 0.3923E+03   max: -.6221E+04   C at   77  2   RLX: 0.000
       a =  1.500      CL =  0.6280
      Cm = -0.1438     CD =  0.02889   =>   CDf =  0.00587    CDp =  0.02301

 Side 1  free  transition at x/c =  0.7234   65
 Side 2  free  transition at x/c =  0.9883   78

  21   rms: 0.5512E+00   max: -.1022E+02   C at   78  2   RLX: 0.049
       a =  1.500      CL =  0.6211
      Cm = -0.1416     CD =  0.02892   =>   CDf =  0.00588    CDp =  0.02304

 Side 1  free  transition at x/c =  0.7231   64
 Side 2  free  transition at x/c =  0.9659   75

  22   rms: 0.2517E+02   max: -.3203E+03   C at   75  2   RLX: 0.002
       a =  1.500      CL =  0.6215
      Cm = -0.1417     CD =  0.02857   =>   CDf =  0.00589    CDp =  0.02268

 MRCHDU: Convergence failed at  77  side 2    Res =  0.5240E-03
 Side 1  free  transition at x/c =  0.7232   64
 Side 2  free  transition at x/c =  0.9861   77

  23   rms: 0.5991E+02   max: 0.9466E+03   C at   77  2   RLX: 0.002
       a =  1.500      CL =  0.6209
      Cm = -0.1416     CD =  0.02856   =>   CDf =  0.00589    CDp =  0.02268

 Side 1  free  transition at x/c =  0.7232   64
 Side 2  free  transition at x/c =  0.9649   75

  24   rms: 0.2420E+02   max: -.3083E+03   C at   75  2   RLX: 0.002
       a =  1.500      CL =  0.6211
      Cm = -0.1416     CD =  0.02854   =>   CDf =  0.00589    CDp =  0.02265

 Side 1  free  transition at x/c =  0.7232   64
 Side 2  free  transition at x/c =  0.9859   77

  25   rms: 0.7215E+02   max: 0.1140E+04   C at   77  2   RLX: 0.001
       a =  1.500      CL =  0.6205
      Cm = -0.1414     CD =  0.02854   =>   CDf =  0.00589    CDp =  0.02265

 Side 1  free  transition at x/c =  0.7232   64
 Side 2  free  transition at x/c =  0.9638   75

  26   rms: 0.2330E+02   max: -.2971E+03   C at   75  2   RLX: 0.002
       a =  1.500      CL =  0.6207
      Cm = -0.1414     CD =  0.02852   =>   CDf =  0.00589    CDp =  0.02263

 Side 1  free  transition at x/c =  0.7233   64
 Side 2  free  transition at x/c =  0.9854   77

  27   rms: 0.9229E+02   max: 0.1459E+04   C at   77  2   RLX: 0.001
       a =  1.500      CL =  0.6201
      Cm = -0.1413     CD =  0.02852   =>   CDf =  0.00589    CDp =  0.02263

 Side 1  free  transition at x/c =  0.7233   64
 Side 2  free  transition at x/c =  0.9623   75

  28   rms: 0.2244E+02   max: -.2865E+03   C at   75  2   RLX: 0.002
       a =  1.500      CL =  0.6203
      Cm = -0.1413     CD =  0.02850   =>   CDf =  0.00589    CDp =  0.02260

 Side 1  free  transition at x/c =  0.7233   64
 Side 2  free  transition at x/c =  0.9848   77

  29   rms: 0.1315E+03   max: 0.2079E+04   C at   77  2   RLX: 0.001
       a =  1.500      CL =  0.6197
      Cm = -0.1412     CD =  0.02851   =>   CDf =  0.00589    CDp =  0.02262

 Side 1  free  transition at x/c =  0.7233   64
 Side 2  free  transition at x/c =  0.9607   75

  30   rms: 0.2171E+02   max: -.2775E+03   C at   75  2   RLX: 0.002
       a =  1.500      CL =  0.6199
      Cm = -0.1412     CD =  0.02848   =>   CDf =  0.00590    CDp =  0.02258

 Side 1  free  transition at x/c =  0.7233   64
 Side 2  free  transition at x/c =  0.9838   77

  31   rms: 0.2504E+03   max: 0.3963E+04   C at   77  2   RLX: 0.000
       a =  1.500      CL =  0.6194
      Cm = -0.1411     CD =  0.02850   =>   CDf =  0.00589    CDp =  0.02260

 Side 1  free  transition at x/c =  0.7233   64
 Side 2  free  transition at x/c =  0.9586   75

  32   rms: 0.2065E+02   max: -.2645E+03   C at   75  2   RLX: 0.002
       a =  1.500      CL =  0.6196
      Cm = -0.1411     CD =  0.02847   =>   CDf =  0.00590    CDp =  0.02257

 Side 1  free  transition at x/c =  0.7234   64
 Side 2  free  transition at x/c =  0.9829   77

  33   rms: 0.1281E+04   max: 0.2029E+05   C at   77  2   RLX: 0.000
       a =  1.500      CL =  0.6191
      Cm = -0.1410     CD =  0.02849   =>   CDf =  0.00590    CDp =  0.02259

 Side 1  free  transition at x/c =  0.7234   64
 Side 2  free  transition at x/c =  0.9568   74

  34   rms: 0.2071E+02   max: -.2465E+03   C at   74  2   RLX: 0.002
       a =  1.500      CL =  0.6193
      Cm = -0.1410     CD =  0.02845   =>   CDf =  0.00590    CDp =  0.02255

 Side 1  free  transition at x/c =  0.7234   64
 Side 2  free  transition at x/c =  0.9807   77

  35   rms: 0.2346E+03   max: -.3720E+04   C at   77  2   RLX: 0.000
       a =  1.500      CL =  0.6195
      Cm = -0.1410     CD =  0.02844   =>   CDf =  0.00590    CDp =  0.02254

 Side 1  free  transition at x/c =  0.7234   64
 Side 2  free  transition at x/c =  0.9900   78

  36   rms: 0.1326E+01   max: -.2536E+02   C at   78  2   RLX: 0.020
       a =  1.500      CL =  0.6169
      Cm = -0.1400     CD =  0.02819   =>   CDf =  0.00593    CDp =  0.02226

 Side 1  free  transition at x/c =  0.7237   65
 Side 2  free  transition at x/c =  0.9915   78

  37   rms: 0.1388E+03   max: 0.2664E+04   C at   78  2   RLX: 0.001
       a =  1.500      CL =  0.6169
      Cm = -0.1400     CD =  0.02771   =>   CDf =  0.00595    CDp =  0.02177

 Side 1  free  transition at x/c =  0.7237   65
 Side 2  free  transition at x/c =  0.9894   78

  38   rms: 0.6002E+00   max: -.1131E+02   C at   78  2   RLX: 0.044
       a =  1.500      CL =  0.6119
      Cm = -0.1384     CD =  0.02789   =>   CDf =  0.00593    CDp =  0.02196

 Side 1  free  transition at x/c =  0.7233   64
 Side 2  free  transition at x/c =  0.9892   78

  39   rms: 0.7129E+00   max: -.1340E+02   C at   78  2   RLX: 0.037
       a =  1.500      CL =  0.6074
      Cm = -0.1366     CD =  0.02771   =>   CDf =  0.00594    CDp =  0.02176

 Side 1  free  transition at x/c =  0.7240   65
 Side 2  free  transition at x/c =  0.9910   78

  40   rms: 0.2380E+01   max: -.4571E+02   C at   78  2   RLX: 0.011
       a =  1.500      CL =  0.6066
      Cm = -0.1364     CD =  0.02707   =>   CDf =  0.00598    CDp =  0.02109

 Side 1  free  transition at x/c =  0.7239   65
 Side 2  free  transition at x/c =  0.9915   78

  41   rms: 0.3337E+03   max: -.6404E+04   C at   78  2   RLX: 0.000
       a =  1.500      CL =  0.6066
      Cm = -0.1364     CD =  0.02707   =>   CDf =  0.00598    CDp =  0.02109

 Side 1  free  transition at x/c =  0.7239   65
 Side 2  free  transition at x/c =  0.9921   78

  42   rms: 0.2211E+01   max: 0.4242E+02   C at   79  2   RLX: 0.035
       a =  1.500      CL =  0.6031
      Cm = -0.1352     CD =  0.02723   =>   CDf =  0.00598    CDp =  0.02124

 Side 1  free  transition at x/c =  0.7235   65
 Side 2  free  transition at x/c =  0.9895   78
 idif Ue xi dudx           1  0.17145814      2.07567215E-03   82.603668    
 Uenew xinew           2  2.83597177E-03  3.43322754E-05

  43   rms: 0.4799E+00   max: -.8964E+01   C at   78  2   RLX: 0.056
       a =  1.500      CL =  0.5977
      Cm = -0.1334     CD =  0.02748   =>   CDf =  0.00613    CDp =  0.02135

 MRCHDU: Convergence failed at  80  side 2    Res =  0.2074E+00
 Side 1  free  transition at x/c =  0.7232   63
 Side 2  free  transition at x/c =  0.9886   79

  44   rms: 0.7886E+01   max: -.1503E+03   C at   79  2   RLX: 0.003
       a =  1.500      CL =  0.5959
      Cm = -0.1322     CD =  0.02573   =>   CDf =  0.00606    CDp =  0.01967

 Side 1  free  transition at x/c =  0.7232   63
 Side 2  free  transition at x/c =  0.9900   79

  45   rms: 0.1006E+02   max: -.1932E+03   C at   79  2   RLX: 0.003
       a =  1.500      CL =  0.5957
      Cm = -0.1321     CD =  0.02580   =>   CDf =  0.00605    CDp =  0.01975

 Side 1  free  transition at x/c =  0.7233   63
 Side 2  free  transition at x/c =  0.9911   79

  46   rms: 0.3777E+02   max: -.7250E+03   C at   79  2   RLX: 0.001
       a =  1.500      CL =  0.5956
      Cm = -0.1320     CD =  0.02580   =>   CDf =  0.00606    CDp =  0.01974

 Side 1  free  transition at x/c =  0.7233   63
 Side 2  free  transition at x/c =  0.9918   79

  47   rms: 0.1245E+03   max: 0.2388E+04   C at   79  2   RLX: 0.001
       a =  1.500      CL =  0.5955
      Cm = -0.1320     CD =  0.02580   =>   CDf =  0.00606    CDp =  0.01974

 Side 1  free  transition at x/c =  0.7233   63
 Side 2  free  transition at x/c =  0.9902   79

  48   rms: 0.1116E+02   max: -.2142E+03   C at   79  2   RLX: 0.002
       a =  1.500      CL =  0.5953
      Cm = -0.1319     CD =  0.02580   =>   CDf =  0.00605    CDp =  0.01974

 Side 1  free  transition at x/c =  0.7233   63
 Side 2  free  transition at x/c =  0.9912   79

  49   rms: 0.4612E+02   max: -.8852E+03   C at   79  2   RLX: 0.001
       a =  1.500      CL =  0.5952
      Cm = -0.1319     CD =  0.02580   =>   CDf =  0.00606    CDp =  0.01974

 Side 1  free  transition at x/c =  0.7233   63
 Side 2  free  transition at x/c =  0.9919   79

  50   rms: 0.9320E+02   max: 0.1788E+04   C at   79  2   RLX: 0.001
       a =  1.500      CL =  0.5951
      Cm = -0.1319     CD =  0.02580   =>   CDf =  0.00606    CDp =  0.01974

 Side 1  free  transition at x/c =  0.7233   63
 Side 2  free  transition at x/c =  0.9903   79

  51   rms: 0.1249E+02   max: -.2398E+03   C at   79  2   RLX: 0.002
       a =  1.500      CL =  0.5949
      Cm = -0.1318     CD =  0.02579   =>   CDf =  0.00606    CDp =  0.01974

 Side 1  free  transition at x/c =  0.7233   63
 Side 2  free  transition at x/c =  0.9913   79

  52   rms: 0.5622E+02   max: -.1079E+04   C at   79  2   RLX: 0.000
       a =  1.500      CL =  0.5949
      Cm = -0.1318     CD =  0.02579   =>   CDf =  0.00606    CDp =  0.01973

 Side 1  free  transition at x/c =  0.7233   63
 Side 2  free  transition at x/c =  0.9919   79

  53   rms: 0.7676E+02   max: 0.1473E+04   C at   79  2   RLX: 0.001
       a =  1.500      CL =  0.5947
      Cm = -0.1317     CD =  0.02579   =>   CDf =  0.00606    CDp =  0.01973

 Side 1  free  transition at x/c =  0.7234   63
 Side 2  free  transition at x/c =  0.9904   79

  54   rms: 0.1336E+02   max: -.2564E+03   C at   79  2   RLX: 0.002
       a =  1.500      CL =  0.5945
      Cm = -0.1316     CD =  0.02578   =>   CDf =  0.00606    CDp =  0.01973

 Side 1  free  transition at x/c =  0.7234   63
 Side 2  free  transition at x/c =  0.9913   79

  55   rms: 0.6743E+02   max: -.1294E+04   C at   79  2   RLX: 0.000
       a =  1.500      CL =  0.5945
      Cm = -0.1316     CD =  0.02578   =>   CDf =  0.00606    CDp =  0.01972

 Side 1  free  transition at x/c =  0.7234   63
 Side 2  free  transition at x/c =  0.9920   79

  56   rms: 0.6295E+02   max: 0.1208E+04   C at   79  2   RLX: 0.001
       a =  1.500      CL =  0.5944
      Cm = -0.1316     CD =  0.02578   =>   CDf =  0.00606    CDp =  0.01972

 Side 1  free  transition at x/c =  0.7234   63
 Side 2  free  transition at x/c =  0.9905   79

  57   rms: 0.1501E+02   max: -.2881E+03   C at   79  2   RLX: 0.002
       a =  1.500      CL =  0.5941
      Cm = -0.1315     CD =  0.02565   =>   CDf =  0.00606    CDp =  0.01960

 Side 1  free  transition at x/c =  0.7234   64
 Side 2  free  transition at x/c =  0.9914   79

  58   rms: 0.4683E+02   max: -.8989E+03   C at   79  2   RLX: 0.001
       a =  1.500      CL =  0.5941
      Cm = -0.1315     CD =  0.02563   =>   CDf =  0.00606    CDp =  0.01957

 Side 1  free  transition at x/c =  0.7234   64
 Side 2  free  transition at x/c =  0.9920   79

  59   rms: 0.2761E+02   max: 0.5297E+03   C at   79  2   RLX: 0.003
       a =  1.500      CL =  0.5938
      Cm = -0.1314     CD =  0.02565   =>   CDf =  0.00606    CDp =  0.01959

 Side 1  free  transition at x/c =  0.7234   63
 Side 2  free  transition at x/c =  0.9904   79

  60   rms: 0.1473E+02   max: -.2828E+03   C at   79  2   RLX: 0.002
       a =  1.500      CL =  0.5937
      Cm = -0.1313     CD =  0.02563   =>   CDf =  0.00605    CDp =  0.01958

 Side 1  free  transition at x/c =  0.7234   64
 Side 2  free  transition at x/c =  0.9914   79

  61   rms: 0.4451E+02   max: -.8542E+03   C at   79  2   RLX: 0.001
       a =  1.500      CL =  0.5936
      Cm = -0.1313     CD =  0.02561   =>   CDf =  0.00606    CDp =  0.01955

 Side 1  free  transition at x/c =  0.7234   64
 Side 2  free  transition at x/c =  0.9920   79

  62   rms: 0.2785E+02   max: 0.5343E+03   C at   79  2   RLX: 0.003
       a =  1.500      CL =  0.5934
      Cm = -0.1312     CD =  0.02563   =>   CDf =  0.00606    CDp =  0.01957

 Side 1  free  transition at x/c =  0.7234   63
 Side 2  free  transition at x/c =  0.9904   79

  63   rms: 0.1431E+02   max: -.2748E+03   C at   79  2   RLX: 0.002
       a =  1.500      CL =  0.5932
      Cm = -0.1312     CD =  0.02561   =>   CDf =  0.00605    CDp =  0.01956

 Side 1  free  transition at x/c =  0.7234   64
 Side 2  free  transition at x/c =  0.9913   79

  64   rms: 0.4039E+02   max: -.7753E+03   C at   79  2   RLX: 0.001
       a =  1.500      CL =  0.5932
      Cm = -0.1312     CD =  0.02559   =>   CDf =  0.00606    CDp =  0.01953

 Side 1  free  transition at x/c =  0.7234   64
 Side 2  free  transition at x/c =  0.9920   79

  65   rms: 0.2919E+02   max: 0.5599E+03   C at   79  2   RLX: 0.003
       a =  1.500      CL =  0.5929
      Cm = -0.1311     CD =  0.02561   =>   CDf =  0.00606    CDp =  0.01955

 Side 1  free  transition at x/c =  0.7234   63
 Side 2  free  transition at x/c =  0.9904   79

  66   rms: 0.1347E+02   max: -.2586E+03   C at   79  2   RLX: 0.002
       a =  1.500      CL =  0.5927
      Cm = -0.1310     CD =  0.02559   =>   CDf =  0.00605    CDp =  0.01954

 Side 1  free  transition at x/c =  0.7234   64
 Side 2  free  transition at x/c =  0.9913   79

  67   rms: 0.3378E+02   max: -.6483E+03   C at   79  2   RLX: 0.001
       a =  1.500      CL =  0.5927
      Cm = -0.1310     CD =  0.02557   =>   CDf =  0.00606    CDp =  0.01951

 Side 1  free  transition at x/c =  0.7234   64
 Side 2  free  transition at x/c =  0.9919   79

  68   rms: 0.3008E+02   max: 0.5771E+03   C at   79  2   RLX: 0.003
       a =  1.500      CL =  0.5924
      Cm = -0.1309     CD =  0.02558   =>   CDf =  0.00606    CDp =  0.01953

 Side 1  free  transition at x/c =  0.7234   63
 Side 2  free  transition at x/c =  0.9903   79

  69   rms: 0.1290E+02   max: -.2476E+03   C at   79  2   RLX: 0.002
       a =  1.500      CL =  0.5923
      Cm = -0.1308     CD =  0.02557   =>   CDf =  0.00605    CDp =  0.01952

 Side 1  free  transition at x/c =  0.7234   64
 Side 2  free  transition at x/c =  0.9913   79

  70   rms: 0.3215E+02   max: -.6171E+03   C at   79  2   RLX: 0.001
       a =  1.500      CL =  0.5922
      Cm = -0.1308     CD =  0.02554   =>   CDf =  0.00606    CDp =  0.01949

 Side 1  free  transition at x/c =  0.7234   64
 Side 2  free  transition at x/c =  0.9919   79

  71   rms: 0.2983E+02   max: 0.5723E+03   C at   79  2   RLX: 0.003
       a =  1.500      CL =  0.5920
      Cm = -0.1308     CD =  0.02556   =>   CDf =  0.00606    CDp =  0.01950

 SETBL: Xtr???  n1 n2:    8.4137945       8.9999752    
 Side 1  free  transition at x/c =  0.7234   63
 Side 2  free  transition at x/c =  0.9903   79

  72   rms: 0.1017E+02   max: -.1952E+03   C at   79  2   RLX: 0.003
       a =  1.500      CL =  0.5917
      Cm = -0.1307     CD =  0.02556   =>   CDf =  0.00605    CDp =  0.01951

 Side 1  free  transition at x/c =  0.7234   63
 Side 2  free  transition at x/c =  0.9912   79

  73   rms: 0.5024E+02   max: -.9642E+03   C at   79  2   RLX: 0.001
       a =  1.500      CL =  0.5918
      Cm = -0.1307     CD =  0.02555   =>   CDf =  0.00606    CDp =  0.01949

 Side 1  free  transition at x/c =  0.7234   63
 Side 2  free  transition at x/c =  0.9919   79

  74   rms: 0.7297E+02   max: 0.1400E+04   C at   79  2   RLX: 0.001
       a =  1.500      CL =  0.5916
      Cm = -0.1306     CD =  0.02555   =>   CDf =  0.00606    CDp =  0.01949

 Side 1  free  transition at x/c =  0.7234   64
 Side 2  free  transition at x/c =  0.9902   79

  75   rms: 0.6073E+01   max: -.1166E+03   C at   79  2   RLX: 0.004
       a =  1.500      CL =  0.5913
      Cm = -0.1305     CD =  0.02555   =>   CDf =  0.00605    CDp =  0.01950

 Side 1  free  transition at x/c =  0.7234   63
 Side 2  free  transition at x/c =  0.9912   79

  76   rms: 0.4690E+02   max: -.9002E+03   C at   79  2   RLX: 0.001
       a =  1.500      CL =  0.5913
      Cm = -0.1305     CD =  0.02553   =>   CDf =  0.00606    CDp =  0.01947

 Side 1  free  transition at x/c =  0.7234   63
 Side 2  free  transition at x/c =  0.9918   79

  77   rms: 0.7654E+02   max: 0.1469E+04   C at   79  2   RLX: 0.001
       a =  1.500      CL =  0.5911
      Cm = -0.1305     CD =  0.02553   =>   CDf =  0.00606    CDp =  0.01947

 Side 1  free  transition at x/c =  0.7234   64
 Side 2  free  transition at x/c =  0.9902   79

  78   rms: 0.5736E+01   max: -.1101E+03   C at   79  2   RLX: 0.005
       a =  1.500      CL =  0.5908
      Cm = -0.1304     CD =  0.02554   =>   CDf =  0.00605    CDp =  0.01949

 Side 1  free  transition at x/c =  0.7234   63
 Side 2  free  transition at x/c =  0.9911   79

  79   rms: 0.3977E+02   max: -.7633E+03   C at   79  2   RLX: 0.001
       a =  1.500      CL =  0.5907
      Cm = -0.1304     CD =  0.02551   =>   CDf =  0.00605    CDp =  0.01946

 Side 1  free  transition at x/c =  0.7234   63
 Side 2  free  transition at x/c =  0.9918   79

  80   rms: 0.8918E+02   max: 0.1711E+04   C at   79  2   RLX: 0.001
       a =  1.500      CL =  0.5906
      Cm = -0.1303     CD =  0.02551   =>   CDf =  0.00606    CDp =  0.01945

 Side 1  free  transition at x/c =  0.7234   63
 Side 2  free  transition at x/c =  0.9901   79

  81   rms: 0.1034E+02   max: -.1985E+03   C at   79  2   RLX: 0.003
       a =  1.500      CL =  0.5904
      Cm = -0.1302     CD =  0.02550   =>   CDf =  0.00605    CDp =  0.01945

 Side 1  free  transition at x/c =  0.7234   64
 Side 2  free  transition at x/c =  0.9911   79

  82   rms: 0.2187E+02   max: -.4198E+03   C at   79  2   RLX: 0.001
       a =  1.500      CL =  0.5903
      Cm = -0.1302     CD =  0.02546   =>   CDf =  0.00605    CDp =  0.01940

 Side 1  free  transition at x/c =  0.7234   64
 Side 2  free  transition at x/c =  0.9918   79

  83   rms: 0.3589E+02   max: 0.6885E+03   C at   79  2   RLX: 0.002
       a =  1.500      CL =  0.5901
      Cm = -0.1301     CD =  0.02547   =>   CDf =  0.00605    CDp =  0.01942

 Side 1  free  transition at x/c =  0.7234   64
 Side 2  free  transition at x/c =  0.9901   79

  84   rms: 0.5491E+01   max: -.1054E+03   C at   79  2   RLX: 0.005
       a =  1.500      CL =  0.5897
      Cm = -0.1300     CD =  0.02549   =>   CDf =  0.00605    CDp =  0.01944

 Side 1  free  transition at x/c =  0.7234   63
 Side 2  free  transition at x/c =  0.9911   79

  85   rms: 0.3864E+02   max: -.7416E+03   C at   79  2   RLX: 0.001
       a =  1.500      CL =  0.5897
      Cm = -0.1300     CD =  0.02547   =>   CDf =  0.00605    CDp =  0.01942

 Side 1  free  transition at x/c =  0.7234   63
 Side 2  free  transition at x/c =  0.9918   79

  86   rms: 0.8336E+02   max: 0.1599E+04   C at   79  2   RLX: 0.001
       a =  1.500      CL =  0.5896
      Cm = -0.1300     CD =  0.02547   =>   CDf =  0.00605    CDp =  0.01941

 Side 1  free  transition at x/c =  0.7234   64
 Side 2  free  transition at x/c =  0.9901   79

  87   rms: 0.5252E+01   max: -.1008E+03   C at   79  2   RLX: 0.005
       a =  1.500      CL =  0.5892
      Cm = -0.1298     CD =  0.02548   =>   CDf =  0.00605    CDp =  0.01943

 Side 1  free  transition at x/c =  0.7234   63
 Side 2  free  transition at x/c =  0.9911   79

  88   rms: 0.3513E+02   max: -.6742E+03   C at   79  2   RLX: 0.001
       a =  1.500      CL =  0.5892
      Cm = -0.1298     CD =  0.02545   =>   CDf =  0.00605    CDp =  0.01939

 Side 1  free  transition at x/c =  0.7234   63
 Side 2  free  transition at x/c =  0.9918   79

  89   rms: 0.9585E+02   max: 0.1839E+04   C at   79  2   RLX: 0.001
       a =  1.500      CL =  0.5891
      Cm = -0.1298     CD =  0.02545   =>   CDf =  0.00605    CDp =  0.01939

 Side 1  free  transition at x/c =  0.7234   63
 Side 2  free  transition at x/c =  0.9900   79

  90   rms: 0.9424E+01   max: -.1808E+03   C at   79  2   RLX: 0.003
       a =  1.500      CL =  0.5888
      Cm = -0.1297     CD =  0.02544   =>   CDf =  0.00605    CDp =  0.01939

 Side 1  free  transition at x/c =  0.7234   64
 Side 2  free  transition at x/c =  0.9911   79

  91   rms: 0.1933E+02   max: -.3710E+03   C at   79  2   RLX: 0.001
       a =  1.500      CL =  0.5887
      Cm = -0.1297     CD =  0.02540   =>   CDf =  0.00605    CDp =  0.01934

 Side 1  free  transition at x/c =  0.7234   64
 Side 2  free  transition at x/c =  0.9917   79

  92   rms: 0.4549E+02   max: 0.8729E+03   C at   79  2   RLX: 0.002
       a =  1.500      CL =  0.5886
      Cm = -0.1296     CD =  0.02541   =>   CDf =  0.00605    CDp =  0.01936

 Side 1  free  transition at x/c =  0.7234   64
 Side 2  free  transition at x/c =  0.9900   79

  93   rms: 0.4853E+01   max: -.9314E+02   C at   79  2   RLX: 0.005
       a =  1.500      CL =  0.5882
      Cm = -0.1295     CD =  0.02544   =>   CDf =  0.00605    CDp =  0.01939

 Side 1  free  transition at x/c =  0.7234   63
 Side 2  free  transition at x/c =  0.9911   79

  94   rms: 0.3592E+02   max: -.6893E+03   C at   79  2   RLX: 0.001
       a =  1.500      CL =  0.5881
      Cm = -0.1295     CD =  0.02541   =>   CDf =  0.00605    CDp =  0.01935

 Side 1  free  transition at x/c =  0.7234   63
 Side 2  free  transition at x/c =  0.9918   79

  95   rms: 0.8946E+02   max: 0.1717E+04   C at   79  2   RLX: 0.001
       a =  1.500      CL =  0.5880
      Cm = -0.1294     CD =  0.02541   =>   CDf =  0.00605    CDp =  0.01935

 Side 1  free  transition at x/c =  0.7234   63
 Side 2  free  transition at x/c =  0.9900   79

  96   rms: 0.9530E+01   max: -.1828E+03   C at   79  2   RLX: 0.003
       a =  1.500      CL =  0.5878
      Cm = -0.1293     CD =  0.02540   =>   CDf =  0.00605    CDp =  0.01935

 Side 1  free  transition at x/c =  0.7234   64
 Side 2  free  transition at x/c =  0.9912   79

  97   rms: 0.2287E+02   max: -.4389E+03   C at   79  2   RLX: 0.001
       a =  1.500      CL =  0.5877
      Cm = -0.1293     CD =  0.02535   =>   CDf =  0.00605    CDp =  0.01930

 Side 1  free  transition at x/c =  0.7234   64
 Side 2  free  transition at x/c =  0.9918   79

  98   rms: 0.3437E+02   max: 0.6594E+03   C at   79  2   RLX: 0.002
       a =  1.500      CL =  0.5875
      Cm = -0.1293     CD =  0.02537   =>   CDf =  0.00605    CDp =  0.01931

 Side 1  free  transition at x/c =  0.7234   64
 Side 2  free  transition at x/c =  0.9901   79

  99   rms: 0.5209E+01   max: -.9997E+02   C at   79  2   RLX: 0.005
       a =  1.500      CL =  0.5871
      Cm = -0.1291     CD =  0.02539   =>   CDf =  0.00605    CDp =  0.01934

 Side 1  free  transition at x/c =  0.7234   63
 Side 2  free  transition at x/c =  0.9911   79

 100   rms: 0.3776E+02   max: -.7247E+03   C at   79  2   RLX: 0.001
       a =  1.500      CL =  0.5871
      Cm = -0.1291     CD =  0.02536   =>   CDf =  0.00605    CDp =  0.01931

 Side 1  free  transition at x/c =  0.7234   63
 Side 2  free  transition at x/c =  0.9918   79

 101   rms: 0.7318E+02   max: 0.1404E+04   C at   79  2   RLX: 0.001
       a =  1.500      CL =  0.5869
      Cm = -0.1291     CD =  0.02536   =>   CDf =  0.00605    CDp =  0.01931

 Side 1  free  transition at x/c =  0.7234   64
 Side 2  free  transition at x/c =  0.9901   79

 102   rms: 0.5161E+01   max: -.9904E+02   C at   79  2   RLX: 0.005
       a =  1.500      CL =  0.5865
      Cm = -0.1290     CD =  0.02538   =>   CDf =  0.00605    CDp =  0.01933

 Side 1  free  transition at x/c =  0.7234   63
 Side 2  free  transition at x/c =  0.9911   79

 103   rms: 0.4246E+02   max: -.8148E+03   C at   79  2   RLX: 0.001
       a =  1.500      CL =  0.5865
      Cm = -0.1289     CD =  0.02534   =>   CDf =  0.00605    CDp =  0.01929

 Side 1  free  transition at x/c =  0.7234   63
 Side 2  free  transition at x/c =  0.9918   79

 104   rms: 0.6403E+02   max: 0.1229E+04   C at   79  2   RLX: 0.001
       a =  1.500      CL =  0.5864
      Cm = -0.1289     CD =  0.02534   =>   CDf =  0.00605    CDp =  0.01929

 Side 1  free  transition at x/c =  0.7234   63
 Side 2  free  transition at x/c =  0.9901   79

 105   rms: 0.1014E+02   max: -.1945E+03   C at   79  2   RLX: 0.003
       a =  1.500      CL =  0.5861
      Cm = -0.1288     CD =  0.02534   =>   CDf =  0.00605    CDp =  0.01929

 Side 1  free  transition at x/c =  0.7234   64
 Side 2  free  transition at x/c =  0.9912   79

 106   rms: 0.2474E+02   max: -.4748E+03   C at   79  2   RLX: 0.001
       a =  1.500      CL =  0.5861
      Cm = -0.1288     CD =  0.02529   =>   CDf =  0.00605    CDp =  0.01924

 Side 1  free  transition at x/c =  0.7234   64
 Side 2  free  transition at x/c =  0.9918   79

 107   rms: 0.2849E+02   max: 0.5466E+03   C at   79  2   RLX: 0.003
       a =  1.500      CL =  0.5858
      Cm = -0.1287     CD =  0.02531   =>   CDf =  0.00605    CDp =  0.01925

 Side 1  free  transition at x/c =  0.7234   64
 Side 2  free  transition at x/c =  0.9901   79

 108   rms: 0.5366E+01   max: -.1030E+03   C at   79  2   RLX: 0.005
       a =  1.500      CL =  0.5855
      Cm = -0.1286     CD =  0.02534   =>   CDf =  0.00605    CDp =  0.01928

 Side 1  free  transition at x/c =  0.7234   63
 Side 2  free  transition at x/c =  0.9911   79

 109   rms: 0.3975E+02   max: -.7627E+03   C at   79  2   RLX: 0.001
       a =  1.500      CL =  0.5855
      Cm = -0.1286     CD =  0.02530   =>   CDf =  0.00605    CDp =  0.01925

 Side 1  free  transition at x/c =  0.7234   63
 Side 2  free  transition at x/c =  0.9918   79

 110   rms: 0.6629E+02   max: 0.1272E+04   C at   79  2   RLX: 0.001
       a =  1.500      CL =  0.5853
      Cm = -0.1285     CD =  0.02530   =>   CDf =  0.00605    CDp =  0.01925

 Side 1  free  transition at x/c =  0.7234   63
 Side 2  free  transition at x/c =  0.9901   79

 111   rms: 0.9497E+01   max: -.1822E+03   C at   79  2   RLX: 0.003
       a =  1.500      CL =  0.5851
      Cm = -0.1284     CD =  0.02530   =>   CDf =  0.00605    CDp =  0.01925

 Side 1  free  transition at x/c =  0.7234   64
 Side 2  free  transition at x/c =  0.9911   79

 112   rms: 0.2157E+02   max: -.4140E+03   C at   79  2   RLX: 0.001
       a =  1.500      CL =  0.5850
      Cm = -0.1284     CD =  0.02524   =>   CDf =  0.00605    CDp =  0.01919

 Side 1  free  transition at x/c =  0.7234   64
 Side 2  free  transition at x/c =  0.9918   79

 113   rms: 0.3025E+02   max: 0.5803E+03   C at   79  2   RLX: 0.003
       a =  1.500      CL =  0.5848
      Cm = -0.1283     CD =  0.02526   =>   CDf =  0.00605    CDp =  0.01921

 Side 1  free  transition at x/c =  0.7234   64
 Side 2  free  transition at x/c =  0.9901   79

 114   rms: 0.4955E+01   max: -.9509E+02   C at   79  2   RLX: 0.005
       a =  1.500      CL =  0.5844
      Cm = -0.1282     CD =  0.02529   =>   CDf =  0.00605    CDp =  0.01924

 Side 1  free  transition at x/c =  0.7234   63
 Side 2  free  transition at x/c =  0.9910   79

 115   rms: 0.2982E+02   max: -.5723E+03   C at   79  2   RLX: 0.001
       a =  1.500      CL =  0.5843
      Cm = -0.1282     CD =  0.02526   =>   CDf =  0.00606    CDp =  0.01920

 Side 1  free  transition at x/c =  0.7234   63
 Side 2  free  transition at x/c =  0.9917   79

 116   rms: 0.8231E+02   max: 0.1579E+04   C at   79  2   RLX: 0.001
       a =  1.500      CL =  0.5842
      Cm = -0.1282     CD =  0.02526   =>   CDf =  0.00606    CDp =  0.01920

 Side 1  free  transition at x/c =  0.7234   63
 Side 2  free  transition at x/c =  0.9899   79

 117   rms: 0.8340E+01   max: -.1600E+03   C at   79  2   RLX: 0.003
       a =  1.500      CL =  0.5839
      Cm = -0.1280     CD =  0.02524   =>   CDf =  0.00605    CDp =  0.01919

 Side 1  free  transition at x/c =  0.7235   64
 Side 2  free  transition at x/c =  0.9910   79

 118   rms: 0.1689E+02   max: -.3241E+03   C at   79  2   RLX: 0.002
       a =  1.500      CL =  0.5838
      Cm = -0.1280     CD =  0.02519   =>   CDf =  0.00606    CDp =  0.01914

 Side 1  free  transition at x/c =  0.7234   64
 Side 2  free  transition at x/c =  0.9917   79

 119   rms: 0.3592E+02   max: 0.6892E+03   C at   79  2   RLX: 0.002
       a =  1.500      CL =  0.5836
      Cm = -0.1280     CD =  0.02521   =>   CDf =  0.00606    CDp =  0.01915

 Side 1  free  transition at x/c =  0.7234   64
 Side 2  free  transition at x/c =  0.9899   79

 120   rms: 0.4424E+01   max: -.8488E+02   C at   79  2   RLX: 0.006
       a =  1.500      CL =  0.5832
      Cm = -0.1278     CD =  0.02524   =>   CDf =  0.00605    CDp =  0.01919

 Side 1  free  transition at x/c =  0.7234   63
 Side 2  free  transition at x/c =  0.9909   79

 121   rms: 0.2401E+02   max: -.4607E+03   C at   79  2   RLX: 0.001
       a =  1.500      CL =  0.5831
      Cm = -0.1278     CD =  0.02521   =>   CDf =  0.00606    CDp =  0.01916

 Side 1  free  transition at x/c =  0.7234   63
 Side 2  free  transition at x/c =  0.9917   79

 122   rms: 0.1090E+03   max: 0.2092E+04   C at   79  2   RLX: 0.001
       a =  1.500      CL =  0.5830
      Cm = -0.1278     CD =  0.02521   =>   CDf =  0.00606    CDp =  0.01916

 Side 1  free  transition at x/c =  0.7234   64
 Side 2  free  transition at x/c =  0.9898   79

 123   rms: 0.3936E+01   max: -.7551E+02   C at   79  2   RLX: 0.007
       a =  1.500      CL =  0.5825
      Cm = -0.1276     CD =  0.02524   =>   CDf =  0.00605    CDp =  0.01919

 Side 1  free  transition at x/c =  0.7234   63
 Side 2  free  transition at x/c =  0.9908   79

 124   rms: 0.2010E+02   max: -.3856E+03   C at   79  2   RLX: 0.001
       a =  1.500      CL =  0.5825
      Cm = -0.1276     CD =  0.02519   =>   CDf =  0.00606    CDp =  0.01914

 Side 1  free  transition at x/c =  0.7234   63
 Side 2  free  transition at x/c =  0.9916   79

 125   rms: 0.2060E+03   max: 0.3952E+04   C at   79  2   RLX: 0.000
       a =  1.500      CL =  0.5824
      Cm = -0.1276     CD =  0.02519   =>   CDf =  0.00606    CDp =  0.01913

 Side 1  free  transition at x/c =  0.7234   63
 Side 2  free  transition at x/c =  0.9897   79

 126   rms: 0.6679E+01   max: -.1281E+03   C at   79  2   RLX: 0.004
       a =  1.500      CL =  0.5821
      Cm = -0.1274     CD =  0.02519   =>   CDf =  0.00605    CDp =  0.01913

 Side 1  free  transition at x/c =  0.7234   64
 Side 2  free  transition at x/c =  0.9908   79

 127   rms: 0.1134E+02   max: -.2176E+03   C at   79  2   RLX: 0.002
       a =  1.500      CL =  0.5819
      Cm = -0.1274     CD =  0.02514   =>   CDf =  0.00606    CDp =  0.01908

 Side 1  free  transition at x/c =  0.7234   64
 Side 2  free  transition at x/c =  0.9916   79

 128   rms: 0.7944E+02   max: 0.1524E+04   C at   79  2   RLX: 0.001
       a =  1.500      CL =  0.5818
      Cm = -0.1273     CD =  0.02514   =>   CDf =  0.00606    CDp =  0.01908

 Side 1  free  transition at x/c =  0.7234   64
 Side 2  free  transition at x/c =  0.9897   79

 129   rms: 0.3500E+01   max: -.6714E+02   C at   79  2   RLX: 0.007
       a =  1.500      CL =  0.5813
      Cm = -0.1272     CD =  0.02519   =>   CDf =  0.00605    CDp =  0.01913

 Side 1  free  transition at x/c =  0.7234   63
 Side 2  free  transition at x/c =  0.9906   79

 130   rms: 0.1565E+02   max: -.3003E+03   C at   79  2   RLX: 0.002
       a =  1.500      CL =  0.5812
      Cm = -0.1271     CD =  0.02514   =>   CDf =  0.00606    CDp =  0.01909

 Side 1  free  transition at x/c =  0.7234   63
 Side 2  free  transition at x/c =  0.9915   79

 131   rms: 0.7456E+03   max: -.1431E+05   C at   79  2   RLX: 0.000
       a =  1.500      CL =  0.5812
      Cm = -0.1271     CD =  0.02514   =>   CDf =  0.00606    CDp =  0.01909

 Side 1  free  transition at x/c =  0.7234   63
 Side 2  free  transition at x/c =  0.9921   79

 132   rms: 0.2571E+02   max: 0.4934E+03   C at   79  2   RLX: 0.003
       a =  1.500      CL =  0.5809
      Cm = -0.1270     CD =  0.02514   =>   CDf =  0.00606    CDp =  0.01908

 Side 1  free  transition at x/c =  0.7234   64
 Side 2  free  transition at x/c =  0.9905   79

 133   rms: 0.7256E+01   max: -.1393E+03   C at   79  2   RLX: 0.004
       a =  1.500      CL =  0.5807
      Cm = -0.1269     CD =  0.02511   =>   CDf =  0.00606    CDp =  0.01905

 Side 1  free  transition at x/c =  0.7234   64
 Side 2  free  transition at x/c =  0.9913   79

 134   rms: 0.4504E+02   max: -.8644E+03   C at   79  2   RLX: 0.001
       a =  1.500      CL =  0.5806
      Cm = -0.1269     CD =  0.02511   =>   CDf =  0.00606    CDp =  0.01905

 Side 1  free  transition at x/c =  0.7234   64
 Side 2  free  transition at x/c =  0.9920   79

 135   rms: 0.1522E+02   max: 0.2921E+03   C at   79  2   RLX: 0.005
       a =  1.500      CL =  0.5802
      Cm = -0.1268     CD =  0.02514   =>   CDf =  0.00606    CDp =  0.01908

 Side 1  free  transition at x/c =  0.7234   63
 Side 2  free  transition at x/c =  0.9903   79

 136   rms: 0.1019E+02   max: -.1954E+03   C at   79  2   RLX: 0.003
       a =  1.500      CL =  0.5801
      Cm = -0.1267     CD =  0.02510   =>   CDf =  0.00606    CDp =  0.01905

 Side 1  free  transition at x/c =  0.7234   64
 Side 2  free  transition at x/c =  0.9912   79

 137   rms: 0.2895E+02   max: -.5555E+03   C at   79  2   RLX: 0.001
       a =  1.500      CL =  0.5800
      Cm = -0.1267     CD =  0.02509   =>   CDf =  0.00606    CDp =  0.01903

 Side 1  free  transition at x/c =  0.7234   63
 Side 2  free  transition at x/c =  0.9919   79

 138   rms: 0.3427E+02   max: 0.6576E+03   C at   79  2   RLX: 0.002
       a =  1.500      CL =  0.5798
      Cm = -0.1266     CD =  0.02508   =>   CDf =  0.00606    CDp =  0.01902

 Side 1  free  transition at x/c =  0.7234   64
 Side 2  free  transition at x/c =  0.9902   79

 139   rms: 0.4866E+01   max: -.9337E+02   C at   79  2   RLX: 0.005
       a =  1.500      CL =  0.5794
      Cm = -0.1265     CD =  0.02508   =>   CDf =  0.00606    CDp =  0.01902

 Side 1  free  transition at x/c =  0.7234   63
 Side 2  free  transition at x/c =  0.9911   79

 140   rms: 0.3320E+02   max: -.6370E+03   C at   79  2   RLX: 0.001
       a =  1.500      CL =  0.5794
      Cm = -0.1265     CD =  0.02507   =>   CDf =  0.00606    CDp =  0.01901

 Side 1  free  transition at x/c =  0.7234   64
 Side 2  free  transition at x/c =  0.9918   79

 141   rms: 0.2308E+02   max: 0.4427E+03   C at   79  2   RLX: 0.003
       a =  1.500      CL =  0.5791
      Cm = -0.1264     CD =  0.02508   =>   CDf =  0.00606    CDp =  0.01902

 Side 1  free  transition at x/c =  0.7234   63
 Side 2  free  transition at x/c =  0.9899   79

 142   rms: 0.7361E+01   max: -.1412E+03   C at   79  2   RLX: 0.004
       a =  1.500      CL =  0.5789
      Cm = -0.1263     CD =  0.02505   =>   CDf =  0.00606    CDp =  0.01900

 Side 1  free  transition at x/c =  0.7234   64
 Side 2  free  transition at x/c =  0.9910   79

 143   rms: 0.1440E+02   max: -.2763E+03   C at   79  2   RLX: 0.002
       a =  1.500      CL =  0.5788
      Cm = -0.1263     CD =  0.02502   =>   CDf =  0.00606    CDp =  0.01896

 Side 1  free  transition at x/c =  0.7234   64
 Side 2  free  transition at x/c =  0.9917   79

 144   rms: 0.2996E+02   max: 0.5747E+03   C at   79  2   RLX: 0.003
       a =  1.500      CL =  0.5786
      Cm = -0.1262     CD =  0.02504   =>   CDf =  0.00606    CDp =  0.01898

 Side 1  free  transition at x/c =  0.7234   63
 Side 2  free  transition at x/c =  0.9898   79

 145   rms: 0.6547E+01   max: -.1256E+03   C at   79  2   RLX: 0.004
       a =  1.500      CL =  0.5783
      Cm = -0.1261     CD =  0.02503   =>   CDf =  0.00606    CDp =  0.01897

 Side 1  free  transition at x/c =  0.7235   64
 Side 2  free  transition at x/c =  0.9909   79

 146   rms: 0.1098E+02   max: -.2107E+03   C at   79  2   RLX: 0.002
       a =  1.500      CL =  0.5782
      Cm = -0.1261     CD =  0.02497   =>   CDf =  0.00606    CDp =  0.01891

 Side 1  free  transition at x/c =  0.7234   64
 Side 2  free  transition at x/c =  0.9916   79

 147   rms: 0.4732E+02   max: 0.9078E+03   C at   79  2   RLX: 0.002
       a =  1.500      CL =  0.5780
      Cm = -0.1260     CD =  0.02499   =>   CDf =  0.00606    CDp =  0.01892

 Side 1  free  transition at x/c =  0.7234   64
 Side 2  free  transition at x/c =  0.9897   79

 148   rms: 0.3180E+01   max: -.6100E+02   C at   79  2   RLX: 0.008
       a =  1.500      CL =  0.5775
      Cm = -0.1258     CD =  0.02504   =>   CDf =  0.00606    CDp =  0.01898

 Side 1  free  transition at x/c =  0.7234   63
 Side 2  free  transition at x/c =  0.9906   79

 149   rms: 0.1316E+02   max: -.2525E+03   C at   79  2   RLX: 0.002
       a =  1.500      CL =  0.5774
      Cm = -0.1258     CD =  0.02500   =>   CDf =  0.00606    CDp =  0.01894

 Side 1  free  transition at x/c =  0.7234   63
 Side 2  free  transition at x/c =  0.9915   79

 150   rms: 0.6076E+03   max: -.1166E+05   C at   79  2   RLX: 0.000
       a =  1.500      CL =  0.5774
      Cm = -0.1258     CD =  0.02500   =>   CDf =  0.00606    CDp =  0.01894

 Side 1  free  transition at x/c =  0.7234   63
 Side 2  free  transition at x/c =  0.9921   79

 151   rms: 0.2073E+02   max: 0.3977E+03   C at   79  2   RLX: 0.004
       a =  1.500      CL =  0.5771
      Cm = -0.1257     CD =  0.02500   =>   CDf =  0.00606    CDp =  0.01893

 Side 1  free  transition at x/c =  0.7235   64
 Side 2  free  transition at x/c =  0.9905   79

 152   rms: 0.5955E+01   max: -.1143E+03   C at   79  2   RLX: 0.004
       a =  1.500      CL =  0.5768
      Cm = -0.1256     CD =  0.02494   =>   CDf =  0.00606    CDp =  0.01888

 Side 1  free  transition at x/c =  0.7234   64
 Side 2  free  transition at x/c =  0.9913   79

 153   rms: 0.4744E+02   max: -.9103E+03   C at   79  2   RLX: 0.001
       a =  1.500      CL =  0.5768
      Cm = -0.1256     CD =  0.02495   =>   CDf =  0.00606    CDp =  0.01888

 Side 1  free  transition at x/c =  0.7234   64
 Side 2  free  transition at x/c =  0.9920   79

 154   rms: 0.1259E+02   max: 0.2416E+03   C at   79  2   RLX: 0.006
       a =  1.500      CL =  0.5764
      Cm = -0.1255     CD =  0.02499   =>   CDf =  0.00606    CDp =  0.01892

 Side 1  free  transition at x/c =  0.7234   63
 Side 2  free  transition at x/c =  0.9902   79

 155   rms: 0.8328E+01   max: -.1598E+03   C at   79  2   RLX: 0.003
       a =  1.500      CL =  0.5762
      Cm = -0.1254     CD =  0.02495   =>   CDf =  0.00606    CDp =  0.01889

 Side 1  free  transition at x/c =  0.7234   64
 Side 2  free  transition at x/c =  0.9912   79

 156   rms: 0.2546E+02   max: -.4886E+03   C at   79  2   RLX: 0.001
       a =  1.500      CL =  0.5761
      Cm = -0.1253     CD =  0.02493   =>   CDf =  0.00607    CDp =  0.01886

 Side 1  free  transition at x/c =  0.7234   64
 Side 2  free  transition at x/c =  0.9919   79

 157   rms: 0.1401E+02   max: 0.2688E+03   C at   79  2   RLX: 0.006
       a =  1.500      CL =  0.5758
      Cm = -0.1252     CD =  0.02496   =>   CDf =  0.00607    CDp =  0.01890

 Side 1  free  transition at x/c =  0.7234   63
 Side 2  free  transition at x/c =  0.9901   79

 158   rms: 0.7426E+01   max: -.1425E+03   C at   79  2   RLX: 0.004
       a =  1.500      CL =  0.5755
      Cm = -0.1251     CD =  0.02493   =>   CDf =  0.00606    CDp =  0.01887

 Side 1  free  transition at x/c =  0.7234   64
 Side 2  free  transition at x/c =  0.9911   79

 159   rms: 0.1914E+02   max: -.3672E+03   C at   79  2   RLX: 0.001
       a =  1.500      CL =  0.5755
      Cm = -0.1251     CD =  0.02490   =>   CDf =  0.00607    CDp =  0.01884

 Side 1  free  transition at x/c =  0.7234   64
 Side 2  free  transition at x/c =  0.9919   79

 160   rms: 0.1562E+02   max: 0.2997E+03   C at   79  2   RLX: 0.005
       a =  1.500      CL =  0.5751
      Cm = -0.1250     CD =  0.02493   =>   CDf =  0.00607    CDp =  0.01887

 Side 1  free  transition at x/c =  0.7234   63
 Side 2  free  transition at x/c =  0.9900   79

 161   rms: 0.6919E+01   max: -.1327E+03   C at   79  2   RLX: 0.004
       a =  1.500      CL =  0.5749
      Cm = -0.1249     CD =  0.02490   =>   CDf =  0.00606    CDp =  0.01884

 Side 1  free  transition at x/c =  0.7234   64
 Side 2  free  transition at x/c =  0.9911   79

 162   rms: 0.1538E+02   max: -.2951E+03   C at   79  2   RLX: 0.002
       a =  1.500      CL =  0.5748
      Cm = -0.1249     CD =  0.02487   =>   CDf =  0.00607    CDp =  0.01880

 Side 1  free  transition at x/c =  0.7234   64
 Side 2  free  transition at x/c =  0.9918   79

 163   rms: 0.1681E+02   max: 0.3224E+03   C at   79  2   RLX: 0.005
       a =  1.500      CL =  0.5745
      Cm = -0.1248     CD =  0.02490   =>   CDf =  0.00607    CDp =  0.01883

 Side 1  free  transition at x/c =  0.7234   63
 Side 2  free  transition at x/c =  0.9899   79

 164   rms: 0.6234E+01   max: -.1196E+03   C at   79  2   RLX: 0.004
       a =  1.500      CL =  0.5742
      Cm = -0.1246     CD =  0.02488   =>   CDf =  0.00607    CDp =  0.01881

 Side 1  free  transition at x/c =  0.7234   64
 Side 2  free  transition at x/c =  0.9910   79

 165   rms: 0.1261E+02   max: -.2420E+03   C at   79  2   RLX: 0.002
       a =  1.500      CL =  0.5741
      Cm = -0.1246     CD =  0.02483   =>   CDf =  0.00607    CDp =  0.01876

 Side 1  free  transition at x/c =  0.7234   64
 Side 2  free  transition at x/c =  0.9918   79

 166   rms: 0.1899E+02   max: 0.3642E+03   C at   79  2   RLX: 0.004
       a =  1.500      CL =  0.5738
      Cm = -0.1245     CD =  0.02486   =>   CDf =  0.00607    CDp =  0.01879

 Side 1  free  transition at x/c =  0.7234   63
 Side 2  free  transition at x/c =  0.9899   79

 167   rms: 0.5920E+01   max: -.1136E+03   C at   79  2   RLX: 0.004
       a =  1.500      CL =  0.5735
      Cm = -0.1244     CD =  0.02485   =>   CDf =  0.00607    CDp =  0.01878

 Side 1  free  transition at x/c =  0.7235   64
 Side 2  free  transition at x/c =  0.9910   79

 168   rms: 0.1211E+02   max: -.2323E+03   C at   79  2   RLX: 0.002
       a =  1.500      CL =  0.5735
      Cm = -0.1244     CD =  0.02479   =>   CDf =  0.00607    CDp =  0.01872

 Side 1  free  transition at x/c =  0.7235   64
 Side 2  free  transition at x/c =  0.9917   79

 169   rms: 0.2121E+02   max: 0.4069E+03   C at   79  2   RLX: 0.004
       a =  1.500      CL =  0.5732
      Cm = -0.1243     CD =  0.02481   =>   CDf =  0.00607    CDp =  0.01874

 Side 1  free  transition at x/c =  0.7234   64
 Side 2  free  transition at x/c =  0.9898   79

 170   rms: 0.3068E+01   max: -.5886E+02   C at   79  2   RLX: 0.008
       a =  1.500      CL =  0.5727
      Cm = -0.1241     CD =  0.02487   =>   CDf =  0.00607    CDp =  0.01880

 Side 1  free  transition at x/c =  0.7234   63
 Side 2  free  transition at x/c =  0.9908   79

 171   rms: 0.1531E+02   max: -.2937E+03   C at   79  2   RLX: 0.002
       a =  1.500      CL =  0.5727
      Cm = -0.1241     CD =  0.02482   =>   CDf =  0.00607    CDp =  0.01875

 Side 1  free  transition at x/c =  0.7234   63
 Side 2  free  transition at x/c =  0.9917   79

 172   rms: 0.5123E+02   max: 0.9829E+03   C at   79  2   RLX: 0.002
       a =  1.500      CL =  0.5725
      Cm = -0.1241     CD =  0.02482   =>   CDf =  0.00607    CDp =  0.01875

 Side 1  free  transition at x/c =  0.7234   64
 Side 2  free  transition at x/c =  0.9897   79

 173   rms: 0.2764E+01   max: -.5301E+02   C at   79  2   RLX: 0.009
       a =  1.500      CL =  0.5720
      Cm = -0.1239     CD =  0.02486   =>   CDf =  0.00607    CDp =  0.01879

 Side 1  free  transition at x/c =  0.7233   63
 Side 2  free  transition at x/c =  0.9907   79

 174   rms: 0.1304E+02   max: -.2502E+03   C at   79  2   RLX: 0.002
       a =  1.500      CL =  0.5719
      Cm = -0.1238     CD =  0.02480   =>   CDf =  0.00607    CDp =  0.01872

 Side 1  free  transition at x/c =  0.7234   63
 Side 2  free  transition at x/c =  0.9916   79

 175   rms: 0.6783E+02   max: 0.1301E+04   C at   79  2   RLX: 0.001
       a =  1.500      CL =  0.5718
      Cm = -0.1238     CD =  0.02480   =>   CDf =  0.00607    CDp =  0.01872

 Side 1  free  transition at x/c =  0.7234   63
 Side 2  free  transition at x/c =  0.9896   79

 176   rms: 0.4520E+01   max: -.8670E+02   C at   79  2   RLX: 0.006
       a =  1.500      CL =  0.5714
      Cm = -0.1236     CD =  0.02479   =>   CDf =  0.00607    CDp =  0.01872

 Side 1  free  transition at x/c =  0.7235   64
 Side 2  free  transition at x/c =  0.9908   79

 177   rms: 0.7728E+01   max: -.1483E+03   C at   79  2   RLX: 0.003
       a =  1.500      CL =  0.5712
      Cm = -0.1236     CD =  0.02471   =>   CDf =  0.00608    CDp =  0.01863

 Side 1  free  transition at x/c =  0.7235   64
 Side 2  free  transition at x/c =  0.9916   79

 178   rms: 0.3542E+02   max: 0.6796E+03   C at   79  2   RLX: 0.002
       a =  1.500      CL =  0.5711
      Cm = -0.1235     CD =  0.02472   =>   CDf =  0.00608    CDp =  0.01865

 Side 1  free  transition at x/c =  0.7234   64
 Side 2  free  transition at x/c =  0.9896   79

 179   rms: 0.2478E+01   max: -.4752E+02   C at   79  2   RLX: 0.011
       a =  1.500      CL =  0.5705
      Cm = -0.1233     CD =  0.02479   =>   CDf =  0.00607    CDp =  0.01872

 Side 1  free  transition at x/c =  0.7234   63
 Side 2  free  transition at x/c =  0.9907   79

 180   rms: 0.1095E+02   max: -.2101E+03   C at   79  2   RLX: 0.002
       a =  1.500      CL =  0.5704
      Cm = -0.1233     CD =  0.02474   =>   CDf =  0.00608    CDp =  0.01867

 Side 1  free  transition at x/c =  0.7234   63
 Side 2  free  transition at x/c =  0.9915   79

 181   rms: 0.1019E+03   max: 0.1954E+04   C at   79  2   RLX: 0.001
       a =  1.500      CL =  0.5703
      Cm = -0.1233     CD =  0.02474   =>   CDf =  0.00608    CDp =  0.01866

 Side 1  free  transition at x/c =  0.7234   63
 Side 2  free  transition at x/c =  0.9895   79

 182   rms: 0.3875E+01   max: -.7433E+02   C at   79  2   RLX: 0.007
       a =  1.500      CL =  0.5699
      Cm = -0.1230     CD =  0.02472   =>   CDf =  0.00607    CDp =  0.01865

 Side 1  free  transition at x/c =  0.7235   64
 Side 2  free  transition at x/c =  0.9907   79

 183   rms: 0.6483E+01   max: -.1244E+03   C at   79  2   RLX: 0.004
       a =  1.500      CL =  0.5697
      Cm = -0.1230     CD =  0.02463   =>   CDf =  0.00608    CDp =  0.01855

 Side 1  free  transition at x/c =  0.7235   64
 Side 2  free  transition at x/c =  0.9916   79

 184   rms: 0.4482E+02   max: 0.8598E+03   C at   79  2   RLX: 0.002
       a =  1.500      CL =  0.5696
      Cm = -0.1230     CD =  0.02464   =>   CDf =  0.00608    CDp =  0.01856

 Side 1  free  transition at x/c =  0.7235   64
 Side 2  free  transition at x/c =  0.9895   79

 185   rms: 0.2201E+01   max: -.4219E+02   C at   79  2   RLX: 0.012
       a =  1.500      CL =  0.5689
      Cm = -0.1228     CD =  0.02472   =>   CDf =  0.00608    CDp =  0.01864

 Side 1  free  transition at x/c =  0.7234   63
 Side 2  free  transition at x/c =  0.9906   79

 186   rms: 0.8933E+01   max: -.1714E+03   C at   79  2   RLX: 0.003
       a =  1.500      CL =  0.5688
      Cm = -0.1227     CD =  0.02468   =>   CDf =  0.00608    CDp =  0.01860

 Side 1  free  transition at x/c =  0.7234   64
 Side 2  free  transition at x/c =  0.9915   79

 187   rms: 0.2554E+03   max: 0.4900E+04   C at   79  2   RLX: 0.000
       a =  1.500      CL =  0.5687
      Cm = -0.1227     CD =  0.02466   =>   CDf =  0.00608    CDp =  0.01858

 Side 1  free  transition at x/c =  0.7234   64
 Side 2  free  transition at x/c =  0.9894   79

 188   rms: 0.1974E+01   max: -.3783E+02   C at   79  2   RLX: 0.013
       a =  1.500      CL =  0.5680
      Cm = -0.1225     CD =  0.02475   =>   CDf =  0.00608    CDp =  0.01867

 Side 1  free  transition at x/c =  0.7233   63
 Side 2  free  transition at x/c =  0.9905   79

 189   rms: 0.7649E+01   max: -.1468E+03   C at   79  2   RLX: 0.003
       a =  1.500      CL =  0.5679
      Cm = -0.1224     CD =  0.02466   =>   CDf =  0.00608    CDp =  0.01858

 Side 1  free  transition at x/c =  0.7234   63
 Side 2  free  transition at x/c =  0.9914   79

 190   rms: 0.1270E+03   max: -.2437E+04   C at   79  2   RLX: 0.000
       a =  1.500      CL =  0.5679
      Cm = -0.1224     CD =  0.02466   =>   CDf =  0.00609    CDp =  0.01858

 Side 1  free  transition at x/c =  0.7234   63
 Side 2  free  transition at x/c =  0.9920   79

 191   rms: 0.1365E+02   max: 0.2619E+03   C at   79  2   RLX: 0.006
       a =  1.500      CL =  0.5675
      Cm = -0.1222     CD =  0.02466   =>   CDf =  0.00608    CDp =  0.01858

 Side 1  free  transition at x/c =  0.7235   64
 Side 2  free  transition at x/c =  0.9904   79

 192   rms: 0.3851E+01   max: -.7389E+02   C at   79  2   RLX: 0.007
       a =  1.500      CL =  0.5672
      Cm = -0.1221     CD =  0.02461   =>   CDf =  0.00609    CDp =  0.01853

 Side 1  free  transition at x/c =  0.7234   64
 Side 2  free  transition at x/c =  0.9912   79

 193   rms: 0.1915E+02   max: -.3674E+03   C at   79  2   RLX: 0.001
       a =  1.500      CL =  0.5671
      Cm = -0.1221     CD =  0.02462   =>   CDf =  0.00609    CDp =  0.01853

 Side 1  free  transition at x/c =  0.7234   63
 Side 2  free  transition at x/c =  0.9919   79

 194   rms: 0.1705E+02   max: 0.3272E+03   C at   79  2   RLX: 0.005
       a =  1.500      CL =  0.5668
      Cm = -0.1219     CD =  0.02461   =>   CDf =  0.00609    CDp =  0.01852

 Side 1  free  transition at x/c =  0.7235   64
 Side 2  free  transition at x/c =  0.9901   79

 195   rms: 0.3086E+01   max: -.5920E+02   C at   79  2   RLX: 0.008
       a =  1.500      CL =  0.5664
      Cm = -0.1218     CD =  0.02459   =>   CDf =  0.00609    CDp =  0.01850

 SETBL: Xtr???  n1 n2:    8.4139929       8.9999733    
 Side 1  free  transition at x/c =  0.7235   63
 Side 2  free  transition at x/c =  0.9910   79

 196   rms: 0.1339E+02   max: -.2570E+03   C at   79  2   RLX: 0.002
       a =  1.500      CL =  0.5663
      Cm = -0.1218     CD =  0.02460   =>   CDf =  0.00609    CDp =  0.01851

 Side 1  free  transition at x/c =  0.7234   63
 Side 2  free  transition at x/c =  0.9917   79

 197   rms: 0.2717E+02   max: 0.5213E+03   C at   79  2   RLX: 0.003
       a =  1.500      CL =  0.5661
      Cm = -0.1217     CD =  0.02459   =>   CDf =  0.00609    CDp =  0.01850

 Side 1  free  transition at x/c =  0.7234   64
 Side 2  free  transition at x/c =  0.9898   79

 198   rms: 0.2382E+01   max: -.4567E+02   C at   79  2   RLX: 0.011
       a =  1.500      CL =  0.5656
      Cm = -0.1216     CD =  0.02461   =>   CDf =  0.00609    CDp =  0.01852

 Side 1  free  transition at x/c =  0.7234   63
 Side 2  free  transition at x/c =  0.9908   79

 199   rms: 0.9854E+01   max: -.1891E+03   C at   79  2   RLX: 0.003
       a =  1.500      CL =  0.5655
      Cm = -0.1215     CD =  0.02457   =>   CDf =  0.00609    CDp =  0.01848

 Side 1  free  transition at x/c =  0.7234   63
 Side 2  free  transition at x/c =  0.9916   79

 200   rms: 0.5524E+02   max: 0.1060E+04   C at   79  2   RLX: 0.001
       a =  1.500      CL =  0.5654
      Cm = -0.1214     CD =  0.02457   =>   CDf =  0.00609    CDp =  0.01848

 Side 1  free  transition at x/c =  0.7234   64
 Side 2  free  transition at x/c =  0.9896   79

 201   rms: 0.1944E+01   max: -.3725E+02   C at   79  2   RLX: 0.013
       a =  1.500      CL =  0.5647
      Cm = -0.1212     CD =  0.02462   =>   CDf =  0.00609    CDp =  0.01854

 Side 1  free  transition at x/c =  0.7233   63
 Side 2  free  transition at x/c =  0.9906   79

 202   rms: 0.7437E+01   max: -.1427E+03   C at   79  2   RLX: 0.004
       a =  1.500      CL =  0.5646
      Cm = -0.1212     CD =  0.02455   =>   CDf =  0.00609    CDp =  0.01845

 Side 1  free  transition at x/c =  0.7234   63
 Side 2  free  transition at x/c =  0.9915   79

 203   rms: 0.1114E+05   max: -.2138E+06   C at   79  2   RLX: 0.000
       a =  1.500      CL =  0.5646
      Cm = -0.1212     CD =  0.02455   =>   CDf =  0.00610    CDp =  0.01845

 Side 1  free  transition at x/c =  0.7234   63
 Side 2  free  transition at x/c =  0.9921   79

 204   rms: 0.1070E+02   max: 0.2054E+03   C at   80  2   RLX: 0.007
       a =  1.500      CL =  0.5641
      Cm = -0.1209     CD =  0.02454   =>   CDf =  0.00609    CDp =  0.01845

 Side 1  free  transition at x/c =  0.7235   64
 Side 2  free  transition at x/c =  0.9904   79

 205   rms: 0.3509E+01   max: -.6732E+02   C at   79  2   RLX: 0.007
       a =  1.500      CL =  0.5638
      Cm = -0.1209     CD =  0.02447   =>   CDf =  0.00610    CDp =  0.01837

 Side 1  free  transition at x/c =  0.7234   64
 Side 2  free  transition at x/c =  0.9912   79

 206   rms: 0.1484E+02   max: -.2847E+03   C at   79  2   RLX: 0.002
       a =  1.500      CL =  0.5637
      Cm = -0.1208     CD =  0.02448   =>   CDf =  0.00610    CDp =  0.01838

 Side 1  free  transition at x/c =  0.7234   64
 Side 2  free  transition at x/c =  0.9919   79

 207   rms: 0.8760E+01   max: 0.1680E+03   C at   80  2   RLX: 0.009
       a =  1.500      CL =  0.5633
      Cm = -0.1207     CD =  0.02454   =>   CDf =  0.00610    CDp =  0.01844

 Side 1  free  transition at x/c =  0.7234   63
 Side 2  free  transition at x/c =  0.9900   79

 208   rms: 0.3782E+01   max: -.7256E+02   C at   79  2   RLX: 0.007
       a =  1.500      CL =  0.5629
      Cm = -0.1205     CD =  0.02450   =>   CDf =  0.00610    CDp =  0.01840

 Side 1  free  transition at x/c =  0.7235   64
 Side 2  free  transition at x/c =  0.9910   79

 209   rms: 0.8224E+01   max: -.1578E+03   C at   79  2   RLX: 0.003
       a =  1.500      CL =  0.5628
      Cm = -0.1205     CD =  0.02443   =>   CDf =  0.00610    CDp =  0.01833

 Side 1  free  transition at x/c =  0.7234   64
 Side 2  free  transition at x/c =  0.9917   79

 210   rms: 0.1268E+02   max: 0.2433E+03   C at   80  2   RLX: 0.006
       a =  1.500      CL =  0.5625
      Cm = -0.1204     CD =  0.02447   =>   CDf =  0.00610    CDp =  0.01837

 Side 1  free  transition at x/c =  0.7234   63
 Side 2  free  transition at x/c =  0.9897   79

 211   rms: 0.3098E+01   max: -.5944E+02   C at   79  2   RLX: 0.008
       a =  1.500      CL =  0.5620
      Cm = -0.1202     CD =  0.02446   =>   CDf =  0.00610    CDp =  0.01836

 Side 1  free  transition at x/c =  0.7235   64
 Side 2  free  transition at x/c =  0.9909   79

 212   rms: 0.5644E+01   max: -.1083E+03   C at   79  2   RLX: 0.005
       a =  1.500      CL =  0.5619
      Cm = -0.1201     CD =  0.02435   =>   CDf =  0.00610    CDp =  0.01825

 Side 1  free  transition at x/c =  0.7235   64
 Side 2  free  transition at x/c =  0.9916   79

 213   rms: 0.2262E+02   max: 0.4339E+03   C at   79  2   RLX: 0.003
       a =  1.500      CL =  0.5617
      Cm = -0.1201     CD =  0.02438   =>   CDf =  0.00611    CDp =  0.01827

 Side 1  free  transition at x/c =  0.7235   64
 Side 2  free  transition at x/c =  0.9896   79

 214   rms: 0.1617E+01   max: -.3096E+02   C at   79  2   RLX: 0.016
       a =  1.500      CL =  0.5609
      Cm = -0.1198     CD =  0.02450   =>   CDf =  0.00610    CDp =  0.01839

 Side 1  free  transition at x/c =  0.7233   63
 Side 2  free  transition at x/c =  0.9904   79

 215   rms: 0.4940E+01   max: -.9480E+02   C at   79  2   RLX: 0.005
       a =  1.500      CL =  0.5607
      Cm = -0.1197     CD =  0.02443   =>   CDf =  0.00611    CDp =  0.01832

 Side 1  free  transition at x/c =  0.7234   64
 Side 2  free  transition at x/c =  0.9914   79

 216   rms: 0.3146E+02   max: -.6037E+03   C at   79  2   RLX: 0.001
       a =  1.500      CL =  0.5607
      Cm = -0.1197     CD =  0.02439   =>   CDf =  0.00611    CDp =  0.01828

 Side 1  free  transition at x/c =  0.7234   64
 Side 2  free  transition at x/c =  0.9920   79

 217   rms: 0.5741E+01   max: 0.1101E+03   C at   80  2   RLX: 0.014
       a =  1.500      CL =  0.5600
      Cm = -0.1195     CD =  0.02449   =>   CDf =  0.00611    CDp =  0.01838

 Side 1  free  transition at x/c =  0.7233   63
 Side 2  free  transition at x/c =  0.9901   79

 218   rms: 0.3496E+01   max: -.6709E+02   C at   79  2   RLX: 0.007
       a =  1.500      CL =  0.5597
      Cm = -0.1193     CD =  0.02440   =>   CDf =  0.00611    CDp =  0.01830

 Side 1  free  transition at x/c =  0.7234   64
 Side 2  free  transition at x/c =  0.9911   79

 219   rms: 0.8485E+01   max: -.1628E+03   C at   79  2   RLX: 0.003
       a =  1.500      CL =  0.5596
      Cm = -0.1193     CD =  0.02437   =>   CDf =  0.00611    CDp =  0.01826

 Side 1  free  transition at x/c =  0.7234   63
 Side 2  free  transition at x/c =  0.9918   79

 220   rms: 0.1481E+02   max: 0.2840E+03   C at   80  2   RLX: 0.005
       a =  1.500      CL =  0.5592
      Cm = -0.1191     CD =  0.02436   =>   CDf =  0.00611    CDp =  0.01825

 Side 1  free  transition at x/c =  0.7235   64
 Side 2  free  transition at x/c =  0.9900   79

 221   rms: 0.1816E+01   max: -.3478E+02   C at   79  2   RLX: 0.014
       a =  1.500      CL =  0.5587
      Cm = -0.1190     CD =  0.02438   =>   CDf =  0.00611    CDp =  0.01827

 Side 1  free  transition at x/c =  0.7234   63
 Side 2  free  transition at x/c =  0.9908   79

 222   rms: 0.6397E+01   max: -.1228E+03   C at   79  2   RLX: 0.004
       a =  1.500      CL =  0.5585
      Cm = -0.1189     CD =  0.02435   =>   CDf =  0.00611    CDp =  0.01824

 Side 1  free  transition at x/c =  0.7234   64
 Side 2  free  transition at x/c =  0.9916   79

 223   rms: 0.2468E+02   max: 0.4735E+03   C at   79  2   RLX: 0.003
       a =  1.500      CL =  0.5583
      Cm = -0.1188     CD =  0.02432   =>   CDf =  0.00612    CDp =  0.01820

 Side 1  free  transition at x/c =  0.7234   64
 Side 2  free  transition at x/c =  0.9896   79

 224   rms: 0.1343E+01   max: -.2568E+02   C at   79  2   RLX: 0.019
       a =  1.500      CL =  0.5575
      Cm = -0.1186     CD =  0.02447   =>   CDf =  0.00611    CDp =  0.01836

 Side 1  free  transition at x/c =  0.7233   63
 Side 2  free  transition at x/c =  0.9905   79

 225   rms: 0.4386E+01   max: -.8418E+02   C at   79  2   RLX: 0.006
       a =  1.500      CL =  0.5573
      Cm = -0.1185     CD =  0.02434   =>   CDf =  0.00612    CDp =  0.01822

 Side 1  free  transition at x/c =  0.7234   63
 Side 2  free  transition at x/c =  0.9914   79

 226   rms: 0.6198E+02   max: -.1189E+04   C at   79  2   RLX: 0.000
       a =  1.500      CL =  0.5573
      Cm = -0.1185     CD =  0.02434   =>   CDf =  0.00612    CDp =  0.01822

 Side 1  free  transition at x/c =  0.7234   63
 Side 2  free  transition at x/c =  0.9921   79

 227   rms: 0.7056E+01   max: 0.1354E+03   C at   80  2   RLX: 0.011
       a =  1.500      CL =  0.5567
      Cm = -0.1182     CD =  0.02434   =>   CDf =  0.00612    CDp =  0.01822

 Side 1  free  transition at x/c =  0.7236   64
 Side 2  free  transition at x/c =  0.9904   79

 228   rms: 0.2211E+01   max: -.4238E+02   C at   79  2   RLX: 0.012
       a =  1.500      CL =  0.5563
      Cm = -0.1180     CD =  0.02422   =>   CDf =  0.00612    CDp =  0.01810

 Side 1  free  transition at x/c =  0.7235   64
 Side 2  free  transition at x/c =  0.9913   79

 229   rms: 0.1076E+02   max: -.2064E+03   C at   79  2   RLX: 0.002
       a =  1.500      CL =  0.5562
      Cm = -0.1180     CD =  0.02424   =>   CDf =  0.00612    CDp =  0.01811

 Side 1  free  transition at x/c =  0.7234   64
 Side 2  free  transition at x/c =  0.9920   79

 230   rms: 0.5104E+01   max: 0.9791E+02   C at   80  2   RLX: 0.015
       a =  1.500      CL =  0.5556
      Cm = -0.1178     CD =  0.02435   =>   CDf =  0.00612    CDp =  0.01823

 Side 1  free  transition at x/c =  0.7233   63
 Side 2  free  transition at x/c =  0.9902   79

 231   rms: 0.2798E+01   max: -.5370E+02   C at   79  2   RLX: 0.009
       a =  1.500      CL =  0.5551
      Cm = -0.1176     CD =  0.02426   =>   CDf =  0.00612    CDp =  0.01814

 Side 1  free  transition at x/c =  0.7235   64
 Side 2  free  transition at x/c =  0.9912   79

 232   rms: 0.7056E+01   max: -.1354E+03   C at   79  2   RLX: 0.004
       a =  1.500      CL =  0.5550
      Cm = -0.1176     CD =  0.02418   =>   CDf =  0.00613    CDp =  0.01805

 Side 1  free  transition at x/c =  0.7234   64
 Side 2  free  transition at x/c =  0.9919   79

 233   rms: 0.6543E+01   max: 0.1255E+03   C at   80  2   RLX: 0.012
       a =  1.500      CL =  0.5545
      Cm = -0.1174     CD =  0.02427   =>   CDf =  0.00613    CDp =  0.01814

 Side 1  free  transition at x/c =  0.7234   63
 Side 2  free  transition at x/c =  0.9900   79

 234   rms: 0.2310E+01   max: -.4433E+02   C at   79  2   RLX: 0.011
       a =  1.500      CL =  0.5540
      Cm = -0.1171     CD =  0.02419   =>   CDf =  0.00613    CDp =  0.01807

 Side 1  free  transition at x/c =  0.7235   64
 Side 2  free  transition at x/c =  0.9911   79

 235   rms: 0.4902E+01   max: -.9405E+02   C at   79  2   RLX: 0.005
       a =  1.500      CL =  0.5539
      Cm = -0.1171     CD =  0.02407   =>   CDf =  0.00613    CDp =  0.01793

 Side 1  free  transition at x/c =  0.7235   64
 Side 2  free  transition at x/c =  0.9918   79

 236   rms: 0.8753E+01   max: 0.1679E+03   C at   80  2   RLX: 0.009
       a =  1.500      CL =  0.5535
      Cm = -0.1170     CD =  0.02413   =>   CDf =  0.00614    CDp =  0.01800

 Side 1  free  transition at x/c =  0.7234   64
 Side 2  free  transition at x/c =  0.9900   79

 237   rms: 0.1354E+01   max: -.2589E+02   C at   79  2   RLX: 0.019
       a =  1.500      CL =  0.5528
      Cm = -0.1167     CD =  0.02425   =>   CDf =  0.00613    CDp =  0.01812

 Side 1  free  transition at x/c =  0.7233   63
 Side 2  free  transition at x/c =  0.9910   79

 238   rms: 0.6251E+01   max: -.1200E+03   C at   79  2   RLX: 0.004
       a =  1.500      CL =  0.5527
      Cm = -0.1167     CD =  0.02412   =>   CDf =  0.00614    CDp =  0.01798

 Side 1  free  transition at x/c =  0.7233   63
 Side 2  free  transition at x/c =  0.9918   79

 239   rms: 0.1642E+02   max: 0.3151E+03   C at   80  2   RLX: 0.005
       a =  1.500      CL =  0.5524
      Cm = -0.1165     CD =  0.02412   =>   CDf =  0.00614    CDp =  0.01798

 Side 1  free  transition at x/c =  0.7234   64
 Side 2  free  transition at x/c =  0.9899   79

 240   rms: 0.1238E+01   max: -.2364E+02   C at   79  2   RLX: 0.021
       a =  1.500      CL =  0.5516
      Cm = -0.1163     CD =  0.02419   =>   CDf =  0.00614    CDp =  0.01805

 Side 1  free  transition at x/c =  0.7233   63
 Side 2  free  transition at x/c =  0.9910   79

 241   rms: 0.5858E+01   max: -.1124E+03   C at   79  2   RLX: 0.004
       a =  1.500      CL =  0.5515
      Cm = -0.1162     CD =  0.02404   =>   CDf =  0.00614    CDp =  0.01790

 Side 1  free  transition at x/c =  0.7233   63
 Side 2  free  transition at x/c =  0.9917   79

 242   rms: 0.1854E+02   max: 0.3557E+03   C at   80  2   RLX: 0.004
       a =  1.500      CL =  0.5513
      Cm = -0.1161     CD =  0.02404   =>   CDf =  0.00615    CDp =  0.01789

 Side 1  free  transition at x/c =  0.7234   63
 Side 2  free  transition at x/c =  0.9899   79

 243   rms: 0.1958E+01   max: -.3756E+02   C at   79  2   RLX: 0.013
       a =  1.500      CL =  0.5506
      Cm = -0.1158     CD =  0.02401   =>   CDf =  0.00614    CDp =  0.01787

 Side 1  free  transition at x/c =  0.7236   64
 Side 2  free  transition at x/c =  0.9910   79

 244   rms: 0.3335E+01   max: -.6396E+02   C at   79  2   RLX: 0.008
       a =  1.500      CL =  0.5505
      Cm = -0.1157     CD =  0.02379   =>   CDf =  0.00615    CDp =  0.01764

 Side 1  free  transition at x/c =  0.7236   64
 Side 2  free  transition at x/c =  0.9917   79

 245   rms: 0.1615E+02   max: 0.3099E+03   C at   80  2   RLX: 0.005
       a =  1.500      CL =  0.5503
      Cm = -0.1157     CD =  0.02382   =>   CDf =  0.00615    CDp =  0.01767

 Side 1  free  transition at x/c =  0.7235   64
 Side 2  free  transition at x/c =  0.9898   79

 246   rms: 0.1137E+01   max: -.2168E+02   C at   79  2   RLX: 0.023
       a =  1.500      CL =  0.5495
      Cm = -0.1154     CD =  0.02397   =>   CDf =  0.00615    CDp =  0.01782

 Side 1  free  transition at x/c =  0.7233   63
 Side 2  free  transition at x/c =  0.9910   79

 247   rms: 0.5282E+01   max: -.1014E+03   C at   79  2   RLX: 0.005
       a =  1.500      CL =  0.5494
      Cm = -0.1153     CD =  0.02389   =>   CDf =  0.00616    CDp =  0.01774

 Side 1  free  transition at x/c =  0.7234   63
 Side 2  free  transition at x/c =  0.9917   79

 248   rms: 0.2503E+02   max: 0.4803E+03   C at   80  2   RLX: 0.003
       a =  1.500      CL =  0.5492
      Cm = -0.1152     CD =  0.02389   =>   CDf =  0.00616    CDp =  0.01773

 Side 1  free  transition at x/c =  0.7235   64
 Side 2  free  transition at x/c =  0.9899   79

 249   rms: 0.1155E+01   max: -.2204E+02   C at   79  2   RLX: 0.023
       a =  1.500      CL =  0.5484
      Cm = -0.1150     CD =  0.02395   =>   CDf =  0.00616    CDp =  0.01779

 Side 1  free  transition at x/c =  0.7233   63
 Side 2  free  transition at x/c =  0.9911   79

 250   rms: 0.6143E+01   max: -.1179E+03   C at   79  2   RLX: 0.004
       a =  1.500      CL =  0.5484
      Cm = -0.1150     CD =  0.02383   =>   CDf =  0.00616    CDp =  0.01767

 Side 1  free  transition at x/c =  0.7234   63
 Side 2  free  transition at x/c =  0.9918   79

 251   rms: 0.1693E+02   max: 0.3249E+03   C at   80  2   RLX: 0.005
       a =  1.500      CL =  0.5481
      Cm = -0.1148     CD =  0.02383   =>   CDf =  0.00616    CDp =  0.01766

 Side 1  free  transition at x/c =  0.7234   64
 Side 2  free  transition at x/c =  0.9900   79

 252   rms: 0.1222E+01   max: -.2333E+02   C at   79  2   RLX: 0.021
       a =  1.500      CL =  0.5474
      Cm = -0.1146     CD =  0.02391   =>   CDf =  0.00616    CDp =  0.01774

 Side 1  free  transition at x/c =  0.7233   63
 Side 2  free  transition at x/c =  0.9911   79

 253   rms: 0.5977E+01   max: -.1147E+03   C at   79  2   RLX: 0.004
       a =  1.500      CL =  0.5474
      Cm = -0.1146     CD =  0.02376   =>   CDf =  0.00617    CDp =  0.01760

 Side 1  free  transition at x/c =  0.7233   63
 Side 2  free  transition at x/c =  0.9918   79

 254   rms: 0.1729E+02   max: 0.3318E+03   C at   80  2   RLX: 0.005
       a =  1.500      CL =  0.5471
      Cm = -0.1145     CD =  0.02376   =>   CDf =  0.00617    CDp =  0.01759

 Side 1  free  transition at x/c =  0.7234   63
 Side 2  free  transition at x/c =  0.9900   79

 255   rms: 0.2039E+01   max: -.3911E+02   C at   79  2   RLX: 0.013
       a =  1.500      CL =  0.5465
      Cm = -0.1141     CD =  0.02369   =>   CDf =  0.00617    CDp =  0.01752

 Side 1  free  transition at x/c =  0.7236   64
 Side 2  free  transition at x/c =  0.9910   79

 256   rms: 0.3437E+01   max: -.6590E+02   C at   79  2   RLX: 0.008
       a =  1.500      CL =  0.5464
      Cm = -0.1141     CD =  0.02352   =>   CDf =  0.00618    CDp =  0.01734

 Side 1  free  transition at x/c =  0.7236   64
 Side 2  free  transition at x/c =  0.9918   79

 257   rms: 0.1335E+02   max: 0.2562E+03   C at   80  2   RLX: 0.006
       a =  1.500      CL =  0.5462
      Cm = -0.1141     CD =  0.02356   =>   CDf =  0.00618    CDp =  0.01738

 Side 1  free  transition at x/c =  0.7235   64
 Side 2  free  transition at x/c =  0.9900   79

 258   rms: 0.1189E+01   max: -.2267E+02   C at   79  2   RLX: 0.022
       a =  1.500      CL =  0.5456
      Cm = -0.1139     CD =  0.02371   =>   CDf =  0.00617    CDp =  0.01753

 Side 1  free  transition at x/c =  0.7233   63
 Side 2  free  transition at x/c =  0.9912   79

 259   rms: 0.7091E+01   max: -.1361E+03   C at   79  2   RLX: 0.004
       a =  1.500      CL =  0.5455
      Cm = -0.1138     CD =  0.02363   =>   CDf =  0.00618    CDp =  0.01745

 Side 1  free  transition at x/c =  0.7234   63
 Side 2  free  transition at x/c =  0.9919   79

 260   rms: 0.1307E+02   max: 0.2507E+03   C at   80  2   RLX: 0.006
       a =  1.500      CL =  0.5452
      Cm = -0.1137     CD =  0.02363   =>   CDf =  0.00618    CDp =  0.01745

 Side 1  free  transition at x/c =  0.7235   64
 Side 2  free  transition at x/c =  0.9901   79

 261   rms: 0.1275E+01   max: -.2434E+02   C at   79  2   RLX: 0.021
       a =  1.500      CL =  0.5447
      Cm = -0.1135     CD =  0.02365   =>   CDf =  0.00618    CDp =  0.01747

 Side 1  free  transition at x/c =  0.7233   63
 Side 2  free  transition at x/c =  0.9912   79

 262   rms: 0.7441E+01   max: -.1428E+03   C at   79  2   RLX: 0.004
       a =  1.500      CL =  0.5446
      Cm = -0.1135     CD =  0.02357   =>   CDf =  0.00619    CDp =  0.01738

 Side 1  free  transition at x/c =  0.7234   63
 Side 2  free  transition at x/c =  0.9919   79

 263   rms: 0.1288E+02   max: 0.2470E+03   C at   80  2   RLX: 0.006
       a =  1.500      CL =  0.5443
      Cm = -0.1133     CD =  0.02357   =>   CDf =  0.00619    CDp =  0.01738

 Side 1  free  transition at x/c =  0.7235   64
 Side 2  free  transition at x/c =  0.9901   79

 264   rms: 0.1278E+01   max: -.2438E+02   C at   79  2   RLX: 0.021
       a =  1.500      CL =  0.5438
      Cm = -0.1131     CD =  0.02360   =>   CDf =  0.00619    CDp =  0.01741

 Side 1  free  transition at x/c =  0.7233   63
 Side 2  free  transition at x/c =  0.9912   79

 265   rms: 0.7979E+01   max: -.1531E+03   C at   79  2   RLX: 0.003
       a =  1.500      CL =  0.5437
      Cm = -0.1131     CD =  0.02351   =>   CDf =  0.00619    CDp =  0.01732

 Side 1  free  transition at x/c =  0.7234   63
 Side 2  free  transition at x/c =  0.9919   79

 266   rms: 0.1198E+02   max: 0.2298E+03   C at   80  2   RLX: 0.007
       a =  1.500      CL =  0.5434
      Cm = -0.1130     CD =  0.02351   =>   CDf =  0.00619    CDp =  0.01732

 Side 1  free  transition at x/c =  0.7235   64
 Side 2  free  transition at x/c =  0.9902   79

 267   rms: 0.1283E+01   max: -.2448E+02   C at   79  2   RLX: 0.020
       a =  1.500      CL =  0.5429
      Cm = -0.1128     CD =  0.02354   =>   CDf =  0.00619    CDp =  0.01735

 Side 1  free  transition at x/c =  0.7233   63
 Side 2  free  transition at x/c =  0.9912   79

 268   rms: 0.7400E+01   max: -.1420E+03   C at   79  2   RLX: 0.004
       a =  1.500      CL =  0.5428
      Cm = -0.1128     CD =  0.02345   =>   CDf =  0.00620    CDp =  0.01726

 Side 1  free  transition at x/c =  0.7234   63
 Side 2  free  transition at x/c =  0.9919   79

 269   rms: 0.1331E+02   max: 0.2554E+03   C at   80  2   RLX: 0.006
       a =  1.500      CL =  0.5426
      Cm = -0.1126     CD =  0.02345   =>   CDf =  0.00620    CDp =  0.01725

 Side 1  free  transition at x/c =  0.7235   64
 Side 2  free  transition at x/c =  0.9902   79

 270   rms: 0.1289E+01   max: -.2460E+02   C at   79  2   RLX: 0.020
       a =  1.500      CL =  0.5421
      Cm = -0.1125     CD =  0.02349   =>   CDf =  0.00620    CDp =  0.01729

 Side 1  free  transition at x/c =  0.7233   63
 Side 2  free  transition at x/c =  0.9912   79

 271   rms: 0.7692E+01   max: -.1476E+03   C at   79  2   RLX: 0.003
       a =  1.500      CL =  0.5420
      Cm = -0.1124     CD =  0.02340   =>   CDf =  0.00620    CDp =  0.01720

 Side 1  free  transition at x/c =  0.7234   63
 Side 2  free  transition at x/c =  0.9919   79

 272   rms: 0.1230E+02   max: 0.2360E+03   C at   80  2   RLX: 0.006
       a =  1.500      CL =  0.5417
      Cm = -0.1123     CD =  0.02340   =>   CDf =  0.00620    CDp =  0.01720

 Side 1  free  transition at x/c =  0.7235   64
 Side 2  free  transition at x/c =  0.9902   79

 273   rms: 0.1284E+01   max: -.2450E+02   C at   79  2   RLX: 0.020
       a =  1.500      CL =  0.5412
      Cm = -0.1121     CD =  0.02344   =>   CDf =  0.00620    CDp =  0.01723

 Side 1  free  transition at x/c =  0.7233   63
 Side 2  free  transition at x/c =  0.9913   79

 274   rms: 0.7676E+01   max: -.1473E+03   C at   79  2   RLX: 0.003
       a =  1.500      CL =  0.5412
      Cm = -0.1121     CD =  0.02335   =>   CDf =  0.00621    CDp =  0.01714

 Side 1  free  transition at x/c =  0.7234   63
 Side 2  free  transition at x/c =  0.9919   79

 275   rms: 0.1341E+02   max: 0.2573E+03   C at   80  2   RLX: 0.006
       a =  1.500      CL =  0.5409
      Cm = -0.1120     CD =  0.02335   =>   CDf =  0.00621    CDp =  0.01714

 Side 1  free  transition at x/c =  0.7235   64
 Side 2  free  transition at x/c =  0.9902   79

 276   rms: 0.1270E+01   max: -.2423E+02   C at   79  2   RLX: 0.021
       a =  1.500      CL =  0.5405
      Cm = -0.1118     CD =  0.02340   =>   CDf =  0.00621    CDp =  0.01719

 Side 1  free  transition at x/c =  0.7233   63
 Side 2  free  transition at x/c =  0.9913   79

 277   rms: 0.7522E+01   max: -.1443E+03   C at   79  2   RLX: 0.003
       a =  1.500      CL =  0.5404
      Cm = -0.1118     CD =  0.02330   =>   CDf =  0.00621    CDp =  0.01709

 Side 1  free  transition at x/c =  0.7234   63
 Side 2  free  transition at x/c =  0.9919   79

 278   rms: 0.1275E+02   max: 0.2446E+03   C at   80  2   RLX: 0.006
       a =  1.500      CL =  0.5402
      Cm = -0.1117     CD =  0.02330   =>   CDf =  0.00621    CDp =  0.01709

 Side 1  free  transition at x/c =  0.7235   64
 Side 2  free  transition at x/c =  0.9902   79

 279   rms: 0.1258E+01   max: -.2399E+02   C at   79  2   RLX: 0.021
       a =  1.500      CL =  0.5397
      Cm = -0.1115     CD =  0.02335   =>   CDf =  0.00621    CDp =  0.01714

 Side 1  free  transition at x/c =  0.7233   63
 Side 2  free  transition at x/c =  0.9913   79

 280   rms: 0.8094E+01   max: -.1553E+03   C at   79  2   RLX: 0.003
       a =  1.500      CL =  0.5397
      Cm = -0.1115     CD =  0.02325   =>   CDf =  0.00622    CDp =  0.01703

 Side 1  free  transition at x/c =  0.7234   63
 Side 2  free  transition at x/c =  0.9920   79

 281   rms: 0.1155E+02   max: 0.2215E+03   C at   80  2   RLX: 0.007
       a =  1.500      CL =  0.5394
      Cm = -0.1114     CD =  0.02325   =>   CDf =  0.00622    CDp =  0.01703

 Side 1  free  transition at x/c =  0.7235   64
 Side 2  free  transition at x/c =  0.9902   79

 282   rms: 0.1290E+01   max: -.2461E+02   C at   79  2   RLX: 0.020
       a =  1.500      CL =  0.5389
      Cm = -0.1112     CD =  0.02330   =>   CDf =  0.00622    CDp =  0.01708

 Side 1  free  transition at x/c =  0.7233   63
 Side 2  free  transition at x/c =  0.9913   79

 283   rms: 0.7747E+01   max: -.1487E+03   C at   79  2   RLX: 0.003
       a =  1.500      CL =  0.5389
      Cm = -0.1112     CD =  0.02320   =>   CDf =  0.00622    CDp =  0.01698

 Side 1  free  transition at x/c =  0.7234   63
 Side 2  free  transition at x/c =  0.9919   79

 284   rms: 0.1221E+02   max: 0.2342E+03   C at   80  2   RLX: 0.006
       a =  1.500      CL =  0.5387
      Cm = -0.1111     CD =  0.02320   =>   CDf =  0.00622    CDp =  0.01698

 Side 1  free  transition at x/c =  0.7235   64
 Side 2  free  transition at x/c =  0.9903   79

 285   rms: 0.1283E+01   max: -.2447E+02   C at   79  2   RLX: 0.020
       a =  1.500      CL =  0.5382
      Cm = -0.1109     CD =  0.02325   =>   CDf =  0.00622    CDp =  0.01703

 Side 1  free  transition at x/c =  0.7233   63
 Side 2  free  transition at x/c =  0.9913   79

 286   rms: 0.7821E+01   max: -.1501E+03   C at   79  2   RLX: 0.003
       a =  1.500      CL =  0.5382
      Cm = -0.1109     CD =  0.02315   =>   CDf =  0.00623    CDp =  0.01693

 Side 1  free  transition at x/c =  0.7234   63
 Side 2  free  transition at x/c =  0.9920   79

 287   rms: 0.1198E+02   max: 0.2298E+03   C at   80  2   RLX: 0.007
       a =  1.500      CL =  0.5379
      Cm = -0.1108     CD =  0.02315   =>   CDf =  0.00623    CDp =  0.01693

 Side 1  free  transition at x/c =  0.7235   64
 Side 2  free  transition at x/c =  0.9903   79

 288   rms: 0.1286E+01   max: -.2452E+02   C at   79  2   RLX: 0.020
       a =  1.500      CL =  0.5375
      Cm = -0.1107     CD =  0.02320   =>   CDf =  0.00623    CDp =  0.01697

 Side 1  free  transition at x/c =  0.7233   63
 Side 2  free  transition at x/c =  0.9913   79

 289   rms: 0.8519E+01   max: -.1635E+03   C at   79  2   RLX: 0.003
       a =  1.500      CL =  0.5375
      Cm = -0.1106     CD =  0.02311   =>   CDf =  0.00623    CDp =  0.01688

 Side 1  free  transition at x/c =  0.7234   63
 Side 2  free  transition at x/c =  0.9920   79

 290   rms: 0.1085E+02   max: 0.2082E+03   C at   80  2   RLX: 0.007
       a =  1.500      CL =  0.5372
      Cm = -0.1105     CD =  0.02311   =>   CDf =  0.00623    CDp =  0.01688

 Side 1  free  transition at x/c =  0.7235   64
 Side 2  free  transition at x/c =  0.9903   79

 291   rms: 0.1296E+01   max: -.2471E+02   C at   79  2   RLX: 0.020
       a =  1.500      CL =  0.5368
      Cm = -0.1104     CD =  0.02315   =>   CDf =  0.00623    CDp =  0.01691

 Side 1  free  transition at x/c =  0.7233   63
 Side 2  free  transition at x/c =  0.9914   79

 292   rms: 0.8755E+01   max: -.1680E+03   C at   79  2   RLX: 0.003
       a =  1.500      CL =  0.5368
      Cm = -0.1104     CD =  0.02306   =>   CDf =  0.00624    CDp =  0.01683

 Side 1  free  transition at x/c =  0.7234   63
 Side 2  free  transition at x/c =  0.9920   79

 293   rms: 0.1061E+02   max: 0.2035E+03   C at   80  2   RLX: 0.007
       a =  1.500      CL =  0.5365
      Cm = -0.1102     CD =  0.02306   =>   CDf =  0.00624    CDp =  0.01683

 Side 1  free  transition at x/c =  0.7235   64
 Side 2  free  transition at x/c =  0.9904   79

 294   rms: 0.1352E+01   max: -.2579E+02   C at   79  2   RLX: 0.019
       a =  1.500      CL =  0.5362
      Cm = -0.1101     CD =  0.02309   =>   CDf =  0.00624    CDp =  0.01685

 Side 1  free  transition at x/c =  0.7233   63
 Side 2  free  transition at x/c =  0.9914   79

 295   rms: 0.9362E+01   max: -.1796E+03   C at   79  2   RLX: 0.003
       a =  1.500      CL =  0.5362
      Cm = -0.1101     CD =  0.02302   =>   CDf =  0.00624    CDp =  0.01678

 Side 1  free  transition at x/c =  0.7234   63
 Side 2  free  transition at x/c =  0.9920   79

 296   rms: 0.9976E+01   max: 0.1914E+03   C at   80  2   RLX: 0.008
       a =  1.500      CL =  0.5359
      Cm = -0.1099     CD =  0.02302   =>   CDf =  0.00624    CDp =  0.01678

 Side 1  free  transition at x/c =  0.7235   64
 Side 2  free  transition at x/c =  0.9904   79

 297   rms: 0.1380E+01   max: -.2633E+02   C at   79  2   RLX: 0.019
       a =  1.500      CL =  0.5356
      Cm = -0.1099     CD =  0.02302   =>   CDf =  0.00624    CDp =  0.01678

 Side 1  free  transition at x/c =  0.7234   63
 Side 2  free  transition at x/c =  0.9914   79

 298   rms: 0.9737E+01   max: -.1868E+03   C at   79  2   RLX: 0.003
       a =  1.500      CL =  0.5355
      Cm = -0.1098     CD =  0.02297   =>   CDf =  0.00624    CDp =  0.01673

 Side 1  free  transition at x/c =  0.7234   63
 Side 2  free  transition at x/c =  0.9920   79

 299   rms: 0.9863E+01   max: 0.1892E+03   C at   80  2   RLX: 0.008
       a =  1.500      CL =  0.5352
      Cm = -0.1097     CD =  0.02297   =>   CDf =  0.00625    CDp =  0.01673

 Side 1  free  transition at x/c =  0.7235   64
 Side 2  free  transition at x/c =  0.9904   79

 300   rms: 0.1376E+01   max: -.2625E+02   C at   79  2   RLX: 0.019
       a =  1.500      CL =  0.5349
      Cm = -0.1096     CD =  0.02296   =>   CDf =  0.00625    CDp =  0.01671

 Side 1  free  transition at x/c =  0.7234   63
 Side 2  free  transition at x/c =  0.9913   79

 301   rms: 0.7802E+01   max: -.1497E+03   C at   79  2   RLX: 0.003
       a =  1.500      CL =  0.5349
      Cm = -0.1096     CD =  0.02293   =>   CDf =  0.00625    CDp =  0.01668

 Side 1  free  transition at x/c =  0.7234   64
 Side 2  free  transition at x/c =  0.9920   79

 302   rms: 0.7006E+01   max: 0.1344E+03   C at   80  2   RLX: 0.011
       a =  1.500      CL =  0.5346
      Cm = -0.1095     CD =  0.02298   =>   CDf =  0.00625    CDp =  0.01673

 Side 1  free  transition at x/c =  0.7233   63
 Side 2  free  transition at x/c =  0.9904   79

 303   rms: 0.2228E+01   max: -.4272E+02   C at   79  2   RLX: 0.012
       a =  1.500      CL =  0.5343
      Cm = -0.1093     CD =  0.02291   =>   CDf =  0.00625    CDp =  0.01666

 Side 1  free  transition at x/c =  0.7236   64
 Side 2  free  transition at x/c =  0.9913   79

 304   rms: 0.4303E+01   max: -.8250E+02   C at   79  2   RLX: 0.006
       a =  1.500      CL =  0.5343
      Cm = -0.1093     CD =  0.02279   =>   CDf =  0.00625    CDp =  0.01653

 Side 1  free  transition at x/c =  0.7235   64
 Side 2  free  transition at x/c =  0.9919   79

 305   rms: 0.9345E+01   max: 0.1792E+03   C at   79  2   RLX: 0.008
       a =  1.500      CL =  0.5341
      Cm = -0.1093     CD =  0.02286   =>   CDf =  0.00625    CDp =  0.01660
 VISCAL:  Convergence failed
 Calculating wake trajectory ...
 Calculating source influence matrix ...

 Solving BL system ...

 Side 1  free  transition at x/c =  0.7234   64
 Side 2  free  transition at x/c =  0.9903   79

   1   rms: 0.2507E+01   max: -.4799E+02   C at   79  2   RLX: 0.010
       a =  2.000      CL =  0.5327
      Cm = -0.1088     CD =  0.02291   =>   CDf =  0.00626    CDp =  0.01666

 Side 1  free  transition at x/c =  0.7233   63
 Side 2  free  transition at x/c =  0.9914   79

   2   rms: 0.1631E+02   max: -.3130E+03   C at   79  2   RLX: 0.002
       a =  2.000      CL =  0.5325
      Cm = -0.1088     CD =  0.02280   =>   CDf =  0.00627    CDp =  0.01654

 Side 1  free  transition at x/c =  0.7233   63
 Side 2  free  transition at x/c =  0.9921   79

   3   rms: 0.1665E+02   max: 0.3195E+03   C at   80  2   RLX: 0.005
       a =  2.000      CL =  0.5318
      Cm = -0.1084     CD =  0.02278   =>   CDf =  0.00627    CDp =  0.01651

 Side 1  free  transition at x/c =  0.7235   64
 Side 2  free  transition at x/c =  0.9906   79

   4   rms: 0.3026E+01   max: -.5797E+02   C at   79  2   RLX: 0.009
       a =  2.000      CL =  0.5307
      Cm = -0.1081     CD =  0.02272   =>   CDf =  0.00627    CDp =  0.01645

 Side 1  free  transition at x/c =  0.7234   63
 Side 2  free  transition at x/c =  0.9915   79

   5   rms: 0.1919E+02   max: -.3682E+03   C at   79  2   RLX: 0.001
       a =  2.000      CL =  0.5306
      Cm = -0.1080     CD =  0.02266   =>   CDf =  0.00628    CDp =  0.01639

 Side 1  free  transition at x/c =  0.7234   63
 Side 2  free  transition at x/c =  0.9921   79

   6   rms: 0.1525E+02   max: 0.2925E+03   C at   80  2   RLX: 0.005
       a =  2.000      CL =  0.5298
      Cm = -0.1076     CD =  0.02264   =>   CDf =  0.00628    CDp =  0.01636

 Side 1  free  transition at x/c =  0.7235   64
 Side 2  free  transition at x/c =  0.9906   79

   7   rms: 0.3010E+01   max: -.5766E+02   C at   79  2   RLX: 0.009
       a =  2.000      CL =  0.5288
      Cm = -0.1073     CD =  0.02253   =>   CDf =  0.00628    CDp =  0.01625

 Side 1  free  transition at x/c =  0.7234   64
 Side 2  free  transition at x/c =  0.9914   79

   8   rms: 0.9260E+01   max: -.1777E+03   C at   79  2   RLX: 0.003
       a =  2.000      CL =  0.5285
      Cm = -0.1072     CD =  0.02255   =>   CDf =  0.00629    CDp =  0.01626

 Side 1  free  transition at x/c =  0.7234   63
 Side 2  free  transition at x/c =  0.9920   79

   9   rms: 0.2213E+02   max: 0.4245E+03   C at   80  2   RLX: 0.004
       a =  2.000      CL =  0.5280
      Cm = -0.1070     CD =  0.02251   =>   CDf =  0.00629    CDp =  0.01622

 Side 1  free  transition at x/c =  0.7235   64
 Side 2  free  transition at x/c =  0.9904   79

  10   rms: 0.2574E+01   max: -.4928E+02   C at   79  2   RLX: 0.010
       a =  2.000      CL =  0.5268
      Cm = -0.1066     CD =  0.02248   =>   CDf =  0.00629    CDp =  0.01619

 Side 1  free  transition at x/c =  0.7233   63
 Side 2  free  transition at x/c =  0.9912   79

  11   rms: 0.9502E+01   max: -.1823E+03   C at   79  2   RLX: 0.003
       a =  2.000      CL =  0.5265
      Cm = -0.1064     CD =  0.02241   =>   CDf =  0.00630    CDp =  0.01611

 Side 1  free  transition at x/c =  0.7234   64
 Side 2  free  transition at x/c =  0.9919   79

  12   rms: 0.3079E+02   max: 0.5906E+03   C at   80  2   RLX: 0.003
       a =  2.000      CL =  0.5262
      Cm = -0.1063     CD =  0.02240   =>   CDf =  0.00630    CDp =  0.01610

 Side 1  free  transition at x/c =  0.7234   63
 Side 2  free  transition at x/c =  0.9902   79

  13   rms: 0.3408E+01   max: -.6530E+02   C at   79  2   RLX: 0.008
       a =  2.000      CL =  0.5251
      Cm = -0.1058     CD =  0.02231   =>   CDf =  0.00630    CDp =  0.01602

 Side 1  free  transition at x/c =  0.7236   64
 Side 2  free  transition at x/c =  0.9911   79

  14   rms: 0.4467E+01   max: -.8566E+02   C at   79  2   RLX: 0.006
       a =  2.000      CL =  0.5246
      Cm = -0.1056     CD =  0.02216   =>   CDf =  0.00631    CDp =  0.01585

 Side 1  free  transition at x/c =  0.7235   64
 Side 2  free  transition at x/c =  0.9917   79

  15   rms: 0.3220E+02   max: -.6177E+03   C at   79  2   RLX: 0.001
       a =  2.000      CL =  0.5245
      Cm = -0.1056     CD =  0.02216   =>   CDf =  0.00631    CDp =  0.01585

 Side 1  free  transition at x/c =  0.7235   64
 Side 2  free  transition at x/c =  0.9923   79

  16   rms: 0.7084E+01   max: 0.1359E+03   C at   80  2   RLX: 0.011
       a =  2.000      CL =  0.5232
      Cm = -0.1052     CD =  0.02225   =>   CDf =  0.00631    CDp =  0.01594

 Side 1  free  transition at x/c =  0.7234   63
 Side 2  free  transition at x/c =  0.9906   79

  17   rms: 0.4483E+01   max: -.8597E+02   C at   79  2   RLX: 0.006
       a =  2.000      CL =  0.5225
      Cm = -0.1048     CD =  0.02215   =>   CDf =  0.00631    CDp =  0.01584

 Side 1  free  transition at x/c =  0.7235   64
 Side 2  free  transition at x/c =  0.9914   79

  18   rms: 0.7143E+01   max: -.1370E+03   C at   79  2   RLX: 0.004
       a =  2.000      CL =  0.5221
      Cm = -0.1047     CD =  0.02205   =>   CDf =  0.00632    CDp =  0.01572

 Side 1  free  transition at x/c =  0.7235   64
 Side 2  free  transition at x/c =  0.9920   79

  19   rms: 0.2695E+02   max: 0.5169E+03   C at   80  2   RLX: 0.003
       a =  2.000      CL =  0.5218
      Cm = -0.1046     CD =  0.02207   =>   CDf =  0.00632    CDp =  0.01574

 Side 1  free  transition at x/c =  0.7234   64
 Side 2  free  transition at x/c =  0.9903   79

  20   rms: 0.2125E+01   max: -.4061E+02   C at   79  2   RLX: 0.012
       a =  2.000      CL =  0.5204
      Cm = -0.1041     CD =  0.02215   =>   CDf =  0.00632    CDp =  0.01583

 Side 1  free  transition at x/c =  0.7233   63
 Side 2  free  transition at x/c =  0.9909   79

  21   rms: 0.5664E+01   max: -.1086E+03   C at   79  2   RLX: 0.005
       a =  2.000      CL =  0.5200
      Cm = -0.1039     CD =  0.02201   =>   CDf =  0.00633    CDp =  0.01568

 Side 1  free  transition at x/c =  0.7234   63
 Side 2  free  transition at x/c =  0.9916   79

  22   rms: 0.1908E+02   max: -.3661E+03   C at   79  2   RLX: 0.001
       a =  2.000      CL =  0.5198
      Cm = -0.1038     CD =  0.02196   =>   CDf =  0.00634    CDp =  0.01562

 Side 1  free  transition at x/c =  0.7234   64
 Side 2  free  transition at x/c =  0.9921   79

  23   rms: 0.1061E+02   max: 0.2035E+03   C at   80  2   RLX: 0.007
       a =  2.000      CL =  0.5190
      Cm = -0.1035     CD =  0.02199   =>   CDf =  0.00634    CDp =  0.01565

 Side 1  free  transition at x/c =  0.7233   63
 Side 2  free  transition at x/c =  0.9905   79

  24   rms: 0.3933E+01   max: -.7539E+02   C at   79  2   RLX: 0.007
       a =  2.000      CL =  0.5182
      Cm = -0.1031     CD =  0.02188   =>   CDf =  0.00634    CDp =  0.01554

 Side 1  free  transition at x/c =  0.7235   64
 Side 2  free  transition at x/c =  0.9914   79

  25   rms: 0.6592E+01   max: -.1264E+03   C at   79  2   RLX: 0.004
       a =  2.000      CL =  0.5179
      Cm = -0.1030     CD =  0.02177   =>   CDf =  0.00635    CDp =  0.01542

 Side 1  free  transition at x/c =  0.7235   64
 Side 2  free  transition at x/c =  0.9920   79

  26   rms: 0.2981E+02   max: 0.5719E+03   C at   80  2   RLX: 0.003
       a =  2.000      CL =  0.5176
      Cm = -0.1029     CD =  0.02179   =>   CDf =  0.00635    CDp =  0.01544

 Side 1  free  transition at x/c =  0.7234   64
 Side 2  free  transition at x/c =  0.9903   79

  27   rms: 0.2124E+01   max: -.4058E+02   C at   79  2   RLX: 0.012
       a =  2.000      CL =  0.5163
      Cm = -0.1025     CD =  0.02188   =>   CDf =  0.00634    CDp =  0.01553

 Side 1  free  transition at x/c =  0.7233   63
 Side 2  free  transition at x/c =  0.9913   79

  28   rms: 0.8105E+01   max: -.1555E+03   C at   79  2   RLX: 0.003
       a =  2.000      CL =  0.5160
      Cm = -0.1024     CD =  0.02175   =>   CDf =  0.00635    CDp =  0.01540

 Side 1  free  transition at x/c =  0.7234   63
 Side 2  free  transition at x/c =  0.9919   79

  29   rms: 0.9850E+02   max: 0.1890E+04   C at   80  2   RLX: 0.001
       a =  2.000      CL =  0.5159
      Cm = -0.1023     CD =  0.02174   =>   CDf =  0.00636    CDp =  0.01539

 Side 1  free  transition at x/c =  0.7234   63
 Side 2  free  transition at x/c =  0.9903   79

  30   rms: 0.3268E+01   max: -.6260E+02   C at   79  2   RLX: 0.008
       a =  2.000      CL =  0.5149
      Cm = -0.1018     CD =  0.02169   =>   CDf =  0.00635    CDp =  0.01534

 Side 1  free  transition at x/c =  0.7236   64
 Side 2  free  transition at x/c =  0.9912   79

  31   rms: 0.4678E+01   max: -.8968E+02   C at   79  2   RLX: 0.006
       a =  2.000      CL =  0.5145
      Cm = -0.1017     CD =  0.02149   =>   CDf =  0.00637    CDp =  0.01513

 Side 1  free  transition at x/c =  0.7235   64
 Side 2  free  transition at x/c =  0.9918   79

  32   rms: 0.4388E+02   max: -.8418E+03   C at   79  2   RLX: 0.001
       a =  2.000      CL =  0.5144
      Cm = -0.1017     CD =  0.02150   =>   CDf =  0.00637    CDp =  0.01513

 Side 1  free  transition at x/c =  0.7235   64
 Side 2  free  transition at x/c =  0.9923   79

  33   rms: 0.6420E+01   max: 0.1231E+03   C at   80  2   RLX: 0.012
       a =  2.000      CL =  0.5132
      Cm = -0.1013     CD =  0.02161   =>   CDf =  0.00637    CDp =  0.01524

 Side 1  free  transition at x/c =  0.7234   63
 Side 2  free  transition at x/c =  0.9909   79

  34   rms: 0.4809E+01   max: -.9221E+02   C at   79  2   RLX: 0.005
       a =  2.000      CL =  0.5126
      Cm = -0.1009     CD =  0.02152   =>   CDf =  0.00637    CDp =  0.01515

 Side 1  free  transition at x/c =  0.7235   64
 Side 2  free  transition at x/c =  0.9916   79

  35   rms: 0.1098E+02   max: -.2106E+03   C at   79  2   RLX: 0.002
       a =  2.000      CL =  0.5124
      Cm = -0.1009     CD =  0.02142   =>   CDf =  0.00638    CDp =  0.01504

 Side 1  free  transition at x/c =  0.7235   64
 Side 2  free  transition at x/c =  0.9922   79

  36   rms: 0.1082E+02   max: 0.2075E+03   C at   80  2   RLX: 0.007
       a =  2.000      CL =  0.5117
      Cm = -0.1007     CD =  0.02148   =>   CDf =  0.00638    CDp =  0.01510

 Side 1  free  transition at x/c =  0.7234   63
 Side 2  free  transition at x/c =  0.9906   79

  37   rms: 0.3956E+01   max: -.7582E+02   C at   79  2   RLX: 0.007
       a =  2.000      CL =  0.5109
      Cm = -0.1003     CD =  0.02141   =>   CDf =  0.00638    CDp =  0.01503

 Side 1  free  transition at x/c =  0.7236   64
 Side 2  free  transition at x/c =  0.9915   79

  38   rms: 0.6905E+01   max: -.1324E+03   C at   79  2   RLX: 0.004
       a =  2.000      CL =  0.5107
      Cm = -0.1002     CD =  0.02127   =>   CDf =  0.00639    CDp =  0.01488

 Side 1  free  transition at x/c =  0.7235   64
 Side 2  free  transition at x/c =  0.9921   79

  39   rms: 0.1763E+02   max: 0.3381E+03   C at   80  2   RLX: 0.004
       a =  2.000      CL =  0.5102
      Cm = -0.1001     CD =  0.02131   =>   CDf =  0.00639    CDp =  0.01492

 Side 1  free  transition at x/c =  0.7235   64
 Side 2  free  transition at x/c =  0.9906   79

  40   rms: 0.2241E+01   max: -.4281E+02   C at   79  2   RLX: 0.012
       a =  2.000      CL =  0.5091
      Cm = -0.0997     CD =  0.02140   =>   CDf =  0.00639    CDp =  0.01501

 Side 1  free  transition at x/c =  0.7233   63
 Side 2  free  transition at x/c =  0.9914   79

  41   rms: 0.9033E+01   max: -.1733E+03   C at   79  2   RLX: 0.003
       a =  2.000      CL =  0.5089
      Cm = -0.0995     CD =  0.02129   =>   CDf =  0.00640    CDp =  0.01489

 Side 1  free  transition at x/c =  0.7234   63
 Side 2  free  transition at x/c =  0.9920   79

  42   rms: 0.4805E+02   max: 0.9217E+03   C at   80  2   RLX: 0.002
       a =  2.000      CL =  0.5087
      Cm = -0.0994     CD =  0.02128   =>   CDf =  0.00640    CDp =  0.01488

 Side 1  free  transition at x/c =  0.7234   64
 Side 2  free  transition at x/c =  0.9905   79

  43   rms: 0.2117E+01   max: -.4041E+02   C at   79  2   RLX: 0.012
       a =  2.000      CL =  0.5075
      Cm = -0.0990     CD =  0.02133   =>   CDf =  0.00640    CDp =  0.01494

 Side 1  free  transition at x/c =  0.7233   63
 Side 2  free  transition at x/c =  0.9913   79

  44   rms: 0.7461E+01   max: -.1431E+03   C at   79  2   RLX: 0.003
       a =  2.000      CL =  0.5073
      Cm = -0.0989     CD =  0.02119   =>   CDf =  0.00641    CDp =  0.01479

 Side 1  free  transition at x/c =  0.7234   63
 Side 2  free  transition at x/c =  0.9920   79

  45   rms: 0.3017E+03   max: 0.5788E+04   C at   80  2   RLX: 0.000
       a =  2.000      CL =  0.5072
      Cm = -0.0989     CD =  0.02119   =>   CDf =  0.00641    CDp =  0.01478

 Side 1  free  transition at x/c =  0.7234   63
 Side 2  free  transition at x/c =  0.9904   79

  46   rms: 0.3186E+01   max: -.6101E+02   C at   79  2   RLX: 0.008
       a =  2.000      CL =  0.5063
      Cm = -0.0984     CD =  0.02114   =>   CDf =  0.00641    CDp =  0.01473

 Side 1  free  transition at x/c =  0.7236   64
 Side 2  free  transition at x/c =  0.9913   79

  47   rms: 0.4615E+01   max: -.8844E+02   C at   79  2   RLX: 0.006
       a =  2.000      CL =  0.5059
      Cm = -0.0983     CD =  0.02096   =>   CDf =  0.00642    CDp =  0.01454

 Side 1  free  transition at x/c =  0.7235   64
 Side 2  free  transition at x/c =  0.9920   79

  48   rms: 0.9054E+04   max: 0.1737E+06   C at   80  2   RLX: 0.000
       a =  2.000      CL =  0.5059
      Cm = -0.0983     CD =  0.02096   =>   CDf =  0.00642    CDp =  0.01453

 Side 1  free  transition at x/c =  0.7235   64
 Side 2  free  transition at x/c =  0.9904   79

  49   rms: 0.1889E+01   max: -.3600E+02   C at   79  2   RLX: 0.014
       a =  2.000      CL =  0.5046
      Cm = -0.0979     CD =  0.02107   =>   CDf =  0.00642    CDp =  0.01466

 Side 1  free  transition at x/c =  0.7233   63
 Side 2  free  transition at x/c =  0.9913   79

  50   rms: 0.6922E+01   max: -.1327E+03   C at   79  2   RLX: 0.004
       a =  2.000      CL =  0.5043
      Cm = -0.0977     CD =  0.02099   =>   CDf =  0.00643    CDp =  0.01457

 Side 1  free  transition at x/c =  0.7234   64
 Side 2  free  transition at x/c =  0.9919   79

  51   rms: 0.1012E+03   max: -.1942E+04   C at   80  2   RLX: 0.000
       a =  2.000      CL =  0.5043
      Cm = -0.0977     CD =  0.02094   =>   CDf =  0.00643    CDp =  0.01451

 Side 1  free  transition at x/c =  0.7234   64
 Side 2  free  transition at x/c =  0.9924   79

  52   rms: 0.5773E+01   max: 0.1107E+03   C at   80  2   RLX: 0.014
       a =  2.000      CL =  0.5031
      Cm = -0.0973     CD =  0.02108   =>   CDf =  0.00643    CDp =  0.01465

 Side 1  free  transition at x/c =  0.7233   63
 Side 2  free  transition at x/c =  0.9910   79

  53   rms: 0.5177E+01   max: -.9924E+02   C at   79  2   RLX: 0.005
       a =  2.000      CL =  0.5027
      Cm = -0.0971     CD =  0.02090   =>   CDf =  0.00643    CDp =  0.01447

 Side 1  free  transition at x/c =  0.7234   63
 Side 2  free  transition at x/c =  0.9918   79

  54   rms: 0.2455E+02   max: -.4709E+03   C at   79  2   RLX: 0.001
       a =  2.000      CL =  0.5025
      Cm = -0.0970     CD =  0.02090   =>   CDf =  0.00644    CDp =  0.01446

 Side 1  free  transition at x/c =  0.7234   64
 Side 2  free  transition at x/c =  0.9923   79

  55   rms: 0.7675E+01   max: 0.1472E+03   C at   80  2   RLX: 0.010
       a =  2.000      CL =  0.5016
      Cm = -0.0967     CD =  0.02094   =>   CDf =  0.00644    CDp =  0.01450

 Side 1  free  transition at x/c =  0.7233   63
 Side 2  free  transition at x/c =  0.9909   79

  56   rms: 0.4514E+01   max: -.8652E+02   C at   79  2   RLX: 0.006
       a =  2.000      CL =  0.5011
      Cm = -0.0964     CD =  0.02080   =>   CDf =  0.00644    CDp =  0.01435

 Side 1  free  transition at x/c =  0.7235   64
 Side 2  free  transition at x/c =  0.9917   79

  57   rms: 0.9951E+01   max: -.1908E+03   C at   80  2   RLX: 0.003
       a =  2.000      CL =  0.5009
      Cm = -0.0964     CD =  0.02075   =>   CDf =  0.00645    CDp =  0.01430

 Side 1  free  transition at x/c =  0.7234   64
 Side 2  free  transition at x/c =  0.9922   79

  58   rms: 0.1125E+02   max: 0.2158E+03   C at   80  2   RLX: 0.007
       a =  2.000      CL =  0.5003
      Cm = -0.0962     CD =  0.02082   =>   CDf =  0.00645    CDp =  0.01436

 Side 1  free  transition at x/c =  0.7233   63
 Side 2  free  transition at x/c =  0.9908   79

  59   rms: 0.4042E+01   max: -.7745E+02   C at   79  2   RLX: 0.006
       a =  2.000      CL =  0.4997
      Cm = -0.0958     CD =  0.02070   =>   CDf =  0.00645    CDp =  0.01425

 Side 1  free  transition at x/c =  0.7235   64
 Side 2  free  transition at x/c =  0.9916   79

  60   rms: 0.7805E+01   max: -.1497E+03   C at   80  2   RLX: 0.003
       a =  2.000      CL =  0.4995
      Cm = -0.0958     CD =  0.02061   =>   CDf =  0.00646    CDp =  0.01415

 Side 1  free  transition at x/c =  0.7235   64
 Side 2  free  transition at x/c =  0.9922   79

  61   rms: 0.1489E+02   max: 0.2857E+03   C at   80  2   RLX: 0.005
       a =  2.000      CL =  0.4990
      Cm = -0.0956     CD =  0.02066   =>   CDf =  0.00646    CDp =  0.01420

 Side 1  free  transition at x/c =  0.7234   63
 Side 2  free  transition at x/c =  0.9907   79

  62   rms: 0.3781E+01   max: -.7243E+02   C at   79  2   RLX: 0.007
       a =  2.000      CL =  0.4983
      Cm = -0.0953     CD =  0.02060   =>   CDf =  0.00646    CDp =  0.01414

 Side 1  free  transition at x/c =  0.7236   64
 Side 2  free  transition at x/c =  0.9916   79

  63   rms: 0.6415E+01   max: -.1230E+03   C at   80  2   RLX: 0.004
       a =  2.000      CL =  0.4982
      Cm = -0.0952     CD =  0.02046   =>   CDf =  0.00647    CDp =  0.01399

 Side 1  free  transition at x/c =  0.7235   64
 Side 2  free  transition at x/c =  0.9921   79

  64   rms: 0.2032E+02   max: 0.3899E+03   C at   80  2   RLX: 0.004
       a =  2.000      CL =  0.4978
      Cm = -0.0951     CD =  0.02050   =>   CDf =  0.00647    CDp =  0.01402

 Side 1  free  transition at x/c =  0.7235   64
 Side 2  free  transition at x/c =  0.9907   79

  65   rms: 0.2086E+01   max: -.3979E+02   C at   80  2   RLX: 0.013
       a =  2.000      CL =  0.4968
      Cm = -0.0948     CD =  0.02061   =>   CDf =  0.00647    CDp =  0.01414

 Side 1  free  transition at x/c =  0.7233   63
 Side 2  free  transition at x/c =  0.9915   79

  66   rms: 0.8949E+01   max: -.1716E+03   C at   79  2   RLX: 0.003
       a =  2.000      CL =  0.4966
      Cm = -0.0947     CD =  0.02051   =>   CDf =  0.00648    CDp =  0.01403

 Side 1  free  transition at x/c =  0.7234   63
 Side 2  free  transition at x/c =  0.9921   79

  67   rms: 0.4371E+02   max: 0.8386E+03   C at   80  2   RLX: 0.002
       a =  2.000      CL =  0.4964
      Cm = -0.0946     CD =  0.02050   =>   CDf =  0.00648    CDp =  0.01402

 Side 1  free  transition at x/c =  0.7234   64
 Side 2  free  transition at x/c =  0.9906   79

  68   rms: 0.2036E+01   max: -.3883E+02   C at   80  2   RLX: 0.013
       a =  2.000      CL =  0.4954
      Cm = -0.0942     CD =  0.02056   =>   CDf =  0.00648    CDp =  0.01408

 Side 1  free  transition at x/c =  0.7233   63
 Side 2  free  transition at x/c =  0.9913   79

  69   rms: 0.6599E+01   max: -.1265E+03   C at   79  2   RLX: 0.004
       a =  2.000      CL =  0.4951
      Cm = -0.0941     CD =  0.02042   =>   CDf =  0.00648    CDp =  0.01394

 Side 1  free  transition at x/c =  0.7234   63
 Side 2  free  transition at x/c =  0.9920   79

  70   rms: 0.1793E+03   max: -.3439E+04   C at   80  2   RLX: 0.000
       a =  2.000      CL =  0.4951
      Cm = -0.0941     CD =  0.02042   =>   CDf =  0.00649    CDp =  0.01393

 Side 1  free  transition at x/c =  0.7234   63
 Side 2  free  transition at x/c =  0.9925   79

  71   rms: 0.8696E+01   max: 0.1668E+03   C at   80  2   RLX: 0.009
       a =  2.000      CL =  0.4942
      Cm = -0.0936     CD =  0.02039   =>   CDf =  0.00649    CDp =  0.01390

 Side 1  free  transition at x/c =  0.7237   64
 Side 2  free  transition at x/c =  0.9912   79

  72   rms: 0.3416E+01   max: -.6540E+02   C at   80  2   RLX: 0.008
       a =  2.000      CL =  0.4938
      Cm = -0.0935     CD =  0.02018   =>   CDf =  0.00650    CDp =  0.01369

 Side 1  free  transition at x/c =  0.7235   64
 Side 2  free  transition at x/c =  0.9918   79

  73   rms: 0.1318E+02   max: -.2529E+03   C at   80  2   RLX: 0.002
       a =  2.000      CL =  0.4936
      Cm = -0.0934     CD =  0.02020   =>   CDf =  0.00650    CDp =  0.01370

 Side 1  free  transition at x/c =  0.7235   64
 Side 2  free  transition at x/c =  0.9923   79

  74   rms: 0.8247E+01   max: 0.1582E+03   C at   79  2   RLX: 0.009
       a =  2.000      CL =  0.4929
      Cm = -0.0932     CD =  0.02030   =>   CDf =  0.00650    CDp =  0.01380

 Side 1  free  transition at x/c =  0.7234   63
 Side 2  free  transition at x/c =  0.9909   79

  75   rms: 0.4069E+01   max: -.7794E+02   C at   79  2   RLX: 0.006
       a =  2.000      CL =  0.4923
      Cm = -0.0929     CD =  0.02022   =>   CDf =  0.00650    CDp =  0.01372

 Side 1  free  transition at x/c =  0.7236   64
 Side 2  free  transition at x/c =  0.9917   79

  76   rms: 0.7611E+01   max: -.1460E+03   C at   80  2   RLX: 0.003
       a =  2.000      CL =  0.4922
      Cm = -0.0929     CD =  0.02010   =>   CDf =  0.00651    CDp =  0.01359

 Side 1  free  transition at x/c =  0.7235   64
 Side 2  free  transition at x/c =  0.9922   79

  77   rms: 0.1498E+02   max: 0.2873E+03   C at   79  2   RLX: 0.005
       a =  2.000      CL =  0.4917
      Cm = -0.0927     CD =  0.02016   =>   CDf =  0.00651    CDp =  0.01364

 Side 1  free  transition at x/c =  0.7234   64
 Side 2  free  transition at x/c =  0.9907   79

  78   rms: 0.2019E+01   max: -.3850E+02   C at   80  2   RLX: 0.013
       a =  2.000      CL =  0.4907
      Cm = -0.0924     CD =  0.02028   =>   CDf =  0.00651    CDp =  0.01377

 Side 1  free  transition at x/c =  0.7233   63
 Side 2  free  transition at x/c =  0.9914   79

  79   rms: 0.7064E+01   max: -.1354E+03   C at   79  2   RLX: 0.004
       a =  2.000      CL =  0.4906
      Cm = -0.0923     CD =  0.02013   =>   CDf =  0.00652    CDp =  0.01362

 Side 1  free  transition at x/c =  0.7234   63
 Side 2  free  transition at x/c =  0.9920   79

  80   rms: 0.2488E+04   max: -.4772E+05   C at   80  2   RLX: 0.000
       a =  2.000      CL =  0.4906
      Cm = -0.0923     CD =  0.02013   =>   CDf =  0.00652    CDp =  0.01361

 Side 1  free  transition at x/c =  0.7234   63
 Side 2  free  transition at x/c =  0.9925   79

  81   rms: 0.8554E+01   max: 0.1641E+03   C at   80  2   RLX: 0.009
       a =  2.000      CL =  0.4897
      Cm = -0.0918     CD =  0.02010   =>   CDf =  0.00652    CDp =  0.01358

 Side 1  free  transition at x/c =  0.7237   64
 Side 2  free  transition at x/c =  0.9913   79

  82   rms: 0.3272E+01   max: -.6263E+02   C at   80  2   RLX: 0.008
       a =  2.000      CL =  0.4893
      Cm = -0.0917     CD =  0.01992   =>   CDf =  0.00653    CDp =  0.01339

 Side 1  free  transition at x/c =  0.7235   64
 Side 2  free  transition at x/c =  0.9919   79

  83   rms: 0.1264E+02   max: -.2426E+03   C at   80  2   RLX: 0.002
       a =  2.000      CL =  0.4891
      Cm = -0.0917     CD =  0.01994   =>   CDf =  0.00653    CDp =  0.01340

 Side 1  free  transition at x/c =  0.7235   64
 Side 2  free  transition at x/c =  0.9923   79

  84   rms: 0.8737E+01   max: 0.1676E+03   C at   79  2   RLX: 0.009
       a =  2.000      CL =  0.4885
      Cm = -0.0915     CD =  0.02003   =>   CDf =  0.00653    CDp =  0.01350

 Side 1  free  transition at x/c =  0.7234   63
 Side 2  free  transition at x/c =  0.9909   79

  85   rms: 0.3916E+01   max: -.7499E+02   C at   80  2   RLX: 0.007
       a =  2.000      CL =  0.4879
      Cm = -0.0911     CD =  0.01995   =>   CDf =  0.00653    CDp =  0.01342

 Side 1  free  transition at x/c =  0.7236   64
 Side 2  free  transition at x/c =  0.9917   79

  86   rms: 0.7103E+01   max: -.1362E+03   C at   80  2   RLX: 0.004
       a =  2.000      CL =  0.4877
      Cm = -0.0911     CD =  0.01983   =>   CDf =  0.00654    CDp =  0.01329

 Side 1  free  transition at x/c =  0.7235   64
 Side 2  free  transition at x/c =  0.9922   79

  87   rms: 0.1734E+02   max: 0.3326E+03   C at   79  2   RLX: 0.005
       a =  2.000      CL =  0.4874
      Cm = -0.0910     CD =  0.01988   =>   CDf =  0.00654    CDp =  0.01334

 Side 1  free  transition at x/c =  0.7234   64
 Side 2  free  transition at x/c =  0.9907   79

  88   rms: 0.1979E+01   max: -.3772E+02   C at   80  2   RLX: 0.013
       a =  2.000      CL =  0.4865
      Cm = -0.0907     CD =  0.02001   =>   CDf =  0.00654    CDp =  0.01347

 Side 1  free  transition at x/c =  0.7233   63
 Side 2  free  transition at x/c =  0.9915   79

  89   rms: 0.7691E+01   max: -.1475E+03   C at   80  2   RLX: 0.003
       a =  2.000      CL =  0.4863
      Cm = -0.0906     CD =  0.01987   =>   CDf =  0.00655    CDp =  0.01332

 Side 1  free  transition at x/c =  0.7233   63
 Side 2  free  transition at x/c =  0.9921   79

  90   rms: 0.6149E+02   max: 0.1180E+04   C at   80  2   RLX: 0.001
       a =  2.000      CL =  0.4862
      Cm = -0.0905     CD =  0.01986   =>   CDf =  0.00655    CDp =  0.01331

 Side 1  free  transition at x/c =  0.7234   63
 Side 2  free  transition at x/c =  0.9907   79

  91   rms: 0.3248E+01   max: -.6217E+02   C at   80  2   RLX: 0.008
       a =  2.000      CL =  0.4854
      Cm = -0.0901     CD =  0.01982   =>   CDf =  0.00654    CDp =  0.01328

 Side 1  free  transition at x/c =  0.7237   64
 Side 2  free  transition at x/c =  0.9916   79

  92   rms: 0.4660E+01   max: -.8931E+02   C at   80  2   RLX: 0.006
       a =  2.000      CL =  0.4853
      Cm = -0.0901     CD =  0.01964   =>   CDf =  0.00656    CDp =  0.01308

 Side 1  free  transition at x/c =  0.7236   64
 Side 2  free  transition at x/c =  0.9921   79

  93   rms: 0.1269E+03   max: -.2434E+04   C at   80  2   RLX: 0.000
       a =  2.000      CL =  0.4852
      Cm = -0.0901     CD =  0.01964   =>   CDf =  0.00656    CDp =  0.01307

 Side 1  free  transition at x/c =  0.7236   64
 Side 2  free  transition at x/c =  0.9925   79

  94   rms: 0.4877E+01   max: 0.9348E+02   C at   79  2   RLX: 0.016
       a =  2.000      CL =  0.4842
      Cm = -0.0898     CD =  0.01982   =>   CDf =  0.00656    CDp =  0.01326

 Side 1  free  transition at x/c =  0.7233   63
 Side 2  free  transition at x/c =  0.9912   79

  95   rms: 0.5001E+01   max: -.9585E+02   C at   80  2   RLX: 0.005
       a =  2.000      CL =  0.4838
      Cm = -0.0895     CD =  0.01970   =>   CDf =  0.00656    CDp =  0.01314

 Side 1  free  transition at x/c =  0.7235   64
 Side 2  free  transition at x/c =  0.9919   79

  96   rms: 0.1462E+02   max: -.2804E+03   C at   80  2   RLX: 0.002
       a =  2.000      CL =  0.4837
      Cm = -0.0895     CD =  0.01964   =>   CDf =  0.00657    CDp =  0.01307

 Side 1  free  transition at x/c =  0.7234   64
 Side 2  free  transition at x/c =  0.9924   79

  97   rms: 0.7340E+01   max: 0.1408E+03   C at   79  2   RLX: 0.011
       a =  2.000      CL =  0.4830
      Cm = -0.0893     CD =  0.01976   =>   CDf =  0.00657    CDp =  0.01319

 Side 1  free  transition at x/c =  0.7233   63
 Side 2  free  transition at x/c =  0.9911   79

  98   rms: 0.4192E+01   max: -.8031E+02   C at   80  2   RLX: 0.006
       a =  2.000      CL =  0.4825
      Cm = -0.0890     CD =  0.01962   =>   CDf =  0.00657    CDp =  0.01305

 Side 1  free  transition at x/c =  0.7235   64
 Side 2  free  transition at x/c =  0.9918   79

  99   rms: 0.8209E+01   max: -.1575E+03   C at   80  2   RLX: 0.003
       a =  2.000      CL =  0.4824
      Cm = -0.0890     CD =  0.01957   =>   CDf =  0.00658    CDp =  0.01299

 Side 1  free  transition at x/c =  0.7234   64
 Side 2  free  transition at x/c =  0.9923   79

 100   rms: 0.1153E+02   max: 0.2212E+03   C at   79  2   RLX: 0.007
       a =  2.000      CL =  0.4819
      Cm = -0.0889     CD =  0.01965   =>   CDf =  0.00658    CDp =  0.01307

 Side 1  free  transition at x/c =  0.7233   63
 Side 2  free  transition at x/c =  0.9909   79

 101   rms: 0.3667E+01   max: -.7023E+02   C at   80  2   RLX: 0.007
       a =  2.000      CL =  0.4814
      Cm = -0.0885     CD =  0.01954   =>   CDf =  0.00657    CDp =  0.01296

 Side 1  free  transition at x/c =  0.7236   64
 Side 2  free  transition at x/c =  0.9917   79

 102   rms: 0.6232E+01   max: -.1195E+03   C at   80  2   RLX: 0.004
       a =  2.000      CL =  0.4812
      Cm = -0.0885     CD =  0.01944   =>   CDf =  0.00659    CDp =  0.01285

 Side 1  free  transition at x/c =  0.7235   64
 Side 2  free  transition at x/c =  0.9922   79

 103   rms: 0.1582E+02   max: 0.3035E+03   C at   79  2   RLX: 0.005
       a =  2.000      CL =  0.4809
      Cm = -0.0884     CD =  0.01950   =>   CDf =  0.00659    CDp =  0.01291

 Side 1  free  transition at x/c =  0.7234   63
 Side 2  free  transition at x/c =  0.9909   79

 104   rms: 0.3503E+01   max: -.6708E+02   C at   80  2   RLX: 0.007
       a =  2.000      CL =  0.4802
      Cm = -0.0880     CD =  0.01945   =>   CDf =  0.00658    CDp =  0.01287

 Side 1  free  transition at x/c =  0.7237   64
 Side 2  free  transition at x/c =  0.9917   79

 105   rms: 0.5491E+01   max: -.1053E+03   C at   80  2   RLX: 0.005
       a =  2.000      CL =  0.4802
      Cm = -0.0881     CD =  0.01930   =>   CDf =  0.00660    CDp =  0.01270

 Side 1  free  transition at x/c =  0.7236   64
 Side 2  free  transition at x/c =  0.9922   79

 106   rms: 0.2155E+02   max: 0.4135E+03   C at   79  2   RLX: 0.004
       a =  2.000      CL =  0.4799
      Cm = -0.0880     CD =  0.01934   =>   CDf =  0.00660    CDp =  0.01274

 Side 1  free  transition at x/c =  0.7235   64
 Side 2  free  transition at x/c =  0.9908   79

 107   rms: 0.1867E+01   max: -.3553E+02   C at   80  2   RLX: 0.014
       a =  2.000      CL =  0.4790
      Cm = -0.0877     CD =  0.01949   =>   CDf =  0.00659    CDp =  0.01289

 Side 1  free  transition at x/c =  0.7233   63
 Side 2  free  transition at x/c =  0.9916   79

 108   rms: 0.8062E+01   max: -.1546E+03   C at   80  2   RLX: 0.003
       a =  2.000      CL =  0.4789
      Cm = -0.0876     CD =  0.01939   =>   CDf =  0.00660    CDp =  0.01279

 Side 1  free  transition at x/c =  0.7234   63
 Side 2  free  transition at x/c =  0.9922   79

 109   rms: 0.4797E+02   max: 0.9202E+03   C at   80  2   RLX: 0.002
       a =  2.000      CL =  0.4787
      Cm = -0.0876     CD =  0.01938   =>   CDf =  0.00660    CDp =  0.01278

 Side 1  free  transition at x/c =  0.7234   64
 Side 2  free  transition at x/c =  0.9908   79

 110   rms: 0.1847E+01   max: -.3515E+02   C at   80  2   RLX: 0.014
       a =  2.000      CL =  0.4779
      Cm = -0.0873     CD =  0.01947   =>   CDf =  0.00660    CDp =  0.01287

 Side 1  free  transition at x/c =  0.7232   63
 Side 2  free  transition at x/c =  0.9915   79

 111   rms: 0.7026E+01   max: -.1347E+03   C at   80  2   RLX: 0.004
       a =  2.000      CL =  0.4778
      Cm = -0.0872     CD =  0.01933   =>   CDf =  0.00661    CDp =  0.01272

 Side 1  free  transition at x/c =  0.7234   63
 Side 2  free  transition at x/c =  0.9922   79

 112   rms: 0.1135E+03   max: 0.2178E+04   C at   80  2   RLX: 0.001
       a =  2.000      CL =  0.4777
      Cm = -0.0872     CD =  0.01933   =>   CDf =  0.00661    CDp =  0.01271

 Side 1  free  transition at x/c =  0.7234   63
 Side 2  free  transition at x/c =  0.9907   79

 113   rms: 0.3102E+01   max: -.5939E+02   C at   80  2   RLX: 0.008
       a =  2.000      CL =  0.4769
      Cm = -0.0867     CD =  0.01929   =>   CDf =  0.00660    CDp =  0.01268

 Side 1  free  transition at x/c =  0.7237   64
 Side 2  free  transition at x/c =  0.9917   79

 114   rms: 0.4960E+01   max: -.9509E+02   C at   80  2   RLX: 0.005
       a =  2.000      CL =  0.4769
      Cm = -0.0868     CD =  0.01910   =>   CDf =  0.00662    CDp =  0.01248

 Side 1  free  transition at x/c =  0.7236   64
 Side 2  free  transition at x/c =  0.9922   79

 115   rms: 0.2638E+02   max: 0.5061E+03   C at   79  2   RLX: 0.003
       a =  2.000      CL =  0.4767
      Cm = -0.0867     CD =  0.01913   =>   CDf =  0.00662    CDp =  0.01251

 Side 1  free  transition at x/c =  0.7235   64
 Side 2  free  transition at x/c =  0.9908   79

 116   rms: 0.1841E+01   max: -.3504E+02   C at   80  2   RLX: 0.014
       a =  2.000      CL =  0.4758
      Cm = -0.0864     CD =  0.01929   =>   CDf =  0.00661    CDp =  0.01267

 Side 1  free  transition at x/c =  0.7233   63
 Side 2  free  transition at x/c =  0.9917   79

 117   rms: 0.9842E+01   max: -.1888E+03   C at   80  2   RLX: 0.003
       a =  2.000      CL =  0.4757
      Cm = -0.0864     CD =  0.01919   =>   CDf =  0.00662    CDp =  0.01257

 Side 1  free  transition at x/c =  0.7234   63
 Side 2  free  transition at x/c =  0.9923   79

 118   rms: 0.2649E+02   max: 0.5081E+03   C at   79  2   RLX: 0.003
       a =  2.000      CL =  0.4755
      Cm = -0.0863     CD =  0.01918   =>   CDf =  0.00663    CDp =  0.01256

 Side 1  free  transition at x/c =  0.7235   64
 Side 2  free  transition at x/c =  0.9909   79

 119   rms: 0.2006E+01   max: -.3822E+02   C at   80  2   RLX: 0.013
       a =  2.000      CL =  0.4747
      Cm = -0.0860     CD =  0.01924   =>   CDf =  0.00662    CDp =  0.01262

 Side 1  free  transition at x/c =  0.7233   63
 Side 2  free  transition at x/c =  0.9918   79

 120   rms: 0.1090E+02   max: -.2091E+03   C at   80  2   RLX: 0.002
       a =  2.000      CL =  0.4747
      Cm = -0.0860     CD =  0.01913   =>   CDf =  0.00663    CDp =  0.01250

 Side 1  free  transition at x/c =  0.7233   63
 Side 2  free  transition at x/c =  0.9923   79

 121   rms: 0.2471E+02   max: 0.4739E+03   C at   79  2   RLX: 0.003
       a =  2.000      CL =  0.4744
      Cm = -0.0859     CD =  0.01912   =>   CDf =  0.00663    CDp =  0.01249

 Side 1  free  transition at x/c =  0.7234   64
 Side 2  free  transition at x/c =  0.9909   79

 122   rms: 0.2002E+01   max: -.3814E+02   C at   80  2   RLX: 0.013
       a =  2.000      CL =  0.4737
      Cm = -0.0856     CD =  0.01920   =>   CDf =  0.00663    CDp =  0.01257

 Side 1  free  transition at x/c =  0.7233   63
 Side 2  free  transition at x/c =  0.9918   79

 123   rms: 0.1025E+02   max: -.1966E+03   C at   80  2   RLX: 0.003
       a =  2.000      CL =  0.4736
      Cm = -0.0856     CD =  0.01907   =>   CDf =  0.00664    CDp =  0.01243

 Side 1  free  transition at x/c =  0.7233   63
 Side 2  free  transition at x/c =  0.9923   79

 124   rms: 0.2488E+02   max: 0.4773E+03   C at   79  2   RLX: 0.003
       a =  2.000      CL =  0.4734
      Cm = -0.0854     CD =  0.01906   =>   CDf =  0.00664    CDp =  0.01242

 Side 1  free  transition at x/c =  0.7234   64
 Side 2  free  transition at x/c =  0.9910   79

 125   rms: 0.1995E+01   max: -.3800E+02   C at   80  2   RLX: 0.013
       a =  2.000      CL =  0.4726
      Cm = -0.0852     CD =  0.01915   =>   CDf =  0.00664    CDp =  0.01251

 Side 1  free  transition at x/c =  0.7232   63
 Side 2  free  transition at x/c =  0.9917   79

 126   rms: 0.9769E+01   max: -.1874E+03   C at   80  2   RLX: 0.003
       a =  2.000      CL =  0.4726
      Cm = -0.0852     CD =  0.01901   =>   CDf =  0.00665    CDp =  0.01237

 Side 1  free  transition at x/c =  0.7233   63
 Side 2  free  transition at x/c =  0.9923   79

 127   rms: 0.2967E+02   max: 0.5691E+03   C at   79  2   RLX: 0.003
       a =  2.000      CL =  0.4724
      Cm = -0.0851     CD =  0.01900   =>   CDf =  0.00665    CDp =  0.01235

 Side 1  free  transition at x/c =  0.7234   63
 Side 2  free  transition at x/c =  0.9909   79

 128   rms: 0.3409E+01   max: -.6530E+02   C at   80  2   RLX: 0.008
       a =  2.000      CL =  0.4717
      Cm = -0.0847     CD =  0.01897   =>   CDf =  0.00664    CDp =  0.01232

 Side 1  free  transition at x/c =  0.7237   64
 Side 2  free  transition at x/c =  0.9917   79

 129   rms: 0.5364E+01   max: -.1028E+03   C at   80  2   RLX: 0.005
       a =  2.000      CL =  0.4717
      Cm = -0.0848     CD =  0.01878   =>   CDf =  0.00666    CDp =  0.01212

 Side 1  free  transition at x/c =  0.7236   64
 Side 2  free  transition at x/c =  0.9923   79

 130   rms: 0.1971E+02   max: 0.3781E+03   C at   79  2   RLX: 0.004
       a =  2.000      CL =  0.4714
      Cm = -0.0847     CD =  0.01882   =>   CDf =  0.00666    CDp =  0.01216

 Side 1  free  transition at x/c =  0.7235   64
 Side 2  free  transition at x/c =  0.9909   79

 131   rms: 0.1857E+01   max: -.3533E+02   C at   80  2   RLX: 0.014
       a =  2.000      CL =  0.4706
      Cm = -0.0844     CD =  0.01898   =>   CDf =  0.00665    CDp =  0.01233

 Side 1  free  transition at x/c =  0.7233   63
 Side 2  free  transition at x/c =  0.9917   79

 132   rms: 0.8643E+01   max: -.1658E+03   C at   80  2   RLX: 0.003
       a =  2.000      CL =  0.4706
      Cm = -0.0844     CD =  0.01888   =>   CDf =  0.00666    CDp =  0.01222

 Side 1  free  transition at x/c =  0.7234   63
 Side 2  free  transition at x/c =  0.9923   79

 133   rms: 0.3729E+02   max: 0.7153E+03   C at   79  2   RLX: 0.002
       a =  2.000      CL =  0.4704
      Cm = -0.0843     CD =  0.01887   =>   CDf =  0.00667    CDp =  0.01221

 Side 1  free  transition at x/c =  0.7234   64
 Side 2  free  transition at x/c =  0.9909   79

 134   rms: 0.1866E+01   max: -.3551E+02   C at   80  2   RLX: 0.014
       a =  2.000      CL =  0.4696
      Cm = -0.0840     CD =  0.01897   =>   CDf =  0.00666    CDp =  0.01231

 Side 1  free  transition at x/c =  0.7232   63
 Side 2  free  transition at x/c =  0.9917   79

 135   rms: 0.8464E+01   max: -.1624E+03   C at   80  2   RLX: 0.003
       a =  2.000      CL =  0.4696
      Cm = -0.0840     CD =  0.01883   =>   CDf =  0.00667    CDp =  0.01216

 Side 1  free  transition at x/c =  0.7233   63
 Side 2  free  transition at x/c =  0.9922   79

 136   rms: 0.4754E+02   max: 0.9119E+03   C at   80  2   RLX: 0.002
       a =  2.000      CL =  0.4694
      Cm = -0.0839     CD =  0.01882   =>   CDf =  0.00667    CDp =  0.01215

 Side 1  free  transition at x/c =  0.7234   63
 Side 2  free  transition at x/c =  0.9909   79

 137   rms: 0.3177E+01   max: -.6085E+02   C at   80  2   RLX: 0.008
       a =  2.000      CL =  0.4688
      Cm = -0.0835     CD =  0.01879   =>   CDf =  0.00666    CDp =  0.01212

 Side 1  free  transition at x/c =  0.7237   64
 Side 2  free  transition at x/c =  0.9917   79

 138   rms: 0.4196E+01   max: -.8041E+02   C at   80  2   RLX: 0.006
       a =  2.000      CL =  0.4687
      Cm = -0.0836     CD =  0.01862   =>   CDf =  0.00668    CDp =  0.01194

 Side 1  free  transition at x/c =  0.7236   64
 Side 2  free  transition at x/c =  0.9922   79

 139   rms: 0.4289E+02   max: 0.8227E+03   C at   79  2   RLX: 0.002
       a =  2.000      CL =  0.4686
      Cm = -0.0836     CD =  0.01863   =>   CDf =  0.00668    CDp =  0.01195

 Side 1  free  transition at x/c =  0.7235   64
 Side 2  free  transition at x/c =  0.9908   79

 140   rms: 0.1728E+01   max: -.3283E+02   C at   80  2   RLX: 0.015
       a =  2.000      CL =  0.4678
      Cm = -0.0833     CD =  0.01881   =>   CDf =  0.00667    CDp =  0.01214

 Side 1  free  transition at x/c =  0.7233   63
 Side 2  free  transition at x/c =  0.9916   79

 141   rms: 0.6785E+01   max: -.1302E+03   C at   80  2   RLX: 0.004
       a =  2.000      CL =  0.4676
      Cm = -0.0832     CD =  0.01870   =>   CDf =  0.00668    CDp =  0.01202

 Side 1  free  transition at x/c =  0.7234   63
 Side 2  free  transition at x/c =  0.9922   79

 142   rms: 0.8600E+03   max: 0.1650E+05   C at   80  2   RLX: 0.000
       a =  2.000      CL =  0.4676
      Cm = -0.0832     CD =  0.01870   =>   CDf =  0.00669    CDp =  0.01201

 Side 1  free  transition at x/c =  0.7234   63
 Side 2  free  transition at x/c =  0.9908   79

 143   rms: 0.2930E+01   max: -.5611E+02   C at   80  2   RLX: 0.009
       a =  2.000      CL =  0.4669
      Cm = -0.0828     CD =  0.01863   =>   CDf =  0.00668    CDp =  0.01195

 Side 1  free  transition at x/c =  0.7237   64
 Side 2  free  transition at x/c =  0.9916   79

 144   rms: 0.3633E+01   max: -.6958E+02   C at   80  2   RLX: 0.007
       a =  2.000      CL =  0.4669
      Cm = -0.0829     CD =  0.01847   =>   CDf =  0.00669    CDp =  0.01178

 Side 1  free  transition at x/c =  0.7236   64
 Side 2  free  transition at x/c =  0.9922   79

 145   rms: 0.7210E+02   max: -.1383E+04   C at   80  2   RLX: 0.000
       a =  2.000      CL =  0.4668
      Cm = -0.0829     CD =  0.01847   =>   CDf =  0.00670    CDp =  0.01178

 Side 1  free  transition at x/c =  0.7236   64
 Side 2  free  transition at x/c =  0.9926   79

 146   rms: 0.4533E+01   max: 0.8688E+02   C at   79  2   RLX: 0.017
       a =  2.000      CL =  0.4660
      Cm = -0.0826     CD =  0.01869   =>   CDf =  0.00669    CDp =  0.01200

 Side 1  free  transition at x/c =  0.7233   63
 Side 2  free  transition at x/c =  0.9914   79

 147   rms: 0.4839E+01   max: -.9281E+02   C at   80  2   RLX: 0.005
       a =  2.000      CL =  0.4657
      Cm = -0.0824     CD =  0.01858   =>   CDf =  0.00669    CDp =  0.01189

 Side 1  free  transition at x/c =  0.7235   64
 Side 2  free  transition at x/c =  0.9920   79

 148   rms: 0.1078E+02   max: -.2069E+03   C at   80  2   RLX: 0.002
       a =  2.000      CL =  0.4656
      Cm = -0.0824     CD =  0.01852   =>   CDf =  0.00670    CDp =  0.01182

 Side 1  free  transition at x/c =  0.7234   64
 Side 2  free  transition at x/c =  0.9925   79

 149   rms: 0.7402E+01   max: 0.1420E+03   C at   79  2   RLX: 0.011
       a =  2.000      CL =  0.4651
      Cm = -0.0823     CD =  0.01866   =>   CDf =  0.00670    CDp =  0.01195

 Side 1  free  transition at x/c =  0.7233   63
 Side 2  free  transition at x/c =  0.9913   79

 150   rms: 0.4288E+01   max: -.8222E+02   C at   80  2   RLX: 0.006
       a =  2.000      CL =  0.4648
      Cm = -0.0821     CD =  0.01853   =>   CDf =  0.00670    CDp =  0.01183

 Side 1  free  transition at x/c =  0.7235   64
 Side 2  free  transition at x/c =  0.9919   79

 151   rms: 0.7294E+01   max: -.1399E+03   C at   80  2   RLX: 0.004
       a =  2.000      CL =  0.4646
      Cm = -0.0821     CD =  0.01849   =>   CDf =  0.00671    CDp =  0.01178

 Side 1  free  transition at x/c =  0.7234   64
 Side 2  free  transition at x/c =  0.9924   79

 152   rms: 0.1020E+02   max: 0.1957E+03   C at   79  2   RLX: 0.008
       a =  2.000      CL =  0.4643
      Cm = -0.0820     CD =  0.01858   =>   CDf =  0.00671    CDp =  0.01187

 Side 1  free  transition at x/c =  0.7233   63
 Side 2  free  transition at x/c =  0.9911   79

 153   rms: 0.3720E+01   max: -.7131E+02   C at   80  2   RLX: 0.007
       a =  2.000      CL =  0.4638
      Cm = -0.0817     CD =  0.01847   =>   CDf =  0.00670    CDp =  0.01177

 Side 1  free  transition at x/c =  0.7235   64
 Side 2  free  transition at x/c =  0.9918   79

 154   rms: 0.5428E+01   max: -.1041E+03   C at   80  2   RLX: 0.005
       a =  2.000      CL =  0.4638
      Cm = -0.0817     CD =  0.01840   =>   CDf =  0.00672    CDp =  0.01169

 Side 1  free  transition at x/c =  0.7235   64
 Side 2  free  transition at x/c =  0.9923   79

 155   rms: 0.1571E+02   max: 0.3015E+03   C at   79  2   RLX: 0.005
       a =  2.000      CL =  0.4635
      Cm = -0.0816     CD =  0.01846   =>   CDf =  0.00672    CDp =  0.01174

 Side 1  free  transition at x/c =  0.7234   63
 Side 2  free  transition at x/c =  0.9910   79

 156   rms: 0.3336E+01   max: -.6394E+02   C at   80  2   RLX: 0.008
       a =  2.000      CL =  0.4629
      Cm = -0.0813     CD =  0.01840   =>   CDf =  0.00671    CDp =  0.01169

 Side 1  free  transition at x/c =  0.7237   64
 Side 2  free  transition at x/c =  0.9917   79

 157   rms: 0.4330E+01   max: -.8299E+02   C at   80  2   RLX: 0.006
       a =  2.000      CL =  0.4629
      Cm = -0.0814     CD =  0.01828   =>   CDf =  0.00672    CDp =  0.01156

 Side 1  free  transition at x/c =  0.7235   64
 Side 2  free  transition at x/c =  0.9923   79

 158   rms: 0.1803E+02   max: 0.3458E+03   C at   79  2   RLX: 0.004
       a =  2.000      CL =  0.4627
      Cm = -0.0813     CD =  0.01833   =>   CDf =  0.00673    CDp =  0.01161

 Side 1  free  transition at x/c =  0.7235   64
 Side 2  free  transition at x/c =  0.9910   79

 159   rms: 0.1804E+01   max: -.3428E+02   C at   80  2   RLX: 0.015
       a =  2.000      CL =  0.4620
      Cm = -0.0811     CD =  0.01850   =>   CDf =  0.00672    CDp =  0.01179

 Side 1  free  transition at x/c =  0.7232   63
 Side 2  free  transition at x/c =  0.9918   79

 160   rms: 0.9032E+01   max: -.1733E+03   C at   80  2   RLX: 0.003
       a =  2.000      CL =  0.4620
      Cm = -0.0811     CD =  0.01837   =>   CDf =  0.00672    CDp =  0.01165

 Side 1  free  transition at x/c =  0.7233   63
 Side 2  free  transition at x/c =  0.9923   79

 161   rms: 0.3351E+02   max: 0.6429E+03   C at   79  2   RLX: 0.002
       a =  2.000      CL =  0.4618
      Cm = -0.0810     CD =  0.01836   =>   CDf =  0.00673    CDp =  0.01164

 Side 1  free  transition at x/c =  0.7234   63
 Side 2  free  transition at x/c =  0.9910   79

 162   rms: 0.3200E+01   max: -.6133E+02   C at   80  2   RLX: 0.008
       a =  2.000      CL =  0.4612
      Cm = -0.0806     CD =  0.01829   =>   CDf =  0.00672    CDp =  0.01157

 Side 1  free  transition at x/c =  0.7237   64
 Side 2  free  transition at x/c =  0.9917   79

 163   rms: 0.3756E+01   max: -.7195E+02   C at   80  2   RLX: 0.007
       a =  2.000      CL =  0.4612
      Cm = -0.0807     CD =  0.01815   =>   CDf =  0.00674    CDp =  0.01142

 Side 1  free  transition at x/c =  0.7236   64
 Side 2  free  transition at x/c =  0.9923   79

 164   rms: 0.1971E+02   max: 0.3781E+03   C at   79  2   RLX: 0.004
       a =  2.000      CL =  0.4610
      Cm = -0.0806     CD =  0.01820   =>   CDf =  0.00674    CDp =  0.01146

 Side 1  free  transition at x/c =  0.7235   64
 Side 2  free  transition at x/c =  0.9910   79

 165   rms: 0.1773E+01   max: -.3368E+02   C at   80  2   RLX: 0.015
       a =  2.000      CL =  0.4603
      Cm = -0.0804     CD =  0.01838   =>   CDf =  0.00673    CDp =  0.01165

 Side 1  free  transition at x/c =  0.7233   63
 Side 2  free  transition at x/c =  0.9919   79

 166   rms: 0.1007E+02   max: -.1933E+03   C at   80  2   RLX: 0.003
       a =  2.000      CL =  0.4604
      Cm = -0.0804     CD =  0.01827   =>   CDf =  0.00674    CDp =  0.01153

 Side 1  free  transition at x/c =  0.7233   63
 Side 2  free  transition at x/c =  0.9924   79

 167   rms: 0.2551E+02   max: 0.4893E+03   C at   79  2   RLX: 0.003
       a =  2.000      CL =  0.4601
      Cm = -0.0803     CD =  0.01826   =>   CDf =  0.00674    CDp =  0.01152

 Side 1  free  transition at x/c =  0.7234   64
 Side 2  free  transition at x/c =  0.9910   79

 168   rms: 0.1820E+01   max: -.3459E+02   C at   80  2   RLX: 0.014
       a =  2.000      CL =  0.4595
      Cm = -0.0801     CD =  0.01836   =>   CDf =  0.00674    CDp =  0.01163

 Side 1  free  transition at x/c =  0.7232   63
 Side 2  free  transition at x/c =  0.9918   79

 169   rms: 0.9867E+01   max: -.1893E+03   C at   80  2   RLX: 0.003
       a =  2.000      CL =  0.4596
      Cm = -0.0801     CD =  0.01822   =>   CDf =  0.00674    CDp =  0.01148

 Side 1  free  transition at x/c =  0.7233   63
 Side 2  free  transition at x/c =  0.9923   79

 170   rms: 0.2790E+02   max: 0.5352E+03   C at   79  2   RLX: 0.003
       a =  2.000      CL =  0.4594
      Cm = -0.0800     CD =  0.01822   =>   CDf =  0.00675    CDp =  0.01147

 Side 1  free  transition at x/c =  0.7234   63
 Side 2  free  transition at x/c =  0.9910   79

 171   rms: 0.3251E+01   max: -.6232E+02   C at   80  2   RLX: 0.008
       a =  2.000      CL =  0.4588
      Cm = -0.0797     CD =  0.01819   =>   CDf =  0.00674    CDp =  0.01144

 Side 1  free  transition at x/c =  0.7237   64
 Side 2  free  transition at x/c =  0.9918   79

 172   rms: 0.4267E+01   max: -.8177E+02   C at   80  2   RLX: 0.006
       a =  2.000      CL =  0.4588
      Cm = -0.0798     CD =  0.01801   =>   CDf =  0.00676    CDp =  0.01125

 Side 1  free  transition at x/c =  0.7236   64
 Side 2  free  transition at x/c =  0.9924   79

 173   rms: 0.1522E+02   max: 0.2920E+03   C at   79  2   RLX: 0.005
       a =  2.000      CL =  0.4586
      Cm = -0.0797     CD =  0.01807   =>   CDf =  0.00676    CDp =  0.01131

 Side 1  free  transition at x/c =  0.7235   64
 Side 2  free  transition at x/c =  0.9911   79

 174   rms: 0.1839E+01   max: -.3495E+02   C at   80  2   RLX: 0.014
       a =  2.000      CL =  0.4580
      Cm = -0.0795     CD =  0.01824   =>   CDf =  0.00675    CDp =  0.01149

 Side 1  free  transition at x/c =  0.7233   63
 Side 2  free  transition at x/c =  0.9920   79

 175   rms: 0.1350E+02   max: -.2591E+03   C at   80  2   RLX: 0.002
       a =  2.000      CL =  0.4581
      Cm = -0.0795     CD =  0.01813   =>   CDf =  0.00676    CDp =  0.01137

 Side 1  free  transition at x/c =  0.7233   63
 Side 2  free  transition at x/c =  0.9924   79

 176   rms: 0.1626E+02   max: 0.3120E+03   C at   79  2   RLX: 0.005
       a =  2.000      CL =  0.4577
      Cm = -0.0794     CD =  0.01812   =>   CDf =  0.00676    CDp =  0.01136

 Side 1  free  transition at x/c =  0.7235   64
 Side 2  free  transition at x/c =  0.9911   79

 177   rms: 0.1972E+01   max: -.3754E+02   C at   80  2   RLX: 0.013
       a =  2.000      CL =  0.4572
      Cm = -0.0792     CD =  0.01818   =>   CDf =  0.00676    CDp =  0.01143

 Side 1  free  transition at x/c =  0.7233   63
 Side 2  free  transition at x/c =  0.9920   79

 178   rms: 0.1434E+02   max: -.2752E+03   C at   80  2   RLX: 0.002
       a =  2.000      CL =  0.4573
      Cm = -0.0792     CD =  0.01808   =>   CDf =  0.00676    CDp =  0.01131

 Side 1  free  transition at x/c =  0.7233   63
 Side 2  free  transition at x/c =  0.9924   79

 179   rms: 0.1556E+02   max: 0.2986E+03   C at   79  2   RLX: 0.005
       a =  2.000      CL =  0.4570
      Cm = -0.0790     CD =  0.01806   =>   CDf =  0.00677    CDp =  0.01130

 Side 1  free  transition at x/c =  0.7235   64
 Side 2  free  transition at x/c =  0.9912   79

 180   rms: 0.1976E+01   max: -.3761E+02   C at   80  2   RLX: 0.013
       a =  2.000      CL =  0.4565
      Cm = -0.0789     CD =  0.01812   =>   CDf =  0.00676    CDp =  0.01136

 Side 1  free  transition at x/c =  0.7233   63
 Side 2  free  transition at x/c =  0.9920   79

 181   rms: 0.1467E+02   max: -.2816E+03   C at   80  2   RLX: 0.002
       a =  2.000      CL =  0.4565
      Cm = -0.0789     CD =  0.01803   =>   CDf =  0.00677    CDp =  0.01126

 Side 1  free  transition at x/c =  0.7233   63
 Side 2  free  transition at x/c =  0.9925   79

 182   rms: 0.1455E+02   max: 0.2791E+03   C at   79  2   RLX: 0.005
       a =  2.000      CL =  0.4562
      Cm = -0.0787     CD =  0.01801   =>   CDf =  0.00677    CDp =  0.01124

 Side 1  free  transition at x/c =  0.7235   64
 Side 2  free  transition at x/c =  0.9912   79

 183   rms: 0.2040E+01   max: -.3886E+02   C at   80  2   RLX: 0.013
       a =  2.000      CL =  0.4557
      Cm = -0.0786     CD =  0.01805   =>   CDf =  0.00677    CDp =  0.01128

 Side 1  free  transition at x/c =  0.7233   63
 Side 2  free  transition at x/c =  0.9921   79

 184   rms: 0.2213E+02   max: -.4247E+03   C at   80  2   RLX: 0.001
       a =  2.000      CL =  0.4558
      Cm = -0.0786     CD =  0.01798   =>   CDf =  0.00678    CDp =  0.01120

 Side 1  free  transition at x/c =  0.7233   63
 Side 2  free  transition at x/c =  0.9925   79

 185   rms: 0.1111E+02   max: 0.2132E+03   C at   79  2   RLX: 0.007
       a =  2.000      CL =  0.4553
      Cm = -0.0784     CD =  0.01796   =>   CDf =  0.00678    CDp =  0.01118

 Side 1  free  transition at x/c =  0.7236   64
 Side 2  free  transition at x/c =  0.9913   79

 186   rms: 0.2178E+01   max: -.4152E+02   C at   80  2   RLX: 0.012
       a =  2.000      CL =  0.4550
      Cm = -0.0783     CD =  0.01794   =>   CDf =  0.00678    CDp =  0.01116

 Side 1  free  transition at x/c =  0.7234   63
 Side 2  free  transition at x/c =  0.9921   79

 187   rms: 0.1845E+02   max: -.3541E+03   C at   80  2   RLX: 0.001
       a =  2.000      CL =  0.4550
      Cm = -0.0783     CD =  0.01791   =>   CDf =  0.00678    CDp =  0.01113

 Side 1  free  transition at x/c =  0.7234   64
 Side 2  free  transition at x/c =  0.9925   79

 188   rms: 0.6283E+01   max: 0.1205E+03   C at   79  2   RLX: 0.012
       a =  2.000      CL =  0.4545
      Cm = -0.0782     CD =  0.01805   =>   CDf =  0.00678    CDp =  0.01127

 MRCHDU: Convergence failed at  79  side 2    Res =  0.1624E-02
 Side 1  free  transition at x/c =  0.7232   63
 Side 2  free  transition at x/c =  0.9914   79

 189   rms: 0.4326E+01   max: -.8299E+02   C at   80  2   RLX: 0.006
       a =  2.000      CL =  0.4543
      Cm = -0.0780     CD =  0.01790   =>   CDf =  0.00678    CDp =  0.01112

 Side 1  free  transition at x/c =  0.7234   64
 Side 2  free  transition at x/c =  0.9920   79

 190   rms: 0.7944E+01   max: -.1524E+03   C at   80  2   RLX: 0.003
       a =  2.000      CL =  0.4542
      Cm = -0.0780     CD =  0.01789   =>   CDf =  0.00679    CDp =  0.01110

 Side 1  free  transition at x/c =  0.7234   63
 Side 2  free  transition at x/c =  0.9925   79

 191   rms: 0.1270E+02   max: 0.2437E+03   C at   79  2   RLX: 0.006
       a =  2.000      CL =  0.4539
      Cm = -0.0778     CD =  0.01785   =>   CDf =  0.00679    CDp =  0.01106

 MRCHDU: Convergence failed at  79  side 2    Res =  0.1446E-02
 Side 1  free  transition at x/c =  0.7236   64
 Side 2  free  transition at x/c =  0.9913   79

 192   rms: 0.2082E+01   max: -.3967E+02   C at   80  2   RLX: 0.013
       a =  2.000      CL =  0.4536
      Cm = -0.0777     CD =  0.01785   =>   CDf =  0.00679    CDp =  0.01106

 Side 1  free  transition at x/c =  0.7234   63
 Side 2  free  transition at x/c =  0.9921   79

 193   rms: 0.1960E+02   max: -.3760E+03   C at   80  2   RLX: 0.001
       a =  2.000      CL =  0.4535
      Cm = -0.0777     CD =  0.01783   =>   CDf =  0.00680    CDp =  0.01103

 Side 1  free  transition at x/c =  0.7234   64
 Side 2  free  transition at x/c =  0.9925   79

 194   rms: 0.5984E+01   max: 0.1147E+03   C at   79  2   RLX: 0.013
       a =  2.000      CL =  0.4531
      Cm = -0.0776     CD =  0.01798   =>   CDf =  0.00680    CDp =  0.01118

 Side 1  free  transition at x/c =  0.7232   63
 Side 2  free  transition at x/c =  0.9914   79

 195   rms: 0.4546E+01   max: -.8723E+02   C at   80  2   RLX: 0.006
       a =  2.000      CL =  0.4529
      Cm = -0.0775     CD =  0.01782   =>   CDf =  0.00679    CDp =  0.01103

 Side 1  free  transition at x/c =  0.7234   64
 Side 2  free  transition at x/c =  0.9921   79

 196   rms: 0.9073E+01   max: -.1741E+03   C at   80  2   RLX: 0.003
       a =  2.000      CL =  0.4528
      Cm = -0.0775     CD =  0.01781   =>   CDf =  0.00680    CDp =  0.01101

 Side 1  free  transition at x/c =  0.7234   63
 Side 2  free  transition at x/c =  0.9925   79

 197   rms: 0.1394E+02   max: 0.2675E+03   C at   79  2   RLX: 0.006
       a =  2.000      CL =  0.4525
      Cm = -0.0773     CD =  0.01777   =>   CDf =  0.00680    CDp =  0.01097

 Side 1  free  transition at x/c =  0.7236   64
 Side 2  free  transition at x/c =  0.9912   79

 198   rms: 0.1989E+01   max: -.3787E+02   C at   80  2   RLX: 0.013
       a =  2.000      CL =  0.4521
      Cm = -0.0772     CD =  0.01780   =>   CDf =  0.00680    CDp =  0.01100

 Side 1  free  transition at x/c =  0.7233   63
 Side 2  free  transition at x/c =  0.9921   79

 199   rms: 0.1792E+02   max: -.3440E+03   C at   80  2   RLX: 0.001
       a =  2.000      CL =  0.4522
      Cm = -0.0772     CD =  0.01775   =>   CDf =  0.00681    CDp =  0.01094

 Side 1  free  transition at x/c =  0.7234   63
 Side 2  free  transition at x/c =  0.9925   79

 200   rms: 0.1167E+02   max: 0.2240E+03   C at   79  2   RLX: 0.007
       a =  2.000      CL =  0.4518
      Cm = -0.0770     CD =  0.01774   =>   CDf =  0.00681    CDp =  0.01093

 Side 1  free  transition at x/c =  0.7236   64
 Side 2  free  transition at x/c =  0.9913   79

 201   rms: 0.2107E+01   max: -.4014E+02   C at   80  2   RLX: 0.012
       a =  2.000      CL =  0.4515
      Cm = -0.0769     CD =  0.01770   =>   CDf =  0.00681    CDp =  0.01089

 SETBL: Xtr???  n1 n2:    8.4151382       8.9999886    
 Side 1  free  transition at x/c =  0.7236   63
 Side 2  free  transition at x/c =  0.9921   79

 202   rms: 0.1388E+02   max: -.2663E+03   C at   80  2   RLX: 0.002
       a =  2.000      CL =  0.4515
      Cm = -0.0769     CD =  0.01771   =>   CDf =  0.00681    CDp =  0.01090

 Side 1  free  transition at x/c =  0.7234   63
 Side 2  free  transition at x/c =  0.9925   79

 203   rms: 0.1285E+02   max: 0.2465E+03   C at   79  2   RLX: 0.006
       a =  2.000      CL =  0.4512
      Cm = -0.0768     CD =  0.01769   =>   CDf =  0.00681    CDp =  0.01087

 Side 1  free  transition at x/c =  0.7236   64
 Side 2  free  transition at x/c =  0.9912   79

 204   rms: 0.1995E+01   max: -.3798E+02   C at   80  2   RLX: 0.013
       a =  2.000      CL =  0.4509
      Cm = -0.0767     CD =  0.01768   =>   CDf =  0.00681    CDp =  0.01087

 Side 1  free  transition at x/c =  0.7234   63
 Side 2  free  transition at x/c =  0.9921   79

 205   rms: 0.1735E+02   max: -.3330E+03   C at   80  2   RLX: 0.002
       a =  2.000      CL =  0.4509
      Cm = -0.0767     CD =  0.01766   =>   CDf =  0.00682    CDp =  0.01084

 Side 1  free  transition at x/c =  0.7234   64
 Side 2  free  transition at x/c =  0.9925   79

 206   rms: 0.6402E+01   max: 0.1228E+03   C at   79  2   RLX: 0.012
       a =  2.000      CL =  0.4505
      Cm = -0.0766     CD =  0.01779   =>   CDf =  0.00682    CDp =  0.01097

 Side 1  free  transition at x/c =  0.7233   63
 Side 2  free  transition at x/c =  0.9915   79

 207   rms: 0.4500E+01   max: -.8634E+02   C at   80  2   RLX: 0.006
       a =  2.000      CL =  0.4503
      Cm = -0.0765     CD =  0.01766   =>   CDf =  0.00681    CDp =  0.01084

 Side 1  free  transition at x/c =  0.7234   64
 Side 2  free  transition at x/c =  0.9921   79

 208   rms: 0.1026E+02   max: -.1969E+03   C at   80  2   RLX: 0.003
       a =  2.000      CL =  0.4502
      Cm = -0.0765     CD =  0.01763   =>   CDf =  0.00683    CDp =  0.01080

 Side 1  free  transition at x/c =  0.7234   63
 Side 2  free  transition at x/c =  0.9925   79

 209   rms: 0.1276E+02   max: 0.2448E+03   C at   79  2   RLX: 0.006
       a =  2.000      CL =  0.4499
      Cm = -0.0763     CD =  0.01761   =>   CDf =  0.00682    CDp =  0.01078

 Side 1  free  transition at x/c =  0.7236   64
 Side 2  free  transition at x/c =  0.9914   79

 210   rms: 0.2260E+01   max: -.4311E+02   C at   80  2   RLX: 0.012
       a =  2.000      CL =  0.4497
      Cm = -0.0763     CD =  0.01759   =>   CDf =  0.00682    CDp =  0.01076

 Side 1  free  transition at x/c =  0.7234   64
 Side 2  free  transition at x/c =  0.9921   79

 211   rms: 0.1159E+02   max: -.2224E+03   C at   80  2   RLX: 0.002
       a =  2.000      CL =  0.4496
      Cm = -0.0762     CD =  0.01761   =>   CDf =  0.00683    CDp =  0.01078

 Side 1  free  transition at x/c =  0.7234   63
 Side 2  free  transition at x/c =  0.9926   79

 212   rms: 0.1026E+02   max: 0.1969E+03   C at   79  2   RLX: 0.008
       a =  2.000      CL =  0.4492
      Cm = -0.0760     CD =  0.01758   =>   CDf =  0.00683    CDp =  0.01075

 Side 1  free  transition at x/c =  0.7237   64
 Side 2  free  transition at x/c =  0.9914   79

 213   rms: 0.2185E+01   max: -.4165E+02   C at   80  2   RLX: 0.012
       a =  2.000      CL =  0.4491
      Cm = -0.0760     CD =  0.01753   =>   CDf =  0.00683    CDp =  0.01070

 Side 1  free  transition at x/c =  0.7234   64
 Side 2  free  transition at x/c =  0.9922   79

 214   rms: 0.4517E+02   max: -.8666E+03   C at   80  2   RLX: 0.001
       a =  2.000      CL =  0.4491
      Cm = -0.0760     CD =  0.01753   =>   CDf =  0.00684    CDp =  0.01070

 Side 1  free  transition at x/c =  0.7234   64
 Side 2  free  transition at x/c =  0.9927   79

 215   rms: 0.4170E+01   max: 0.7989E+02   C at   79  2   RLX: 0.019
       a =  2.000      CL =  0.4485
      Cm = -0.0759     CD =  0.01779   =>   CDf =  0.00683    CDp =  0.01095

 Side 1  free  transition at x/c =  0.7231   63
 Side 2  free  transition at x/c =  0.9916   79

 216   rms: 0.5464E+01   max: -.1049E+03   C at   80  2   RLX: 0.005
       a =  2.000      CL =  0.4485
      Cm = -0.0759     CD =  0.01757   =>   CDf =  0.00683    CDp =  0.01074

 Side 1  free  transition at x/c =  0.7233   63
 Side 2  free  transition at x/c =  0.9922   79

 217   rms: 0.4257E+02   max: -.8168E+03   C at   80  2   RLX: 0.001
       a =  2.000      CL =  0.4484
      Cm = -0.0758     CD =  0.01757   =>   CDf =  0.00684    CDp =  0.01073

 Side 1  free  transition at x/c =  0.7233   63
 Side 2  free  transition at x/c =  0.9926   79

 218   rms: 0.7938E+01   max: 0.1523E+03   C at   79  2   RLX: 0.010
       a =  2.000      CL =  0.4479
      Cm = -0.0755     CD =  0.01755   =>   CDf =  0.00684    CDp =  0.01072

 Side 1  free  transition at x/c =  0.7237   64
 Side 2  free  transition at x/c =  0.9914   79

 219   rms: 0.2317E+01   max: -.4421E+02   C at   80  2   RLX: 0.011
       a =  2.000      CL =  0.4477
      Cm = -0.0755     CD =  0.01743   =>   CDf =  0.00684    CDp =  0.01059

 Side 1  free  transition at x/c =  0.7235   64
 Side 2  free  transition at x/c =  0.9923   79

 220   rms: 0.1553E+03   max: -.2981E+04   C at   80  2   RLX: 0.000
       a =  2.000      CL =  0.4478
      Cm = -0.0755     CD =  0.01743   =>   CDf =  0.00685    CDp =  0.01058

 Side 1  free  transition at x/c =  0.7235   64
 Side 2  free  transition at x/c =  0.9927   79

 221   rms: 0.3807E+01   max: 0.7291E+02   C at   79  2   RLX: 0.021
       a =  2.000      CL =  0.4471
      Cm = -0.0754     CD =  0.01771   =>   CDf =  0.00684    CDp =  0.01087

 Side 1  free  transition at x/c =  0.7231   63
 Side 2  free  transition at x/c =  0.9918   79

 222   rms: 0.6414E+01   max: -.1231E+03   C at   80  2   RLX: 0.004
       a =  2.000      CL =  0.4472
      Cm = -0.0754     CD =  0.01750   =>   CDf =  0.00684    CDp =  0.01065

 Side 1  free  transition at x/c =  0.7233   63
 Side 2  free  transition at x/c =  0.9923   79

 223   rms: 0.9130E+02   max: 0.1752E+04   C at   80  2   RLX: 0.001
       a =  2.000      CL =  0.4471
      Cm = -0.0753     CD =  0.01749   =>   CDf =  0.00685    CDp =  0.01064

 MRCHDU: Convergence failed at  79  side 2    Res =  0.1149E-02
 Side 1  free  transition at x/c =  0.7233   63
 Side 2  free  transition at x/c =  0.9910   79

 224   rms: 0.2839E+01   max: -.5443E+02   C at   80  2   RLX: 0.009
       a =  2.000      CL =  0.4466
      Cm = -0.0750     CD =  0.01746   =>   CDf =  0.00684    CDp =  0.01063

 Side 1  free  transition at x/c =  0.7236   64
 Side 2  free  transition at x/c =  0.9918   79

 225   rms: 0.3591E+01   max: -.6877E+02   C at   80  2   RLX: 0.007
       a =  2.000      CL =  0.4466
      Cm = -0.0750     CD =  0.01734   =>   CDf =  0.00686    CDp =  0.01049

 Side 1  free  transition at x/c =  0.7235   64
 Side 2  free  transition at x/c =  0.9925   79

 226   rms: 0.9677E+01   max: 0.1856E+03   C at   79  2   RLX: 0.008
       a =  2.000      CL =  0.4464
      Cm = -0.0750     CD =  0.01745   =>   CDf =  0.00686    CDp =  0.01059

 Side 1  free  transition at x/c =  0.7233   63
 Side 2  free  transition at x/c =  0.9913   79

 227   rms: 0.3648E+01   max: -.6999E+02   C at   80  2   RLX: 0.007
       a =  2.000      CL =  0.4460
      Cm = -0.0747     CD =  0.01738   =>   CDf =  0.00685    CDp =  0.01053

 MRCHDU: Convergence failed at  79  side 2    Res =  0.2168E-02
 Side 1  free  transition at x/c =  0.7236   64
 Side 2  free  transition at x/c =  0.9920   79

 228   rms: 0.6637E+01   max: -.1273E+03   C at   80  2   RLX: 0.004
       a =  2.000      CL =  0.4461
      Cm = -0.0748     CD =  0.01727   =>   CDf =  0.00686    CDp =  0.01041

 Side 1  free  transition at x/c =  0.7235   64
 Side 2  free  transition at x/c =  0.9925   79

 229   rms: 0.6763E+01   max: 0.1297E+03   C at   79  2   RLX: 0.012
       a =  2.000      CL =  0.4458
      Cm = -0.0748     CD =  0.01743   =>   CDf =  0.00686    CDp =  0.01056

 Side 1  free  transition at x/c =  0.7233   63
 Side 2  free  transition at x/c =  0.9915   79

 230   rms: 0.4603E+01   max: -.8835E+02   C at   80  2   RLX: 0.006
       a =  2.000      CL =  0.4455
      Cm = -0.0746     CD =  0.01735   =>   CDf =  0.00686    CDp =  0.01050

 Side 1  free  transition at x/c =  0.7235   64
 Side 2  free  transition at x/c =  0.9922   79

 231   rms: 0.1466E+02   max: -.2814E+03   C at   80  2   RLX: 0.002
       a =  2.000      CL =  0.4456
      Cm = -0.0747     CD =  0.01726   =>   CDf =  0.00687    CDp =  0.01040

 Side 1  free  transition at x/c =  0.7235   64
 Side 2  free  transition at x/c =  0.9926   79

 232   rms: 0.5204E+01   max: 0.9977E+02   C at   79  2   RLX: 0.015
       a =  2.000      CL =  0.4452
      Cm = -0.0746     CD =  0.01747   =>   CDf =  0.00687    CDp =  0.01060

 Side 1  free  transition at x/c =  0.7233   63
 Side 2  free  transition at x/c =  0.9917   79

 233   rms: 0.5948E+01   max: -.1142E+03   C at   80  2   RLX: 0.004
       a =  2.000      CL =  0.4451
      Cm = -0.0745     CD =  0.01734   =>   CDf =  0.00686    CDp =  0.01048

 Side 1  free  transition at x/c =  0.7234   63
 Side 2  free  transition at x/c =  0.9923   79

 234   rms: 0.1520E+03   max: -.2917E+04   C at   80  2   RLX: 0.000
       a =  2.000      CL =  0.4451
      Cm = -0.0745     CD =  0.01734   =>   CDf =  0.00687    CDp =  0.01047

 Side 1  free  transition at x/c =  0.7234   63
 Side 2  free  transition at x/c =  0.9927   79

 235   rms: 0.7331E+01   max: 0.1407E+03   C at   79  2   RLX: 0.011
       a =  2.000      CL =  0.4446
      Cm = -0.0741     CD =  0.01729   =>   CDf =  0.00687    CDp =  0.01042

 Side 1  free  transition at x/c =  0.7238   64
 Side 2  free  transition at x/c =  0.9915   79

 236   rms: 0.2249E+01   max: -.4288E+02   C at   80  2   RLX: 0.012
       a =  2.000      CL =  0.4446
      Cm = -0.0742     CD =  0.01714   =>   CDf =  0.00687    CDp =  0.01027

 Side 1  free  transition at x/c =  0.7236   64
 Side 2  free  transition at x/c =  0.9923   79

 237   rms: 0.2392E+04   max: 0.4589E+05   C at   80  2   RLX: 0.000
       a =  2.000      CL =  0.4446
      Cm = -0.0742     CD =  0.01713   =>   CDf =  0.00688    CDp =  0.01026

 MRCHDU: Convergence failed at  79  side 2    Res =  0.1121E-02
 Side 1  free  transition at x/c =  0.7236   64
 Side 2  free  transition at x/c =  0.9909   79

 238   rms: 0.1468E+01   max: -.2771E+02   C at   80  2   RLX: 0.018
       a =  2.000      CL =  0.4440
      Cm = -0.0741     CD =  0.01736   =>   CDf =  0.00686    CDp =  0.01050

 Side 1  free  transition at x/c =  0.7233   63
 Side 2  free  transition at x/c =  0.9920   79

 239   rms: 0.1217E+02   max: -.2336E+03   C at   80  2   RLX: 0.002
       a =  2.000      CL =  0.4441
      Cm = -0.0742     CD =  0.01728   =>   CDf =  0.00688    CDp =  0.01040

 Side 1  free  transition at x/c =  0.7234   63
 Side 2  free  transition at x/c =  0.9925   79

 240   rms: 0.1502E+02   max: 0.2882E+03   C at   79  2   RLX: 0.005
       a =  2.000      CL =  0.4439
      Cm = -0.0740     CD =  0.01727   =>   CDf =  0.00688    CDp =  0.01039

 Side 1  free  transition at x/c =  0.7235   64
 Side 2  free  transition at x/c =  0.9913   79

 241   rms: 0.1861E+01   max: -.3536E+02   C at   80  2   RLX: 0.014
       a =  2.000      CL =  0.4436
      Cm = -0.0739     CD =  0.01732   =>   CDf =  0.00687    CDp =  0.01044

 Side 1  free  transition at x/c =  0.7233   63
 Side 2  free  transition at x/c =  0.9921   79

 242   rms: 0.1729E+02   max: -.3319E+03   C at   80  2   RLX: 0.002
       a =  2.000      CL =  0.4436
      Cm = -0.0740     CD =  0.01724   =>   CDf =  0.00688    CDp =  0.01036

 Side 1  free  transition at x/c =  0.7233   63
 Side 2  free  transition at x/c =  0.9926   79

 243   rms: 0.1115E+02   max: 0.2139E+03   C at   79  2   RLX: 0.007
       a =  2.000      CL =  0.4433
      Cm = -0.0737     CD =  0.01723   =>   CDf =  0.00688    CDp =  0.01035

 Side 1  free  transition at x/c =  0.7236   64
 Side 2  free  transition at x/c =  0.9914   79

 244   rms: 0.2021E+01   max: -.3846E+02   C at   80  2   RLX: 0.013
       a =  2.000      CL =  0.4431
      Cm = -0.0737     CD =  0.01722   =>   CDf =  0.00688    CDp =  0.01034

 Side 1  free  transition at x/c =  0.7234   63
 Side 2  free  transition at x/c =  0.9923   79

 245   rms: 0.8549E+02   max: -.1640E+04   C at   80  2   RLX: 0.000
       a =  2.000      CL =  0.4431
      Cm = -0.0737     CD =  0.01719   =>   CDf =  0.00689    CDp =  0.01031

 Side 1  free  transition at x/c =  0.7234   63
 Side 2  free  transition at x/c =  0.9927   79

 246   rms: 0.7377E+01   max: 0.1416E+03   C at   79  2   RLX: 0.011
       a =  2.000      CL =  0.4426
      Cm = -0.0734     CD =  0.01718   =>   CDf =  0.00688    CDp =  0.01030

 Side 1  free  transition at x/c =  0.7238   64
 Side 2  free  transition at x/c =  0.9915   79

 247   rms: 0.2313E+01   max: -.4412E+02   C at   80  2   RLX: 0.011
       a =  2.000      CL =  0.4427
      Cm = -0.0735     CD =  0.01704   =>   CDf =  0.00689    CDp =  0.01015

 Side 1  free  transition at x/c =  0.7236   64
 Side 2  free  transition at x/c =  0.9923   79

 248   rms: 0.6187E+02   max: 0.1187E+04   C at   80  2   RLX: 0.001
       a =  2.000      CL =  0.4426
      Cm = -0.0735     CD =  0.01705   =>   CDf =  0.00689    CDp =  0.01016

 Side 1  free  transition at x/c =  0.7236   64
 Side 2  free  transition at x/c =  0.9910   79

 249   rms: 0.1499E+01   max: -.2830E+02   C at   80  2   RLX: 0.018
       a =  2.000      CL =  0.4421
      Cm = -0.0734     CD =  0.01727   =>   CDf =  0.00688    CDp =  0.01040

 Side 1  free  transition at x/c =  0.7233   63
 Side 2  free  transition at x/c =  0.9920   79

 250   rms: 0.9706E+01   max: -.1863E+03   C at   80  2   RLX: 0.003
       a =  2.000      CL =  0.4422
      Cm = -0.0734     CD =  0.01717   =>   CDf =  0.00689    CDp =  0.01027

 Side 1  free  transition at x/c =  0.7233   63
 Side 2  free  transition at x/c =  0.9925   79

 251   rms: 0.1938E+02   max: 0.3719E+03   C at   79  2   RLX: 0.004
       a =  2.000      CL =  0.4420
      Cm = -0.0733     CD =  0.01716   =>   CDf =  0.00689    CDp =  0.01027

 Side 1  free  transition at x/c =  0.7235   64
 Side 2  free  transition at x/c =  0.9912   79

 252   rms: 0.1738E+01   max: -.3297E+02   C at   80  2   RLX: 0.015
       a =  2.000      CL =  0.4417
      Cm = -0.0732     CD =  0.01726   =>   CDf =  0.00689    CDp =  0.01037

 Side 1  free  transition at x/c =  0.7232   63
 Side 2  free  transition at x/c =  0.9922   79

 253   rms: 0.2748E+02   max: -.5274E+03   C at   80  2   RLX: 0.001
       a =  2.000      CL =  0.4418
      Cm = -0.0733     CD =  0.01714   =>   CDf =  0.00690    CDp =  0.01025

 Side 1  free  transition at x/c =  0.7233   63
 Side 2  free  transition at x/c =  0.9926   79

 254   rms: 0.8556E+01   max: 0.1642E+03   C at   79  2   RLX: 0.009
       a =  2.000      CL =  0.4414
      Cm = -0.0730     CD =  0.01713   =>   CDf =  0.00689    CDp =  0.01023

 Side 1  free  transition at x/c =  0.7236   64
 Side 2  free  transition at x/c =  0.9915   79

 255   rms: 0.2174E+01   max: -.4143E+02   C at   80  2   RLX: 0.012
       a =  2.000      CL =  0.4412
      Cm = -0.0730     CD =  0.01711   =>   CDf =  0.00690    CDp =  0.01021

 Side 1  free  transition at x/c =  0.7234   63
 Side 2  free  transition at x/c =  0.9923   79

 256   rms: 0.9286E+03   max: -.1782E+05   C at   80  2   RLX: 0.000
       a =  2.000      CL =  0.4413
      Cm = -0.0730     CD =  0.01708   =>   CDf =  0.00690    CDp =  0.01018

 Side 1  free  transition at x/c =  0.7234   63
 Side 2  free  transition at x/c =  0.9927   79

 257   rms: 0.6320E+01   max: 0.1213E+03   C at   79  2   RLX: 0.012
       a =  2.000      CL =  0.4407
      Cm = -0.0726     CD =  0.01707   =>   CDf =  0.00690    CDp =  0.01017

 Side 1  free  transition at x/c =  0.7239   64
 Side 2  free  transition at x/c =  0.9916   79

 258   rms: 0.2547E+01   max: -.4865E+02   C at   80  2   RLX: 0.010
       a =  2.000      CL =  0.4409
      Cm = -0.0728     CD =  0.01687   =>   CDf =  0.00691    CDp =  0.00996

 Side 1  free  transition at x/c =  0.7237   64
 Side 2  free  transition at x/c =  0.9924   79

 259   rms: 0.1781E+02   max: 0.3417E+03   C at   79  2   RLX: 0.004
       a =  2.000      CL =  0.4407
      Cm = -0.0728     CD =  0.01692   =>   CDf =  0.00691    CDp =  0.01001

 Side 1  free  transition at x/c =  0.7236   64
 Side 2  free  transition at x/c =  0.9911   79

 260   rms: 0.1637E+01   max: -.3100E+02   C at   80  2   RLX: 0.016
       a =  2.000      CL =  0.4403
      Cm = -0.0727     CD =  0.01712   =>   CDf =  0.00690    CDp =  0.01023

 Side 1  free  transition at x/c =  0.7233   63
 Side 2  free  transition at x/c =  0.9922   79

 261   rms: 0.2583E+02   max: -.4958E+03   C at   80  2   RLX: 0.001
       a =  2.000      CL =  0.4405
      Cm = -0.0728     CD =  0.01705   =>   CDf =  0.00691    CDp =  0.01014

 Side 1  free  transition at x/c =  0.7233   63
 Side 2  free  transition at x/c =  0.9927   79

 262   rms: 0.8383E+01   max: 0.1609E+03   C at   79  2   RLX: 0.009
       a =  2.000      CL =  0.4400
      Cm = -0.0724     CD =  0.01704   =>   CDf =  0.00691    CDp =  0.01013

 Side 1  free  transition at x/c =  0.7237   64
 Side 2  free  transition at x/c =  0.9915   79

 263   rms: 0.2186E+01   max: -.4166E+02   C at   80  2   RLX: 0.012
       a =  2.000      CL =  0.4399
      Cm = -0.0725     CD =  0.01696   =>   CDf =  0.00691    CDp =  0.01005

 Side 1  free  transition at x/c =  0.7234   64
 Side 2  free  transition at x/c =  0.9923   79

 264   rms: 0.1393E+03   max: 0.2673E+04   C at   80  2   RLX: 0.001
       a =  2.000      CL =  0.4399
      Cm = -0.0725     CD =  0.01697   =>   CDf =  0.00692    CDp =  0.01005

 Side 1  free  transition at x/c =  0.7234   64
 Side 2  free  transition at x/c =  0.9910   79

 265   rms: 0.1494E+01   max: -.2820E+02   C at   80  2   RLX: 0.018
       a =  2.000      CL =  0.4395
      Cm = -0.0724     CD =  0.01720   =>   CDf =  0.00690    CDp =  0.01030

 Side 1  free  transition at x/c =  0.7232   63
 Side 2  free  transition at x/c =  0.9922   79

 266   rms: 0.2069E+02   max: -.3971E+03   C at   80  2   RLX: 0.001
       a =  2.000      CL =  0.4398
      Cm = -0.0726     CD =  0.01703   =>   CDf =  0.00691    CDp =  0.01012

 Side 1  free  transition at x/c =  0.7232   63
 Side 2  free  transition at x/c =  0.9926   79

 267   rms: 0.9229E+01   max: 0.1771E+03   C at   79  2   RLX: 0.008
       a =  2.000      CL =  0.4394
      Cm = -0.0723     CD =  0.01702   =>   CDf =  0.00691    CDp =  0.01010

 Side 1  free  transition at x/c =  0.7235   64
 Side 2  free  transition at x/c =  0.9914   79

 268   rms: 0.2016E+01   max: -.3837E+02   C at   80  2   RLX: 0.013
       a =  2.000      CL =  0.4391
      Cm = -0.0722     CD =  0.01706   =>   CDf =  0.00691    CDp =  0.01015

 Side 1  free  transition at x/c =  0.7233   63
 Side 2  free  transition at x/c =  0.9923   79

 269   rms: 0.1906E+03   max: -.3658E+04   C at   80  2   RLX: 0.000
       a =  2.000      CL =  0.4393
      Cm = -0.0723     CD =  0.01697   =>   CDf =  0.00692    CDp =  0.01005

 Side 1  free  transition at x/c =  0.7233   63
 Side 2  free  transition at x/c =  0.9927   79

 270   rms: 0.6734E+01   max: 0.1292E+03   C at   79  2   RLX: 0.012
       a =  2.000      CL =  0.4387
      Cm = -0.0719     CD =  0.01696   =>   CDf =  0.00692    CDp =  0.01004

 Side 1  free  transition at x/c =  0.7237   64
 Side 2  free  transition at x/c =  0.9916   79

 271   rms: 0.2475E+01   max: -.4726E+02   C at   80  2   RLX: 0.011
       a =  2.000      CL =  0.4388
      Cm = -0.0720     CD =  0.01684   =>   CDf =  0.00692    CDp =  0.00992

 Side 1  free  transition at x/c =  0.7235   64
 Side 2  free  transition at x/c =  0.9924   79

 272   rms: 0.5263E+02   max: 0.1010E+04   C at   80  2   RLX: 0.001
       a =  2.000      CL =  0.4387
      Cm = -0.0720     CD =  0.01686   =>   CDf =  0.00693    CDp =  0.00993

 Side 1  free  transition at x/c =  0.7235   64
 Side 2  free  transition at x/c =  0.9910   79

 273   rms: 0.1493E+01   max: -.2819E+02   C at   80  2   RLX: 0.018
       a =  2.000      CL =  0.4383
      Cm = -0.0719     CD =  0.01709   =>   CDf =  0.00691    CDp =  0.01017

 Side 1  free  transition at x/c =  0.7232   63
 Side 2  free  transition at x/c =  0.9921   79

 274   rms: 0.1413E+02   max: -.2713E+03   C at   80  2   RLX: 0.002
       a =  2.000      CL =  0.4385
      Cm = -0.0720     CD =  0.01694   =>   CDf =  0.00692    CDp =  0.01002

 Side 1  free  transition at x/c =  0.7233   63
 Side 2  free  transition at x/c =  0.9926   79

 275   rms: 0.1246E+02   max: 0.2390E+03   C at   79  2   RLX: 0.006
       a =  2.000      CL =  0.4382
      Cm = -0.0718     CD =  0.01694   =>   CDf =  0.00693    CDp =  0.01001

 Side 1  free  transition at x/c =  0.7235   64
 Side 2  free  transition at x/c =  0.9913   79

 276   rms: 0.1896E+01   max: -.3605E+02   C at   80  2   RLX: 0.014
       a =  2.000      CL =  0.4379
      Cm = -0.0718     CD =  0.01702   =>   CDf =  0.00692    CDp =  0.01009

 Side 1  free  transition at x/c =  0.7233   63
 Side 2  free  transition at x/c =  0.9923   79

 277   rms: 0.7459E+02   max: -.1431E+04   C at   80  2   RLX: 0.000
       a =  2.000      CL =  0.4381
      Cm = -0.0719     CD =  0.01691   =>   CDf =  0.00693    CDp =  0.00998

 Side 1  free  transition at x/c =  0.7233   63
 Side 2  free  transition at x/c =  0.9927   79

 278   rms: 0.7050E+01   max: 0.1353E+03   C at   79  2   RLX: 0.011
       a =  2.000      CL =  0.4376
      Cm = -0.0715     CD =  0.01689   =>   CDf =  0.00693    CDp =  0.00997

 Side 1  free  transition at x/c =  0.7237   64
 Side 2  free  transition at x/c =  0.9915   79

 279   rms: 0.2143E+01   max: -.4083E+02   C at   80  2   RLX: 0.012
       a =  2.000      CL =  0.4376
      Cm = -0.0716     CD =  0.01683   =>   CDf =  0.00693    CDp =  0.00989

 Side 1  free  transition at x/c =  0.7234   64
 Side 2  free  transition at x/c =  0.9923   79

 280   rms: 0.1571E+03   max: -.3015E+04   C at   80  2   RLX: 0.000
       a =  2.000      CL =  0.4376
      Cm = -0.0716     CD =  0.01682   =>   CDf =  0.00694    CDp =  0.00989

 Side 1  free  transition at x/c =  0.7234   64
 Side 2  free  transition at x/c =  0.9928   79

 281   rms: 0.3421E+01   max: 0.6549E+02   C at   79  2   RLX: 0.023
       a =  2.000      CL =  0.4371
      Cm = -0.0716     CD =  0.01714   =>   CDf =  0.00693    CDp =  0.01021

 Side 1  free  transition at x/c =  0.7231   63
 Side 2  free  transition at x/c =  0.9920   79

 282   rms: 0.9222E+01   max: -.1771E+03   C at   80  2   RLX: 0.003
       a =  2.000      CL =  0.4374
      Cm = -0.0716     CD =  0.01690   =>   CDf =  0.00693    CDp =  0.00997

 Side 1  free  transition at x/c =  0.7232   63
 Side 2  free  transition at x/c =  0.9925   79

 283   rms: 0.1848E+02   max: 0.3545E+03   C at   79  2   RLX: 0.004
       a =  2.000      CL =  0.4371
      Cm = -0.0715     CD =  0.01689   =>   CDf =  0.00693    CDp =  0.00996

 Side 1  free  transition at x/c =  0.7233   63
 Side 2  free  transition at x/c =  0.9912   79

 284   rms: 0.3062E+01   max: -.5877E+02   C at   80  2   RLX: 0.009
       a =  2.000      CL =  0.4367
      Cm = -0.0712     CD =  0.01687   =>   CDf =  0.00693    CDp =  0.00994

 Side 1  free  transition at x/c =  0.7236   64
 Side 2  free  transition at x/c =  0.9919   79

 285   rms: 0.4198E+01   max: -.8047E+02   C at   80  2   RLX: 0.006
       a =  2.000      CL =  0.4368
      Cm = -0.0713     CD =  0.01673   =>   CDf =  0.00694    CDp =  0.00979

 Side 1  free  transition at x/c =  0.7235   64
 Side 2  free  transition at x/c =  0.9926   79

 286   rms: 0.6341E+01   max: 0.1216E+03   C at   79  2   RLX: 0.012
       a =  2.000      CL =  0.4366
      Cm = -0.0713     CD =  0.01690   =>   CDf =  0.00694    CDp =  0.00995

 Side 1  free  transition at x/c =  0.7233   63
 Side 2  free  transition at x/c =  0.9916   79

 287   rms: 0.4531E+01   max: -.8700E+02   C at   80  2   RLX: 0.006
       a =  2.000      CL =  0.4364
      Cm = -0.0711     CD =  0.01680   =>   CDf =  0.00694    CDp =  0.00986

 Side 1  free  transition at x/c =  0.7235   64
 Side 2  free  transition at x/c =  0.9922   79

 288   rms: 0.1096E+02   max: -.2103E+03   C at   80  2   RLX: 0.002
       a =  2.000      CL =  0.4365
      Cm = -0.0712     CD =  0.01675   =>   CDf =  0.00695    CDp =  0.00980

 Side 1  free  transition at x/c =  0.7234   64
 Side 2  free  transition at x/c =  0.9926   79

 289   rms: 0.5394E+01   max: 0.1034E+03   C at   79  2   RLX: 0.015
       a =  2.000      CL =  0.4362
      Cm = -0.0711     CD =  0.01695   =>   CDf =  0.00695    CDp =  0.01000

 Side 1  free  transition at x/c =  0.7232   63
 Side 2  free  transition at x/c =  0.9917   79

 290   rms: 0.5243E+01   max: -.1007E+03   C at   80  2   RLX: 0.005
       a =  2.000      CL =  0.4362
      Cm = -0.0711     CD =  0.01680   =>   CDf =  0.00694    CDp =  0.00986

 Side 1  free  transition at x/c =  0.7234   63
 Side 2  free  transition at x/c =  0.9923   79

 291   rms: 0.6272E+02   max: -.1203E+04   C at   80  2   RLX: 0.000
       a =  2.000      CL =  0.4361
      Cm = -0.0711     CD =  0.01680   =>   CDf =  0.00695    CDp =  0.00985

 Side 1  free  transition at x/c =  0.7234   63
 Side 2  free  transition at x/c =  0.9927   79

 292   rms: 0.6716E+01   max: 0.1289E+03   C at   79  2   RLX: 0.012
       a =  2.000      CL =  0.4357
      Cm = -0.0707     CD =  0.01679   =>   CDf =  0.00695    CDp =  0.00984

 Side 1  free  transition at x/c =  0.7238   64
 Side 2  free  transition at x/c =  0.9916   79

 293   rms: 0.2484E+01   max: -.4744E+02   C at   80  2   RLX: 0.011
       a =  2.000      CL =  0.4359
      Cm = -0.0709     CD =  0.01657   =>   CDf =  0.00695    CDp =  0.00962

 Side 1  free  transition at x/c =  0.7236   64
 Side 2  free  transition at x/c =  0.9924   79

 294   rms: 0.2347E+02   max: 0.4503E+03   C at   79  2   RLX: 0.003
       a =  2.000      CL =  0.4358
      Cm = -0.0709     CD =  0.01661   =>   CDf =  0.00696    CDp =  0.00966

 Side 1  free  transition at x/c =  0.7236   64
 Side 2  free  transition at x/c =  0.9911   79

 295   rms: 0.1513E+01   max: -.2857E+02   C at   80  2   RLX: 0.018
       a =  2.000      CL =  0.4354
      Cm = -0.0708     CD =  0.01684   =>   CDf =  0.00694    CDp =  0.00990

 MRCHDU: Convergence failed at  79  side 2    Res =  0.2300E-02
 Side 1  free  transition at x/c =  0.7233   63
 Side 2  free  transition at x/c =  0.9923   79

 296   rms: 0.2927E+02   max: -.5619E+03   C at   80  2   RLX: 0.001
       a =  2.000      CL =  0.4356
      Cm = -0.0709     CD =  0.01675   =>   CDf =  0.00695    CDp =  0.00979

 Side 1  free  transition at x/c =  0.7233   63
 Side 2  free  transition at x/c =  0.9927   79

 297   rms: 0.7801E+01   max: 0.1497E+03   C at   79  2   RLX: 0.010
       a =  2.000      CL =  0.4352
      Cm = -0.0706     CD =  0.01674   =>   CDf =  0.00695    CDp =  0.00979

 Side 1  free  transition at x/c =  0.7237   64
 Side 2  free  transition at x/c =  0.9915   79

 298   rms: 0.2086E+01   max: -.3973E+02   C at   80  2   RLX: 0.013
       a =  2.000      CL =  0.4351
      Cm = -0.0707     CD =  0.01667   =>   CDf =  0.00695    CDp =  0.00972

 Side 1  free  transition at x/c =  0.7234   64
 Side 2  free  transition at x/c =  0.9924   79

 299   rms: 0.3598E+02   max: 0.6901E+03   C at   79  2   RLX: 0.002
       a =  2.000      CL =  0.4351
      Cm = -0.0707     CD =  0.01670   =>   CDf =  0.00696    CDp =  0.00974

 Side 1  free  transition at x/c =  0.7234   63
 Side 2  free  transition at x/c =  0.9911   79

 300   rms: 0.2626E+01   max: -.5037E+02   C at   80  2   RLX: 0.010
       a =  2.000      CL =  0.4346
      Cm = -0.0703     CD =  0.01667   =>   CDf =  0.00694    CDp =  0.00973

 Side 1  free  transition at x/c =  0.7238   64
 Side 2  free  transition at x/c =  0.9919   79

 301   rms: 0.3621E+01   max: -.6936E+02   C at   80  2   RLX: 0.007
       a =  2.000      CL =  0.4349
      Cm = -0.0705     CD =  0.01651   =>   CDf =  0.00697    CDp =  0.00954

 Side 1  free  transition at x/c =  0.7237   64
 Side 2  free  transition at x/c =  0.9926   79

 302   rms: 0.7912E+01   max: 0.1518E+03   C at   79  2   RLX: 0.010
       a =  2.000      CL =  0.4348
      Cm = -0.0705     CD =  0.01664   =>   CDf =  0.00697    CDp =  0.00967

 Side 1  free  transition at x/c =  0.7235   64
 Side 2  free  transition at x/c =  0.9915   79

 303   rms: 0.2043E+01   max: -.3889E+02   C at   80  2   RLX: 0.013
       a =  2.000      CL =  0.4345
      Cm = -0.0705     CD =  0.01680   =>   CDf =  0.00696    CDp =  0.00984

 Side 1  free  transition at x/c =  0.7233   63
 Side 2  free  transition at x/c =  0.9924   79

 304   rms: 0.1504E+03   max: 0.2886E+04   C at   80  2   RLX: 0.001
       a =  2.000      CL =  0.4346
      Cm = -0.0706     CD =  0.01669   =>   CDf =  0.00696    CDp =  0.00973

 Side 1  free  transition at x/c =  0.7233   63
 Side 2  free  transition at x/c =  0.9910   79

 305   rms: 0.2595E+01   max: -.4978E+02   C at   80  2   RLX: 0.010
       a =  2.000      CL =  0.4342
      Cm = -0.0702     CD =  0.01667   =>   CDf =  0.00695    CDp =  0.00972
 VISCAL:  Convergence failed

 Sequence halted since previous  4 points did not converge
 Last-converged  alpha =   0.000    CL =   0.49715

.OPERva   c>   Calculating wake trajectory ...
 Calculating source influence matrix ...

 Solving BL system ...

 Side 1  free  transition at x/c =  0.7236   64
 Side 2  free  transition at x/c =  0.9918   79

   1   rms: 0.3163E+02   max: -.6066E+03   C at   80  2   RLX: 0.001
       a = 10.000      CL =  0.4279
      Cm = -0.0699     CD =  0.01648   =>   CDf =  0.00697    CDp =  0.00951

 Side 1  free  transition at x/c =  0.7235   64
 Side 2  free  transition at x/c =  0.9923   79

   2   rms: 0.7331E+03   max: -.1407E+05   C at   80  2   RLX: 0.000
       a = 10.000      CL =  0.4279
      Cm = -0.0698     CD =  0.01648   =>   CDf =  0.00698    CDp =  0.00950

 Side 1  free  transition at x/c =  0.7235   64
 Side 2  free  transition at x/c =  0.9928   79

   3   rms: 0.3193E+02   max: 0.6123E+03   C at   79  2   RLX: 0.002
       a = 10.000      CL =  0.4241
      Cm = -0.0684     CD =  0.01651   =>   CDf =  0.00698    CDp =  0.00953

 Side 1  free  transition at x/c =  0.7232   63
 Side 2  free  transition at x/c =  0.9916   79

   4   rms: 0.3369E+02   max: -.6448E+03   C at   80  2   RLX: 0.001
       a = 10.000      CL =  0.4230
      Cm = -0.0678     CD =  0.01630   =>   CDf =  0.00700    CDp =  0.00931

 Side 1  free  transition at x/c =  0.7234   64
 Side 2  free  transition at x/c =  0.9922   79

   5   rms: 0.1035E+03   max: -.1986E+04   C at   80  2   RLX: 0.000
       a = 10.000      CL =  0.4226
      Cm = -0.0677     CD =  0.01627   =>   CDf =  0.00702    CDp =  0.00925

 Side 1  free  transition at x/c =  0.7234   63
 Side 2  free  transition at x/c =  0.9927   79

   6   rms: 0.6840E+02   max: 0.1312E+04   C at   79  2   RLX: 0.001
       a = 10.000      CL =  0.4207
      Cm = -0.0668     CD =  0.01614   =>   CDf =  0.00702    CDp =  0.00913

 Side 1  free  transition at x/c =  0.7237   64
 Side 2  free  transition at x/c =  0.9916   79

   7   rms: 0.2160E+02   max: -.4140E+03   C at   80  2   RLX: 0.001
       a = 10.000      CL =  0.4192
      Cm = -0.0662     CD =  0.01593   =>   CDf =  0.00703    CDp =  0.00890

 Side 1  free  transition at x/c =  0.7236   64
 Side 2  free  transition at x/c =  0.9922   79

   8   rms: 0.8895E+02   max: -.1707E+04   C at   80  2   RLX: 0.000
       a = 10.000      CL =  0.4187
      Cm = -0.0660     CD =  0.01594   =>   CDf =  0.00705    CDp =  0.00889

 Side 1  free  transition at x/c =  0.7235   64
 Side 2  free  transition at x/c =  0.9927   79

   9   rms: 0.4339E+02   max: 0.8323E+03   C at   79  2   RLX: 0.002
       a = 10.000      CL =  0.4160
      Cm = -0.0650     CD =  0.01596   =>   CDf =  0.00705    CDp =  0.00891

 Side 1  free  transition at x/c =  0.7233   63
 Side 2  free  transition at x/c =  0.9914   79

  10   rms: 0.2872E+02   max: -.5490E+03   C at   80  2   RLX: 0.001
       a = 10.000      CL =  0.4146
      Cm = -0.0642     CD =  0.01577   =>   CDf =  0.00705    CDp =  0.00872

 Side 1  free  transition at x/c =  0.7235   64
 Side 2  free  transition at x/c =  0.9924   79

  11   rms: 0.2938E+03   max: 0.5637E+04   C at   80  2   RLX: 0.000
       a = 10.000      CL =  0.4143
      Cm = -0.0642     CD =  0.01568   =>   CDf =  0.00708    CDp =  0.00860

 Side 1  free  transition at x/c =  0.7235   64
 Side 2  free  transition at x/c =  0.9911   79

  12   rms: 0.1356E+02   max: -.2591E+03   C at   80  2   RLX: 0.002
       a = 10.000      CL =  0.4113
      Cm = -0.0630     CD =  0.01570   =>   CDf =  0.00706    CDp =  0.00863

 Side 1  free  transition at x/c =  0.7232   63
 Side 2  free  transition at x/c =  0.9925   79

  13   rms: 0.4772E+03   max: 0.9154E+04   C at   80  2   RLX: 0.000
       a = 10.000      CL =  0.4113
      Cm = -0.0630     CD =  0.01558   =>   CDf =  0.00710    CDp =  0.00848

 Side 1  free  transition at x/c =  0.7233   63
 Side 2  free  transition at x/c =  0.9911   79

  14   rms: 0.2309E+02   max: -.4402E+03   C at   80  2   RLX: 0.001
       a = 10.000      CL =  0.4093
      Cm = -0.0620     CD =  0.01545   =>   CDf =  0.00708    CDp =  0.00837

 Side 1  free  transition at x/c =  0.7236   64
 Side 2  free  transition at x/c =  0.9923   79

  15   rms: 0.1765E+03   max: -.3387E+04   C at   80  2   RLX: 0.000
       a = 10.000      CL =  0.4094
      Cm = -0.0621     CD =  0.01530   =>   CDf =  0.00712    CDp =  0.00818

 Side 1  free  transition at x/c =  0.7236   64
 Side 2  free  transition at x/c =  0.9927   79

  16   rms: 0.3728E+02   max: 0.7152E+03   C at   79  2   RLX: 0.002
       a = 10.000      CL =  0.4062
      Cm = -0.0609     CD =  0.01534   =>   CDf =  0.00712    CDp =  0.00822

 Side 1  free  transition at x/c =  0.7233   63
 Side 2  free  transition at x/c =  0.9918   79

  17   rms: 0.4181E+02   max: -.8015E+03   C at   80  2   RLX: 0.001
       a = 10.000      CL =  0.4053
      Cm = -0.0604     CD =  0.01519   =>   CDf =  0.00713    CDp =  0.00806

 Side 1  free  transition at x/c =  0.7235   64
 Side 2  free  transition at x/c =  0.9923   79

  18   rms: 0.1071E+03   max: -.2055E+04   C at   80  2   RLX: 0.000
       a = 10.000      CL =  0.4050
      Cm = -0.0603     CD =  0.01514   =>   CDf =  0.00715    CDp =  0.00799

 Side 1  free  transition at x/c =  0.7234   64
 Side 2  free  transition at x/c =  0.9928   79

  19   rms: 0.3494E+02   max: 0.6703E+03   C at   79  2   RLX: 0.002
       a = 10.000      CL =  0.4016
      Cm = -0.0590     CD =  0.01518   =>   CDf =  0.00714    CDp =  0.00804

 Side 1  free  transition at x/c =  0.7231   63
 Side 2  free  transition at x/c =  0.9914   79

  20   rms: 0.2724E+02   max: -.5203E+03   C at   80  2   RLX: 0.001
       a = 10.000      CL =  0.4003
      Cm = -0.0584     CD =  0.01490   =>   CDf =  0.00715    CDp =  0.00775

 Side 1  free  transition at x/c =  0.7234   63
 Side 2  free  transition at x/c =  0.9919   79

  21   rms: 0.5248E+02   max: -.1007E+04   C at   80  2   RLX: 0.000
       a = 10.000      CL =  0.3995
      Cm = -0.0580     CD =  0.01481   =>   CDf =  0.00718    CDp =  0.00763

 Side 1  free  transition at x/c =  0.7236   64
 Side 2  free  transition at x/c =  0.9924   79

  22   rms: 0.3463E+03   max: -.6646E+04   C at   80  2   RLX: 0.000
       a = 10.000      CL =  0.3996
      Cm = -0.0580     CD =  0.01471   =>   CDf =  0.00719    CDp =  0.00752

 Side 1  free  transition at x/c =  0.7236   64
 Side 2  free  transition at x/c =  0.9928   79

  23   rms: 0.2761E+02   max: 0.5295E+03   C at   79  2   RLX: 0.003
       a = 10.000      CL =  0.3954
      Cm = -0.0564     CD =  0.01477   =>   CDf =  0.00719    CDp =  0.00758

 Side 1  free  transition at x/c =  0.7231   63
 Side 2  free  transition at x/c =  0.9903   79

  24   rms: 0.1336E+02   max: -.2493E+03   C at   80  2   RLX: 0.002
       a = 10.000      CL =  0.3923
      Cm = -0.0548     CD =  0.01436   =>   CDf =  0.00717    CDp =  0.00720

 Side 1  free  transition at x/c =  0.7238   64
 Side 2  free  transition at x/c =  0.9908   79

  25   rms: 0.1005E+02   max: -.1913E+03   C at   80  2   RLX: 0.003
       a = 10.000      CL =  0.3891
      Cm = -0.0537     CD =  0.01414   =>   CDf =  0.00722    CDp =  0.00693

 Side 1  free  transition at x/c =  0.7234   63
 Side 2  free  transition at x/c =  0.9901   79

  26   rms: 0.1348E+02   max: -.2520E+03   C at   80  2   RLX: 0.002
       a = 10.000      CL =  0.3859
      Cm = -0.0520     CD =  0.01390   =>   CDf =  0.00722    CDp =  0.00667

 Side 1  free  transition at x/c =  0.7241   64
 Side 2  free  transition at x/c =  0.9913   79

  27   rms: 0.1390E+02   max: -.2663E+03   C at   80  2   RLX: 0.002
       a = 10.000      CL =  0.3843
      Cm = -0.0516     CD =  0.01354   =>   CDf =  0.00728    CDp =  0.00626

 Side 1  free  transition at x/c =  0.7238   64
 Side 2  free  transition at x/c =  0.9918   79

  28   rms: 0.2236E+02   max: -.4292E+03   C at   80  2   RLX: 0.001
       a = 10.000      CL =  0.3827
      Cm = -0.0510     CD =  0.01356   =>   CDf =  0.00731    CDp =  0.00625

 Side 1  free  transition at x/c =  0.7236   64
 Side 2  free  transition at x/c =  0.9923   79

  29   rms: 0.8010E+02   max: -.1538E+04   C at   80  2   RLX: 0.000
       a = 10.000      CL =  0.3822
      Cm = -0.0508     CD =  0.01357   =>   CDf =  0.00733    CDp =  0.00624

 Side 1  free  transition at x/c =  0.7235   64
 Side 2  free  transition at x/c =  0.9927   79

  30   rms: 0.4141E+02   max: 0.7948E+03   C at   79  2   RLX: 0.002
       a = 10.000      CL =  0.3796
      Cm = -0.0498     CD =  0.01362   =>   CDf =  0.00733    CDp =  0.00630

 Side 1  free  transition at x/c =  0.7232   63
 Side 2  free  transition at x/c =  0.9911   79

  31   rms: 0.2121E+02   max: -.4032E+03   C at   80  2   RLX: 0.001
       a = 10.000      CL =  0.3779
      Cm = -0.0489     CD =  0.01337   =>   CDf =  0.00732    CDp =  0.00605

 Side 1  free  transition at x/c =  0.7236   64
 Side 2  free  transition at x/c =  0.9919   79

  32   rms: 0.2341E+02   max: -.4495E+03   C at   80  2   RLX: 0.001
       a = 10.000      CL =  0.3767
      Cm = -0.0485     CD =  0.01325   =>   CDf =  0.00736    CDp =  0.00589

 Side 1  free  transition at x/c =  0.7234   64
 Side 2  free  transition at x/c =  0.9923   79

  33   rms: 0.8366E+02   max: -.1606E+04   C at   80  2   RLX: 0.000
       a = 10.000      CL =  0.3763
      Cm = -0.0483     CD =  0.01325   =>   CDf =  0.00737    CDp =  0.00588

 Side 1  free  transition at x/c =  0.7234   63
 Side 2  free  transition at x/c =  0.9928   79

  34   rms: 0.6573E+02   max: 0.1261E+04   C at   79  2   RLX: 0.001
       a = 10.000      CL =  0.3745
      Cm = -0.0474     CD =  0.01311   =>   CDf =  0.00737    CDp =  0.00574

 Side 1  free  transition at x/c =  0.7238   64
 Side 2  free  transition at x/c =  0.9914   79

  35   rms: 0.1412E+02   max: -.2704E+03   C at   80  2   RLX: 0.002
       a = 10.000      CL =  0.3724
      Cm = -0.0467     CD =  0.01292   =>   CDf =  0.00737    CDp =  0.00555

 Side 1  free  transition at x/c =  0.7235   64
 Side 2  free  transition at x/c =  0.9919   79

  36   rms: 0.2447E+02   max: -.4698E+03   C at   80  2   RLX: 0.001
       a = 10.000      CL =  0.3710
      Cm = -0.0462     CD =  0.01295   =>   CDf =  0.00740    CDp =  0.00555

 Side 1  free  transition at x/c =  0.7233   63
 Side 2  free  transition at x/c =  0.9924   79

  37   rms: 0.1982E+03   max: -.3805E+04   C at   80  2   RLX: 0.000
       a = 10.000      CL =  0.3710
      Cm = -0.0462     CD =  0.01287   =>   CDf =  0.00741    CDp =  0.00546

 Side 1  free  transition at x/c =  0.7233   63
 Side 2  free  transition at x/c =  0.9928   79

  38   rms: 0.5267E+02   max: 0.1010E+04   C at   79  2   RLX: 0.001
       a = 10.000      CL =  0.3687
      Cm = -0.0450     CD =  0.01272   =>   CDf =  0.00741    CDp =  0.00530

 Side 1  free  transition at x/c =  0.7239   64
 Side 2  free  transition at x/c =  0.9916   79

  39   rms: 0.1545E+02   max: -.2962E+03   C at   80  2   RLX: 0.002
       a = 10.000      CL =  0.3671
      Cm = -0.0445     CD =  0.01248   =>   CDf =  0.00743    CDp =  0.00506

 Side 1  free  transition at x/c =  0.7236   64
 Side 2  free  transition at x/c =  0.9920   79

  40   rms: 0.2633E+02   max: -.5056E+03   C at   80  2   RLX: 0.001
       a = 10.000      CL =  0.3658
      Cm = -0.0440     CD =  0.01251   =>   CDf =  0.00745    CDp =  0.00506

 Side 1  free  transition at x/c =  0.7234   63
 Side 2  free  transition at x/c =  0.9924   79

  41   rms: 0.3932E+03   max: -.7549E+04   C at   80  2   RLX: 0.000
       a = 10.000      CL =  0.3657
      Cm = -0.0439     CD =  0.01248   =>   CDf =  0.00746    CDp =  0.00502

 Side 1  free  transition at x/c =  0.7234   63
 Side 2  free  transition at x/c =  0.9929   79

  42   rms: 0.4355E+02   max: 0.8347E+03   C at   79  2   RLX: 0.002
       a = 10.000      CL =  0.3630
      Cm = -0.0425     CD =  0.01230   =>   CDf =  0.00746    CDp =  0.00484

 Side 1  free  transition at x/c =  0.7242   64
 Side 2  free  transition at x/c =  0.9920   79

  43   rms: 0.2614E+02   max: -.5023E+03   C at   80  2   RLX: 0.001
       a = 10.000      CL =  0.3627
      Cm = -0.0427     CD =  0.01196   =>   CDf =  0.00748    CDp =  0.00448

 Side 1  free  transition at x/c =  0.7240   64
 Side 2  free  transition at x/c =  0.9926   79

  44   rms: 0.1967E+03   max: 0.3774E+04   C at   79  2   RLX: 0.000
       a = 10.000      CL =  0.3622
      Cm = -0.0424     CD =  0.01197   =>   CDf =  0.00750    CDp =  0.00447

 Side 1  free  transition at x/c =  0.7239   64
 Side 2  free  transition at x/c =  0.9911   79

  45   rms: 0.1042E+02   max: -.1988E+03   C at   80  2   RLX: 0.003
       a = 10.000      CL =  0.3587
      Cm = -0.0410     CD =  0.01202   =>   CDf =  0.00747    CDp =  0.00455

 Side 1  free  transition at x/c =  0.7234   63
 Side 2  free  transition at x/c =  0.9922   79

  46   rms: 0.7271E+02   max: -.1397E+04   C at   80  2   RLX: 0.000
       a = 10.000      CL =  0.3583
      Cm = -0.0408     CD =  0.01196   =>   CDf =  0.00752    CDp =  0.00445

 Side 1  free  transition at x/c =  0.7235   64
 Side 2  free  transition at x/c =  0.9926   79

  47   rms: 0.7120E+02   max: 0.1366E+04   C at   79  2   RLX: 0.001
       a = 10.000      CL =  0.3570
      Cm = -0.0403     CD =  0.01195   =>   CDf =  0.00752    CDp =  0.00443

 Side 1  free  transition at x/c =  0.7233   63
 Side 2  free  transition at x/c =  0.9912   79

  48   rms: 0.2060E+02   max: -.3909E+03   C at   80  2   RLX: 0.001
       a = 10.000      CL =  0.3551
      Cm = -0.0393     CD =  0.01175   =>   CDf =  0.00751    CDp =  0.00425

 Side 1  free  transition at x/c =  0.7238   64
 Side 2  free  transition at x/c =  0.9921   79

  49   rms: 0.3124E+02   max: -.6004E+03   C at   80  2   RLX: 0.001
       a = 10.000      CL =  0.3547
      Cm = -0.0394     CD =  0.01160   =>   CDf =  0.00755    CDp =  0.00405

 Side 1  free  transition at x/c =  0.7236   64
 Side 2  free  transition at x/c =  0.9926   79

  50   rms: 0.1081E+03   max: 0.2075E+04   C at   79  2   RLX: 0.001
       a = 10.000      CL =  0.3537
      Cm = -0.0390     CD =  0.01162   =>   CDf =  0.00756    CDp =  0.00406

 Side 1  free  transition at x/c =  0.7234   64
 Side 2  free  transition at x/c =  0.9911   79

  51   rms: 0.9904E+01   max: -.1880E+03   C at   80  2   RLX: 0.003
       a = 10.000      CL =  0.3500
      Cm = -0.0375     CD =  0.01171   =>   CDf =  0.00754    CDp =  0.00417

 Side 1  free  transition at x/c =  0.7229   63
 Side 2  free  transition at x/c =  0.9918   79

  52   rms: 0.3299E+02   max: -.6318E+03   C at   80  2   RLX: 0.001
       a = 10.000      CL =  0.3498
      Cm = -0.0375     CD =  0.01143   =>   CDf =  0.00757    CDp =  0.00386

 Side 1  free  transition at x/c =  0.7232   63
 Side 2  free  transition at x/c =  0.9923   79

  53   rms: 0.1237E+03   max: -.2376E+04   C at   80  2   RLX: 0.000
       a = 10.000      CL =  0.3494
      Cm = -0.0373     CD =  0.01141   =>   CDf =  0.00760    CDp =  0.00381

 Side 1  free  transition at x/c =  0.7233   63
 Side 2  free  transition at x/c =  0.9928   79

  54   rms: 0.6132E+02   max: 0.1177E+04   C at   79  2   RLX: 0.001
       a = 10.000      CL =  0.3475
      Cm = -0.0362     CD =  0.01128   =>   CDf =  0.00760    CDp =  0.00368

 Side 1  free  transition at x/c =  0.7238   64
 Side 2  free  transition at x/c =  0.9910   79

  55   rms: 0.9428E+01   max: -.1793E+03   C at   80  2   RLX: 0.003
       a = 10.000      CL =  0.3443
      Cm = -0.0351     CD =  0.01115   =>   CDf =  0.00758    CDp =  0.00356

 Side 1  free  transition at x/c =  0.7232   63
 Side 2  free  transition at x/c =  0.9912   79

  56   rms: 0.1928E+02   max: -.3652E+03   C at   80  2   RLX: 0.001
       a = 10.000      CL =  0.3427
      Cm = -0.0343     CD =  0.01091   =>   CDf =  0.00761    CDp =  0.00330

 Side 1  free  transition at x/c =  0.7237   64
 Side 2  free  transition at x/c =  0.9920   79

  57   rms: 0.2279E+02   max: -.4378E+03   C at   80  2   RLX: 0.001
       a = 10.000      CL =  0.3418
      Cm = -0.0341     CD =  0.01081   =>   CDf =  0.00765    CDp =  0.00315

 Side 1  free  transition at x/c =  0.7234   64
 Side 2  free  transition at x/c =  0.9925   79

  58   rms: 0.1827E+03   max: -.3508E+04   C at   80  2   RLX: 0.000
       a = 10.000      CL =  0.3416
      Cm = -0.0340     CD =  0.01081   =>   CDf =  0.00767    CDp =  0.00314

 Side 1  free  transition at x/c =  0.7234   64
 Side 2  free  transition at x/c =  0.9930   79

  59   rms: 0.1776E+02   max: 0.3401E+03   C at   79  2   RLX: 0.004
       a = 10.000      CL =  0.3359
      Cm = -0.0318     CD =  0.01099   =>   CDf =  0.00766    CDp =  0.00333

 Side 1  free  transition at x/c =  0.7224   63
 Side 2  free  transition at x/c =  0.9899   79

  60   rms: 0.7223E+01   max: -.1140E+03   C at   80  2   RLX: 0.004
       a = 10.000      CL =  0.3308
      Cm = -0.0290     CD =  0.01018   =>   CDf =  0.00759    CDp =  0.00258

 Side 1  free  transition at x/c =  0.7243   64
 Side 2  free  transition at x/c =  0.9917   79

  61   rms: 0.1312E+02   max: -.2515E+03   C at   80  2   RLX: 0.002
       a = 10.000      CL =  0.3299
      Cm = -0.0292     CD =  0.00986   =>   CDf =  0.00774    CDp =  0.00211

 Side 1  free  transition at x/c =  0.7239   64
 Side 2  free  transition at x/c =  0.9922   79

  62   rms: 0.3174E+02   max: -.6101E+03   C at   80  2   RLX: 0.001
       a = 10.000      CL =  0.3289
      Cm = -0.0287     CD =  0.00987   =>   CDf =  0.00777    CDp =  0.00210

 Side 1  free  transition at x/c =  0.7237   64
 Side 2  free  transition at x/c =  0.9927   79

  63   rms: 0.3691E+02   max: 0.7086E+03   C at   79  2   RLX: 0.002
       a = 10.000      CL =  0.3262
      Cm = -0.0277     CD =  0.00993   =>   CDf =  0.00778    CDp =  0.00215

 Side 1  free  transition at x/c =  0.7232   63
 Side 2  free  transition at x/c =  0.9912   79

  64   rms: 0.1622E+02   max: -.3051E+03   C at   80  2   RLX: 0.002
       a = 10.000      CL =  0.3240
      Cm = -0.0264     CD =  0.00971   =>   CDf =  0.00777    CDp =  0.00194

 Side 1  free  transition at x/c =  0.7239   64
 Side 2  free  transition at x/c =  0.9919   79

  65   rms: 0.1772E+02   max: -.3406E+03   C at   80  2   RLX: 0.001
       a = 10.000      CL =  0.3230
      Cm = -0.0263     CD =  0.00958   =>   CDf =  0.00782    CDp =  0.00176

 Side 1  free  transition at x/c =  0.7236   64
 Side 2  free  transition at x/c =  0.9925   79

  66   rms: 0.1186E+03   max: -.2279E+04   C at   80  2   RLX: 0.000
       a = 10.000      CL =  0.3228
      Cm = -0.0262     CD =  0.00958   =>   CDf =  0.00784    CDp =  0.00174

 Side 1  free  transition at x/c =  0.7235   64
 Side 2  free  transition at x/c =  0.9930   79

  67   rms: 0.1641E+02   max: 0.3145E+03   C at   79  2   RLX: 0.005
       a = 10.000      CL =  0.3168
      Cm = -0.0238     CD =  0.00975   =>   CDf =  0.00783    CDp =  0.00192

 Side 1  free  transition at x/c =  0.7225   63
 Side 2  free  transition at x/c =  0.9910   79

  68   rms: 0.1446E+02   max: -.2696E+03   C at   80  2   RLX: 0.002
       a = 10.000      CL =  0.3157
      Cm = -0.0234     CD =  0.00930   =>   CDf =  0.00782    CDp =  0.00148

 Side 1  free  transition at x/c =  0.7231   63
 Side 2  free  transition at x/c =  0.9919   79

  69   rms: 0.3257E+02   max: -.6253E+03   C at   80  2   RLX: 0.001
       a = 10.000      CL =  0.3145
      Cm = -0.0227     CD =  0.00925   =>   CDf =  0.00790    CDp =  0.00135

 Side 1  free  transition at x/c =  0.7234   63
 Side 2  free  transition at x/c =  0.9925   79

  70   rms: 0.2568E+03   max: -.4934E+04   C at   80  2   RLX: 0.000
       a = 10.000      CL =  0.3143
      Cm = -0.0226     CD =  0.00924   =>   CDf =  0.00792    CDp =  0.00132

 Side 1  free  transition at x/c =  0.7234   64
 Side 2  free  transition at x/c =  0.9930   79

  71   rms: 0.1480E+02   max: 0.2831E+03   C at   79  2   RLX: 0.005
       a = 10.000      CL =  0.3079
      Cm = -0.0202     CD =  0.00934   =>   CDf =  0.00791    CDp =  0.00143

 Side 1  free  transition at x/c =  0.7222   63
 Side 2  free  transition at x/c =  0.9924   79

  72   rms: 0.9503E+02   max: -.1827E+04   C at   80  2   RLX: 0.000
       a = 10.000      CL =  0.3097
      Cm = -0.0214     CD =  0.00900   =>   CDf =  0.00794    CDp =  0.00106

 Side 1  free  transition at x/c =  0.7223   63
 Side 2  free  transition at x/c =  0.9928   79

  73   rms: 0.4402E+02   max: 0.8448E+03   C at   79  2   RLX: 0.002
       a = 10.000      CL =  0.3071
      Cm = -0.0200     CD =  0.00884   =>   CDf =  0.00794    CDp =  0.00090

 Side 1  free  transition at x/c =  0.7230   63
 Side 2  free  transition at x/c =  0.9910   79

  74   rms: 0.1462E+02   max: -.2744E+03   C at   80  2   RLX: 0.002
       a = 10.000      CL =  0.3042
      Cm = -0.0183     CD =  0.00869   =>   CDf =  0.00794    CDp =  0.00075

 Side 1  free  transition at x/c =  0.7236   64
 Side 2  free  transition at x/c =  0.9920   79

  75   rms: 0.2098E+02   max: -.4034E+03   C at   80  2   RLX: 0.001
       a = 10.000      CL =  0.3032
      Cm = -0.0181     CD =  0.00858   =>   CDf =  0.00801    CDp =  0.00057

 Side 1  free  transition at x/c =  0.7233   63
 Side 2  free  transition at x/c =  0.9927   79

  76   rms: 0.1481E+03   max: 0.2844E+04   C at   79  2   RLX: 0.001
       a = 10.000      CL =  0.3027
      Cm = -0.0178     CD =  0.00850   =>   CDf =  0.00802    CDp =  0.00048

 Side 1  free  transition at x/c =  0.7235   64
 Side 2  free  transition at x/c =  0.9908   79

  77   rms: 0.6837E+01   max: -.1273E+03   C at   80  2   RLX: 0.004
       a = 10.000      CL =  0.2977
      Cm = -0.0158     CD =  0.00860   =>   CDf =  0.00797    CDp =  0.00063

 Side 1  free  transition at x/c =  0.7225   63
 Side 2  free  transition at x/c =  0.9925   79

  78   rms: 0.2788E+03   max: -.5357E+04   C at   80  2   RLX: 0.000
       a = 10.000      CL =  0.2993
      Cm = -0.0170     CD =  0.00840   =>   CDf =  0.00805    CDp =  0.00035

 Side 1  free  transition at x/c =  0.7226   63
 Side 2  free  transition at x/c =  0.9930   79

  79   rms: 0.2491E+02   max: 0.4760E+03   C at   79  2   RLX: 0.003
       a = 10.000      CL =  0.2949
      Cm = -0.0145     CD =  0.00813   =>   CDf =  0.00804    CDp =  0.00010

 Side 1  free  transition at x/c =  0.7238   64
 Side 2  free  transition at x/c =  0.9906   79

  80   rms: 0.6394E+01   max: -.1199E+03   C at   80  2   RLX: 0.004
       a = 10.000      CL =  0.2900
      Cm = -0.0126     CD =  0.00807   =>   CDf =  0.00803    CDp =  0.00004

 Side 1  free  transition at x/c =  0.7229   63
 Side 2  free  transition at x/c =  0.9914   79

  81   rms: 0.1929E+02   max: -.3672E+03   C at   80  2   RLX: 0.001
       a = 10.000      CL =  0.2894
      Cm = -0.0124     CD =  0.00784   =>   CDf =  0.00809    CDp = -0.00026

 Side 1  free  transition at x/c =  0.7234   63
 Side 2  free  transition at x/c =  0.9922   79

  82   rms: 0.4927E+02   max: -.9488E+03   C at   80  2   RLX: 0.001
       a = 10.000      CL =  0.2886
      Cm = -0.0119     CD =  0.00781   =>   CDf =  0.00815    CDp = -0.00034

 Side 1  free  transition at x/c =  0.7235   64
 Side 2  free  transition at x/c =  0.9928   79

  83   rms: 0.2808E+02   max: 0.5397E+03   C at   79  2   RLX: 0.003
       a = 10.000      CL =  0.2855
      Cm = -0.0109     CD =  0.00781   =>   CDf =  0.00815    CDp = -0.00034

 Side 1  free  transition at x/c =  0.7229   63
 Side 2  free  transition at x/c =  0.9905   79

  84   rms: 0.1089E+02   max: -.1988E+03   C at   80  2   RLX: 0.003
       a = 10.000      CL =  0.2829
      Cm = -0.0094     CD =  0.00750   =>   CDf =  0.00809    CDp = -0.00059

 Side 1  free  transition at x/c =  0.7238   64
 Side 2  free  transition at x/c =  0.9917   79

  85   rms: 0.1465E+02   max: -.2822E+03   C at   80  2   RLX: 0.002
       a = 10.000      CL =  0.2816
      Cm = -0.0092     CD =  0.00742   =>   CDf =  0.00819    CDp = -0.00077

 SETBL: Xtr???  n1 n2:    8.4197598       8.9999943    
 Side 1  free  transition at x/c =  0.7238   63
 Side 2  free  transition at x/c =  0.9923   79

  86   rms: 0.5617E+02   max: -.1082E+04   C at   80  2   RLX: 0.000
       a = 10.000      CL =  0.2810
      Cm = -0.0089     CD =  0.00740   =>   CDf =  0.00822    CDp = -0.00082

 Side 1  free  transition at x/c =  0.7234   63
 Side 2  free  transition at x/c =  0.9929   79

  87   rms: 0.3265E+02   max: 0.6272E+03   C at   79  2   RLX: 0.002
       a = 10.000      CL =  0.2780
      Cm = -0.0072     CD =  0.00723   =>   CDf =  0.00821    CDp = -0.00099

 Side 1  free  transition at x/c =  0.7244   64
 Side 2  free  transition at x/c =  0.9909   79

  88   rms: 0.7246E+01   max: -.1384E+03   C at   80  2   RLX: 0.004
       a = 10.000      CL =  0.2752
      Cm = -0.0065     CD =  0.00706   =>   CDf =  0.00819    CDp = -0.00113

 Side 1  free  transition at x/c =  0.7236   64
 Side 2  free  transition at x/c =  0.9919   79

  89   rms: 0.1629E+02   max: -.3136E+03   C at   80  2   RLX: 0.002
       a = 10.000      CL =  0.2734
      Cm = -0.0058     CD =  0.00709   =>   CDf =  0.00827    CDp = -0.00118

 Side 1  free  transition at x/c =  0.7233   63
 Side 2  free  transition at x/c =  0.9925   79

  90   rms: 0.4105E+03   max: -.7886E+04   C at   80  2   RLX: 0.000
       a = 10.000      CL =  0.2737
      Cm = -0.0060     CD =  0.00705   =>   CDf =  0.00829    CDp = -0.00124

 Side 1  free  transition at x/c =  0.7233   63
 Side 2  free  transition at x/c =  0.9931   79

  91   rms: 0.1594E+02   max: 0.3015E+03   C at   79  2   RLX: 0.005
       a = 10.000      CL =  0.2671
      Cm = -0.0023     CD =  0.00672   =>   CDf =  0.00827    CDp = -0.00155

 MRCHDU: Convergence failed at  79  side 2    Res =  0.9027E-05
 Side 1  free  transition at x/c =  0.7253   64
 Side 2  free  transition at x/c =  0.9910   79

  92   rms: 0.7412E+01   max: -.1426E+03   C at   80  2   RLX: 0.004
       a = 10.000      CL =  0.2667
      Cm = -0.0032     CD =  0.00634   =>   CDf =  0.00828    CDp = -0.00194

 Side 1  free  transition at x/c =  0.7248   64
 Side 2  free  transition at x/c =  0.9929   79

  93   rms: 0.1909E+02   max: 0.3683E+03   C at   79  2   RLX: 0.004
       a = 10.000      CL =  0.2618
      Cm = -0.0011     CD =  0.00637   =>   CDf =  0.00837    CDp = -0.00199

 Side 1  free  transition at x/c =  0.7241   64
 Side 2  free  transition at x/c =  0.9914   79

  94   rms: 0.8967E+01   max: -.1721E+03   C at   80  2   RLX: 0.003
       a = 10.000      CL =  0.2581
      Cm =  0.0005     CD =  0.00640   =>   CDf =  0.00837    CDp = -0.00197

 Side 1  free  transition at x/c =  0.7234   64
 Side 2  free  transition at x/c =  0.9924   79

  95   rms: 0.4841E+02   max: -.9317E+03   C at   80  2   RLX: 0.001
       a = 10.000      CL =  0.2576
      Cm =  0.0007     CD =  0.00640   =>   CDf =  0.00843    CDp = -0.00203

 Side 1  free  transition at x/c =  0.7233   63
 Side 2  free  transition at x/c =  0.9930   79

  96   rms: 0.1945E+02   max: 0.3709E+03   C at   79  2   RLX: 0.004
       a = 10.000      CL =  0.2524
      Cm =  0.0035     CD =  0.00614   =>   CDf =  0.00842    CDp = -0.00228

 Side 1  free  transition at x/c =  0.7250   64
 Side 2  free  transition at x/c =  0.9907   79

  97   rms: 0.5921E+01   max: -.1137E+03   C at   80  2   RLX: 0.004
       a = 10.000      CL =  0.2500
      Cm =  0.0038     CD =  0.00589   =>   CDf =  0.00840    CDp = -0.00251

 Side 1  free  transition at x/c =  0.7242   64
 Side 2  free  transition at x/c =  0.9917   79

  98   rms: 0.1216E+02   max: -.2350E+03   C at   80  2   RLX: 0.002
       a = 10.000      CL =  0.2476
      Cm =  0.0048     CD =  0.00590   =>   CDf =  0.00849    CDp = -0.00259

 Side 1  free  transition at x/c =  0.7238   64
 Side 2  free  transition at x/c =  0.9926   79

  99   rms: 0.2190E+03   max: 0.4202E+04   C at   80  2   RLX: 0.000
       a = 10.000      CL =  0.2471
      Cm =  0.0050     CD =  0.00590   =>   CDf =  0.00853    CDp = -0.00263

 Side 1  free  transition at x/c =  0.7237   64
 Side 2  free  transition at x/c =  0.9902   79

 100   rms: 0.4233E+01   max: -.7645E+02   C at   80  2   RLX: 0.007
       a = 10.000      CL =  0.2390
      Cm =  0.0084     CD =  0.00602   =>   CDf =  0.00842    CDp = -0.00240

 MRCHDU: Convergence failed at  79  side 2    Res =  0.1824E-04
 Side 1  free  transition at x/c =  0.7223   63
 Side 2  free  transition at x/c =  0.9916   79

 101   rms: 0.1966E+02   max: -.3755E+03   C at   80  2   RLX: 0.001
       a = 10.000      CL =  0.2398
      Cm =  0.0077     CD =  0.00578   =>   CDf =  0.00854    CDp = -0.00276

 Side 1  free  transition at x/c =  0.7228   63
 Side 2  free  transition at x/c =  0.9923   79

 102   rms: 0.7752E+02   max: -.1494E+04   C at   80  2   RLX: 0.000
       a = 10.000      CL =  0.2393
      Cm =  0.0080     CD =  0.00576   =>   CDf =  0.00859    CDp = -0.00283

 Side 1  free  transition at x/c =  0.7229   63
 Side 2  free  transition at x/c =  0.9930   79

 103   rms: 0.1670E+02   max: 0.3174E+03   C at   79  2   RLX: 0.005
       a = 10.000      CL =  0.2332
      Cm =  0.0114     CD =  0.00550   =>   CDf =  0.00858    CDp = -0.00308

 Side 1  free  transition at x/c =  0.7246   64
 Side 2  free  transition at x/c =  0.9881   79

 104   rms: 0.1513E+01   max: -.1030E+02   D at   80  2   RLX: 0.049
       a = 10.000      CL =  0.1779
      Cm =  0.0346     CD =  0.00566   =>   CDf =  0.00836    CDp = -0.00270

 MRCHDU: Convergence failed at  74  side 1    Res =  0.1070E+02
 MRCHDU: Convergence failed at  75  side 1    Res =  0.8330E+01
 MRCHDU: Convergence failed at  76  side 1    Res =  0.4480E+01
 MRCHDU: Convergence failed at  77  side 1    Res =  0.4011E+01
 MRCHDU: Convergence failed at  78  side 1    Res =  0.3494E+01
 MRCHDU: Convergence failed at  79  side 1    Res =  0.3099E+01
 MRCHDU: Convergence failed at  80  side 1    Res =  0.2784E+01
 MRCHDU: Convergence failed at  81  side 1    Res =  0.2500E+01
 MRCHDU: Convergence failed at  82  side 1    Res =  0.2239E+01
 MRCHDU: Convergence failed at  80  side 2    Res =  0.5533E+00
 Side 1  free  transition at x/c =  0.7170   63
 Side 2  free  transition at x/c =  0.7306   61

 105   rms: 0.4942E+03   max: -.7148E+04   C at   61  2   RLX: 0.000
       a = 10.000      CL =  0.1938
      Cm =  0.0239     CD =  0.00376   =>   CDf =  0.00925    CDp = -0.00550

 Side 1  free  transition at x/c =  0.7167   63
 Side 2  free  transition at x/c =  0.7705   63

 106   rms: 0.2282E+03   max: -.3293E+04   C at   63  2   RLX: 0.000
       a = 10.000      CL =  0.1926
      Cm =  0.0250     CD =  0.00398   =>   CDf =  0.00882    CDp = -0.00483

 Side 1  free  transition at x/c =  0.7167   63
 Side 2  free  transition at x/c =  0.9912   79

 107   rms: 0.5279E+02   max: 0.1002E+04   C at   80  2   RLX: 0.001
       a = 10.000      CL =  0.1916
      Cm =  0.0246     CD =  0.00419   =>   CDf =  0.00917    CDp = -0.00498

 Side 1  free  transition at x/c =  0.7130   63
 Side 2  free  transition at x/c =  0.9820   78

 108   rms: 0.1239E+04   max: 0.1952E+05   C at   78  2   RLX: 0.000
       a = 10.000      CL =  0.1908
      Cm =  0.0250     CD =  0.00420   =>   CDf =  0.00870    CDp = -0.00450

 Side 1  free  transition at x/c =  0.7130   63
 Side 2  free  transition at x/c =  0.9501   75

 109   rms: 0.5094E+04   max: -.5805E+05   C at   75  2   RLX: 0.000
       a = 10.000      CL =  0.1908
      Cm =  0.0250     CD =  0.00420   =>   CDf =  0.00869    CDp = -0.00449

 Side 1  free  transition at x/c =  0.7130   63
 Side 2  free  transition at x/c =  0.9564   75

 110   rms: 0.1961E+04   max: -.2222E+05   C at   75  2   RLX: 0.000
       a = 10.000      CL =  0.1908
      Cm =  0.0250     CD =  0.00420   =>   CDf =  0.00869    CDp = -0.00449

 Side 1  free  transition at x/c =  0.7130   63
 Side 2  free  transition at x/c =  0.9620   76

 111   rms: 0.4318E+04   max: -.5302E+05   C at   76  2   RLX: 0.000
       a = 10.000      CL =  0.1909
      Cm =  0.0250     CD =  0.00420   =>   CDf =  0.00869    CDp = -0.00449

 Side 1  free  transition at x/c =  0.7130   63
 Side 2  free  transition at x/c =  0.9674   76

 112   rms: 0.1376E+04   max: -.1687E+05   C at   76  2   RLX: 0.000
       a = 10.000      CL =  0.1908
      Cm =  0.0250     CD =  0.00420   =>   CDf =  0.00869    CDp = -0.00449

 Side 1  free  transition at x/c =  0.7129   63
 Side 2  free  transition at x/c =  0.9723   77

 113   rms: 0.3043E+04   max: 0.4144E+05   C at   77  2   RLX: 0.000
       a = 10.000      CL =  0.1908
      Cm =  0.0250     CD =  0.00420   =>   CDf =  0.00869    CDp = -0.00449

 Side 1  free  transition at x/c =  0.7129   63
 Side 2  free  transition at x/c =  0.9625   76

 114   rms: 0.3631E+04   max: -.4458E+05   C at   76  2   RLX: 0.000
       a = 10.000      CL =  0.1908
      Cm =  0.0250     CD =  0.00420   =>   CDf =  0.00869    CDp = -0.00449

 Side 1  free  transition at x/c =  0.7129   63
 Side 2  free  transition at x/c =  0.9677   76

 115   rms: 0.1304E+04   max: -.1599E+05   C at   76  2   RLX: 0.000
       a = 10.000      CL =  0.1908
      Cm =  0.0250     CD =  0.00420   =>   CDf =  0.00870    CDp = -0.00450

 Side 1  free  transition at x/c =  0.7129   63
 Side 2  free  transition at x/c =  0.9725   77

 116   rms: 0.4049E+04   max: 0.5514E+05   C at   77  2   RLX: 0.000
       a = 10.000      CL =  0.1907
      Cm =  0.0251     CD =  0.00420   =>   CDf =  0.00869    CDp = -0.00449

 Side 1  free  transition at x/c =  0.7129   63
 Side 2  free  transition at x/c =  0.9627   76

 117   rms: 0.3419E+04   max: -.4197E+05   C at   76  2   RLX: 0.000
       a = 10.000      CL =  0.1907
      Cm =  0.0251     CD =  0.00420   =>   CDf =  0.00870    CDp = -0.00450

 Side 1  free  transition at x/c =  0.7129   63
 Side 2  free  transition at x/c =  0.9678   76

 118   rms: 0.1274E+04   max: -.1562E+05   C at   76  2   RLX: 0.000
       a = 10.000      CL =  0.1907
      Cm =  0.0251     CD =  0.00420   =>   CDf =  0.00870    CDp = -0.00450

 Side 1  free  transition at x/c =  0.7129   63
 Side 2  free  transition at x/c =  0.9724   77

 119   rms: 0.3753E+04   max: 0.5110E+05   C at   77  2   RLX: 0.000
       a = 10.000      CL =  0.1907
      Cm =  0.0251     CD =  0.00420   =>   CDf =  0.00870    CDp = -0.00450

 Side 1  free  transition at x/c =  0.7129   63
 Side 2  free  transition at x/c =  0.9625   76

 120   rms: 0.3804E+04   max: -.4670E+05   C at   76  2   RLX: 0.000
       a = 10.000      CL =  0.1907
      Cm =  0.0251     CD =  0.00420   =>   CDf =  0.00870    CDp = -0.00450

 Side 1  free  transition at x/c =  0.7129   63
 Side 2  free  transition at x/c =  0.9675   76

 121   rms: 0.1322E+04   max: -.1621E+05   C at   76  2   RLX: 0.000
       a = 10.000      CL =  0.1906
      Cm =  0.0251     CD =  0.00420   =>   CDf =  0.00870    CDp = -0.00450

 Side 1  free  transition at x/c =  0.7129   63
 Side 2  free  transition at x/c =  0.9720   77

 122   rms: 0.2290E+04   max: 0.3119E+05   C at   77  2   RLX: 0.000
       a = 10.000      CL =  0.1906
      Cm =  0.0251     CD =  0.00420   =>   CDf =  0.00870    CDp = -0.00450

 Side 1  free  transition at x/c =  0.7129   63
 Side 2  free  transition at x/c =  0.9616   76

 123   rms: 0.5936E+04   max: -.7290E+05   C at   76  2   RLX: 0.000
       a = 10.000      CL =  0.1906
      Cm =  0.0251     CD =  0.00420   =>   CDf =  0.00870    CDp = -0.00450

 Side 1  free  transition at x/c =  0.7129   63
 Side 2  free  transition at x/c =  0.9667   76

 124   rms: 0.1469E+04   max: -.1801E+05   C at   76  2   RLX: 0.000
       a = 10.000      CL =  0.1906
      Cm =  0.0251     CD =  0.00420   =>   CDf =  0.00870    CDp = -0.00450

 Side 1  free  transition at x/c =  0.7128   63
 Side 2  free  transition at x/c =  0.9712   77

 125   rms: 0.1209E+04   max: 0.1649E+05   C at   78  2   RLX: 0.000
       a = 10.000      CL =  0.1905
      Cm =  0.0251     CD =  0.00421   =>   CDf =  0.00870    CDp = -0.00450

 Side 1  free  transition at x/c =  0.7128   63
 Side 2  free  transition at x/c =  0.9598   76

 126   rms: 0.3137E+05   max: 0.3856E+06   C at   76  2   RLX: 0.000
       a = 10.000      CL =  0.1904
      Cm =  0.0252     CD =  0.00421   =>   CDf =  0.00871    CDp = -0.00450

 Side 1  free  transition at x/c =  0.7128   63
 Side 2  free  transition at x/c =  0.9415   74

 127   rms: 0.3870E+04   max: -.4158E+05   C at   74  2   RLX: 0.000
       a = 10.000      CL =  0.1904
      Cm =  0.0252     CD =  0.00421   =>   CDf =  0.00871    CDp = -0.00450

 Side 1  free  transition at x/c =  0.7128   63
 Side 2  free  transition at x/c =  0.9501   75

 128   rms: 0.5434E+04   max: -.6194E+05   C at   75  2   RLX: 0.000
       a = 10.000      CL =  0.1904
      Cm =  0.0251     CD =  0.00421   =>   CDf =  0.00871    CDp = -0.00450

 Side 1  free  transition at x/c =  0.7128   63
 Side 2  free  transition at x/c =  0.9563   75

 129   rms: 0.2031E+04   max: -.2301E+05   C at   75  2   RLX: 0.000
       a = 10.000      CL =  0.1904
      Cm =  0.0252     CD =  0.00421   =>   CDf =  0.00871    CDp = -0.00450

 Side 1  free  transition at x/c =  0.7128   63
 Side 2  free  transition at x/c =  0.9619   76

 130   rms: 0.5086E+04   max: -.6244E+05   C at   76  2   RLX: 0.000
       a = 10.000      CL =  0.1905
      Cm =  0.0251     CD =  0.00421   =>   CDf =  0.00871    CDp = -0.00450

 Side 1  free  transition at x/c =  0.7128   63
 Side 2  free  transition at x/c =  0.9669   76

 131   rms: 0.1442E+04   max: -.1768E+05   C at   76  2   RLX: 0.000
       a = 10.000      CL =  0.1904
      Cm =  0.0252     CD =  0.00421   =>   CDf =  0.00871    CDp = -0.00450

 Side 1  free  transition at x/c =  0.7128   63
 Side 2  free  transition at x/c =  0.9714   77

 132   rms: 0.1403E+04   max: 0.1912E+05   C at   78  2   RLX: 0.000
       a = 10.000      CL =  0.1903
      Cm =  0.0252     CD =  0.00421   =>   CDf =  0.00871    CDp = -0.00450

 Side 1  free  transition at x/c =  0.7128   63
 Side 2  free  transition at x/c =  0.9605   76

 133   rms: 0.2336E+05   max: -.2870E+06   C at   76  2   RLX: 0.000
       a = 10.000      CL =  0.1903
      Cm =  0.0252     CD =  0.00421   =>   CDf =  0.00871    CDp = -0.00450

 Side 1  free  transition at x/c =  0.7128   63
 Side 2  free  transition at x/c =  0.9657   76

 134   rms: 0.1753E+04   max: -.2150E+05   C at   76  2   RLX: 0.000
       a = 10.000      CL =  0.1903
      Cm =  0.0252     CD =  0.00421   =>   CDf =  0.00871    CDp = -0.00451

 Side 1  free  transition at x/c =  0.7127   63
 Side 2  free  transition at x/c =  0.9702   77

 135   rms: 0.7508E+03   max: 0.1025E+05   C at   78  2   RLX: 0.000
       a = 10.000      CL =  0.1902
      Cm =  0.0252     CD =  0.00421   =>   CDf =  0.00871    CDp = -0.00450

 Side 1  free  transition at x/c =  0.7127   63
 Side 2  free  transition at x/c =  0.9577   75

 136   rms: 0.1795E+04   max: -.2032E+05   C at   75  2   RLX: 0.000
       a = 10.000      CL =  0.1902
      Cm =  0.0252     CD =  0.00421   =>   CDf =  0.00872    CDp = -0.00451

 Side 1  free  transition at x/c =  0.7127   63
 Side 2  free  transition at x/c =  0.9632   76

 137   rms: 0.3131E+04   max: -.3842E+05   C at   76  2   RLX: 0.000
       a = 10.000      CL =  0.1902
      Cm =  0.0252     CD =  0.00421   =>   CDf =  0.00872    CDp = -0.00451

 Side 1  free  transition at x/c =  0.7127   63
 Side 2  free  transition at x/c =  0.9680   76

 138   rms: 0.1241E+04   max: -.1522E+05   C at   76  2   RLX: 0.000
       a = 10.000      CL =  0.1901
      Cm =  0.0252     CD =  0.00421   =>   CDf =  0.00872    CDp = -0.00451

 Side 1  free  transition at x/c =  0.7127   63
 Side 2  free  transition at x/c =  0.9723   77

 139   rms: 0.3022E+04   max: 0.4114E+05   C at   77  2   RLX: 0.000
       a = 10.000      CL =  0.1901
      Cm =  0.0253     CD =  0.00421   =>   CDf =  0.00872    CDp = -0.00451

 Side 1  free  transition at x/c =  0.7127   63
 Side 2  free  transition at x/c =  0.9623   76

 140   rms: 0.4437E+04   max: -.5447E+05   C at   76  2   RLX: 0.000
       a = 10.000      CL =  0.1901
      Cm =  0.0253     CD =  0.00421   =>   CDf =  0.00872    CDp = -0.00451

 Side 1  free  transition at x/c =  0.7127   63
 Side 2  free  transition at x/c =  0.9671   76

 141   rms: 0.1394E+04   max: -.1709E+05   C at   76  2   RLX: 0.000
       a = 10.000      CL =  0.1901
      Cm =  0.0253     CD =  0.00421   =>   CDf =  0.00872    CDp = -0.00451

 Side 1  free  transition at x/c =  0.7127   63
 Side 2  free  transition at x/c =  0.9714   77

 142   rms: 0.1357E+04   max: 0.1848E+05   C at   78  2   RLX: 0.000
       a = 10.000      CL =  0.1900
      Cm =  0.0253     CD =  0.00421   =>   CDf =  0.00872    CDp = -0.00451

 Side 1  free  transition at x/c =  0.7126   63
 Side 2  free  transition at x/c =  0.9604   76

 143   rms: 0.1653E+06   max: -.2030E+07   C at   76  2   RLX: 0.000
       a = 10.000      CL =  0.1900
      Cm =  0.0253     CD =  0.00421   =>   CDf =  0.00873    CDp = -0.00451

 Side 1  free  transition at x/c =  0.7126   63
 Side 2  free  transition at x/c =  0.9655   76

 144   rms: 0.1837E+04   max: -.2254E+05   C at   76  2   RLX: 0.000
       a = 10.000      CL =  0.1900
      Cm =  0.0253     CD =  0.00421   =>   CDf =  0.00873    CDp = -0.00451

 Side 1  free  transition at x/c =  0.7126   63
 Side 2  free  transition at x/c =  0.9698   77

 145   rms: 0.6359E+03   max: 0.8687E+04   C at   78  2   RLX: 0.000
       a = 10.000      CL =  0.1898
      Cm =  0.0254     CD =  0.00422   =>   CDf =  0.00873    CDp = -0.00451

 Side 1  free  transition at x/c =  0.7126   63
 Side 2  free  transition at x/c =  0.9568   75

 146   rms: 0.2054E+04   max: -.2327E+05   C at   75  2   RLX: 0.000
       a = 10.000      CL =  0.1898
      Cm =  0.0254     CD =  0.00422   =>   CDf =  0.00873    CDp = -0.00452

 Side 1  free  transition at x/c =  0.7126   63
 Side 2  free  transition at x/c =  0.9623   76

 147   rms: 0.4916E+04   max: -.6034E+05   C at   76  2   RLX: 0.000
       a = 10.000      CL =  0.1898
      Cm =  0.0254     CD =  0.00422   =>   CDf =  0.00873    CDp = -0.00452

 Side 1  free  transition at x/c =  0.7126   63
 Side 2  free  transition at x/c =  0.9670   76

 148   rms: 0.1458E+04   max: -.1788E+05   C at   76  2   RLX: 0.000
       a = 10.000      CL =  0.1898
      Cm =  0.0254     CD =  0.00422   =>   CDf =  0.00874    CDp = -0.00452

 Side 1  free  transition at x/c =  0.7125   63
 Side 2  free  transition at x/c =  0.9713   77

 149   rms: 0.1180E+04   max: 0.1608E+05   C at   78  2   RLX: 0.000
       a = 10.000      CL =  0.1897
      Cm =  0.0254     CD =  0.00422   =>   CDf =  0.00873    CDp = -0.00452

 Side 1  free  transition at x/c =  0.7125   63
 Side 2  free  transition at x/c =  0.9603   76

 150   rms: 0.4422E+05   max: 0.5431E+06   C at   76  2   RLX: 0.000
       a = 10.000      CL =  0.1896
      Cm =  0.0254     CD =  0.00422   =>   CDf =  0.00874    CDp = -0.00452

 Side 1  free  transition at x/c =  0.7125   63
 Side 2  free  transition at x/c =  0.9429   74

 151   rms: 0.3784E+04   max: -.4057E+05   C at   74  2   RLX: 0.000
       a = 10.000      CL =  0.1896
      Cm =  0.0254     CD =  0.00422   =>   CDf =  0.00874    CDp = -0.00452

 Side 1  free  transition at x/c =  0.7125   63
 Side 2  free  transition at x/c =  0.9514   75

 152   rms: 0.4520E+04   max: -.5145E+05   C at   75  2   RLX: 0.000
       a = 10.000      CL =  0.1897
      Cm =  0.0254     CD =  0.00422   =>   CDf =  0.00874    CDp = -0.00452

 Side 1  free  transition at x/c =  0.7125   63
 Side 2  free  transition at x/c =  0.9572   75

 153   rms: 0.1985E+04   max: -.2248E+05   C at   75  2   RLX: 0.000
       a = 10.000      CL =  0.1896
      Cm =  0.0254     CD =  0.00422   =>   CDf =  0.00874    CDp = -0.00452

 Side 1  free  transition at x/c =  0.7125   63
 Side 2  free  transition at x/c =  0.9625   76

 154   rms: 0.4502E+04   max: -.5525E+05   C at   76  2   RLX: 0.000
       a = 10.000      CL =  0.1897
      Cm =  0.0254     CD =  0.00422   =>   CDf =  0.00874    CDp = -0.00452

 Side 1  free  transition at x/c =  0.7125   63
 Side 2  free  transition at x/c =  0.9673   76

 155   rms: 0.1421E+04   max: -.1742E+05   C at   76  2   RLX: 0.000
       a = 10.000      CL =  0.1896
      Cm =  0.0254     CD =  0.00422   =>   CDf =  0.00874    CDp = -0.00452

 Side 1  free  transition at x/c =  0.7125   63
 Side 2  free  transition at x/c =  0.9715   77

 156   rms: 0.1340E+04   max: 0.1824E+05   C at   78  2   RLX: 0.000
       a = 10.000      CL =  0.1895
      Cm =  0.0254     CD =  0.00422   =>   CDf =  0.00874    CDp = -0.00452

 Side 1  free  transition at x/c =  0.7125   63
 Side 2  free  transition at x/c =  0.9608   76

 157   rms: 0.2536E+05   max: -.3114E+06   C at   76  2   RLX: 0.000
       a = 10.000      CL =  0.1896
      Cm =  0.0254     CD =  0.00422   =>   CDf =  0.00874    CDp = -0.00452

 Side 1  free  transition at x/c =  0.7125   63
 Side 2  free  transition at x/c =  0.9658   76

 158   rms: 0.1823E+04   max: -.2236E+05   C at   76  2   RLX: 0.000
       a = 10.000      CL =  0.1895
      Cm =  0.0254     CD =  0.00422   =>   CDf =  0.00874    CDp = -0.00452

 Side 1  free  transition at x/c =  0.7125   63
 Side 2  free  transition at x/c =  0.9701   77

 159   rms: 0.6816E+03   max: 0.9301E+04   C at   78  2   RLX: 0.000
       a = 10.000      CL =  0.1894
      Cm =  0.0255     CD =  0.00422   =>   CDf =  0.00874    CDp = -0.00452

 Side 1  free  transition at x/c =  0.7124   63
 Side 2  free  transition at x/c =  0.9576   75

 160   rms: 0.1991E+04   max: -.2254E+05   C at   75  2   RLX: 0.000
       a = 10.000      CL =  0.1894
      Cm =  0.0255     CD =  0.00422   =>   CDf =  0.00875    CDp = -0.00453

 Side 1  free  transition at x/c =  0.7124   63
 Side 2  free  transition at x/c =  0.9628   76

 161   rms: 0.4163E+04   max: -.5109E+05   C at   76  2   RLX: 0.000
       a = 10.000      CL =  0.1894
      Cm =  0.0255     CD =  0.00422   =>   CDf =  0.00875    CDp = -0.00453

 Side 1  free  transition at x/c =  0.7124   63
 Side 2  free  transition at x/c =  0.9675   76

 162   rms: 0.1423E+04   max: -.1746E+05   C at   76  2   RLX: 0.000
       a = 10.000      CL =  0.1893
      Cm =  0.0255     CD =  0.00422   =>   CDf =  0.00875    CDp = -0.00453

 Side 1  free  transition at x/c =  0.7124   63
 Side 2  free  transition at x/c =  0.9717   77

 163   rms: 0.1420E+04   max: 0.1933E+05   C at   78  2   RLX: 0.000
       a = 10.000      CL =  0.1893
      Cm =  0.0255     CD =  0.00423   =>   CDf =  0.00875    CDp = -0.00452

 Side 1  free  transition at x/c =  0.7124   63
 Side 2  free  transition at x/c =  0.9611   76

 164   rms: 0.1969E+05   max: -.2418E+06   C at   76  2   RLX: 0.000
       a = 10.000      CL =  0.1893
      Cm =  0.0255     CD =  0.00422   =>   CDf =  0.00875    CDp = -0.00453

 Side 1  free  transition at x/c =  0.7124   63
 Side 2  free  transition at x/c =  0.9660   76

 165   rms: 0.1862E+04   max: -.2284E+05   C at   76  2   RLX: 0.000
       a = 10.000      CL =  0.1892
      Cm =  0.0255     CD =  0.00423   =>   CDf =  0.00875    CDp = -0.00453

 Side 1  free  transition at x/c =  0.7124   63
 Side 2  free  transition at x/c =  0.9701   77

 166   rms: 0.6756E+03   max: 0.9215E+04   C at   78  2   RLX: 0.000
       a = 10.000      CL =  0.1891
      Cm =  0.0256     CD =  0.00423   =>   CDf =  0.00875    CDp = -0.00452

 Side 1  free  transition at x/c =  0.7123   63
 Side 2  free  transition at x/c =  0.9577   75

 167   rms: 0.2068E+04   max: -.2342E+05   C at   75  2   RLX: 0.000
       a = 10.000      CL =  0.1891
      Cm =  0.0256     CD =  0.00423   =>   CDf =  0.00876    CDp = -0.00453

 Side 1  free  transition at x/c =  0.7123   63
 Side 2  free  transition at x/c =  0.9628   76

 168   rms: 0.4572E+04   max: -.5612E+05   C at   76  2   RLX: 0.000
       a = 10.000      CL =  0.1891
      Cm =  0.0256     CD =  0.00423   =>   CDf =  0.00876    CDp = -0.00453

 Side 1  free  transition at x/c =  0.7123   63
 Side 2  free  transition at x/c =  0.9674   76

 169   rms: 0.1500E+04   max: -.1841E+05   C at   76  2   RLX: 0.000
       a = 10.000      CL =  0.1891
      Cm =  0.0256     CD =  0.00423   =>   CDf =  0.00876    CDp = -0.00453

 Side 1  free  transition at x/c =  0.7123   63
 Side 2  free  transition at x/c =  0.9716   77

 170   rms: 0.1289E+04   max: 0.1755E+05   C at   78  2   RLX: 0.000
       a = 10.000      CL =  0.1890
      Cm =  0.0256     CD =  0.00423   =>   CDf =  0.00876    CDp = -0.00453

 Side 1  free  transition at x/c =  0.7123   63
 Side 2  free  transition at x/c =  0.9610   76

 171   rms: 0.5669E+05   max: -.6961E+06   C at   76  2   RLX: 0.000
       a = 10.000      CL =  0.1890
      Cm =  0.0256     CD =  0.00423   =>   CDf =  0.00876    CDp = -0.00453

 Side 1  free  transition at x/c =  0.7123   63
 Side 2  free  transition at x/c =  0.9658   76

 172   rms: 0.2034E+04   max: -.2495E+05   C at   76  2   RLX: 0.000
       a = 10.000      CL =  0.1890
      Cm =  0.0256     CD =  0.00423   =>   CDf =  0.00876    CDp = -0.00453

 Side 1  free  transition at x/c =  0.7123   63
 Side 2  free  transition at x/c =  0.9699   77

 173   rms: 0.6210E+03   max: 0.8468E+04   C at   78  2   RLX: 0.000
       a = 10.000      CL =  0.1888
      Cm =  0.0257     CD =  0.00423   =>   CDf =  0.00876    CDp = -0.00453

 Side 1  free  transition at x/c =  0.7122   63
 Side 2  free  transition at x/c =  0.9571   75

 174   rms: 0.2332E+04   max: -.2641E+05   C at   75  2   RLX: 0.000
       a = 10.000      CL =  0.1888
      Cm =  0.0257     CD =  0.00423   =>   CDf =  0.00877    CDp = -0.00453

 Side 1  free  transition at x/c =  0.7122   63
 Side 2  free  transition at x/c =  0.9623   76

 175   rms: 0.6923E+04   max: -.8498E+05   C at   76  2   RLX: 0.000
       a = 10.000      CL =  0.1888
      Cm =  0.0257     CD =  0.00423   =>   CDf =  0.00877    CDp = -0.00453

 Side 1  free  transition at x/c =  0.7122   63
 Side 2  free  transition at x/c =  0.9669   76

 176   rms: 0.1720E+04   max: -.2111E+05   C at   76  2   RLX: 0.000
       a = 10.000      CL =  0.1888
      Cm =  0.0257     CD =  0.00423   =>   CDf =  0.00877    CDp = -0.00453

 Side 1  free  transition at x/c =  0.7122   63
 Side 2  free  transition at x/c =  0.9709   77

 177   rms: 0.9159E+03   max: 0.1247E+05   C at   78  2   RLX: 0.000
       a = 10.000      CL =  0.1886
      Cm =  0.0258     CD =  0.00423   =>   CDf =  0.00877    CDp = -0.00453

 Side 1  free  transition at x/c =  0.7122   63
 Side 2  free  transition at x/c =  0.9598   76

 178   rms: 0.7730E+04   max: 0.9494E+05   C at   76  2   RLX: 0.000
       a = 10.000      CL =  0.1886
      Cm =  0.0258     CD =  0.00423   =>   CDf =  0.00877    CDp = -0.00454

 Side 1  free  transition at x/c =  0.7122   63
 Side 2  free  transition at x/c =  0.9425   74

 179   rms: 0.4675E+04   max: -.5018E+05   C at   74  2   RLX: 0.000
       a = 10.000      CL =  0.1886
      Cm =  0.0258     CD =  0.00423   =>   CDf =  0.00877    CDp = -0.00454

 Side 1  free  transition at x/c =  0.7121   63
 Side 2  free  transition at x/c =  0.9512   75

 180   rms: 0.6662E+04   max: -.7586E+05   C at   75  2   RLX: 0.000
       a = 10.000      CL =  0.1886
      Cm =  0.0258     CD =  0.00423   =>   CDf =  0.00877    CDp = -0.00454

 Side 1  free  transition at x/c =  0.7121   63
 Side 2  free  transition at x/c =  0.9570   75

 181   rms: 0.2401E+04   max: -.2720E+05   C at   75  2   RLX: 0.000
       a = 10.000      CL =  0.1886
      Cm =  0.0258     CD =  0.00423   =>   CDf =  0.00877    CDp = -0.00454

 Side 1  free  transition at x/c =  0.7121   63
 Side 2  free  transition at x/c =  0.9620   76

 182   rms: 0.9218E+04   max: -.1131E+06   C at   76  2   RLX: 0.000
       a = 10.000      CL =  0.1886
      Cm =  0.0258     CD =  0.00423   =>   CDf =  0.00877    CDp = -0.00454

 Side 1  free  transition at x/c =  0.7121   63
 Side 2  free  transition at x/c =  0.9666   76

 183   rms: 0.1840E+04   max: -.2257E+05   C at   76  2   RLX: 0.000
       a = 10.000      CL =  0.1886
      Cm =  0.0258     CD =  0.00423   =>   CDf =  0.00877    CDp = -0.00454

 Side 1  free  transition at x/c =  0.7121   63
 Side 2  free  transition at x/c =  0.9707   77

 184   rms: 0.8395E+03   max: 0.1143E+05   C at   78  2   RLX: 0.000
       a = 10.000      CL =  0.1884
      Cm =  0.0258     CD =  0.00424   =>   CDf =  0.00877    CDp = -0.00453

 Side 1  free  transition at x/c =  0.7121   63
 Side 2  free  transition at x/c =  0.9593   76

 185   rms: 0.5604E+04   max: 0.6882E+05   C at   76  2   RLX: 0.000
       a = 10.000      CL =  0.1884
      Cm =  0.0258     CD =  0.00424   =>   CDf =  0.00877    CDp = -0.00454

 Side 1  free  transition at x/c =  0.7121   63
 Side 2  free  transition at x/c =  0.9415   74

 186   rms: 0.5311E+04   max: -.5712E+05   C at   74  2   RLX: 0.000
       a = 10.000      CL =  0.1884
      Cm =  0.0258     CD =  0.00424   =>   CDf =  0.00878    CDp = -0.00454

 Side 1  free  transition at x/c =  0.7121   63
 Side 2  free  transition at x/c =  0.9503   75

 187   rms: 0.1058E+05   max: -.1206E+06   C at   75  2   RLX: 0.000
       a = 10.000      CL =  0.1884
      Cm =  0.0258     CD =  0.00424   =>   CDf =  0.00878    CDp = -0.00454

 Side 1  free  transition at x/c =  0.7121   63
 Side 2  free  transition at x/c =  0.9560   75

 188   rms: 0.2752E+04   max: -.3120E+05   C at   75  2   RLX: 0.000
       a = 10.000      CL =  0.1884
      Cm =  0.0258     CD =  0.00424   =>   CDf =  0.00877    CDp = -0.00454

 Side 1  free  transition at x/c =  0.7121   63
 Side 2  free  transition at x/c =  0.9610   76

 189   rms: 0.6451E+06   max: -.7919E+07   C at   76  2   RLX: 0.000
       a = 10.000      CL =  0.1884
      Cm =  0.0258     CD =  0.00424   =>   CDf =  0.00877    CDp = -0.00454

 Side 1  free  transition at x/c =  0.7121   63
 Side 2  free  transition at x/c =  0.9659   76

 190   rms: 0.2178E+04   max: -.2672E+05   C at   76  2   RLX: 0.000
       a = 10.000      CL =  0.1884
      Cm =  0.0258     CD =  0.00424   =>   CDf =  0.00877    CDp = -0.00454

 Side 1  free  transition at x/c =  0.7121   63
 Side 2  free  transition at x/c =  0.9701   77

 191   rms: 0.6532E+03   max: 0.8899E+04   C at   78  2   RLX: 0.000
       a = 10.000      CL =  0.1882
      Cm =  0.0259     CD =  0.00424   =>   CDf =  0.00877    CDp = -0.00453

 Side 1  free  transition at x/c =  0.7120   63
 Side 2  free  transition at x/c =  0.9578   75

 192   rms: 0.2300E+04   max: -.2605E+05   C at   75  2   RLX: 0.000
       a = 10.000      CL =  0.1882
      Cm =  0.0259     CD =  0.00424   =>   CDf =  0.00878    CDp = -0.00454

 Side 1  free  transition at x/c =  0.7120   63
 Side 2  free  transition at x/c =  0.9626   76

 193   rms: 0.6731E+04   max: -.8261E+05   C at   76  2   RLX: 0.000
       a = 10.000      CL =  0.1883
      Cm =  0.0259     CD =  0.00424   =>   CDf =  0.00878    CDp = -0.00454

 Side 1  free  transition at x/c =  0.7120   63
 Side 2  free  transition at x/c =  0.9672   76

 194   rms: 0.1770E+04   max: -.2172E+05   C at   76  2   RLX: 0.000
       a = 10.000      CL =  0.1882
      Cm =  0.0259     CD =  0.00424   =>   CDf =  0.00878    CDp = -0.00454

 Side 1  free  transition at x/c =  0.7120   63
 Side 2  free  transition at x/c =  0.9714   77

 195   rms: 0.1093E+04   max: 0.1488E+05   C at   78  2   RLX: 0.000
       a = 10.000      CL =  0.1881
      Cm =  0.0259     CD =  0.00424   =>   CDf =  0.00878    CDp = -0.00454

 Side 1  free  transition at x/c =  0.7120   63
 Side 2  free  transition at x/c =  0.9609   76

 196   rms: 0.3499E+05   max: 0.4296E+06   C at   76  2   RLX: 0.000
       a = 10.000      CL =  0.1881
      Cm =  0.0259     CD =  0.00424   =>   CDf =  0.00878    CDp = -0.00454

 Side 1  free  transition at x/c =  0.7120   63
 Side 2  free  transition at x/c =  0.9442   74

 197   rms: 0.4467E+04   max: -.4785E+05   C at   74  2   RLX: 0.000
       a = 10.000      CL =  0.1881
      Cm =  0.0259     CD =  0.00424   =>   CDf =  0.00878    CDp = -0.00454

 Side 1  free  transition at x/c =  0.7120   63
 Side 2  free  transition at x/c =  0.9529   75

 198   rms: 0.5082E+04   max: -.5776E+05   C at   75  2   RLX: 0.000
       a = 10.000      CL =  0.1881
      Cm =  0.0259     CD =  0.00424   =>   CDf =  0.00878    CDp = -0.00454

 Side 1  free  transition at x/c =  0.7120   63
 Side 2  free  transition at x/c =  0.9580   75

 199   rms: 0.2258E+04   max: -.2557E+05   C at   75  2   RLX: 0.000
       a = 10.000      CL =  0.1881
      Cm =  0.0259     CD =  0.00424   =>   CDf =  0.00878    CDp = -0.00454

 Side 1  free  transition at x/c =  0.7120   63
 Side 2  free  transition at x/c =  0.9627   76

 200   rms: 0.6496E+04   max: -.7971E+05   C at   76  2   RLX: 0.000
       a = 10.000      CL =  0.1881
      Cm =  0.0259     CD =  0.00424   =>   CDf =  0.00878    CDp = -0.00454

 Side 1  free  transition at x/c =  0.7120   63
 Side 2  free  transition at x/c =  0.9674   76

 201   rms: 0.1752E+04   max: -.2150E+05   C at   76  2   RLX: 0.000
       a = 10.000      CL =  0.1881
      Cm =  0.0259     CD =  0.00424   =>   CDf =  0.00878    CDp = -0.00454

 Side 1  free  transition at x/c =  0.7120   63
 Side 2  free  transition at x/c =  0.9716   77

 202   rms: 0.1245E+04   max: 0.1693E+05   C at   78  2   RLX: 0.000
       a = 10.000      CL =  0.1880
      Cm =  0.0260     CD =  0.00424   =>   CDf =  0.00878    CDp = -0.00454

 Side 1  free  transition at x/c =  0.7120   63
 Side 2  free  transition at x/c =  0.9615   76

 203   rms: 0.3270E+05   max: -.4013E+06   C at   76  2   RLX: 0.000
       a = 10.000      CL =  0.1880
      Cm =  0.0260     CD =  0.00424   =>   CDf =  0.00878    CDp = -0.00454

 Side 1  free  transition at x/c =  0.7120   63
 Side 2  free  transition at x/c =  0.9662   76

 204   rms: 0.2214E+04   max: -.2717E+05   C at   76  2   RLX: 0.000
       a = 10.000      CL =  0.1880
      Cm =  0.0260     CD =  0.00424   =>   CDf =  0.00878    CDp = -0.00454

 Side 1  free  transition at x/c =  0.7119   63
 Side 2  free  transition at x/c =  0.9704   77

 205   rms: 0.7425E+03   max: 0.1011E+05   C at   78  2   RLX: 0.000
       a = 10.000      CL =  0.1878
      Cm =  0.0260     CD =  0.00424   =>   CDf =  0.00878    CDp = -0.00454

 Side 1  free  transition at x/c =  0.7119   63
 Side 2  free  transition at x/c =  0.9588   76

 206   rms: 0.4150E+04   max: 0.5094E+05   C at   76  2   RLX: 0.000
       a = 10.000      CL =  0.1878
      Cm =  0.0260     CD =  0.00424   =>   CDf =  0.00878    CDp = -0.00454

 Side 1  free  transition at x/c =  0.7119   63
 Side 2  free  transition at x/c =  0.9401   74

 207   rms: 0.6997E+04   max: -.7547E+05   C at   74  2   RLX: 0.000
       a = 10.000      CL =  0.1878
      Cm =  0.0260     CD =  0.00424   =>   CDf =  0.00879    CDp = -0.00454

 Side 1  free  transition at x/c =  0.7119   63
 Side 2  free  transition at x/c =  0.9492   75

 208   rms: 0.5759E+05   max: 0.6565E+06   C at   75  2   RLX: 0.000
       a = 10.000      CL =  0.1878
      Cm =  0.0260     CD =  0.00425   =>   CDf =  0.00879    CDp = -0.00454

 Side 1  free  transition at x/c =  0.7119   63
 Side 2  free  transition at x/c =  0.9308   73

 209   rms: 0.5645E+04   max: -.5855E+05   C at   73  2   RLX: 0.000
       a = 10.000      CL =  0.1878
      Cm =  0.0260     CD =  0.00424   =>   CDf =  0.00879    CDp = -0.00454

 Side 1  free  transition at x/c =  0.7119   63
 Side 2  free  transition at x/c =  0.9405   74

 210   rms: 0.6698E+04   max: -.7218E+05   C at   74  2   RLX: 0.000
       a = 10.000      CL =  0.1878
      Cm =  0.0260     CD =  0.00424   =>   CDf =  0.00879    CDp = -0.00454

 Side 1  free  transition at x/c =  0.7119   63
 Side 2  free  transition at x/c =  0.9493   75

 211   rms: 0.3919E+06   max: 0.4466E+07   C at   75  2   RLX: 0.000
       a = 10.000      CL =  0.1878
      Cm =  0.0260     CD =  0.00425   =>   CDf =  0.00879    CDp = -0.00454

 Side 1  free  transition at x/c =  0.7119   63
 Side 2  free  transition at x/c =  0.9307   73

 212   rms: 0.5691E+04   max: -.5905E+05   C at   73  2   RLX: 0.000
       a = 10.000      CL =  0.1878
      Cm =  0.0260     CD =  0.00425   =>   CDf =  0.00879    CDp = -0.00454

 Side 1  free  transition at x/c =  0.7119   63
 Side 2  free  transition at x/c =  0.9404   74

 213   rms: 0.6780E+04   max: -.7307E+05   C at   74  2   RLX: 0.000
       a = 10.000      CL =  0.1878
      Cm =  0.0260     CD =  0.00425   =>   CDf =  0.00879    CDp = -0.00454

 Side 1  free  transition at x/c =  0.7119   63
 Side 2  free  transition at x/c =  0.9491   75

 214   rms: 0.1342E+06   max: 0.1529E+07   C at   75  2   RLX: 0.000
       a = 10.000      CL =  0.1878
      Cm =  0.0260     CD =  0.00425   =>   CDf =  0.00879    CDp = -0.00454

 Side 1  free  transition at x/c =  0.7119   63
 Side 2  free  transition at x/c =  0.9299   73

 215   rms: 0.6005E+04   max: -.6244E+05   C at   73  2   RLX: 0.000
       a = 10.000      CL =  0.1878
      Cm =  0.0260     CD =  0.00425   =>   CDf =  0.00879    CDp = -0.00454

 Side 1  free  transition at x/c =  0.7119   63
 Side 2  free  transition at x/c =  0.9397   74

 216   rms: 0.7567E+04   max: -.8167E+05   C at   74  2   RLX: 0.000
       a = 10.000      CL =  0.1879
      Cm =  0.0260     CD =  0.00425   =>   CDf =  0.00879    CDp = -0.00454

 Side 1  free  transition at x/c =  0.7119   63
 Side 2  free  transition at x/c =  0.9482   75

 217   rms: 0.2241E+05   max: 0.2557E+06   C at   75  2   RLX: 0.000
       a = 10.000      CL =  0.1878
      Cm =  0.0260     CD =  0.00425   =>   CDf =  0.00878    CDp = -0.00454

 Side 1  free  transition at x/c =  0.7119   63
 Side 2  free  transition at x/c =  0.9281   73

 218   rms: 0.6935E+04   max: -.7249E+05   C at   73  2   RLX: 0.000
       a = 10.000      CL =  0.1878
      Cm =  0.0260     CD =  0.00425   =>   CDf =  0.00879    CDp = -0.00454

 Side 1  free  transition at x/c =  0.7119   63
 Side 2  free  transition at x/c =  0.9380   74

 219   rms: 0.1014E+05   max: -.1098E+06   C at   74  2   RLX: 0.000
       a = 10.000      CL =  0.1879
      Cm =  0.0260     CD =  0.00425   =>   CDf =  0.00879    CDp = -0.00454

 Side 1  free  transition at x/c =  0.7119   63
 Side 2  free  transition at x/c =  0.9466   75

 220   rms: 0.8289E+04   max: 0.9475E+05   C at   75  2   RLX: 0.000
       a = 10.000      CL =  0.1878
      Cm =  0.0260     CD =  0.00425   =>   CDf =  0.00878    CDp = -0.00454

 Side 1  free  transition at x/c =  0.7119   63
 Side 2  free  transition at x/c =  0.9251   73

 221   rms: 0.9433E+04   max: -.9954E+05   C at   73  2   RLX: 0.000
       a = 10.000      CL =  0.1879
      Cm =  0.0260     CD =  0.00425   =>   CDf =  0.00879    CDp = -0.00454

 Side 1  free  transition at x/c =  0.7119   63
 Side 2  free  transition at x/c =  0.9353   74

 222   rms: 0.2514E+05   max: -.2739E+06   C at   74  2   RLX: 0.000
       a = 10.000      CL =  0.1879
      Cm =  0.0259     CD =  0.00425   =>   CDf =  0.00879    CDp = -0.00454

 Side 1  free  transition at x/c =  0.7119   63
 Side 2  free  transition at x/c =  0.9441   74

 223   rms: 0.4598E+04   max: -.4924E+05   C at   74  2   RLX: 0.000
       a = 10.000      CL =  0.1879
      Cm =  0.0259     CD =  0.00425   =>   CDf =  0.00878    CDp = -0.00454

 Side 1  free  transition at x/c =  0.7119   63
 Side 2  free  transition at x/c =  0.9519   75

 224   rms: 0.6829E+04   max: -.7768E+05   C at   75  2   RLX: 0.000
       a = 10.000      CL =  0.1879
      Cm =  0.0259     CD =  0.00425   =>   CDf =  0.00878    CDp = -0.00454

 Side 1  free  transition at x/c =  0.7119   63
 Side 2  free  transition at x/c =  0.9575   75

 225   rms: 0.2562E+04   max: -.2902E+05   C at   75  2   RLX: 0.000
       a = 10.000      CL =  0.1879
      Cm =  0.0259     CD =  0.00425   =>   CDf =  0.00878    CDp = -0.00453

 Side 1  free  transition at x/c =  0.7119   63
 Side 2  free  transition at x/c =  0.9627   76

 226   rms: 0.7506E+04   max: -.9213E+05   C at   76  2   RLX: 0.000
       a = 10.000      CL =  0.1879
      Cm =  0.0259     CD =  0.00425   =>   CDf =  0.00878    CDp = -0.00453

 Side 1  free  transition at x/c =  0.7119   63
 Side 2  free  transition at x/c =  0.9672   76

 227   rms: 0.1895E+04   max: -.2326E+05   C at   76  2   RLX: 0.000
       a = 10.000      CL =  0.1879
      Cm =  0.0259     CD =  0.00425   =>   CDf =  0.00878    CDp = -0.00453

 Side 1  free  transition at x/c =  0.7119   63
 Side 2  free  transition at x/c =  0.9711   77

 228   rms: 0.9599E+03   max: 0.1306E+05   C at   78  2   RLX: 0.000
       a = 10.000      CL =  0.1878
      Cm =  0.0260     CD =  0.00425   =>   CDf =  0.00878    CDp = -0.00453

 Side 1  free  transition at x/c =  0.7118   63
 Side 2  free  transition at x/c =  0.9605   76

 229   rms: 0.1156E+05   max: 0.1420E+06   C at   76  2   RLX: 0.000
       a = 10.000      CL =  0.1877
      Cm =  0.0260     CD =  0.00425   =>   CDf =  0.00878    CDp = -0.00453

 Side 1  free  transition at x/c =  0.7118   63
 Side 2  free  transition at x/c =  0.9439   74

 230   rms: 0.4803E+04   max: -.5145E+05   C at   74  2   RLX: 0.000
       a = 10.000      CL =  0.1877
      Cm =  0.0260     CD =  0.00425   =>   CDf =  0.00879    CDp = -0.00454

 Side 1  free  transition at x/c =  0.7118   63
 Side 2  free  transition at x/c =  0.9517   75

 231   rms: 0.7703E+04   max: -.8763E+05   C at   75  2   RLX: 0.000
       a = 10.000      CL =  0.1878
      Cm =  0.0260     CD =  0.00425   =>   CDf =  0.00878    CDp = -0.00454

 Side 1  free  transition at x/c =  0.7118   63
 Side 2  free  transition at x/c =  0.9573   75

 232   rms: 0.2664E+04   max: -.3017E+05   C at   75  2   RLX: 0.000
       a = 10.000      CL =  0.1878
      Cm =  0.0260     CD =  0.00425   =>   CDf =  0.00878    CDp = -0.00453

 Side 1  free  transition at x/c =  0.7118   63
 Side 2  free  transition at x/c =  0.9623   76

 233   rms: 0.1071E+05   max: -.1315E+06   C at   76  2   RLX: 0.000
       a = 10.000      CL =  0.1878
      Cm =  0.0260     CD =  0.00425   =>   CDf =  0.00878    CDp = -0.00453

 Side 1  free  transition at x/c =  0.7118   63
 Side 2  free  transition at x/c =  0.9669   76

 234   rms: 0.2043E+04   max: -.2508E+05   C at   76  2   RLX: 0.000
       a = 10.000      CL =  0.1878
      Cm =  0.0260     CD =  0.00425   =>   CDf =  0.00878    CDp = -0.00453

 Side 1  free  transition at x/c =  0.7118   63
 Side 2  free  transition at x/c =  0.9709   77

 235   rms: 0.8892E+03   max: 0.1210E+05   C at   78  2   RLX: 0.000
       a = 10.000      CL =  0.1876
      Cm =  0.0260     CD =  0.00425   =>   CDf =  0.00878    CDp = -0.00453

 Side 1  free  transition at x/c =  0.7118   63
 Side 2  free  transition at x/c =  0.9602   76

 236   rms: 0.8982E+04   max: 0.1103E+06   C at   76  2   RLX: 0.000
       a = 10.000      CL =  0.1876
      Cm =  0.0260     CD =  0.00425   =>   CDf =  0.00878    CDp = -0.00453

 Side 1  free  transition at x/c =  0.7118   63
 Side 2  free  transition at x/c =  0.9431   74

 237   rms: 0.5400E+04   max: -.5794E+05   C at   74  2   RLX: 0.000
       a = 10.000      CL =  0.1876
      Cm =  0.0260     CD =  0.00425   =>   CDf =  0.00879    CDp = -0.00454

 Side 1  free  transition at x/c =  0.7118   63
 Side 2  free  transition at x/c =  0.9507   75

 238   rms: 0.1280E+05   max: -.1458E+06   C at   75  2   RLX: 0.000
       a = 10.000      CL =  0.1876
      Cm =  0.0260     CD =  0.00425   =>   CDf =  0.00879    CDp = -0.00454

 Side 1  free  transition at x/c =  0.7118   63
 Side 2  free  transition at x/c =  0.9563   75

 239   rms: 0.3078E+04   max: -.3487E+05   C at   75  2   RLX: 0.000
       a = 10.000      CL =  0.1876
      Cm =  0.0260     CD =  0.00425   =>   CDf =  0.00878    CDp = -0.00454

 Side 1  free  transition at x/c =  0.7118   63
 Side 2  free  transition at x/c =  0.9612   76

 240   rms: 0.2367E+06   max: 0.2905E+07   C at   76  2   RLX: 0.000
       a = 10.000      CL =  0.1876
      Cm =  0.0260     CD =  0.00425   =>   CDf =  0.00878    CDp = -0.00453

 Side 1  free  transition at x/c =  0.7118   63
 Side 2  free  transition at x/c =  0.9446   74

 241   rms: 0.4681E+04   max: -.5011E+05   C at   74  2   RLX: 0.000
       a = 10.000      CL =  0.1876
      Cm =  0.0260     CD =  0.00425   =>   CDf =  0.00879    CDp = -0.00454

 Side 1  free  transition at x/c =  0.7118   63
 Side 2  free  transition at x/c =  0.9523   75

 242   rms: 0.6855E+04   max: -.7792E+05   C at   75  2   RLX: 0.000
       a = 10.000      CL =  0.1876
      Cm =  0.0260     CD =  0.00425   =>   CDf =  0.00879    CDp = -0.00454

 Side 1  free  transition at x/c =  0.7118   63
 Side 2  free  transition at x/c =  0.9575   75

 243   rms: 0.2575E+04   max: -.2916E+05   C at   75  2   RLX: 0.000
       a = 10.000      CL =  0.1876
      Cm =  0.0260     CD =  0.00425   =>   CDf =  0.00878    CDp = -0.00453

 Side 1  free  transition at x/c =  0.7118   63
 Side 2  free  transition at x/c =  0.9623   76

 244   rms: 0.1030E+05   max: -.1264E+06   C at   76  2   RLX: 0.000
       a = 10.000      CL =  0.1876
      Cm =  0.0260     CD =  0.00425   =>   CDf =  0.00878    CDp = -0.00453

 Side 1  free  transition at x/c =  0.7118   63
 Side 2  free  transition at x/c =  0.9671   76

 245   rms: 0.2019E+04   max: -.2477E+05   C at   76  2   RLX: 0.000
       a = 10.000      CL =  0.1876
      Cm =  0.0260     CD =  0.00425   =>   CDf =  0.00878    CDp = -0.00453

 Side 1  free  transition at x/c =  0.7118   63
 Side 2  free  transition at x/c =  0.9714   77

 246   rms: 0.1083E+04   max: 0.1472E+05   C at   78  2   RLX: 0.000
       a = 10.000      CL =  0.1875
      Cm =  0.0260     CD =  0.00425   =>   CDf =  0.00878    CDp = -0.00453

 Side 1  free  transition at x/c =  0.7117   63
 Side 2  free  transition at x/c =  0.9613   76

 247   rms: 0.4741E+06   max: -.5818E+07   C at   76  2   RLX: 0.000
       a = 10.000      CL =  0.1875
      Cm =  0.0260     CD =  0.00425   =>   CDf =  0.00878    CDp = -0.00453

 Side 1  free  transition at x/c =  0.7117   63
 Side 2  free  transition at x/c =  0.9662   76

 248   rms: 0.2450E+04   max: -.3006E+05   C at   76  2   RLX: 0.000
       a = 10.000      CL =  0.1875
      Cm =  0.0260     CD =  0.00425   =>   CDf =  0.00878    CDp = -0.00453

 Side 1  free  transition at x/c =  0.7117   63
 Side 2  free  transition at x/c =  0.9705   77

 249   rms: 0.7414E+03   max: 0.1009E+05   C at   78  2   RLX: 0.000
       a = 10.000      CL =  0.1873
      Cm =  0.0261     CD =  0.00425   =>   CDf =  0.00878    CDp = -0.00453

 Side 1  free  transition at x/c =  0.7117   63
 Side 2  free  transition at x/c =  0.9592   76

 250   rms: 0.5272E+04   max: 0.6471E+05   C at   76  2   RLX: 0.000
       a = 10.000      CL =  0.1873
      Cm =  0.0261     CD =  0.00425   =>   CDf =  0.00879    CDp = -0.00453

 Side 1  free  transition at x/c =  0.7117   63
 Side 2  free  transition at x/c =  0.9406   74

 251   rms: 0.7845E+04   max: -.8458E+05   C at   74  2   RLX: 0.000
       a = 10.000      CL =  0.1873
      Cm =  0.0261     CD =  0.00425   =>   CDf =  0.00879    CDp = -0.00454

 Side 1  free  transition at x/c =  0.7117   63
 Side 2  free  transition at x/c =  0.9486   75

 252   rms: 0.1736E+05   max: 0.1979E+06   C at   75  2   RLX: 0.000
       a = 10.000      CL =  0.1873
      Cm =  0.0261     CD =  0.00425   =>   CDf =  0.00879    CDp = -0.00454

 Side 1  free  transition at x/c =  0.7117   63
 Side 2  free  transition at x/c =  0.9297   73

 253   rms: 0.6685E+04   max: -.6969E+05   C at   73  2   RLX: 0.000
       a = 10.000      CL =  0.1873
      Cm =  0.0261     CD =  0.00425   =>   CDf =  0.00879    CDp = -0.00454

 Side 1  free  transition at x/c =  0.7117   63
 Side 2  free  transition at x/c =  0.9398   74

 254   rms: 0.9007E+04   max: -.9726E+05   C at   74  2   RLX: 0.000
       a = 10.000      CL =  0.1873
      Cm =  0.0261     CD =  0.00425   =>   CDf =  0.00879    CDp = -0.00454

 Side 1  free  transition at x/c =  0.7117   63
 Side 2  free  transition at x/c =  0.9477   75

 255   rms: 0.1039E+05   max: 0.1186E+06   C at   75  2   RLX: 0.000
       a = 10.000      CL =  0.1873
      Cm =  0.0261     CD =  0.00425   =>   CDf =  0.00879    CDp = -0.00454

 Side 1  free  transition at x/c =  0.7117   63
 Side 2  free  transition at x/c =  0.9281   73

 256   rms: 0.7654E+04   max: -.8018E+05   C at   73  2   RLX: 0.000
       a = 10.000      CL =  0.1873
      Cm =  0.0261     CD =  0.00425   =>   CDf =  0.00879    CDp = -0.00454

 Side 1  free  transition at x/c =  0.7117   63
 Side 2  free  transition at x/c =  0.9383   74

 257   rms: 0.1260E+05   max: -.1365E+06   C at   74  2   RLX: 0.000
       a = 10.000      CL =  0.1873
      Cm =  0.0261     CD =  0.00425   =>   CDf =  0.00879    CDp = -0.00454

 Side 1  free  transition at x/c =  0.7117   63
 Side 2  free  transition at x/c =  0.9463   75

 258   rms: 0.5953E+04   max: 0.6803E+05   C at   75  2   RLX: 0.000
       a = 10.000      CL =  0.1873
      Cm =  0.0261     CD =  0.00425   =>   CDf =  0.00879    CDp = -0.00453

 Side 1  free  transition at x/c =  0.7117   63
 Side 2  free  transition at x/c =  0.9253   73

 259   rms: 0.9993E+04   max: -.1056E+06   C at   73  2   RLX: 0.000
       a = 10.000      CL =  0.1873
      Cm =  0.0261     CD =  0.00425   =>   CDf =  0.00879    CDp = -0.00454

 Side 1  free  transition at x/c =  0.7117   63
 Side 2  free  transition at x/c =  0.9359   74

 260   rms: 0.3976E+05   max: -.4332E+06   C at   74  2   RLX: 0.000
       a = 10.000      CL =  0.1873
      Cm =  0.0261     CD =  0.00425   =>   CDf =  0.00879    CDp = -0.00454

 Side 1  free  transition at x/c =  0.7117   63
 Side 2  free  transition at x/c =  0.9441   74

 261   rms: 0.5062E+04   max: -.5422E+05   C at   74  2   RLX: 0.000
       a = 10.000      CL =  0.1873
      Cm =  0.0261     CD =  0.00425   =>   CDf =  0.00879    CDp = -0.00454

 Side 1  free  transition at x/c =  0.7117   63
 Side 2  free  transition at x/c =  0.9513   75

 262   rms: 0.1077E+05   max: -.1225E+06   C at   75  2   RLX: 0.000
       a = 10.000      CL =  0.1874
      Cm =  0.0261     CD =  0.00425   =>   CDf =  0.00879    CDp = -0.00453

 Side 1  free  transition at x/c =  0.7117   63
 Side 2  free  transition at x/c =  0.9567   75

 263   rms: 0.2999E+04   max: -.3396E+05   C at   75  2   RLX: 0.000
       a = 10.000      CL =  0.1874
      Cm =  0.0261     CD =  0.00425   =>   CDf =  0.00879    CDp = -0.00453

 Side 1  free  transition at x/c =  0.7117   63
 Side 2  free  transition at x/c =  0.9615   76

 264   rms: 0.4293E+05   max: -.5269E+06   C at   76  2   RLX: 0.000
       a = 10.000      CL =  0.1874
      Cm =  0.0260     CD =  0.00425   =>   CDf =  0.00878    CDp = -0.00453

 Side 1  free  transition at x/c =  0.7117   63
 Side 2  free  transition at x/c =  0.9665   76

 265   rms: 0.2367E+04   max: -.2904E+05   C at   76  2   RLX: 0.000
       a = 10.000      CL =  0.1874
      Cm =  0.0260     CD =  0.00425   =>   CDf =  0.00878    CDp = -0.00453

 Side 1  free  transition at x/c =  0.7117   63
 Side 2  free  transition at x/c =  0.9708   77

 266   rms: 0.8138E+03   max: 0.1107E+05   C at   78  2   RLX: 0.000
       a = 10.000      CL =  0.1872
      Cm =  0.0261     CD =  0.00426   =>   CDf =  0.00878    CDp = -0.00453

 Side 1  free  transition at x/c =  0.7116   63
 Side 2  free  transition at x/c =  0.9599   76

 267   rms: 0.8089E+04   max: 0.9928E+05   C at   76  2   RLX: 0.000
       a = 10.000      CL =  0.1872
      Cm =  0.0261     CD =  0.00426   =>   CDf =  0.00879    CDp = -0.00453

 Side 1  free  transition at x/c =  0.7116   63
 Side 2  free  transition at x/c =  0.9419   74

 268   rms: 0.6786E+04   max: -.7298E+05   C at   74  2   RLX: 0.000
       a = 10.000      CL =  0.1872
      Cm =  0.0261     CD =  0.00426   =>   CDf =  0.00879    CDp = -0.00454

 Side 1  free  transition at x/c =  0.7116   63
 Side 2  free  transition at x/c =  0.9494   75

 269   rms: 0.6706E+05   max: 0.7634E+06   C at   75  2   RLX: 0.000
       a = 10.000      CL =  0.1872
      Cm =  0.0261     CD =  0.00426   =>   CDf =  0.00879    CDp = -0.00453

 Side 1  free  transition at x/c =  0.7116   63
 Side 2  free  transition at x/c =  0.9308   73

 270   rms: 0.6369E+04   max: -.6629E+05   C at   73  2   RLX: 0.000
       a = 10.000      CL =  0.1872
      Cm =  0.0261     CD =  0.00426   =>   CDf =  0.00879    CDp = -0.00454

 Side 1  free  transition at x/c =  0.7116   63
 Side 2  free  transition at x/c =  0.9409   74

 271   rms: 0.7894E+04   max: -.8506E+05   C at   74  2   RLX: 0.000
       a = 10.000      CL =  0.1872
      Cm =  0.0261     CD =  0.00426   =>   CDf =  0.00879    CDp = -0.00453

 Side 1  free  transition at x/c =  0.7116   63
 Side 2  free  transition at x/c =  0.9483   75

 272   rms: 0.1656E+05   max: 0.1888E+06   C at   75  2   RLX: 0.000
       a = 10.000      CL =  0.1872
      Cm =  0.0261     CD =  0.00426   =>   CDf =  0.00879    CDp = -0.00453

 Side 1  free  transition at x/c =  0.7116   63
 Side 2  free  transition at x/c =  0.9287   73

 273   rms: 0.7430E+04   max: -.7778E+05   C at   73  2   RLX: 0.000
       a = 10.000      CL =  0.1872
      Cm =  0.0261     CD =  0.00426   =>   CDf =  0.00879    CDp = -0.00454

 Side 1  free  transition at x/c =  0.7116   63
 Side 2  free  transition at x/c =  0.9391   74

 274   rms: 0.1173E+05   max: -.1269E+06   C at   74  2   RLX: 0.000
       a = 10.000      CL =  0.1872
      Cm =  0.0261     CD =  0.00426   =>   CDf =  0.00879    CDp = -0.00453

 Side 1  free  transition at x/c =  0.7116   63
 Side 2  free  transition at x/c =  0.9465   75

 275   rms: 0.6684E+04   max: 0.7633E+05   C at   75  2   RLX: 0.000
       a = 10.000      CL =  0.1872
      Cm =  0.0261     CD =  0.00426   =>   CDf =  0.00879    CDp = -0.00453

 Side 1  free  transition at x/c =  0.7116   63
 Side 2  free  transition at x/c =  0.9253   73

 276   rms: 0.1021E+05   max: -.1080E+06   C at   73  2   RLX: 0.000
       a = 10.000      CL =  0.1872
      Cm =  0.0261     CD =  0.00426   =>   CDf =  0.00879    CDp = -0.00454

 Side 1  free  transition at x/c =  0.7116   63
 Side 2  free  transition at x/c =  0.9359   74

 277   rms: 0.9364E+05   max: -.1021E+07   C at   74  2   RLX: 0.000
       a = 10.000      CL =  0.1872
      Cm =  0.0261     CD =  0.00426   =>   CDf =  0.00879    CDp = -0.00453

 Side 1  free  transition at x/c =  0.7116   63
 Side 2  free  transition at x/c =  0.9437   74

 278   rms: 0.5330E+04   max: -.5712E+05   C at   74  2   RLX: 0.000
       a = 10.000      CL =  0.1873
      Cm =  0.0261     CD =  0.00426   =>   CDf =  0.00879    CDp = -0.00453

 Side 1  free  transition at x/c =  0.7116   63
 Side 2  free  transition at x/c =  0.9506   75

 279   rms: 0.1630E+05   max: -.1855E+06   C at   75  2   RLX: 0.000
       a = 10.000      CL =  0.1873
      Cm =  0.0260     CD =  0.00426   =>   CDf =  0.00879    CDp = -0.00453

 Side 1  free  transition at x/c =  0.7116   63
 Side 2  free  transition at x/c =  0.9563   75

 280   rms: 0.3243E+04   max: -.3673E+05   C at   75  2   RLX: 0.000
       a = 10.000      CL =  0.1873
      Cm =  0.0260     CD =  0.00426   =>   CDf =  0.00878    CDp = -0.00453

 Side 1  free  transition at x/c =  0.7116   63
 Side 2  free  transition at x/c =  0.9613   76

 281   rms: 0.5225E+06   max: -.6412E+07   C at   76  2   RLX: 0.000
       a = 10.000      CL =  0.1873
      Cm =  0.0260     CD =  0.00426   =>   CDf =  0.00878    CDp = -0.00453

 Side 1  free  transition at x/c =  0.7116   63
 Side 2  free  transition at x/c =  0.9663   76

 282   rms: 0.2503E+04   max: -.3072E+05   C at   76  2   RLX: 0.000
       a = 10.000      CL =  0.1873
      Cm =  0.0260     CD =  0.00426   =>   CDf =  0.00878    CDp = -0.00453

 Side 1  free  transition at x/c =  0.7116   63
 Side 2  free  transition at x/c =  0.9706   77

 283   rms: 0.7526E+03   max: 0.1023E+05   C at   78  2   RLX: 0.000
       a = 10.000      CL =  0.1871
      Cm =  0.0261     CD =  0.00426   =>   CDf =  0.00878    CDp = -0.00452

 Side 1  free  transition at x/c =  0.7116   63
 Side 2  free  transition at x/c =  0.9596   76

 284   rms: 0.6850E+04   max: 0.8407E+05   C at   76  2   RLX: 0.000
       a = 10.000      CL =  0.1871
      Cm =  0.0261     CD =  0.00426   =>   CDf =  0.00879    CDp = -0.00453

 Side 1  free  transition at x/c =  0.7116   63
 Side 2  free  transition at x/c =  0.9414   74

 285   rms: 0.7668E+04   max: -.8256E+05   C at   74  2   RLX: 0.000
       a = 10.000      CL =  0.1871
      Cm =  0.0261     CD =  0.00426   =>   CDf =  0.00879    CDp = -0.00453

 Side 1  free  transition at x/c =  0.7116   63
 Side 2  free  transition at x/c =  0.9484   75

 286   rms: 0.1654E+05   max: 0.1885E+06   C at   75  2   RLX: 0.000
       a = 10.000      CL =  0.1871
      Cm =  0.0261     CD =  0.00426   =>   CDf =  0.00879    CDp = -0.00453

 Side 1  free  transition at x/c =  0.7115   63
 Side 2  free  transition at x/c =  0.9287   73

 287   rms: 0.7583E+04   max: -.7947E+05   C at   73  2   RLX: 0.000
       a = 10.000      CL =  0.1871
      Cm =  0.0261     CD =  0.00426   =>   CDf =  0.00879    CDp = -0.00453

 Side 1  free  transition at x/c =  0.7115   63
 Side 2  free  transition at x/c =  0.9392   74

 288   rms: 0.1245E+05   max: -.1347E+06   C at   74  2   RLX: 0.000
       a = 10.000      CL =  0.1871
      Cm =  0.0261     CD =  0.00426   =>   CDf =  0.00879    CDp = -0.00453

 Side 1  free  transition at x/c =  0.7115   63
 Side 2  free  transition at x/c =  0.9464   75

 289   rms: 0.6471E+04   max: 0.7389E+05   C at   75  2   RLX: 0.000
       a = 10.000      CL =  0.1871
      Cm =  0.0261     CD =  0.00426   =>   CDf =  0.00879    CDp = -0.00453

 Side 1  free  transition at x/c =  0.7115   63
 Side 2  free  transition at x/c =  0.9250   73

 290   rms: 0.1061E+05   max: -.1125E+06   C at   73  2   RLX: 0.000
       a = 10.000      CL =  0.1871
      Cm =  0.0261     CD =  0.00426   =>   CDf =  0.00879    CDp = -0.00453

 Side 1  free  transition at x/c =  0.7115   63
 Side 2  free  transition at x/c =  0.9359   74

 291   rms: 0.2545E+07   max: 0.2776E+08   C at   74  2   RLX: 0.000
       a = 10.000      CL =  0.1871
      Cm =  0.0261     CD =  0.00426   =>   CDf =  0.00879    CDp = -0.00453

 Side 1  free  transition at x/c =  0.7115   63
 Side 2  free  transition at x/c =  0.9113   72

 292   rms: 0.8181E+04   max: -.8635E+05   C at   72  2   RLX: 0.000
       a = 10.000      CL =  0.1871
      Cm =  0.0261     CD =  0.00426   =>   CDf =  0.00879    CDp = -0.00454

 Side 1  free  transition at x/c =  0.7115   63
 Side 2  free  transition at x/c =  0.9250   73

 293   rms: 0.1091E+05   max: -.1156E+06   C at   73  2   RLX: 0.000
       a = 10.000      CL =  0.1871
      Cm =  0.0261     CD =  0.00426   =>   CDf =  0.00879    CDp = -0.00453

 Side 1  free  transition at x/c =  0.7115   63
 Side 2  free  transition at x/c =  0.9356   74

 294   rms: 0.5920E+06   max: 0.6462E+07   C at   74  2   RLX: 0.000
       a = 10.000      CL =  0.1871
      Cm =  0.0260     CD =  0.00426   =>   CDf =  0.00879    CDp = -0.00453

 Side 1  free  transition at x/c =  0.7115   63
 Side 2  free  transition at x/c =  0.9104   72

 295   rms: 0.8388E+04   max: -.8891E+05   C at   72  2   RLX: 0.000
       a = 10.000      CL =  0.1871
      Cm =  0.0260     CD =  0.00426   =>   CDf =  0.00879    CDp = -0.00453

 Side 1  free  transition at x/c =  0.7115   63
 Side 2  free  transition at x/c =  0.9243   73

 296   rms: 0.1228E+05   max: -.1305E+06   C at   73  2   RLX: 0.000
       a = 10.000      CL =  0.1872
      Cm =  0.0260     CD =  0.00426   =>   CDf =  0.00879    CDp = -0.00453

 Side 1  free  transition at x/c =  0.7115   63
 Side 2  free  transition at x/c =  0.9348   74

 297   rms: 0.6733E+05   max: 0.7363E+06   C at   74  2   RLX: 0.000
       a = 10.000      CL =  0.1871
      Cm =  0.0260     CD =  0.00426   =>   CDf =  0.00879    CDp = -0.00453

 Side 1  free  transition at x/c =  0.7115   63
 Side 2  free  transition at x/c =  0.9086   72

 298   rms: 0.8872E+04   max: -.9473E+05   C at   72  2   RLX: 0.000
       a = 10.000      CL =  0.1872
      Cm =  0.0260     CD =  0.00426   =>   CDf =  0.00879    CDp = -0.00453

 Side 1  free  transition at x/c =  0.7115   63
 Side 2  free  transition at x/c =  0.9230   73

 299   rms: 0.1598E+05   max: -.1707E+06   C at   73  2   RLX: 0.000
       a = 10.000      CL =  0.1872
      Cm =  0.0260     CD =  0.00426   =>   CDf =  0.00879    CDp = -0.00453

 Side 1  free  transition at x/c =  0.7115   63
 Side 2  free  transition at x/c =  0.9334   74

 300   rms: 0.2356E+05   max: 0.2586E+06   C at   74  2   RLX: 0.000
       a = 10.000      CL =  0.1872
      Cm =  0.0260     CD =  0.00426   =>   CDf =  0.00879    CDp = -0.00453

 Side 1  free  transition at x/c =  0.7115   63
 Side 2  free  transition at x/c =  0.9059   72

 301   rms: 0.9700E+04   max: -.1047E+06   C at   72  2   RLX: 0.000
       a = 10.000      CL =  0.1872
      Cm =  0.0260     CD =  0.00426   =>   CDf =  0.00879    CDp = -0.00453

 Side 1  free  transition at x/c =  0.7115   63
 Side 2  free  transition at x/c =  0.9208   73

 302   rms: 0.3076E+05   max: -.3315E+06   C at   73  2   RLX: 0.000
       a = 10.000      CL =  0.1872
      Cm =  0.0260     CD =  0.00426   =>   CDf =  0.00879    CDp = -0.00453

 Side 1  free  transition at x/c =  0.7115   63
 Side 2  free  transition at x/c =  0.9313   73

 303   rms: 0.6290E+04   max: -.6545E+05   C at   73  2   RLX: 0.000
       a = 10.000      CL =  0.1872
      Cm =  0.0260     CD =  0.00426   =>   CDf =  0.00879    CDp = -0.00453

 Side 1  free  transition at x/c =  0.7115   63
 Side 2  free  transition at x/c =  0.9407   74

 304   rms: 0.8304E+04   max: -.8956E+05   C at   74  2   RLX: 0.000
       a = 10.000      CL =  0.1873
      Cm =  0.0260     CD =  0.00426   =>   CDf =  0.00879    CDp = -0.00453

 Side 1  free  transition at x/c =  0.7115   63
 Side 2  free  transition at x/c =  0.9483   75

 305   rms: 0.1388E+05   max: 0.1583E+06   C at   75  2   RLX: 0.000
       a = 10.000      CL =  0.1872
      Cm =  0.0260     CD =  0.00426   =>   CDf =  0.00878    CDp = -0.00452
 VISCAL:  Convergence failed
 Calculating wake trajectory ...
 Calculating source influence matrix ...

 Solving BL system ...

 Side 1  free  transition at x/c =  0.7115   63
 Side 2  free  transition at x/c =  0.9292   73

   1   rms: 0.7692E+04   max: -.8055E+05   C at   73  2   RLX: 0.000
       a = 10.250      CL =  0.1872
      Cm =  0.0260     CD =  0.00426   =>   CDf =  0.00878    CDp = -0.00452

 Side 1  free  transition at x/c =  0.7115   63
 Side 2  free  transition at x/c =  0.9387   74

   2   rms: 0.1320E+05   max: -.1429E+06   C at   74  2   RLX: 0.000
       a = 10.250      CL =  0.1872
      Cm =  0.0259     CD =  0.00426   =>   CDf =  0.00878    CDp = -0.00452

 Side 1  free  transition at x/c =  0.7115   63
 Side 2  free  transition at x/c =  0.9463   75

   3   rms: 0.5975E+04   max: 0.6828E+05   C at   75  2   RLX: 0.000
       a = 10.250      CL =  0.1872
      Cm =  0.0259     CD =  0.00426   =>   CDf =  0.00878    CDp = -0.00452

 Side 1  free  transition at x/c =  0.7115   63
 Side 2  free  transition at x/c =  0.9255   73

   4   rms: 0.1159E+05   max: -.1229E+06   C at   73  2   RLX: 0.000
       a = 10.250      CL =  0.1872
      Cm =  0.0259     CD =  0.00426   =>   CDf =  0.00878    CDp = -0.00452

 Side 1  free  transition at x/c =  0.7115   63
 Side 2  free  transition at x/c =  0.9354   74

   5   rms: 0.6370E+06   max: -.6957E+07   C at   74  2   RLX: 0.000
       a = 10.250      CL =  0.1873
      Cm =  0.0259     CD =  0.00426   =>   CDf =  0.00878    CDp = -0.00452

 Side 1  free  transition at x/c =  0.7115   63
 Side 2  free  transition at x/c =  0.9434   74

   6   rms: 0.5810E+04   max: -.6233E+05   C at   74  2   RLX: 0.000
       a = 10.250      CL =  0.1873
      Cm =  0.0259     CD =  0.00426   =>   CDf =  0.00878    CDp = -0.00452

 Side 1  free  transition at x/c =  0.7115   63
 Side 2  free  transition at x/c =  0.9505   75

   7   rms: 0.2189E+05   max: -.2492E+06   C at   75  2   RLX: 0.000
       a = 10.250      CL =  0.1873
      Cm =  0.0259     CD =  0.00426   =>   CDf =  0.00878    CDp = -0.00452

 Side 1  free  transition at x/c =  0.7115   63
 Side 2  free  transition at x/c =  0.9559   75

   8   rms: 0.3609E+04   max: -.4089E+05   C at   75  2   RLX: 0.000
       a = 10.250      CL =  0.1873
      Cm =  0.0259     CD =  0.00426   =>   CDf =  0.00877    CDp = -0.00452

 Side 1  free  transition at x/c =  0.7115   63
 Side 2  free  transition at x/c =  0.9607   76

   9   rms: 0.1961E+05   max: 0.2406E+06   C at   76  2   RLX: 0.000
       a = 10.250      CL =  0.1873
      Cm =  0.0259     CD =  0.00426   =>   CDf =  0.00877    CDp = -0.00451

 Side 1  free  transition at x/c =  0.7115   63
 Side 2  free  transition at x/c =  0.9432   74

  10   rms: 0.6018E+04   max: -.6459E+05   C at   74  2   RLX: 0.000
       a = 10.250      CL =  0.1873
      Cm =  0.0259     CD =  0.00426   =>   CDf =  0.00878    CDp = -0.00452

 Side 1  free  transition at x/c =  0.7115   63
 Side 2  free  transition at x/c =  0.9502   75

  11   rms: 0.3269E+05   max: -.3722E+06   C at   75  2   RLX: 0.000
       a = 10.250      CL =  0.1873
      Cm =  0.0259     CD =  0.00426   =>   CDf =  0.00878    CDp = -0.00452

 Side 1  free  transition at x/c =  0.7115   63
 Side 2  free  transition at x/c =  0.9556   75

  12   rms: 0.3701E+04   max: -.4194E+05   C at   75  2   RLX: 0.000
       a = 10.250      CL =  0.1873
      Cm =  0.0259     CD =  0.00426   =>   CDf =  0.00877    CDp = -0.00451

 Side 1  free  transition at x/c =  0.7115   63
 Side 2  free  transition at x/c =  0.9604   76

  13   rms: 0.1409E+05   max: 0.1729E+06   C at   76  2   RLX: 0.000
       a = 10.250      CL =  0.1873
      Cm =  0.0259     CD =  0.00426   =>   CDf =  0.00877    CDp = -0.00451

 Side 1  free  transition at x/c =  0.7115   63
 Side 2  free  transition at x/c =  0.9421   74

  14   rms: 0.7096E+04   max: -.7634E+05   C at   74  2   RLX: 0.000
       a = 10.250      CL =  0.1873
      Cm =  0.0259     CD =  0.00426   =>   CDf =  0.00878    CDp = -0.00452

 Side 1  free  transition at x/c =  0.7115   63
 Side 2  free  transition at x/c =  0.9492   75

  15   rms: 0.2759E+05   max: 0.3141E+06   C at   75  2   RLX: 0.000
       a = 10.250      CL =  0.1873
      Cm =  0.0259     CD =  0.00426   =>   CDf =  0.00878    CDp = -0.00452

 Side 1  free  transition at x/c =  0.7115   63
 Side 2  free  transition at x/c =  0.9310   73

  16   rms: 0.6753E+04   max: -.7043E+05   C at   73  2   RLX: 0.000
       a = 10.250      CL =  0.1873
      Cm =  0.0259     CD =  0.00426   =>   CDf =  0.00878    CDp = -0.00452

 Side 1  free  transition at x/c =  0.7115   63
 Side 2  free  transition at x/c =  0.9406   74

  17   rms: 0.9174E+04   max: -.9900E+05   C at   74  2   RLX: 0.000
       a = 10.250      CL =  0.1873
      Cm =  0.0259     CD =  0.00426   =>   CDf =  0.00878    CDp = -0.00452

 Side 1  free  transition at x/c =  0.7115   63
 Side 2  free  transition at x/c =  0.9476   75

  18   rms: 0.9143E+04   max: 0.1043E+06   C at   75  2   RLX: 0.000
       a = 10.250      CL =  0.1873
      Cm =  0.0259     CD =  0.00426   =>   CDf =  0.00878    CDp = -0.00451

 Side 1  free  transition at x/c =  0.7115   63
 Side 2  free  transition at x/c =  0.9281   73

  19   rms: 0.8647E+04   max: -.9100E+05   C at   73  2   RLX: 0.000
       a = 10.250      CL =  0.1873
      Cm =  0.0259     CD =  0.00426   =>   CDf =  0.00878    CDp = -0.00452

 Side 1  free  transition at x/c =  0.7115   63
 Side 2  free  transition at x/c =  0.9380   74

  20   rms: 0.1957E+05   max: -.2124E+06   C at   74  2   RLX: 0.000
       a = 10.250      CL =  0.1873
      Cm =  0.0258     CD =  0.00426   =>   CDf =  0.00878    CDp = -0.00452

 Side 1  free  transition at x/c =  0.7115   63
 Side 2  free  transition at x/c =  0.9453   74

  21   rms: 0.4735E+04   max: -.5063E+05   C at   74  2   RLX: 0.000
       a = 10.250      CL =  0.1873
      Cm =  0.0258     CD =  0.00426   =>   CDf =  0.00878    CDp = -0.00451

 Side 1  free  transition at x/c =  0.7115   63
 Side 2  free  transition at x/c =  0.9517   75

  22   rms: 0.9801E+04   max: -.1114E+06   C at   75  2   RLX: 0.000
       a = 10.250      CL =  0.1873
      Cm =  0.0258     CD =  0.00426   =>   CDf =  0.00877    CDp = -0.00451

 Side 1  free  transition at x/c =  0.7115   63
 Side 2  free  transition at x/c =  0.9569   75

  23   rms: 0.3036E+04   max: -.3437E+05   C at   75  2   RLX: 0.000
       a = 10.250      CL =  0.1873
      Cm =  0.0258     CD =  0.00426   =>   CDf =  0.00877    CDp = -0.00451

 Side 1  free  transition at x/c =  0.7115   63
 Side 2  free  transition at x/c =  0.9616   76

  24   rms: 0.2858E+05   max: -.3506E+06   C at   76  2   RLX: 0.000
       a = 10.250      CL =  0.1874
      Cm =  0.0258     CD =  0.00426   =>   CDf =  0.00877    CDp = -0.00451

 Side 1  free  transition at x/c =  0.7115   63
 Side 2  free  transition at x/c =  0.9667   76

  25   rms: 0.2426E+04   max: -.2977E+05   C at   76  2   RLX: 0.000
       a = 10.250      CL =  0.1873
      Cm =  0.0258     CD =  0.00426   =>   CDf =  0.00877    CDp = -0.00451

 Side 1  free  transition at x/c =  0.7115   63
 Side 2  free  transition at x/c =  0.9713   77

  26   rms: 0.9973E+03   max: 0.1356E+05   C at   78  2   RLX: 0.000
       a = 10.250      CL =  0.1872
      Cm =  0.0259     CD =  0.00426   =>   CDf =  0.00877    CDp = -0.00451

 Side 1  free  transition at x/c =  0.7115   63
 Side 2  free  transition at x/c =  0.9613   76

  27   rms: 0.1768E+06   max: -.2170E+07   C at   76  2   RLX: 0.000
       a = 10.250      CL =  0.1872
      Cm =  0.0259     CD =  0.00426   =>   CDf =  0.00877    CDp = -0.00451

 Side 1  free  transition at x/c =  0.7115   63
 Side 2  free  transition at x/c =  0.9664   76

  28   rms: 0.2609E+04   max: -.3201E+05   C at   76  2   RLX: 0.000
       a = 10.250      CL =  0.1872
      Cm =  0.0259     CD =  0.00426   =>   CDf =  0.00877    CDp = -0.00451

 Side 1  free  transition at x/c =  0.7115   63
 Side 2  free  transition at x/c =  0.9709   77

  29   rms: 0.8355E+03   max: 0.1136E+05   C at   78  2   RLX: 0.000
       a = 10.250      CL =  0.1871
      Cm =  0.0259     CD =  0.00426   =>   CDf =  0.00877    CDp = -0.00451

 Side 1  free  transition at x/c =  0.7114   63
 Side 2  free  transition at x/c =  0.9604   76

  30   rms: 0.1495E+05   max: 0.1834E+06   C at   76  2   RLX: 0.000
       a = 10.250      CL =  0.1870
      Cm =  0.0259     CD =  0.00426   =>   CDf =  0.00877    CDp = -0.00451

 Side 1  free  transition at x/c =  0.7114   63
 Side 2  free  transition at x/c =  0.9424   74

  31   rms: 0.7055E+04   max: -.7585E+05   C at   74  2   RLX: 0.000
       a = 10.250      CL =  0.1870
      Cm =  0.0259     CD =  0.00426   =>   CDf =  0.00878    CDp = -0.00452

 Side 1  free  transition at x/c =  0.7114   63
 Side 2  free  transition at x/c =  0.9491   75

  32   rms: 0.2412E+05   max: 0.2746E+06   C at   75  2   RLX: 0.000
       a = 10.250      CL =  0.1870
      Cm =  0.0259     CD =  0.00426   =>   CDf =  0.00878    CDp = -0.00451

 Side 1  free  transition at x/c =  0.7114   63
 Side 2  free  transition at x/c =  0.9305   73

  33   rms: 0.7271E+04   max: -.7604E+05   C at   73  2   RLX: 0.000
       a = 10.250      CL =  0.1870
      Cm =  0.0259     CD =  0.00426   =>   CDf =  0.00878    CDp = -0.00452

 Side 1  free  transition at x/c =  0.7114   63
 Side 2  free  transition at x/c =  0.9402   74

  34   rms: 0.1063E+05   max: -.1148E+06   C at   74  2   RLX: 0.000
       a = 10.250      CL =  0.1871
      Cm =  0.0259     CD =  0.00426   =>   CDf =  0.00878    CDp = -0.00452

 Side 1  free  transition at x/c =  0.7114   63
 Side 2  free  transition at x/c =  0.9471   75

  35   rms: 0.7395E+04   max: 0.8435E+05   C at   75  2   RLX: 0.000
       a = 10.250      CL =  0.1870
      Cm =  0.0259     CD =  0.00426   =>   CDf =  0.00878    CDp = -0.00451

 Side 1  free  transition at x/c =  0.7114   63
 Side 2  free  transition at x/c =  0.9268   73

  36   rms: 0.1012E+05   max: -.1071E+06   C at   73  2   RLX: 0.000
       a = 10.250      CL =  0.1870
      Cm =  0.0259     CD =  0.00426   =>   CDf =  0.00878    CDp = -0.00452

 Side 1  free  transition at x/c =  0.7114   63
 Side 2  free  transition at x/c =  0.9369   74

  37   rms: 0.7077E+05   max: -.7709E+06   C at   74  2   RLX: 0.000
       a = 10.250      CL =  0.1871
      Cm =  0.0259     CD =  0.00426   =>   CDf =  0.00878    CDp = -0.00451

 Side 1  free  transition at x/c =  0.7114   63
 Side 2  free  transition at x/c =  0.9442   74

  38   rms: 0.5454E+04   max: -.5843E+05   C at   74  2   RLX: 0.000
       a = 10.250      CL =  0.1871
      Cm =  0.0259     CD =  0.00426   =>   CDf =  0.00878    CDp = -0.00451

 Side 1  free  transition at x/c =  0.7114   63
 Side 2  free  transition at x/c =  0.9504   75

  39   rms: 0.2671E+05   max: -.3039E+06   C at   75  2   RLX: 0.000
       a = 10.250      CL =  0.1871
      Cm =  0.0259     CD =  0.00426   =>   CDf =  0.00878    CDp = -0.00451

 Side 1  free  transition at x/c =  0.7114   63
 Side 2  free  transition at x/c =  0.9558   75

  40   rms: 0.3678E+04   max: -.4165E+05   C at   75  2   RLX: 0.000
       a = 10.250      CL =  0.1871
      Cm =  0.0259     CD =  0.00426   =>   CDf =  0.00877    CDp = -0.00451

 Side 1  free  transition at x/c =  0.7114   63
 Side 2  free  transition at x/c =  0.9606   76

  41   rms: 0.2370E+05   max: 0.2908E+06   C at   76  2   RLX: 0.000
       a = 10.250      CL =  0.1871
      Cm =  0.0259     CD =  0.00426   =>   CDf =  0.00877    CDp = -0.00451

 Side 1  free  transition at x/c =  0.7114   63
 Side 2  free  transition at x/c =  0.9423   74

  42   rms: 0.7263E+04   max: -.7811E+05   C at   74  2   RLX: 0.000
       a = 10.250      CL =  0.1871
      Cm =  0.0259     CD =  0.00426   =>   CDf =  0.00878    CDp = -0.00451

 Side 1  free  transition at x/c =  0.7114   63
 Side 2  free  transition at x/c =  0.9487   75

  43   rms: 0.1689E+05   max: 0.1923E+06   C at   75  2   RLX: 0.000
       a = 10.250      CL =  0.1871
      Cm =  0.0259     CD =  0.00426   =>   CDf =  0.00877    CDp = -0.00451

 Side 1  free  transition at x/c =  0.7114   63
 Side 2  free  transition at x/c =  0.9298   73

  44   rms: 0.7765E+04   max: -.8145E+05   C at   73  2   RLX: 0.000
       a = 10.250      CL =  0.1871
      Cm =  0.0259     CD =  0.00426   =>   CDf =  0.00878    CDp = -0.00451

 Side 1  free  transition at x/c =  0.7114   63
 Side 2  free  transition at x/c =  0.9397   74

  45   rms: 0.1276E+05   max: -.1381E+06   C at   74  2   RLX: 0.000
       a = 10.250      CL =  0.1871
      Cm =  0.0258     CD =  0.00426   =>   CDf =  0.00878    CDp = -0.00451

 Side 1  free  transition at x/c =  0.7114   63
 Side 2  free  transition at x/c =  0.9464   75

  46   rms: 0.5896E+04   max: 0.6727E+05   C at   75  2   RLX: 0.000
       a = 10.250      CL =  0.1871
      Cm =  0.0259     CD =  0.00426   =>   CDf =  0.00877    CDp = -0.00451

 Side 1  free  transition at x/c =  0.7114   63
 Side 2  free  transition at x/c =  0.9255   73

  47   rms: 0.1171E+05   max: -.1245E+06   C at   73  2   RLX: 0.000
       a = 10.250      CL =  0.1871
      Cm =  0.0258     CD =  0.00426   =>   CDf =  0.00878    CDp = -0.00451

 Side 1  free  transition at x/c =  0.7114   63
 Side 2  free  transition at x/c =  0.9360   74

  48   rms: 0.5380E+05   max: 0.5878E+06   C at   74  2   RLX: 0.000
       a = 10.250      CL =  0.1871
      Cm =  0.0258     CD =  0.00427   =>   CDf =  0.00878    CDp = -0.00451

 Side 1  free  transition at x/c =  0.7114   63
 Side 2  free  transition at x/c =  0.9129   72

  49   rms: 0.7040E+04   max: -.7430E+05   C at   72  2   RLX: 0.000
       a = 10.250      CL =  0.1871
      Cm =  0.0258     CD =  0.00427   =>   CDf =  0.00878    CDp = -0.00452

 Side 1  free  transition at x/c =  0.7114   63
 Side 2  free  transition at x/c =  0.9280   73

  50   rms: 0.9072E+04   max: -.9571E+05   C at   73  2   RLX: 0.000
       a = 10.250      CL =  0.1871
      Cm =  0.0258     CD =  0.00426   =>   CDf =  0.00878    CDp = -0.00451

 Side 1  free  transition at x/c =  0.7114   63
 Side 2  free  transition at x/c =  0.9380   74

  51   rms: 0.2709E+05   max: -.2944E+06   C at   74  2   RLX: 0.000
       a = 10.250      CL =  0.1872
      Cm =  0.0258     CD =  0.00426   =>   CDf =  0.00878    CDp = -0.00451

 Side 1  free  transition at x/c =  0.7114   63
 Side 2  free  transition at x/c =  0.9449   74

  52   rms: 0.4984E+04   max: -.5332E+05   C at   74  2   RLX: 0.000
       a = 10.250      CL =  0.1872
      Cm =  0.0258     CD =  0.00426   =>   CDf =  0.00877    CDp = -0.00451

 Side 1  free  transition at x/c =  0.7114   63
 Side 2  free  transition at x/c =  0.9510   75

  53   rms: 0.1634E+05   max: -.1857E+06   C at   75  2   RLX: 0.000
       a = 10.250      CL =  0.1872
      Cm =  0.0258     CD =  0.00426   =>   CDf =  0.00877    CDp = -0.00451

 Side 1  free  transition at x/c =  0.7114   63
 Side 2  free  transition at x/c =  0.9562   75

  54   rms: 0.3429E+04   max: -.3882E+05   C at   75  2   RLX: 0.000
       a = 10.250      CL =  0.1872
      Cm =  0.0258     CD =  0.00426   =>   CDf =  0.00877    CDp = -0.00450

 Side 1  free  transition at x/c =  0.7114   63
 Side 2  free  transition at x/c =  0.9609   76

  55   rms: 0.7506E+05   max: 0.9209E+06   C at   76  2   RLX: 0.000
       a = 10.250      CL =  0.1872
      Cm =  0.0258     CD =  0.00426   =>   CDf =  0.00877    CDp = -0.00450

 Side 1  free  transition at x/c =  0.7114   63
 Side 2  free  transition at x/c =  0.9422   74

  56   rms: 0.7443E+04   max: -.8008E+05   C at   74  2   RLX: 0.000
       a = 10.250      CL =  0.1872
      Cm =  0.0258     CD =  0.00427   =>   CDf =  0.00877    CDp = -0.00451

 Side 1  free  transition at x/c =  0.7114   63
 Side 2  free  transition at x/c =  0.9485   75

  57   rms: 0.1324E+05   max: 0.1506E+06   C at   75  2   RLX: 0.000
       a = 10.250      CL =  0.1872
      Cm =  0.0258     CD =  0.00427   =>   CDf =  0.00877    CDp = -0.00451

 Side 1  free  transition at x/c =  0.7114   63
 Side 2  free  transition at x/c =  0.9297   73

  58   rms: 0.7925E+04   max: -.8324E+05   C at   73  2   RLX: 0.000
       a = 10.250      CL =  0.1872
      Cm =  0.0258     CD =  0.00427   =>   CDf =  0.00878    CDp = -0.00451

 Side 1  free  transition at x/c =  0.7114   63
 Side 2  free  transition at x/c =  0.9397   74

  59   rms: 0.1360E+05   max: -.1472E+06   C at   74  2   RLX: 0.000
       a = 10.250      CL =  0.1872
      Cm =  0.0258     CD =  0.00427   =>   CDf =  0.00877    CDp = -0.00451

 Side 1  free  transition at x/c =  0.7114   63
 Side 2  free  transition at x/c =  0.9461   75

  60   rms: 0.5019E+04   max: 0.5727E+05   C at   75  2   RLX: 0.000
       a = 10.250      CL =  0.1872
      Cm =  0.0258     CD =  0.00427   =>   CDf =  0.00877    CDp = -0.00451

 Side 1  free  transition at x/c =  0.7114   63
 Side 2  free  transition at x/c =  0.9252   73

  61   rms: 0.1235E+05   max: -.1317E+06   C at   73  2   RLX: 0.000
       a = 10.250      CL =  0.1872
      Cm =  0.0258     CD =  0.00427   =>   CDf =  0.00878    CDp = -0.00451

 Side 1  free  transition at x/c =  0.7114   63
 Side 2  free  transition at x/c =  0.9357   74

  62   rms: 0.3133E+05   max: 0.3428E+06   C at   74  2   RLX: 0.000
       a = 10.250      CL =  0.1872
      Cm =  0.0258     CD =  0.00427   =>   CDf =  0.00877    CDp = -0.00451

 Side 1  free  transition at x/c =  0.7114   63
 Side 2  free  transition at x/c =  0.9129   72

  63   rms: 0.6863E+04   max: -.7253E+05   C at   72  2   RLX: 0.000
       a = 10.250      CL =  0.1872
      Cm =  0.0258     CD =  0.00427   =>   CDf =  0.00878    CDp = -0.00451

 Side 1  free  transition at x/c =  0.7114   63
 Side 2  free  transition at x/c =  0.9285   73

  64   rms: 0.8854E+04   max: -.9340E+05   C at   73  2   RLX: 0.000
       a = 10.250      CL =  0.1872
      Cm =  0.0257     CD =  0.00427   =>   CDf =  0.00878    CDp = -0.00451

 Side 1  free  transition at x/c =  0.7114   63
 Side 2  free  transition at x/c =  0.9384   74

  65   rms: 0.2332E+05   max: -.2533E+06   C at   74  2   RLX: 0.000
       a = 10.250      CL =  0.1872
      Cm =  0.0257     CD =  0.00427   =>   CDf =  0.00877    CDp = -0.00451

 Side 1  free  transition at x/c =  0.7114   63
 Side 2  free  transition at x/c =  0.9451   74

  66   rms: 0.4902E+04   max: -.5243E+05   C at   74  2   RLX: 0.000
       a = 10.250      CL =  0.1872
      Cm =  0.0257     CD =  0.00427   =>   CDf =  0.00877    CDp = -0.00450

 Side 1  free  transition at x/c =  0.7114   63
 Side 2  free  transition at x/c =  0.9509   75

  67   rms: 0.1751E+05   max: -.1991E+06   C at   75  2   RLX: 0.000
       a = 10.250      CL =  0.1873
      Cm =  0.0257     CD =  0.00427   =>   CDf =  0.00877    CDp = -0.00450

 Side 1  free  transition at x/c =  0.7114   63
 Side 2  free  transition at x/c =  0.9561   75

  68   rms: 0.3411E+04   max: -.3861E+05   C at   75  2   RLX: 0.000
       a = 10.250      CL =  0.1873
      Cm =  0.0257     CD =  0.00427   =>   CDf =  0.00877    CDp = -0.00450

 Side 1  free  transition at x/c =  0.7114   63
 Side 2  free  transition at x/c =  0.9607   76

  69   rms: 0.5198E+05   max: 0.6376E+06   C at   76  2   RLX: 0.000
       a = 10.250      CL =  0.1872
      Cm =  0.0257     CD =  0.00427   =>   CDf =  0.00877    CDp = -0.00450

 Side 1  free  transition at x/c =  0.7114   63
 Side 2  free  transition at x/c =  0.9410   74

  70   rms: 0.9555E+04   max: -.1031E+06   C at   74  2   RLX: 0.000
       a = 10.250      CL =  0.1873
      Cm =  0.0257     CD =  0.00427   =>   CDf =  0.00877    CDp = -0.00451

 Side 1  free  transition at x/c =  0.7114   63
 Side 2  free  transition at x/c =  0.9473   75

  71   rms: 0.6804E+04   max: 0.7753E+05   C at   75  2   RLX: 0.000
       a = 10.250      CL =  0.1872
      Cm =  0.0257     CD =  0.00427   =>   CDf =  0.00877    CDp = -0.00450

 Side 1  free  transition at x/c =  0.7114   63
 Side 2  free  transition at x/c =  0.9280   73

  72   rms: 0.9337E+04   max: -.9873E+05   C at   73  2   RLX: 0.000
       a = 10.250      CL =  0.1872
      Cm =  0.0257     CD =  0.00427   =>   CDf =  0.00877    CDp = -0.00451

 Side 1  free  transition at x/c =  0.7114   63
 Side 2  free  transition at x/c =  0.9381   74

  73   rms: 0.3415E+05   max: -.3714E+06   C at   74  2   RLX: 0.000
       a = 10.250      CL =  0.1873
      Cm =  0.0257     CD =  0.00427   =>   CDf =  0.00877    CDp = -0.00451

 Side 1  free  transition at x/c =  0.7114   63
 Side 2  free  transition at x/c =  0.9447   74

  74   rms: 0.5124E+04   max: -.5485E+05   C at   74  2   RLX: 0.000
       a = 10.250      CL =  0.1873
      Cm =  0.0257     CD =  0.00427   =>   CDf =  0.00877    CDp = -0.00450

 Side 1  free  transition at x/c =  0.7114   63
 Side 2  free  transition at x/c =  0.9504   75

  75   rms: 0.3197E+05   max: -.3634E+06   C at   75  2   RLX: 0.000
       a = 10.250      CL =  0.1873
      Cm =  0.0257     CD =  0.00427   =>   CDf =  0.00877    CDp = -0.00450

 Side 1  free  transition at x/c =  0.7114   63
 Side 2  free  transition at x/c =  0.9556   75

  76   rms: 0.3674E+04   max: -.4159E+05   C at   75  2   RLX: 0.000
       a = 10.250      CL =  0.1873
      Cm =  0.0257     CD =  0.00427   =>   CDf =  0.00877    CDp = -0.00450

 Side 1  free  transition at x/c =  0.7114   63
 Side 2  free  transition at x/c =  0.9600   76

  77   rms: 0.1844E+05   max: 0.2262E+06   C at   76  2   RLX: 0.000
       a = 10.250      CL =  0.1873
      Cm =  0.0257     CD =  0.00427   =>   CDf =  0.00876    CDp = -0.00450

 Side 1  free  transition at x/c =  0.7113   63
 Side 2  free  transition at x/c =  0.9391   74

  78   rms: 0.1946E+05   max: -.2111E+06   C at   74  2   RLX: 0.000
       a = 10.250      CL =  0.1873
      Cm =  0.0257     CD =  0.00427   =>   CDf =  0.00877    CDp = -0.00450

 Side 1  free  transition at x/c =  0.7113   63
 Side 2  free  transition at x/c =  0.9454   74

  79   rms: 0.4720E+04   max: -.5046E+05   C at   74  2   RLX: 0.000
       a = 10.250      CL =  0.1873
      Cm =  0.0257     CD =  0.00427   =>   CDf =  0.00877    CDp = -0.00450

 Side 1  free  transition at x/c =  0.7113   63
 Side 2  free  transition at x/c =  0.9510   75

  80   rms: 0.1719E+05   max: -.1953E+06   C at   75  2   RLX: 0.000
       a = 10.250      CL =  0.1873
      Cm =  0.0256     CD =  0.00427   =>   CDf =  0.00877    CDp = -0.00450

 Side 1  free  transition at x/c =  0.7113   63
 Side 2  free  transition at x/c =  0.9560   75

  81   rms: 0.3379E+04   max: -.3824E+05   C at   75  2   RLX: 0.000
       a = 10.250      CL =  0.1873
      Cm =  0.0256     CD =  0.00427   =>   CDf =  0.00876    CDp = -0.00450

 Side 1  free  transition at x/c =  0.7113   63
 Side 2  free  transition at x/c =  0.9604   76

  82   rms: 0.7732E+05   max: 0.9483E+06   C at   76  2   RLX: 0.000
       a = 10.250      CL =  0.1873
      Cm =  0.0257     CD =  0.00427   =>   CDf =  0.00876    CDp = -0.00450

 Side 1  free  transition at x/c =  0.7113   63
 Side 2  free  transition at x/c =  0.9391   74

  83   rms: 0.2062E+05   max: -.2237E+06   C at   74  2   RLX: 0.000
       a = 10.250      CL =  0.1873
      Cm =  0.0256     CD =  0.00427   =>   CDf =  0.00877    CDp = -0.00450

 Side 1  free  transition at x/c =  0.7113   63
 Side 2  free  transition at x/c =  0.9452   74

  84   rms: 0.4826E+04   max: -.5160E+05   C at   74  2   RLX: 0.000
       a = 10.250      CL =  0.1873
      Cm =  0.0256     CD =  0.00427   =>   CDf =  0.00877    CDp = -0.00450

 Side 1  free  transition at x/c =  0.7113   63
 Side 2  free  transition at x/c =  0.9507   75

  85   rms: 0.2329E+05   max: -.2645E+06   C at   75  2   RLX: 0.000
       a = 10.250      CL =  0.1873
      Cm =  0.0256     CD =  0.00427   =>   CDf =  0.00877    CDp = -0.00450

 Side 1  free  transition at x/c =  0.7113   63
 Side 2  free  transition at x/c =  0.9558   75

  86   rms: 0.3469E+04   max: -.3925E+05   C at   75  2   RLX: 0.000
       a = 10.250      CL =  0.1873
      Cm =  0.0256     CD =  0.00427   =>   CDf =  0.00876    CDp = -0.00450

 Side 1  free  transition at x/c =  0.7113   63
 Side 2  free  transition at x/c =  0.9602   76

  87   rms: 0.4846E+05   max: 0.5943E+06   C at   76  2   RLX: 0.000
       a = 10.250      CL =  0.1873
      Cm =  0.0256     CD =  0.00427   =>   CDf =  0.00876    CDp = -0.00450

 Side 1  free  transition at x/c =  0.7113   63
 Side 2  free  transition at x/c =  0.9377   74

  88   rms: 0.1371E+06   max: -.1493E+07   C at   74  2   RLX: 0.000
       a = 10.250      CL =  0.1873
      Cm =  0.0256     CD =  0.00427   =>   CDf =  0.00877    CDp = -0.00450

 Side 1  free  transition at x/c =  0.7113   63
 Side 2  free  transition at x/c =  0.9440   74

  89   rms: 0.5655E+04   max: -.6060E+05   C at   74  2   RLX: 0.000
       a = 10.250      CL =  0.1873
      Cm =  0.0256     CD =  0.00427   =>   CDf =  0.00877    CDp = -0.00450

 Side 1  free  transition at x/c =  0.7113   63
 Side 2  free  transition at x/c =  0.9495   75

  90   rms: 0.3822E+05   max: 0.4346E+06   C at   75  2   RLX: 0.000
       a = 10.250      CL =  0.1873
      Cm =  0.0256     CD =  0.00427   =>   CDf =  0.00877    CDp = -0.00450

 Side 1  free  transition at x/c =  0.7113   63
 Side 2  free  transition at x/c =  0.9321   73

  91   rms: 0.7034E+04   max: -.7359E+05   C at   73  2   RLX: 0.000
       a = 10.250      CL =  0.1873
      Cm =  0.0256     CD =  0.00427   =>   CDf =  0.00877    CDp = -0.00450

 Side 1  free  transition at x/c =  0.7113   63
 Side 2  free  transition at x/c =  0.9421   74

  92   rms: 0.7780E+04   max: -.8372E+05   C at   74  2   RLX: 0.000
       a = 10.250      CL =  0.1874
      Cm =  0.0256     CD =  0.00427   =>   CDf =  0.00877    CDp = -0.00450

 Side 1  free  transition at x/c =  0.7113   63
 Side 2  free  transition at x/c =  0.9477   75

  93   rms: 0.7579E+04   max: 0.8622E+05   C at   75  2   RLX: 0.000
       a = 10.250      CL =  0.1873
      Cm =  0.0256     CD =  0.00427   =>   CDf =  0.00877    CDp = -0.00450

 Side 1  free  transition at x/c =  0.7113   63
 Side 2  free  transition at x/c =  0.9286   73

  94   rms: 0.9057E+04   max: -.9576E+05   C at   73  2   RLX: 0.000
       a = 10.250      CL =  0.1873
      Cm =  0.0256     CD =  0.00427   =>   CDf =  0.00877    CDp = -0.00450

 Side 1  free  transition at x/c =  0.7113   63
 Side 2  free  transition at x/c =  0.9391   74

  95   rms: 0.2224E+05   max: -.2413E+06   C at   74  2   RLX: 0.000
       a = 10.250      CL =  0.1874
      Cm =  0.0256     CD =  0.00427   =>   CDf =  0.00877    CDp = -0.00450

 Side 1  free  transition at x/c =  0.7113   63
 Side 2  free  transition at x/c =  0.9450   74

  96   rms: 0.4825E+04   max: -.5158E+05   C at   74  2   RLX: 0.000
       a = 10.250      CL =  0.1874
      Cm =  0.0256     CD =  0.00427   =>   CDf =  0.00877    CDp = -0.00450

 Side 1  free  transition at x/c =  0.7113   63
 Side 2  free  transition at x/c =  0.9502   75

  97   rms: 0.4942E+05   max: -.5614E+06   C at   75  2   RLX: 0.000
       a = 10.250      CL =  0.1874
      Cm =  0.0256     CD =  0.00427   =>   CDf =  0.00876    CDp = -0.00450

 Side 1  free  transition at x/c =  0.7113   63
 Side 2  free  transition at x/c =  0.9554   75

  98   rms: 0.3669E+04   max: -.4151E+05   C at   75  2   RLX: 0.000
       a = 10.250      CL =  0.1874
      Cm =  0.0256     CD =  0.00427   =>   CDf =  0.00876    CDp = -0.00449

 Side 1  free  transition at x/c =  0.7113   63
 Side 2  free  transition at x/c =  0.9599   76

  99   rms: 0.3617E+05   max: 0.4436E+06   C at   76  2   RLX: 0.000
       a = 10.250      CL =  0.1874
      Cm =  0.0256     CD =  0.00427   =>   CDf =  0.00876    CDp = -0.00449

 Side 1  free  transition at x/c =  0.7113   63
 Side 2  free  transition at x/c =  0.9366   74

 100   rms: 0.2942E+05   max: 0.3215E+06   C at   74  2   RLX: 0.000
       a = 10.250      CL =  0.1873
      Cm =  0.0256     CD =  0.00427   =>   CDf =  0.00877    CDp = -0.00450

 Side 1  free  transition at x/c =  0.7113   63
 Side 2  free  transition at x/c =  0.9161   72

 101   rms: 0.6176E+04   max: -.6475E+05   C at   72  2   RLX: 0.000
       a = 10.250      CL =  0.1874
      Cm =  0.0256     CD =  0.00427   =>   CDf =  0.00877    CDp = -0.00450

 Side 1  free  transition at x/c =  0.7113   63
 Side 2  free  transition at x/c =  0.9321   73

 102   rms: 0.7034E+04   max: -.7362E+05   C at   73  2   RLX: 0.000
       a = 10.250      CL =  0.1874
      Cm =  0.0256     CD =  0.00427   =>   CDf =  0.00877    CDp = -0.00450

 Side 1  free  transition at x/c =  0.7113   63
 Side 2  free  transition at x/c =  0.9422   74

 103   rms: 0.7668E+04   max: -.8250E+05   C at   74  2   RLX: 0.000
       a = 10.250      CL =  0.1874
      Cm =  0.0255     CD =  0.00427   =>   CDf =  0.00877    CDp = -0.00450

 Side 1  free  transition at x/c =  0.7113   63
 Side 2  free  transition at x/c =  0.9478   75

 104   rms: 0.7377E+04   max: 0.8390E+05   C at   75  2   RLX: 0.000
       a = 10.250      CL =  0.1874
      Cm =  0.0255     CD =  0.00427   =>   CDf =  0.00876    CDp = -0.00450

 Side 1  free  transition at x/c =  0.7113   63
 Side 2  free  transition at x/c =  0.9292   73

 105   rms: 0.8789E+04   max: -.9284E+05   C at   73  2   RLX: 0.000
       a = 10.250      CL =  0.1874
      Cm =  0.0255     CD =  0.00427   =>   CDf =  0.00877    CDp = -0.00450

 Side 1  free  transition at x/c =  0.7113   63
 Side 2  free  transition at x/c =  0.9394   74

 106   rms: 0.1904E+05   max: -.2064E+06   C at   74  2   RLX: 0.000
       a = 10.250      CL =  0.1874
      Cm =  0.0255     CD =  0.00427   =>   CDf =  0.00877    CDp = -0.00450

 Side 1  free  transition at x/c =  0.7113   63
 Side 2  free  transition at x/c =  0.9453   74

 107   rms: 0.4673E+04   max: -.4994E+05   C at   74  2   RLX: 0.000
       a = 10.250      CL =  0.1874
      Cm =  0.0255     CD =  0.00427   =>   CDf =  0.00876    CDp = -0.00450

 Side 1  free  transition at x/c =  0.7113   63
 Side 2  free  transition at x/c =  0.9504   75

 108   rms: 0.3589E+05   max: -.4076E+06   C at   75  2   RLX: 0.000
       a = 10.250      CL =  0.1875
      Cm =  0.0255     CD =  0.00427   =>   CDf =  0.00876    CDp = -0.00449

 Side 1  free  transition at x/c =  0.7113   63
 Side 2  free  transition at x/c =  0.9555   75

 109   rms: 0.3576E+04   max: -.4046E+05   C at   75  2   RLX: 0.000
       a = 10.250      CL =  0.1875
      Cm =  0.0255     CD =  0.00427   =>   CDf =  0.00876    CDp = -0.00449

 Side 1  free  transition at x/c =  0.7113   63
 Side 2  free  transition at x/c =  0.9598   76

 110   rms: 0.4032E+05   max: 0.4945E+06   C at   76  2   RLX: 0.000
       a = 10.250      CL =  0.1874
      Cm =  0.0255     CD =  0.00427   =>   CDf =  0.00876    CDp = -0.00449

 Side 1  free  transition at x/c =  0.7113   63
 Side 2  free  transition at x/c =  0.9357   74

 111   rms: 0.1480E+05   max: 0.1623E+06   C at   74  2   RLX: 0.000
       a = 10.250      CL =  0.1874
      Cm =  0.0255     CD =  0.00427   =>   CDf =  0.00877    CDp = -0.00450

 Side 1  free  transition at x/c =  0.7113   63
 Side 2  free  transition at x/c =  0.9147   72

 112   rms: 0.6289E+04   max: -.6632E+05   C at   72  2   RLX: 0.000
       a = 10.250      CL =  0.1874
      Cm =  0.0255     CD =  0.00427   =>   CDf =  0.00877    CDp = -0.00450

 Side 1  free  transition at x/c =  0.7113   63
 Side 2  free  transition at x/c =  0.9310   73

 113   rms: 0.7725E+04   max: -.8116E+05   C at   73  2   RLX: 0.000
       a = 10.250      CL =  0.1874
      Cm =  0.0255     CD =  0.00427   =>   CDf =  0.00877    CDp = -0.00450

 Side 1  free  transition at x/c =  0.7113   63
 Side 2  free  transition at x/c =  0.9411   74

 114   rms: 0.1030E+05   max: -.1112E+06   C at   74  2   RLX: 0.000
       a = 10.250      CL =  0.1875
      Cm =  0.0255     CD =  0.00427   =>   CDf =  0.00876    CDp = -0.00450

 Side 1  free  transition at x/c =  0.7113   63
 Side 2  free  transition at x/c =  0.9466   75

 115   rms: 0.4571E+04   max: 0.5204E+05   C at   75  2   RLX: 0.000
       a = 10.250      CL =  0.1874
      Cm =  0.0255     CD =  0.00427   =>   CDf =  0.00876    CDp = -0.00449

 Side 1  free  transition at x/c =  0.7113   63
 Side 2  free  transition at x/c =  0.9273   73

 116   rms: 0.1060E+05   max: -.1128E+06   C at   73  2   RLX: 0.000
       a = 10.250      CL =  0.1874
      Cm =  0.0255     CD =  0.00427   =>   CDf =  0.00877    CDp = -0.00450

 Side 1  free  transition at x/c =  0.7113   63
 Side 2  free  transition at x/c =  0.9377   74

 117   rms: 0.4423E+06   max: 0.4821E+07   C at   74  2   RLX: 0.000
       a = 10.250      CL =  0.1874
      Cm =  0.0255     CD =  0.00427   =>   CDf =  0.00876    CDp = -0.00449

 Side 1  free  transition at x/c =  0.7113   63
 Side 2  free  transition at x/c =  0.9178   72

 118   rms: 0.5797E+04   max: -.6060E+05   C at   72  2   RLX: 0.000
       a = 10.250      CL =  0.1875
      Cm =  0.0255     CD =  0.00427   =>   CDf =  0.00877    CDp = -0.00450

 Side 1  free  transition at x/c =  0.7113   63
 Side 2  free  transition at x/c =  0.9345   74

 119   rms: 0.9795E+04   max: 0.1079E+06   C at   74  2   RLX: 0.000
       a = 10.250      CL =  0.1874
      Cm =  0.0254     CD =  0.00427   =>   CDf =  0.00876    CDp = -0.00449

 Side 1  free  transition at x/c =  0.7113   63
 Side 2  free  transition at x/c =  0.9123   72

 120   rms: 0.6386E+04   max: -.6794E+05   C at   72  2   RLX: 0.000
       a = 10.250      CL =  0.1875
      Cm =  0.0254     CD =  0.00427   =>   CDf =  0.00877    CDp = -0.00450

 Side 1  free  transition at x/c =  0.7113   63
 Side 2  free  transition at x/c =  0.9292   73

 121   rms: 0.8817E+04   max: -.9325E+05   C at   73  2   RLX: 0.000
       a = 10.250      CL =  0.1875
      Cm =  0.0254     CD =  0.00427   =>   CDf =  0.00876    CDp = -0.00450

 Side 1  free  transition at x/c =  0.7113   63
 Side 2  free  transition at x/c =  0.9395   74

 122   rms: 0.1916E+05   max: -.2079E+06   C at   74  2   RLX: 0.000
       a = 10.250      CL =  0.1875
      Cm =  0.0254     CD =  0.00427   =>   CDf =  0.00876    CDp = -0.00449

 Side 1  free  transition at x/c =  0.7113   63
 Side 2  free  transition at x/c =  0.9454   74

 123   rms: 0.4754E+04   max: -.5083E+05   C at   74  2   RLX: 0.000
       a = 10.250      CL =  0.1875
      Cm =  0.0254     CD =  0.00427   =>   CDf =  0.00876    CDp = -0.00449

 Side 1  free  transition at x/c =  0.7113   63
 Side 2  free  transition at x/c =  0.9505   75

 124   rms: 0.5386E+05   max: -.6117E+06   C at   75  2   RLX: 0.000
       a = 10.250      CL =  0.1876
      Cm =  0.0254     CD =  0.00427   =>   CDf =  0.00876    CDp = -0.00449

 Side 1  free  transition at x/c =  0.7113   63
 Side 2  free  transition at x/c =  0.9553   75

 125   rms: 0.3665E+04   max: -.4147E+05   C at   75  2   RLX: 0.000
       a = 10.250      CL =  0.1876
      Cm =  0.0254     CD =  0.00427   =>   CDf =  0.00876    CDp = -0.00449

 Side 1  free  transition at x/c =  0.7113   63
 Side 2  free  transition at x/c =  0.9594   76

 126   rms: 0.2432E+05   max: 0.2982E+06   C at   76  2   RLX: 0.000
       a = 10.250      CL =  0.1875
      Cm =  0.0254     CD =  0.00427   =>   CDf =  0.00875    CDp = -0.00448

 Side 1  free  transition at x/c =  0.7113   63
 Side 2  free  transition at x/c =  0.9339   74

 127   rms: 0.7871E+04   max: 0.8693E+05   C at   74  2   RLX: 0.000
       a = 10.250      CL =  0.1875
      Cm =  0.0254     CD =  0.00427   =>   CDf =  0.00876    CDp = -0.00449

 Side 1  free  transition at x/c =  0.7113   63
 Side 2  free  transition at x/c =  0.9113   72

 128   rms: 0.6402E+04   max: -.6840E+05   C at   72  2   RLX: 0.000
       a = 10.250      CL =  0.1875
      Cm =  0.0254     CD =  0.00427   =>   CDf =  0.00877    CDp = -0.00450

 Side 1  free  transition at x/c =  0.7113   63
 Side 2  free  transition at x/c =  0.9286   73

 129   rms: 0.9497E+04   max: -.1007E+06   C at   73  2   RLX: 0.000
       a = 10.250      CL =  0.1875
      Cm =  0.0254     CD =  0.00427   =>   CDf =  0.00876    CDp = -0.00449

 Side 1  free  transition at x/c =  0.7113   63
 Side 2  free  transition at x/c =  0.9388   74

 130   rms: 0.3267E+05   max: -.3552E+06   C at   74  2   RLX: 0.000
       a = 10.250      CL =  0.1876
      Cm =  0.0254     CD =  0.00427   =>   CDf =  0.00876    CDp = -0.00449

 Side 1  free  transition at x/c =  0.7113   63
 Side 2  free  transition at x/c =  0.9447   74

 131   rms: 0.5220E+04   max: -.5589E+05   C at   74  2   RLX: 0.000
       a = 10.250      CL =  0.1876
      Cm =  0.0254     CD =  0.00427   =>   CDf =  0.00876    CDp = -0.00449

 Side 1  free  transition at x/c =  0.7113   63
 Side 2  free  transition at x/c =  0.9498   75

 132   rms: 0.4015E+05   max: 0.4562E+06   C at   75  2   RLX: 0.000
       a = 10.250      CL =  0.1876
      Cm =  0.0254     CD =  0.00427   =>   CDf =  0.00876    CDp = -0.00449

 Side 1  free  transition at x/c =  0.7113   63
 Side 2  free  transition at x/c =  0.9334   74

 133   rms: 0.6638E+04   max: 0.7343E+05   C at   74  2   RLX: 0.000
       a = 10.250      CL =  0.1875
      Cm =  0.0254     CD =  0.00427   =>   CDf =  0.00876    CDp = -0.00449

 Side 1  free  transition at x/c =  0.7113   63
 Side 2  free  transition at x/c =  0.9108   72

 134   rms: 0.6348E+04   max: -.6799E+05   C at   72  2   RLX: 0.000
       a = 10.250      CL =  0.1875
      Cm =  0.0254     CD =  0.00427   =>   CDf =  0.00876    CDp = -0.00449

 Side 1  free  transition at x/c =  0.7113   63
 Side 2  free  transition at x/c =  0.9284   73

 135   rms: 0.9805E+04   max: -.1041E+06   C at   73  2   RLX: 0.000
       a = 10.250      CL =  0.1875
      Cm =  0.0254     CD =  0.00427   =>   CDf =  0.00876    CDp = -0.00449

 Side 1  free  transition at x/c =  0.7113   63
 Side 2  free  transition at x/c =  0.9384   74

 136   rms: 0.5641E+05   max: -.6139E+06   C at   74  2   RLX: 0.000
       a = 10.250      CL =  0.1876
      Cm =  0.0253     CD =  0.00427   =>   CDf =  0.00876    CDp = -0.00449

 Side 1  free  transition at x/c =  0.7113   63
 Side 2  free  transition at x/c =  0.9443   74

 137   rms: 0.5383E+04   max: -.5766E+05   C at   74  2   RLX: 0.000
       a = 10.250      CL =  0.1876
      Cm =  0.0253     CD =  0.00427   =>   CDf =  0.00876    CDp = -0.00449

 Side 1  free  transition at x/c =  0.7113   63
 Side 2  free  transition at x/c =  0.9494   75

 138   rms: 0.2634E+05   max: 0.2994E+06   C at   75  2   RLX: 0.000
       a = 10.250      CL =  0.1876
      Cm =  0.0253     CD =  0.00427   =>   CDf =  0.00876    CDp = -0.00449

 Side 1  free  transition at x/c =  0.7113   63
 Side 2  free  transition at x/c =  0.9323   73

 139   rms: 0.7224E+04   max: -.7580E+05   C at   73  2   RLX: 0.000
       a = 10.250      CL =  0.1876
      Cm =  0.0253     CD =  0.00427   =>   CDf =  0.00876    CDp = -0.00449

 Side 1  free  transition at x/c =  0.7113   63
 Side 2  free  transition at x/c =  0.9422   74

 140   rms: 0.7729E+04   max: -.8320E+05   C at   74  2   RLX: 0.000
       a = 10.250      CL =  0.1876
      Cm =  0.0253     CD =  0.00427   =>   CDf =  0.00876    CDp = -0.00449

 Side 1  free  transition at x/c =  0.7113   63
 Side 2  free  transition at x/c =  0.9474   75

 141   rms: 0.6007E+04   max: 0.6831E+05   C at   75  2   RLX: 0.000
       a = 10.250      CL =  0.1876
      Cm =  0.0253     CD =  0.00427   =>   CDf =  0.00876    CDp = -0.00449

 Side 1  free  transition at x/c =  0.7112   63
 Side 2  free  transition at x/c =  0.9285   73

 142   rms: 0.9703E+04   max: -.1031E+06   C at   73  2   RLX: 0.000
       a = 10.250      CL =  0.1876
      Cm =  0.0253     CD =  0.00427   =>   CDf =  0.00876    CDp = -0.00449

 Side 1  free  transition at x/c =  0.7112   63
 Side 2  free  transition at x/c =  0.9388   74

 143   rms: 0.4125E+05   max: -.4486E+06   C at   74  2   RLX: 0.000
       a = 10.250      CL =  0.1876
      Cm =  0.0253     CD =  0.00427   =>   CDf =  0.00876    CDp = -0.00449

 Side 1  free  transition at x/c =  0.7112   63
 Side 2  free  transition at x/c =  0.9445   74

 144   rms: 0.5168E+04   max: -.5534E+05   C at   74  2   RLX: 0.000
       a = 10.250      CL =  0.1876
      Cm =  0.0253     CD =  0.00427   =>   CDf =  0.00876    CDp = -0.00449

 Side 1  free  transition at x/c =  0.7112   63
 Side 2  free  transition at x/c =  0.9493   75

 145   rms: 0.2498E+05   max: 0.2839E+06   C at   75  2   RLX: 0.000
       a = 10.250      CL =  0.1876
      Cm =  0.0253     CD =  0.00427   =>   CDf =  0.00875    CDp = -0.00448

 Side 1  free  transition at x/c =  0.7112   63
 Side 2  free  transition at x/c =  0.9317   73

 146   rms: 0.7616E+04   max: -.8015E+05   C at   73  2   RLX: 0.000
       a = 10.250      CL =  0.1876
      Cm =  0.0253     CD =  0.00427   =>   CDf =  0.00876    CDp = -0.00449

 Side 1  free  transition at x/c =  0.7112   63
 Side 2  free  transition at x/c =  0.9418   74

 147   rms: 0.8456E+04   max: -.9112E+05   C at   74  2   RLX: 0.000
       a = 10.250      CL =  0.1877
      Cm =  0.0253     CD =  0.00427   =>   CDf =  0.00876    CDp = -0.00449

 Side 1  free  transition at x/c =  0.7112   63
 Side 2  free  transition at x/c =  0.9469   75

 148   rms: 0.5283E+04   max: 0.6009E+05   C at   75  2   RLX: 0.000
       a = 10.250      CL =  0.1876
      Cm =  0.0253     CD =  0.00427   =>   CDf =  0.00875    CDp = -0.00448

 Side 1  free  transition at x/c =  0.7112   63
 Side 2  free  transition at x/c =  0.9272   73

 149   rms: 0.1089E+05   max: -.1163E+06   C at   73  2   RLX: 0.000
       a = 10.250      CL =  0.1877
      Cm =  0.0253     CD =  0.00427   =>   CDf =  0.00876    CDp = -0.00449

 Side 1  free  transition at x/c =  0.7112   63
 Side 2  free  transition at x/c =  0.9378   74

 150   rms: 0.6876E+05   max: 0.7505E+06   C at   74  2   RLX: 0.000
       a = 10.250      CL =  0.1876
      Cm =  0.0252     CD =  0.00427   =>   CDf =  0.00876    CDp = -0.00449

 Side 1  free  transition at x/c =  0.7112   63
 Side 2  free  transition at x/c =  0.9193   73

 151   rms: 0.4021E+05   max: -.4425E+06   C at   73  2   RLX: 0.000
       a = 10.250      CL =  0.1877
      Cm =  0.0252     CD =  0.00427   =>   CDf =  0.00876    CDp = -0.00449

 Side 1  free  transition at x/c =  0.7112   63
 Side 2  free  transition at x/c =  0.9310   73

 152   rms: 0.7961E+04   max: -.8398E+05   C at   73  2   RLX: 0.000
       a = 10.250      CL =  0.1877
      Cm =  0.0252     CD =  0.00427   =>   CDf =  0.00876    CDp = -0.00449

 Side 1  free  transition at x/c =  0.7112   63
 Side 2  free  transition at x/c =  0.9411   74

 153   rms: 0.1030E+05   max: -.1112E+06   C at   74  2   RLX: 0.000
       a = 10.250      CL =  0.1877
      Cm =  0.0252     CD =  0.00427   =>   CDf =  0.00876    CDp = -0.00448

 Side 1  free  transition at x/c =  0.7112   63
 Side 2  free  transition at x/c =  0.9463   75

 154   rms: 0.4256E+04   max: 0.4844E+05   C at   75  2   RLX: 0.000
       a = 10.250      CL =  0.1877
      Cm =  0.0252     CD =  0.00427   =>   CDf =  0.00875    CDp = -0.00448

 Side 1  free  transition at x/c =  0.7112   63
 Side 2  free  transition at x/c =  0.9265   73

 155   rms: 0.1158E+05   max: -.1241E+06   C at   73  2   RLX: 0.000
       a = 10.250      CL =  0.1877
      Cm =  0.0252     CD =  0.00427   =>   CDf =  0.00876    CDp = -0.00449

 Side 1  free  transition at x/c =  0.7112   63
 Side 2  free  transition at x/c =  0.9371   74

 156   rms: 0.2897E+05   max: 0.3170E+06   C at   74  2   RLX: 0.000
       a = 10.250      CL =  0.1877
      Cm =  0.0252     CD =  0.00427   =>   CDf =  0.00876    CDp = -0.00448

 Side 1  free  transition at x/c =  0.7112   63
 Side 2  free  transition at x/c =  0.9180   72

 157   rms: 0.5404E+04   max: -.5672E+05   C at   72  2   RLX: 0.000
       a = 10.250      CL =  0.1877
      Cm =  0.0252     CD =  0.00427   =>   CDf =  0.00876    CDp = -0.00449

 Side 1  free  transition at x/c =  0.7112   63
 Side 2  free  transition at x/c =  0.9361   74

 158   rms: 0.1392E+05   max: 0.1529E+06   C at   74  2   RLX: 0.000
       a = 10.250      CL =  0.1877
      Cm =  0.0252     CD =  0.00427   =>   CDf =  0.00876    CDp = -0.00448

 Side 1  free  transition at x/c =  0.7112   63
 Side 2  free  transition at x/c =  0.9161   72

 159   rms: 0.5510E+04   max: -.5819E+05   C at   72  2   RLX: 0.000
       a = 10.250      CL =  0.1877
      Cm =  0.0252     CD =  0.00427   =>   CDf =  0.00876    CDp = -0.00449

 Side 1  free  transition at x/c =  0.7112   63
 Side 2  free  transition at x/c =  0.9343   74

 160   rms: 0.7199E+04   max: 0.7966E+05   C at   74  2   RLX: 0.000
       a = 10.250      CL =  0.1877
      Cm =  0.0252     CD =  0.00427   =>   CDf =  0.00876    CDp = -0.00448

 Side 1  free  transition at x/c =  0.7112   63
 Side 2  free  transition at x/c =  0.9132   72

 161   rms: 0.5664E+04   max: -.6037E+05   C at   72  2   RLX: 0.000
       a = 10.250      CL =  0.1877
      Cm =  0.0252     CD =  0.00427   =>   CDf =  0.00876    CDp = -0.00449

 Side 1  free  transition at x/c =  0.7112   63
 Side 2  free  transition at x/c =  0.9315   73

 162   rms: 0.7609E+04   max: -.8032E+05   C at   73  2   RLX: 0.000
       a = 10.250      CL =  0.1877
      Cm =  0.0252     CD =  0.00427   =>   CDf =  0.00876    CDp = -0.00448

 Side 1  free  transition at x/c =  0.7112   63
 Side 2  free  transition at x/c =  0.9419   74

 163   rms: 0.8668E+04   max: -.9355E+05   C at   74  2   RLX: 0.000
       a = 10.250      CL =  0.1878
      Cm =  0.0251     CD =  0.00427   =>   CDf =  0.00875    CDp = -0.00448

 Side 1  free  transition at x/c =  0.7112   63
 Side 2  free  transition at x/c =  0.9471   75

 164   rms: 0.4727E+04   max: 0.5379E+05   C at   75  2   RLX: 0.000
       a = 10.250      CL =  0.1877
      Cm =  0.0251     CD =  0.00427   =>   CDf =  0.00875    CDp = -0.00448

 Side 1  free  transition at x/c =  0.7112   63
 Side 2  free  transition at x/c =  0.9285   73

 165   rms: 0.9390E+04   max: -.1001E+06   C at   73  2   RLX: 0.000
       a = 10.250      CL =  0.1878
      Cm =  0.0251     CD =  0.00427   =>   CDf =  0.00876    CDp = -0.00448

 Side 1  free  transition at x/c =  0.7112   63
 Side 2  free  transition at x/c =  0.9392   74

 166   rms: 0.2992E+05   max: -.3257E+06   C at   74  2   RLX: 0.000
       a = 10.250      CL =  0.1878
      Cm =  0.0251     CD =  0.00427   =>   CDf =  0.00875    CDp = -0.00448

 Side 1  free  transition at x/c =  0.7112   63
 Side 2  free  transition at x/c =  0.9447   74

 167   rms: 0.5085E+04   max: -.5449E+05   C at   74  2   RLX: 0.000
       a = 10.250      CL =  0.1878
      Cm =  0.0251     CD =  0.00427   =>   CDf =  0.00875    CDp = -0.00448

 Side 1  free  transition at x/c =  0.7112   63
 Side 2  free  transition at x/c =  0.9493   75

 168   rms: 0.1900E+05   max: 0.2159E+06   C at   75  2   RLX: 0.000
       a = 10.250      CL =  0.1878
      Cm =  0.0251     CD =  0.00427   =>   CDf =  0.00875    CDp = -0.00448

 Side 1  free  transition at x/c =  0.7112   63
 Side 2  free  transition at x/c =  0.9325   73

 169   rms: 0.7203E+04   max: -.7589E+05   C at   73  2   RLX: 0.000
       a = 10.250      CL =  0.1878
      Cm =  0.0251     CD =  0.00427   =>   CDf =  0.00875    CDp = -0.00448

 Side 1  free  transition at x/c =  0.7112   63
 Side 2  free  transition at x/c =  0.9431   74

 170   rms: 0.6511E+04   max: -.7003E+05   C at   74  2   RLX: 0.000
       a = 10.250      CL =  0.1878
      Cm =  0.0251     CD =  0.00427   =>   CDf =  0.00875    CDp = -0.00448

 Side 1  free  transition at x/c =  0.7112   63
 Side 2  free  transition at x/c =  0.9478   75

 171   rms: 0.6537E+04   max: 0.7431E+05   C at   75  2   RLX: 0.000
       a = 10.250      CL =  0.1878
      Cm =  0.0251     CD =  0.00427   =>   CDf =  0.00875    CDp = -0.00448

 Side 1  free  transition at x/c =  0.7112   63
 Side 2  free  transition at x/c =  0.9298   73

 172   rms: 0.8566E+04   max: -.9107E+05   C at   73  2   RLX: 0.000
       a = 10.250      CL =  0.1878
      Cm =  0.0251     CD =  0.00427   =>   CDf =  0.00875    CDp = -0.00448

 Side 1  free  transition at x/c =  0.7112   63
 Side 2  free  transition at x/c =  0.9406   74

 173   rms: 0.1299E+05   max: -.1407E+06   C at   74  2   RLX: 0.000
       a = 10.250      CL =  0.1878
      Cm =  0.0251     CD =  0.00427   =>   CDf =  0.00875    CDp = -0.00448

 Side 1  free  transition at x/c =  0.7112   63
 Side 2  free  transition at x/c =  0.9456   74

 174   rms: 0.4355E+04   max: -.4656E+05   C at   74  2   RLX: 0.000
       a = 10.250      CL =  0.1878
      Cm =  0.0251     CD =  0.00427   =>   CDf =  0.00875    CDp = -0.00448

 Side 1  free  transition at x/c =  0.7112   63
 Side 2  free  transition at x/c =  0.9500   75

 175   rms: 0.4204E+06   max: 0.4774E+07   C at   75  2   RLX: 0.000
       a = 10.250      CL =  0.1878
      Cm =  0.0251     CD =  0.00427   =>   CDf =  0.00875    CDp = -0.00447

 Side 1  free  transition at x/c =  0.7112   63
 Side 2  free  transition at x/c =  0.9334   74

 176   rms: 0.4913E+04   max: 0.5461E+05   C at   74  2   RLX: 0.000
       a = 10.250      CL =  0.1878
      Cm =  0.0251     CD =  0.00427   =>   CDf =  0.00875    CDp = -0.00448

 Side 1  free  transition at x/c =  0.7112   63
 Side 2  free  transition at x/c =  0.9124   72

 177   rms: 0.5515E+04   max: -.5904E+05   C at   72  2   RLX: 0.000
       a = 10.250      CL =  0.1878
      Cm =  0.0251     CD =  0.00427   =>   CDf =  0.00875    CDp = -0.00448

 Side 1  free  transition at x/c =  0.7112   63
 Side 2  free  transition at x/c =  0.9314   73

 178   rms: 0.7808E+04   max: -.8262E+05   C at   73  2   RLX: 0.000
       a = 10.250      CL =  0.1878
      Cm =  0.0251     CD =  0.00427   =>   CDf =  0.00875    CDp = -0.00448

 Side 1  free  transition at x/c =  0.7112   63
 Side 2  free  transition at x/c =  0.9421   74

 179   rms: 0.8078E+04   max: -.8712E+05   C at   74  2   RLX: 0.000
       a = 10.250      CL =  0.1879
      Cm =  0.0250     CD =  0.00427   =>   CDf =  0.00875    CDp = -0.00448

 Side 1  free  transition at x/c =  0.7112   63
 Side 2  free  transition at x/c =  0.9467   75

 180   rms: 0.4733E+04   max: 0.5384E+05   C at   75  2   RLX: 0.000
       a = 10.250      CL =  0.1878
      Cm =  0.0250     CD =  0.00427   =>   CDf =  0.00875    CDp = -0.00447

 Side 1  free  transition at x/c =  0.7112   63
 Side 2  free  transition at x/c =  0.9271   73

 181   rms: 0.1052E+05   max: -.1129E+06   C at   73  2   RLX: 0.000
       a = 10.250      CL =  0.1878
      Cm =  0.0250     CD =  0.00427   =>   CDf =  0.00875    CDp = -0.00448

 Side 1  free  transition at x/c =  0.7112   63
 Side 2  free  transition at x/c =  0.9383   74

 182   rms: 0.1363E+06   max: 0.1489E+07   C at   74  2   RLX: 0.000
       a = 10.250      CL =  0.1878
      Cm =  0.0250     CD =  0.00427   =>   CDf =  0.00875    CDp = -0.00448

 Side 1  free  transition at x/c =  0.7112   63
 Side 2  free  transition at x/c =  0.9211   73

 183   rms: 0.1961E+05   max: -.2153E+06   C at   73  2   RLX: 0.000
       a = 10.250      CL =  0.1879
      Cm =  0.0250     CD =  0.00427   =>   CDf =  0.00875    CDp = -0.00448

 Side 1  free  transition at x/c =  0.7112   63
 Side 2  free  transition at x/c =  0.9330   74

 184   rms: 0.4443E+04   max: 0.4953E+05   C at   74  2   RLX: 0.000
       a = 10.250      CL =  0.1878
      Cm =  0.0250     CD =  0.00427   =>   CDf =  0.00875    CDp = -0.00448

 Side 1  free  transition at x/c =  0.7112   63
 Side 2  free  transition at x/c =  0.9115   72

 185   rms: 0.5427E+04   max: -.5831E+05   C at   72  2   RLX: 0.000
       a = 10.250      CL =  0.1878
      Cm =  0.0250     CD =  0.00427   =>   CDf =  0.00875    CDp = -0.00448

 Side 1  free  transition at x/c =  0.7112   63
 Side 2  free  transition at x/c =  0.9310   73

 186   rms: 0.7999E+04   max: -.8486E+05   C at   73  2   RLX: 0.000
       a = 10.250      CL =  0.1879
      Cm =  0.0250     CD =  0.00427   =>   CDf =  0.00875    CDp = -0.00448

 Side 1  free  transition at x/c =  0.7112   63
 Side 2  free  transition at x/c =  0.9418   74

 187   rms: 0.8904E+04   max: -.9617E+05   C at   74  2   RLX: 0.000
       a = 10.250      CL =  0.1879
      Cm =  0.0250     CD =  0.00427   =>   CDf =  0.00875    CDp = -0.00447

 Side 1  free  transition at x/c =  0.7112   63
 Side 2  free  transition at x/c =  0.9465   75

 188   rms: 0.4216E+04   max: 0.4797E+05   C at   75  2   RLX: 0.000
       a = 10.250      CL =  0.1879
      Cm =  0.0250     CD =  0.00427   =>   CDf =  0.00874    CDp = -0.00447

 Side 1  free  transition at x/c =  0.7112   63
 Side 2  free  transition at x/c =  0.9271   73

 189   rms: 0.1035E+05   max: -.1113E+06   C at   73  2   RLX: 0.000
       a = 10.250      CL =  0.1879
      Cm =  0.0250     CD =  0.00427   =>   CDf =  0.00875    CDp = -0.00448

 Side 1  free  transition at x/c =  0.7112   63
 Side 2  free  transition at x/c =  0.9385   74

 190   rms: 0.3566E+06   max: 0.3897E+07   C at   74  2   RLX: 0.000
       a = 10.250      CL =  0.1879
      Cm =  0.0250     CD =  0.00427   =>   CDf =  0.00875    CDp = -0.00447

 Side 1  free  transition at x/c =  0.7111   63
 Side 2  free  transition at x/c =  0.9213   73

 191   rms: 0.1778E+05   max: -.1953E+06   C at   73  2   RLX: 0.000
       a = 10.250      CL =  0.1879
      Cm =  0.0250     CD =  0.00427   =>   CDf =  0.00875    CDp = -0.00448

 Side 1  free  transition at x/c =  0.7111   63
 Side 2  free  transition at x/c =  0.9335   74

 192   rms: 0.4938E+04   max: 0.5501E+05   C at   74  2   RLX: 0.000
       a = 10.250      CL =  0.1879
      Cm =  0.0250     CD =  0.00427   =>   CDf =  0.00875    CDp = -0.00447

 Side 1  free  transition at x/c =  0.7111   63
 Side 2  free  transition at x/c =  0.9125   72

 193   rms: 0.5248E+04   max: -.5626E+05   C at   72  2   RLX: 0.000
       a = 10.250      CL =  0.1879
      Cm =  0.0250     CD =  0.00427   =>   CDf =  0.00875    CDp = -0.00448

 Side 1  free  transition at x/c =  0.7111   63
 Side 2  free  transition at x/c =  0.9323   73

 194   rms: 0.7372E+04   max: -.7800E+05   C at   73  2   RLX: 0.000
       a = 10.250      CL =  0.1879
      Cm =  0.0250     CD =  0.00427   =>   CDf =  0.00875    CDp = -0.00447

 Side 1  free  transition at x/c =  0.7111   63
 Side 2  free  transition at x/c =  0.9432   74

 195   rms: 0.6526E+04   max: -.7025E+05   C at   74  2   RLX: 0.000
       a = 10.250      CL =  0.1879
      Cm =  0.0249     CD =  0.00427   =>   CDf =  0.00874    CDp = -0.00447

 Side 1  free  transition at x/c =  0.7111   63
 Side 2  free  transition at x/c =  0.9476   75

 196   rms: 0.5537E+04   max: 0.6294E+05   C at   75  2   RLX: 0.000
       a = 10.250      CL =  0.1879
      Cm =  0.0249     CD =  0.00427   =>   CDf =  0.00874    CDp = -0.00447

 Side 1  free  transition at x/c =  0.7111   63
 Side 2  free  transition at x/c =  0.9297   73

 197   rms: 0.8614E+04   max: -.9194E+05   C at   73  2   RLX: 0.000
       a = 10.250      CL =  0.1879
      Cm =  0.0249     CD =  0.00427   =>   CDf =  0.00875    CDp = -0.00447

 Side 1  free  transition at x/c =  0.7111   63
 Side 2  free  transition at x/c =  0.9408   74

 198   rms: 0.1273E+05   max: -.1381E+06   C at   74  2   RLX: 0.000
       a = 10.250      CL =  0.1880
      Cm =  0.0249     CD =  0.00427   =>   CDf =  0.00875    CDp = -0.00447

 Side 1  free  transition at x/c =  0.7111   63
 Side 2  free  transition at x/c =  0.9456   74

 199   rms: 0.4373E+04   max: -.4678E+05   C at   74  2   RLX: 0.000
       a = 10.250      CL =  0.1879
      Cm =  0.0249     CD =  0.00427   =>   CDf =  0.00874    CDp = -0.00447

 Side 1  free  transition at x/c =  0.7111   63
 Side 2  free  transition at x/c =  0.9498   75

 200   rms: 0.4014E+05   max: 0.4559E+06   C at   75  2   RLX: 0.000
       a = 10.250      CL =  0.1879
      Cm =  0.0249     CD =  0.00427   =>   CDf =  0.00874    CDp = -0.00447

 Side 1  free  transition at x/c =  0.7111   63
 Side 2  free  transition at x/c =  0.9334   74

 201   rms: 0.4473E+04   max: 0.4987E+05   C at   74  2   RLX: 0.000
       a = 10.250      CL =  0.1879
      Cm =  0.0249     CD =  0.00428   =>   CDf =  0.00875    CDp = -0.00447

 Side 1  free  transition at x/c =  0.7111   63
 Side 2  free  transition at x/c =  0.9128   72

 202   rms: 0.5126E+04   max: -.5497E+05   C at   72  2   RLX: 0.000
       a = 10.250      CL =  0.1879
      Cm =  0.0249     CD =  0.00428   =>   CDf =  0.00875    CDp = -0.00447

 Side 1  free  transition at x/c =  0.7111   63
 Side 2  free  transition at x/c =  0.9331   74

 203   rms: 0.3927E+04   max: 0.4389E+05   C at   74  2   RLX: 0.000
       a = 10.250      CL =  0.1879
      Cm =  0.0249     CD =  0.00428   =>   CDf =  0.00875    CDp = -0.00447

 Side 1  free  transition at x/c =  0.7111   63
 Side 2  free  transition at x/c =  0.9123   72

 204   rms: 0.5092E+04   max: -.5471E+05   C at   72  2   RLX: 0.000
       a = 10.250      CL =  0.1879
      Cm =  0.0249     CD =  0.00428   =>   CDf =  0.00875    CDp = -0.00447

 Side 1  free  transition at x/c =  0.7111   63
 Side 2  free  transition at x/c =  0.9327   73

 205   rms: 0.1131E+02   max: -.1260E+03   n at   72  2   RLX: 0.004
       a = 10.250      CL =  0.1949
      Cm =  0.0241     CD =  0.00431   =>   CDf =  0.00875    CDp = -0.00443

 Side 1  free  transition at x/c =  0.7107   63
 Side 2 forced transition at x/c =  1.0000   80

 206   rms: 0.3951E+01   max: -.1364E+02   n at   60  2   RLX: 0.037
       a = 10.250      CL =  0.2590
      Cm =  0.0161     CD =  0.00463   =>   CDf =  0.00882    CDp = -0.00418

 Side 1  free  transition at x/c =  0.7076   63
 Side 2 forced transition at x/c =  1.0000   80

 207   rms: 0.1985E+01   max: -.1780E+01   U at   80  2   RLX: 0.144
       a = 10.250      CL =  0.5041
      Cm = -0.0158     CD =  0.00577   =>   CDf =  0.00703    CDp = -0.00125

 MRCHDU: Convergence failed at  74  side 1    Res =  0.1435E+01
 MRCHDU: Convergence failed at  75  side 1    Res =  0.1477E+01
 MRCHDU: Convergence failed at  76  side 1    Res =  0.1643E+01
 MRCHDU: Convergence failed at  77  side 1    Res =  0.2299E+01
 MRCHDU: Convergence failed at  78  side 1    Res =  0.3740E+01
 Side 1  free  transition at x/c =  0.6996   64
 Side 2 forced transition at x/c =  1.0000   78
 idif Ue xi dudx           1  0.16519709      2.78913975E-03   59.228687    
 Uenew xinew           2  4.69812974E-02  7.93218613E-04

 208   rms: 0.1527E+03   max: 0.7308E+03   D at   80  2   RLX: 0.002
       a = 10.250      CL =  0.3376
      Cm =  0.0018     CD =  0.00822   =>   CDf =  0.00998    CDp = -0.00176

 MRCHDU: Convergence failed at  81  side 2    Res =  0.3715E+01
 MRCHDU: Convergence failed at  82  side 2    Res =  0.4276E+01
 Side 1  free  transition at x/c =  0.6662   61
 Side 2 forced transition at x/c =  1.0000   79

 209   rms: 0.1445E+01   max: 0.9644E+01   T at   61  1   RLX: 0.150
       a = 10.250      CL =  0.4568
      Cm = -0.0080     CD =  0.01316   =>   CDf =  0.00716    CDp =  0.00600

 Side 1  free  transition at x/c =  0.6338   61
 Side 2 forced transition at x/c =  1.0000   77

 210   rms: 0.1266E+01   max: 0.1614E+01   D at   87  2   RLX: 0.087
       a = 10.250      CL =  0.5617
      Cm = -0.0230     CD =  0.01657   =>   CDf =  0.00822    CDp =  0.00836

 Side 1  free  transition at x/c =  0.6249   61
 Side 2 forced transition at x/c =  1.0000   76

 211   rms: 0.2057E+01   max: -.7397E+01   C at   76  2   RLX: 0.055
       a = 10.250      CL =  0.6617
      Cm = -0.0308     CD =  0.01561   =>   CDf =  0.00918    CDp =  0.00642

 Side 1  free  transition at x/c =  0.6421   62
 Side 2 forced transition at x/c =  1.0000   76

 212   rms: 0.1949E+01   max: -.7045E+01   C at   76  2   RLX: 0.071
       a = 10.250      CL =  0.7976
      Cm = -0.0464     CD =  0.01200   =>   CDf =  0.00824    CDp =  0.00376

 Side 1  free  transition at x/c =  0.6533   64
 Side 2 forced transition at x/c =  1.0000   75

 213   rms: 0.2258E+01   max: -.9509E+01   C at   75  2   RLX: 0.053
       a = 10.250      CL =  0.9168
      Cm = -0.0630     CD =  0.01061   =>   CDf =  0.00825    CDp =  0.00236

 Side 1  free  transition at x/c =  0.6591   65
 Side 2 forced transition at x/c =  1.0000   74

 214   rms: 0.3127E+01   max: -.1420E+02   C at   74  2   RLX: 0.035
       a = 10.250      CL =  1.0245
      Cm = -0.0806     CD =  0.00984   =>   CDf =  0.00825    CDp =  0.00159

 MRCHDU: Convergence failed at  77  side 1    Res =  0.9518E+00
 MRCHDU: Convergence failed at  78  side 1    Res =  0.1419E+01
 MRCHDU: Convergence failed at  79  side 1    Res =  0.1670E+01
 MRCHDU: Convergence failed at  80  side 1    Res =  0.1960E+01
 MRCHDU: Convergence failed at  81  side 1    Res =  0.2754E+01
 MRCHDU: Convergence failed at  82  side 1    Res =  0.3340E+01
 MRCHDU: Convergence failed at  83  side 1    Res =  0.3956E+01
 MRCHDU: Convergence failed at  84  side 1    Res =  0.4234E+01
 MRCHDU: Convergence failed at  85  side 1    Res =  0.5015E+01
 MRCHDU: Convergence failed at  86  side 1    Res =  0.5901E+01
 MRCHDU: Convergence failed at  87  side 1    Res =  0.7193E+01
 MRCHDU: Convergence failed at  88  side 1    Res =  0.9280E+01
 MRCHDU: Convergence failed at  89  side 1    Res =  0.1539E+02
 Side 1  free  transition at x/c =  0.6672   67
 Side 2 forced transition at x/c =  1.0000   73

 215   rms: 0.9848E+00   max: 0.1275E+01   D at   82  2   RLX: 0.195
       a = 10.250      CL =  1.2296
      Cm = -0.1255     CD =  0.00544   =>   CDf =  0.00800    CDp = -0.00256

 Side 1  free  transition at x/c =  0.6548   67
 Side 2 forced transition at x/c =  1.0000   72

 216   rms: 0.1063E+01   max: 0.4470E+01   T at   67  1   RLX: 0.265
       a = 10.250      CL =  1.4224
      Cm = -0.1518     CD =  0.00982   =>   CDf =  0.00733    CDp =  0.00249

 MRCHDU: Convergence failed at  69  side 1    Res =  0.1319E+02
 Side 1  free  transition at x/c =  0.5930   65
 Side 2 forced transition at x/c =  1.0000   70

 217   rms: 0.8346E+00   max: 0.4991E+01   C at   70  2   RLX: 0.173
       a = 10.250      CL =  1.3858
      Cm = -0.1380     CD =  0.01593   =>   CDf =  0.00780    CDp =  0.00812

 Side 1  free  transition at x/c =  0.5627   63
 Side 2 forced transition at x/c =  1.0000   70

 218   rms: 0.8729E+00   max: -.3938E+01   C at   70  2   RLX: 0.127
       a = 10.250      CL =  1.4727
      Cm = -0.1425     CD =  0.01787   =>   CDf =  0.00671    CDp =  0.01116

 Side 1  free  transition at x/c =  0.5729   65
 Side 2 forced transition at x/c =  1.0000   69

 219   rms: 0.8855E+01   max: -.4709E+02   C at   69  2   RLX: 0.011
       a = 10.250      CL =  1.5492
      Cm = -0.1538     CD =  0.01484   =>   CDf =  0.00727    CDp =  0.00757

 MRCHDU: Convergence failed at  92  side 1    Res =  0.2461E+01
 MRCHDU: Convergence failed at  93  side 1    Res =  0.7219E+01
 Side 1  free  transition at x/c =  0.5885   66
 Side 2 forced transition at x/c =  1.0000   69

 220   rms: 0.5396E+00   max: -.5697E+00   C at   70  2   RLX: 0.275
       a = 10.250      CL =  1.6839
      Cm = -0.1722     CD =  0.01159   =>   CDf =  0.00643    CDp =  0.00515

 Side 1  free  transition at x/c =  0.5805   66
 Side 2 forced transition at x/c =  1.0000   68

 221   rms: 0.6592E+00   max: 0.5259E+01   C at   68  2   RLX: 0.285
       a = 10.250      CL =  1.6239
      Cm = -0.1630     CD =  0.01664   =>   CDf =  0.00675    CDp =  0.00989

 Side 1  free  transition at x/c =  0.5381   64
 Side 2 forced transition at x/c =  1.0000   68

 222   rms: 0.3455E+00   max: -.1902E+01   C at   68  2   RLX: 0.263
       a = 10.250      CL =  1.6899
      Cm = -0.1647     CD =  0.01672   =>   CDf =  0.00698    CDp =  0.00974

 Side 1  free  transition at x/c =  0.5206   64
 Side 2 forced transition at x/c =  1.0000   67

 223   rms: 0.2355E+00   max: -.1821E+01   C at   67  2   RLX: 0.275
       a = 10.250      CL =  1.7158
      Cm = -0.1633     CD =  0.01879   =>   CDf =  0.00723    CDp =  0.01157

 Side 1  free  transition at x/c =  0.5111   63
 Side 2 forced transition at x/c =  1.0000   67

 224   rms: 0.1790E+00   max: 0.8688E+00   D at   95  1   RLX: 0.654
       a = 10.250      CL =  1.6989
      Cm = -0.1516     CD =  0.02296   =>   CDf =  0.00699    CDp =  0.01597

 Side 1  free  transition at x/c =  0.4917   62
 Side 2 forced transition at x/c =  1.0000   67

 225   rms: 0.1044E+00   max: 0.4750E+00   D at   92  1
       a = 10.250      CL =  1.6250
      Cm = -0.1356     CD =  0.02770   =>   CDf =  0.00684    CDp =  0.02086

 Side 1  free  transition at x/c =  0.4868   62
 Side 2 forced transition at x/c =  1.0000   67

 226   rms: 0.2036E-01   max: -.1508E+00   C at   67  2
       a = 10.250      CL =  1.6360
      Cm = -0.1388     CD =  0.02841   =>   CDf =  0.00677    CDp =  0.02165

 Side 1  free  transition at x/c =  0.4859   62
 Side 2 forced transition at x/c =  1.0000   67

 227   rms: 0.2570E-02   max: -.2025E-01   C at   67  2
       a = 10.250      CL =  1.6381
      Cm = -0.1391     CD =  0.02833   =>   CDf =  0.00671    CDp =  0.02163

 Side 1  free  transition at x/c =  0.4859   62
 Side 2 forced transition at x/c =  1.0000   67

 228   rms: 0.5132E-04   max: -.2630E-03   C at   67  2
       a = 10.250      CL =  1.6381
      Cm = -0.1391     CD =  0.02834   =>   CDf =  0.00670    CDp =  0.02163
 plradd ia,ip,cpol            7           0  2.12901505E-03

 Point added to stored polar  1
 Point written to save file  fx76mp140_Re150k.base.pol                       
 Dump file unspecified or not available
 Calculating wake trajectory ...
 Calculating source influence matrix ...

 Solving BL system ...

 Side 1  free  transition at x/c =  0.4859   62
 Side 2 forced transition at x/c =  1.0000   67

   1   rms: 0.6378E-01   max: -.6300E-01   C at   67  2   RLX: 0.819
       a = 10.500      CL =  1.6813
      Cm = -0.1414     CD =  0.02743   =>   CDf =  0.00671    CDp =  0.02072

 Side 1  free  transition at x/c =  0.4784   61
 Side 2 forced transition at x/c =  1.0000   67

   2   rms: 0.5905E-01   max: 0.2636E+00   D at   86  1
       a = 10.500      CL =  1.6346
      Cm = -0.1353     CD =  0.02984   =>   CDf =  0.00665    CDp =  0.02319

 Side 1  free  transition at x/c =  0.4735   61
 Side 2 forced transition at x/c =  1.0000   67

   3   rms: 0.8938E-02   max: -.4633E-01   D at   80  2
       a = 10.500      CL =  1.6401
      Cm = -0.1361     CD =  0.02955   =>   CDf =  0.00667    CDp =  0.02288

 Side 1  free  transition at x/c =  0.4740   61
 Side 2 forced transition at x/c =  1.0000   67

   4   rms: 0.3843E-03   max: -.1841E-02   D at   80  2
       a = 10.500      CL =  1.6404
      Cm = -0.1361     CD =  0.02956   =>   CDf =  0.00664    CDp =  0.02292

 Side 1  free  transition at x/c =  0.4739   61
 Side 2 forced transition at x/c =  1.0000   67

   5   rms: 0.1292E-04   max: 0.1004E-03   C at   67  2
       a = 10.500      CL =  1.6404
      Cm = -0.1361     CD =  0.02956   =>   CDf =  0.00664    CDp =  0.02292
 plradd ia,ip,cpol            8           0  1.25403143E-03

 Point added to stored polar  1
 Point written to save file  fx76mp140_Re150k.base.pol                       
 Dump file unspecified or not available
 Calculating wake trajectory ...
 Calculating source influence matrix ...

 Solving BL system ...

 Side 1  free  transition at x/c =  0.4739   61
 Side 2 forced transition at x/c =  1.0000   67

   1   rms: 0.3550E-01   max: 0.1817E+00   T at   61  1   RLX: 0.745
       a = 10.750      CL =  1.6542
      Cm = -0.1353     CD =  0.02989   =>   CDf =  0.00665    CDp =  0.02324

 Side 1  free  transition at x/c =  0.4660   60
 Side 2 forced transition at x/c =  1.0000   67

   2   rms: 0.1250E-01   max: 0.7653E-01   D at   80  1
       a = 10.750      CL =  1.6495
      Cm = -0.1340     CD =  0.03050   =>   CDf =  0.00672    CDp =  0.02378

 Side 1  free  transition at x/c =  0.4625   60
 Side 2 forced transition at x/c =  1.0000   67

   3   rms: 0.6400E-02   max: -.3035E-01   D at   83  1
       a = 10.750      CL =  1.6541
      Cm = -0.1345     CD =  0.03026   =>   CDf =  0.00664    CDp =  0.02362

 Side 1  free  transition at x/c =  0.4626   60
 Side 2 forced transition at x/c =  1.0000   67

   4   rms: 0.3214E-03   max: -.1287E-02   D at   77  2
       a = 10.750      CL =  1.6544
      Cm = -0.1345     CD =  0.03027   =>   CDf =  0.00663    CDp =  0.02363

 Side 1  free  transition at x/c =  0.4626   60
 Side 2 forced transition at x/c =  1.0000   67

   5   rms: 0.6864E-05   max: 0.7844E-04   C at   67  2
       a = 10.750      CL =  1.6544
      Cm = -0.1345     CD =  0.03027   =>   CDf =  0.00663    CDp =  0.02363
 plradd ia,ip,cpol            9           0  2.12901505E-03

 Point added to stored polar  1
 Point written to save file  fx76mp140_Re150k.base.pol                       
 Dump file unspecified or not available
 Calculating wake trajectory ...
 Calculating source influence matrix ...

 Solving BL system ...

 Side 1  free  transition at x/c =  0.4626   60
 Side 2 forced transition at x/c =  1.0000   67

   1   rms: 0.3641E-01   max: 0.1726E+00   T at   60  1   RLX: 0.704
       a = 11.000      CL =  1.6502
      Cm = -0.1319     CD =  0.03153   =>   CDf =  0.00664    CDp =  0.02489

 Side 1  free  transition at x/c =  0.4535   60
 Side 2 forced transition at x/c =  1.0000   67

   2   rms: 0.3000E-01   max: -.1175E+00   D at   60  1
       a = 11.000      CL =  1.6725
      Cm = -0.1334     CD =  0.03065   =>   CDf =  0.00620    CDp =  0.02445

 Side 1  free  transition at x/c =  0.4516   61
 Side 2 forced transition at x/c =  1.0000   66

   3   rms: 0.7924E-02   max: -.3459E-01   D at   84  1
       a = 11.000      CL =  1.6793
      Cm = -0.1341     CD =  0.03043   =>   CDf =  0.00669    CDp =  0.02374

 Side 1  free  transition at x/c =  0.4514   60
 Side 2 forced transition at x/c =  1.0000   66

   4   rms: 0.2609E-02   max: 0.1212E-01   D at   84  1
       a = 11.000      CL =  1.6773
      Cm = -0.1339     CD =  0.03055   =>   CDf =  0.00669    CDp =  0.02386

 Side 1  free  transition at x/c =  0.4513   60
 Side 2 forced transition at x/c =  1.0000   66

   5   rms: 0.9315E-04   max: 0.4943E-03   D at   77  2
       a = 11.000      CL =  1.6772
      Cm = -0.1339     CD =  0.03055   =>   CDf =  0.00669    CDp =  0.02386
 plradd ia,ip,cpol           10           0  1.25403143E-03

 Point added to stored polar  1
 Point written to save file  fx76mp140_Re150k.base.pol                       
 Dump file unspecified or not available
 Calculating wake trajectory ...
 Calculating source influence matrix ...

 Solving BL system ...

 Side 1  free  transition at x/c =  0.4513   60
 Side 2 forced transition at x/c =  1.0000   66

   1   rms: 0.6073E-01   max: 0.2533E+00   D at   80  1   RLX: 0.671
       a = 11.250      CL =  1.6540
      Cm = -0.1294     CD =  0.03274   =>   CDf =  0.00670    CDp =  0.02604

 Side 1  free  transition at x/c =  0.4421   60
 Side 2 forced transition at x/c =  1.0000   66

   2   rms: 0.2281E-01   max: -.1072E+00   D at   61  1
       a = 11.250      CL =  1.6701
      Cm = -0.1301     CD =  0.03224   =>   CDf =  0.00663    CDp =  0.02561

 Side 1  free  transition at x/c =  0.4388   60
 Side 2 forced transition at x/c =  1.0000   66

   3   rms: 0.5348E-02   max: -.2646E-01   D at   83  1
       a = 11.250      CL =  1.6738
      Cm = -0.1305     CD =  0.03209   =>   CDf =  0.00661    CDp =  0.02548

 Side 1  free  transition at x/c =  0.4389   60
 Side 2 forced transition at x/c =  1.0000   66

   4   rms: 0.4023E-03   max: -.1622E-02   D at   77  2
       a = 11.250      CL =  1.6742
      Cm = -0.1306     CD =  0.03209   =>   CDf =  0.00660    CDp =  0.02549

 Side 1  free  transition at x/c =  0.4389   60
 Side 2 forced transition at x/c =  1.0000   66

   5   rms: 0.1617E-04   max: -.7521E-04   D at   77  2
       a = 11.250      CL =  1.6742
      Cm = -0.1306     CD =  0.03209   =>   CDf =  0.00660    CDp =  0.02549
 plradd ia,ip,cpol           11           0  1.25403143E-03

 Point added to stored polar  1
 Point written to save file  fx76mp140_Re150k.base.pol                       
 Dump file unspecified or not available
 Calculating wake trajectory ...
 Calculating source influence matrix ...

 Solving BL system ...

 Side 1  free  transition at x/c =  0.4389   60
 Side 2 forced transition at x/c =  1.0000   66

   1   rms: 0.4343E-01   max: 0.1977E+00   T at   60  1   RLX: 0.699
       a = 11.500      CL =  1.6933
      Cm = -0.1304     CD =  0.03207   =>   CDf =  0.00661    CDp =  0.02546

 Side 1  free  transition at x/c =  0.4312   59
 Side 2 forced transition at x/c =  1.0000   66

   2   rms: 0.2715E-01   max: 0.1102E+00   D at   83  1
       a = 11.500      CL =  1.6740
      Cm = -0.1276     CD =  0.03368   =>   CDf =  0.00664    CDp =  0.02704

 Side 1  free  transition at x/c =  0.4262   59
 Side 2 forced transition at x/c =  1.0000   66

   3   rms: 0.7805E-02   max: -.3781E-01   D at   84  1
       a = 11.500      CL =  1.6787
      Cm = -0.1281     CD =  0.03330   =>   CDf =  0.00659    CDp =  0.02671

 Side 1  free  transition at x/c =  0.4266   59
 Side 2 forced transition at x/c =  1.0000   66

   4   rms: 0.5222E-03   max: -.2013E-02   D at   78  2
       a = 11.500      CL =  1.6792
      Cm = -0.1282     CD =  0.03331   =>   CDf =  0.00657    CDp =  0.02674

 Side 1  free  transition at x/c =  0.4265   59
 Side 2 forced transition at x/c =  1.0000   66

   5   rms: 0.1795E-04   max: -.9921E-04   D at   78  2
       a = 11.500      CL =  1.6792
      Cm = -0.1282     CD =  0.03331   =>   CDf =  0.00657    CDp =  0.02674
 plradd ia,ip,cpol           12           0  1.25403143E-03

 Point added to stored polar  1
 Point written to save file  fx76mp140_Re150k.base.pol                       
 Dump file unspecified or not available
 Calculating wake trajectory ...
 Calculating source influence matrix ...

 Solving BL system ...

 Side 1  free  transition at x/c =  0.4265   59
 Side 2 forced transition at x/c =  1.0000   66

   1   rms: 0.3451E-01   max: 0.1906E+00   T at   59  1   RLX: 0.655
       a = 11.750      CL =  1.6815
      Cm = -0.1265     CD =  0.03421   =>   CDf =  0.00657    CDp =  0.02764

 Side 1  free  transition at x/c =  0.4183   58
 Side 2 forced transition at x/c =  1.0000   66

   2   rms: 0.1531E-01   max: -.8196E-01   C at   58  1
       a = 11.750      CL =  1.6838
      Cm = -0.1257     CD =  0.03454   =>   CDf =  0.00669    CDp =  0.02785

 Side 1  free  transition at x/c =  0.4143   58
 Side 2 forced transition at x/c =  1.0000   66

   3   rms: 0.6101E-02   max: -.2945E-01   D at   82  1
       a = 11.750      CL =  1.6882
      Cm = -0.1262     CD =  0.03430   =>   CDf =  0.00658    CDp =  0.02772

 Side 1  free  transition at x/c =  0.4142   58
 Side 2 forced transition at x/c =  1.0000   66

   4   rms: 0.3131E-03   max: -.1589E-02   D at   78  2
       a = 11.750      CL =  1.6884
      Cm = -0.1262     CD =  0.03431   =>   CDf =  0.00658    CDp =  0.02774

 Side 1  free  transition at x/c =  0.4142   58
 Side 2 forced transition at x/c =  1.0000   66

   5   rms: 0.7718E-05   max: 0.9998E-04   C at   66  2
       a = 11.750      CL =  1.6884
      Cm = -0.1262     CD =  0.03431   =>   CDf =  0.00658    CDp =  0.02774
 plradd ia,ip,cpol           13           0  1.25403143E-03

 Point added to stored polar  1
 Point written to save file  fx76mp140_Re150k.base.pol                       
 Dump file unspecified or not available
 Calculating wake trajectory ...
 Calculating source influence matrix ...

 Solving BL system ...

 Side 1  free  transition at x/c =  0.4142   58
 Side 2 forced transition at x/c =  1.0000   66

   1   rms: 0.3895E-01   max: 0.1769E+00   T at   58  1   RLX: 0.627
       a = 12.000      CL =  1.6816
      Cm = -0.1239     CD =  0.03578   =>   CDf =  0.00658    CDp =  0.02920

 Side 1  free  transition at x/c =  0.4056   58
 Side 2 forced transition at x/c =  1.0000   66

   2   rms: 0.2128E-01   max: -.1126E+00   D at   58  1
       a = 12.000      CL =  1.6955
      Cm = -0.1241     CD =  0.03537   =>   CDf =  0.00661    CDp =  0.02876

 Side 1  free  transition at x/c =  0.4020   57
 Side 2 forced transition at x/c =  1.0000   66

   3   rms: 0.6274E-02   max: -.3204E-01   D at   81  1
       a = 12.000      CL =  1.7000
      Cm = -0.1245     CD =  0.03516   =>   CDf =  0.00665    CDp =  0.02852

 Side 1  free  transition at x/c =  0.4017   57
 Side 2 forced transition at x/c =  1.0000   66

   4   rms: 0.1750E-03   max: -.1137E-02   D at   78  2
       a = 12.000      CL =  1.7002
      Cm = -0.1245     CD =  0.03518   =>   CDf =  0.00663    CDp =  0.02855

 Side 1  free  transition at x/c =  0.4017   57
 Side 2 forced transition at x/c =  1.0000   66

   5   rms: 0.3892E-05   max: 0.3226E-04   C at   66  2
       a = 12.000      CL =  1.7002
      Cm = -0.1245     CD =  0.03518   =>   CDf =  0.00663    CDp =  0.02855
 plradd ia,ip,cpol           14           0  1.25403143E-03

 Point added to stored polar  1
 Point written to save file  fx76mp140_Re150k.base.pol                       
 Dump file unspecified or not available
 Calculating wake trajectory ...
 Calculating source influence matrix ...

 Solving BL system ...

 Side 1  free  transition at x/c =  0.4017   57
 Side 2 forced transition at x/c =  1.0000   66

   1   rms: 0.4834E-01   max: 0.2081E+00   D at   78  1   RLX: 0.605
       a = 12.250      CL =  1.6864
      Cm = -0.1217     CD =  0.03708   =>   CDf =  0.00663    CDp =  0.03044

 Side 1  free  transition at x/c =  0.3935   57
 Side 2 forced transition at x/c =  1.0000   66

   2   rms: 0.1508E-01   max: -.9653E-01   D at   58  1
       a = 12.250      CL =  1.6932
      Cm = -0.1212     CD =  0.03717   =>   CDf =  0.00604    CDp =  0.03113

 Side 1  free  transition at x/c =  0.3889   58
 Side 2 forced transition at x/c =  1.0000   65

   3   rms: 0.7099E-02   max: -.3540E-01   D at   82  1
       a = 12.250      CL =  1.6972
      Cm = -0.1216     CD =  0.03689   =>   CDf =  0.00656    CDp =  0.03033

 Side 1  free  transition at x/c =  0.3890   58
 Side 2 forced transition at x/c =  1.0000   65

   4   rms: 0.1647E-02   max: -.2002E-01   D at    4  1
       a = 12.250      CL =  1.6978
      Cm = -0.1216     CD =  0.03689   =>   CDf =  0.00655    CDp =  0.03035

 Side 1  free  transition at x/c =  0.3890   58
 Side 2 forced transition at x/c =  1.0000   65

   5   rms: 0.3652E-04   max: -.1773E-03   D at   78  2
       a = 12.250      CL =  1.6978
      Cm = -0.1217     CD =  0.03689   =>   CDf =  0.00655    CDp =  0.03035
 plradd ia,ip,cpol           15           0  1.25403143E-03

 Point added to stored polar  1
 Point written to save file  fx76mp140_Re150k.base.pol                       
 Dump file unspecified or not available
 Calculating wake trajectory ...
 Calculating source influence matrix ...

 Solving BL system ...

 Side 1  free  transition at x/c =  0.3890   58
 Side 2 forced transition at x/c =  1.0000   65

   1   rms: 0.4186E-01   max: 0.2147E+00   T at   58  1   RLX: 0.616
       a = 12.500      CL =  1.7115
      Cm = -0.1212     CD =  0.03702   =>   CDf =  0.00655    CDp =  0.03046

 Side 1  free  transition at x/c =  0.3812   57
 Side 2 forced transition at x/c =  1.0000   65

   2   rms: 0.2721E-01   max: 0.1187E+00   D at   81  1
       a = 12.500      CL =  1.6936
      Cm = -0.1188     CD =  0.03898   =>   CDf =  0.00658    CDp =  0.03240

 Side 1  free  transition at x/c =  0.3753   57
 Side 2 forced transition at x/c =  1.0000   65

   3   rms: 0.7201E-02   max: -.3835E-01   D at   82  1
       a = 12.500      CL =  1.6968
      Cm = -0.1190     CD =  0.03856   =>   CDf =  0.00654    CDp =  0.03202

 Side 1  free  transition at x/c =  0.3759   57
 Side 2 forced transition at x/c =  1.0000   65

   4   rms: 0.7400E-03   max: -.2744E-02   D at   78  2
       a = 12.500      CL =  1.6974
      Cm = -0.1191     CD =  0.03856   =>   CDf =  0.00650    CDp =  0.03206

 Side 1  free  transition at x/c =  0.3758   57
 Side 2 forced transition at x/c =  1.0000   65

   5   rms: 0.3772E-04   max: -.2143E-03   D at   78  2
       a = 12.500      CL =  1.6975
      Cm = -0.1191     CD =  0.03856   =>   CDf =  0.00651    CDp =  0.03206
 plradd ia,ip,cpol           16           0  1.25403143E-03

 Point added to stored polar  1
 Point written to save file  fx76mp140_Re150k.base.pol                       
 Dump file unspecified or not available
 Calculating wake trajectory ...
 Calculating source influence matrix ...

 Solving BL system ...

 Side 1  free  transition at x/c =  0.3758   57
 Side 2 forced transition at x/c =  1.0000   65

   1   rms: 0.3375E-01   max: 0.2080E+00   T at   57  1   RLX: 0.581
       a = 12.750      CL =  1.6992
      Cm = -0.1178     CD =  0.03946   =>   CDf =  0.00651    CDp =  0.03295

 Side 1  free  transition at x/c =  0.3683   56
 Side 2 forced transition at x/c =  1.0000   65

   2   rms: 0.1677E-01   max: 0.9036E-01   D at   78  1
       a = 12.750      CL =  1.6940
      Cm = -0.1163     CD =  0.04054   =>   CDf =  0.00662    CDp =  0.03392

 Side 1  free  transition at x/c =  0.3623   56
 Side 2 forced transition at x/c =  1.0000   65

   3   rms: 0.7549E-02   max: -.3826E-01   D at   81  1
       a = 12.750      CL =  1.6982
      Cm = -0.1166     CD =  0.04015   =>   CDf =  0.00652    CDp =  0.03362

 Side 1  free  transition at x/c =  0.3625   56
 Side 2 forced transition at x/c =  1.0000   65

   4   rms: 0.5622E-03   max: -.2825E-02   D at   78  2
       a = 12.750      CL =  1.6987
      Cm = -0.1167     CD =  0.04017   =>   CDf =  0.00650    CDp =  0.03366

 Side 1  free  transition at x/c =  0.3624   56
 Side 2 forced transition at x/c =  1.0000   65

   5   rms: 0.2353E-04   max: -.1486E-03   D at   78  2
       a = 12.750      CL =  1.6987
      Cm = -0.1167     CD =  0.04017   =>   CDf =  0.00650    CDp =  0.03366
 plradd ia,ip,cpol           17           0  1.25403143E-03

 Point added to stored polar  1
 Point written to save file  fx76mp140_Re150k.base.pol                       
 Dump file unspecified or not available
 Calculating wake trajectory ...
 Calculating source influence matrix ...

 Solving BL system ...

 Side 1  free  transition at x/c =  0.3623   56
 Side 2 forced transition at x/c =  1.0000   65

   1   rms: 0.3542E-01   max: 0.1984E+00   T at   56  1   RLX: 0.558
       a = 13.000      CL =  1.6955
      Cm = -0.1152     CD =  0.04145   =>   CDf =  0.00651    CDp =  0.03494

 Side 1  free  transition at x/c =  0.3543   56
 Side 2 forced transition at x/c =  1.0000   65

   2   rms: 0.2688E-01   max: -.1683E+00   D at   56  1
       a = 13.000      CL =  1.7128
      Cm = -0.1153     CD =  0.04080   =>   CDf =  0.00661    CDp =  0.03418

 Side 1  free  transition at x/c =  0.3486   55
 Side 2 forced transition at x/c =  1.0000   65

   3   rms: 0.1780E-01   max: 0.9203E-01   D at   80  1
       a = 13.000      CL =  1.6998
      Cm = -0.1144     CD =  0.04194   =>   CDf =  0.00656    CDp =  0.03538

 Side 1  free  transition at x/c =  0.3486   55
 Side 2 forced transition at x/c =  1.0000   65

   4   rms: 0.1360E-02   max: 0.1209E-01   D at   80  1
       a = 13.000      CL =  1.6989
      Cm = -0.1143     CD =  0.04189   =>   CDf =  0.00652    CDp =  0.03537

 Side 1  free  transition at x/c =  0.3486   55
 Side 2 forced transition at x/c =  1.0000   65

   5   rms: 0.6196E-04   max: 0.4192E-03   D at   79  2
       a = 13.000      CL =  1.6989
      Cm = -0.1143     CD =  0.04189   =>   CDf =  0.00652    CDp =  0.03536
 plradd ia,ip,cpol           18           0  1.25403143E-03

 Point added to stored polar  1
 Point written to save file  fx76mp140_Re150k.base.pol                       
 Dump file unspecified or not available
 Calculating wake trajectory ...
 Calculating source influence matrix ...

 Solving BL system ...

 Side 1  free  transition at x/c =  0.3486   55
 Side 2 forced transition at x/c =  1.0000   65

   1   rms: 0.3720E-01   max: 0.1879E+00   T at   55  1   RLX: 0.538
       a = 13.250      CL =  1.6938
      Cm = -0.1128     CD =  0.04339   =>   CDf =  0.00653    CDp =  0.03687

 Side 1  free  transition at x/c =  0.3406   55
 Side 2 forced transition at x/c =  1.0000   65

   2   rms: 0.1796E-01   max: -.1256E+00   D at   55  1
       a = 13.250      CL =  1.7011
      Cm = -0.1122     CD =  0.04350   =>   CDf =  0.00656    CDp =  0.03694

 Side 1  free  transition at x/c =  0.3354   54
 Side 2 forced transition at x/c =  1.0000   65

   3   rms: 0.2743E-02   max: 0.2677E-01   D at   55  1
       a = 13.250      CL =  1.6996
      Cm = -0.1121     CD =  0.04366   =>   CDf =  0.00659    CDp =  0.03707

 Side 1  free  transition at x/c =  0.3350   54
 Side 2 forced transition at x/c =  1.0000   65

   4   rms: 0.5052E-04   max: 0.3610E-03   D at   55  1
       a = 13.250      CL =  1.6996
      Cm = -0.1121     CD =  0.04364   =>   CDf =  0.00656    CDp =  0.03709
 plradd ia,ip,cpol           19           0  1.25403143E-03

 Point added to stored polar  1
 Point written to save file  fx76mp140_Re150k.base.pol                       
 Dump file unspecified or not available
 Calculating wake trajectory ...
 Calculating source influence matrix ...

 Solving BL system ...

 Side 1  free  transition at x/c =  0.3350   54
 Side 2 forced transition at x/c =  1.0000   65

   1   rms: 0.4069E-01   max: 0.1833E+00   T at   54  1   RLX: 0.520
       a = 13.500      CL =  1.6923
      Cm = -0.1106     CD =  0.04540   =>   CDf =  0.00656    CDp =  0.03884

 Side 1  free  transition at x/c =  0.3271   54
 Side 2 forced transition at x/c =  1.0000   65

   2   rms: 0.1584E-01   max: -.1031E+00   D at   55  1
       a = 13.500      CL =  1.6940
      Cm = -0.1097     CD =  0.04602   =>   CDf =  0.00654    CDp =  0.03948

 Side 1  free  transition at x/c =  0.3215   54
 Side 2 forced transition at x/c =  1.0000   65

   3   rms: 0.7694E-02   max: -.4458E-01   D at   78  1
       a = 13.500      CL =  1.6987
      Cm = -0.1099     CD =  0.04550   =>   CDf =  0.00607    CDp =  0.03944

 Side 1  free  transition at x/c =  0.3215   55
 Side 2 forced transition at x/c =  1.0000   64

   4   rms: 0.7129E-03   max: -.3967E-02   D at    3  2
       a = 13.500      CL =  1.6992
      Cm = -0.1100     CD =  0.04554   =>   CDf =  0.00659    CDp =  0.03895

 Side 1  free  transition at x/c =  0.3214   55
 Side 2 forced transition at x/c =  1.0000   64

   5   rms: 0.3614E-03   max: -.4788E-02   D at    4  1
       a = 13.500      CL =  1.6993
      Cm = -0.1100     CD =  0.04554   =>   CDf =  0.00659    CDp =  0.03895

 Side 1  free  transition at x/c =  0.3214   55
 Side 2 forced transition at x/c =  1.0000   64

   6   rms: 0.2845E-05   max: 0.2057E-04   C at   64  2
       a = 13.500      CL =  1.6993
      Cm = -0.1100     CD =  0.04554   =>   CDf =  0.00659    CDp =  0.03895
 plradd ia,ip,cpol           20           0  1.25403143E-03

 Point added to stored polar  1
 Point written to save file  fx76mp140_Re150k.base.pol                       
 Dump file unspecified or not available
 Calculating wake trajectory ...
 Calculating source influence matrix ...

 Solving BL system ...

 Side 1  free  transition at x/c =  0.3214   55
 Side 2 forced transition at x/c =  1.0000   64

   1   rms: 0.4496E-01   max: -.2780E+00   D at   56  1   RLX: 0.523
       a = 13.750      CL =  1.7100
      Cm = -0.1095     CD =  0.04568   =>   CDf =  0.00660    CDp =  0.03909

 Side 1  free  transition at x/c =  0.3147   54
 Side 2 forced transition at x/c =  1.0000   64

   2   rms: 0.3242E-01   max: 0.1660E+00   D at   80  1
       a = 13.750      CL =  1.6912
      Cm = -0.1077     CD =  0.04859   =>   CDf =  0.00653    CDp =  0.04206

 Side 1  free  transition at x/c =  0.3074   54
 Side 2 forced transition at x/c =  1.0000   64

   3   rms: 0.7479E-02   max: -.5101E-01   D at   54  1
       a = 13.750      CL =  1.6932
      Cm = -0.1076     CD =  0.04798   =>   CDf =  0.00657    CDp =  0.04140

 Side 1  free  transition at x/c =  0.3085   54
 Side 2 forced transition at x/c =  1.0000   64

   4   rms: 0.1285E-02   max: -.5683E-02   D at   56  1
       a = 13.750      CL =  1.6942
      Cm = -0.1077     CD =  0.04796   =>   CDf =  0.00651    CDp =  0.04145

 Side 1  free  transition at x/c =  0.3083   54
 Side 2 forced transition at x/c =  1.0000   64

   5   rms: 0.9345E-04   max: -.5251E-03   D at   78  2
       a = 13.750      CL =  1.6943
      Cm = -0.1077     CD =  0.04797   =>   CDf =  0.00652    CDp =  0.04145
 plradd ia,ip,cpol           21           0  1.25403143E-03

 Point added to stored polar  1
 Point written to save file  fx76mp140_Re150k.base.pol                       
 Dump file unspecified or not available
 Calculating wake trajectory ...
 Calculating source influence matrix ...

 Solving BL system ...

 Side 1  free  transition at x/c =  0.3083   54
 Side 2 forced transition at x/c =  1.0000   64

   1   rms: 0.3533E-01   max: -.1999E+00   D at   55  1   RLX: 0.499
       a = 14.000      CL =  1.6976
      Cm = -0.1070     CD =  0.04875   =>   CDf =  0.00652    CDp =  0.04223

 Side 1  free  transition at x/c =  0.3027   53
 Side 2 forced transition at x/c =  1.0000   64

   2   rms: 0.2162E-01   max: 0.9442E-01   D at   75  1
       a = 14.000      CL =  1.6897
      Cm = -0.1058     CD =  0.05076   =>   CDf =  0.00656    CDp =  0.04419

 Side 1  free  transition at x/c =  0.2948   53
 Side 2 forced transition at x/c =  1.0000   64

   3   rms: 0.6450E-02   max: -.3889E-01   C at   53  1
       a = 14.000      CL =  1.6915
      Cm = -0.1057     CD =  0.05026   =>   CDf =  0.00651    CDp =  0.04375

 Side 1  free  transition at x/c =  0.2959   53
 Side 2 forced transition at x/c =  1.0000   64

   4   rms: 0.8552E-03   max: -.3289E-02   D at   79  2
       a = 14.000      CL =  1.6922
      Cm = -0.1058     CD =  0.05027   =>   CDf =  0.00647    CDp =  0.04380

 Side 1  free  transition at x/c =  0.2957   53
 Side 2 forced transition at x/c =  1.0000   64

   5   rms: 0.5236E-04   max: -.3459E-03   D at   79  2
       a = 14.000      CL =  1.6922
      Cm = -0.1058     CD =  0.05027   =>   CDf =  0.00647    CDp =  0.04380
 plradd ia,ip,cpol           22           0  1.25403143E-03

 Point added to stored polar  1
 Point written to save file  fx76mp140_Re150k.base.pol                       
 Dump file unspecified or not available
 Calculating wake trajectory ...
 Calculating source influence matrix ...

 Solving BL system ...

 Side 1  free  transition at x/c =  0.2957   53
 Side 2 forced transition at x/c =  1.0000   64

   1   rms: 0.3351E-01   max: -.1407E+00   D at   54  1   RLX: 0.481
       a = 14.250      CL =  1.6921
      Cm = -0.1050     CD =  0.05145   =>   CDf =  0.00647    CDp =  0.04497

 Side 1  free  transition at x/c =  0.2899   53
 Side 2 forced transition at x/c =  1.0000   64

   2   rms: 0.2048E-01   max: -.1295E+00   D at   53  1
       a = 14.250      CL =  1.7010
      Cm = -0.1044     CD =  0.05158   =>   CDf =  0.00656    CDp =  0.04502

 Side 1  free  transition at x/c =  0.2844   52
 Side 2 forced transition at x/c =  1.0000   64

   3   rms: 0.1237E-01   max: 0.6370E-01   D at   78  1
       a = 14.250      CL =  1.6925
      Cm = -0.1042     CD =  0.05260   =>   CDf =  0.00651    CDp =  0.04609

 Side 1  free  transition at x/c =  0.2837   52
 Side 2 forced transition at x/c =  1.0000   64

   4   rms: 0.5361E-03   max: 0.5536E-02   D at   79  2
       a = 14.250      CL =  1.6922
      Cm = -0.1041     CD =  0.05247   =>   CDf =  0.00646    CDp =  0.04601

 Side 1  free  transition at x/c =  0.2838   52
 Side 2 forced transition at x/c =  1.0000   64

   5   rms: 0.1638E-04   max: 0.1819E-03   D at   79  2
       a = 14.250      CL =  1.6921
      Cm = -0.1041     CD =  0.05247   =>   CDf =  0.00646    CDp =  0.04601
 plradd ia,ip,cpol           23           0  1.25403143E-03

 Point added to stored polar  1
 Point written to save file  fx76mp140_Re150k.base.pol                       
 Dump file unspecified or not available
 Calculating wake trajectory ...
 Calculating source influence matrix ...

 Solving BL system ...

 Side 1  free  transition at x/c =  0.2838   52
 Side 2 forced transition at x/c =  1.0000   64

   1   rms: 0.3402E-01   max: 0.1654E+00   T at   52  1   RLX: 0.466
       a = 14.500      CL =  1.6906
      Cm = -0.1034     CD =  0.05385   =>   CDf =  0.00647    CDp =  0.04738

 Side 1  free  transition at x/c =  0.2777   52
 Side 2 forced transition at x/c =  1.0000   64

   2   rms: 0.1709E-01   max: -.9494E-01   D at   52  1
       a = 14.500      CL =  1.6928
      Cm = -0.1025     CD =  0.05474   =>   CDf =  0.00648    CDp =  0.04825

 Side 1  free  transition at x/c =  0.2726   51
 Side 2 forced transition at x/c =  1.0000   64

   3   rms: 0.2431E-02   max: -.2058E-01   C at   51  1
       a = 14.500      CL =  1.6933
      Cm = -0.1025     CD =  0.05454   =>   CDf =  0.00654    CDp =  0.04800

 Side 1  free  transition at x/c =  0.2727   51
 Side 2 forced transition at x/c =  1.0000   64

   4   rms: 0.2442E-03   max: -.1406E-02   D at   79  2
       a = 14.500      CL =  1.6935
      Cm = -0.1025     CD =  0.05455   =>   CDf =  0.00652    CDp =  0.04804

 Side 1  free  transition at x/c =  0.2727   51
 Side 2 forced transition at x/c =  1.0000   64

   5   rms: 0.9548E-05   max: 0.1296E-03   C at   64  2
       a = 14.500      CL =  1.6936
      Cm = -0.1025     CD =  0.05456   =>   CDf =  0.00652    CDp =  0.04804
 plradd ia,ip,cpol           24           0  1.25403143E-03

 Point added to stored polar  1
 Point written to save file  fx76mp140_Re150k.base.pol                       
 Dump file unspecified or not available
 Calculating wake trajectory ...
 Calculating source influence matrix ...

 Solving BL system ...

 Side 1  free  transition at x/c =  0.2727   51
 Side 2 forced transition at x/c =  1.0000   64

   1   rms: 0.3745E-01   max: 0.1645E+00   T at   51  1   RLX: 0.454
       a = 14.750      CL =  1.6904
      Cm = -0.1019     CD =  0.05619   =>   CDf =  0.00652    CDp =  0.04966

 Side 1  free  transition at x/c =  0.2669   51
 Side 2 forced transition at x/c =  1.0000   64

   2   rms: 0.1770E-01   max: 0.8090E-01   T at   51  1
       a = 14.750      CL =  1.6899
      Cm = -0.1011     CD =  0.05748   =>   CDf =  0.00645    CDp =  0.05103

 Side 1  free  transition at x/c =  0.2609   51
 Side 2 forced transition at x/c =  1.0000   64

   3   rms: 0.3954E-02   max: -.2969E-01   D at   51  1
       a = 14.750      CL =  1.6904
      Cm = -0.1010     CD =  0.05716   =>   CDf =  0.00646    CDp =  0.05070

 Side 1  free  transition at x/c =  0.2616   51
 Side 2 forced transition at x/c =  1.0000   64

   4   rms: 0.5837E-03   max: -.2269E-02   D at   79  2
       a = 14.750      CL =  1.6909
      Cm = -0.1010     CD =  0.05717   =>   CDf =  0.00642    CDp =  0.05075

 Side 1  free  transition at x/c =  0.2615   51
 Side 2 forced transition at x/c =  1.0000   64

   5   rms: 0.4277E-04   max: -.2919E-03   D at   79  2
       a = 14.750      CL =  1.6909
      Cm = -0.1010     CD =  0.05717   =>   CDf =  0.00643    CDp =  0.05075
 plradd ia,ip,cpol           25           0  1.25403143E-03

 Point added to stored polar  1
 Point written to save file  fx76mp140_Re150k.base.pol                       
 Dump file unspecified or not available
 Calculating wake trajectory ...
 Calculating source influence matrix ...

 Solving BL system ...

 Side 1  free  transition at x/c =  0.2615   51
 Side 2 forced transition at x/c =  1.0000   64

   1   rms: 0.3357E-01   max: -.1696E+00   D at   52  1   RLX: 0.445
       a = 15.000      CL =  1.6923
      Cm = -0.1004     CD =  0.05818   =>   CDf =  0.00643    CDp =  0.05175

 Side 1  free  transition at x/c =  0.2571   50
 Side 2 forced transition at x/c =  1.0000   64

   2   rms: 0.2000E-01   max: 0.9310E-01   T at   50  1
       a = 15.000      CL =  1.6882
      Cm = -0.0997     CD =  0.06018   =>   CDf =  0.00650    CDp =  0.05367

 Side 1  free  transition at x/c =  0.2502   50
 Side 2 forced transition at x/c =  1.0000   64

   3   rms: 0.4501E-02   max: -.2889E-01   C at   50  1
       a = 15.000      CL =  1.6891
      Cm = -0.0996     CD =  0.05971   =>   CDf =  0.00640    CDp =  0.05331

 Side 1  free  transition at x/c =  0.2510   50
 Side 2 forced transition at x/c =  1.0000   64

   4   rms: 0.6208E-03   max: -.2699E-02   D at   79  2
       a = 15.000      CL =  1.6896
      Cm = -0.0996     CD =  0.05973   =>   CDf =  0.00637    CDp =  0.05335

 Side 1  free  transition at x/c =  0.2509   50
 Side 2 forced transition at x/c =  1.0000   64

   5   rms: 0.3656E-04   max: -.2866E-03   D at   80  2
       a = 15.000      CL =  1.6896
      Cm = -0.0996     CD =  0.05973   =>   CDf =  0.00637    CDp =  0.05336
 plradd ia,ip,cpol           26           0  6.14091230E-04

 Point added to stored polar  1
 Point written to save file  fx76mp140_Re150k.base.pol                       
 Dump file unspecified or not available
 Calculating wake trajectory ...
 Calculating source influence matrix ...

 Solving BL system ...

 Side 1  free  transition at x/c =  0.2509   50
 Side 2 forced transition at x/c =  1.0000   64

   1   rms: 0.3188E-01   max: 0.1184E+00   D at   72  1   RLX: 0.432
       a = 15.250      CL =  1.6889
      Cm = -0.0991     CD =  0.06107   =>   CDf =  0.00638    CDp =  0.05469

 Side 1  free  transition at x/c =  0.2460   50
 Side 2 forced transition at x/c =  1.0000   64

   2   rms: 0.1750E-01   max: -.9473E-01   D at   50  1
       a = 15.250      CL =  1.6907
      Cm = -0.0984     CD =  0.06218   =>   CDf =  0.00584    CDp =  0.05634

 Side 1  free  transition at x/c =  0.2412   50
 Side 2 forced transition at x/c =  1.0000   63

   3   rms: 0.6893E-02   max: -.1162E+00   D at    2  1
       a = 15.250      CL =  1.6902
      Cm = -0.0984     CD =  0.06207   =>   CDf =  0.00643    CDp =  0.05564

 Side 1  free  transition at x/c =  0.2411   50
 Side 2 forced transition at x/c =  1.0000   63

   4   rms: 0.2419E-02   max: -.3264E-01   D at    4  1
       a = 15.250      CL =  1.6903
      Cm = -0.0984     CD =  0.06207   =>   CDf =  0.00641    CDp =  0.05567

 Side 1  free  transition at x/c =  0.2410   50
 Side 2 forced transition at x/c =  1.0000   63

   5   rms: 0.2123E-04   max: -.2040E-03   D at    7  1
       a = 15.250      CL =  1.6903
      Cm = -0.0984     CD =  0.06207   =>   CDf =  0.00641    CDp =  0.05567
 plradd ia,ip,cpol           27           0  1.25403143E-03

 Point added to stored polar  1
 Point written to save file  fx76mp140_Re150k.base.pol                       
 Dump file unspecified or not available
 Calculating wake trajectory ...
 Calculating source influence matrix ...

 Solving BL system ...

 Side 1  free  transition at x/c =  0.2410   50
 Side 2 forced transition at x/c =  1.0000   63

   1   rms: 0.3391E-01   max: 0.1541E+00   T at   50  1   RLX: 0.421
       a = 15.500      CL =  1.6885
      Cm = -0.0980     CD =  0.06362   =>   CDf =  0.00641    CDp =  0.05721

 Side 1  free  transition at x/c =  0.2364   50
 Side 2 forced transition at x/c =  1.0000   63

   2   rms: 0.1802E-01   max: 0.8250E-01   T at   50  1
       a = 15.500      CL =  1.6876
      Cm = -0.0973     CD =  0.06524   =>   CDf =  0.00633    CDp =  0.05890

 Side 1  free  transition at x/c =  0.2305   50
 Side 2 forced transition at x/c =  1.0000   63

   3   rms: 0.3528E-02   max: -.2948E-01   C at   50  1
       a = 15.500      CL =  1.6872
      Cm = -0.0972     CD =  0.06494   =>   CDf =  0.00633    CDp =  0.05861

 Side 1  free  transition at x/c =  0.2313   50
 Side 2 forced transition at x/c =  1.0000   63

   4   rms: 0.5901E-03   max: -.2626E-02   D at   75  1
       a = 15.500      CL =  1.6876
      Cm = -0.0972     CD =  0.06493   =>   CDf =  0.00629    CDp =  0.05864

 Side 1  free  transition at x/c =  0.2312   50
 Side 2 forced transition at x/c =  1.0000   63

   5   rms: 0.4912E-04   max: -.3778E-03   D at   79  2
       a = 15.500      CL =  1.6876
      Cm = -0.0972     CD =  0.06494   =>   CDf =  0.00629    CDp =  0.05864
 plradd ia,ip,cpol           28           0  6.14091230E-04

 Point added to stored polar  1
 Point written to save file  fx76mp140_Re150k.base.pol                       
 Dump file unspecified or not available
 Calculating wake trajectory ...
 Calculating source influence matrix ...

 Solving BL system ...

 Side 1  free  transition at x/c =  0.2312   50
 Side 2 forced transition at x/c =  1.0000   63

   1   rms: 0.3188E-01   max: -.1489E+00   D at   51  1   RLX: 0.412
       a = 15.750      CL =  1.6881
      Cm = -0.0968     CD =  0.06607   =>   CDf =  0.00630    CDp =  0.05978

 Side 1  free  transition at x/c =  0.2273   50
 Side 2 forced transition at x/c =  1.0000   63

   2   rms: 0.2033E-01   max: -.1305E+00   D at   50  1
       a = 15.750      CL =  1.6934
      Cm = -0.0961     CD =  0.06677   =>   CDf =  0.00638    CDp =  0.06040

 Side 1  free  transition at x/c =  0.2217   49
 Side 2 forced transition at x/c =  1.0000   63

   3   rms: 0.1176E-01   max: 0.6146E-01   D at   75  1
       a = 15.750      CL =  1.6859
      Cm = -0.0962     CD =  0.06793   =>   CDf =  0.00630    CDp =  0.06163

 Side 1  free  transition at x/c =  0.2217   49
 Side 2 forced transition at x/c =  1.0000   63

   4   rms: 0.6137E-03   max: 0.5960E-02   D at   79  2
       a = 15.750      CL =  1.6856
      Cm = -0.0962     CD =  0.06776   =>   CDf =  0.00624    CDp =  0.06151

 Side 1  free  transition at x/c =  0.2217   49
 Side 2 forced transition at x/c =  1.0000   63

   5   rms: 0.1668E-04   max: -.8917E-04   C at   63  2
       a = 15.750      CL =  1.6856
      Cm = -0.0962     CD =  0.06775   =>   CDf =  0.00624    CDp =  0.06151
 plradd ia,ip,cpol           29           0  6.14091230E-04

 Point added to stored polar  1
 Point written to save file  fx76mp140_Re150k.base.pol                       
 Dump file unspecified or not available
 Calculating wake trajectory ...
 Calculating source influence matrix ...

 Solving BL system ...

 Side 1  free  transition at x/c =  0.2217   49
 Side 2 forced transition at x/c =  1.0000   63

   1   rms: 0.3260E-01   max: 0.1260E+00   D at   72  1   RLX: 0.401
       a = 16.000      CL =  1.6844
      Cm = -0.0959     CD =  0.06920   =>   CDf =  0.00625    CDp =  0.06295

 Side 1  free  transition at x/c =  0.2174   49
 Side 2 forced transition at x/c =  1.0000   63

   2   rms: 0.1885E-01   max: -.8373E-01   D at   50  1
       a = 16.000      CL =  1.6832
      Cm = -0.0953     CD =  0.07094   =>   CDf =  0.00623    CDp =  0.06471

 Side 1  free  transition at x/c =  0.2120   49
 Side 2 forced transition at x/c =  1.0000   63

   3   rms: 0.3767E-02   max: -.3063E-01   D at   49  1
       a = 16.000      CL =  1.6831
      Cm = -0.0952     CD =  0.07053   =>   CDf =  0.00631    CDp =  0.06422

 Side 1  free  transition at x/c =  0.2125   49
 Side 2 forced transition at x/c =  1.0000   63

   4   rms: 0.7617E-03   max: -.3110E-02   D at   50  1
       a = 16.000      CL =  1.6837
      Cm = -0.0952     CD =  0.07052   =>   CDf =  0.00628    CDp =  0.06425

 Side 1  free  transition at x/c =  0.2124   49
 Side 2 forced transition at x/c =  1.0000   63

   5   rms: 0.6887E-04   max: -.4370E-03   D at   79  2
       a = 16.000      CL =  1.6837
      Cm = -0.0952     CD =  0.07053   =>   CDf =  0.00628    CDp =  0.06425
 plradd ia,ip,cpol           30           0  6.14091230E-04

 Point added to stored polar  1
 Point written to save file  fx76mp140_Re150k.base.pol                       
 Dump file unspecified or not available

.OPERva   c>  
 Polar accumulation disabled

.OPERv   c>  
 XFOIL   c>  
 XFOIL   c>  