
 ===================================================
  XFOIL Version 6.99
  Copyright (C) 2000   Mark Drela, Harold Youngren

  This software comes with ABSOLUTELY NO WARRANTY,
    subject to the GNU General Public License.

  Caveat computor
 ===================================================

 File  xfoil.def  not found

   QUIT    Exit program

  .OPER    Direct operating point(s)
  .MDES    Complex mapping design routine
  .QDES    Surface speed design routine
  .GDES    Geometry design routine

   SAVE f  Write airfoil to labeled coordinate file
   PSAV f  Write airfoil to plain coordinate file
   ISAV f  Write airfoil to ISES coordinate file
   MSAV f  Write airfoil to MSES coordinate file
   REVE    Reverse written-airfoil node ordering

   LOAD f  Read buffer airfoil from coordinate file
   NACA i  Set NACA 4,5-digit airfoil and buffer airfoil
   INTE    Set buffer airfoil by interpolating two airfoils
   NORM    Buffer airfoil normalization toggle
   XYCM rr Change CM reference location, currently  0.25000 0.00000

   BEND    Display structural properties of current airfoil

   PCOP    Set current-airfoil panel nodes directly from buffer airfoil points
   PANE    Set current-airfoil panel nodes ( 160 ) based on curvature
  .PPAR    Show/change paneling

  .PLOP    Plotting options

   WDEF f  Write  current-settings file
   RDEF f  Reread current-settings file
   NAME s  Specify new airfoil name
   NINC    Increment name version number

   Z       Zoom    | (available in all menus)
   U       Unzoom  | 

 XFOIL   c>  
 Labeled airfoil file.  Name:  FX 76-MP-120                                    

 Number of input coordinate points:  97
 Counterclockwise ordering
 Max thickness =     0.121121  at x =   0.339
 Max camber    =     0.075727  at x =   0.467

  LE  x,y  =  -0.00000   0.00003  |   Chord =   1.00000
  TE  x,y  =   1.00000   0.00000  |

 Current airfoil nodes set from buffer airfoil nodes (  97 )

 XFOIL   c>  
 XFOIL   c>  
 Sharp trailing edge

 Paneling parameters used...
   Number of panel nodes       160
   Panel bunching parameter    1.000
   TE/LE panel density ratio   0.150
   Refined-area/LE panel density ratio    0.200
   Top    side refined area x/c limits  1.000 1.000
   Bottom side refined area x/c limits  1.000 1.000

 XFOIL   c>  
.OPERi   c>  
 Xtr/c     =  1.0000    top    side
 Xtr/c     =  1.0000    bottom side
 Ncrit     =    9.00   ( 0.070 % turb. level )
 Vacc      =  0.0100

 Klag  =  5.6000     Uxwt  =    1.00
 A     =  6.7000     B     =  0.7500       KCt = 0.01485
 CtiniK=  1.8000     CtiniX=  3.3000

..VPAR   c>  
..VPAR   c>  
.OPERi   c>  
 M  =    0.0000
 Re =    300000

.OPERv   c>  
.OPERv   c>  
.OPERv   c>  
 Polar  1 newly created for accumulation
 Airfoil archived with polar: FX 76-MP-120                                    

Enter  polar save filename  OR  <return> for no file   s>  
 New polar save file available

Enter  polar dump filename  OR  <return> for no file   s>  
 Polar dump file will NOT be written

 Polar accumulation enabled

.OPERva   c>   Calculating unit vorticity distributions ...
 Calculating wake trajectory ...
 Calculating source influence matrix ...

 Solving BL system ...

 Initializing BL ...
    side            1  ...
 MRCHUE: Inverse mode at  54     Hk =   4.169
 MRCHUE: Inverse mode at  55     Hk =   4.697
 MRCHUE: Inverse mode at  56     Hk =   5.217
 MRCHUE: Inverse mode at  57     Hk =   5.730
 MRCHUE: Inverse mode at  58     Hk =   6.240
 MRCHUE: Inverse mode at  59     Hk =   6.747
 MRCHUE: Inverse mode at  60     Hk =   7.254
 MRCHUE: Inverse mode at  61     Hk =   7.760
 MRCHUE: Inverse mode at  62     Hk =   8.269
 MRCHUE: Inverse mode at  63     Hk =   8.779
 MRCHUE: Inverse mode at  64     Hk =   9.290
 MRCHUE: Inverse mode at  65     Hk =   9.163
 MRCHUE: Inverse mode at  66     Hk =   6.904
 MRCHUE: Inverse mode at  67     Hk =   5.525
 MRCHUE: Inverse mode at  68     Hk =   4.513
 MRCHUE: Inverse mode at  69     Hk =   3.715
 MRCHUE: Inverse mode at  70     Hk =   3.064
 MRCHUE: Convergence failed at  78  side 1    Res =  0.3556E+01
    side            2  ...
 MRCHUE: Inverse mode at  17     Hk =   3.969
 MRCHUE: Inverse mode at  18     Hk =   4.781
 MRCHUE: Inverse mode at  19     Hk =   5.646
 MRCHUE: Inverse mode at  20     Hk =   6.595
 MRCHUE: Inverse mode at  21     Hk =   7.656
 MRCHUE: Inverse mode at  22     Hk =   8.843
 MRCHUE: Inverse mode at  23     Hk =   9.940
 MRCHUE: Inverse mode at  24     Hk =   3.119
 MRCHUE: Inverse mode at  25     Hk =   2.500
 MRCHUE: Inverse mode at  26     Hk =   2.500
 MRCHUE: Convergence failed at  84  side 2    Res =  0.6976E+01

 MRCHDU: Convergence failed at  78  side 1    Res =  0.3395E+01
 Side 1  free  transition at x/c =  0.8292   65
 Side 2  free  transition at x/c =  0.0666   24

   1   rms: 0.2801E+01   max: 0.9195E+01   D at   24  2   RLX: 0.163
       a = -4.000      CL =  0.6236
      Cm = -0.2603     CD =  0.01307   =>   CDf =  0.00630    CDp =  0.00676

 Side 1  free  transition at x/c =  0.8220   65
 Side 2  free  transition at x/c =  0.0556   23

   2   rms: 0.6561E+00   max: -.2202E+01   D at   33  2   RLX: 0.227
       a = -4.000      CL =  0.5925
      Cm = -0.2506     CD =  0.01353   =>   CDf =  0.00503    CDp =  0.00849

 Side 1  free  transition at x/c =  0.8173   65
 Side 2  free  transition at x/c =  0.0546   23

   3   rms: 0.4205E+00   max: -.1687E+01   D at   32  2   RLX: 0.296
       a = -4.000      CL =  0.5685
      Cm = -0.2412     CD =  0.01552   =>   CDf =  0.00606    CDp =  0.00946

 Side 1  free  transition at x/c =  0.8151   64
 Side 2  free  transition at x/c =  0.0543   22

   4   rms: 0.2434E+01   max: -.1883E+02   T at   23  2   RLX: 0.027
       a = -4.000      CL =  0.5560
      Cm = -0.2393     CD =  0.01400   =>   CDf =  0.00650    CDp =  0.00749

 Side 1  free  transition at x/c =  0.8143   64
 Side 2  free  transition at x/c =  0.0524   22

   5   rms: 0.2885E+01   max: 0.9414E+01   D at   28  2   RLX: 0.159
       a = -4.000      CL =  0.5059
      Cm = -0.2226     CD =  0.02654   =>   CDf =  0.00498    CDp =  0.02156

 Side 1  free  transition at x/c =  0.8105   64
 Side 2  free  transition at x/c =  0.0493   22

   6   rms: 0.4686E+00   max: -.1365E+01   D at   42  2   RLX: 0.366
       a = -4.000      CL =  0.5024
      Cm = -0.2202     CD =  0.02176   =>   CDf =  0.00431    CDp =  0.01745

 Side 1  free  transition at x/c =  0.8034   64
 Side 2  free  transition at x/c =  0.0465   22

   7   rms: 0.6176E+00   max: -.1949E+01   D at   34  2   RLX: 0.257
       a = -4.000      CL =  0.5000
      Cm = -0.2187     CD =  0.01912   =>   CDf =  0.00478    CDp =  0.01434

 Side 1  free  transition at x/c =  0.8021   64
 Side 2  free  transition at x/c =  0.0468   22
 idif Ue xi dudx           1  0.13690001      3.15463543E-03   43.396458    
 Uenew xinew           2  6.93216966E-03  1.59740448E-04

   8   rms: 0.2250E+00   max: -.9104E+00   D at   31  2   RLX: 0.549
       a = -4.000      CL =  0.4894
      Cm = -0.2148     CD =  0.01818   =>   CDf =  0.00539    CDp =  0.01279

 Side 1  free  transition at x/c =  0.8004   62
 Side 2  free  transition at x/c =  0.0464   23

   9   rms: 0.9241E-01   max: -.5100E+00   D at   24  2   RLX: 0.980
       a = -4.000      CL =  0.4567
      Cm = -0.2060     CD =  0.01941   =>   CDf =  0.00602    CDp =  0.01339

 Side 1  free  transition at x/c =  0.7911   62
 Side 2  free  transition at x/c =  0.0449   23

  10   rms: 0.2876E-01   max: -.1919E+00   D at   65  1
       a = -4.000      CL =  0.4644
      Cm = -0.2068     CD =  0.01983   =>   CDf =  0.00625    CDp =  0.01358

 Side 1  free  transition at x/c =  0.7937   62
 Side 2  free  transition at x/c =  0.0450   23

  11   rms: 0.3977E-02   max: -.2011E-01   D at   64  1
       a = -4.000      CL =  0.4659
      Cm = -0.2071     CD =  0.01970   =>   CDf =  0.00634    CDp =  0.01335

 Side 1  free  transition at x/c =  0.7940   62
 Side 2  free  transition at x/c =  0.0451   23

  12   rms: 0.1946E-03   max: 0.1041E-02   D at   23  2
       a = -4.000      CL =  0.4659
      Cm = -0.2071     CD =  0.01970   =>   CDf =  0.00635    CDp =  0.01335

 Side 1  free  transition at x/c =  0.7940   62
 Side 2  free  transition at x/c =  0.0451   23

  13   rms: 0.2008E-05   max: -.9491E-05   T at   62  1
       a = -4.000      CL =  0.4659
      Cm = -0.2071     CD =  0.01970   =>   CDf =  0.00635    CDp =  0.01335
 plradd ia,ip,cpol            1           0  2.79949745E-03

 Point added to stored polar  1
 Point written to save file  fx76mp120_Re300k.base.pol                       
 Dump file unspecified or not available
 Calculating wake trajectory ...
 Calculating source influence matrix ...

 Solving BL system ...

 Side 1  free  transition at x/c =  0.7940   62
 Side 2  free  transition at x/c =  0.0451   23

   1   rms: 0.2852E+00   max: -.1198E+01   T at   23  2   RLX: 0.417
       a = -3.500      CL =  0.4880
      Cm = -0.2080     CD =  0.01745   =>   CDf =  0.00638    CDp =  0.01107

 Side 1  free  transition at x/c =  0.7917   63
 Side 2  free  transition at x/c =  0.0500   22

   2   rms: 0.7038E-01   max: -.6391E+00   D at    2  1   RLX: 0.782
       a = -3.500      CL =  0.5130
      Cm = -0.2079     CD =  0.01894   =>   CDf =  0.00629    CDp =  0.01265

 Side 1  free  transition at x/c =  0.7896   63
 Side 2  free  transition at x/c =  0.0519   22

   3   rms: 0.2010E-01   max: -.8283E-01   T at   22  2
       a = -3.500      CL =  0.5226
      Cm = -0.2079     CD =  0.01869   =>   CDf =  0.00644    CDp =  0.01224

 Side 1  free  transition at x/c =  0.7893   63
 Side 2  free  transition at x/c =  0.0527   22

   4   rms: 0.1391E-02   max: -.6331E-02   D at   26  2
       a = -3.500      CL =  0.5226
      Cm = -0.2079     CD =  0.01869   =>   CDf =  0.00653    CDp =  0.01216

 Side 1  free  transition at x/c =  0.7893   63
 Side 2  free  transition at x/c =  0.0527   22

   5   rms: 0.3561E-05   max: 0.1762E-04   D at   24  2
       a = -3.500      CL =  0.5227
      Cm = -0.2079     CD =  0.01869   =>   CDf =  0.00653    CDp =  0.01216
 plradd ia,ip,cpol            2           0  4.49618278E-03

 Point added to stored polar  1
 Point written to save file  fx76mp120_Re300k.base.pol                       
 Dump file unspecified or not available
 Calculating wake trajectory ...
 Calculating source influence matrix ...

 Solving BL system ...

 Side 1  free  transition at x/c =  0.7893   63
 Side 2  free  transition at x/c =  0.0527   22

   1   rms: 0.1089E+00   max: -.8738E+00   T at   22  2   RLX: 0.572
       a = -3.000      CL =  0.5575
      Cm = -0.2084     CD =  0.01810   =>   CDf =  0.00654    CDp =  0.01156

 Side 1  free  transition at x/c =  0.7870   63
 Side 2  free  transition at x/c =  0.0585   23

   2   rms: 0.7205E-01   max: 0.7439E+00   D at   23  2
       a = -3.000      CL =  0.5840
      Cm = -0.2093     CD =  0.01735   =>   CDf =  0.00685    CDp =  0.01050

 Side 1  free  transition at x/c =  0.7858   64
 Side 2  free  transition at x/c =  0.0621   22

   3   rms: 0.1036E-01   max: 0.7691E-01   D at   23  2
       a = -3.000      CL =  0.5839
      Cm = -0.2092     CD =  0.01752   =>   CDf =  0.00681    CDp =  0.01071

 Side 1  free  transition at x/c =  0.7857   64
 Side 2  free  transition at x/c =  0.0618   22

   4   rms: 0.6167E-03   max: 0.6524E-02   D at    4  1
       a = -3.000      CL =  0.5838
      Cm = -0.2092     CD =  0.01752   =>   CDf =  0.00680    CDp =  0.01072

 Side 1  free  transition at x/c =  0.7857   64
 Side 2  free  transition at x/c =  0.0618   22

   5   rms: 0.1676E-05   max: 0.6607E-05   T at   64  1
       a = -3.000      CL =  0.5838
      Cm = -0.2092     CD =  0.01752   =>   CDf =  0.00680    CDp =  0.01072
 plradd ia,ip,cpol            3           0  4.49618278E-03

 Point added to stored polar  1
 Point written to save file  fx76mp120_Re300k.base.pol                       
 Dump file unspecified or not available
 Calculating wake trajectory ...
 Calculating source influence matrix ...

 Solving BL system ...

 Side 1  free  transition at x/c =  0.7857   64
 Side 2  free  transition at x/c =  0.0618   22

   1   rms: 0.9655E-01   max: -.7677E+00   T at   22  2   RLX: 0.651
       a = -2.500      CL =  0.6239
      Cm = -0.2100     CD =  0.01723   =>   CDf =  0.00681    CDp =  0.01043

 Side 1  free  transition at x/c =  0.7839   63
 Side 2  free  transition at x/c =  0.0679   23

   2   rms: 0.5392E-01   max: 0.2905E+00   T at   63  1
       a = -2.500      CL =  0.6214
      Cm = -0.2062     CD =  0.01698   =>   CDf =  0.00698    CDp =  0.01000

 Side 1  free  transition at x/c =  0.7767   63
 Side 2  free  transition at x/c =  0.0699   23

   3   rms: 0.1474E-01   max: -.7424E-01   D at   65  1
       a = -2.500      CL =  0.6290
      Cm = -0.2076     CD =  0.01692   =>   CDf =  0.00687    CDp =  0.01005

 Side 1  free  transition at x/c =  0.7781   63
 Side 2  free  transition at x/c =  0.0705   23

   4   rms: 0.1029E-02   max: -.4207E-02   T at   23  2
       a = -2.500      CL =  0.6295
      Cm = -0.2077     CD =  0.01691   =>   CDf =  0.00688    CDp =  0.01002

 Side 1  free  transition at x/c =  0.7782   63
 Side 2  free  transition at x/c =  0.0706   23

   5   rms: 0.7381E-05   max: -.4220E-04   T at   23  2
       a = -2.500      CL =  0.6295
      Cm = -0.2077     CD =  0.01691   =>   CDf =  0.00688    CDp =  0.01002
 plradd ia,ip,cpol            4           0  4.49618278E-03

 Point added to stored polar  1
 Point written to save file  fx76mp120_Re300k.base.pol                       
 Dump file unspecified or not available
 Calculating wake trajectory ...
 Calculating source influence matrix ...

 Solving BL system ...

 Side 1  free  transition at x/c =  0.7782   63
 Side 2  free  transition at x/c =  0.0706   23

   1   rms: 0.9326E-01   max: -.8330E+00   T at   23  2   RLX: 0.600
       a = -2.000      CL =  0.6614
      Cm = -0.2076     CD =  0.01667   =>   CDf =  0.00687    CDp =  0.00981

 Side 1  free  transition at x/c =  0.7745   64
 Side 2  free  transition at x/c =  0.0764   22

   2   rms: 0.8975E-01   max: -.4698E+00   T at    2  1
       a = -2.000      CL =  0.6881
      Cm = -0.2082     CD =  0.01644   =>   CDf =  0.00688    CDp =  0.00956

 Side 1  free  transition at x/c =  0.7734   64
 Side 2  free  transition at x/c =  0.0830   23

   3   rms: 0.1879E-01   max: 0.2024E+00   D at   23  2
       a = -2.000      CL =  0.6880
      Cm = -0.2083     CD =  0.01620   =>   CDf =  0.00701    CDp =  0.00920

 Side 1  free  transition at x/c =  0.7734   64
 Side 2  free  transition at x/c =  0.0826   23

   4   rms: 0.1338E-02   max: 0.1038E-01   D at   23  2
       a = -2.000      CL =  0.6880
      Cm = -0.2083     CD =  0.01621   =>   CDf =  0.00701    CDp =  0.00921

 Side 1  free  transition at x/c =  0.7734   64
 Side 2  free  transition at x/c =  0.0826   23

   5   rms: 0.2202E-05   max: 0.2343E-04   T at   23  2
       a = -2.000      CL =  0.6880
      Cm = -0.2083     CD =  0.01621   =>   CDf =  0.00701    CDp =  0.00921
 plradd ia,ip,cpol            5           0  6.54178672E-03

 Point added to stored polar  1
 Point written to save file  fx76mp120_Re300k.base.pol                       
 Dump file unspecified or not available
 Calculating wake trajectory ...
 Calculating source influence matrix ...

 Solving BL system ...

 Side 1  free  transition at x/c =  0.7734   64
 Side 2  free  transition at x/c =  0.0826   23

   1   rms: 0.1351E+00   max: -.1068E+01   T at   23  2   RLX: 0.468
       a = -1.500      CL =  0.7162
      Cm = -0.2089     CD =  0.01565   =>   CDf =  0.00701    CDp =  0.00863

 Side 1  free  transition at x/c =  0.7716   64
 Side 2  free  transition at x/c =  0.0900   23

   2   rms: 0.7739E-01   max: -.4336E+00   T at   23  2
       a = -1.500      CL =  0.7503
      Cm = -0.2095     CD =  0.01569   =>   CDf =  0.00698    CDp =  0.00871

 Side 1  free  transition at x/c =  0.7700   64
 Side 2  free  transition at x/c =  0.1001   23

   3   rms: 0.2280E-01   max: 0.2039E+00   D at   23  2
       a = -1.500      CL =  0.7433
      Cm = -0.2084     CD =  0.01574   =>   CDf =  0.00706    CDp =  0.00869

 Side 1  free  transition at x/c =  0.7684   64
 Side 2  free  transition at x/c =  0.0978   23

   4   rms: 0.2375E-02   max: 0.1522E-01   D at    4  1
       a = -1.500      CL =  0.7443
      Cm = -0.2086     CD =  0.01574   =>   CDf =  0.00703    CDp =  0.00871

 Side 1  free  transition at x/c =  0.7686   64
 Side 2  free  transition at x/c =  0.0978   23

   5   rms: 0.3059E-04   max: 0.1620E-03   D at   23  2
       a = -1.500      CL =  0.7443
      Cm = -0.2086     CD =  0.01574   =>   CDf =  0.00704    CDp =  0.00870
 plradd ia,ip,cpol            6           0  0.39635265    

 Point added to stored polar  1
 Point written to save file  fx76mp120_Re300k.base.pol                       
 Dump file unspecified or not available
 Calculating wake trajectory ...
 Calculating source influence matrix ...

 Solving BL system ...

 Side 1  free  transition at x/c =  0.7686   64
 Side 2  free  transition at x/c =  0.0978   23

   1   rms: 0.1103E+00   max: -.8454E+00   T at   23  2   RLX: 0.591
       a = -1.000      CL =  0.7640
      Cm = -0.2065     CD =  0.01570   =>   CDf =  0.00704    CDp =  0.00866

 Side 1  free  transition at x/c =  0.7617   64
 Side 2  free  transition at x/c =  0.1081   23

   2   rms: 0.6223E-01   max: -.4647E+00   T at   23  2
       a = -1.000      CL =  0.7939
      Cm = -0.2075     CD =  0.01570   =>   CDf =  0.00700    CDp =  0.00870

 Side 1  free  transition at x/c =  0.7614   64
 Side 2  free  transition at x/c =  0.1203   24

   3   rms: 0.2530E-01   max: 0.4447E+00   D at   24  2
       a = -1.000      CL =  0.7940
      Cm = -0.2077     CD =  0.01547   =>   CDf =  0.00695    CDp =  0.00852

 Side 1  free  transition at x/c =  0.7613   64
 Side 2  free  transition at x/c =  0.1202   24

   4   rms: 0.4785E-02   max: 0.5648E-01   D at   24  2
       a = -1.000      CL =  0.7940
      Cm = -0.2077     CD =  0.01549   =>   CDf =  0.00695    CDp =  0.00854

 Side 1  free  transition at x/c =  0.7613   64
 Side 2  free  transition at x/c =  0.1196   24

   5   rms: 0.4247E-04   max: 0.5385E-03   T at   24  2
       a = -1.000      CL =  0.7940
      Cm = -0.2077     CD =  0.01549   =>   CDf =  0.00696    CDp =  0.00853
 plradd ia,ip,cpol            7           0  0.36599803    

 Point added to stored polar  1
 Point written to save file  fx76mp120_Re300k.base.pol                       
 Dump file unspecified or not available
 Calculating wake trajectory ...
 Calculating source influence matrix ...

 Solving BL system ...

 Side 1  free  transition at x/c =  0.7613   64
 Side 2  free  transition at x/c =  0.1196   24

   1   rms: 0.1040E+00   max: -.9955E+00   T at   24  2   RLX: 0.502
       a = -0.500      CL =  0.8231
      Cm = -0.2080     CD =  0.01532   =>   CDf =  0.00696    CDp =  0.00835

 Side 1  free  transition at x/c =  0.7586   64
 Side 2  free  transition at x/c =  0.1367   25

   2   rms: 0.6453E-01   max: 0.5369E+00   D at   25  2
       a = -0.500      CL =  0.8552
      Cm = -0.2089     CD =  0.01498   =>   CDf =  0.00688    CDp =  0.00810

 Side 1  free  transition at x/c =  0.7568   65
 Side 2  free  transition at x/c =  0.1565   25

   3   rms: 0.1232E-01   max: -.1230E+00   D at   24  2
       a = -0.500      CL =  0.8558
      Cm = -0.2090     CD =  0.01496   =>   CDf =  0.00694    CDp =  0.00803

 Side 1  free  transition at x/c =  0.7569   65
 Side 2  free  transition at x/c =  0.1614   26

   4   rms: 0.7066E-02   max: -.8725E-01   D at   25  2
       a = -0.500      CL =  0.8558
      Cm = -0.2090     CD =  0.01494   =>   CDf =  0.00693    CDp =  0.00800

 Side 1  free  transition at x/c =  0.7569   65
 Side 2  free  transition at x/c =  0.1625   26

   5   rms: 0.7541E-03   max: 0.8623E-02   C at   26  2
       a = -0.500      CL =  0.8558
      Cm = -0.2090     CD =  0.01494   =>   CDf =  0.00691    CDp =  0.00803

 Side 1  free  transition at x/c =  0.7569   65
 Side 2  free  transition at x/c =  0.1623   26

   6   rms: 0.4896E-05   max: -.9453E-04   D at   27  2
       a = -0.500      CL =  0.8558
      Cm = -0.2090     CD =  0.01494   =>   CDf =  0.00691    CDp =  0.00803
 plradd ia,ip,cpol            8           0  0.33575755    

 Point added to stored polar  1
 Point written to save file  fx76mp120_Re300k.base.pol                       
 Dump file unspecified or not available
 Calculating wake trajectory ...
 Calculating source influence matrix ...

 Solving BL system ...

 Side 1  free  transition at x/c =  0.7569   65
 Side 2  free  transition at x/c =  0.1623   26

   1   rms: 0.1631E+00   max: -.1279E+01   T at   26  2   RLX: 0.391
       a =  0.000      CL =  0.8804
      Cm = -0.2097     CD =  0.01467   =>   CDf =  0.00691    CDp =  0.00776

 Side 1  free  transition at x/c =  0.7555   65
 Side 2  free  transition at x/c =  0.1881   27

   2   rms: 0.8758E-01   max: -.7686E+00   T at   27  2   RLX: 0.651
       a =  0.000      CL =  0.9068
      Cm = -0.2105     CD =  0.01467   =>   CDf =  0.00688    CDp =  0.00779

 Side 1  free  transition at x/c =  0.7543   64
 Side 2  free  transition at x/c =  0.2312   30

   3   rms: 0.7587E-01   max: -.1176E+01   C at   30  2   RLX: 0.425
       a =  0.000      CL =  0.9019
      Cm = -0.2090     CD =  0.01459   =>   CDf =  0.00677    CDp =  0.00781

 Side 1  free  transition at x/c =  0.7515   64
 Side 2  free  transition at x/c =  0.2382   30

   4   rms: 0.2905E-01   max: -.3032E+00   T at   30  2
       a =  0.000      CL =  0.9026
      Cm = -0.2077     CD =  0.01485   =>   CDf =  0.00673    CDp =  0.00813

 Side 1  free  transition at x/c =  0.7489   64
 Side 2  free  transition at x/c =  0.3252   36

   5   rms: 0.5815E-01   max: -.1004E+01   C at   36  2   RLX: 0.498
       a =  0.000      CL =  0.9008
      Cm = -0.2078     CD =  0.01460   =>   CDf =  0.00643    CDp =  0.00817

 Side 1  free  transition at x/c =  0.7491   64
 Side 2  free  transition at x/c =  0.3302   36

   6   rms: 0.2849E-01   max: 0.3847E+00   C at   36  2
       a =  0.000      CL =  0.9040
      Cm = -0.2082     CD =  0.01461   =>   CDf =  0.00629    CDp =  0.00832

 Side 1  free  transition at x/c =  0.7494   65
 Side 2  free  transition at x/c =  0.3065   34

   7   rms: 0.1204E-01   max: 0.1860E+00   C at   34  2
       a =  0.000      CL =  0.9041
      Cm = -0.2081     CD =  0.01465   =>   CDf =  0.00643    CDp =  0.00823

 Side 1  free  transition at x/c =  0.7494   65
 Side 2  free  transition at x/c =  0.2975   33

   8   rms: 0.3011E-03   max: 0.3842E-02   C at   33  2
       a =  0.000      CL =  0.9041
      Cm = -0.2081     CD =  0.01465   =>   CDf =  0.00645    CDp =  0.00820

 Side 1  free  transition at x/c =  0.7494   65
 Side 2  free  transition at x/c =  0.2973   33

   9   rms: 0.1607E-04   max: -.1965E-03   D at    4  1
       a =  0.000      CL =  0.9041
      Cm = -0.2081     CD =  0.01465   =>   CDf =  0.00645    CDp =  0.00820
 plradd ia,ip,cpol            9           0  0.32071328    

 Point added to stored polar  1
 Point written to save file  fx76mp120_Re300k.base.pol                       
 Dump file unspecified or not available
 Calculating wake trajectory ...
 Calculating source influence matrix ...

 Solving BL system ...

 Side 1  free  transition at x/c =  0.7494   65
 Side 2  free  transition at x/c =  0.2973   33

   1   rms: 0.3801E+00   max: -.7142E+01   C at   33  2   RLX: 0.070
       a =  0.500      CL =  0.9075
      Cm = -0.2081     CD =  0.01461   =>   CDf =  0.00646    CDp =  0.00815

 Side 1  free  transition at x/c =  0.7488   65
 Side 2  free  transition at x/c =  0.3182   35

   2   rms: 0.4237E+00   max: -.7706E+01   C at   35  2   RLX: 0.065
       a =  0.500      CL =  0.9108
      Cm = -0.2081     CD =  0.01455   =>   CDf =  0.00640    CDp =  0.00814

 Side 1  free  transition at x/c =  0.7484   65
 Side 2  free  transition at x/c =  0.3353   36

   3   rms: 0.4097E+00   max: -.7462E+01   C at   36  2   RLX: 0.067
       a =  0.500      CL =  0.9143
      Cm = -0.2082     CD =  0.01451   =>   CDf =  0.00636    CDp =  0.00815

 Side 1  free  transition at x/c =  0.7480   65
 Side 2  free  transition at x/c =  0.3522   37

   4   rms: 0.4258E+00   max: -.7819E+01   C at   37  2   RLX: 0.064
       a =  0.500      CL =  0.9174
      Cm = -0.2083     CD =  0.01447   =>   CDf =  0.00632    CDp =  0.00815

 Side 1  free  transition at x/c =  0.7476   65
 Side 2  free  transition at x/c =  0.3683   38

   5   rms: 0.4503E+00   max: -.8300E+01   C at   38  2   RLX: 0.060
       a =  0.500      CL =  0.9202
      Cm = -0.2084     CD =  0.01443   =>   CDf =  0.00627    CDp =  0.00815

 Side 1  free  transition at x/c =  0.7473   65
 Side 2  free  transition at x/c =  0.3840   39

   6   rms: 0.4781E+00   max: -.8805E+01   C at   39  2   RLX: 0.057
       a =  0.500      CL =  0.9227
      Cm = -0.2084     CD =  0.01438   =>   CDf =  0.00623    CDp =  0.00816

 Side 1  free  transition at x/c =  0.7471   65
 Side 2  free  transition at x/c =  0.4001   40

   7   rms: 0.5282E+00   max: -.9705E+01   C at   40  2   RLX: 0.052
       a =  0.500      CL =  0.9248
      Cm = -0.2085     CD =  0.01434   =>   CDf =  0.00618    CDp =  0.00816

 Side 1  free  transition at x/c =  0.7468   65
 Side 2  free  transition at x/c =  0.4167   41

   8   rms: 0.5926E+00   max: -.1081E+02   C at   41  2   RLX: 0.046
       a =  0.500      CL =  0.9265
      Cm = -0.2086     CD =  0.01430   =>   CDf =  0.00613    CDp =  0.00817

 Side 1  free  transition at x/c =  0.7467   65
 Side 2  free  transition at x/c =  0.4347   42

   9   rms: 0.6658E+00   max: -.1196E+02   C at   42  2   RLX: 0.042
       a =  0.500      CL =  0.9280
      Cm = -0.2086     CD =  0.01425   =>   CDf =  0.00608    CDp =  0.00817

 Side 1  free  transition at x/c =  0.7465   65
 Side 2  free  transition at x/c =  0.4545   43

  10   rms: 0.7224E+00   max: -.1268E+02   C at   43  2   RLX: 0.039
       a =  0.500      CL =  0.9292
      Cm = -0.2086     CD =  0.01420   =>   CDf =  0.00602    CDp =  0.00818

 Side 1  free  transition at x/c =  0.7464   65
 Side 2  free  transition at x/c =  0.4766   44

  11   rms: 0.7545E+00   max: -.1284E+02   C at   44  2   RLX: 0.039
       a =  0.500      CL =  0.9304
      Cm = -0.2087     CD =  0.01416   =>   CDf =  0.00596    CDp =  0.00819

 Side 1  free  transition at x/c =  0.7463   65
 Side 2  free  transition at x/c =  0.5026   46

  12   rms: 0.7678E+00   max: -.1320E+02   C at   46  2   RLX: 0.038
       a =  0.500      CL =  0.9313
      Cm = -0.2086     CD =  0.01410   =>   CDf =  0.00589    CDp =  0.00820

 Side 1  free  transition at x/c =  0.7461   65
 Side 2  free  transition at x/c =  0.5276   48

  13   rms: 0.7508E+00   max: -.1313E+02   C at   48  2   RLX: 0.038
       a =  0.500      CL =  0.9321
      Cm = -0.2086     CD =  0.01404   =>   CDf =  0.00583    CDp =  0.00821

 Side 1  free  transition at x/c =  0.7460   65
 Side 2  free  transition at x/c =  0.5501   49

  14   rms: 0.7251E+00   max: -.1232E+02   C at   49  2   RLX: 0.041
       a =  0.500      CL =  0.9330
      Cm = -0.2085     CD =  0.01399   =>   CDf =  0.00577    CDp =  0.00822

 Side 1  free  transition at x/c =  0.7459   65
 Side 2  free  transition at x/c =  0.5760   51

  15   rms: 0.6988E+00   max: -.1205E+02   C at   51  2   RLX: 0.041
       a =  0.500      CL =  0.9337
      Cm = -0.2085     CD =  0.01394   =>   CDf =  0.00570    CDp =  0.00824

 Side 1  free  transition at x/c =  0.7458   65
 Side 2  free  transition at x/c =  0.5990   52

  16   rms: 0.6456E+00   max: -.1078E+02   C at   52  2   RLX: 0.046
       a =  0.500      CL =  0.9344
      Cm = -0.2084     CD =  0.01389   =>   CDf =  0.00563    CDp =  0.00826

 Side 1  free  transition at x/c =  0.7457   65
 Side 2  free  transition at x/c =  0.6266   54

  17   rms: 0.5665E+00   max: -.9533E+01   C at   54  2   RLX: 0.052
       a =  0.500      CL =  0.9349
      Cm = -0.2082     CD =  0.01383   =>   CDf =  0.00556    CDp =  0.00828

 Side 1  free  transition at x/c =  0.7456   65
 Side 2  free  transition at x/c =  0.6534   55

  18   rms: 0.4127E+00   max: -.6734E+01   C at   55  2   RLX: 0.074
       a =  0.500      CL =  0.9358
      Cm = -0.2080     CD =  0.01379   =>   CDf =  0.00549    CDp =  0.00830

 Side 1  free  transition at x/c =  0.7454   65
 Side 2  free  transition at x/c =  0.6927   58

  19   rms: 0.2964E+00   max: -.4901E+01   C at   58  2   RLX: 0.102
       a =  0.500      CL =  0.9362
      Cm = -0.2074     CD =  0.01371   =>   CDf =  0.00539    CDp =  0.00832

 Side 1  free  transition at x/c =  0.7452   65
 Side 2  free  transition at x/c =  0.7224   60

  20   rms: 0.1884E+00   max: -.3100E+01   C at   60  2   RLX: 0.161
       a =  0.500      CL =  0.9379
      Cm = -0.2071     CD =  0.01365   =>   CDf =  0.00534    CDp =  0.00832

 Side 1  free  transition at x/c =  0.7449   65
 Side 2  free  transition at x/c =  0.7489   61

  21   rms: 0.4764E-01   max: -.3866E+00   C at   61  2
       a =  0.500      CL =  0.9526
      Cm = -0.2066     CD =  0.01358   =>   CDf =  0.00529    CDp =  0.00829

 MRCHDU: Convergence failed at  70  side 2    Res =  0.1710E+01
 Side 1  free  transition at x/c =  0.7434   65
 Side 2  free  transition at x/c =  0.8821   70

  22   rms: 0.3250E-01   max: 0.3911E+00   D at   62  2
       a =  0.500      CL =  0.9444
      Cm = -0.2045     CD =  0.01334   =>   CDf =  0.00512    CDp =  0.00821

 Side 1  free  transition at x/c =  0.7434   65
 Side 2  free  transition at x/c =  0.8449   67

  23   rms: 0.1002E-01   max: -.8936E-01   D at   69  2
       a =  0.500      CL =  0.9479
      Cm = -0.2054     CD =  0.01345   =>   CDf =  0.00515    CDp =  0.00830

 Side 1  free  transition at x/c =  0.7434   65
 Side 2  free  transition at x/c =  0.8408   67

  24   rms: 0.2933E-03   max: 0.3349E-02   D at   70  2
       a =  0.500      CL =  0.9480
      Cm = -0.2054     CD =  0.01346   =>   CDf =  0.00514    CDp =  0.00831

 Side 1  free  transition at x/c =  0.7434   65
 Side 2  free  transition at x/c =  0.8407   67

  25   rms: 0.1547E-05   max: -.1444E-04   C at   67  2
       a =  0.500      CL =  0.9480
      Cm = -0.2054     CD =  0.01346   =>   CDf =  0.00514    CDp =  0.00831
 plradd ia,ip,cpol           10           0  0.32071328    

 Point added to stored polar  1
 Point written to save file  fx76mp120_Re300k.base.pol                       
 Dump file unspecified or not available
 Calculating wake trajectory ...
 Calculating source influence matrix ...

 Solving BL system ...

 Side 1  free  transition at x/c =  0.7434   65
 Side 2  free  transition at x/c =  0.8407   67

   1   rms: 0.1611E+00   max: -.2140E+01   C at   67  2   RLX: 0.234
       a =  1.000      CL =  0.9587
      Cm = -0.2047     CD =  0.01329   =>   CDf =  0.00515    CDp =  0.00814

 Side 1  free  transition at x/c =  0.7424   65
 Side 2  free  transition at x/c =  0.8801   70

   2   rms: 0.1617E+00   max: -.2503E+01   C at   70  2   RLX: 0.200
       a =  1.000      CL =  0.9661
      Cm = -0.2044     CD =  0.01318   =>   CDf =  0.00512    CDp =  0.00806

 Side 1  free  transition at x/c =  0.7417   65
 Side 2  free  transition at x/c =  0.9040   71

   3   rms: 0.1411E+00   max: -.2177E+01   C at   71  2   RLX: 0.230
       a =  1.000      CL =  0.9750
      Cm = -0.2047     CD =  0.01312   =>   CDf =  0.00503    CDp =  0.00809

 Side 1  free  transition at x/c =  0.7412   66
 Side 2  free  transition at x/c =  0.9312   72

   4   rms: 0.5530E+00   max: -.8332E+01   C at   72  2   RLX: 0.060
       a =  1.000      CL =  0.9799
      Cm = -0.2056     CD =  0.01308   =>   CDf =  0.00510    CDp =  0.00798

 Side 1  free  transition at x/c =  0.7411   66
 Side 2  free  transition at x/c =  0.9364   73

   5   rms: 0.3480E+00   max: -.5623E+01   C at   73  2   RLX: 0.089
       a =  1.000      CL =  0.9854
      Cm = -0.2063     CD =  0.01308   =>   CDf =  0.00511    CDp =  0.00797

 Side 1  free  transition at x/c =  0.7410   66
 Side 2  free  transition at x/c =  0.9472   73

   6   rms: 0.1906E+00   max: -.3004E+01   C at   73  2   RLX: 0.166
       a =  1.000      CL =  0.9920
      Cm = -0.2069     CD =  0.01306   =>   CDf =  0.00511    CDp =  0.00795

 Side 1  free  transition at x/c =  0.7407   66
 Side 2 forced transition at x/c =  1.0000   78

   7   rms: 0.4717E-01   max: -.3038E+00   D at   73  2
       a =  1.000      CL =  1.0178
      Cm = -0.2079     CD =  0.01303   =>   CDf =  0.00510    CDp =  0.00794

 Side 1  free  transition at x/c =  0.7396   65
 Side 2 forced transition at x/c =  1.0000   78

   8   rms: 0.2535E-01   max: 0.1205E+00   D at   67  1
       a =  1.000      CL =  1.0017
      Cm = -0.2048     CD =  0.01329   =>   CDf =  0.00521    CDp =  0.00808

 Side 1  free  transition at x/c =  0.7363   65
 Side 2 forced transition at x/c =  1.0000   78

   9   rms: 0.3299E-02   max: -.1683E-01   D at   66  1
       a =  1.000      CL =  1.0039
      Cm = -0.2052     CD =  0.01324   =>   CDf =  0.00512    CDp =  0.00812

 Side 1  free  transition at x/c =  0.7367   65
 Side 2 forced transition at x/c =  1.0000   78

  10   rms: 0.9606E-04   max: -.4065E-03   T at   65  1
       a =  1.000      CL =  1.0040
      Cm = -0.2053     CD =  0.01324   =>   CDf =  0.00512    CDp =  0.00811
 plradd ia,ip,cpol           11           0  0.29079983    

 Point added to stored polar  1
 Point written to save file  fx76mp120_Re300k.base.pol                       
 Dump file unspecified or not available
 Calculating wake trajectory ...
 Calculating source influence matrix ...

 Solving BL system ...

 Side 1  free  transition at x/c =  0.7367   65
 Side 2 forced transition at x/c =  1.0000   78

   1   rms: 0.8534E-01   max: -.2027E+00   n at   77  2
       a =  1.500      CL =  1.0461
      Cm = -0.2030     CD =  0.01364   =>   CDf =  0.00513    CDp =  0.00851

 Side 1  free  transition at x/c =  0.7256   64
 Side 2 forced transition at x/c =  1.0000   78

   2   rms: 0.1950E+00   max: -.1151E+01   T at   64  1   RLX: 0.434
       a =  1.500      CL =  1.0901
      Cm = -0.2100     CD =  0.01290   =>   CDf =  0.00519    CDp =  0.00771

 MRCHDU: Convergence failed at  67  side 1    Res =  0.3148E+01
 MRCHDU: Convergence failed at  68  side 1    Res =  0.1913E+02
 MRCHDU: Convergence failed at  69  side 1    Res =  0.5112E+01
 MRCHDU: Convergence failed at  70  side 1    Res =  0.9517E+01
 MRCHDU: Convergence failed at  71  side 1    Res =  0.1411E+02
 MRCHDU: Convergence failed at  72  side 1    Res =  0.1875E+02
 MRCHDU: Convergence failed at  73  side 1    Res =  0.2285E+02
 MRCHDU: Convergence failed at  74  side 1    Res =  0.2661E+02
 MRCHDU: Convergence failed at  75  side 1    Res =  0.2800E+02
 MRCHDU: Convergence failed at  76  side 1    Res =  0.2840E+02
 MRCHDU: Convergence failed at  77  side 1    Res =  0.2654E+02
 MRCHDU: Convergence failed at  78  side 1    Res =  0.2434E+02
 MRCHDU: Convergence failed at  79  side 1    Res =  0.2156E+02
 MRCHDU: Convergence failed at  80  side 1    Res =  0.1868E+02
 MRCHDU: Convergence failed at  81  side 1    Res =  0.1593E+02
 MRCHDU: Convergence failed at  82  side 1    Res =  0.1409E+02
 MRCHDU: Convergence failed at  83  side 1    Res =  0.1781E+02
 MRCHDU: Convergence failed at  84  side 1    Res =  0.2506E+02
 MRCHDU: Convergence failed at  85  side 1    Res =  0.6534E+02
 Side 1  free  transition at x/c =  0.7434   67
 Side 2 forced transition at x/c =  1.0000   77
 idif Ue xi dudx           1  0.25905272      2.30622292E-03   112.32771    
 Uenew xinew           2  5.57580665E-02  4.96387482E-04

   3   rms: 0.8674E+00   max: 0.5169E+01   D at   79  2   RLX: 0.290
       a =  1.500      CL =  1.1455
      Cm = -0.2812     CD =  0.00431   =>   CDf =  0.00488    CDp = -0.00057

 MRCHDU: Convergence failed at  80  side 2    Res =  0.2142E+02
 Side 1  free  transition at x/c =  0.7269   65
 Side 2 forced transition at x/c =  1.0000   78

   4   rms: 0.1867E+00   max: -.6252E+00   D at   80  2   RLX: 0.670
       a =  1.500      CL =  1.0676
      Cm = -0.2171     CD =  0.01237   =>   CDf =  0.00538    CDp =  0.00698

 Side 1  free  transition at x/c =  0.7335   65
 Side 2 forced transition at x/c =  1.0000   78

   5   rms: 0.9896E-01   max: 0.6551E+00   D at   84  1
       a =  1.500      CL =  1.0989
      Cm = -0.2143     CD =  0.01287   =>   CDf =  0.00544    CDp =  0.00743

 Side 1  free  transition at x/c =  0.7294   66
 Side 2 forced transition at x/c =  1.0000   77

   6   rms: 0.3196E-01   max: -.2282E+00   C at   77  2
       a =  1.500      CL =  1.0673
      Cm = -0.2070     CD =  0.01324   =>   CDf =  0.00529    CDp =  0.00795

 Side 1  free  transition at x/c =  0.7296   66
 Side 2 forced transition at x/c =  1.0000   77

   7   rms: 0.6144E-02   max: -.4247E-01   D at   85  1
       a =  1.500      CL =  1.0611
      Cm = -0.2057     CD =  0.01323   =>   CDf =  0.00527    CDp =  0.00796

 Side 1  free  transition at x/c =  0.7295   66
 Side 2 forced transition at x/c =  1.0000   77

   8   rms: 0.2462E-03   max: -.1672E-02   D at   85  1
       a =  1.500      CL =  1.0609
      Cm = -0.2056     CD =  0.01322   =>   CDf =  0.00527    CDp =  0.00796

 Side 1  free  transition at x/c =  0.7295   66
 Side 2 forced transition at x/c =  1.0000   77

   9   rms: 0.1698E-05   max: 0.1165E-04   D at    4  1
       a =  1.500      CL =  1.0609
      Cm = -0.2056     CD =  0.01322   =>   CDf =  0.00527    CDp =  0.00796
 plradd ia,ip,cpol           12           0  0.27593711    

 Point added to stored polar  1
 Point written to save file  fx76mp120_Re300k.base.pol                       
 Dump file unspecified or not available
 Calculating wake trajectory ...
 Calculating source influence matrix ...

 Solving BL system ...

 Side 1  free  transition at x/c =  0.7295   66
 Side 2 forced transition at x/c =  1.0000   77

   1   rms: 0.8950E-01   max: -.1493E+00   n at   73  2
       a =  2.000      CL =  1.1242
      Cm = -0.2071     CD =  0.01303   =>   CDf =  0.00528    CDp =  0.00775

 Side 1  free  transition at x/c =  0.7242   65
 Side 2 forced transition at x/c =  1.0000   77

   2   rms: 0.9954E-02   max: -.7385E-01   C at   65  1
       a =  2.000      CL =  1.1166
      Cm = -0.2057     CD =  0.01327   =>   CDf =  0.00543    CDp =  0.00784

 Side 1  free  transition at x/c =  0.7223   65
 Side 2 forced transition at x/c =  1.0000   77

   3   rms: 0.2277E-02   max: -.1201E-01   D at   67  1
       a =  2.000      CL =  1.1182
      Cm = -0.2060     CD =  0.01324   =>   CDf =  0.00538    CDp =  0.00785

 Side 1  free  transition at x/c =  0.7226   65
 Side 2 forced transition at x/c =  1.0000   77

   4   rms: 0.6949E-04   max: -.2994E-03   T at   65  1
       a =  2.000      CL =  1.1182
      Cm = -0.2060     CD =  0.01324   =>   CDf =  0.00539    CDp =  0.00785
 plradd ia,ip,cpol           13           0  0.26114708    

 Point added to stored polar  1
 Point written to save file  fx76mp120_Re300k.base.pol                       
 Dump file unspecified or not available
 Calculating wake trajectory ...
 Calculating source influence matrix ...

 Solving BL system ...

 Side 1  free  transition at x/c =  0.7227   65
 Side 2 forced transition at x/c =  1.0000   77

   1   rms: 0.7915E-01   max: -.1666E+00   n at   76  2
       a =  2.500      CL =  1.1538
      Cm = -0.2025     CD =  0.01374   =>   CDf =  0.00529    CDp =  0.00845

 Side 1  free  transition at x/c =  0.7094   65
 Side 2 forced transition at x/c =  1.0000   76

   2   rms: 0.9617E-01   max: -.4925E+00   T at   65  1
       a =  2.500      CL =  1.2103
      Cm = -0.2125     CD =  0.01233   =>   CDf =  0.00548    CDp =  0.00685

 MRCHDU: Convergence failed at  67  side 1    Res =  0.7021E+01
 MRCHDU: Convergence failed at  68  side 1    Res =  0.5387E+01
 MRCHDU: Convergence failed at  69  side 1    Res =  0.4624E+01
 MRCHDU: Convergence failed at  70  side 1    Res =  0.8260E+01
 MRCHDU: Convergence failed at  71  side 1    Res =  0.1241E+02
 MRCHDU: Convergence failed at  72  side 1    Res =  0.1658E+02
 MRCHDU: Convergence failed at  73  side 1    Res =  0.1976E+02
 MRCHDU: Convergence failed at  74  side 1    Res =  0.2166E+02
 MRCHDU: Convergence failed at  75  side 1    Res =  0.2205E+02
 MRCHDU: Convergence failed at  76  side 1    Res =  0.2144E+02
 MRCHDU: Convergence failed at  77  side 1    Res =  0.2029E+02
 MRCHDU: Convergence failed at  78  side 1    Res =  0.1875E+02
 MRCHDU: Convergence failed at  79  side 1    Res =  0.1702E+02
 MRCHDU: Convergence failed at  80  side 1    Res =  0.1528E+02
 MRCHDU: Convergence failed at  81  side 1    Res =  0.1363E+02
 MRCHDU: Convergence failed at  82  side 1    Res =  0.1379E+02
 MRCHDU: Convergence failed at  83  side 1    Res =  0.1705E+02
 MRCHDU: Convergence failed at  84  side 1    Res =  0.2390E+02
 MRCHDU: Convergence failed at  85  side 1    Res =  0.4727E+02
 MRCHDU: Convergence failed at  86  side 1    Res =  0.7790E+02
 Side 1  free  transition at x/c =  0.7296   67
 Side 2 forced transition at x/c =  1.0000   76

   3   rms: 0.8475E+00   max: 0.4793E+01   D at   78  2   RLX: 0.313
       a =  2.500      CL =  1.2729
      Cm = -0.2880     CD =  0.00432   =>   CDf =  0.00487    CDp = -0.00055

 MRCHDU: Convergence failed at  78  side 2    Res =  0.6270E+01
 Side 1  free  transition at x/c =  0.7114   66
 Side 2 forced transition at x/c =  1.0000   76

   4   rms: 0.1949E+00   max: -.5919E+00   D at   78  2   RLX: 0.669
       a =  2.500      CL =  1.1917
      Cm = -0.2212     CD =  0.01151   =>   CDf =  0.00571    CDp =  0.00581

 Side 1  free  transition at x/c =  0.7191   66
 Side 2 forced transition at x/c =  1.0000   76

   5   rms: 0.1006E+00   max: 0.6493E+00   D at   86  1
       a =  2.500      CL =  1.2176
      Cm = -0.2159     CD =  0.01256   =>   CDf =  0.00580    CDp =  0.00676

 Side 1  free  transition at x/c =  0.7144   66
 Side 2 forced transition at x/c =  1.0000   76

   6   rms: 0.3646E-01   max: -.2165E+00   D at   86  1
       a =  2.500      CL =  1.1794
      Cm = -0.2074     CD =  0.01322   =>   CDf =  0.00547    CDp =  0.00775

 Side 1  free  transition at x/c =  0.7144   66
 Side 2 forced transition at x/c =  1.0000   76

   7   rms: 0.6149E-02   max: -.4249E-01   D at   86  1
       a =  2.500      CL =  1.1731
      Cm = -0.2060     CD =  0.01320   =>   CDf =  0.00546    CDp =  0.00774

 Side 1  free  transition at x/c =  0.7143   66
 Side 2 forced transition at x/c =  1.0000   76

   8   rms: 0.2521E-03   max: -.1742E-02   D at   86  1
       a =  2.500      CL =  1.1729
      Cm = -0.2059     CD =  0.01320   =>   CDf =  0.00546    CDp =  0.00774

 Side 1  free  transition at x/c =  0.7143   66
 Side 2 forced transition at x/c =  1.0000   76

   9   rms: 0.6123E-06   max: 0.6094E-05   C at   76  2
       a =  2.500      CL =  1.1729
      Cm = -0.2059     CD =  0.01320   =>   CDf =  0.00546    CDp =  0.00774
 plradd ia,ip,cpol           14           0  0.23182942    

 Point added to stored polar  1
 Point written to save file  fx76mp120_Re300k.base.pol                       
 Dump file unspecified or not available
 Calculating wake trajectory ...
 Calculating source influence matrix ...

 Solving BL system ...

 Side 1  free  transition at x/c =  0.7143   66
 Side 2 forced transition at x/c =  1.0000   76

   1   rms: 0.8920E-01   max: -.1397E+00   n at   73  2
       a =  3.000      CL =  1.2365
      Cm = -0.2075     CD =  0.01293   =>   CDf =  0.00547    CDp =  0.00746

 Side 1  free  transition at x/c =  0.7084   65
 Side 2 forced transition at x/c =  1.0000   76

   2   rms: 0.1832E-01   max: -.1009E+00   C at   65  1
       a =  3.000      CL =  1.2216
      Cm = -0.2047     CD =  0.01334   =>   CDf =  0.00556    CDp =  0.00778

 Side 1  free  transition at x/c =  0.7045   65
 Side 2 forced transition at x/c =  1.0000   76

   3   rms: 0.5239E-02   max: -.3094E-01   D at   66  1
       a =  3.000      CL =  1.2259
      Cm = -0.2055     CD =  0.01324   =>   CDf =  0.00551    CDp =  0.00773

 Side 1  free  transition at x/c =  0.7054   65
 Side 2 forced transition at x/c =  1.0000   76

   4   rms: 0.1840E-03   max: -.1273E-02   D at   66  1
       a =  3.000      CL =  1.2260
      Cm = -0.2056     CD =  0.01324   =>   CDf =  0.00551    CDp =  0.00773

 Side 1  free  transition at x/c =  0.7055   65
 Side 2 forced transition at x/c =  1.0000   76

   5   rms: 0.3738E-05   max: 0.2064E-04   C at   76  2
       a =  3.000      CL =  1.2260
      Cm = -0.2056     CD =  0.01324   =>   CDf =  0.00551    CDp =  0.00773
 plradd ia,ip,cpol           15           0  0.20296854    

 Point added to stored polar  1
 Point written to save file  fx76mp120_Re300k.base.pol                       
 Dump file unspecified or not available
 Calculating wake trajectory ...
 Calculating source influence matrix ...

 Solving BL system ...

 Side 1  free  transition at x/c =  0.7055   65
 Side 2 forced transition at x/c =  1.0000   76

   1   rms: 0.7400E-01   max: -.7650E-01   n at   71  2
       a =  3.500      CL =  1.2727
      Cm = -0.2040     CD =  0.01336   =>   CDf =  0.00537    CDp =  0.00800

 Side 1  free  transition at x/c =  0.6942   65
 Side 2 forced transition at x/c =  1.0000   75

   2   rms: 0.3554E-01   max: -.2042E+00   D at   67  1
       a =  3.500      CL =  1.2961
      Cm = -0.2083     CD =  0.01287   =>   CDf =  0.00562    CDp =  0.00725

 Side 1  free  transition at x/c =  0.7007   66
 Side 2 forced transition at x/c =  1.0000   75

   3   rms: 0.2196E-01   max: 0.1986E+00   D at   66  1
       a =  3.500      CL =  1.2902
      Cm = -0.2073     CD =  0.01295   =>   CDf =  0.00551    CDp =  0.00745

 Side 1  free  transition at x/c =  0.6979   66
 Side 2 forced transition at x/c =  1.0000   75

   4   rms: 0.4842E-02   max: -.4260E-01   D at   87  1
       a =  3.500      CL =  1.2861
      Cm = -0.2065     CD =  0.01306   =>   CDf =  0.00557    CDp =  0.00748

 Side 1  free  transition at x/c =  0.6974   66
 Side 2 forced transition at x/c =  1.0000   75

   5   rms: 0.2514E-03   max: -.2092E-02   D at   87  1
       a =  3.500      CL =  1.2859
      Cm = -0.2064     CD =  0.01306   =>   CDf =  0.00560    CDp =  0.00746

 Side 1  free  transition at x/c =  0.6974   66
 Side 2 forced transition at x/c =  1.0000   75

   6   rms: 0.1637E-05   max: 0.1541E-04   C at   75  2
       a =  3.500      CL =  1.2859
      Cm = -0.2064     CD =  0.01306   =>   CDf =  0.00560    CDp =  0.00746
 plradd ia,ip,cpol           16           0  0.20296854    

 Point added to stored polar  1
 Point written to save file  fx76mp120_Re300k.base.pol                       
 Dump file unspecified or not available
 Calculating wake trajectory ...
 Calculating source influence matrix ...

 Solving BL system ...

 Side 1  free  transition at x/c =  0.6974   66
 Side 2 forced transition at x/c =  1.0000   75

   1   rms: 0.8840E-01   max: -.4876E-01   D at   78  2
       a =  4.000      CL =  1.3545
      Cm = -0.2089     CD =  0.01277   =>   CDf =  0.00543    CDp =  0.00734

 Side 1  free  transition at x/c =  0.6909   66
 Side 2 forced transition at x/c =  1.0000   74
 idif Ue xi dudx           1  0.20314194      2.39121914E-03   84.953293    
 Uenew xinew           2  1.26995360E-02  1.49488449E-04

   2   rms: 0.3618E-01   max: -.2525E+00   T at    2  1
       a =  4.000      CL =  1.3234
      Cm = -0.2031     CD =  0.01338   =>   CDf =  0.00573    CDp =  0.00766

 Side 1  free  transition at x/c =  0.6837   65
 Side 2 forced transition at x/c =  1.0000   75

   3   rms: 0.1449E-01   max: -.9250E-01   D at   66  1
       a =  4.000      CL =  1.3341
      Cm = -0.2051     CD =  0.01313   =>   CDf =  0.00564    CDp =  0.00750

 Side 1  free  transition at x/c =  0.6859   65
 Side 2 forced transition at x/c =  1.0000   75

   4   rms: 0.2025E-02   max: 0.1746E-01   D at    4  2
       a =  4.000      CL =  1.3328
      Cm = -0.2048     CD =  0.01315   =>   CDf =  0.00557    CDp =  0.00758

 Side 1  free  transition at x/c =  0.6859   65
 Side 2 forced transition at x/c =  1.0000   75

   5   rms: 0.5453E-05   max: 0.4768E-04   D at   77  2
       a =  4.000      CL =  1.3328
      Cm = -0.2048     CD =  0.01315   =>   CDf =  0.00558    CDp =  0.00757
 plradd ia,ip,cpol           17           0  0.17466992    

 Point added to stored polar  1
 Point written to save file  fx76mp120_Re300k.base.pol                       
 Dump file unspecified or not available
 Calculating wake trajectory ...
 Calculating source influence matrix ...

 Solving BL system ...

 Side 1  free  transition at x/c =  0.6859   65
 Side 2 forced transition at x/c =  1.0000   75

   1   rms: 0.8178E-01   max: -.3610E-01   D at   65  2
       a =  4.500      CL =  1.3927
      Cm = -0.2057     CD =  0.01293   =>   CDf =  0.00539    CDp =  0.00754

 Side 1  free  transition at x/c =  0.6763   65
 Side 2 forced transition at x/c =  1.0000   74

   2   rms: 0.1430E-01   max: -.1055E+00   D at   65  1
       a =  4.500      CL =  1.3802
      Cm = -0.2033     CD =  0.01321   =>   CDf =  0.00559    CDp =  0.00763

 Side 1  free  transition at x/c =  0.6737   65
 Side 2 forced transition at x/c =  1.0000   74

   3   rms: 0.2677E-02   max: -.1579E-01   D at   66  1
       a =  4.500      CL =  1.3823
      Cm = -0.2037     CD =  0.01318   =>   CDf =  0.00557    CDp =  0.00760

 Side 1  free  transition at x/c =  0.6742   65
 Side 2 forced transition at x/c =  1.0000   74

   4   rms: 0.1851E-04   max: -.1468E-03   D at   65  1
       a =  4.500      CL =  1.3823
      Cm = -0.2037     CD =  0.01318   =>   CDf =  0.00557    CDp =  0.00761
 plradd ia,ip,cpol           18           0  0.14709261    

 Point added to stored polar  1
 Point written to save file  fx76mp120_Re300k.base.pol                       
 Dump file unspecified or not available
 Calculating wake trajectory ...
 Calculating source influence matrix ...

 Solving BL system ...

 Side 1  free  transition at x/c =  0.6742   65
 Side 2 forced transition at x/c =  1.0000   74

   1   rms: 0.7419E-01   max: -.4841E-01   D at   73  2
       a =  5.000      CL =  1.4312
      Cm = -0.2025     CD =  0.01317   =>   CDf =  0.00535    CDp =  0.00782

 Side 1  free  transition at x/c =  0.6616   65
 Side 2 forced transition at x/c =  1.0000   73

   2   rms: 0.1175E-01   max: -.1194E+00   D at   65  1
       a =  5.000      CL =  1.4330
      Cm = -0.2028     CD =  0.01318   =>   CDf =  0.00561    CDp =  0.00757

 Side 1  free  transition at x/c =  0.6620   65
 Side 2 forced transition at x/c =  1.0000   73

   3   rms: 0.2008E-02   max: -.1328E-01   D at    4  1
       a =  5.000      CL =  1.4318
      Cm = -0.2026     CD =  0.01321   =>   CDf =  0.00555    CDp =  0.00766

 Side 1  free  transition at x/c =  0.6617   65
 Side 2 forced transition at x/c =  1.0000   73

   4   rms: 0.1459E-04   max: -.6847E-04   D at   66  1
       a =  5.000      CL =  1.4318
      Cm = -0.2026     CD =  0.01321   =>   CDf =  0.00555    CDp =  0.00766
 plradd ia,ip,cpol           19           0  0.13366537    

 Point added to stored polar  1
 Point written to save file  fx76mp120_Re300k.base.pol                       
 Dump file unspecified or not available
 Calculating wake trajectory ...
 Calculating source influence matrix ...

 Solving BL system ...

 Side 1  free  transition at x/c =  0.6617   65
 Side 2 forced transition at x/c =  1.0000   73

   1   rms: 0.6933E-01   max: 0.8202E-01   D at   78  2
       a =  5.500      CL =  1.4695
      Cm = -0.1993     CD =  0.01345   =>   CDf =  0.00556    CDp =  0.00789

 Side 1  free  transition at x/c =  0.6447   64
 Side 2 forced transition at x/c =  1.0000   73

   2   rms: 0.2272E-01   max: -.1730E+00   D at   64  1
       a =  5.500      CL =  1.4820
      Cm = -0.2017     CD =  0.01322   =>   CDf =  0.00564    CDp =  0.00758

 Side 1  free  transition at x/c =  0.6481   64
 Side 2 forced transition at x/c =  1.0000   73

   3   rms: 0.5993E-02   max: 0.2660E-01   D at   65  1
       a =  5.500      CL =  1.4778
      Cm = -0.2008     CD =  0.01331   =>   CDf =  0.00553    CDp =  0.00778

 Side 1  free  transition at x/c =  0.6471   64
 Side 2 forced transition at x/c =  1.0000   73

   4   rms: 0.8092E-04   max: -.6742E-03   D at   65  1
       a =  5.500      CL =  1.4778
      Cm = -0.2008     CD =  0.01331   =>   CDf =  0.00554    CDp =  0.00777
 plradd ia,ip,cpol           20           0  0.12050673    

 Point added to stored polar  1
 Point written to save file  fx76mp120_Re300k.base.pol                       
 Dump file unspecified or not available
 Calculating wake trajectory ...
 Calculating source influence matrix ...

 Solving BL system ...

 Side 1  free  transition at x/c =  0.6471   64
 Side 2 forced transition at x/c =  1.0000   73

   1   rms: 0.6820E-01   max: 0.9753E-01   D at   78  2
       a =  6.000      CL =  1.5106
      Cm = -0.1966     CD =  0.01363   =>   CDf =  0.00528    CDp =  0.00835

 Side 1  free  transition at x/c =  0.6272   64
 Side 2 forced transition at x/c =  1.0000   72

   2   rms: 0.2999E-01   max: -.2140E+00   D at   64  1
       a =  6.000      CL =  1.5221
      Cm = -0.1987     CD =  0.01335   =>   CDf =  0.00564    CDp =  0.00771

 Side 1  free  transition at x/c =  0.6313   64
 Side 2 forced transition at x/c =  1.0000   72

   3   rms: 0.5945E-02   max: 0.3007E-01   C at   64  1
       a =  6.000      CL =  1.5189
      Cm = -0.1981     CD =  0.01350   =>   CDf =  0.00548    CDp =  0.00802

 Side 1  free  transition at x/c =  0.6298   64
 Side 2 forced transition at x/c =  1.0000   72

   4   rms: 0.2333E-03   max: -.1402E-02   D at   64  1
       a =  6.000      CL =  1.5190
      Cm = -0.1982     CD =  0.01350   =>   CDf =  0.00551    CDp =  0.00799

 Side 1  free  transition at x/c =  0.6298   64
 Side 2 forced transition at x/c =  1.0000   72

   5   rms: 0.4291E-05   max: -.1631E-04   D at   87  1
       a =  6.000      CL =  1.5190
      Cm = -0.1982     CD =  0.01350   =>   CDf =  0.00551    CDp =  0.00799
 plradd ia,ip,cpol           21           0  0.10767189    

 Point added to stored polar  1
 Point written to save file  fx76mp120_Re300k.base.pol                       
 Dump file unspecified or not available
 Calculating wake trajectory ...
 Calculating source influence matrix ...

 Solving BL system ...

 Side 1  free  transition at x/c =  0.6298   64
 Side 2 forced transition at x/c =  1.0000   72

   1   rms: 0.7005E-01   max: 0.2822E+00   T at   64  1
       a =  6.500      CL =  1.5559
      Cm = -0.1947     CD =  0.01375   =>   CDf =  0.00552    CDp =  0.00824

 Side 1  free  transition at x/c =  0.6105   63
 Side 2 forced transition at x/c =  1.0000   72

   2   rms: 0.2230E-01   max: -.2219E+00   D at   63  1
       a =  6.500      CL =  1.5591
      Cm = -0.1953     CD =  0.01370   =>   CDf =  0.00559    CDp =  0.00811

 Side 1  free  transition at x/c =  0.6118   63
 Side 2 forced transition at x/c =  1.0000   72

   3   rms: 0.3281E-02   max: 0.2668E-01   C at   63  1
       a =  6.500      CL =  1.5585
      Cm = -0.1952     CD =  0.01377   =>   CDf =  0.00549    CDp =  0.00829

 Side 1  free  transition at x/c =  0.6111   63
 Side 2 forced transition at x/c =  1.0000   72

   4   rms: 0.1203E-03   max: -.9339E-03   D at   65  1
       a =  6.500      CL =  1.5585
      Cm = -0.1952     CD =  0.01378   =>   CDf =  0.00551    CDp =  0.00826

 Side 1  free  transition at x/c =  0.6111   63
 Side 2 forced transition at x/c =  1.0000   72

   5   rms: 0.2554E-05   max: 0.1240E-04   D at   64  1
       a =  6.500      CL =  1.5585
      Cm = -0.1952     CD =  0.01378   =>   CDf =  0.00551    CDp =  0.00826
 plradd ia,ip,cpol           22           0  9.52121168E-02

 Point added to stored polar  1
 Point written to save file  fx76mp120_Re300k.base.pol                       
 Dump file unspecified or not available
 Calculating wake trajectory ...
 Calculating source influence matrix ...

 Solving BL system ...

 Side 1  free  transition at x/c =  0.6111   63
 Side 2 forced transition at x/c =  1.0000   72

   1   rms: 0.7795E-01   max: 0.3883E-01   D at   81  2
       a =  7.000      CL =  1.6075
      Cm = -0.1940     CD =  0.01394   =>   CDf =  0.00521    CDp =  0.00873

 Side 1  free  transition at x/c =  0.5924   62
 Side 2 forced transition at x/c =  1.0000   71

   2   rms: 0.2083E-01   max: -.2587E+00   D at   63  1
       a =  7.000      CL =  1.5927
      Cm = -0.1912     CD =  0.01414   =>   CDf =  0.00549    CDp =  0.00865

 Side 1  free  transition at x/c =  0.5915   62
 Side 2 forced transition at x/c =  1.0000   71

   3   rms: 0.3493E-02   max: 0.3613E-01   D at   63  1
       a =  7.000      CL =  1.5915
      Cm = -0.1910     CD =  0.01420   =>   CDf =  0.00550    CDp =  0.00870

 Side 1  free  transition at x/c =  0.5905   62
 Side 2 forced transition at x/c =  1.0000   71

   4   rms: 0.5469E-04   max: -.3136E-03   C at   62  1
       a =  7.000      CL =  1.5915
      Cm = -0.1910     CD =  0.01420   =>   CDf =  0.00551    CDp =  0.00869
 plradd ia,ip,cpol           23           0  8.31716955E-02

 Point added to stored polar  1
 Point written to save file  fx76mp120_Re300k.base.pol                       
 Dump file unspecified or not available
 Calculating wake trajectory ...
 Calculating source influence matrix ...

 Solving BL system ...

 Side 1  free  transition at x/c =  0.5905   62
 Side 2 forced transition at x/c =  1.0000   71

   1   rms: 0.6532E-01   max: 0.2668E+00   T at   62  1
       a =  7.500      CL =  1.5976
      Cm = -0.1817     CD =  0.01497   =>   CDf =  0.00552    CDp =  0.00945

 Side 1  free  transition at x/c =  0.5640   61
 Side 2 forced transition at x/c =  1.0000   71

   2   rms: 0.3995E-01   max: -.2900E+00   D at   61  1
       a =  7.500      CL =  1.6139
      Cm = -0.1848     CD =  0.01465   =>   CDf =  0.00569    CDp =  0.00897

 Side 1  free  transition at x/c =  0.5703   61
 Side 2 forced transition at x/c =  1.0000   71

   3   rms: 0.8110E-02   max: 0.1031E+00   C at   61  1
       a =  7.500      CL =  1.6159
      Cm = -0.1853     CD =  0.01482   =>   CDf =  0.00544    CDp =  0.00938

 Side 1  free  transition at x/c =  0.5674   61
 Side 2 forced transition at x/c =  1.0000   71

   4   rms: 0.9701E-03   max: -.6248E-02   D at   63  1
       a =  7.500      CL =  1.6165
      Cm = -0.1855     CD =  0.01484   =>   CDf =  0.00551    CDp =  0.00933

 Side 1  free  transition at x/c =  0.5673   61
 Side 2 forced transition at x/c =  1.0000   71

   5   rms: 0.3554E-04   max: -.1820E-03   D at   90  1
       a =  7.500      CL =  1.6165
      Cm = -0.1855     CD =  0.01484   =>   CDf =  0.00551    CDp =  0.00932
 plradd ia,ip,cpol           24           0  8.31716955E-02

 Point added to stored polar  1
 Point written to save file  fx76mp120_Re300k.base.pol                       
 Dump file unspecified or not available
 Calculating wake trajectory ...
 Calculating source influence matrix ...

 Solving BL system ...

 Side 1  free  transition at x/c =  0.5673   61
 Side 2 forced transition at x/c =  1.0000   71

   1   rms: 0.7181E-01   max: -.3036E+00   D at   62  1
       a =  8.000      CL =  1.6481
      Cm = -0.1812     CD =  0.01548   =>   CDf =  0.00516    CDp =  0.01031

 Side 1  free  transition at x/c =  0.5440   60
 Side 2 forced transition at x/c =  1.0000   70

   2   rms: 0.2344E-01   max: -.2994E+00   D at   61  1
       a =  8.000      CL =  1.6371
      Cm = -0.1793     CD =  0.01563   =>   CDf =  0.00554    CDp =  0.01010

 Side 1  free  transition at x/c =  0.5446   60
 Side 2 forced transition at x/c =  1.0000   70

   3   rms: 0.4211E-02   max: 0.3586E-01   C at   60  1
       a =  8.000      CL =  1.6397
      Cm = -0.1799     CD =  0.01569   =>   CDf =  0.00550    CDp =  0.01019

 Side 1  free  transition at x/c =  0.5430   60
 Side 2 forced transition at x/c =  1.0000   70

   4   rms: 0.1007E-03   max: -.1195E-02   C at   60  1
       a =  8.000      CL =  1.6396
      Cm = -0.1799     CD =  0.01569   =>   CDf =  0.00552    CDp =  0.01017

 Side 1  free  transition at x/c =  0.5430   60
 Side 2 forced transition at x/c =  1.0000   70

   5   rms: 0.2643E-05   max: -.1552E-04   C at   70  2
       a =  8.000      CL =  1.6396
      Cm = -0.1799     CD =  0.01569   =>   CDf =  0.00552    CDp =  0.01017
 plradd ia,ip,cpol           25           0  7.16240481E-02

 Point added to stored polar  1
 Point written to save file  fx76mp120_Re300k.base.pol                       
 Dump file unspecified or not available
 Calculating wake trajectory ...
 Calculating source influence matrix ...

 Solving BL system ...

 Side 1  free  transition at x/c =  0.5430   60
 Side 2 forced transition at x/c =  1.0000   70

   1   rms: 0.6880E-01   max: 0.2301E+00   T at   60  1
       a =  8.500      CL =  1.6533
      Cm = -0.1728     CD =  0.01681   =>   CDf =  0.00553    CDp =  0.01128

 Side 1  free  transition at x/c =  0.5149   58
 Side 2 forced transition at x/c =  1.0000   70

   2   rms: 0.2625E-01   max: -.3458E+00   D at   59  1
       a =  8.500      CL =  1.6567
      Cm = -0.1736     CD =  0.01680   =>   CDf =  0.00565    CDp =  0.01115

 Side 1  free  transition at x/c =  0.5183   59
 Side 2 forced transition at x/c =  1.0000   70

   3   rms: 0.5712E-02   max: -.4449E-01   D at   58  1
       a =  8.500      CL =  1.6605
      Cm = -0.1742     CD =  0.01680   =>   CDf =  0.00561    CDp =  0.01119

 Side 1  free  transition at x/c =  0.5174   58
 Side 2 forced transition at x/c =  1.0000   70

   4   rms: 0.1487E-02   max: 0.8196E-02   D at   86  1
       a =  8.500      CL =  1.6595
      Cm = -0.1741     CD =  0.01682   =>   CDf =  0.00558    CDp =  0.01124

 Side 1  free  transition at x/c =  0.5172   58
 Side 2 forced transition at x/c =  1.0000   70

   5   rms: 0.1984E-04   max: 0.1339E-03   D at   86  1
       a =  8.500      CL =  1.6595
      Cm = -0.1741     CD =  0.01682   =>   CDf =  0.00557    CDp =  0.01124
 plradd ia,ip,cpol           26           0  5.52127545E-04

 Point added to stored polar  1
 Point written to save file  fx76mp120_Re300k.base.pol                       
 Dump file unspecified or not available
 Calculating wake trajectory ...
 Calculating source influence matrix ...

 Solving BL system ...

 Side 1  free  transition at x/c =  0.5172   58
 Side 2 forced transition at x/c =  1.0000   70

   1   rms: 0.7155E-01   max: 0.2417E+00   D at   84  1
       a =  9.000      CL =  1.6660
      Cm = -0.1665     CD =  0.01833   =>   CDf =  0.00558    CDp =  0.01275

 Side 1  free  transition at x/c =  0.4879   57
 Side 2 forced transition at x/c =  1.0000   70

   2   rms: 0.2682E-01   max: -.3081E+00   D at   57  1
       a =  9.000      CL =  1.6701
      Cm = -0.1672     CD =  0.01829   =>   CDf =  0.00571    CDp =  0.01258

 Side 1  free  transition at x/c =  0.4943   57
 Side 2 forced transition at x/c =  1.0000   70

   3   rms: 0.9563E-02   max: 0.1250E+00   C at   57  1
       a =  9.000      CL =  1.6744
      Cm = -0.1680     CD =  0.01828   =>   CDf =  0.00549    CDp =  0.01279

 Side 1  free  transition at x/c =  0.4911   57
 Side 2 forced transition at x/c =  1.0000   70

   4   rms: 0.1122E-02   max: -.7221E-02   D at   59  1
       a =  9.000      CL =  1.6750
      Cm = -0.1681     CD =  0.01828   =>   CDf =  0.00557    CDp =  0.01271

 Side 1  free  transition at x/c =  0.4910   57
 Side 2 forced transition at x/c =  1.0000   70

   5   rms: 0.3558E-04   max: -.1792E-03   D at   85  1
       a =  9.000      CL =  1.6751
      Cm = -0.1681     CD =  0.01828   =>   CDf =  0.00557    CDp =  0.01271
 plradd ia,ip,cpol           27           0  1.41534838E-04

 Point added to stored polar  1
 Point written to save file  fx76mp120_Re300k.base.pol                       
 Dump file unspecified or not available
 Calculating wake trajectory ...
 Calculating source influence matrix ...

 Solving BL system ...

 Side 1  free  transition at x/c =  0.4910   57
 Side 2 forced transition at x/c =  1.0000   70

   1   rms: 0.7455E-01   max: 0.4331E+00   C at   57  1   RLX: 0.958
       a =  9.500      CL =  1.6940
      Cm = -0.1632     CD =  0.01977   =>   CDf =  0.00517    CDp =  0.01460

 Side 1  free  transition at x/c =  0.4655   56
 Side 2 forced transition at x/c =  1.0000   69

   2   rms: 0.1616E-01   max: 0.1874E+00   D at   57  1
       a =  9.500      CL =  1.6890
      Cm = -0.1623     CD =  0.02007   =>   CDf =  0.00561    CDp =  0.01446

 Side 1  free  transition at x/c =  0.4644   56
 Side 2 forced transition at x/c =  1.0000   69

   3   rms: 0.1174E-02   max: 0.1097E-01   C at   56  1
       a =  9.500      CL =  1.6889
      Cm = -0.1623     CD =  0.02006   =>   CDf =  0.00556    CDp =  0.01450

 Side 1  free  transition at x/c =  0.4641   56
 Side 2 forced transition at x/c =  1.0000   69

   4   rms: 0.1883E-04   max: 0.1500E-03   D at   83  1
       a =  9.500      CL =  1.6889
      Cm = -0.1623     CD =  0.02006   =>   CDf =  0.00556    CDp =  0.01449
 plradd ia,ip,cpol           28           0  1.41534838E-04

 Point added to stored polar  1
 Point written to save file  fx76mp120_Re300k.base.pol                       
 Dump file unspecified or not available
 Calculating wake trajectory ...
 Calculating source influence matrix ...

 Solving BL system ...

 Side 1  free  transition at x/c =  0.4641   56
 Side 2 forced transition at x/c =  1.0000   69

   1   rms: 0.7438E-01   max: 0.3886E+00   C at   56  1   RLX: 0.873
       a = 10.000      CL =  1.7003
      Cm = -0.1574     CD =  0.02182   =>   CDf =  0.00557    CDp =  0.01625

 Side 1  free  transition at x/c =  0.4395   54
 Side 2 forced transition at x/c =  1.0000   69

   2   rms: 0.2047E-01   max: -.3184E+00   D at   55  1
       a = 10.000      CL =  1.6985
      Cm = -0.1564     CD =  0.02218   =>   CDf =  0.00565    CDp =  0.01653

 Side 1  free  transition at x/c =  0.4385   54
 Side 2 forced transition at x/c =  1.0000   69

   3   rms: 0.4390E-02   max: 0.3987E-01   C at   54  1
       a = 10.000      CL =  1.7009
      Cm = -0.1567     CD =  0.02215   =>   CDf =  0.00556    CDp =  0.01658

 Side 1  free  transition at x/c =  0.4370   54
 Side 2 forced transition at x/c =  1.0000   69

   4   rms: 0.8725E-04   max: -.1152E-02   C at   54  1
       a = 10.000      CL =  1.7010
      Cm = -0.1567     CD =  0.02215   =>   CDf =  0.00558    CDp =  0.01657
 plradd ia,ip,cpol           29           0  1.41534838E-04

 Point added to stored polar  1
 Point written to save file  fx76mp120_Re300k.base.pol                       
 Dump file unspecified or not available

.OPERva   c>  
 Solving BL system ...

 Side 1  free  transition at x/c =  0.4370   54
 Side 2 forced transition at x/c =  1.0000   69

   1   rms: 0.2140E-05   max: -.7790E-05   D at   78  1
       a = 10.000      CL =  1.7010
      Cm = -0.1567     CD =  0.02215   =>   CDf =  0.00558    CDp =  0.01657
 plradd ia,ip,cpol           30         182  1.41534838E-04

 Point added to stored polar  1
 Point written to save file  fx76mp120_Re300k.base.pol                       
 Dump file unspecified or not available
 Calculating wake trajectory ...
 Calculating source influence matrix ...

 Solving BL system ...

 Side 1  free  transition at x/c =  0.4370   54
 Side 2 forced transition at x/c =  1.0000   69

   1   rms: 0.3717E-01   max: 0.1461E+00   C at   54  1   RLX: 0.838
       a = 10.250      CL =  1.7056
      Cm = -0.1545     CD =  0.02314   =>   CDf =  0.00558    CDp =  0.01756

 Side 1  free  transition at x/c =  0.4239   53
 Side 2 forced transition at x/c =  1.0000   69

   2   rms: 0.6608E-02   max: -.6983E-01   C at   53  1
       a = 10.250      CL =  1.7056
      Cm = -0.1539     CD =  0.02335   =>   CDf =  0.00565    CDp =  0.01770

 Side 1  free  transition at x/c =  0.4232   53
 Side 2 forced transition at x/c =  1.0000   69

   3   rms: 0.5666E-03   max: -.3342E-02   D at   81  1
       a = 10.250      CL =  1.7059
      Cm = -0.1540     CD =  0.02334   =>   CDf =  0.00559    CDp =  0.01774

 Side 1  free  transition at x/c =  0.4231   53
 Side 2 forced transition at x/c =  1.0000   69

   4   rms: 0.1334E-04   max: -.1093E-03   D at   79  2
       a = 10.250      CL =  1.7059
      Cm = -0.1540     CD =  0.02334   =>   CDf =  0.00560    CDp =  0.01774
 plradd ia,ip,cpol           31           0  1.41534838E-04

 Point added to stored polar  1
 Point written to save file  fx76mp120_Re300k.base.pol                       
 Dump file unspecified or not available
 Calculating wake trajectory ...
 Calculating source influence matrix ...

 Solving BL system ...

 Side 1  free  transition at x/c =  0.4231   53
 Side 2 forced transition at x/c =  1.0000   69

   1   rms: 0.3594E-01   max: 0.1141E+00   C at   53  1   RLX: 0.807
       a = 10.500      CL =  1.7108
      Cm = -0.1520     CD =  0.02432   =>   CDf =  0.00560    CDp =  0.01872

 Side 1  free  transition at x/c =  0.4096   52
 Side 2 forced transition at x/c =  1.0000   69

   2   rms: 0.7754E-02   max: -.7654E-01   C at   52  1
       a = 10.500      CL =  1.7099
      Cm = -0.1512     CD =  0.02463   =>   CDf =  0.00567    CDp =  0.01895

 Side 1  free  transition at x/c =  0.4092   52
 Side 2 forced transition at x/c =  1.0000   69

   3   rms: 0.6074E-03   max: -.3377E-02   D at   80  1
       a = 10.500      CL =  1.7102
      Cm = -0.1512     CD =  0.02461   =>   CDf =  0.00561    CDp =  0.01900

 Side 1  free  transition at x/c =  0.4090   52
 Side 2 forced transition at x/c =  1.0000   69

   4   rms: 0.1457E-04   max: -.1190E-03   D at   80  2
       a = 10.500      CL =  1.7102
      Cm = -0.1512     CD =  0.02461   =>   CDf =  0.00561    CDp =  0.01900
 plradd ia,ip,cpol           32           0  1.41534838E-04

 Point added to stored polar  1
 Point written to save file  fx76mp120_Re300k.base.pol                       
 Dump file unspecified or not available
 Calculating wake trajectory ...
 Calculating source influence matrix ...

 Solving BL system ...

 Side 1  free  transition at x/c =  0.4090   52
 Side 2 forced transition at x/c =  1.0000   69

   1   rms: 0.3659E-01   max: 0.1213E+00   T at   52  1   RLX: 0.775
       a = 10.750      CL =  1.7143
      Cm = -0.1493     CD =  0.02565   =>   CDf =  0.00561    CDp =  0.02003

 Side 1  free  transition at x/c =  0.3949   51
 Side 2 forced transition at x/c =  1.0000   69

   2   rms: 0.8828E-02   max: -.7995E-01   C at   51  1
       a = 10.750      CL =  1.7128
      Cm = -0.1484     CD =  0.02604   =>   CDf =  0.00569    CDp =  0.02035

 Side 1  free  transition at x/c =  0.3940   51
 Side 2 forced transition at x/c =  1.0000   69

   3   rms: 0.5223E-03   max: -.3153E-02   D at   80  1
       a = 10.750      CL =  1.7131
      Cm = -0.1484     CD =  0.02602   =>   CDf =  0.00563    CDp =  0.02039

 Side 1  free  transition at x/c =  0.3939   51
 Side 2 forced transition at x/c =  1.0000   69

   4   rms: 0.2153E-04   max: -.1658E-03   D at    3  2
       a = 10.750      CL =  1.7131
      Cm = -0.1484     CD =  0.02602   =>   CDf =  0.00563    CDp =  0.02039
 plradd ia,ip,cpol           33           0  1.41534838E-04

 Point added to stored polar  1
 Point written to save file  fx76mp120_Re300k.base.pol                       
 Dump file unspecified or not available
 Calculating wake trajectory ...
 Calculating source influence matrix ...

 Solving BL system ...

 Side 1  free  transition at x/c =  0.3939   51
 Side 2 forced transition at x/c =  1.0000   69

   1   rms: 0.3835E-01   max: -.1821E+00   D at    3  2   RLX: 0.744
       a = 11.000      CL =  1.7161
      Cm = -0.1466     CD =  0.02712   =>   CDf =  0.00518    CDp =  0.02193

 Side 1  free  transition at x/c =  0.3781   51
 Side 2 forced transition at x/c =  1.0000   68

   2   rms: 0.1083E-01   max: -.9709E-01   C at   51  1
       a = 11.000      CL =  1.7136
      Cm = -0.1455     CD =  0.02764   =>   CDf =  0.00572    CDp =  0.02192

 Side 1  free  transition at x/c =  0.3772   51
 Side 2 forced transition at x/c =  1.0000   68

   3   rms: 0.1531E-02   max: -.1671E-01   D at    4  1
       a = 11.000      CL =  1.7138
      Cm = -0.1455     CD =  0.02761   =>   CDf =  0.00563    CDp =  0.02197

 Side 1  free  transition at x/c =  0.3770   51
 Side 2 forced transition at x/c =  1.0000   68

   4   rms: 0.1892E-04   max: -.1668E-03   D at   79  2
       a = 11.000      CL =  1.7138
      Cm = -0.1455     CD =  0.02761   =>   CDf =  0.00564    CDp =  0.02197
 plradd ia,ip,cpol           34           0  1.41534838E-04

 Point added to stored polar  1
 Point written to save file  fx76mp120_Re300k.base.pol                       
 Dump file unspecified or not available
 Calculating wake trajectory ...
 Calculating source influence matrix ...

 Solving BL system ...

 Side 1  free  transition at x/c =  0.3770   51
 Side 2 forced transition at x/c =  1.0000   68

   1   rms: 0.3955E-01   max: 0.1708E+00   C at   51  1   RLX: 0.712
       a = 11.250      CL =  1.7149
      Cm = -0.1437     CD =  0.02882   =>   CDf =  0.00564    CDp =  0.02318

 Side 1  free  transition at x/c =  0.3620   50
 Side 2 forced transition at x/c =  1.0000   68

   2   rms: 0.1050E-01   max: -.7726E-01   D at   50  1
       a = 11.250      CL =  1.7137
      Cm = -0.1427     CD =  0.02935   =>   CDf =  0.00573    CDp =  0.02362

 Side 1  free  transition at x/c =  0.3589   50
 Side 2 forced transition at x/c =  1.0000   68

   3   rms: 0.6296E-03   max: -.6978E-02   C at   50  1
       a = 11.250      CL =  1.7133
      Cm = -0.1426     CD =  0.02934   =>   CDf =  0.00568    CDp =  0.02367

 Side 1  free  transition at x/c =  0.3591   50
 Side 2 forced transition at x/c =  1.0000   68

   4   rms: 0.5932E-05   max: 0.8359E-04   C at   68  2
       a = 11.250      CL =  1.7133
      Cm = -0.1426     CD =  0.02934   =>   CDf =  0.00567    CDp =  0.02367
 plradd ia,ip,cpol           35           0  1.41534838E-04

 Point added to stored polar  1
 Point written to save file  fx76mp120_Re300k.base.pol                       
 Dump file unspecified or not available
 Calculating wake trajectory ...
 Calculating source influence matrix ...

 Solving BL system ...

 Side 1  free  transition at x/c =  0.3591   50
 Side 2 forced transition at x/c =  1.0000   68

   1   rms: 0.4070E-01   max: 0.2642E+00   C at   50  1   RLX: 0.683
       a = 11.500      CL =  1.7137
      Cm = -0.1408     CD =  0.03062   =>   CDf =  0.00568    CDp =  0.02495

 Side 1  free  transition at x/c =  0.3464   49
 Side 2 forced transition at x/c =  1.0000   68

   2   rms: 0.1118E-01   max: -.7698E-01   D at   49  1
       a = 11.500      CL =  1.7142
      Cm = -0.1400     CD =  0.03112   =>   CDf =  0.00574    CDp =  0.02538

 Side 1  free  transition at x/c =  0.3410   49
 Side 2 forced transition at x/c =  1.0000   68

   3   rms: 0.1891E-02   max: -.2488E-01   C at   49  1
       a = 11.500      CL =  1.7133
      Cm = -0.1399     CD =  0.03114   =>   CDf =  0.00573    CDp =  0.02542

 Side 1  free  transition at x/c =  0.3418   49
 Side 2 forced transition at x/c =  1.0000   68

   4   rms: 0.2484E-04   max: 0.2153E-03   D at   80  2
       a = 11.500      CL =  1.7133
      Cm = -0.1399     CD =  0.03114   =>   CDf =  0.00571    CDp =  0.02543
 plradd ia,ip,cpol           36           0  1.41534838E-04

 Point added to stored polar  1
 Point written to save file  fx76mp120_Re300k.base.pol                       
 Dump file unspecified or not available
 Calculating wake trajectory ...
 Calculating source influence matrix ...

 Solving BL system ...

 Side 1  free  transition at x/c =  0.3418   49
 Side 2 forced transition at x/c =  1.0000   68

   1   rms: 0.4242E-01   max: 0.3135E+00   C at   49  1   RLX: 0.656
       a = 11.750      CL =  1.7126
      Cm = -0.1381     CD =  0.03251   =>   CDf =  0.00571    CDp =  0.02680

 Side 1  free  transition at x/c =  0.3300   48
 Side 2 forced transition at x/c =  1.0000   68

   2   rms: 0.1287E-01   max: -.8419E-01   D at   48  1
       a = 11.750      CL =  1.7137
      Cm = -0.1374     CD =  0.03303   =>   CDf =  0.00576    CDp =  0.02728

 Side 1  free  transition at x/c =  0.3231   48
 Side 2 forced transition at x/c =  1.0000   68

   3   rms: 0.2750E-02   max: -.3631E-01   C at   48  1
       a = 11.750      CL =  1.7124
      Cm = -0.1372     CD =  0.03307   =>   CDf =  0.00578    CDp =  0.02729

 Side 1  free  transition at x/c =  0.3242   48
 Side 2 forced transition at x/c =  1.0000   68

   4   rms: 0.6404E-04   max: -.5006E-03   D at   49  1
       a = 11.750      CL =  1.7124
      Cm = -0.1372     CD =  0.03307   =>   CDf =  0.00576    CDp =  0.02731
 plradd ia,ip,cpol           37           0  1.41534838E-04

 Point added to stored polar  1
 Point written to save file  fx76mp120_Re300k.base.pol                       
 Dump file unspecified or not available
 Calculating wake trajectory ...
 Calculating source influence matrix ...

 Solving BL system ...

 Side 1  free  transition at x/c =  0.3242   48
 Side 2 forced transition at x/c =  1.0000   68

   1   rms: 0.4233E-01   max: 0.3310E+00   C at   48  1   RLX: 0.632
       a = 12.000      CL =  1.7118
      Cm = -0.1356     CD =  0.03445   =>   CDf =  0.00576    CDp =  0.02869

 Side 1  free  transition at x/c =  0.3142   47
 Side 2 forced transition at x/c =  1.0000   68

   2   rms: 0.1453E-01   max: -.8203E-01   D at   47  1
       a = 12.000      CL =  1.7139
      Cm = -0.1350     CD =  0.03500   =>   CDf =  0.00578    CDp =  0.02922

 Side 1  free  transition at x/c =  0.3065   47
 Side 2 forced transition at x/c =  1.0000   68

   3   rms: 0.3466E-02   max: -.4480E-01   C at   47  1
       a = 12.000      CL =  1.7122
      Cm = -0.1348     CD =  0.03506   =>   CDf =  0.00583    CDp =  0.02923

 Side 1  free  transition at x/c =  0.3078   47
 Side 2 forced transition at x/c =  1.0000   68

   4   rms: 0.1592E-03   max: -.1351E-02   D at   48  1
       a = 12.000      CL =  1.7122
      Cm = -0.1348     CD =  0.03505   =>   CDf =  0.00580    CDp =  0.02926

 Side 1  free  transition at x/c =  0.3078   47
 Side 2 forced transition at x/c =  1.0000   68

   5   rms: 0.8106E-05   max: 0.1155E-03   C at   68  2
       a = 12.000      CL =  1.7122
      Cm = -0.1348     CD =  0.03505   =>   CDf =  0.00580    CDp =  0.02926
 plradd ia,ip,cpol           38           0  1.41534838E-04

 Point added to stored polar  1
 Point written to save file  fx76mp120_Re300k.base.pol                       
 Dump file unspecified or not available
 Calculating wake trajectory ...
 Calculating source influence matrix ...

 Solving BL system ...

 Side 1  free  transition at x/c =  0.3078   47
 Side 2 forced transition at x/c =  1.0000   68

   1   rms: 0.4273E-01   max: 0.3411E+00   C at   47  1   RLX: 0.609
       a = 12.250      CL =  1.7109
      Cm = -0.1332     CD =  0.03650   =>   CDf =  0.00580    CDp =  0.03070

 Side 1  free  transition at x/c =  0.2987   46
 Side 2 forced transition at x/c =  1.0000   68

   2   rms: 0.1608E-01   max: 0.1156E+00   C at   46  1
       a = 12.250      CL =  1.7141
      Cm = -0.1327     CD =  0.03704   =>   CDf =  0.00580    CDp =  0.03124

 Side 1  free  transition at x/c =  0.2902   45
 Side 2 forced transition at x/c =  1.0000   68

   3   rms: 0.3424E-02   max: -.3116E-01   C at   45  1
       a = 12.250      CL =  1.7113
      Cm = -0.1324     CD =  0.03718   =>   CDf =  0.00586    CDp =  0.03132

 Side 1  free  transition at x/c =  0.2912   46
 Side 2 forced transition at x/c =  1.0000   68

   4   rms: 0.3717E-02   max: -.5422E-01   C at   46  1
       a = 12.250      CL =  1.7119
      Cm = -0.1324     CD =  0.03712   =>   CDf =  0.00588    CDp =  0.03124

 Side 1  free  transition at x/c =  0.2917   46
 Side 2 forced transition at x/c =  1.0000   68

   5   rms: 0.3476E-03   max: 0.3974E-02   C at   46  1
       a = 12.250      CL =  1.7120
      Cm = -0.1324     CD =  0.03712   =>   CDf =  0.00583    CDp =  0.03128

 Side 1  free  transition at x/c =  0.2916   46
 Side 2 forced transition at x/c =  1.0000   68

   6   rms: 0.8932E-05   max: 0.1639E-03   C at   68  2
       a = 12.250      CL =  1.7120
      Cm = -0.1324     CD =  0.03712   =>   CDf =  0.00584    CDp =  0.03128
 plradd ia,ip,cpol           39           0  1.41534838E-04

 Point added to stored polar  1
 Point written to save file  fx76mp120_Re300k.base.pol                       
 Dump file unspecified or not available
 Calculating wake trajectory ...
 Calculating source influence matrix ...

 Solving BL system ...

 Side 1  free  transition at x/c =  0.2916   46
 Side 2 forced transition at x/c =  1.0000   68

   1   rms: 0.4252E-01   max: 0.3256E+00   C at   46  1   RLX: 0.588
       a = 12.500      CL =  1.7104
      Cm = -0.1310     CD =  0.03862   =>   CDf =  0.00584    CDp =  0.03278

 Side 1  free  transition at x/c =  0.2828   45
 Side 2 forced transition at x/c =  1.0000   68

   2   rms: 0.1737E-01   max: 0.1394E+00   C at   45  1
       a = 12.500      CL =  1.7141
      Cm = -0.1305     CD =  0.03915   =>   CDf =  0.00582    CDp =  0.03333

 Side 1  free  transition at x/c =  0.2741   44
 Side 2 forced transition at x/c =  1.0000   68

   3   rms: 0.3078E-02   max: -.3987E-01   C at   44  1
       a = 12.500      CL =  1.7121
      Cm = -0.1303     CD =  0.03925   =>   CDf =  0.00588    CDp =  0.03337

 Side 1  free  transition at x/c =  0.2754   44
 Side 2 forced transition at x/c =  1.0000   68

   4   rms: 0.5980E-04   max: -.8401E-03   C at   44  1
       a = 12.500      CL =  1.7121
      Cm = -0.1302     CD =  0.03924   =>   CDf =  0.00587    CDp =  0.03337
 plradd ia,ip,cpol           40           0  1.41534838E-04

 Point added to stored polar  1
 Point written to save file  fx76mp120_Re300k.base.pol                       
 Dump file unspecified or not available
 Calculating wake trajectory ...
 Calculating source influence matrix ...

 Solving BL system ...

 Side 1  free  transition at x/c =  0.2754   44
 Side 2 forced transition at x/c =  1.0000   68

   1   rms: 0.3473E-01   max: 0.1269E+00   C at   44  1   RLX: 0.576
       a = 12.750      CL =  1.7168
      Cm = -0.1295     CD =  0.04022   =>   CDf =  0.00540    CDp =  0.03483

 Side 1  free  transition at x/c =  0.2623   45
 Side 2 forced transition at x/c =  1.0000   67

   2   rms: 0.1624E-01   max: -.7805E-01   D at   45  1
       a = 12.750      CL =  1.7117
      Cm = -0.1282     CD =  0.04160   =>   CDf =  0.00592    CDp =  0.03568

 Side 1  free  transition at x/c =  0.2595   44
 Side 2 forced transition at x/c =  1.0000   67

   3   rms: 0.1031E-02   max: -.6673E-02   D at    4  1
       a = 12.750      CL =  1.7124
      Cm = -0.1282     CD =  0.04141   =>   CDf =  0.00587    CDp =  0.03554

 Side 1  free  transition at x/c =  0.2590   44
 Side 2 forced transition at x/c =  1.0000   67

   4   rms: 0.1875E-04   max: -.1646E-03   C at   44  1
       a = 12.750      CL =  1.7124
      Cm = -0.1282     CD =  0.04141   =>   CDf =  0.00587    CDp =  0.03554
 plradd ia,ip,cpol           41           0  1.41534838E-04

 Point added to stored polar  1
 Point written to save file  fx76mp120_Re300k.base.pol                       
 Dump file unspecified or not available
 Calculating wake trajectory ...
 Calculating source influence matrix ...

 Solving BL system ...

 Side 1  free  transition at x/c =  0.2590   44
 Side 2 forced transition at x/c =  1.0000   67

   1   rms: 0.3546E-01   max: 0.2266E+00   C at   44  1   RLX: 0.558
       a = 13.000      CL =  1.7162
      Cm = -0.1275     CD =  0.04247   =>   CDf =  0.00587    CDp =  0.03660

 Side 1  free  transition at x/c =  0.2470   44
 Side 2 forced transition at x/c =  1.0000   67

   2   rms: 0.1708E-01   max: 0.8331E-01   D at   74  1
       a = 13.000      CL =  1.7111
      Cm = -0.1262     CD =  0.04396   =>   CDf =  0.00594    CDp =  0.03802

 Side 1  free  transition at x/c =  0.2438   43
 Side 2 forced transition at x/c =  1.0000   67

   3   rms: 0.1526E-02   max: -.1156E-01   D at   45  1
       a = 13.000      CL =  1.7124
      Cm = -0.1263     CD =  0.04369   =>   CDf =  0.00589    CDp =  0.03780

 Side 1  free  transition at x/c =  0.2431   43
 Side 2 forced transition at x/c =  1.0000   67

   4   rms: 0.3403E-04   max: -.4593E-03   C at   43  1
       a = 13.000      CL =  1.7124
      Cm = -0.1263     CD =  0.04369   =>   CDf =  0.00589    CDp =  0.03780
 plradd ia,ip,cpol           42           0  1.41534838E-04

 Point added to stored polar  1
 Point written to save file  fx76mp120_Re300k.base.pol                       
 Dump file unspecified or not available
 Calculating wake trajectory ...
 Calculating source influence matrix ...

 Solving BL system ...

 Side 1  free  transition at x/c =  0.2431   43
 Side 2 forced transition at x/c =  1.0000   67

   1   rms: 0.3716E-01   max: 0.2985E+00   C at   43  1   RLX: 0.539
       a = 13.250      CL =  1.7149
      Cm = -0.1255     CD =  0.04487   =>   CDf =  0.00589    CDp =  0.03898

 Side 1  free  transition at x/c =  0.2314   42
 Side 2 forced transition at x/c =  1.0000   67

   2   rms: 0.1516E-01   max: 0.5992E-01   D at   73  1
       a = 13.250      CL =  1.7140
      Cm = -0.1246     CD =  0.04603   =>   CDf =  0.00597    CDp =  0.04006

 Side 1  free  transition at x/c =  0.2245   42
 Side 2 forced transition at x/c =  1.0000   67

   3   rms: 0.3948E-02   max: -.4932E-01   C at   42  1
       a = 13.250      CL =  1.7115
      Cm = -0.1244     CD =  0.04616   =>   CDf =  0.00594    CDp =  0.04022

 Side 1  free  transition at x/c =  0.2261   42
 Side 2 forced transition at x/c =  1.0000   67

   4   rms: 0.1424E-03   max: -.1914E-02   C at   42  1
       a = 13.250      CL =  1.7114
      Cm = -0.1244     CD =  0.04614   =>   CDf =  0.00592    CDp =  0.04022

 Side 1  free  transition at x/c =  0.2262   42
 Side 2 forced transition at x/c =  1.0000   67

   5   rms: 0.3851E-05   max: 0.2251E-04   C at   67  2
       a = 13.250      CL =  1.7114
      Cm = -0.1244     CD =  0.04614   =>   CDf =  0.00592    CDp =  0.04022
 plradd ia,ip,cpol           43           0  1.41534838E-04

 Point added to stored polar  1
 Point written to save file  fx76mp120_Re300k.base.pol                       
 Dump file unspecified or not available
 Calculating wake trajectory ...
 Calculating source influence matrix ...

 Solving BL system ...

 Side 1  free  transition at x/c =  0.2262   42
 Side 2 forced transition at x/c =  1.0000   67

   1   rms: 0.3882E-01   max: 0.3701E+00   C at   42  1   RLX: 0.522
       a = 13.500      CL =  1.7124
      Cm = -0.1236     CD =  0.04747   =>   CDf =  0.00592    CDp =  0.04155

 Side 1  free  transition at x/c =  0.2164   41
 Side 2 forced transition at x/c =  1.0000   67

   2   rms: 0.1542E-01   max: -.5996E-01   D at   41  1
       a = 13.500      CL =  1.7131
      Cm = -0.1229     CD =  0.04855   =>   CDf =  0.00599    CDp =  0.04257

 Side 1  free  transition at x/c =  0.2085   41
 Side 2 forced transition at x/c =  1.0000   67

   3   rms: 0.4185E-02   max: -.5795E-01   C at   41  1
       a = 13.500      CL =  1.7106
      Cm = -0.1227     CD =  0.04866   =>   CDf =  0.00597    CDp =  0.04269

 Side 1  free  transition at x/c =  0.2102   41
 Side 2 forced transition at x/c =  1.0000   67

   4   rms: 0.1363E-03   max: -.1982E-02   C at   41  1
       a = 13.500      CL =  1.7106
      Cm = -0.1227     CD =  0.04864   =>   CDf =  0.00595    CDp =  0.04270

 Side 1  free  transition at x/c =  0.2103   41
 Side 2 forced transition at x/c =  1.0000   67

   5   rms: 0.5217E-05   max: 0.4687E-04   C at   67  2
       a = 13.500      CL =  1.7106
      Cm = -0.1227     CD =  0.04864   =>   CDf =  0.00595    CDp =  0.04270
 plradd ia,ip,cpol           44           0 -5.53363826E-08

 Point added to stored polar  1
 Point written to save file  fx76mp120_Re300k.base.pol                       
 Dump file unspecified or not available
 Calculating wake trajectory ...
 Calculating source influence matrix ...

 Solving BL system ...

 Side 1  free  transition at x/c =  0.2103   41
 Side 2 forced transition at x/c =  1.0000   67

   1   rms: 0.3913E-01   max: 0.3900E+00   C at   41  1   RLX: 0.506
       a = 13.750      CL =  1.7112
      Cm = -0.1220     CD =  0.05001   =>   CDf =  0.00595    CDp =  0.04406

 Side 1  free  transition at x/c =  0.2014   40
 Side 2 forced transition at x/c =  1.0000   67

   2   rms: 0.1632E-01   max: 0.6685E-01   C at   40  1
       a = 13.750      CL =  1.7119
      Cm = -0.1212     CD =  0.05119   =>   CDf =  0.00600    CDp =  0.04519

 Side 1  free  transition at x/c =  0.1928   40
 Side 2 forced transition at x/c =  1.0000   67

   3   rms: 0.4941E-02   max: -.7245E-01   C at   40  1
       a = 13.750      CL =  1.7092
      Cm = -0.1210     CD =  0.05129   =>   CDf =  0.00600    CDp =  0.04529

 Side 1  free  transition at x/c =  0.1948   40
 Side 2 forced transition at x/c =  1.0000   67

   4   rms: 0.1605E-03   max: -.2134E-02   C at   40  1
       a = 13.750      CL =  1.7092
      Cm = -0.1210     CD =  0.05127   =>   CDf =  0.00597    CDp =  0.04530

 Side 1  free  transition at x/c =  0.1949   40
 Side 2 forced transition at x/c =  1.0000   67

   5   rms: 0.1436E-04   max: 0.1490E-03   C at   67  2
       a = 13.750      CL =  1.7092
      Cm = -0.1210     CD =  0.05127   =>   CDf =  0.00597    CDp =  0.04530
 plradd ia,ip,cpol           45           0 -5.53363826E-08

 Point added to stored polar  1
 Point written to save file  fx76mp120_Re300k.base.pol                       
 Dump file unspecified or not available
 Calculating wake trajectory ...
 Calculating source influence matrix ...

 Solving BL system ...

 Side 1  free  transition at x/c =  0.1949   40
 Side 2 forced transition at x/c =  1.0000   67

   1   rms: 0.4269E-01   max: 0.4698E+00   C at   40  1   RLX: 0.490
       a = 14.000      CL =  1.7085
      Cm = -0.1203     CD =  0.05280   =>   CDf =  0.00597    CDp =  0.04683

 Side 1  free  transition at x/c =  0.1861   39
 Side 2 forced transition at x/c =  1.0000   67

   2   rms: 0.1825E-01   max: 0.1366E+00   C at   39  1
       a = 14.000      CL =  1.7095
      Cm = -0.1196     CD =  0.05402   =>   CDf =  0.00601    CDp =  0.04801

 Side 1  free  transition at x/c =  0.1753   39
 Side 2 forced transition at x/c =  1.0000   67

   3   rms: 0.7265E-02   max: -.9697E-01   C at   39  1
       a = 14.000      CL =  1.7059
      Cm = -0.1194     CD =  0.05422   =>   CDf =  0.00607    CDp =  0.04815

 Side 1  free  transition at x/c =  0.1781   39
 Side 2 forced transition at x/c =  1.0000   67

   4   rms: 0.2345E-03   max: -.1569E-02   C at   67  2
       a = 14.000      CL =  1.7058
      Cm = -0.1194     CD =  0.05419   =>   CDf =  0.00601    CDp =  0.04818

 Side 1  free  transition at x/c =  0.1782   39
 Side 2 forced transition at x/c =  1.0000   67

   5   rms: 0.1822E-04   max: 0.1392E-03   C at   39  1
       a = 14.000      CL =  1.7058
      Cm = -0.1194     CD =  0.05420   =>   CDf =  0.00601    CDp =  0.04818
 plradd ia,ip,cpol           46           0 -5.53363826E-08

 Point added to stored polar  1
 Point written to save file  fx76mp120_Re300k.base.pol                       
 Dump file unspecified or not available
 Calculating wake trajectory ...
 Calculating source influence matrix ...

 Solving BL system ...

 Side 1  free  transition at x/c =  0.1782   39
 Side 2 forced transition at x/c =  1.0000   67

   1   rms: 0.4398E-01   max: 0.4690E+00   C at   39  1   RLX: 0.474
       a = 14.250      CL =  1.7039
      Cm = -0.1187     CD =  0.05587   =>   CDf =  0.00601    CDp =  0.04986

 Side 1  free  transition at x/c =  0.1709   38
 Side 2 forced transition at x/c =  1.0000   67

   2   rms: 0.2074E-01   max: 0.2299E+00   C at   38  1
       a = 14.250      CL =  1.7060
      Cm = -0.1181     CD =  0.05701   =>   CDf =  0.00603    CDp =  0.05099

 Side 1  free  transition at x/c =  0.1591   37
 Side 2 forced transition at x/c =  1.0000   67

   3   rms: 0.7393E-02   max: -.9338E-01   C at   37  1
       a = 14.250      CL =  1.7009
      Cm = -0.1179     CD =  0.05743   =>   CDf =  0.00610    CDp =  0.05133

 Side 1  free  transition at x/c =  0.1621   38
 Side 2 forced transition at x/c =  1.0000   67

   4   rms: 0.1607E-02   max: -.1783E-01   C at   38  1
       a = 14.250      CL =  1.7018
      Cm = -0.1179     CD =  0.05725   =>   CDf =  0.00606    CDp =  0.05119

 Side 1  free  transition at x/c =  0.1620   38
 Side 2 forced transition at x/c =  1.0000   67

   5   rms: 0.1242E-03   max: 0.1374E-02   C at   38  1
       a = 14.250      CL =  1.7019
      Cm = -0.1179     CD =  0.05726   =>   CDf =  0.00605    CDp =  0.05121

 Side 1  free  transition at x/c =  0.1620   38
 Side 2 forced transition at x/c =  1.0000   67

   6   rms: 0.3942E-05   max: 0.6645E-04   C at   67  2
       a = 14.250      CL =  1.7019
      Cm = -0.1179     CD =  0.05726   =>   CDf =  0.00606    CDp =  0.05121
 plradd ia,ip,cpol           47           0 -5.53363826E-08

 Point added to stored polar  1
 Point written to save file  fx76mp120_Re300k.base.pol                       
 Dump file unspecified or not available
 Calculating wake trajectory ...
 Calculating source influence matrix ...

 Solving BL system ...

 Side 1  free  transition at x/c =  0.1620   38
 Side 2 forced transition at x/c =  1.0000   67

   1   rms: 0.4519E-01   max: 0.4391E+00   C at   38  1   RLX: 0.459
       a = 14.500      CL =  1.6988
      Cm = -0.1173     CD =  0.05909   =>   CDf =  0.00606    CDp =  0.05303

 Side 1  free  transition at x/c =  0.1556   37
 Side 2 forced transition at x/c =  1.0000   67

   2   rms: 0.2439E-01   max: 0.3308E+00   C at   37  1
       a = 14.500      CL =  1.7012
      Cm = -0.1167     CD =  0.06027   =>   CDf =  0.00604    CDp =  0.05423

 Side 1  free  transition at x/c =  0.1430   36
 Side 2 forced transition at x/c =  1.0000   67

   3   rms: 0.5314E-02   max: -.8365E-01   C at   36  1
       a = 14.500      CL =  1.6981
      Cm = -0.1166     CD =  0.06042   =>   CDf =  0.00611    CDp =  0.05430

 Side 1  free  transition at x/c =  0.1454   36
 Side 2 forced transition at x/c =  1.0000   67

   4   rms: 0.3089E-03   max: -.5026E-02   C at   36  1
       a = 14.500      CL =  1.6980
      Cm = -0.1165     CD =  0.06039   =>   CDf =  0.00609    CDp =  0.05430

 Side 1  free  transition at x/c =  0.1455   36
 Side 2 forced transition at x/c =  1.0000   67

   5   rms: 0.4844E-05   max: -.6491E-04   C at   67  2
       a = 14.500      CL =  1.6980
      Cm = -0.1165     CD =  0.06039   =>   CDf =  0.00609    CDp =  0.05430
 plradd ia,ip,cpol           48           0 -5.53363826E-08

 Point added to stored polar  1
 Point written to save file  fx76mp120_Re300k.base.pol                       
 Dump file unspecified or not available
 Calculating wake trajectory ...
 Calculating source influence matrix ...

 Solving BL system ...

 Side 1  free  transition at x/c =  0.1455   36
 Side 2 forced transition at x/c =  1.0000   67

   1   rms: 0.3836E-01   max: 0.4348E+00   C at   36  1   RLX: 0.450
       a = 14.750      CL =  1.6992
      Cm = -0.1161     CD =  0.06170   =>   CDf =  0.00609    CDp =  0.05561

 Side 1  free  transition at x/c =  0.1341   36
 Side 2 forced transition at x/c =  1.0000   67

   2   rms: 0.2354E-01   max: 0.1506E+00   C at   36  1
       a = 14.750      CL =  1.6916
      Cm = -0.1154     CD =  0.06434   =>   CDf =  0.00617    CDp =  0.05817

 Side 1  free  transition at x/c =  0.1285   35
 Side 2 forced transition at x/c =  1.0000   67

   3   rms: 0.2981E-02   max: 0.4600E-01   C at   35  1
       a = 14.750      CL =  1.6929
      Cm = -0.1153     CD =  0.06375   =>   CDf =  0.00612    CDp =  0.05764

 Side 1  free  transition at x/c =  0.1273   35
 Side 2 forced transition at x/c =  1.0000   67

   4   rms: 0.4251E-04   max: 0.2518E-03   D at   68  1
       a = 14.750      CL =  1.6928
      Cm = -0.1153     CD =  0.06376   =>   CDf =  0.00613    CDp =  0.05763
 plradd ia,ip,cpol           49           0 -5.53363826E-08

 Point added to stored polar  1
 Point written to save file  fx76mp120_Re300k.base.pol                       
 Dump file unspecified or not available
 Calculating wake trajectory ...
 Calculating source influence matrix ...

 Solving BL system ...

 Side 1  free  transition at x/c =  0.1274   35
 Side 2 forced transition at x/c =  1.0000   67

   1   rms: 0.4765E-01   max: 0.6815E+00   C at   35  1   RLX: 0.435
       a = 15.000      CL =  1.6913
      Cm = -0.1149     CD =  0.06545   =>   CDf =  0.00564    CDp =  0.05980

 Side 1  free  transition at x/c =  0.1179   35
 Side 2 forced transition at x/c =  1.0000   66

   2   rms: 0.3532E-01   max: 0.4369E+00   T at    2  1
       a = 15.000      CL =  1.6882
      Cm = -0.1143     CD =  0.06757   =>   CDf =  0.00618    CDp =  0.06140

 Side 1  free  transition at x/c =  0.1053   34
 Side 2 forced transition at x/c =  1.0000   66

   3   rms: 0.8530E-02   max: -.1500E+00   C at   34  1
       a = 15.000      CL =  1.6837
      Cm = -0.1141     CD =  0.06778   =>   CDf =  0.00624    CDp =  0.06153

 Side 1  free  transition at x/c =  0.1090   35
 Side 2 forced transition at x/c =  1.0000   66

   4   rms: 0.6920E-03   max: -.6191E-02   D at   34  1
       a = 15.000      CL =  1.6842
      Cm = -0.1141     CD =  0.06764   =>   CDf =  0.00619    CDp =  0.06145

 Side 1  free  transition at x/c =  0.1087   35
 Side 2 forced transition at x/c =  1.0000   66

   5   rms: 0.3651E-04   max: 0.3390E-03   C at   35  1
       a = 15.000      CL =  1.6842
      Cm = -0.1141     CD =  0.06765   =>   CDf =  0.00620    CDp =  0.06145
 plradd ia,ip,cpol           50           0 -5.53363826E-08

 Point added to stored polar  1
 Point written to save file  fx76mp120_Re300k.base.pol                       
 Dump file unspecified or not available
 Calculating wake trajectory ...
 Calculating source influence matrix ...

 Solving BL system ...

 Side 1  free  transition at x/c =  0.1087   35
 Side 2 forced transition at x/c =  1.0000   66

   1   rms: 0.5498E-01   max: 0.7002E+00   C at   35  1   RLX: 0.419
       a = 15.250      CL =  1.6798
      Cm = -0.1137     CD =  0.06974   =>   CDf =  0.00620    CDp =  0.06355

 Side 1  free  transition at x/c =  0.1007   34
 Side 2 forced transition at x/c =  1.0000   66

   2   rms: 0.3649E-01   max: 0.6110E+00   C at   34  1
       a = 15.250      CL =  1.6754
      Cm = -0.1132     CD =  0.07216   =>   CDf =  0.00621    CDp =  0.06595

 Side 1  free  transition at x/c =  0.0858   33
 Side 2 forced transition at x/c =  1.0000   66

   3   rms: 0.5247E-02   max: -.7860E-01   C at   33  1
       a = 15.250      CL =  1.6735
      Cm = -0.1130     CD =  0.07194   =>   CDf =  0.00632    CDp =  0.06562

 Side 1  free  transition at x/c =  0.0874   33
 Side 2 forced transition at x/c =  1.0000   66

   4   rms: 0.2353E-03   max: -.4038E-02   C at   33  1
       a = 15.250      CL =  1.6735
      Cm = -0.1130     CD =  0.07190   =>   CDf =  0.00629    CDp =  0.06561

 Side 1  free  transition at x/c =  0.0875   33
 Side 2 forced transition at x/c =  1.0000   66

   5   rms: 0.1661E-04   max: 0.2810E-03   C at   33  1
       a = 15.250      CL =  1.6735
      Cm = -0.1130     CD =  0.07190   =>   CDf =  0.00629    CDp =  0.06561
 plradd ia,ip,cpol           51           0 -5.53363826E-08

 Point added to stored polar  1
 Point written to save file  fx76mp120_Re300k.base.pol                       
 Dump file unspecified or not available
 Calculating wake trajectory ...
 Calculating source influence matrix ...

 Solving BL system ...

 Side 1  free  transition at x/c =  0.0875   33
 Side 2 forced transition at x/c =  1.0000   66

   1   rms: 0.6214E-01   max: 0.1025E+01   C at   33  1   RLX: 0.406
       a = 15.500      CL =  1.6692
      Cm = -0.1128     CD =  0.07402   =>   CDf =  0.00629    CDp =  0.06773

 Side 1  free  transition at x/c =  0.0785   32
 Side 2 forced transition at x/c =  1.0000   66

   2   rms: 0.3773E-01   max: 0.6502E+00   C at   32  1
       a = 15.500      CL =  1.6622
      Cm = -0.1123     CD =  0.07697   =>   CDf =  0.00634    CDp =  0.07063

 Side 1  free  transition at x/c =  0.0654   31
 Side 2 forced transition at x/c =  1.0000   66

   3   rms: 0.5926E-02   max: -.1020E+00   C at   31  1
       a = 15.500      CL =  1.6599
      Cm = -0.1122     CD =  0.07670   =>   CDf =  0.00643    CDp =  0.07027

 Side 1  free  transition at x/c =  0.0672   31
 Side 2 forced transition at x/c =  1.0000   66

   4   rms: 0.3863E-03   max: -.7815E-02   C at   31  1
       a = 15.500      CL =  1.6598
      Cm = -0.1121     CD =  0.07665   =>   CDf =  0.00640    CDp =  0.07025

 Side 1  free  transition at x/c =  0.0673   31
 Side 2 forced transition at x/c =  1.0000   66

   5   rms: 0.2174E-04   max: 0.3862E-03   C at   31  1
       a = 15.500      CL =  1.6598
      Cm = -0.1121     CD =  0.07665   =>   CDf =  0.00640    CDp =  0.07025
 plradd ia,ip,cpol           52           0 -5.53363826E-08

 Point added to stored polar  1
 Point written to save file  fx76mp120_Re300k.base.pol                       
 Dump file unspecified or not available
 Calculating wake trajectory ...
 Calculating source influence matrix ...

 Solving BL system ...

 Side 1  free  transition at x/c =  0.0673   31
 Side 2 forced transition at x/c =  1.0000   66

   1   rms: 0.6735E-01   max: 0.1230E+01   C at   31  1   RLX: 0.393
       a = 15.750      CL =  1.6555
      Cm = -0.1120     CD =  0.07879   =>   CDf =  0.00640    CDp =  0.07239

 Side 1  free  transition at x/c =  0.0582   30
 Side 2 forced transition at x/c =  1.0000   66

   2   rms: 0.3599E-01   max: 0.5874E+00   C at   30  1
       a = 15.750      CL =  1.6473
      Cm = -0.1117     CD =  0.08213   =>   CDf =  0.00648    CDp =  0.07565

 Side 1  free  transition at x/c =  0.0478   29
 Side 2 forced transition at x/c =  1.0000   66

   3   rms: 0.7849E-02   max: -.1477E+00   C at   29  1
       a = 15.750      CL =  1.6441
      Cm = -0.1115     CD =  0.08191   =>   CDf =  0.00654    CDp =  0.07537

 Side 1  free  transition at x/c =  0.0499   29
 Side 2 forced transition at x/c =  1.0000   66

   4   rms: 0.4942E-03   max: -.1020E-01   C at   29  1
       a = 15.750      CL =  1.6441
      Cm = -0.1115     CD =  0.08184   =>   CDf =  0.00650    CDp =  0.07534

 Side 1  free  transition at x/c =  0.0499   29
 Side 2 forced transition at x/c =  1.0000   66

   5   rms: 0.2859E-04   max: 0.5073E-03   C at   29  1
       a = 15.750      CL =  1.6441
      Cm = -0.1115     CD =  0.08184   =>   CDf =  0.00650    CDp =  0.07534
 plradd ia,ip,cpol           53           0 -5.53363826E-08

 Point added to stored polar  1
 Point written to save file  fx76mp120_Re300k.base.pol                       
 Dump file unspecified or not available
 Calculating wake trajectory ...
 Calculating source influence matrix ...

 Solving BL system ...

 Side 1  free  transition at x/c =  0.0499   29
 Side 2 forced transition at x/c =  1.0000   66

   1   rms: 0.6235E-01   max: 0.1135E+01   C at   29  1   RLX: 0.381
       a = 16.000      CL =  1.6409
      Cm = -0.1114     CD =  0.08388   =>   CDf =  0.00651    CDp =  0.07737

 Side 1  free  transition at x/c =  0.0424   29
 Side 2 forced transition at x/c =  1.0000   66

   2   rms: 0.3222E-01   max: 0.2655E+00   C at   29  1
       a = 16.000      CL =  1.6299
      Cm = -0.1113     CD =  0.08789   =>   CDf =  0.00658    CDp =  0.08132

 Side 1  free  transition at x/c =  0.0381   28
 Side 2 forced transition at x/c =  1.0000   66

   3   rms: 0.4204E-02   max: -.5678E-01   D at   29  1
       a = 16.000      CL =  1.6304
      Cm = -0.1111     CD =  0.08701   =>   CDf =  0.00652    CDp =  0.08049

 Side 1  free  transition at x/c =  0.0375   28
 Side 2 forced transition at x/c =  1.0000   66

   4   rms: 0.3384E-03   max: -.3892E-02   C at   28  1
       a = 16.000      CL =  1.6302
      Cm = -0.1111     CD =  0.08699   =>   CDf =  0.00654    CDp =  0.08045

 Side 1  free  transition at x/c =  0.0376   28
 Side 2 forced transition at x/c =  1.0000   66

   5   rms: 0.1088E-04   max: -.1455E-03   C at   66  2
       a = 16.000      CL =  1.6302
      Cm = -0.1111     CD =  0.08699   =>   CDf =  0.00654    CDp =  0.08045
 plradd ia,ip,cpol           54           0 -5.53363826E-08

 Point added to stored polar  1
 Point written to save file  fx76mp120_Re300k.base.pol                       
 Dump file unspecified or not available

.OPERva   c>  
 Polar accumulation disabled

.OPERv   c>  
 XFOIL   c>  
 XFOIL   c>  