
 ===================================================
  XFOIL Version 6.99
  Copyright (C) 2000   Mark Drela, Harold Youngren

  This software comes with ABSOLUTELY NO WARRANTY,
    subject to the GNU General Public License.

  Caveat computor
 ===================================================

 File  xfoil.def  not found

   QUIT    Exit program

  .OPER    Direct operating point(s)
  .MDES    Complex mapping design routine
  .QDES    Surface speed design routine
  .GDES    Geometry design routine

   SAVE f  Write airfoil to labeled coordinate file
   PSAV f  Write airfoil to plain coordinate file
   ISAV f  Write airfoil to ISES coordinate file
   MSAV f  Write airfoil to MSES coordinate file
   REVE    Reverse written-airfoil node ordering

   LOAD f  Read buffer airfoil from coordinate file
   NACA i  Set NACA 4,5-digit airfoil and buffer airfoil
   INTE    Set buffer airfoil by interpolating two airfoils
   NORM    Buffer airfoil normalization toggle
   XYCM rr Change CM reference location, currently  0.25000 0.00000

   BEND    Display structural properties of current airfoil

   PCOP    Set current-airfoil panel nodes directly from buffer airfoil points
   PANE    Set current-airfoil panel nodes ( 160 ) based on curvature
  .PPAR    Show/change paneling

  .PLOP    Plotting options

   WDEF f  Write  current-settings file
   RDEF f  Reread current-settings file
   NAME s  Specify new airfoil name
   NINC    Increment name version number

   Z       Zoom    | (available in all menus)
   U       Unzoom  | 

 XFOIL   c>  
 Labeled airfoil file.  Name:  FX 76-100                                       

 Number of input coordinate points:  97
 Counterclockwise ordering
 Max thickness =     0.100660  at x =   0.279
 Max camber    =    -0.000000  at x =   0.010

  LE  x,y  =   0.00000   0.00000  |   Chord =   1.00000
  TE  x,y  =   1.00000   0.00000  |

 Current airfoil nodes set from buffer airfoil nodes (  97 )

 XFOIL   c>  
 XFOIL   c>  
 Sharp trailing edge

 Paneling parameters used...
   Number of panel nodes       160
   Panel bunching parameter    1.000
   TE/LE panel density ratio   0.150
   Refined-area/LE panel density ratio    0.200
   Top    side refined area x/c limits  1.000 1.000
   Bottom side refined area x/c limits  1.000 1.000

 XFOIL   c>  
.OPERi   c>  
 Xtr/c     =  1.0000    top    side
 Xtr/c     =  1.0000    bottom side
 Ncrit     =    9.00   ( 0.070 % turb. level )
 Vacc      =  0.0100

 Klag  =  5.6000     Uxwt  =    1.00
 A     =  6.7000     B     =  0.7500       KCt = 0.01485
 CtiniK=  1.8000     CtiniX=  3.3000

..VPAR   c>  
..VPAR   c>  
.OPERi   c>  
 M  =    0.0000
 Re =    300000

.OPERv   c>  
.OPERv   c>  
.OPERv   c>  
 Polar  1 newly created for accumulation
 Airfoil archived with polar: FX 76-100                                       

Enter  polar save filename  OR  <return> for no file   s>  
 New polar save file available

Enter  polar dump filename  OR  <return> for no file   s>  
 Polar dump file will NOT be written

 Polar accumulation enabled

.OPERva   c>   Calculating unit vorticity distributions ...
 Calculating wake trajectory ...
 Calculating source influence matrix ...

 Solving BL system ...

 Initializing BL ...
    side            1  ...
 MRCHUE: Inverse mode at  65     Hk =   3.800
 MRCHUE: Inverse mode at  66     Hk =   4.181
 MRCHUE: Inverse mode at  67     Hk =   4.557
 MRCHUE: Inverse mode at  68     Hk =   4.925
 MRCHUE: Inverse mode at  69     Hk =   5.285
 MRCHUE: Inverse mode at  70     Hk =   5.631
 MRCHUE: Inverse mode at  71     Hk =   5.953
 MRCHUE: Inverse mode at  72     Hk =   6.232
 MRCHUE: Inverse mode at  73     Hk =   6.461
 MRCHUE: Inverse mode at  74     Hk =   6.643
 MRCHUE: Inverse mode at  75     Hk =   6.796
 MRCHUE: Inverse mode at  76     Hk =   6.895
    side            2  ...
 MRCHUE: Inverse mode at  29     Hk =   4.352
 MRCHUE: Inverse mode at  30     Hk =   5.188
 MRCHUE: Inverse mode at  31     Hk =   5.994
 MRCHUE: Inverse mode at  32     Hk =   6.777
 MRCHUE: Inverse mode at  33     Hk =   7.543
 MRCHUE: Inverse mode at  34     Hk =   7.328
 MRCHUE: Inverse mode at  35     Hk =   4.059
 MRCHUE: Inverse mode at  36     Hk =   2.500
 MRCHUE: Convergence failed at  86  side 2    Res =  0.2053E+01

 MRCHDU: Convergence failed at  88  side 2    Res =  0.1359E+00
 MRCHDU: Convergence failed at  89  side 2    Res =  0.2751E+00
 MRCHDU: Convergence failed at  90  side 2    Res =  0.3407E+00
 MRCHDU: Convergence failed at  91  side 2    Res =  0.3773E+00
 MRCHDU: Convergence failed at  92  side 2    Res =  0.3971E+00
 MRCHDU: Convergence failed at  93  side 2    Res =  0.4043E+00
 MRCHDU: Convergence failed at  94  side 2    Res =  0.4006E+00
 MRCHDU: Convergence failed at  95  side 2    Res =  0.3865E+00
 MRCHDU: Convergence failed at  96  side 2    Res =  0.3615E+00
 MRCHDU: Convergence failed at  97  side 2    Res =  0.3250E+00
 MRCHDU: Convergence failed at  98  side 2    Res =  0.2758E+00
 MRCHDU: Convergence failed at  99  side 2    Res =  0.2134E+00
 MRCHDU: Convergence failed at 100  side 2    Res =  0.1427E+00
 MRCHDU: Convergence failed at 101  side 2    Res =  0.6999E-01
 Side 1 forced transition at x/c =  1.0000   76
 Side 2  free  transition at x/c =  0.2282   34
 idif Ue xi dudx           1  0.17796443      2.60102749E-03   68.420822    
 Uenew xinew           2  7.25919381E-03  1.06096268E-04

   1   rms: 0.4170E+00   max: 0.2809E+01   D at  101  2   RLX: 0.357
       a = -4.000      CL = -0.5179
      Cm =  0.0120     CD =  0.00666   =>   CDf =  0.00706    CDp = -0.00040

 Side 1 forced transition at x/c =  1.0000   75
 Side 2  free  transition at x/c =  0.2350   36

   2   rms: 0.4313E+00   max: 0.5239E+01   T at    2  2   RLX: 0.190
       a = -4.000      CL = -0.5717
      Cm =  0.0234     CD =  0.00824   =>   CDf =  0.00697    CDp =  0.00127

 Side 1 forced transition at x/c =  1.0000   75
 Side 2  free  transition at x/c =  0.2306   35

   3   rms: 0.1665E+00   max: -.6567E+00   D at   87  2   RLX: 0.761
       a = -4.000      CL = -0.6593
      Cm =  0.0430     CD =  0.01036   =>   CDf =  0.00699    CDp =  0.00337

 Side 1 forced transition at x/c =  1.0000   75
 Side 2  free  transition at x/c =  0.2270   35

   4   rms: 0.5435E-01   max: -.3707E+00   D at   87  2
       a = -4.000      CL = -0.6115
      Cm =  0.0327     CD =  0.01099   =>   CDf =  0.00683    CDp =  0.00416

 Side 1 forced transition at x/c =  1.0000   75
 Side 2  free  transition at x/c =  0.2412   36

   5   rms: 0.5454E-01   max: -.3853E+00   C at   36  2
       a = -4.000      CL = -0.5616
      Cm =  0.0218     CD =  0.01076   =>   CDf =  0.00674    CDp =  0.00402

 Side 1 forced transition at x/c =  1.0000   75
 Side 2  free  transition at x/c =  0.2592   37

   6   rms: 0.1015E-01   max: -.1148E+00   C at   37  2
       a = -4.000      CL = -0.5540
      Cm =  0.0201     CD =  0.01075   =>   CDf =  0.00666    CDp =  0.00409

 Side 1 forced transition at x/c =  1.0000   75
 Side 2  free  transition at x/c =  0.2650   38

   7   rms: 0.4614E-02   max: -.6702E-01   C at   38  2
       a = -4.000      CL = -0.5542
      Cm =  0.0202     CD =  0.01072   =>   CDf =  0.00663    CDp =  0.00409

 Side 1 forced transition at x/c =  1.0000   75
 Side 2  free  transition at x/c =  0.2658   38

   8   rms: 0.1732E-03   max: 0.2703E-02   C at   38  2
       a = -4.000      CL = -0.5542
      Cm =  0.0202     CD =  0.01072   =>   CDf =  0.00661    CDp =  0.00412

 Side 1 forced transition at x/c =  1.0000   75
 Side 2  free  transition at x/c =  0.2658   38

   9   rms: 0.8882E-06   max: 0.7405E-05   D at    4  2
       a = -4.000      CL = -0.5542
      Cm =  0.0202     CD =  0.01072   =>   CDf =  0.00661    CDp =  0.00412
 plradd ia,ip,cpol            1           0  6.75477972E-03

 Point added to stored polar  1
 Point written to save file  fx76100_Re300k.base.pol                         
 Dump file unspecified or not available
 Calculating wake trajectory ...
 Calculating source influence matrix ...

 Solving BL system ...

 Side 1 forced transition at x/c =  1.0000   75
 Side 2  free  transition at x/c =  0.2658   38

   1   rms: 0.1026E+00   max: -.9541E+00   C at   38  2   RLX: 0.524
       a = -3.500      CL = -0.5334
      Cm =  0.0217     CD =  0.01043   =>   CDf =  0.00670    CDp =  0.00374

 Side 1 forced transition at x/c =  1.0000   76
 Side 2  free  transition at x/c =  0.2827   38

   2   rms: 0.5892E-01   max: -.4618E+00   C at   38  2
       a = -3.500      CL = -0.5139
      Cm =  0.0230     CD =  0.01026   =>   CDf =  0.00662    CDp =  0.00365

 Side 1 forced transition at x/c =  1.0000   76
 Side 2  free  transition at x/c =  0.3062   39

   3   rms: 0.1643E-01   max: -.1931E+00   C at   39  2
       a = -3.500      CL = -0.5132
      Cm =  0.0229     CD =  0.01036   =>   CDf =  0.00658    CDp =  0.00378

 Side 1 forced transition at x/c =  1.0000   76
 Side 2  free  transition at x/c =  0.3188   40

   4   rms: 0.1022E-01   max: 0.1807E+00   C at   40  2
       a = -3.500      CL = -0.5143
      Cm =  0.0230     CD =  0.01030   =>   CDf =  0.00640    CDp =  0.00390

 Side 1 forced transition at x/c =  1.0000   76
 Side 2  free  transition at x/c =  0.3156   40

   5   rms: 0.8536E-03   max: 0.1258E-01   C at   40  2
       a = -3.500      CL = -0.5143
      Cm =  0.0230     CD =  0.01030   =>   CDf =  0.00643    CDp =  0.00387

 Side 1 forced transition at x/c =  1.0000   76
 Side 2  free  transition at x/c =  0.3152   40

   6   rms: 0.5857E-05   max: -.6416E-04   D at   42  2
       a = -3.500      CL = -0.5143
      Cm =  0.0230     CD =  0.01030   =>   CDf =  0.00643    CDp =  0.00387
 plradd ia,ip,cpol            2           0  9.17246286E-03

 Point added to stored polar  1
 Point written to save file  fx76100_Re300k.base.pol                         
 Dump file unspecified or not available
 Calculating wake trajectory ...
 Calculating source influence matrix ...

 Solving BL system ...

 Side 1 forced transition at x/c =  1.0000   76
 Side 2  free  transition at x/c =  0.3152   40

   1   rms: 0.1023E+00   max: -.1068E+01   C at   40  2   RLX: 0.468
       a = -3.000      CL = -0.4956
      Cm =  0.0244     CD =  0.01009   =>   CDf =  0.00643    CDp =  0.00366

 Side 1 forced transition at x/c =  1.0000   76
 Side 2  free  transition at x/c =  0.3354   41

   2   rms: 0.5249E-01   max: -.4361E+00   C at   41  2
       a = -3.000      CL = -0.4734
      Cm =  0.0257     CD =  0.00999   =>   CDf =  0.00640    CDp =  0.00359

 Side 1 forced transition at x/c =  1.0000   76
 Side 2  free  transition at x/c =  0.3698   44

   3   rms: 0.2287E-01   max: -.3099E+00   C at   44  2
       a = -3.000      CL = -0.4760
      Cm =  0.0261     CD =  0.00981   =>   CDf =  0.00631    CDp =  0.00350

 Side 1 forced transition at x/c =  1.0000   76
 Side 2  free  transition at x/c =  0.3797   44

   4   rms: 0.1980E-02   max: 0.2872E-01   C at   44  2
       a = -3.000      CL = -0.4758
      Cm =  0.0261     CD =  0.00987   =>   CDf =  0.00616    CDp =  0.00371

 Side 1 forced transition at x/c =  1.0000   76
 Side 2  free  transition at x/c =  0.3781   44

   5   rms: 0.9696E-04   max: -.1691E-02   C at   44  2
       a = -3.000      CL = -0.4758
      Cm =  0.0261     CD =  0.00987   =>   CDf =  0.00617    CDp =  0.00370
 plradd ia,ip,cpol            3           0  1.21190343E-02

 Point added to stored polar  1
 Point written to save file  fx76100_Re300k.base.pol                         
 Dump file unspecified or not available
 Calculating wake trajectory ...
 Calculating source influence matrix ...

 Solving BL system ...

 Side 1 forced transition at x/c =  1.0000   76
 Side 2  free  transition at x/c =  0.3781   44

   1   rms: 0.1144E+00   max: -.1432E+01   C at   44  2   RLX: 0.349
       a = -2.500      CL = -0.4623
      Cm =  0.0271     CD =  0.00972   =>   CDf =  0.00624    CDp =  0.00349

 Side 1  free  transition at x/c =  0.9923   76
 Side 2  free  transition at x/c =  0.3996   44

   2   rms: 0.3649E+01   max: -.6569E+02   T at    2  1   RLX: 0.008
       a = -2.500      CL = -0.4608
      Cm =  0.0270     CD =  0.01046   =>   CDf =  0.00614    CDp =  0.00432

 Side 1  free  transition at x/c =  0.9923   76
 Side 2  free  transition at x/c =  0.4001   44

   3   rms: 0.5845E+00   max: -.9965E+01   D at    2  1   RLX: 0.050
       a = -2.500      CL = -0.4576
      Cm =  0.0267     CD =  0.01042   =>   CDf =  0.00614    CDp =  0.00428

 Side 1  free  transition at x/c =  0.9922   76
 Side 2  free  transition at x/c =  0.4035   45

   4   rms: 0.1211E+00   max: -.1515E+01   C at   45  2   RLX: 0.330
       a = -2.500      CL = -0.4395
      Cm =  0.0251     CD =  0.01000   =>   CDf =  0.00612    CDp =  0.00388

 Side 1  free  transition at x/c =  0.9917   76
 Side 2  free  transition at x/c =  0.4186   46

   5   rms: 0.8920E-01   max: -.1089E+01   C at   46  2   RLX: 0.459
       a = -2.500      CL = -0.4219
      Cm =  0.0235     CD =  0.00973   =>   CDf =  0.00609    CDp =  0.00364

 Side 1  free  transition at x/c =  0.9913   76
 Side 2  free  transition at x/c =  0.4364   47

   6   rms: 0.6572E-01   max: -.9590E+00   C at   47  2   RLX: 0.521
       a = -2.500      CL = -0.4113
      Cm =  0.0225     CD =  0.00956   =>   CDf =  0.00601    CDp =  0.00355

 Side 1  free  transition at x/c =  0.9910   76
 Side 2  free  transition at x/c =  0.4517   48

   7   rms: 0.4863E-01   max: -.7621E+00   C at   48  2   RLX: 0.656
       a = -2.500      CL = -0.4053
      Cm =  0.0220     CD =  0.00942   =>   CDf =  0.00593    CDp =  0.00348

 Side 1  free  transition at x/c =  0.9908   76
 Side 2  free  transition at x/c =  0.4674   49

   8   rms: 0.3052E-01   max: -.5129E+00   C at   49  2   RLX: 0.975
       a = -2.500      CL = -0.4027
      Cm =  0.0219     CD =  0.00930   =>   CDf =  0.00584    CDp =  0.00346

 Side 1  free  transition at x/c =  0.9907   76
 Side 2  free  transition at x/c =  0.4842   50

   9   rms: 0.8342E-02   max: -.1459E+00   C at   50  2
       a = -2.500      CL = -0.4025
      Cm =  0.0219     CD =  0.00933   =>   CDf =  0.00573    CDp =  0.00360

 Side 1  free  transition at x/c =  0.9907   76
 Side 2  free  transition at x/c =  0.4887   50

  10   rms: 0.2498E-03   max: -.4278E-02   C at   50  2
       a = -2.500      CL = -0.4025
      Cm =  0.0219     CD =  0.00933   =>   CDf =  0.00569    CDp =  0.00364

 Side 1  free  transition at x/c =  0.9907   76
 Side 2  free  transition at x/c =  0.4888   50

  11   rms: 0.2526E-05   max: -.4367E-04   C at   50  2
       a = -2.500      CL = -0.4025
      Cm =  0.0219     CD =  0.00933   =>   CDf =  0.00569    CDp =  0.00364
 plradd ia,ip,cpol            4           0  1.21190343E-02

 Point added to stored polar  1
 Point written to save file  fx76100_Re300k.base.pol                         
 Dump file unspecified or not available
 Calculating wake trajectory ...
 Calculating source influence matrix ...

 Solving BL system ...

 Side 1  free  transition at x/c =  0.9907   76
 Side 2  free  transition at x/c =  0.4888   50

   1   rms: 0.1714E+00   max: -.2448E+01   C at   50  2   RLX: 0.204
       a = -2.000      CL = -0.3867
      Cm =  0.0209     CD =  0.00923   =>   CDf =  0.00569    CDp =  0.00354

 Side 1  free  transition at x/c =  0.9888   75
 Side 2  free  transition at x/c =  0.5130   52

   2   rms: 0.1457E+00   max: -.2104E+01   C at   52  2   RLX: 0.238
       a = -2.000      CL = -0.3746
      Cm =  0.0205     CD =  0.00909   =>   CDf =  0.00560    CDp =  0.00349

 Side 1  free  transition at x/c =  0.9857   75
 Side 2  free  transition at x/c =  0.5301   53

   3   rms: 0.1094E+00   max: -.1527E+01   C at   53  2   RLX: 0.327
       a = -2.000      CL = -0.3593
      Cm =  0.0195     CD =  0.00905   =>   CDf =  0.00559    CDp =  0.00347

 Side 1  free  transition at x/c =  0.9832   76
 Side 2  free  transition at x/c =  0.5511   53

   4   rms: 0.1089E+01   max: -.1925E+02   T at    2  1   RLX: 0.026
       a = -2.000      CL = -0.3575
      Cm =  0.0192     CD =  0.00916   =>   CDf =  0.00547    CDp =  0.00369

 Side 1  free  transition at x/c =  0.9831   76
 Side 2  free  transition at x/c =  0.5526   53

   5   rms: 0.7232E-01   max: -.9331E+00   C at   53  2   RLX: 0.536
       a = -2.000      CL = -0.3407
      Cm =  0.0182     CD =  0.00897   =>   CDf =  0.00547    CDp =  0.00351

 Side 1  free  transition at x/c =  0.9812   76
 Side 2  free  transition at x/c =  0.5856   55

   6   rms: 0.5160E-01   max: -.8463E+00   C at   55  2   RLX: 0.591
       a = -2.000      CL = -0.3325
      Cm =  0.0179     CD =  0.00881   =>   CDf =  0.00528    CDp =  0.00353

 Side 1  free  transition at x/c =  0.9805   75
 Side 2  free  transition at x/c =  0.6027   57

   7   rms: 0.3038E-01   max: -.4808E+00   C at   57  2
       a = -2.000      CL = -0.3296
      Cm =  0.0182     CD =  0.00865   =>   CDf =  0.00526    CDp =  0.00340

 Side 1  free  transition at x/c =  0.9789   75
 Side 2  free  transition at x/c =  0.6213   58

   8   rms: 0.7314E-02   max: -.1208E+00   C at   58  2
       a = -2.000      CL = -0.3288
      Cm =  0.0181     CD =  0.00870   =>   CDf =  0.00514    CDp =  0.00356

 Side 1  free  transition at x/c =  0.9791   75
 Side 2  free  transition at x/c =  0.6258   58

   9   rms: 0.9585E-04   max: -.1172E-02   D at   61  2
       a = -2.000      CL = -0.3288
      Cm =  0.0181     CD =  0.00870   =>   CDf =  0.00510    CDp =  0.00359
 plradd ia,ip,cpol            5           0  1.57140195E-02

 Point added to stored polar  1
 Point written to save file  fx76100_Re300k.base.pol                         
 Dump file unspecified or not available
 Calculating wake trajectory ...
 Calculating source influence matrix ...

 Solving BL system ...

 Side 1  free  transition at x/c =  0.9791   75
 Side 2  free  transition at x/c =  0.6257   58

   1   rms: 0.1514E+00   max: -.2006E+01   C at   58  2   RLX: 0.249
       a = -1.500      CL = -0.3132
      Cm =  0.0178     CD =  0.00854   =>   CDf =  0.00510    CDp =  0.00343

 Side 1  free  transition at x/c =  0.9739   75
 Side 2  free  transition at x/c =  0.6488   59

   2   rms: 0.9173E-01   max: -.5049E+00   C at   59  2   RLX: 0.990
       a = -1.500      CL = -0.2479
      Cm =  0.0130     CD =  0.00840   =>   CDf =  0.00507    CDp =  0.00333

 Side 1  free  transition at x/c =  0.9653   75
 Side 2  free  transition at x/c =  0.7776   67
 idif Ue xi dudx           1  0.20899190      1.91628933E-03   109.06072    
 Uenew xinew           2  4.30334779E-03  3.94582748E-05

   3   rms: 0.4017E-01   max: 0.4864E+00   D at   59  2
       a = -1.500      CL = -0.2559
      Cm =  0.0154     CD =  0.00798   =>   CDf =  0.00458    CDp =  0.00340

 Side 1  free  transition at x/c =  0.9650   74
 Side 2  free  transition at x/c =  0.7620   67

   4   rms: 0.1414E-01   max: -.2065E+00   D at   68  2
       a = -1.500      CL = -0.2543
      Cm =  0.0148     CD =  0.00811   =>   CDf =  0.00456    CDp =  0.00355

 Side 1  free  transition at x/c =  0.9645   74
 Side 2  free  transition at x/c =  0.7431   66

   5   rms: 0.2570E-02   max: -.2544E-01   C at   66  2
       a = -1.500      CL = -0.2542
      Cm =  0.0148     CD =  0.00812   =>   CDf =  0.00463    CDp =  0.00349

 Side 1  free  transition at x/c =  0.9645   74
 Side 2  free  transition at x/c =  0.7433   66

   6   rms: 0.5868E-04   max: 0.9024E-03   C at   66  2
       a = -1.500      CL = -0.2542
      Cm =  0.0148     CD =  0.00812   =>   CDf =  0.00462    CDp =  0.00350
 plradd ia,ip,cpol            6           0  3.21781039E-02

 Point added to stored polar  1
 Point written to save file  fx76100_Re300k.base.pol                         
 Dump file unspecified or not available
 Calculating wake trajectory ...
 Calculating source influence matrix ...

 Solving BL system ...

 Side 1  free  transition at x/c =  0.9645   74
 Side 2  free  transition at x/c =  0.7432   66

   1   rms: 0.1486E+00   max: -.1708E+01   C at   66  2   RLX: 0.293
       a = -1.000      CL = -0.2312
      Cm =  0.0137     CD =  0.00794   =>   CDf =  0.00464    CDp =  0.00331

 Side 1  free  transition at x/c =  0.9605   75
 Side 2  free  transition at x/c =  0.7645   66

   2   rms: 0.9223E-01   max: -.6448E+00   C at   66  2   RLX: 0.775
       a = -1.000      CL = -0.1823
      Cm =  0.0101     CD =  0.00778   =>   CDf =  0.00457    CDp =  0.00321

 Side 1  free  transition at x/c =  0.9559   74
 Side 2  free  transition at x/c =  0.8108   69

   3   rms: 0.2725E-01   max: -.3507E+00   C at   69  2
       a = -1.000      CL = -0.1783
      Cm =  0.0117     CD =  0.00774   =>   CDf =  0.00440    CDp =  0.00334

 Side 1  free  transition at x/c =  0.9488   74
 Side 2  free  transition at x/c =  0.8252   70

   4   rms: 0.1565E-01   max: -.1331E+00   C at   70  2
       a = -1.000      CL = -0.1743
      Cm =  0.0108     CD =  0.00774   =>   CDf =  0.00436    CDp =  0.00338

 Side 1  free  transition at x/c =  0.9513   74
 Side 2  free  transition at x/c =  0.8312   70

   5   rms: 0.1644E-02   max: -.9539E-02   D at   78  1
       a = -1.000      CL = -0.1733
      Cm =  0.0106     CD =  0.00775   =>   CDf =  0.00432    CDp =  0.00343

 Side 1  free  transition at x/c =  0.9517   74
 Side 2  free  transition at x/c =  0.8310   70

   6   rms: 0.2116E-04   max: -.1276E-03   D at   79  1
       a = -1.000      CL = -0.1733
      Cm =  0.0106     CD =  0.00775   =>   CDf =  0.00432    CDp =  0.00343
 plradd ia,ip,cpol            7           0  4.99843284E-02

 Point added to stored polar  1
 Point written to save file  fx76100_Re300k.base.pol                         
 Dump file unspecified or not available
 Calculating wake trajectory ...
 Calculating source influence matrix ...

 Solving BL system ...

 Side 1  free  transition at x/c =  0.9517   74
 Side 2  free  transition at x/c =  0.8310   70

   1   rms: 0.1141E+00   max: -.5420E+00   C at   70  2   RLX: 0.922
       a = -0.500      CL = -0.0981
      Cm =  0.0066     CD =  0.00749   =>   CDf =  0.00433    CDp =  0.00316

 Side 1  free  transition at x/c =  0.9381   74
 Side 2  free  transition at x/c =  0.8763   72

   2   rms: 0.2369E-01   max: 0.1294E+00   D at   73  2
       a = -0.500      CL = -0.0831
      Cm =  0.0045     CD =  0.00755   =>   CDf =  0.00423    CDp =  0.00332

 Side 1  free  transition at x/c =  0.9400   74
 Side 2  free  transition at x/c =  0.8839   73

   3   rms: 0.7595E-02   max: -.7440E-01   C at   73  2
       a = -0.500      CL = -0.0870
      Cm =  0.0053     CD =  0.00757   =>   CDf =  0.00422    CDp =  0.00335

 Side 1  free  transition at x/c =  0.9383   74
 Side 2  free  transition at x/c =  0.8862   73

   4   rms: 0.8206E-03   max: -.3698E-02   D at   80  1
       a = -0.500      CL = -0.0862
      Cm =  0.0052     CD =  0.00757   =>   CDf =  0.00420    CDp =  0.00337

 Side 1  free  transition at x/c =  0.9386   74
 Side 2  free  transition at x/c =  0.8861   73

   5   rms: 0.8525E-05   max: -.5607E-04   D at   80  1
       a = -0.500      CL = -0.0862
      Cm =  0.0052     CD =  0.00757   =>   CDf =  0.00420    CDp =  0.00337
 plradd ia,ip,cpol            8           0  9.94518623E-02

 Point added to stored polar  1
 Point written to save file  fx76100_Re300k.base.pol                         
 Dump file unspecified or not available
 Calculating wake trajectory ...
 Calculating source influence matrix ...

 Solving BL system ...

 Side 1  free  transition at x/c =  0.9386   74
 Side 2  free  transition at x/c =  0.8861   73

   1   rms: 0.1197E+00   max: 0.4059E+00   D at   75  2
       a =  0.000      CL =  0.0026
      Cm = -0.0004     CD =  0.00744   =>   CDf =  0.00421    CDp =  0.00323

 Side 1  free  transition at x/c =  0.9193   74
 Side 2  free  transition at x/c =  0.9088   73

   2   rms: 0.3633E-01   max: -.2782E+00   D at   75  2
       a =  0.000      CL = -0.0192
      Cm =  0.0040     CD =  0.00748   =>   CDf =  0.00420    CDp =  0.00328

 MRCHDU: Convergence failed at  81  side 2    Res =  0.8847E+01
 Side 1  free  transition at x/c =  0.9144   74
 Side 2  free  transition at x/c =  0.9326   75

   3   rms: 0.3908E-01   max: 0.2999E+00   C at   75  2
       a =  0.000      CL = -0.0096
      Cm =  0.0020     CD =  0.00736   =>   CDf =  0.00418    CDp =  0.00318

 Side 1  free  transition at x/c =  0.9172   74
 Side 2  free  transition at x/c =  0.9248   74

   4   rms: 0.1691E-01   max: 0.7928E-01   D at   75  2
       a =  0.000      CL =  0.0026
      Cm = -0.0006     CD =  0.00752   =>   CDf =  0.00417    CDp =  0.00335

 Side 1  free  transition at x/c =  0.9190   74
 Side 2  free  transition at x/c =  0.9162   74

   5   rms: 0.8166E-02   max: -.5355E-01   C at   74  2
       a =  0.000      CL = -0.0008
      Cm =  0.0002     CD =  0.00752   =>   CDf =  0.00418    CDp =  0.00334

 Side 1  free  transition at x/c =  0.9185   74
 Side 2  free  transition at x/c =  0.9186   74

   6   rms: 0.7225E-03   max: -.2730E-02   D at   81  2
       a =  0.000      CL = -0.0002
      Cm =  0.0000     CD =  0.00752   =>   CDf =  0.00417    CDp =  0.00335

 Side 1  free  transition at x/c =  0.9186   74
 Side 2  free  transition at x/c =  0.9184   74

   7   rms: 0.5832E-05   max: -.4651E-04   D at   75  2
       a =  0.000      CL = -0.0002
      Cm =  0.0000     CD =  0.00752   =>   CDf =  0.00417    CDp =  0.00335
 plradd ia,ip,cpol            9           0  0.11317156    

 Point added to stored polar  1
 Point written to save file  fx76100_Re300k.base.pol                         
 Dump file unspecified or not available
 Calculating wake trajectory ...
 Calculating source influence matrix ...

 Solving BL system ...

 Side 1  free  transition at x/c =  0.9186   74
 Side 2  free  transition at x/c =  0.9184   74

   1   rms: 0.1213E+00   max: 0.3384E+00   D at   80  2
       a =  0.500      CL =  0.0966
      Cm = -0.0074     CD =  0.00747   =>   CDf =  0.00418    CDp =  0.00329

 Side 1  free  transition at x/c =  0.8885   73
 Side 2  free  transition at x/c =  0.9359   74

   2   rms: 0.1468E-01   max: -.2054E+00   D at   74  1
       a =  0.500      CL =  0.0861
      Cm = -0.0051     CD =  0.00758   =>   CDf =  0.00419    CDp =  0.00339

 Side 1  free  transition at x/c =  0.8856   73
 Side 2  free  transition at x/c =  0.9386   74

   3   rms: 0.2109E-02   max: -.1163E-01   D at   80  2
       a =  0.500      CL =  0.0865
      Cm = -0.0052     CD =  0.00758   =>   CDf =  0.00420    CDp =  0.00337

 Side 1  free  transition at x/c =  0.8858   73
 Side 2  free  transition at x/c =  0.9388   74

   4   rms: 0.1580E-04   max: -.1097E-03   D at   82  1
       a =  0.500      CL =  0.0865
      Cm = -0.0052     CD =  0.00758   =>   CDf =  0.00420    CDp =  0.00337
 plradd ia,ip,cpol           10           0  9.94515643E-02

 Point added to stored polar  1
 Point written to save file  fx76100_Re300k.base.pol                         
 Dump file unspecified or not available
 Calculating wake trajectory ...
 Calculating source influence matrix ...

 Solving BL system ...

 Side 1  free  transition at x/c =  0.8858   73
 Side 2  free  transition at x/c =  0.9388   74

   1   rms: 0.1178E+00   max: 0.2369E+00   D at   78  2
       a =  1.000      CL =  0.1745
      Cm = -0.0107     CD =  0.00763   =>   CDf =  0.00421    CDp =  0.00342

 Side 1  free  transition at x/c =  0.8316   70
 Side 2  free  transition at x/c =  0.9533   74

   2   rms: 0.2404E-01   max: 0.2883E+00   D at   73  1
       a =  1.000      CL =  0.1740
      Cm = -0.0107     CD =  0.00773   =>   CDf =  0.00433    CDp =  0.00340

 Side 1  free  transition at x/c =  0.8331   70
 Side 2  free  transition at x/c =  0.9517   74

   3   rms: 0.2853E-02   max: -.4975E-01   D at   73  1
       a =  1.000      CL =  0.1735
      Cm = -0.0106     CD =  0.00775   =>   CDf =  0.00431    CDp =  0.00344

 Side 1  free  transition at x/c =  0.8317   70
 Side 2  free  transition at x/c =  0.9518   74

   4   rms: 0.7697E-04   max: -.1811E-02   D at   73  1
       a =  1.000      CL =  0.1735
      Cm = -0.0106     CD =  0.00775   =>   CDf =  0.00432    CDp =  0.00344
 plradd ia,ip,cpol           11           0  7.31801018E-02

 Point added to stored polar  1
 Point written to save file  fx76100_Re300k.base.pol                         
 Dump file unspecified or not available
 Calculating wake trajectory ...
 Calculating source influence matrix ...

 Solving BL system ...

 Side 1  free  transition at x/c =  0.8317   70
 Side 2  free  transition at x/c =  0.9518   74

   1   rms: 0.1143E+00   max: -.2237E+00   T at   74  2
       a =  1.500      CL =  0.2546
      Cm = -0.0149     CD =  0.00799   =>   CDf =  0.00432    CDp =  0.00367

 Side 1  free  transition at x/c =  0.7322   65
 Side 2  free  transition at x/c =  0.9639   74

   2   rms: 0.2855E-01   max: -.2940E+00   C at   65  1
       a =  1.500      CL =  0.2540
      Cm = -0.0147     CD =  0.00808   =>   CDf =  0.00473    CDp =  0.00336

 Side 1  free  transition at x/c =  0.7469   66
 Side 2  free  transition at x/c =  0.9646   74

   3   rms: 0.6333E-02   max: 0.8643E-01   C at   66  1
       a =  1.500      CL =  0.2542
      Cm = -0.0148     CD =  0.00812   =>   CDf =  0.00460    CDp =  0.00353

 Side 1  free  transition at x/c =  0.7428   65
 Side 2  free  transition at x/c =  0.9645   74

   4   rms: 0.2141E-03   max: -.3309E-02   D at   70  1
       a =  1.500      CL =  0.2542
      Cm = -0.0148     CD =  0.00813   =>   CDf =  0.00463    CDp =  0.00350

 Side 1  free  transition at x/c =  0.7428   65
 Side 2  free  transition at x/c =  0.9645   74

   5   rms: 0.1147E-05   max: 0.4937E-05   D at   77  2
       a =  1.500      CL =  0.2542
      Cm = -0.0148     CD =  0.00813   =>   CDf =  0.00463    CDp =  0.00350
 plradd ia,ip,cpol           12           0  3.21779363E-02

 Point added to stored polar  1
 Point written to save file  fx76100_Re300k.base.pol                         
 Dump file unspecified or not available
 Calculating wake trajectory ...
 Calculating source influence matrix ...

 Solving BL system ...

 Side 1  free  transition at x/c =  0.7428   65
 Side 2  free  transition at x/c =  0.9645   74

   1   rms: 0.1188E+00   max: 0.9641E+00   C at   65  1
       a =  2.000      CL =  0.3321
      Cm = -0.0187     CD =  0.00847   =>   CDf =  0.00463    CDp =  0.00384

 Side 1  free  transition at x/c =  0.6146   57
 Side 2  free  transition at x/c =  0.9771   75

   2   rms: 0.3023E-01   max: -.2799E+00   C at   57  1
       a =  2.000      CL =  0.3280
      Cm = -0.0179     CD =  0.00869   =>   CDf =  0.00523    CDp =  0.00346

 Side 1  free  transition at x/c =  0.6301   58
 Side 2  free  transition at x/c =  0.9790   75

   3   rms: 0.9077E-02   max: 0.1486E+00   C at   58  1
       a =  2.000      CL =  0.3283
      Cm = -0.0180     CD =  0.00870   =>   CDf =  0.00507    CDp =  0.00362

 Side 1  free  transition at x/c =  0.6244   58
 Side 2  free  transition at x/c =  0.9789   75

   4   rms: 0.2075E-03   max: -.3182E-02   D at   61  1
       a =  2.000      CL =  0.3283
      Cm = -0.0180     CD =  0.00870   =>   CDf =  0.00511    CDp =  0.00359

 Side 1  free  transition at x/c =  0.6243   58
 Side 2  free  transition at x/c =  0.9789   75

   5   rms: 0.1780E-05   max: 0.1878E-04   C at   58  1
       a =  2.000      CL =  0.3283
      Cm = -0.0180     CD =  0.00870   =>   CDf =  0.00511    CDp =  0.00359
 plradd ia,ip,cpol           13           0  2.01055743E-02

 Point added to stored polar  1
 Point written to save file  fx76100_Re300k.base.pol                         
 Dump file unspecified or not available
 Calculating wake trajectory ...
 Calculating source influence matrix ...

 Solving BL system ...

 Side 1  free  transition at x/c =  0.6243   58
 Side 2  free  transition at x/c =  0.9789   75

   1   rms: 0.1537E+00   max: 0.2066E+01   C at   58  1   RLX: 0.707
       a =  2.500      CL =  0.3733
      Cm = -0.0189     CD =  0.00918   =>   CDf =  0.00509    CDp =  0.00409

 Side 1  free  transition at x/c =  0.5303   53
 Side 2  free  transition at x/c =  0.9910   76

   2   rms: 0.4886E-01   max: -.3279E+00   D at   54  1
       a =  2.500      CL =  0.4037
      Cm = -0.0221     CD =  0.00924   =>   CDf =  0.00555    CDp =  0.00369

 Side 1  free  transition at x/c =  0.4863   50
 Side 2  free  transition at x/c =  0.9906   76

   3   rms: 0.1118E-01   max: 0.1580E+00   D at   52  1
       a =  2.500      CL =  0.4025
      Cm = -0.0219     CD =  0.00932   =>   CDf =  0.00572    CDp =  0.00360

 Side 1  free  transition at x/c =  0.4910   50
 Side 2  free  transition at x/c =  0.9907   76

   4   rms: 0.1044E-02   max: -.1723E-01   D at   52  1
       a =  2.500      CL =  0.4026
      Cm = -0.0219     CD =  0.00932   =>   CDf =  0.00568    CDp =  0.00364

 Side 1  free  transition at x/c =  0.4904   50
 Side 2  free  transition at x/c =  0.9907   76

   5   rms: 0.6601E-05   max: -.1485E-03   D at   52  1
       a =  2.500      CL =  0.4026
      Cm = -0.0219     CD =  0.00932   =>   CDf =  0.00568    CDp =  0.00364
 plradd ia,ip,cpol           14           0  1.21189607E-02

 Point added to stored polar  1
 Point written to save file  fx76100_Re300k.base.pol                         
 Dump file unspecified or not available
 Calculating wake trajectory ...
 Calculating source influence matrix ...

 Solving BL system ...

 Side 1  free  transition at x/c =  0.4904   50
 Side 2  free  transition at x/c =  0.9907   76

   1   rms: 0.1658E+00   max: 0.2337E+01   C at   50  1   RLX: 0.642
       a =  3.000      CL =  0.4527
      Cm = -0.0251     CD =  0.00961   =>   CDf =  0.00568    CDp =  0.00393

 Side 1  free  transition at x/c =  0.4054   45
 Side 2  free  transition at x/c =  0.9965   77

   2   rms: 0.4459E-01   max: -.3421E+00   D at   46  1
       a =  3.000      CL =  0.4801
      Cm = -0.0270     CD =  0.00982   =>   CDf =  0.00606    CDp =  0.00376

 Side 1  free  transition at x/c =  0.3765   44
 Side 2 forced transition at x/c =  1.0000   76

   3   rms: 0.9446E-02   max: -.9998E-01   C at   44  1
       a =  3.000      CL =  0.4756
      Cm = -0.0261     CD =  0.00987   =>   CDf =  0.00619    CDp =  0.00368

 Side 1  free  transition at x/c =  0.3792   44
 Side 2 forced transition at x/c =  1.0000   76

   4   rms: 0.4047E-03   max: 0.6231E-02   C at   44  1
       a =  3.000      CL =  0.4756
      Cm = -0.0261     CD =  0.00987   =>   CDf =  0.00616    CDp =  0.00370

 Side 1  free  transition at x/c =  0.3789   44
 Side 2 forced transition at x/c =  1.0000   76

   5   rms: 0.2365E-05   max: -.3718E-04   C at   44  1
       a =  3.000      CL =  0.4756
      Cm = -0.0261     CD =  0.00987   =>   CDf =  0.00617    CDp =  0.00370
 plradd ia,ip,cpol           15           0  1.21189607E-02

 Point added to stored polar  1
 Point written to save file  fx76100_Re300k.base.pol                         
 Dump file unspecified or not available
 Calculating wake trajectory ...
 Calculating source influence matrix ...

 Solving BL system ...

 Side 1  free  transition at x/c =  0.3789   44
 Side 2 forced transition at x/c =  1.0000   76

   1   rms: 0.1067E+00   max: 0.1274E+01   C at   44  1
       a =  3.500      CL =  0.5146
      Cm = -0.0231     CD =  0.01026   =>   CDf =  0.00617    CDp =  0.00409

 Side 1  free  transition at x/c =  0.3096   40
 Side 2 forced transition at x/c =  1.0000   76

   2   rms: 0.2959E-01   max: -.2895E+00   D at   40  1
       a =  3.500      CL =  0.5143
      Cm = -0.0230     CD =  0.01024   =>   CDf =  0.00653    CDp =  0.00371

 Side 1  free  transition at x/c =  0.3184   40
 Side 2 forced transition at x/c =  1.0000   76

   3   rms: 0.8323E-02   max: 0.1464E+00   C at   40  1
       a =  3.500      CL =  0.5141
      Cm = -0.0230     CD =  0.01030   =>   CDf =  0.00640    CDp =  0.00389

 Side 1  free  transition at x/c =  0.3142   40
 Side 2 forced transition at x/c =  1.0000   76

   4   rms: 0.3250E-03   max: -.3545E-02   C at   40  1
       a =  3.500      CL =  0.5141
      Cm = -0.0230     CD =  0.01030   =>   CDf =  0.00644    CDp =  0.00386

 Side 1  free  transition at x/c =  0.3143   40
 Side 2 forced transition at x/c =  1.0000   76

   5   rms: 0.1451E-05   max: 0.7479E-05   C at   40  1
       a =  3.500      CL =  0.5141
      Cm = -0.0230     CD =  0.01030   =>   CDf =  0.00644    CDp =  0.00386
 plradd ia,ip,cpol           16           0  9.17242002E-03

 Point added to stored polar  1
 Point written to save file  fx76100_Re300k.base.pol                         
 Dump file unspecified or not available
 Calculating wake trajectory ...
 Calculating source influence matrix ...

 Solving BL system ...

 Side 1  free  transition at x/c =  0.3143   40
 Side 2 forced transition at x/c =  1.0000   76

   1   rms: 0.1048E+00   max: 0.1140E+01   C at   40  1   RLX: 0.860
       a =  4.000      CL =  0.5479
      Cm = -0.0205     CD =  0.01072   =>   CDf =  0.00636    CDp =  0.00435

 Side 1  free  transition at x/c =  0.2699   38
 Side 2 forced transition at x/c =  1.0000   75

   2   rms: 0.2362E-01   max: 0.2453E+00   D at   40  1
       a =  4.000      CL =  0.5542
      Cm = -0.0202     CD =  0.01069   =>   CDf =  0.00664    CDp =  0.00406

 Side 1  free  transition at x/c =  0.2655   38
 Side 2 forced transition at x/c =  1.0000   75

   3   rms: 0.1759E-02   max: -.2346E-01   D at   40  1
       a =  4.000      CL =  0.5539
      Cm = -0.0201     CD =  0.01073   =>   CDf =  0.00661    CDp =  0.00412

 Side 1  free  transition at x/c =  0.2650   38
 Side 2 forced transition at x/c =  1.0000   75

   4   rms: 0.1937E-04   max: -.3642E-03   D at   40  1
       a =  4.000      CL =  0.5539
      Cm = -0.0201     CD =  0.01073   =>   CDf =  0.00661    CDp =  0.00411
 plradd ia,ip,cpol           17           0  6.75476156E-03

 Point added to stored polar  1
 Point written to save file  fx76100_Re300k.base.pol                         
 Dump file unspecified or not available
 Calculating wake trajectory ...
 Calculating source influence matrix ...

 Solving BL system ...

 Side 1  free  transition at x/c =  0.2650   38
 Side 2 forced transition at x/c =  1.0000   75

   1   rms: 0.9992E-01   max: 0.9041E+00   C at   38  1   RLX: 0.845
       a =  4.500      CL =  0.5873
      Cm = -0.0177     CD =  0.01120   =>   CDf =  0.00662    CDp =  0.00459

 Side 1  free  transition at x/c =  0.2301   35
 Side 2 forced transition at x/c =  1.0000   75

   2   rms: 0.2996E-01   max: -.4202E+00   D at   36  1
       a =  4.500      CL =  0.5951
      Cm = -0.0174     CD =  0.01112   =>   CDf =  0.00675    CDp =  0.00436

 Side 1  free  transition at x/c =  0.2237   35
 Side 2 forced transition at x/c =  1.0000   75

   3   rms: 0.2824E-02   max: -.5173E-01   D at   36  1
       a =  4.500      CL =  0.5946
      Cm = -0.0173     CD =  0.01116   =>   CDf =  0.00673    CDp =  0.00443

 Side 1  free  transition at x/c =  0.2229   35
 Side 2 forced transition at x/c =  1.0000   75

   4   rms: 0.7657E-04   max: -.1539E-02   D at   36  1
       a =  4.500      CL =  0.5946
      Cm = -0.0174     CD =  0.01116   =>   CDf =  0.00673    CDp =  0.00442
 plradd ia,ip,cpol           18           0  6.75476156E-03

 Point added to stored polar  1
 Point written to save file  fx76100_Re300k.base.pol                         
 Dump file unspecified or not available
 Calculating wake trajectory ...
 Calculating source influence matrix ...

 Solving BL system ...

 Side 1  free  transition at x/c =  0.2228   35
 Side 2 forced transition at x/c =  1.0000   75

   1   rms: 0.9480E-01   max: 0.7688E+00   C at   35  1   RLX: 0.913
       a =  5.000      CL =  0.6320
      Cm = -0.0148     CD =  0.01161   =>   CDf =  0.00664    CDp =  0.00497

 Side 1  free  transition at x/c =  0.1818   33
 Side 2 forced transition at x/c =  1.0000   74

   2   rms: 0.2578E-01   max: -.2594E+00   C at   33  1
       a =  5.000      CL =  0.6355
      Cm = -0.0146     CD =  0.01162   =>   CDf =  0.00690    CDp =  0.00472

 Side 1  free  transition at x/c =  0.1760   33
 Side 2 forced transition at x/c =  1.0000   74

   3   rms: 0.2311E-02   max: -.2602E-01   D at   35  1
       a =  5.000      CL =  0.6348
      Cm = -0.0145     CD =  0.01169   =>   CDf =  0.00687    CDp =  0.00482

 Side 1  free  transition at x/c =  0.1751   33
 Side 2 forced transition at x/c =  1.0000   74

   4   rms: 0.4541E-04   max: -.6062E-03   C at   33  1
       a =  5.000      CL =  0.6348
      Cm = -0.0145     CD =  0.01169   =>   CDf =  0.00688    CDp =  0.00481
 plradd ia,ip,cpol           19           0  3.13836313E-03

 Point added to stored polar  1
 Point written to save file  fx76100_Re300k.base.pol                         
 Dump file unspecified or not available
 Calculating wake trajectory ...
 Calculating source influence matrix ...

 Solving BL system ...

 Side 1  free  transition at x/c =  0.1751   33
 Side 2 forced transition at x/c =  1.0000   74

   1   rms: 0.1134E+00   max: 0.1112E+01   C at   33  1   RLX: 0.619
       a =  5.500      CL =  0.6586
      Cm = -0.0125     CD =  0.01219   =>   CDf =  0.00688    CDp =  0.00531

 Side 1  free  transition at x/c =  0.1453   31
 Side 2 forced transition at x/c =  1.0000   74

   2   rms: 0.5215E-01   max: -.5920E+00   D at   31  1   RLX: 0.845
       a =  5.500      CL =  0.6710
      Cm = -0.0115     CD =  0.01245   =>   CDf =  0.00699    CDp =  0.00546

 Side 1  free  transition at x/c =  0.1247   29
 Side 2 forced transition at x/c =  1.0000   74

   3   rms: 0.2007E-01   max: -.2791E+00   D at   31  1
       a =  5.500      CL =  0.6732
      Cm = -0.0113     CD =  0.01250   =>   CDf =  0.00711    CDp =  0.00540

 Side 1  free  transition at x/c =  0.1165   29
 Side 2 forced transition at x/c =  1.0000   74

   4   rms: 0.2362E-02   max: 0.3211E-01   D at   30  1
       a =  5.500      CL =  0.6728
      Cm = -0.0113     CD =  0.01253   =>   CDf =  0.00715    CDp =  0.00539

 Side 1  free  transition at x/c =  0.1166   29
 Side 2 forced transition at x/c =  1.0000   74

   5   rms: 0.6237E-04   max: -.8915E-03   D at   30  1
       a =  5.500      CL =  0.6728
      Cm = -0.0113     CD =  0.01253   =>   CDf =  0.00715    CDp =  0.00539
 plradd ia,ip,cpol           20           0  3.13836313E-03

 Point added to stored polar  1
 Point written to save file  fx76100_Re300k.base.pol                         
 Dump file unspecified or not available
 Calculating wake trajectory ...
 Calculating source influence matrix ...

 Solving BL system ...

 Side 1  free  transition at x/c =  0.1166   29
 Side 2 forced transition at x/c =  1.0000   74

   1   rms: 0.1405E+00   max: 0.1387E+01   C at   29  1   RLX: 0.423
       a =  6.000      CL =  0.6873
      Cm = -0.0097     CD =  0.01310   =>   CDf =  0.00715    CDp =  0.00596

 Side 1  free  transition at x/c =  0.0995   28
 Side 2 forced transition at x/c =  1.0000   74

   2   rms: 0.9739E-01   max: 0.9006E+00   C at   28  1   RLX: 0.575
       a =  6.000      CL =  0.6981
      Cm = -0.0081     CD =  0.01356   =>   CDf =  0.00716    CDp =  0.00640

 Side 1  free  transition at x/c =  0.0852   27
 Side 2 forced transition at x/c =  1.0000   73

   3   rms: 0.8148E-01   max: 0.1251E+01   D at    2  1   RLX: 0.842
       a =  6.000      CL =  0.7070
      Cm = -0.0077     CD =  0.01364   =>   CDf =  0.00741    CDp =  0.00623

 Side 1  free  transition at x/c =  0.0814   27
 Side 2 forced transition at x/c =  1.0000   73

   4   rms: 0.7400E-02   max: 0.5305E-01   D at    4  1
       a =  6.000      CL =  0.7090
      Cm = -0.0076     CD =  0.01367   =>   CDf =  0.00732    CDp =  0.00635

 Side 1  free  transition at x/c =  0.0801   27
 Side 2 forced transition at x/c =  1.0000   73

   5   rms: 0.1546E-03   max: 0.1858E-02   D at   28  1
       a =  6.000      CL =  0.7090
      Cm = -0.0076     CD =  0.01367   =>   CDf =  0.00731    CDp =  0.00636

 Side 1  free  transition at x/c =  0.0801   27
 Side 2 forced transition at x/c =  1.0000   73

   6   rms: 0.9930E-06   max: -.3443E-05   D at   28  1
       a =  6.000      CL =  0.7090
      Cm = -0.0076     CD =  0.01367   =>   CDf =  0.00731    CDp =  0.00636
 plradd ia,ip,cpol           21           0  3.13836313E-03

 Point added to stored polar  1
 Point written to save file  fx76100_Re300k.base.pol                         
 Dump file unspecified or not available
 Calculating wake trajectory ...
 Calculating source influence matrix ...

 Solving BL system ...

 Side 1  free  transition at x/c =  0.0801   27
 Side 2 forced transition at x/c =  1.0000   73

   1   rms: 0.9621E-01   max: 0.6876E+00   T at   27  1   RLX: 0.929
       a =  6.500      CL =  0.7444
      Cm = -0.0044     CD =  0.01463   =>   CDf =  0.00731    CDp =  0.00731

 Side 1  free  transition at x/c =  0.0662   26
 Side 2 forced transition at x/c =  1.0000   73

   2   rms: 0.6509E-01   max: -.5170E+00   D at   27  1   RLX: 0.967
       a =  6.500      CL =  0.7460
      Cm = -0.0041     CD =  0.01452   =>   CDf =  0.00731    CDp =  0.00721

 Side 1  free  transition at x/c =  0.0652   26
 Side 2 forced transition at x/c =  1.0000   73

   3   rms: 0.6662E-02   max: -.1045E+00   D at   27  1
       a =  6.500      CL =  0.7457
      Cm = -0.0040     CD =  0.01480   =>   CDf =  0.00733    CDp =  0.00747

 Side 1  free  transition at x/c =  0.0642   26
 Side 2 forced transition at x/c =  1.0000   73

   4   rms: 0.4294E-03   max: -.7220E-02   D at   27  1
       a =  6.500      CL =  0.7455
      Cm = -0.0040     CD =  0.01482   =>   CDf =  0.00735    CDp =  0.00746

 Side 1  free  transition at x/c =  0.0642   26
 Side 2 forced transition at x/c =  1.0000   73

   5   rms: 0.1709E-05   max: -.2138E-04   D at   27  1
       a =  6.500      CL =  0.7455
      Cm = -0.0040     CD =  0.01482   =>   CDf =  0.00736    CDp =  0.00746
 plradd ia,ip,cpol           22           0  3.13836313E-03

 Point added to stored polar  1
 Point written to save file  fx76100_Re300k.base.pol                         
 Dump file unspecified or not available
 Calculating wake trajectory ...
 Calculating source influence matrix ...

 Solving BL system ...

 Side 1  free  transition at x/c =  0.0642   26
 Side 2 forced transition at x/c =  1.0000   73

   1   rms: 0.9942E-01   max: 0.6021E+00   T at   26  1
       a =  7.000      CL =  0.7788
      Cm =  0.0001     CD =  0.01641   =>   CDf =  0.00721    CDp =  0.00920

 MRCHDU: Convergence failed at  27  side 1    Res =  0.3826E+01
 MRCHDU: Convergence failed at  28  side 1    Res =  0.3717E+01
 MRCHDU: Convergence failed at  29  side 1    Res =  0.7175E+01
 MRCHDU: Convergence failed at  30  side 1    Res =  0.8085E+01
 MRCHDU: Convergence failed at  31  side 1    Res =  0.8475E+01
 MRCHDU: Convergence failed at  32  side 1    Res =  0.1024E+02
 MRCHDU: Convergence failed at  33  side 1    Res =  0.1144E+02
 MRCHDU: Convergence failed at  34  side 1    Res =  0.2122E+02
 MRCHDU: Convergence failed at  35  side 1    Res =  0.3301E+02
 MRCHDU: Convergence failed at  36  side 1    Res =  0.7127E+02
 MRCHDU: Convergence failed at  37  side 1    Res =  0.2409E+02
 MRCHDU: Convergence failed at  38  side 1    Res =  0.1887E+02
 MRCHDU: Convergence failed at  39  side 1    Res =  0.1583E+02
 MRCHDU: Convergence failed at  40  side 1    Res =  0.9489E+01
 MRCHDU: Convergence failed at  41  side 1    Res =  0.2068E+04
 MRCHDU: Convergence failed at  42  side 1    Res =  0.9790E+02
 MRCHDU: Convergence failed at  43  side 1    Res =  0.1141E+02
 MRCHDU: Convergence failed at  44  side 1    Res =  0.1216E+02
 MRCHDU: Convergence failed at  45  side 1    Res =  0.1203E+02
 MRCHDU: Convergence failed at  46  side 1    Res =  0.1234E+02
 MRCHDU: Convergence failed at  47  side 1    Res =  0.1655E+02
 MRCHDU: Convergence failed at  48  side 1    Res =  0.1807E+02
 MRCHDU: Convergence failed at  49  side 1    Res =  0.2246E+02
 MRCHDU: Convergence failed at  50  side 1    Res =  0.2175E+02
 MRCHDU: Convergence failed at  51  side 1    Res =  0.4708E+02
 MRCHDU: Convergence failed at  52  side 1    Res =  0.4652E+02
 MRCHDU: Convergence failed at  53  side 1    Res =  0.4907E+02
 MRCHDU: Convergence failed at  54  side 1    Res =  0.4817E+02
 MRCHDU: Convergence failed at  55  side 1    Res =  0.4951E+02
 MRCHDU: Convergence failed at  56  side 1    Res =  0.4806E+02
 MRCHDU: Convergence failed at  57  side 1    Res =  0.4566E+02
 MRCHDU: Convergence failed at  58  side 1    Res =  0.4207E+02
 MRCHDU: Convergence failed at  59  side 1    Res =  0.3936E+02
 MRCHDU: Convergence failed at  60  side 1    Res =  0.1896E+02
 MRCHDU: Convergence failed at  61  side 1    Res =  0.1939E+02
 MRCHDU: Convergence failed at  62  side 1    Res =  0.1903E+02
 MRCHDU: Convergence failed at  63  side 1    Res =  0.4374E+02
 MRCHDU: Convergence failed at  64  side 1    Res =  0.4684E+02
 MRCHDU: Convergence failed at  65  side 1    Res =  0.4770E+02
 MRCHDU: Convergence failed at  66  side 1    Res =  0.5045E+02
 MRCHDU: Convergence failed at  67  side 1    Res =  0.5356E+02
 MRCHDU: Convergence failed at  68  side 1    Res =  0.5715E+02
 MRCHDU: Convergence failed at  69  side 1    Res =  0.6129E+02
 MRCHDU: Convergence failed at  70  side 1    Res =  0.6622E+02
 MRCHDU: Convergence failed at  71  side 1    Res =  0.7214E+02
 MRCHDU: Convergence failed at  72  side 1    Res =  0.4731E+02
 MRCHDU: Convergence failed at  73  side 1    Res =  0.5177E+02
 MRCHDU: Convergence failed at  74  side 1    Res =  0.5173E+02
 MRCHDU: Convergence failed at  75  side 1    Res =  0.4582E+02
 MRCHDU: Convergence failed at  76  side 1    Res =  0.1247E+03
 MRCHDU: Convergence failed at  77  side 1    Res =  0.3511E+02
 MRCHDU: Convergence failed at  78  side 1    Res =  0.2028E+03
 MRCHDU: Convergence failed at  79  side 1    Res =  0.3631E+03
 MRCHDU: Convergence failed at  80  side 1    Res =  0.1656E+03
 MRCHDU: Convergence failed at  81  side 1    Res =  0.1061E+03
 MRCHDU: Convergence failed at  82  side 1    Res =  0.1385E+03
 MRCHDU: Convergence failed at  83  side 1    Res =  0.2782E+03
 MRCHDU: Convergence failed at  84  side 1    Res =  0.1467E+03
 MRCHDU: Convergence failed at  85  side 1    Res =  0.6735E+02
 MRCHDU: Convergence failed at  86  side 1    Res =  0.3149E+02
 MRCHDU: Convergence failed at  87  side 1    Res =  0.2653E+02
 MRCHDU: Convergence failed at  88  side 1    Res =  0.2391E+02
 MRCHDU: Convergence failed at  89  side 1    Res =  0.2665E+02
 MRCHDU: Convergence failed at  90  side 1    Res =  0.4675E+02
 Side 1  free  transition at x/c =  0.0554   26
 Side 2 forced transition at x/c =  1.0000   72
 idif Ue xi dudx           1  0.17425710      5.23912907E-03   33.260700    
 Uenew xinew           2  3.50901112E-02  1.05500221E-03

   2   rms: 0.1169E+01   max: 0.4811E+01   D at   74  2   RLX: 0.197
       a =  7.000      CL =  1.7831
      Cm = -0.3754     CD =  0.00603   =>   CDf =  0.00246    CDp =  0.00357

 MRCHDU: Convergence failed at  79  side 1    Res =  0.4867E-01
 Side 1  free  transition at x/c =  0.0609   25
 Side 2 forced transition at x/c =  1.0000   73

   3   rms: 0.5047E+00   max: -.5791E+00   D at   74  2   RLX: 0.390
       a =  7.000      CL =  1.0866
      Cm = -0.1257     CD =  0.02679   =>   CDf =  0.00577    CDp =  0.02102

 MRCHDU: Convergence failed at  26  side 1    Res =  0.7598E+01
 MRCHDU: Convergence failed at  27  side 1    Res =  0.4136E+01
 MRCHDU: Convergence failed at  79  side 1    Res =  0.5720E-01
 Side 1  free  transition at x/c =  0.0688   26
 Side 2 forced transition at x/c =  1.0000   73

   4   rms: 0.6360E+00   max: -.3831E+01   D at   38  1   RLX: 0.131
       a =  7.000      CL =  0.9792
      Cm = -0.0718     CD =  0.02317   =>   CDf =  0.00571    CDp =  0.01746

 MRCHDU: Convergence failed at  37  side 1    Res =  0.4277E+00
 MRCHDU: Convergence failed at  38  side 1    Res =  0.9917E+00
 MRCHDU: Convergence failed at  39  side 1    Res =  0.7754E+00
 MRCHDU: Convergence failed at  79  side 1    Res =  0.9609E-02
 Side 1  free  transition at x/c =  0.0708   26
 Side 2 forced transition at x/c =  1.0000   73

   5   rms: 0.4889E+00   max: -.1595E+01   D at   59  1   RLX: 0.313
       a =  7.000      CL =  0.8581
      Cm = -0.0250     CD =  0.02006   =>   CDf =  0.00671    CDp =  0.01334

 MRCHDU: Convergence failed at  79  side 1    Res =  0.1979E-01
 Side 1  free  transition at x/c =  0.0775   27
 Side 2 forced transition at x/c =  1.0000   73
 idif Ue xi dudx           1  0.12164702      3.69787216E-03   32.896492    
 Uenew xinew           2  3.60784214E-03  1.09672546E-04

   6   rms: 0.1106E+01   max: -.4500E+01   D at   60  1   RLX: 0.111
       a =  7.000      CL =  0.7672
      Cm = -0.0002     CD =  0.01664   =>   CDf =  0.00666    CDp =  0.00998

 MRCHDU: Convergence failed at  78  side 1    Res =  0.5637E-01
 Side 1  free  transition at x/c =  0.0918   27
 Side 2 forced transition at x/c =  1.0000   74

   7   rms: 0.1065E+01   max: -.1034E+02   T at    2  2   RLX: 0.048
       a =  7.000      CL =  0.7558
      Cm = -0.0017     CD =  0.01725   =>   CDf =  0.00666    CDp =  0.01059

 MRCHDU: Convergence failed at  78  side 1    Res =  0.6677E-01
 Side 1  free  transition at x/c =  0.0984   27
 Side 2 forced transition at x/c =  1.0000   74

   8   rms: 0.7990E+00   max: -.1064E+02   C at   27  1   RLX: 0.047
       a =  7.000      CL =  0.7364
      Cm =  0.0033     CD =  0.01685   =>   CDf =  0.00666    CDp =  0.01019

 MRCHDU: Convergence failed at  78  side 1    Res =  0.2493E-01
 Side 1  free  transition at x/c =  0.0980   27
 Side 2 forced transition at x/c =  1.0000   74

   9   rms: 0.5152E+00   max: -.2228E+01   D at   66  1   RLX: 0.224
       a =  7.000      CL =  0.6609
      Cm =  0.0218     CD =  0.01551   =>   CDf =  0.00690    CDp =  0.00862

 MRCHDU: Convergence failed at  50  side 1    Res =  0.5230E+00
 Side 1  free  transition at x/c =  0.1071   28
 Side 2 forced transition at x/c =  1.0000   74

  10   rms: 0.3102E+00   max: 0.2170E+01   C at   28  1   RLX: 0.392
       a =  7.000      CL =  0.6363
      Cm =  0.0294     CD =  0.01519   =>   CDf =  0.00719    CDp =  0.00800

 Side 1  free  transition at x/c =  0.0980   27
 Side 2 forced transition at x/c =  1.0000   74

  11   rms: 0.2522E+00   max: -.1147E+01   C at   27  1   RLX: 0.436
       a =  7.000      CL =  0.6507
      Cm =  0.0283     CD =  0.01524   =>   CDf =  0.00696    CDp =  0.00828

 Side 1  free  transition at x/c =  0.0818   27
 Side 2 forced transition at x/c =  1.0000   73

  12   rms: 0.2482E+00   max: 0.1253E+01   T at   27  1   RLX: 0.566
       a =  7.000      CL =  0.7118
      Cm =  0.0177     CD =  0.01522   =>   CDf =  0.00716    CDp =  0.00806

 MRCHDU: Convergence failed at  27  side 1    Res =  0.2531E+01
 MRCHDU: Convergence failed at  28  side 1    Res =  0.1534E+02
 MRCHDU: Convergence failed at  29  side 1    Res =  0.1734E+01
 MRCHDU: Convergence failed at  30  side 1    Res =  0.2225E+01
 MRCHDU: Convergence failed at  31  side 1    Res =  0.3226E+01
 MRCHDU: Convergence failed at  32  side 1    Res =  0.4624E+01
 MRCHDU: Convergence failed at  33  side 1    Res =  0.6477E+01
 MRCHDU: Convergence failed at  34  side 1    Res =  0.7140E+01
 MRCHDU: Convergence failed at  35  side 1    Res =  0.8194E+01
 MRCHDU: Convergence failed at  36  side 1    Res =  0.9034E+01
 MRCHDU: Convergence failed at  37  side 1    Res =  0.9062E+01
 MRCHDU: Convergence failed at  38  side 1    Res =  0.8953E+01
 MRCHDU: Convergence failed at  39  side 1    Res =  0.8841E+01
 MRCHDU: Convergence failed at  40  side 1    Res =  0.5003E+01
 MRCHDU: Convergence failed at  41  side 1    Res =  0.4915E+01
 MRCHDU: Convergence failed at  42  side 1    Res =  0.4914E+01
 MRCHDU: Convergence failed at  43  side 1    Res =  0.2096E+02
 MRCHDU: Convergence failed at  44  side 1    Res =  0.2699E+02
 MRCHDU: Convergence failed at  45  side 1    Res =  0.3690E+02
 MRCHDU: Convergence failed at  46  side 1    Res =  0.5196E+02
 MRCHDU: Convergence failed at  47  side 1    Res =  0.8238E+02
 MRCHDU: Convergence failed at  48  side 1    Res =  0.1814E+03
 MRCHDU: Convergence failed at  49  side 1    Res =  0.1036E+03
 MRCHDU: Convergence failed at  50  side 1    Res =  0.8413E+02
 MRCHDU: Convergence failed at  51  side 1    Res =  0.1281E+03
 MRCHDU: Convergence failed at  52  side 1    Res =  0.1245E+02
 MRCHDU: Convergence failed at  53  side 1    Res =  0.1185E+02
 MRCHDU: Convergence failed at  54  side 1    Res =  0.1149E+02
 MRCHDU: Convergence failed at  55  side 1    Res =  0.1380E+02
 MRCHDU: Convergence failed at  56  side 1    Res =  0.1460E+02
 MRCHDU: Convergence failed at  57  side 1    Res =  0.2193E+02
 MRCHDU: Convergence failed at  58  side 1    Res =  0.2077E+02
 MRCHDU: Convergence failed at  59  side 1    Res =  0.2183E+02
 MRCHDU: Convergence failed at  60  side 1    Res =  0.2048E+02
 MRCHDU: Convergence failed at  61  side 1    Res =  0.1855E+02
 MRCHDU: Convergence failed at  62  side 1    Res =  0.1706E+02
 MRCHDU: Convergence failed at  63  side 1    Res =  0.3086E+02
 MRCHDU: Convergence failed at  64  side 1    Res =  0.1337E+02
 MRCHDU: Convergence failed at  65  side 1    Res =  0.1309E+02
 MRCHDU: Convergence failed at  66  side 1    Res =  0.1605E+02
 MRCHDU: Convergence failed at  67  side 1    Res =  0.1688E+02
 MRCHDU: Convergence failed at  68  side 1    Res =  0.1885E+02
 MRCHDU: Convergence failed at  69  side 1    Res =  0.1969E+02
 MRCHDU: Convergence failed at  70  side 1    Res =  0.2113E+02
 MRCHDU: Convergence failed at  71  side 1    Res =  0.5213E+02
 MRCHDU: Convergence failed at  72  side 1    Res =  0.3237E+02
 MRCHDU: Convergence failed at  73  side 1    Res =  0.2565E+02
 MRCHDU: Convergence failed at  74  side 1    Res =  0.2123E+02
 MRCHDU: Convergence failed at  75  side 1    Res =  0.2463E+02
 MRCHDU: Convergence failed at  76  side 1    Res =  0.2206E+02
 MRCHDU: Convergence failed at  77  side 1    Res =  0.3236E+02
 MRCHDU: Convergence failed at  78  side 1    Res =  0.4430E+02
 MRCHDU: Convergence failed at  79  side 1    Res =  0.2665E+02
 MRCHDU: Convergence failed at  80  side 1    Res =  0.3805E+02
 MRCHDU: Convergence failed at  81  side 1    Res =  0.4450E+02
 MRCHDU: Convergence failed at  82  side 1    Res =  0.3941E+03
 MRCHDU: Convergence failed at  83  side 1    Res =  0.4100E+02
 MRCHDU: Convergence failed at  84  side 1    Res =  0.2913E+02
 MRCHDU: Convergence failed at  85  side 1    Res =  0.1952E+02
 MRCHDU: Convergence failed at  86  side 1    Res =  0.1682E+02
 MRCHDU: Convergence failed at  87  side 1    Res =  0.1904E+02
 MRCHDU: Convergence failed at  88  side 1    Res =  0.2436E+02
 MRCHDU: Convergence failed at  89  side 1    Res =  0.3136E+02
 Side 1  free  transition at x/c =  0.0661   26
 Side 2 forced transition at x/c =  1.0000   73

  13   rms: 0.9479E+00   max: 0.3293E+01   D at   77  2   RLX: 0.456
       a =  7.000      CL =  1.2082
      Cm = -0.1956     CD =  0.00902   =>   CDf =  0.00259    CDp =  0.00643

 MRCHDU: Convergence failed at  77  side 2    Res =  0.3421E+01
 MRCHDU: Convergence failed at  78  side 2    Res =  0.7484E+01
 MRCHDU: Convergence failed at  79  side 2    Res =  0.5174E+01
 MRCHDU: Convergence failed at  80  side 2    Res =  0.2524E+01
 MRCHDU: Convergence failed at  81  side 2    Res =  0.1463E+01
 Side 1  free  transition at x/c =  0.0719   26
 Side 2 forced transition at x/c =  1.0000   73

  14   rms: 0.3473E+00   max: -.6067E+00   D at   74  2   RLX: 0.447
       a =  7.000      CL =  0.8142
      Cm = -0.0472     CD =  0.02619   =>   CDf =  0.00564    CDp =  0.02055

 Side 1  free  transition at x/c =  0.0728   26
 Side 2 forced transition at x/c =  1.0000   73

  15   rms: 0.4331E+00   max: -.2400E+01   D at   42  1   RLX: 0.208
       a =  7.000      CL =  0.7738
      Cm = -0.0264     CD =  0.02565   =>   CDf =  0.00552    CDp =  0.02013

 Side 1  free  transition at x/c =  0.0707   26
 Side 2 forced transition at x/c =  1.0000   73

  16   rms: 0.4162E+00   max: -.2545E+01   D at   42  1   RLX: 0.196
       a =  7.000      CL =  0.7681
      Cm = -0.0188     CD =  0.02496   =>   CDf =  0.00553    CDp =  0.01943

 Side 1  free  transition at x/c =  0.0688   26
 Side 2 forced transition at x/c =  1.0000   73

  17   rms: 0.3304E+00   max: -.1464E+01   D at   45  1   RLX: 0.342
       a =  7.000      CL =  0.7283
      Cm = -0.0005     CD =  0.02192   =>   CDf =  0.00567    CDp =  0.01625

 Side 1  free  transition at x/c =  0.0684   26
 Side 2 forced transition at x/c =  1.0000   73

  18   rms: 0.5037E+00   max: -.2147E+01   D at   58  1   RLX: 0.233
       a =  7.000      CL =  0.6752
      Cm =  0.0163     CD =  0.01864   =>   CDf =  0.00578    CDp =  0.01285

 Side 1  free  transition at x/c =  0.0715   26
 Side 2 forced transition at x/c =  1.0000   73

  19   rms: 0.5934E+00   max: -.2778E+01   D at   58  1   RLX: 0.180
       a =  7.000      CL =  0.6535
      Cm =  0.0215     CD =  0.01796   =>   CDf =  0.00613    CDp =  0.01182

 MRCHDU: Convergence failed at  50  side 1    Res =  0.2368E+00
 Side 1  free  transition at x/c =  0.0742   27
 Side 2 forced transition at x/c =  1.0000   73

  20   rms: 0.2996E+00   max: 0.1155E+01   D at   48  1   RLX: 0.508
       a =  7.000      CL =  0.6935
      Cm =  0.0192     CD =  0.01628   =>   CDf =  0.00687    CDp =  0.00941

 MRCHDU: Convergence failed at  27  side 1    Res =  0.6884E+01
 Side 1  free  transition at x/c =  0.0646   26
 Side 2 forced transition at x/c =  1.0000   73

  21   rms: 0.2124E+00   max: 0.8946E+00   T at   26  1   RLX: 0.589
       a =  7.000      CL =  0.7725
      Cm =  0.0035     CD =  0.01665   =>   CDf =  0.00709    CDp =  0.00956

 MRCHDU: Convergence failed at  27  side 1    Res =  0.2524E+01
 Side 1  free  transition at x/c =  0.0575   26
 Side 2 forced transition at x/c =  1.0000   72

  22   rms: 0.3687E+00   max: 0.5163E+01   D at    2  1   RLX: 0.203
       a =  7.000      CL =  0.8187
      Cm = -0.0040     CD =  0.01904   =>   CDf =  0.00721    CDp =  0.01182

 Side 1  free  transition at x/c =  0.0528   26
 Side 2 forced transition at x/c =  1.0000   72

  23   rms: 0.7783E-01   max: -.4679E+00   D at   26  1
       a =  7.000      CL =  0.8529
      Cm = -0.0162     CD =  0.01710   =>   CDf =  0.00738    CDp =  0.00971

 MRCHDU: Convergence failed at  26  side 1    Res =  0.1244E+02
 MRCHDU: Convergence failed at  27  side 1    Res =  0.7444E+01
 MRCHDU: Convergence failed at  28  side 1    Res =  0.2639E+01
 MRCHDU: Convergence failed at  29  side 1    Res =  0.1998E+01
 MRCHDU: Convergence failed at  30  side 1    Res =  0.3437E+01
 MRCHDU: Convergence failed at  31  side 1    Res =  0.4397E+01
 MRCHDU: Convergence failed at  32  side 1    Res =  0.5395E+01
 MRCHDU: Convergence failed at  33  side 1    Res =  0.6288E+01
 MRCHDU: Convergence failed at  34  side 1    Res =  0.6933E+01
 MRCHDU: Convergence failed at  35  side 1    Res =  0.7300E+01
 MRCHDU: Convergence failed at  36  side 1    Res =  0.7382E+01
 MRCHDU: Convergence failed at  37  side 1    Res =  0.7293E+01
 MRCHDU: Convergence failed at  38  side 1    Res =  0.7791E+01
 MRCHDU: Convergence failed at  39  side 1    Res =  0.2516E+02
 MRCHDU: Convergence failed at  40  side 1    Res =  0.4410E+02
 MRCHDU: Convergence failed at  41  side 1    Res =  0.3790E+02
 MRCHDU: Convergence failed at  42  side 1    Res =  0.4422E+02
 MRCHDU: Convergence failed at  43  side 1    Res =  0.3989E+02
 MRCHDU: Convergence failed at  44  side 1    Res =  0.3628E+02
 MRCHDU: Convergence failed at  45  side 1    Res =  0.3432E+02
 MRCHDU: Convergence failed at  46  side 1    Res =  0.3275E+02
 MRCHDU: Convergence failed at  47  side 1    Res =  0.3253E+02
 MRCHDU: Convergence failed at  48  side 1    Res =  0.3400E+02
 MRCHDU: Convergence failed at  49  side 1    Res =  0.2427E+02
 MRCHDU: Convergence failed at  50  side 1    Res =  0.2521E+02
 MRCHDU: Convergence failed at  51  side 1    Res =  0.2833E+02
 MRCHDU: Convergence failed at  52  side 1    Res =  0.2101E+02
 MRCHDU: Convergence failed at  53  side 1    Res =  0.2176E+02
 MRCHDU: Convergence failed at  54  side 1    Res =  0.2269E+02
 MRCHDU: Convergence failed at  55  side 1    Res =  0.2503E+02
 MRCHDU: Convergence failed at  56  side 1    Res =  0.2606E+02
 MRCHDU: Convergence failed at  57  side 1    Res =  0.2722E+02
 MRCHDU: Convergence failed at  58  side 1    Res =  0.2859E+02
 MRCHDU: Convergence failed at  59  side 1    Res =  0.9298E+02
 MRCHDU: Convergence failed at  60  side 1    Res =  0.7220E+02
 MRCHDU: Convergence failed at  61  side 1    Res =  0.7329E+02
 MRCHDU: Convergence failed at  62  side 1    Res =  0.7429E+02
 MRCHDU: Convergence failed at  63  side 1    Res =  0.7556E+02
 MRCHDU: Convergence failed at  64  side 1    Res =  0.5291E+02
 MRCHDU: Convergence failed at  65  side 1    Res =  0.5709E+02
 MRCHDU: Convergence failed at  66  side 1    Res =  0.6139E+02
 MRCHDU: Convergence failed at  67  side 1    Res =  0.6589E+02
 MRCHDU: Convergence failed at  68  side 1    Res =  0.6972E+02
 MRCHDU: Convergence failed at  69  side 1    Res =  0.7153E+02
 MRCHDU: Convergence failed at  70  side 1    Res =  0.2869E+02
 MRCHDU: Convergence failed at  71  side 1    Res =  0.1102E+03
 MRCHDU: Convergence failed at  72  side 1    Res =  0.1257E+03
 MRCHDU: Convergence failed at  73  side 1    Res =  0.1719E+03
 MRCHDU: Convergence failed at  74  side 1    Res =  0.6502E+02
 MRCHDU: Convergence failed at  75  side 1    Res =  0.7606E+02
 MRCHDU: Convergence failed at  76  side 1    Res =  0.9084E+02
 MRCHDU: Convergence failed at  77  side 1    Res =  0.1120E+03
 MRCHDU: Convergence failed at  78  side 1    Res =  0.5120E+02
 MRCHDU: Convergence failed at  79  side 1    Res =  0.4285E+03
 MRCHDU: Convergence failed at  80  side 1    Res =  0.2287E+03
 MRCHDU: Convergence failed at  81  side 1    Res =  0.1557E+03
 MRCHDU: Convergence failed at  82  side 1    Res =  0.1177E+03
 MRCHDU: Convergence failed at  83  side 1    Res =  0.1878E+03
 MRCHDU: Convergence failed at  84  side 1    Res =  0.1304E+03
 MRCHDU: Convergence failed at  85  side 1    Res =  0.9402E+02
 MRCHDU: Convergence failed at  86  side 1    Res =  0.2806E+02
 MRCHDU: Convergence failed at  87  side 1    Res =  0.5645E+02
 MRCHDU: Convergence failed at  88  side 1    Res =  0.6308E+02
 MRCHDU: Convergence failed at  89  side 1    Res =  0.1075E+03
 MRCHDU: Convergence failed at  90  side 1    Res =  0.3582E+03
 Side 1  free  transition at x/c =  0.0498   25
 Side 2 forced transition at x/c =  1.0000   72

  24   rms: 0.1499E+01   max: 0.6121E+01   D at   74  2   RLX: 0.168
       a =  7.000      CL =  2.2587
      Cm = -0.5056     CD =  0.00430   =>   CDf =  0.00194    CDp =  0.00236

 MRCHDU: Convergence failed at  33  side 1    Res =  0.1894E+00
 MRCHDU: Convergence failed at  34  side 1    Res =  0.1780E+00
 MRCHDU: Convergence failed at  35  side 1    Res =  0.1654E+00
 MRCHDU: Convergence failed at  36  side 1    Res =  0.1444E+00
 MRCHDU: Convergence failed at  37  side 1    Res =  0.5103E-01
 MRCHDU: Convergence failed at  61  side 1    Res =  0.2820E+00
 MRCHDU: Convergence failed at  62  side 1    Res =  0.2278E+00
 MRCHDU: Convergence failed at  63  side 1    Res =  0.1543E+00
 MRCHDU: Convergence failed at  64  side 1    Res =  0.4738E-01
 MRCHDU: Convergence failed at  65  side 1    Res =  0.2537E-03
 Side 1  free  transition at x/c =  0.0578   26
 Side 2 forced transition at x/c =  1.0000   72
 idif Ue xi dudx           1  0.15878402      4.67765331E-03   33.945229    
 Uenew xinew           2  1.67528689E-02  4.93526459E-04

  25   rms: 0.6264E+00   max: -.1114E+01   D at   71  2   RLX: 0.307
       a =  7.000      CL =  1.4128
      Cm = -0.2385     CD =  0.02524   =>   CDf =  0.00584    CDp =  0.01941

 MRCHDU: Convergence failed at  63  side 1    Res =  0.6360E-01
 MRCHDU: Convergence failed at  64  side 1    Res =  0.1796E-03
 Side 1  free  transition at x/c =  0.0639   26
 Side 2 forced transition at x/c =  1.0000   73

  26   rms: 0.5719E+00   max: -.3186E+01   D at   34  1   RLX: 0.157
       a =  7.000      CL =  1.2783
      Cm = -0.1960     CD =  0.02813   =>   CDf =  0.00551    CDp =  0.02262

 MRCHDU: Convergence failed at  63  side 1    Res =  0.1677E+00
 MRCHDU: Convergence failed at  64  side 1    Res =  0.6592E+00
 Side 1  free  transition at x/c =  0.0708   26
 Side 2 forced transition at x/c =  1.0000   73

  27   rms: 0.1194E+01   max: -.9749E+01   D at   34  1   RLX: 0.051
       a =  7.000      CL =  1.1576
      Cm = -0.1441     CD =  0.03068   =>   CDf =  0.00559    CDp =  0.02508

 Side 1  free  transition at x/c =  0.0755   27
 Side 2 forced transition at x/c =  1.0000   73

  28   rms: 0.5161E+00   max: -.2549E+01   D at   65  1   RLX: 0.196
       a =  7.000      CL =  1.0315
      Cm = -0.1010     CD =  0.02868   =>   CDf =  0.00579    CDp =  0.02289

 MRCHDU: Convergence failed at  65  side 1    Res =  0.1607E+00
 MRCHDU: Convergence failed at  66  side 1    Res =  0.4094E+00
 Side 1  free  transition at x/c =  0.0864   28
 Side 2 forced transition at x/c =  1.0000   73

  29   rms: 0.1955E+01   max: -.1066E+02   D at   28  1   RLX: 0.047
       a =  7.000      CL =  0.9329
      Cm = -0.0292     CD =  0.03178   =>   CDf =  0.00495    CDp =  0.02683

 MRCHDU: Convergence failed at  28  side 1    Res =  0.1111E+01
 Side 1  free  transition at x/c =  0.0765   27
 Side 2 forced transition at x/c =  1.0000   73

  30   rms: 0.1929E+02   max: 0.7850E+02   D at   51  1   RLX: 0.009
       a =  7.000      CL =  0.8782
      Cm = -0.0350     CD =  0.04619   =>   CDf =  0.00489    CDp =  0.04130

 Side 1  free  transition at x/c =  0.0941   28
 Side 2 forced transition at x/c =  1.0000   73

  31   rms: 0.1372E+01   max: 0.6449E+01   T at   28  1   RLX: 0.097
       a =  7.000      CL =  0.8831
      Cm = -0.0129     CD =  0.03179   =>   CDf =  0.00487    CDp =  0.02691

 Side 1  free  transition at x/c =  0.0739   27
 Side 2 forced transition at x/c =  1.0000   73

  32   rms: 0.2490E+01   max: 0.8922E+01   C at   27  1   RLX: 0.061
       a =  7.000      CL =  0.9035
      Cm =  0.0062     CD =  0.02408   =>   CDf =  0.00491    CDp =  0.01918

 MRCHDU: Convergence failed at  60  side 1    Res =  0.8901E+00
 MRCHDU: Convergence failed at  61  side 1    Res =  0.1019E+01
 MRCHDU: Convergence failed at  62  side 1    Res =  0.1176E+01
 MRCHDU: Convergence failed at  63  side 1    Res =  0.1746E+01
 MRCHDU: Convergence failed at  64  side 1    Res =  0.2148E+01
 MRCHDU: Convergence failed at  65  side 1    Res =  0.3160E+01
 MRCHDU: Convergence failed at  66  side 1    Res =  0.3789E+01
 MRCHDU: Convergence failed at  67  side 1    Res =  0.4957E+01
 MRCHDU: Convergence failed at  68  side 1    Res =  0.5413E+01
 MRCHDU: Convergence failed at  69  side 1    Res =  0.4001E+01
 MRCHDU: Convergence failed at  70  side 1    Res =  0.1853E+02
 MRCHDU: Convergence failed at  71  side 1    Res =  0.5297E+01
 MRCHDU: Convergence failed at  72  side 1    Res =  0.2939E+01
 MRCHDU: Convergence failed at  73  side 1    Res =  0.2214E+01
 MRCHDU: Convergence failed at  74  side 1    Res =  0.1713E+01
 MRCHDU: Convergence failed at  75  side 1    Res =  0.1492E+01
 MRCHDU: Convergence failed at  76  side 1    Res =  0.1272E+01
 MRCHDU: Convergence failed at  77  side 1    Res =  0.1415E+01
 MRCHDU: Convergence failed at  78  side 1    Res =  0.1603E+01
 MRCHDU: Convergence failed at  79  side 1    Res =  0.2013E+01
 MRCHDU: Convergence failed at  80  side 1    Res =  0.2693E+01
 MRCHDU: Convergence failed at  81  side 1    Res =  0.3583E+01
 MRCHDU: Convergence failed at  82  side 1    Res =  0.6552E+01
 MRCHDU: Convergence failed at  83  side 1    Res =  0.1376E+02
 MRCHDU: Convergence failed at  84  side 1    Res =  0.2703E+03
 MRCHDU: Convergence failed at  85  side 1    Res =  0.7879E+01
 MRCHDU: Convergence failed at  86  side 1    Res =  0.5466E+01
 MRCHDU: Convergence failed at  87  side 1    Res =  0.4794E+01
 MRCHDU: Convergence failed at  88  side 1    Res =  0.4459E+01
 MRCHDU: Convergence failed at  89  side 1    Res =  0.4039E+01
 MRCHDU: Convergence failed at  90  side 1    Res =  0.2854E+01
 Side 1  free  transition at x/c =  0.0605   26
 Side 2 forced transition at x/c =  1.0000   72

  33   rms: 0.7342E+00   max: -.2816E+01   D at   56  1   RLX: 0.178
       a =  7.000      CL =  0.9840
      Cm = -0.0510     CD =  0.01392   =>   CDf =  0.00570    CDp =  0.00822

 Side 1  free  transition at x/c =  0.0599   26
 Side 2 forced transition at x/c =  1.0000   72

  34   rms: 0.6032E+00   max: -.2213E+01   D at   46  1   RLX: 0.226
       a =  7.000      CL =  0.9502
      Cm = -0.0382     CD =  0.01157   =>   CDf =  0.00702    CDp =  0.00455

 Side 1  free  transition at x/c =  0.0574   26
 Side 2 forced transition at x/c =  1.0000   72

  35   rms: 0.2777E+00   max: -.1127E+01   D at   43  1   RLX: 0.444
       a =  7.000      CL =  0.8913
      Cm = -0.0233     CD =  0.01262   =>   CDf =  0.00746    CDp =  0.00516

 MRCHDU: Convergence failed at  42  side 1    Res =  0.4138E+00
 Side 1  free  transition at x/c =  0.0552   26
 Side 2 forced transition at x/c =  1.0000   72

  36   rms: 0.1469E+00   max: -.5952E+00   D at   59  1   RLX: 0.650
       a =  7.000      CL =  0.8355
      Cm = -0.0102     CD =  0.01459   =>   CDf =  0.00760    CDp =  0.00699

 Side 1  free  transition at x/c =  0.0549   26
 Side 2 forced transition at x/c =  1.0000   72

  37   rms: 0.5891E-01   max: -.2304E+00   D at   59  1
       a =  7.000      CL =  0.7842
      Cm = -0.0008     CD =  0.01590   =>   CDf =  0.00738    CDp =  0.00852

 Side 1  free  transition at x/c =  0.0545   26
 Side 2 forced transition at x/c =  1.0000   72

  38   rms: 0.5056E-02   max: -.7810E-01   D at   27  1
       a =  7.000      CL =  0.7823
      Cm = -0.0005     CD =  0.01603   =>   CDf =  0.00729    CDp =  0.00874

 Side 1  free  transition at x/c =  0.0543   26
 Side 2 forced transition at x/c =  1.0000   72

  39   rms: 0.1335E-03   max: -.2533E-02   D at   27  1
       a =  7.000      CL =  0.7823
      Cm = -0.0004     CD =  0.01603   =>   CDf =  0.00729    CDp =  0.00874

 Side 1  free  transition at x/c =  0.0543   26
 Side 2 forced transition at x/c =  1.0000   72

  40   rms: 0.9710E-06   max: 0.1062E-04   D at    4  1
       a =  7.000      CL =  0.7823
      Cm = -0.0004     CD =  0.01603   =>   CDf =  0.00729    CDp =  0.00873
 plradd ia,ip,cpol           23           0  1.85220572E-03

 Point added to stored polar  1
 Point written to save file  fx76100_Re300k.base.pol                         
 Dump file unspecified or not available
 Calculating wake trajectory ...
 Calculating source influence matrix ...

 Solving BL system ...

 Side 1  free  transition at x/c =  0.0543   26
 Side 2 forced transition at x/c =  1.0000   72

   1   rms: 0.8389E-01   max: 0.5375E+00   T at   26  1
       a =  7.500      CL =  0.8198
      Cm =  0.0029     CD =  0.01726   =>   CDf =  0.00730    CDp =  0.00996

 MRCHDU: Convergence failed at  26  side 1    Res =  0.1982E+01
 MRCHDU: Convergence failed at  27  side 1    Res =  0.3925E+01
 MRCHDU: Convergence failed at  28  side 1    Res =  0.2935E+01
 MRCHDU: Convergence failed at  29  side 1    Res =  0.2783E+01
 MRCHDU: Convergence failed at  30  side 1    Res =  0.3234E+01
 MRCHDU: Convergence failed at  31  side 1    Res =  0.4879E+01
 MRCHDU: Convergence failed at  32  side 1    Res =  0.5564E+01
 MRCHDU: Convergence failed at  33  side 1    Res =  0.5990E+01
 MRCHDU: Convergence failed at  34  side 1    Res =  0.6647E+01
 MRCHDU: Convergence failed at  35  side 1    Res =  0.8100E+01
 MRCHDU: Convergence failed at  36  side 1    Res =  0.9671E+01
 MRCHDU: Convergence failed at  37  side 1    Res =  0.1541E+02
 MRCHDU: Convergence failed at  38  side 1    Res =  0.1995E+02
 MRCHDU: Convergence failed at  39  side 1    Res =  0.2662E+02
 MRCHDU: Convergence failed at  40  side 1    Res =  0.2507E+02
 MRCHDU: Convergence failed at  41  side 1    Res =  0.2324E+02
 MRCHDU: Convergence failed at  42  side 1    Res =  0.5735E+02
 MRCHDU: Convergence failed at  43  side 1    Res =  0.5157E+02
 MRCHDU: Convergence failed at  44  side 1    Res =  0.4498E+02
 MRCHDU: Convergence failed at  45  side 1    Res =  0.4330E+02
 MRCHDU: Convergence failed at  46  side 1    Res =  0.4078E+02
 MRCHDU: Convergence failed at  47  side 1    Res =  0.4147E+02
 MRCHDU: Convergence failed at  48  side 1    Res =  0.4496E+02
 MRCHDU: Convergence failed at  49  side 1    Res =  0.1913E+02
 MRCHDU: Convergence failed at  50  side 1    Res =  0.1971E+02
 MRCHDU: Convergence failed at  51  side 1    Res =  0.2063E+02
 MRCHDU: Convergence failed at  52  side 1    Res =  0.2141E+02
 MRCHDU: Convergence failed at  53  side 1    Res =  0.2209E+02
 MRCHDU: Convergence failed at  54  side 1    Res =  0.2297E+02
 MRCHDU: Convergence failed at  55  side 1    Res =  0.2509E+02
 MRCHDU: Convergence failed at  56  side 1    Res =  0.2619E+02
 MRCHDU: Convergence failed at  57  side 1    Res =  0.2737E+02
 MRCHDU: Convergence failed at  58  side 1    Res =  0.2887E+02
 MRCHDU: Convergence failed at  59  side 1    Res =  0.6458E+02
 MRCHDU: Convergence failed at  60  side 1    Res =  0.6762E+02
 MRCHDU: Convergence failed at  61  side 1    Res =  0.6991E+02
 MRCHDU: Convergence failed at  62  side 1    Res =  0.7303E+02
 MRCHDU: Convergence failed at  63  side 1    Res =  0.7544E+02
 MRCHDU: Convergence failed at  64  side 1    Res =  0.5779E+02
 MRCHDU: Convergence failed at  65  side 1    Res =  0.6391E+02
 MRCHDU: Convergence failed at  66  side 1    Res =  0.7118E+02
 MRCHDU: Convergence failed at  67  side 1    Res =  0.8088E+02
 MRCHDU: Convergence failed at  68  side 1    Res =  0.9369E+02
 MRCHDU: Convergence failed at  69  side 1    Res =  0.1124E+03
 MRCHDU: Convergence failed at  70  side 1    Res =  0.5129E+02
 MRCHDU: Convergence failed at  71  side 1    Res =  0.5682E+02
 MRCHDU: Convergence failed at  72  side 1    Res =  0.6362E+02
 MRCHDU: Convergence failed at  73  side 1    Res =  0.7248E+02
 MRCHDU: Convergence failed at  74  side 1    Res =  0.4623E+02
 MRCHDU: Convergence failed at  75  side 1    Res =  0.4994E+02
 MRCHDU: Convergence failed at  76  side 1    Res =  0.1291E+04
 MRCHDU: Convergence failed at  77  side 1    Res =  0.7596E+03
 MRCHDU: Convergence failed at  78  side 1    Res =  0.2875E+03
 MRCHDU: Convergence failed at  79  side 1    Res =  0.1766E+03
 MRCHDU: Convergence failed at  80  side 1    Res =  0.1283E+03
 MRCHDU: Convergence failed at  81  side 1    Res =  0.1954E+03
 MRCHDU: Convergence failed at  82  side 1    Res =  0.1370E+03
 MRCHDU: Convergence failed at  83  side 1    Res =  0.4131E+02
 MRCHDU: Convergence failed at  84  side 1    Res =  0.3642E+02
 MRCHDU: Convergence failed at  85  side 1    Res =  0.3369E+02
 MRCHDU: Convergence failed at  86  side 1    Res =  0.5213E+02
 MRCHDU: Convergence failed at  87  side 1    Res =  0.6438E+02
 MRCHDU: Convergence failed at  88  side 1    Res =  0.7863E+02
 MRCHDU: Convergence failed at  89  side 1    Res =  0.6089E+02
 MRCHDU: Convergence failed at  90  side 1    Res =  0.7669E+02
 Side 1  free  transition at x/c =  0.0487   25
 Side 2 forced transition at x/c =  1.0000   72

   2   rms: 0.1553E+01   max: 0.6551E+01   D at   74  2   RLX: 0.169
       a =  7.500      CL =  2.2507
      Cm = -0.4992     CD =  0.00506   =>   CDf =  0.00211    CDp =  0.00295

 MRCHDU: Convergence failed at  39  side 1    Res =  0.2838E+00
 MRCHDU: Convergence failed at  40  side 1    Res =  0.5644E-01
 MRCHDU: Convergence failed at  90  side 1    Res =  0.6157E-01
 Side 1  free  transition at x/c =  0.0526   26
 Side 2 forced transition at x/c =  1.0000   72

   3   rms: 0.5442E+00   max: 0.2081E+01   C at   72  2   RLX: 0.334
       a =  7.500      CL =  1.3208
      Cm = -0.1900     CD =  0.02566   =>   CDf =  0.00369    CDp =  0.02198

 MRCHDU: Convergence failed at  40  side 1    Res =  0.1968E+00
 MRCHDU: Convergence failed at  41  side 1    Res =  0.6444E+00
 MRCHDU: Convergence failed at  90  side 1    Res =  0.3093E+00
 Side 1  free  transition at x/c =  0.0534   26
 Side 2 forced transition at x/c =  1.0000   72

   4   rms: 0.6562E+00   max: -.2105E+01   D at   34  1   RLX: 0.237
       a =  7.500      CL =  0.9592
      Cm = -0.0495     CD =  0.03029   =>   CDf =  0.00299    CDp =  0.02730

 Side 1  free  transition at x/c =  0.0541   26
 Side 2 forced transition at x/c =  1.0000   72

   5   rms: 0.5236E+01   max: -.1763E+02   D at   36  1   RLX: 0.028
       a =  7.500      CL =  0.8667
      Cm =  0.0033     CD =  0.02670   =>   CDf =  0.00310    CDp =  0.02360

 Side 1  free  transition at x/c =  0.0513   26
 Side 2 forced transition at x/c =  1.0000   72

   6   rms: 0.7866E+01   max: -.2963E+02   D at   74  2   RLX: 0.017
       a =  7.500      CL =  0.8789
      Cm =  0.0208     CD =  0.02163   =>   CDf =  0.00334    CDp =  0.01829

 Side 1  free  transition at x/c =  0.0490   25
 Side 2 forced transition at x/c =  1.0000   72

   7   rms: 0.1215E+02   max: -.5991E+02   D at   74  2   RLX: 0.008
       a =  7.500      CL =  0.9345
      Cm =  0.0190     CD =  0.01902   =>   CDf =  0.00331    CDp =  0.01571

 MRCHDU: Convergence failed at  73  side 2    Res =  0.5845E-01
 Side 1  free  transition at x/c =  0.0466   26
 Side 2 forced transition at x/c =  1.0000   71

   8   rms: 0.7531E+01   max: -.4780E+02   D at   73  2   RLX: 0.010
       a =  7.500      CL =  0.9644
      Cm =  0.0186     CD =  0.01670   =>   CDf =  0.00366    CDp =  0.01303

 MRCHDU: Convergence failed at  73  side 2    Res =  0.2818E+00
 Side 1  free  transition at x/c =  0.0450   26
 Side 2 forced transition at x/c =  1.0000   71

   9   rms: 0.7427E+01   max: -.2593E+02   D at   74  2   RLX: 0.019
       a =  7.500      CL =  1.0177
      Cm =  0.0220     CD =  0.01688   =>   CDf =  0.00382    CDp =  0.01306

 Side 1  free  transition at x/c =  0.0415   26
 Side 2 forced transition at x/c =  1.0000   71

  10   rms: 0.1160E+01   max: -.4046E+01   D at   58  1   RLX: 0.124
       a =  7.500      CL =  1.0420
      Cm =  0.0204     CD =  0.01411   =>   CDf =  0.00438    CDp =  0.00973

 MRCHDU: Convergence failed at  31  side 1    Res =  0.1006E+01
 MRCHDU: Convergence failed at  74  side 2    Res =  0.2427E-01
 Side 1  free  transition at x/c =  0.0399   25
 Side 2 forced transition at x/c =  1.0000   71

  11   rms: 0.7812E+00   max: -.3158E+01   D at   62  1   RLX: 0.158
       a =  7.500      CL =  1.0871
      Cm =  0.0195     CD =  0.01321   =>   CDf =  0.00521    CDp =  0.00800

 MRCHDU: Convergence failed at  74  side 2    Res =  0.1529E+00
 Side 1  free  transition at x/c =  0.0392   25
 Side 2 forced transition at x/c =  1.0000   71

  12   rms: 0.6849E+00   max: -.2740E+01   D at   66  1   RLX: 0.182
       a =  7.500      CL =  1.0969
      Cm =  0.0124     CD =  0.01514   =>   CDf =  0.00484    CDp =  0.01030

 Side 1  free  transition at x/c =  0.0384   25
 Side 2 forced transition at x/c =  1.0000   71

  13   rms: 0.4528E+00   max: -.1936E+01   D at   70  1   RLX: 0.258
       a =  7.500      CL =  1.0640
      Cm =  0.0102     CD =  0.01542   =>   CDf =  0.00534    CDp =  0.01008

 Side 1  free  transition at x/c =  0.0386   25
 Side 2 forced transition at x/c =  1.0000   71

  14   rms: 0.3295E+00   max: -.1508E+01   D at   75  1   RLX: 0.332
       a =  7.500      CL =  1.0395
      Cm =  0.0033     CD =  0.01688   =>   CDf =  0.00587    CDp =  0.01101

 Side 1  free  transition at x/c =  0.0385   25
 Side 2 forced transition at x/c =  1.0000   71

  15   rms: 0.2904E+00   max: -.1020E+01   D at   79  1   RLX: 0.490
       a =  7.500      CL =  0.9420
      Cm =  0.0047     CD =  0.01715   =>   CDf =  0.00629    CDp =  0.01085

 Side 1  free  transition at x/c =  0.0415   26
 Side 2 forced transition at x/c =  1.0000   71
 idif Ue xi dudx           1  0.16305509      6.27100468E-03   26.001431    
 Uenew xinew           2  3.46195661E-02  1.33144855E-03

  16   rms: 0.2211E+00   max: -.7841E+00   D at   82  1   RLX: 0.638
       a =  7.500      CL =  0.8544
      Cm =  0.0081     CD =  0.01551   =>   CDf =  0.00700    CDp =  0.00851

 Side 1  free  transition at x/c =  0.0481   25
 Side 2 forced transition at x/c =  1.0000   72

  17   rms: 0.8518E-01   max: -.4276E+00   D at   86  1
       a =  7.500      CL =  0.8064
      Cm =  0.0064     CD =  0.01752   =>   CDf =  0.00703    CDp =  0.01049

 Side 1  free  transition at x/c =  0.0484   25
 Side 2 forced transition at x/c =  1.0000   72

  18   rms: 0.1838E-01   max: -.1654E+00   D at   86  1
       a =  7.500      CL =  0.8164
      Cm =  0.0035     CD =  0.01764   =>   CDf =  0.00725    CDp =  0.01039

 Side 1  free  transition at x/c =  0.0478   25
 Side 2 forced transition at x/c =  1.0000   72

  19   rms: 0.1738E-02   max: -.2505E-01   D at   86  1
       a =  7.500      CL =  0.8171
      Cm =  0.0033     CD =  0.01766   =>   CDf =  0.00724    CDp =  0.01042

 Side 1  free  transition at x/c =  0.0478   25
 Side 2 forced transition at x/c =  1.0000   72

  20   rms: 0.2727E-04   max: -.5241E-03   D at   86  1
       a =  7.500      CL =  0.8171
      Cm =  0.0033     CD =  0.01766   =>   CDf =  0.00724    CDp =  0.01042
 plradd ia,ip,cpol           24           0  1.85220572E-03

 Point added to stored polar  1
 Point written to save file  fx76100_Re300k.base.pol                         
 Dump file unspecified or not available
 Calculating wake trajectory ...
 Calculating source influence matrix ...

 Solving BL system ...

 Side 1  free  transition at x/c =  0.0478   25
 Side 2 forced transition at x/c =  1.0000   72

   1   rms: 0.7794E-01   max: 0.4867E+00   T at   25  1
       a =  8.000      CL =  0.8569
      Cm =  0.0064     CD =  0.01878   =>   CDf =  0.00724    CDp =  0.01154

 Side 1  free  transition at x/c =  0.0420   25
 Side 2 forced transition at x/c =  1.0000   72

   2   rms: 0.2918E-01   max: -.2302E+00   D at   25  1
       a =  8.000      CL =  0.8540
      Cm =  0.0066     CD =  0.01895   =>   CDf =  0.00718    CDp =  0.01177

 Side 1  free  transition at x/c =  0.0422   25
 Side 2 forced transition at x/c =  1.0000   72

   3   rms: 0.2425E-02   max: 0.1505E-01   D at   25  1
       a =  8.000      CL =  0.8547
      Cm =  0.0065     CD =  0.01900   =>   CDf =  0.00719    CDp =  0.01181

 Side 1  free  transition at x/c =  0.0421   25
 Side 2 forced transition at x/c =  1.0000   72

   4   rms: 0.2187E-04   max: -.9327E-04   D at   90  1
       a =  8.000      CL =  0.8547
      Cm =  0.0065     CD =  0.01900   =>   CDf =  0.00719    CDp =  0.01181
 plradd ia,ip,cpol           25           0  1.85220572E-03

 Point added to stored polar  1
 Point written to save file  fx76100_Re300k.base.pol                         
 Dump file unspecified or not available
 Calculating wake trajectory ...
 Calculating source influence matrix ...

 Solving BL system ...

 Side 1  free  transition at x/c =  0.0421   25
 Side 2 forced transition at x/c =  1.0000   72

   1   rms: 0.9453E-01   max: 0.5083E+00   T at   25  1
       a =  8.500      CL =  0.8870
      Cm =  0.0103     CD =  0.02137   =>   CDf =  0.00698    CDp =  0.01439

 MRCHDU: Convergence failed at  26  side 1    Res =  0.5398E+01
 MRCHDU: Convergence failed at  27  side 1    Res =  0.6845E+01
 MRCHDU: Convergence failed at  28  side 1    Res =  0.7502E+01
 MRCHDU: Convergence failed at  29  side 1    Res =  0.2062E+02
 MRCHDU: Convergence failed at  30  side 1    Res =  0.6059E+02
 MRCHDU: Convergence failed at  31  side 1    Res =  0.6022E+02
 MRCHDU: Convergence failed at  32  side 1    Res =  0.3152E+02
 MRCHDU: Convergence failed at  33  side 1    Res =  0.2873E+02
 MRCHDU: Convergence failed at  34  side 1    Res =  0.3027E+02
 MRCHDU: Convergence failed at  35  side 1    Res =  0.7089E+02
 MRCHDU: Convergence failed at  36  side 1    Res =  0.6070E+02
 MRCHDU: Convergence failed at  37  side 1    Res =  0.5345E+02
 MRCHDU: Convergence failed at  38  side 1    Res =  0.4555E+02
 MRCHDU: Convergence failed at  39  side 1    Res =  0.2130E+02
 MRCHDU: Convergence failed at  40  side 1    Res =  0.7046E+02
 MRCHDU: Convergence failed at  41  side 1    Res =  0.5131E+02
 MRCHDU: Convergence failed at  42  side 1    Res =  0.4480E+02
 MRCHDU: Convergence failed at  43  side 1    Res =  0.2847E+02
 MRCHDU: Convergence failed at  44  side 1    Res =  0.2690E+02
 MRCHDU: Convergence failed at  45  side 1    Res =  0.4186E+02
 MRCHDU: Convergence failed at  46  side 1    Res =  0.3340E+02
 MRCHDU: Convergence failed at  47  side 1    Res =  0.2789E+02
 MRCHDU: Convergence failed at  48  side 1    Res =  0.3459E+02
 MRCHDU: Convergence failed at  49  side 1    Res =  0.3996E+02
 MRCHDU: Convergence failed at  50  side 1    Res =  0.1453E+03
 MRCHDU: Convergence failed at  51  side 1    Res =  0.7710E+02
 MRCHDU: Convergence failed at  52  side 1    Res =  0.5573E+02
 MRCHDU: Convergence failed at  53  side 1    Res =  0.6313E+02
 MRCHDU: Convergence failed at  54  side 1    Res =  0.9295E+02
 MRCHDU: Convergence failed at  55  side 1    Res =  0.4159E+02
 MRCHDU: Convergence failed at  56  side 1    Res =  0.4445E+02
 MRCHDU: Convergence failed at  57  side 1    Res =  0.9179E+02
 MRCHDU: Convergence failed at  58  side 1    Res =  0.1035E+03
 MRCHDU: Convergence failed at  59  side 1    Res =  0.1188E+03
 MRCHDU: Convergence failed at  60  side 1    Res =  0.1388E+03
 MRCHDU: Convergence failed at  61  side 1    Res =  0.1672E+03
 MRCHDU: Convergence failed at  62  side 1    Res =  0.1065E+03
 MRCHDU: Convergence failed at  63  side 1    Res =  0.6344E+02
 MRCHDU: Convergence failed at  64  side 1    Res =  0.7013E+02
 MRCHDU: Convergence failed at  65  side 1    Res =  0.7782E+02
 MRCHDU: Convergence failed at  66  side 1    Res =  0.8747E+02
 MRCHDU: Convergence failed at  67  side 1    Res =  0.9946E+02
 MRCHDU: Convergence failed at  68  side 1    Res =  0.1005E+03
 MRCHDU: Convergence failed at  69  side 1    Res =  0.6688E+02
 MRCHDU: Convergence failed at  70  side 1    Res =  0.7380E+02
 MRCHDU: Convergence failed at  71  side 1    Res =  0.8228E+02
 MRCHDU: Convergence failed at  72  side 1    Res =  0.8423E+03
 MRCHDU: Convergence failed at  73  side 1    Res =  0.3845E+03
 MRCHDU: Convergence failed at  74  side 1    Res =  0.2487E+03
 MRCHDU: Convergence failed at  75  side 1    Res =  0.6501E+03
 MRCHDU: Convergence failed at  76  side 1    Res =  0.3413E+03
 MRCHDU: Convergence failed at  77  side 1    Res =  0.5199E+02
 MRCHDU: Convergence failed at  78  side 1    Res =  0.7040E+02
 MRCHDU: Convergence failed at  79  side 1    Res =  0.7851E+02
 MRCHDU: Convergence failed at  80  side 1    Res =  0.8849E+02
 MRCHDU: Convergence failed at  81  side 1    Res =  0.1006E+03
 MRCHDU: Convergence failed at  82  side 1    Res =  0.4666E+02
 MRCHDU: Convergence failed at  83  side 1    Res =  0.7876E+02
 MRCHDU: Convergence failed at  84  side 1    Res =  0.8319E+02
 MRCHDU: Convergence failed at  85  side 1    Res =  0.1031E+03
 MRCHDU: Convergence failed at  86  side 1    Res =  0.8933E+02
 MRCHDU: Convergence failed at  87  side 1    Res =  0.8121E+02
 MRCHDU: Convergence failed at  88  side 1    Res =  0.7455E+02
 MRCHDU: Convergence failed at  89  side 1    Res =  0.2312E+03
 MRCHDU: Convergence failed at  90  side 1    Res =  0.1713E+03
 MRCHDU: Convergence failed at  91  side 1    Res =  0.1199E+03
 Side 1  free  transition at x/c =  0.0386   25
 Side 2 forced transition at x/c =  1.0000   71
 idif Ue xi dudx           1  0.13170588      4.97829914E-03   26.455999    
 Uenew xinew           2  1.02498534E-03  3.87430191E-05

   2   rms: 0.1955E+01   max: 0.9930E+01   D at   73  2   RLX: 0.138
       a =  8.500      CL =  2.8223
      Cm = -0.6468     CD =  0.00524   =>   CDf =  0.00221    CDp =  0.00303

 MRCHDU: Convergence failed at  37  side 1    Res =  0.9999E-01
 MRCHDU: Convergence failed at  38  side 1    Res =  0.4208E-03
 MRCHDU: Convergence failed at  75  side 2    Res =  0.1124E+01
 MRCHDU: Convergence failed at  76  side 2    Res =  0.1481E+01
 MRCHDU: Convergence failed at  77  side 2    Res =  0.1220E+01
 Side 1  free  transition at x/c =  0.0402   24
 Side 2 forced transition at x/c =  1.0000   72

   3   rms: 0.7878E+00   max: -.5337E+01   T at    2  2   RLX: 0.094
       a =  8.500      CL =  2.0765
      Cm = -0.4299     CD =  0.04840   =>   CDf =  0.00335    CDp =  0.04506

 MRCHDU: Convergence failed at  37  side 1    Res =  0.2271E-01
 MRCHDU: Convergence failed at  38  side 1    Res =  0.3763E-04
 Side 1  free  transition at x/c =  0.0400   24
 Side 2 forced transition at x/c =  1.0000   72

   4   rms: 0.6812E+00   max: 0.1671E+01   C at   72  2   RLX: 0.360
       a =  8.500      CL =  1.5504
      Cm = -0.2452     CD =  0.04800   =>   CDf =  0.00339    CDp =  0.04461

 Side 1  free  transition at x/c =  0.0389   24
 Side 2 forced transition at x/c =  1.0000   72

   5   rms: 0.7900E+00   max: -.5477E+01   T at   24  1   RLX: 0.091
       a =  8.500      CL =  1.4451
      Cm = -0.2193     CD =  0.06980   =>   CDf =  0.00329    CDp =  0.06651

 Side 1  free  transition at x/c =  0.0444   25
 Side 2 forced transition at x/c =  1.0000   72

   6   rms: 0.4790E+00   max: 0.7814E+00   C at   72  2   RLX: 0.385
       a =  8.500      CL =  1.0667
      Cm = -0.0996     CD =  0.05511   =>   CDf =  0.00357    CDp =  0.05154

 MRCHDU: Convergence failed at  37  side 1    Res =  0.9024E-03
 Side 1  free  transition at x/c =  0.0497   25
 Side 2 forced transition at x/c =  1.0000   72

   7   rms: 0.4254E+00   max: -.1623E+01   T at   26  1   RLX: 0.308
       a =  8.500      CL =  0.9292
      Cm = -0.0500     CD =  0.05722   =>   CDf =  0.00370    CDp =  0.05352

 Side 1  free  transition at x/c =  0.0485   25
 Side 2 forced transition at x/c =  1.0000   72

   8   rms: 0.5089E+00   max: 0.1740E+01   T at   25  1   RLX: 0.327
       a =  8.500      CL =  0.8888
      Cm = -0.0095     CD =  0.04729   =>   CDf =  0.00358    CDp =  0.04371

 Side 1  free  transition at x/c =  0.0434   25
 Side 2 forced transition at x/c =  1.0000   72

   9   rms: 0.1216E+01   max: -.3732E+01   D at   48  1   RLX: 0.125
       a =  8.500      CL =  0.9076
      Cm =  0.0107     CD =  0.04545   =>   CDf =  0.00357    CDp =  0.04188

 Side 1  free  transition at x/c =  0.0423   25
 Side 2 forced transition at x/c =  1.0000   72

  10   rms: 0.6650E+00   max: -.1979E+01   D at   32  1   RLX: 0.253
       a =  8.500      CL =  0.8804
      Cm =  0.0300     CD =  0.03598   =>   CDf =  0.00372    CDp =  0.03226

 Side 1  free  transition at x/c =  0.0430   26
 Side 2 forced transition at x/c =  1.0000   71

  11   rms: 0.5150E+00   max: -.1938E+01   D at   32  1   RLX: 0.258
       a =  8.500      CL =  0.8520
      Cm =  0.0411     CD =  0.03204   =>   CDf =  0.00463    CDp =  0.02740

 Side 1  free  transition at x/c =  0.0439   26
 Side 2 forced transition at x/c =  1.0000   71

  12   rms: 0.4115E+00   max: -.1574E+01   D at   34  1   RLX: 0.318
       a =  8.500      CL =  0.8228
      Cm =  0.0460     CD =  0.02790   =>   CDf =  0.00533    CDp =  0.02256

 Side 1  free  transition at x/c =  0.0446   26
 Side 2 forced transition at x/c =  1.0000   71

  13   rms: 0.3774E+00   max: -.1298E+01   D at   29  1   RLX: 0.385
       a =  8.500      CL =  0.8296
      Cm =  0.0421     CD =  0.02303   =>   CDf =  0.00579    CDp =  0.01724

 Side 1  free  transition at x/c =  0.0439   26
 Side 2 forced transition at x/c =  1.0000   71

  14   rms: 0.3346E+00   max: -.1242E+01   D at   74  1   RLX: 0.403
       a =  8.500      CL =  0.8574
      Cm =  0.0364     CD =  0.02033   =>   CDf =  0.00626    CDp =  0.01408

 Side 1  free  transition at x/c =  0.0420   26
 Side 2 forced transition at x/c =  1.0000   71

  15   rms: 0.2097E+00   max: -.8901E+00   D at   81  1   RLX: 0.562
       a =  8.500      CL =  0.9088
      Cm =  0.0201     CD =  0.02057   =>   CDf =  0.00664    CDp =  0.01393

 MRCHDU: Convergence failed at  26  side 1    Res =  0.6832E+01
 MRCHDU: Convergence failed at  27  side 1    Res =  0.6951E+01
 MRCHDU: Convergence failed at  28  side 1    Res =  0.5094E+02
 MRCHDU: Convergence failed at  29  side 1    Res =  0.6794E+02
 MRCHDU: Convergence failed at  30  side 1    Res =  0.7741E+02
 MRCHDU: Convergence failed at  31  side 1    Res =  0.4585E+02
 MRCHDU: Convergence failed at  32  side 1    Res =  0.2273E+02
 MRCHDU: Convergence failed at  33  side 1    Res =  0.2912E+02
 MRCHDU: Convergence failed at  34  side 1    Res =  0.2415E+02
 MRCHDU: Convergence failed at  35  side 1    Res =  0.2598E+02
 MRCHDU: Convergence failed at  36  side 1    Res =  0.2472E+02
 MRCHDU: Convergence failed at  37  side 1    Res =  0.2563E+02
 MRCHDU: Convergence failed at  38  side 1    Res =  0.2792E+03
 MRCHDU: Convergence failed at  39  side 1    Res =  0.1010E+03
 MRCHDU: Convergence failed at  40  side 1    Res =  0.2425E+02
 MRCHDU: Convergence failed at  41  side 1    Res =  0.2398E+02
 MRCHDU: Convergence failed at  42  side 1    Res =  0.7295E+02
 MRCHDU: Convergence failed at  43  side 1    Res =  0.1936E+03
 MRCHDU: Convergence failed at  44  side 1    Res =  0.2549E+02
 MRCHDU: Convergence failed at  45  side 1    Res =  0.3272E+03
 MRCHDU: Convergence failed at  46  side 1    Res =  0.1585E+03
 MRCHDU: Convergence failed at  47  side 1    Res =  0.3391E+02
 MRCHDU: Convergence failed at  48  side 1    Res =  0.2776E+02
 MRCHDU: Convergence failed at  49  side 1    Res =  0.2796E+02
 MRCHDU: Convergence failed at  50  side 1    Res =  0.7561E+02
 MRCHDU: Convergence failed at  51  side 1    Res =  0.8511E+02
 MRCHDU: Convergence failed at  52  side 1    Res =  0.8771E+02
 MRCHDU: Convergence failed at  53  side 1    Res =  0.8718E+02
 MRCHDU: Convergence failed at  54  side 1    Res =  0.6488E+02
 MRCHDU: Convergence failed at  55  side 1    Res =  0.7029E+02
 MRCHDU: Convergence failed at  56  side 1    Res =  0.7631E+02
 MRCHDU: Convergence failed at  57  side 1    Res =  0.8340E+02
 MRCHDU: Convergence failed at  58  side 1    Res =  0.9315E+02
 MRCHDU: Convergence failed at  59  side 1    Res =  0.1179E+03
 MRCHDU: Convergence failed at  60  side 1    Res =  0.8998E+02
 MRCHDU: Convergence failed at  61  side 1    Res =  0.9450E+02
 MRCHDU: Convergence failed at  62  side 1    Res =  0.9856E+02
 MRCHDU: Convergence failed at  63  side 1    Res =  0.1022E+03
 MRCHDU: Convergence failed at  64  side 1    Res =  0.1037E+03
 MRCHDU: Convergence failed at  65  side 1    Res =  0.5501E+02
 MRCHDU: Convergence failed at  66  side 1    Res =  0.7110E+02
 MRCHDU: Convergence failed at  67  side 1    Res =  0.6282E+02
 MRCHDU: Convergence failed at  68  side 1    Res =  0.9426E+02
 MRCHDU: Convergence failed at  69  side 1    Res =  0.9190E+02
 MRCHDU: Convergence failed at  70  side 1    Res =  0.8250E+02
 MRCHDU: Convergence failed at  71  side 1    Res =  0.7681E+02
 MRCHDU: Convergence failed at  72  side 1    Res =  0.7308E+02
 MRCHDU: Convergence failed at  73  side 1    Res =  0.3990E+02
 MRCHDU: Convergence failed at  74  side 1    Res =  0.4109E+02
 MRCHDU: Convergence failed at  75  side 1    Res =  0.5678E+02
 MRCHDU: Convergence failed at  76  side 1    Res =  0.3389E+03
 MRCHDU: Convergence failed at  77  side 1    Res =  0.4030E+03
 MRCHDU: Convergence failed at  78  side 1    Res =  0.4038E+03
 MRCHDU: Convergence failed at  79  side 1    Res =  0.3170E+03
 MRCHDU: Convergence failed at  80  side 1    Res =  0.2229E+03
 MRCHDU: Convergence failed at  81  side 1    Res =  0.1533E+03
 MRCHDU: Convergence failed at  82  side 1    Res =  0.9689E+03
 MRCHDU: Convergence failed at  83  side 1    Res =  0.3000E+04
 MRCHDU: Convergence failed at  84  side 1    Res =  0.3072E+03
 MRCHDU: Convergence failed at  85  side 1    Res =  0.4967E+03
 MRCHDU: Convergence failed at  86  side 1    Res =  0.2395E+03
 MRCHDU: Convergence failed at  87  side 1    Res =  0.1756E+03
 MRCHDU: Convergence failed at  88  side 1    Res =  0.1318E+03
 MRCHDU: Convergence failed at  89  side 1    Res =  0.1075E+03
 MRCHDU: Convergence failed at  90  side 1    Res =  0.9623E+02
 MRCHDU: Convergence failed at  91  side 1    Res =  0.8241E+02
 Side 1  free  transition at x/c =  0.0386   25
 Side 2 forced transition at x/c =  1.0000   71

  16   rms: 0.1981E+01   max: 0.1032E+02   D at   73  2   RLX: 0.145
       a =  8.500      CL =  2.9379
      Cm = -0.6715     CD =  0.00495   =>   CDf =  0.00197    CDp =  0.00299

 MRCHDU: Convergence failed at  31  side 1    Res =  0.2069E+00
 MRCHDU: Convergence failed at  33  side 1    Res =  0.4548E+00
 MRCHDU: Convergence failed at  34  side 1    Res =  0.3927E+00
 MRCHDU: Convergence failed at  35  side 1    Res =  0.2505E+00
 MRCHDU: Convergence failed at  37  side 1    Res =  0.3435E+00
 MRCHDU: Convergence failed at  38  side 1    Res =  0.3311E+00
 MRCHDU: Convergence failed at  39  side 1    Res =  0.3175E+00
 MRCHDU: Convergence failed at  40  side 1    Res =  0.3024E+00
 MRCHDU: Convergence failed at  41  side 1    Res =  0.2846E+00
 MRCHDU: Convergence failed at  42  side 1    Res =  0.2639E+00
 MRCHDU: Convergence failed at  43  side 1    Res =  0.2404E+00
 MRCHDU: Convergence failed at  44  side 1    Res =  0.2036E+00
 MRCHDU: Convergence failed at  45  side 1    Res =  0.1160E+00
 MRCHDU: Convergence failed at  47  side 1    Res =  0.1775E+00
 MRCHDU: Convergence failed at  48  side 1    Res =  0.1719E+00
 MRCHDU: Convergence failed at  49  side 1    Res =  0.1663E+00
 MRCHDU: Convergence failed at  50  side 1    Res =  0.1605E+00
 MRCHDU: Convergence failed at  51  side 1    Res =  0.1549E+00
 MRCHDU: Convergence failed at  52  side 1    Res =  0.1486E+00
 MRCHDU: Convergence failed at  53  side 1    Res =  0.1425E+00
 MRCHDU: Convergence failed at  54  side 1    Res =  0.1354E+00
 MRCHDU: Convergence failed at  55  side 1    Res =  0.1286E+00
 MRCHDU: Convergence failed at  56  side 1    Res =  0.1197E+00
 MRCHDU: Convergence failed at  57  side 1    Res =  0.1097E+00
 MRCHDU: Convergence failed at  58  side 1    Res =  0.9765E-01
 Side 1  free  transition at x/c =  0.0401   25
 Side 2 forced transition at x/c =  1.0000   71
 idif Ue xi dudx           1  0.12438922      4.99188900E-03   24.918266    
 Uenew xinew           2  1.30404462E-03  5.23328781E-05

  17   rms: 0.6290E+00   max: 0.1240E+01   D at   81  2   RLX: 0.238
       a =  8.500      CL =  1.7023
      Cm = -0.3120     CD =  0.03619   =>   CDf =  0.00317    CDp =  0.03302

 MRCHDU: Convergence failed at  54  side 1    Res =  0.2968E+01
 MRCHDU: Convergence failed at  55  side 1    Res =  0.3230E+01
 Side 1  free  transition at x/c =  0.0398   24
 Side 2 forced transition at x/c =  1.0000   72

  18   rms: 0.7086E+00   max: -.7860E+01   T at    2  2   RLX: 0.064
       a =  8.500      CL =  1.5714
      Cm = -0.2853     CD =  0.03959   =>   CDf =  0.00443    CDp =  0.03516

 Side 1  free  transition at x/c =  0.0395   24
 Side 2 forced transition at x/c =  1.0000   72

  19   rms: 0.5470E+00   max: 0.8353E+00   C at   72  2   RLX: 0.381
       a =  8.500      CL =  1.2465
      Cm = -0.1485     CD =  0.03918   =>   CDf =  0.00434    CDp =  0.03484

 Side 1  free  transition at x/c =  0.0372   24
 Side 2 forced transition at x/c =  1.0000   72

  20   rms: 0.3963E+00   max: -.1210E+01   T at   24  1   RLX: 0.413
       a =  8.500      CL =  1.0008
      Cm = -0.0697     CD =  0.04485   =>   CDf =  0.00359    CDp =  0.04126

 Side 1  free  transition at x/c =  0.0412   25
 Side 2 forced transition at x/c =  1.0000   72

  21   rms: 0.4002E+00   max: -.1360E+01   D at   36  1   RLX: 0.368
       a =  8.500      CL =  0.8551
      Cm = -0.0239     CD =  0.03915   =>   CDf =  0.00381    CDp =  0.03534

 Side 1  free  transition at x/c =  0.0433   25
 Side 2 forced transition at x/c =  1.0000   72

  22   rms: 0.6459E+00   max: -.2776E+01   D at   35  1   RLX: 0.180
       a =  8.500      CL =  0.8170
      Cm = -0.0096     CD =  0.03623   =>   CDf =  0.00420    CDp =  0.03203

 Side 1  free  transition at x/c =  0.0465   25
 Side 2 forced transition at x/c =  1.0000   72

  23   rms: 0.7274E+00   max: -.3178E+01   D at   35  1   RLX: 0.157
       a =  8.500      CL =  0.8035
      Cm = -0.0017     CD =  0.03383   =>   CDf =  0.00463    CDp =  0.02920

 Side 1  free  transition at x/c =  0.0501   26
 Side 2 forced transition at x/c =  1.0000   72

  24   rms: 0.6019E+00   max: -.2092E+01   D at   28  1   RLX: 0.239
       a =  8.500      CL =  0.8180
      Cm =  0.0149     CD =  0.02289   =>   CDf =  0.00592    CDp =  0.01697

 MRCHDU: Convergence failed at  26  side 1    Res =  0.1432E+02
 MRCHDU: Convergence failed at  27  side 1    Res =  0.3940E+01
 MRCHDU: Convergence failed at  28  side 1    Res =  0.6345E+01
 MRCHDU: Convergence failed at  29  side 1    Res =  0.4918E+01
 MRCHDU: Convergence failed at  30  side 1    Res =  0.4795E+01
 MRCHDU: Convergence failed at  31  side 1    Res =  0.5860E+01
 MRCHDU: Convergence failed at  32  side 1    Res =  0.9176E+01
 MRCHDU: Convergence failed at  33  side 1    Res =  0.1177E+02
 MRCHDU: Convergence failed at  34  side 1    Res =  0.1316E+02
 MRCHDU: Convergence failed at  35  side 1    Res =  0.1027E+02
 MRCHDU: Convergence failed at  36  side 1    Res =  0.4944E+02
 MRCHDU: Convergence failed at  37  side 1    Res =  0.3228E+03
 MRCHDU: Convergence failed at  38  side 1    Res =  0.2357E+02
 MRCHDU: Convergence failed at  39  side 1    Res =  0.2312E+02
 MRCHDU: Convergence failed at  40  side 1    Res =  0.2367E+02
 MRCHDU: Convergence failed at  41  side 1    Res =  0.5895E+02
 MRCHDU: Convergence failed at  42  side 1    Res =  0.3583E+02
 MRCHDU: Convergence failed at  43  side 1    Res =  0.1829E+02
 MRCHDU: Convergence failed at  44  side 1    Res =  0.3989E+02
 MRCHDU: Convergence failed at  45  side 1    Res =  0.5205E+02
 MRCHDU: Convergence failed at  46  side 1    Res =  0.1070E+03
 MRCHDU: Convergence failed at  47  side 1    Res =  0.2003E+03
 MRCHDU: Convergence failed at  48  side 1    Res =  0.4113E+02
 MRCHDU: Convergence failed at  49  side 1    Res =  0.3381E+02
 MRCHDU: Convergence failed at  50  side 1    Res =  0.8837E+03
 MRCHDU: Convergence failed at  51  side 1    Res =  0.8364E+02
 MRCHDU: Convergence failed at  52  side 1    Res =  0.2349E+02
 MRCHDU: Convergence failed at  53  side 1    Res =  0.1571E+03
 MRCHDU: Convergence failed at  54  side 1    Res =  0.2070E+02
 MRCHDU: Convergence failed at  55  side 1    Res =  0.1811E+03
 MRCHDU: Convergence failed at  56  side 1    Res =  0.7541E+02
 MRCHDU: Convergence failed at  57  side 1    Res =  0.4648E+02
 MRCHDU: Convergence failed at  58  side 1    Res =  0.1342E+03
 MRCHDU: Convergence failed at  59  side 1    Res =  0.1607E+02
 MRCHDU: Convergence failed at  60  side 1    Res =  0.1648E+02
 MRCHDU: Convergence failed at  61  side 1    Res =  0.2516E+02
 MRCHDU: Convergence failed at  62  side 1    Res =  0.2418E+02
 MRCHDU: Convergence failed at  63  side 1    Res =  0.2299E+02
 MRCHDU: Convergence failed at  64  side 1    Res =  0.1957E+02
 MRCHDU: Convergence failed at  65  side 1    Res =  0.1779E+02
 MRCHDU: Convergence failed at  66  side 1    Res =  0.3084E+02
 MRCHDU: Convergence failed at  67  side 1    Res =  0.7849E+02
 MRCHDU: Convergence failed at  68  side 1    Res =  0.1266E+03
 MRCHDU: Convergence failed at  69  side 1    Res =  0.7084E+02
 MRCHDU: Convergence failed at  70  side 1    Res =  0.2455E+02
 MRCHDU: Convergence failed at  71  side 1    Res =  0.2267E+02
 MRCHDU: Convergence failed at  72  side 1    Res =  0.1775E+02
 MRCHDU: Convergence failed at  73  side 1    Res =  0.1902E+02
 MRCHDU: Convergence failed at  74  side 1    Res =  0.3001E+02
 MRCHDU: Convergence failed at  75  side 1    Res =  0.1082E+03
 MRCHDU: Convergence failed at  76  side 1    Res =  0.1788E+03
 MRCHDU: Convergence failed at  77  side 1    Res =  0.7364E+02
 MRCHDU: Convergence failed at  78  side 1    Res =  0.5844E+02
 MRCHDU: Convergence failed at  79  side 1    Res =  0.4975E+02
 MRCHDU: Convergence failed at  80  side 1    Res =  0.2369E+02
 MRCHDU: Convergence failed at  81  side 1    Res =  0.2205E+02
 MRCHDU: Convergence failed at  82  side 1    Res =  0.2042E+02
 MRCHDU: Convergence failed at  83  side 1    Res =  0.2086E+02
 MRCHDU: Convergence failed at  84  side 1    Res =  0.2212E+02
 MRCHDU: Convergence failed at  85  side 1    Res =  0.2352E+02
 MRCHDU: Convergence failed at  86  side 1    Res =  0.5208E+02
 MRCHDU: Convergence failed at  87  side 1    Res =  0.7277E+02
 MRCHDU: Convergence failed at  88  side 1    Res =  0.1121E+03
 MRCHDU: Convergence failed at  89  side 1    Res =  0.1751E+03
 MRCHDU: Convergence failed at  90  side 1    Res =  0.4377E+02
 Side 1  free  transition at x/c =  0.0488   25
 Side 2 forced transition at x/c =  1.0000   72

  25   rms: 0.1652E+01   max: 0.5241E+01   D at   90  1   RLX: 0.286
       a =  8.500      CL =  2.2462
      Cm = -0.4579     CD =  0.00717   =>   CDf =  0.00233    CDp =  0.00484

 MRCHDU: Convergence failed at  45  side 1    Res =  0.1275E+00
 MRCHDU: Convergence failed at  77  side 1    Res =  0.3940E-01
 MRCHDU: Convergence failed at  78  side 1    Res =  0.1654E-02
 MRCHDU: Convergence failed at  77  side 2    Res =  0.1456E+01
 MRCHDU: Convergence failed at  78  side 2    Res =  0.1979E+01
 MRCHDU: Convergence failed at  79  side 2    Res =  0.1634E+01
 MRCHDU: Convergence failed at  80  side 2    Res =  0.3564E+02
 MRCHDU: Convergence failed at  81  side 2    Res =  0.2851E+01
 Side 1  free  transition at x/c =  0.0462   25
 Side 2 forced transition at x/c =  1.0000   72

  26   rms: 0.5685E+00   max: -.6298E+00   U at   90  1   RLX: 0.369
       a =  8.500      CL =  1.4502
      Cm = -0.1864     CD =  0.02839   =>   CDf =  0.00570    CDp =  0.02269

 MRCHDU: Convergence failed at  77  side 1    Res =  0.1710E-01
 MRCHDU: Convergence failed at  78  side 1    Res =  0.3502E-03
 Side 1  free  transition at x/c =  0.0430   25
 Side 2 forced transition at x/c =  1.0000   72

  27   rms: 0.4882E+00   max: -.2024E+01   D at   46  1   RLX: 0.247
       a =  8.500      CL =  1.2753
      Cm = -0.1235     CD =  0.03095   =>   CDf =  0.00519    CDp =  0.02577

 Side 1  free  transition at x/c =  0.0421   26
 Side 2 forced transition at x/c =  1.0000   71

  28   rms: 0.7101E+00   max: -.4063E+01   D at   40  1   RLX: 0.123
       a =  8.500      CL =  1.2417
      Cm = -0.1104     CD =  0.03278   =>   CDf =  0.00556    CDp =  0.02722

 Side 1  free  transition at x/c =  0.0414   26
 Side 2 forced transition at x/c =  1.0000   71

  29   rms: 0.3836E+00   max: -.1578E+01   D at   43  1   RLX: 0.317
       a =  8.500      CL =  1.1401
      Cm = -0.0720     CD =  0.02957   =>   CDf =  0.00579    CDp =  0.02378

 Side 1  free  transition at x/c =  0.0402   25
 Side 2 forced transition at x/c =  1.0000   71

  30   rms: 0.4462E+00   max: -.1806E+01   D at   78  1   RLX: 0.277
       a =  8.500      CL =  1.0772
      Cm = -0.0377     CD =  0.02606   =>   CDf =  0.00585    CDp =  0.02021

 Side 1  free  transition at x/c =  0.0388   25
 Side 2 forced transition at x/c =  1.0000   71

  31   rms: 0.9755E+00   max: -.3779E+01   D at   78  1   RLX: 0.132
       a =  8.500      CL =  1.0148
      Cm = -0.0147     CD =  0.02125   =>   CDf =  0.00591    CDp =  0.01534

 MRCHDU: Convergence failed at  78  side 1    Res =  0.6135E-01
 Side 1  free  transition at x/c =  0.0395   25
 Side 2 forced transition at x/c =  1.0000   71

  32   rms: 0.9214E+00   max: -.5178E+01   D at   78  1   RLX: 0.097
       a =  8.500      CL =  0.9938
      Cm = -0.0044     CD =  0.01946   =>   CDf =  0.00651    CDp =  0.01295

 MRCHDU: Convergence failed at  78  side 1    Res =  0.1935E+00
 MRCHDU: Convergence failed at  79  side 1    Res =  0.2065E+00
 Side 1  free  transition at x/c =  0.0395   25
 Side 2 forced transition at x/c =  1.0000   71

  33   rms: 0.6003E+00   max: -.2328E+01   D at   72  1   RLX: 0.215
       a =  8.500      CL =  0.9791
      Cm =  0.0209     CD =  0.01985   =>   CDf =  0.00665    CDp =  0.01320

 Side 1  free  transition at x/c =  0.0373   25
 Side 2 forced transition at x/c =  1.0000   71

  34   rms: 0.3402E+00   max: -.1314E+01   D at   79  1   RLX: 0.380
       a =  8.500      CL =  1.0123
      Cm =  0.0083     CD =  0.02008   =>   CDf =  0.00674    CDp =  0.01334

 Side 1  free  transition at x/c =  0.0347   25
 Side 2 forced transition at x/c =  1.0000   71

  35   rms: 0.1450E+00   max: -.6409E+00   D at   74  1   RLX: 0.780
       a =  8.500      CL =  0.9439
      Cm =  0.0065     CD =  0.02053   =>   CDf =  0.00685    CDp =  0.01369

 Side 1  free  transition at x/c =  0.0358   25
 Side 2 forced transition at x/c =  1.0000   71

  36   rms: 0.6073E-01   max: -.2527E+00   D at   74  1
       a =  8.500      CL =  0.8917
      Cm =  0.0100     CD =  0.02101   =>   CDf =  0.00689    CDp =  0.01412

 Side 1  free  transition at x/c =  0.0376   25
 Side 2 forced transition at x/c =  1.0000   71

  37   rms: 0.9649E-02   max: -.4843E-01   D at   25  1
       a =  8.500      CL =  0.8901
      Cm =  0.0100     CD =  0.02102   =>   CDf =  0.00699    CDp =  0.01404

 Side 1  free  transition at x/c =  0.0378   25
 Side 2 forced transition at x/c =  1.0000   71

  38   rms: 0.1497E-03   max: -.7215E-03   D at   87  1
       a =  8.500      CL =  0.8902
      Cm =  0.0100     CD =  0.02103   =>   CDf =  0.00700    CDp =  0.01403

 Side 1  free  transition at x/c =  0.0378   25
 Side 2 forced transition at x/c =  1.0000   71

  39   rms: 0.1285E-05   max: -.4955E-05   T at   25  1
       a =  8.500      CL =  0.8902
      Cm =  0.0100     CD =  0.02103   =>   CDf =  0.00700    CDp =  0.01403
 plradd ia,ip,cpol           26           0  1.85220572E-03

 Point added to stored polar  1
 Point written to save file  fx76100_Re300k.base.pol                         
 Dump file unspecified or not available
 Calculating wake trajectory ...
 Calculating source influence matrix ...

 Solving BL system ...

 Side 1  free  transition at x/c =  0.0378   25
 Side 2 forced transition at x/c =  1.0000   71

   1   rms: 0.7582E-01   max: 0.4708E+00   T at   25  1
       a =  9.000      CL =  0.9289
      Cm =  0.0129     CD =  0.02238   =>   CDf =  0.00700    CDp =  0.01538

 Side 1  free  transition at x/c =  0.0336   25
 Side 2 forced transition at x/c =  1.0000   71

   2   rms: 0.3134E-01   max: -.1932E+00   D at   25  1
       a =  9.000      CL =  0.9261
      Cm =  0.0131     CD =  0.02247   =>   CDf =  0.00686    CDp =  0.01561

 Side 1  free  transition at x/c =  0.0337   25
 Side 2 forced transition at x/c =  1.0000   71

   3   rms: 0.1647E-02   max: 0.9242E-02   T at   25  1
       a =  9.000      CL =  0.9270
      Cm =  0.0129     CD =  0.02254   =>   CDf =  0.00692    CDp =  0.01561

 Side 1  free  transition at x/c =  0.0337   25
 Side 2 forced transition at x/c =  1.0000   71

   4   rms: 0.2229E-04   max: -.8710E-04   D at   91  1
       a =  9.000      CL =  0.9270
      Cm =  0.0129     CD =  0.02254   =>   CDf =  0.00692    CDp =  0.01561
 plradd ia,ip,cpol           27           0  1.85220572E-03

 Point added to stored polar  1
 Point written to save file  fx76100_Re300k.base.pol                         
 Dump file unspecified or not available
 Calculating wake trajectory ...
 Calculating source influence matrix ...

 Solving BL system ...

 Side 1  free  transition at x/c =  0.0337   25
 Side 2 forced transition at x/c =  1.0000   71

   1   rms: 0.8849E-01   max: 0.4751E+00   T at   25  1
       a =  9.500      CL =  0.9600
      Cm =  0.0162     CD =  0.02516   =>   CDf =  0.00667    CDp =  0.01849

 MRCHDU: Convergence failed at  26  side 1    Res =  0.9356E+01
 MRCHDU: Convergence failed at  27  side 1    Res =  0.6535E+01
 MRCHDU: Convergence failed at  28  side 1    Res =  0.1343E+02
 MRCHDU: Convergence failed at  29  side 1    Res =  0.6608E+01
 MRCHDU: Convergence failed at  30  side 1    Res =  0.2133E+02
 MRCHDU: Convergence failed at  31  side 1    Res =  0.3227E+02
 MRCHDU: Convergence failed at  32  side 1    Res =  0.3644E+03
 MRCHDU: Convergence failed at  33  side 1    Res =  0.3603E+02
 MRCHDU: Convergence failed at  34  side 1    Res =  0.4087E+02
 MRCHDU: Convergence failed at  35  side 1    Res =  0.7933E+02
 MRCHDU: Convergence failed at  36  side 1    Res =  0.4129E+02
 MRCHDU: Convergence failed at  37  side 1    Res =  0.3795E+02
 MRCHDU: Convergence failed at  38  side 1    Res =  0.3617E+02
 MRCHDU: Convergence failed at  39  side 1    Res =  0.5184E+02
 MRCHDU: Convergence failed at  40  side 1    Res =  0.3887E+02
 MRCHDU: Convergence failed at  41  side 1    Res =  0.3215E+02
 MRCHDU: Convergence failed at  42  side 1    Res =  0.3581E+02
 MRCHDU: Convergence failed at  43  side 1    Res =  0.3968E+02
 MRCHDU: Convergence failed at  44  side 1    Res =  0.4391E+02
 MRCHDU: Convergence failed at  45  side 1    Res =  0.3697E+02
 MRCHDU: Convergence failed at  46  side 1    Res =  0.4028E+02
 MRCHDU: Convergence failed at  47  side 1    Res =  0.3421E+02
 MRCHDU: Convergence failed at  48  side 1    Res =  0.3707E+02
 MRCHDU: Convergence failed at  49  side 1    Res =  0.4026E+02
 MRCHDU: Convergence failed at  50  side 1    Res =  0.4925E+02
 MRCHDU: Convergence failed at  51  side 1    Res =  0.3768E+02
 MRCHDU: Convergence failed at  52  side 1    Res =  0.4323E+02
 MRCHDU: Convergence failed at  53  side 1    Res =  0.4721E+02
 MRCHDU: Convergence failed at  54  side 1    Res =  0.5130E+02
 MRCHDU: Convergence failed at  55  side 1    Res =  0.5574E+02
 MRCHDU: Convergence failed at  56  side 1    Res =  0.6105E+02
 MRCHDU: Convergence failed at  57  side 1    Res =  0.4360E+02
 MRCHDU: Convergence failed at  58  side 1    Res =  0.4693E+02
 MRCHDU: Convergence failed at  59  side 1    Res =  0.5063E+02
 MRCHDU: Convergence failed at  60  side 1    Res =  0.5271E+02
 MRCHDU: Convergence failed at  61  side 1    Res =  0.5804E+02
 MRCHDU: Convergence failed at  62  side 1    Res =  0.6283E+02
 MRCHDU: Convergence failed at  63  side 1    Res =  0.4984E+02
 MRCHDU: Convergence failed at  64  side 1    Res =  0.9446E+02
 MRCHDU: Convergence failed at  65  side 1    Res =  0.1016E+03
 MRCHDU: Convergence failed at  66  side 1    Res =  0.1094E+03
 MRCHDU: Convergence failed at  67  side 1    Res =  0.1186E+03
 MRCHDU: Convergence failed at  68  side 1    Res =  0.1290E+03
 MRCHDU: Convergence failed at  69  side 1    Res =  0.4919E+03
 MRCHDU: Convergence failed at  70  side 1    Res =  0.2939E+02
 MRCHDU: Convergence failed at  71  side 1    Res =  0.8259E+02
 MRCHDU: Convergence failed at  72  side 1    Res =  0.9177E+02
 MRCHDU: Convergence failed at  73  side 1    Res =  0.1031E+03
 MRCHDU: Convergence failed at  74  side 1    Res =  0.1169E+03
 MRCHDU: Convergence failed at  75  side 1    Res =  0.1345E+03
 MRCHDU: Convergence failed at  76  side 1    Res =  0.1578E+03
 MRCHDU: Convergence failed at  77  side 1    Res =  0.1898E+03
 MRCHDU: Convergence failed at  78  side 1    Res =  0.2357E+03
 MRCHDU: Convergence failed at  79  side 1    Res =  0.3074E+03
 MRCHDU: Convergence failed at  80  side 1    Res =  0.9188E+02
 MRCHDU: Convergence failed at  81  side 1    Res =  0.1158E+03
 MRCHDU: Convergence failed at  82  side 1    Res =  0.5659E+02
 MRCHDU: Convergence failed at  83  side 1    Res =  0.5765E+04
 MRCHDU: Convergence failed at  84  side 1    Res =  0.1245E+04
 MRCHDU: Convergence failed at  85  side 1    Res =  0.5534E+03
 MRCHDU: Convergence failed at  86  side 1    Res =  0.3468E+03
 MRCHDU: Convergence failed at  87  side 1    Res =  0.2383E+03
 MRCHDU: Convergence failed at  88  side 1    Res =  0.1704E+03
 MRCHDU: Convergence failed at  89  side 1    Res =  0.1310E+03
 MRCHDU: Convergence failed at  90  side 1    Res =  0.1103E+03
 MRCHDU: Convergence failed at  91  side 1    Res =  0.9993E+02
 MRCHDU: Convergence failed at  92  side 1    Res =  0.8666E+02
 Side 1  free  transition at x/c =  0.0316   25
 Side 2 forced transition at x/c =  1.0000   70
 idif Ue xi dudx           1  0.16172113      6.95621967E-03   23.248421    
 Uenew xinew           2  2.41031069E-02  1.03676319E-03

   2   rms: 0.2512E+01   max: 0.1285E+02   D at   72  2   RLX: 0.117
       a =  9.500      CL =  3.5860
      Cm = -0.8431     CD =  0.00474   =>   CDf =  0.00198    CDp =  0.00276

 MRCHDU: Convergence failed at  69  side 1    Res =  0.1769E-04
 MRCHDU: Convergence failed at  71  side 1    Res =  0.2535E+00
 MRCHDU: Convergence failed at  72  side 1    Res =  0.2464E+00
 MRCHDU: Convergence failed at  73  side 1    Res =  0.2398E+00
 MRCHDU: Convergence failed at  74  side 1    Res =  0.2349E+00
 MRCHDU: Convergence failed at  75  side 1    Res =  0.2305E+00
 MRCHDU: Convergence failed at  76  side 1    Res =  0.2274E+00
 MRCHDU: Convergence failed at  77  side 1    Res =  0.2265E+00
 MRCHDU: Convergence failed at  78  side 1    Res =  0.2265E+00
 MRCHDU: Convergence failed at  79  side 1    Res =  0.2288E+00
 MRCHDU: Convergence failed at  80  side 1    Res =  0.2335E+00
 MRCHDU: Convergence failed at  81  side 1    Res =  0.2397E+00
 MRCHDU: Convergence failed at  82  side 1    Res =  0.2491E+00
 MRCHDU: Convergence failed at  83  side 1    Res =  0.2616E+00
 MRCHDU: Convergence failed at  84  side 1    Res =  0.2767E+00
 MRCHDU: Convergence failed at  85  side 1    Res =  0.2949E+00
 MRCHDU: Convergence failed at  86  side 1    Res =  0.3151E+00
 MRCHDU: Convergence failed at  87  side 1    Res =  0.3375E+00
 MRCHDU: Convergence failed at  88  side 1    Res =  0.3582E+00
 MRCHDU: Convergence failed at  89  side 1    Res =  0.3797E+00
 MRCHDU: Convergence failed at  90  side 1    Res =  0.3966E+00
 MRCHDU: Convergence failed at  91  side 1    Res =  0.3315E+00
 MRCHDU: Convergence failed at  74  side 2    Res =  0.1426E+02
 MRCHDU: Convergence failed at  75  side 2    Res =  0.5278E+01
 MRCHDU: Convergence failed at  76  side 2    Res =  0.5831E+01
 Side 1  free  transition at x/c =  0.0321   24
 Side 2 forced transition at x/c =  1.0000   71

   3   rms: 0.1573E+01   max: -.4405E+01   T at   25  1   RLX: 0.114
       a =  9.500      CL =  1.9432
      Cm = -0.3609     CD =  0.06362   =>   CDf =  0.00264    CDp =  0.06098

 Side 1  free  transition at x/c =  0.0321   24
 Side 2 forced transition at x/c =  1.0000   71
 idif Ue xi dudx           1  0.10804108      4.95433807E-03   21.807369    
 Uenew xinew           2  3.22355481E-04  1.47819519E-05

   4   rms: 0.9587E+00   max: 0.5954E+01   T at   25  1   RLX: 0.160
       a =  9.500      CL =  1.6062
      Cm = -0.2673     CD =  0.06908   =>   CDf =  0.00297    CDp =  0.06611

 Side 1  free  transition at x/c =  0.0403   24
 Side 2 forced transition at x/c =  1.0000   72

   5   rms: 0.1649E+02   max: 0.2878E+03   T at    2  2   RLX: 0.004
       a =  9.500      CL =  1.5551
      Cm = -0.2339     CD =  0.08019   =>   CDf =  0.00276    CDp =  0.07743

 Side 1  free  transition at x/c =  0.0406   26
 Side 2 forced transition at x/c =  1.0000   71
 idif Ue xi dudx           1  0.10525699      4.98592854E-03   21.110809    
 Uenew xinew           2  9.78959142E-04  4.63724136E-05

   6   rms: 0.2251E+01   max: -.3760E+02   D at    2  1   RLX: 0.013
       a =  9.500      CL =  1.5451
      Cm = -0.2311     CD =  0.08038   =>   CDf =  0.00316    CDp =  0.07722

 Side 1  free  transition at x/c =  0.0406   25
 Side 2 forced transition at x/c =  1.0000   72

   7   rms: 0.2752E+01   max: -.4677E+02   D at    2  2   RLX: 0.011
       a =  9.500      CL =  1.5324
      Cm = -0.2280     CD =  0.08089   =>   CDf =  0.00297    CDp =  0.07791

 Side 1  free  transition at x/c =  0.0407   25
 Side 2 forced transition at x/c =  1.0000   72
 idif Ue xi dudx           1  0.13466936      4.29689884E-03   31.341061    
 Uenew xinew           2  3.53439362E-03  1.12771988E-04

   8   rms: 0.5676E+00   max: 0.7671E+00   C at   72  2   RLX: 0.484
       a =  9.500      CL =  1.0085
      Cm = -0.1086     CD =  0.07258   =>   CDf =  0.00318    CDp =  0.06940

 Side 1  free  transition at x/c =  0.0450   24
 Side 2 forced transition at x/c =  1.0000   73

   9   rms: 0.3600E+00   max: -.1003E+01   D at   28  1   RLX: 0.499
       a =  9.500      CL =  0.7576
      Cm = -0.0258     CD =  0.06666   =>   CDf =  0.00308    CDp =  0.06359

 Side 1  free  transition at x/c =  0.0485   25
 Side 2 forced transition at x/c =  1.0000   72

  10   rms: 0.1416E+02   max: 0.7015E+02   D at    2  1   RLX: 0.012
       a =  9.500      CL =  0.6738
      Cm =  0.0270     CD =  0.06980   =>   CDf =  0.00327    CDp =  0.06654

 Side 1  free  transition at x/c =  0.0517   26
 Side 2 forced transition at x/c =  1.0000   72

  11   rms: 0.7248E+00   max: -.3231E+01   D at   28  1   RLX: 0.155
       a =  9.500      CL =  0.6442
      Cm =  0.0610     CD =  0.04798   =>   CDf =  0.00461    CDp =  0.04337

 MRCHDU: Convergence failed at  26  side 1    Res =  0.2494E+01
 MRCHDU: Convergence failed at  27  side 1    Res =  0.2168E+01
 MRCHDU: Convergence failed at  28  side 1    Res =  0.4015E+02
 MRCHDU: Convergence failed at  29  side 1    Res =  0.8872E+01
 MRCHDU: Convergence failed at  30  side 1    Res =  0.9014E+01
 MRCHDU: Convergence failed at  31  side 1    Res =  0.1542E+02
 MRCHDU: Convergence failed at  32  side 1    Res =  0.2317E+02
 MRCHDU: Convergence failed at  33  side 1    Res =  0.5358E+02
 MRCHDU: Convergence failed at  34  side 1    Res =  0.2760E+02
 MRCHDU: Convergence failed at  35  side 1    Res =  0.1181E+02
 MRCHDU: Convergence failed at  36  side 1    Res =  0.2557E+02
 MRCHDU: Convergence failed at  37  side 1    Res =  0.5637E+02
 MRCHDU: Convergence failed at  38  side 1    Res =  0.3471E+03
 MRCHDU: Convergence failed at  39  side 1    Res =  0.7704E+03
 MRCHDU: Convergence failed at  40  side 1    Res =  0.1798E+03
 MRCHDU: Convergence failed at  41  side 1    Res =  0.2922E+02
 MRCHDU: Convergence failed at  42  side 1    Res =  0.2756E+02
 MRCHDU: Convergence failed at  43  side 1    Res =  0.2920E+02
 MRCHDU: Convergence failed at  44  side 1    Res =  0.3079E+02
 MRCHDU: Convergence failed at  45  side 1    Res =  0.3201E+02
 MRCHDU: Convergence failed at  46  side 1    Res =  0.3322E+02
 MRCHDU: Convergence failed at  47  side 1    Res =  0.1976E+02
 MRCHDU: Convergence failed at  48  side 1    Res =  0.1706E+02
 MRCHDU: Convergence failed at  49  side 1    Res =  0.1780E+02
 MRCHDU: Convergence failed at  50  side 1    Res =  0.1856E+02
 MRCHDU: Convergence failed at  51  side 1    Res =  0.1945E+02
 MRCHDU: Convergence failed at  52  side 1    Res =  0.2106E+02
 MRCHDU: Convergence failed at  53  side 1    Res =  0.2410E+02
 MRCHDU: Convergence failed at  54  side 1    Res =  0.4476E+02
 MRCHDU: Convergence failed at  55  side 1    Res =  0.4989E+02
 MRCHDU: Convergence failed at  56  side 1    Res =  0.5513E+02
 MRCHDU: Convergence failed at  57  side 1    Res =  0.3493E+02
 MRCHDU: Convergence failed at  58  side 1    Res =  0.4170E+02
 MRCHDU: Convergence failed at  59  side 1    Res =  0.5185E+02
 MRCHDU: Convergence failed at  60  side 1    Res =  0.4922E+02
 MRCHDU: Convergence failed at  61  side 1    Res =  0.1040E+03
 MRCHDU: Convergence failed at  62  side 1    Res =  0.9079E+02
 MRCHDU: Convergence failed at  63  side 1    Res =  0.6962E+02
 MRCHDU: Convergence failed at  64  side 1    Res =  0.5890E+02
 MRCHDU: Convergence failed at  65  side 1    Res =  0.3831E+02
 MRCHDU: Convergence failed at  66  side 1    Res =  0.2614E+02
 MRCHDU: Convergence failed at  67  side 1    Res =  0.5066E+02
 MRCHDU: Convergence failed at  68  side 1    Res =  0.5926E+02
 MRCHDU: Convergence failed at  69  side 1    Res =  0.1905E+02
 MRCHDU: Convergence failed at  70  side 1    Res =  0.1921E+02
 MRCHDU: Convergence failed at  71  side 1    Res =  0.3493E+02
 MRCHDU: Convergence failed at  72  side 1    Res =  0.3888E+02
 MRCHDU: Convergence failed at  73  side 1    Res =  0.4041E+02
 MRCHDU: Convergence failed at  74  side 1    Res =  0.4188E+02
 MRCHDU: Convergence failed at  75  side 1    Res =  0.4531E+02
 MRCHDU: Convergence failed at  76  side 1    Res =  0.3443E+03
 MRCHDU: Convergence failed at  77  side 1    Res =  0.2147E+03
 MRCHDU: Convergence failed at  78  side 1    Res =  0.1592E+03
 MRCHDU: Convergence failed at  79  side 1    Res =  0.3238E+02
 MRCHDU: Convergence failed at  80  side 1    Res =  0.3120E+02
 MRCHDU: Convergence failed at  81  side 1    Res =  0.3010E+02
 MRCHDU: Convergence failed at  82  side 1    Res =  0.2909E+02
 MRCHDU: Convergence failed at  83  side 1    Res =  0.2806E+02
 MRCHDU: Convergence failed at  84  side 1    Res =  0.2064E+02
 MRCHDU: Convergence failed at  85  side 1    Res =  0.2203E+02
 MRCHDU: Convergence failed at  86  side 1    Res =  0.2449E+02
 MRCHDU: Convergence failed at  87  side 1    Res =  0.9996E+03
 MRCHDU: Convergence failed at  88  side 1    Res =  0.2271E+03
 MRCHDU: Convergence failed at  89  side 1    Res =  0.1478E+03
 MRCHDU: Convergence failed at  90  side 1    Res =  0.9512E+02
 MRCHDU: Convergence failed at  82  side 2    Res =  0.3187E+01
 Side 1  free  transition at x/c =  0.0490   25
 Side 2 forced transition at x/c =  1.0000   72

  12   rms: 0.1886E+01   max: 0.6292E+01   D at   90  1   RLX: 0.238
       a =  9.500      CL =  2.3563
      Cm = -0.4805     CD =  0.00877   =>   CDf =  0.00231    CDp =  0.00646

 MRCHDU: Convergence failed at  40  side 1    Res =  0.5488E-01
 MRCHDU: Convergence failed at  50  side 1    Res =  0.5687E-01
 MRCHDU: Convergence failed at  51  side 1    Res =  0.1728E+02
 MRCHDU: Convergence failed at  52  side 1    Res =  0.5425E+01
 MRCHDU: Convergence failed at  53  side 1    Res =  0.2259E+01
 MRCHDU: Convergence failed at  72  side 1    Res =  0.1095E+00
 MRCHDU: Convergence failed at  73  side 1    Res =  0.9651E-01
 Side 1  free  transition at x/c =  0.0421   26
 Side 2 forced transition at x/c =  1.0000   71

  13   rms: 0.3639E+01   max: 0.6276E+02   T at    2  1   RLX: 0.018
       a =  9.500      CL =  1.9439
      Cm = -0.3457     CD =  0.03525   =>   CDf =  0.00789    CDp =  0.02736

 MRCHDU: Convergence failed at  40  side 1    Res =  0.5557E-01
 MRCHDU: Convergence failed at  50  side 1    Res =  0.5312E-01
 MRCHDU: Convergence failed at  73  side 1    Res =  0.6307E-01
 Side 1  free  transition at x/c =  0.0419   26
 Side 2 forced transition at x/c =  1.0000   71

  14   rms: 0.6537E+00   max: -.5983E+00   U at   91  1   RLX: 0.418
       a =  9.500      CL =  1.4821
      Cm = -0.1692     CD =  0.02790   =>   CDf =  0.00780    CDp =  0.02010

 MRCHDU: Convergence failed at  26  side 1    Res =  0.6623E+01
 MRCHDU: Convergence failed at  27  side 1    Res =  0.7625E+01
 MRCHDU: Convergence failed at  28  side 1    Res =  0.5291E+01
 MRCHDU: Convergence failed at  29  side 1    Res =  0.4096E+01
 MRCHDU: Convergence failed at  30  side 1    Res =  0.5292E+01
 MRCHDU: Convergence failed at  31  side 1    Res =  0.4733E+01
 MRCHDU: Convergence failed at  32  side 1    Res =  0.4468E+01
 MRCHDU: Convergence failed at  33  side 1    Res =  0.4156E+01
 MRCHDU: Convergence failed at  34  side 1    Res =  0.1303E+02
 MRCHDU: Convergence failed at  35  side 1    Res =  0.2853E+02
 MRCHDU: Convergence failed at  36  side 1    Res =  0.1827E+02
 MRCHDU: Convergence failed at  37  side 1    Res =  0.4028E+02
 MRCHDU: Convergence failed at  38  side 1    Res =  0.2091E+04
 MRCHDU: Convergence failed at  39  side 1    Res =  0.2587E+02
 MRCHDU: Convergence failed at  40  side 1    Res =  0.4498E+03
 MRCHDU: Convergence failed at  41  side 1    Res =  0.2188E+02
 MRCHDU: Convergence failed at  42  side 1    Res =  0.1405E+02
 MRCHDU: Convergence failed at  43  side 1    Res =  0.1845E+02
 MRCHDU: Convergence failed at  44  side 1    Res =  0.5340E+02
 MRCHDU: Convergence failed at  45  side 1    Res =  0.1041E+03
 MRCHDU: Convergence failed at  46  side 1    Res =  0.9159E+03
 MRCHDU: Convergence failed at  47  side 1    Res =  0.7792E+02
 MRCHDU: Convergence failed at  48  side 1    Res =  0.1110E+03
 MRCHDU: Convergence failed at  49  side 1    Res =  0.8479E+02
 MRCHDU: Convergence failed at  50  side 1    Res =  0.1921E+02
 MRCHDU: Convergence failed at  51  side 1    Res =  0.2784E+02
 MRCHDU: Convergence failed at  52  side 1    Res =  0.3216E+02
 MRCHDU: Convergence failed at  53  side 1    Res =  0.3500E+02
 MRCHDU: Convergence failed at  54  side 1    Res =  0.2650E+02
 MRCHDU: Convergence failed at  55  side 1    Res =  0.4256E+02
 MRCHDU: Convergence failed at  56  side 1    Res =  0.3892E+02
 MRCHDU: Convergence failed at  57  side 1    Res =  0.3704E+02
 MRCHDU: Convergence failed at  58  side 1    Res =  0.3043E+03
 MRCHDU: Convergence failed at  59  side 1    Res =  0.1058E+03
 MRCHDU: Convergence failed at  60  side 1    Res =  0.9457E+02
 MRCHDU: Convergence failed at  61  side 1    Res =  0.2329E+03
 MRCHDU: Convergence failed at  62  side 1    Res =  0.3444E+02
 MRCHDU: Convergence failed at  63  side 1    Res =  0.2836E+02
 MRCHDU: Convergence failed at  64  side 1    Res =  0.2206E+02
 MRCHDU: Convergence failed at  65  side 1    Res =  0.2386E+02
 MRCHDU: Convergence failed at  66  side 1    Res =  0.4114E+02
 MRCHDU: Convergence failed at  67  side 1    Res =  0.5949E+02
 MRCHDU: Convergence failed at  68  side 1    Res =  0.2970E+02
 MRCHDU: Convergence failed at  69  side 1    Res =  0.3982E+02
 MRCHDU: Convergence failed at  70  side 1    Res =  0.9812E+02
 MRCHDU: Convergence failed at  71  side 1    Res =  0.2624E+02
 MRCHDU: Convergence failed at  72  side 1    Res =  0.2954E+02
 MRCHDU: Convergence failed at  73  side 1    Res =  0.2975E+02
 MRCHDU: Convergence failed at  74  side 1    Res =  0.3623E+02
 MRCHDU: Convergence failed at  75  side 1    Res =  0.4551E+02
 MRCHDU: Convergence failed at  76  side 1    Res =  0.4771E+02
 MRCHDU: Convergence failed at  77  side 1    Res =  0.3579E+02
 MRCHDU: Convergence failed at  78  side 1    Res =  0.5096E+02
 MRCHDU: Convergence failed at  79  side 1    Res =  0.5957E+02
 MRCHDU: Convergence failed at  80  side 1    Res =  0.3044E+02
 MRCHDU: Convergence failed at  81  side 1    Res =  0.2182E+02
 MRCHDU: Convergence failed at  82  side 1    Res =  0.5927E+02
 MRCHDU: Convergence failed at  83  side 1    Res =  0.1324E+03
 MRCHDU: Convergence failed at  84  side 1    Res =  0.8476E+02
 MRCHDU: Convergence failed at  85  side 1    Res =  0.1061E+03
 MRCHDU: Convergence failed at  86  side 1    Res =  0.6927E+02
 MRCHDU: Convergence failed at  87  side 1    Res =  0.7174E+02
 MRCHDU: Convergence failed at  88  side 1    Res =  0.7291E+02
 MRCHDU: Convergence failed at  89  side 1    Res =  0.1464E+03
 MRCHDU: Convergence failed at  90  side 1    Res =  0.1689E+03
 MRCHDU: Convergence failed at  91  side 1    Res =  0.7328E+02
 Side 1  free  transition at x/c =  0.0379   25
 Side 2 forced transition at x/c =  1.0000   71

  15   rms: 0.2006E+01   max: 0.7497E+01   D at   77  2   RLX: 0.200
       a =  9.500      CL =  2.7166
      Cm = -0.6007     CD =  0.00923   =>   CDf =  0.00239    CDp =  0.00685

 MRCHDU: Convergence failed at  59  side 1    Res =  0.3991E+00
 MRCHDU: Convergence failed at  60  side 1    Res =  0.3844E+00
 MRCHDU: Convergence failed at  61  side 1    Res =  0.3691E+00
 MRCHDU: Convergence failed at  62  side 1    Res =  0.3533E+00
 MRCHDU: Convergence failed at  63  side 1    Res =  0.3366E+00
 MRCHDU: Convergence failed at  64  side 1    Res =  0.3185E+00
 MRCHDU: Convergence failed at  65  side 1    Res =  0.2994E+00
 MRCHDU: Convergence failed at  66  side 1    Res =  0.2779E+00
 MRCHDU: Convergence failed at  67  side 1    Res =  0.2550E+00
 MRCHDU: Convergence failed at  68  side 1    Res =  0.2295E+00
 MRCHDU: Convergence failed at  69  side 1    Res =  0.2029E+00
 MRCHDU: Convergence failed at  70  side 1    Res =  0.1747E+00
 MRCHDU: Convergence failed at  71  side 1    Res =  0.1455E+00
 MRCHDU: Convergence failed at  72  side 1    Res =  0.1153E+00
 MRCHDU: Convergence failed at  73  side 1    Res =  0.8323E-01
 MRCHDU: Convergence failed at  74  side 1    Res =  0.3997E-02
 MRCHDU: Convergence failed at  77  side 2    Res =  0.3507E+03
 MRCHDU: Convergence failed at  78  side 2    Res =  0.4490E+01
 MRCHDU: Convergence failed at  79  side 2    Res =  0.3086E+01
 MRCHDU: Convergence failed at  80  side 2    Res =  0.6725E+01
 MRCHDU: Convergence failed at  81  side 2    Res =  0.3762E+01
 MRCHDU: Convergence failed at  82  side 2    Res =  0.2414E+01
 Side 1  free  transition at x/c =  0.0376   25
 Side 2 forced transition at x/c =  1.0000   71

  16   rms: 0.1069E+01   max: 0.9106E+01   T at   25  1   RLX: 0.165
       a =  9.500      CL =  1.8794
      Cm = -0.3644     CD =  0.04360   =>   CDf =  0.00343    CDp =  0.04017

 Side 1  free  transition at x/c =  0.0324   25
 Side 2 forced transition at x/c =  1.0000   71

  17   rms: 0.5383E+00   max: 0.9200E+00   C at   71  2   RLX: 0.549
       a =  9.500      CL =  1.4385
      Cm = -0.1756     CD =  0.06071   =>   CDf =  0.00304    CDp =  0.05766

 MRCHDU: Convergence failed at  25  side 1    Res =  0.1204E+03
 MRCHDU: Convergence failed at  26  side 1    Res =  0.9029E+02
 MRCHDU: Convergence failed at  27  side 1    Res =  0.2908E+03
 MRCHDU: Convergence failed at  28  side 1    Res =  0.1236E+03
 MRCHDU: Convergence failed at  29  side 1    Res =  0.3249E+02
 MRCHDU: Convergence failed at  30  side 1    Res =  0.2869E+02
 MRCHDU: Convergence failed at  31  side 1    Res =  0.3148E+02
 MRCHDU: Convergence failed at  32  side 1    Res =  0.3916E+02
 MRCHDU: Convergence failed at  33  side 1    Res =  0.5517E+02
 MRCHDU: Convergence failed at  34  side 1    Res =  0.8214E+02
 MRCHDU: Convergence failed at  35  side 1    Res =  0.2337E+03
 MRCHDU: Convergence failed at  36  side 1    Res =  0.2385E+03
 MRCHDU: Convergence failed at  37  side 1    Res =  0.1098E+03
 MRCHDU: Convergence failed at  38  side 1    Res =  0.6450E+02
 MRCHDU: Convergence failed at  39  side 1    Res =  0.3667E+02
 MRCHDU: Convergence failed at  40  side 1    Res =  0.3180E+02
 MRCHDU: Convergence failed at  41  side 1    Res =  0.2314E+03
 MRCHDU: Convergence failed at  42  side 1    Res =  0.1202E+04
 MRCHDU: Convergence failed at  43  side 1    Res =  0.2158E+03
 MRCHDU: Convergence failed at  44  side 1    Res =  0.5181E+02
 MRCHDU: Convergence failed at  45  side 1    Res =  0.1596E+03
 MRCHDU: Convergence failed at  46  side 1    Res =  0.6119E+02
 MRCHDU: Convergence failed at  47  side 1    Res =  0.2562E+03
 MRCHDU: Convergence failed at  48  side 1    Res =  0.3262E+03
 MRCHDU: Convergence failed at  49  side 1    Res =  0.2120E+03
 MRCHDU: Convergence failed at  50  side 1    Res =  0.7653E+02
 MRCHDU: Convergence failed at  51  side 1    Res =  0.1169E+03
 MRCHDU: Convergence failed at  52  side 1    Res =  0.1577E+03
 MRCHDU: Convergence failed at  53  side 1    Res =  0.8126E+02
 MRCHDU: Convergence failed at  54  side 1    Res =  0.8114E+02
 MRCHDU: Convergence failed at  55  side 1    Res =  0.4566E+02
 MRCHDU: Convergence failed at  56  side 1    Res =  0.7431E+02
 MRCHDU: Convergence failed at  57  side 1    Res =  0.7717E+02
 MRCHDU: Convergence failed at  58  side 1    Res =  0.1078E+03
 MRCHDU: Convergence failed at  59  side 1    Res =  0.6659E+02
 MRCHDU: Convergence failed at  60  side 1    Res =  0.1042E+03
 MRCHDU: Convergence failed at  61  side 1    Res =  0.4604E+02
 MRCHDU: Convergence failed at  62  side 1    Res =  0.9881E+02
 MRCHDU: Convergence failed at  63  side 1    Res =  0.1154E+03
 MRCHDU: Convergence failed at  64  side 1    Res =  0.4373E+02
 MRCHDU: Convergence failed at  65  side 1    Res =  0.1061E+03
 MRCHDU: Convergence failed at  66  side 1    Res =  0.1157E+03
 MRCHDU: Convergence failed at  67  side 1    Res =  0.4511E+02
 MRCHDU: Convergence failed at  68  side 1    Res =  0.1818E+03
 MRCHDU: Convergence failed at  69  side 1    Res =  0.2228E+04
 MRCHDU: Convergence failed at  70  side 1    Res =  0.5803E+04
 MRCHDU: Convergence failed at  71  side 1    Res =  0.6138E+02
 MRCHDU: Convergence failed at  72  side 1    Res =  0.4920E+02
 MRCHDU: Convergence failed at  73  side 1    Res =  0.1592E+03
 MRCHDU: Convergence failed at  74  side 1    Res =  0.7063E+02
 MRCHDU: Convergence failed at  75  side 1    Res =  0.8954E+02
 MRCHDU: Convergence failed at  76  side 1    Res =  0.9374E+02
 MRCHDU: Convergence failed at  77  side 1    Res =  0.9294E+02
 MRCHDU: Convergence failed at  78  side 1    Res =  0.9046E+02
 MRCHDU: Convergence failed at  79  side 1    Res =  0.8642E+02
 MRCHDU: Convergence failed at  80  side 1    Res =  0.2277E+03
 MRCHDU: Convergence failed at  81  side 1    Res =  0.4865E+03
 MRCHDU: Convergence failed at  82  side 1    Res =  0.2175E+03
 MRCHDU: Convergence failed at  83  side 1    Res =  0.7587E+02
 MRCHDU: Convergence failed at  84  side 1    Res =  0.1336E+04
 MRCHDU: Convergence failed at  85  side 1    Res =  0.1850E+03
 MRCHDU: Convergence failed at  86  side 1    Res =  0.6350E+03
 MRCHDU: Convergence failed at  87  side 1    Res =  0.7118E+02
 MRCHDU: Convergence failed at  88  side 1    Res =  0.8921E+03
 MRCHDU: Convergence failed at  89  side 1    Res =  0.2448E+03
 MRCHDU: Convergence failed at  90  side 1    Res =  0.8407E+02
 MRCHDU: Convergence failed at  91  side 1    Res =  0.1215E+03
 MRCHDU: Convergence failed at  80  side 2    Res =  0.4044E+01
 MRCHDU: Convergence failed at  81  side 2    Res =  0.3857E+01
 MRCHDU: Convergence failed at  82  side 2    Res =  0.1602E+02
 Side 1  free  transition at x/c =  0.0311   24
 Side 2 forced transition at x/c =  1.0000   71

  18   rms: 0.1961E+01   max: 0.1228E+02   D at   76  2   RLX: 0.122
       a =  9.500      CL =  2.9053
      Cm = -0.6732     CD =  0.00754   =>   CDf =  0.00214    CDp =  0.00541

 MRCHDU: Convergence failed at  76  side 2    Res =  0.5681E+01
 MRCHDU: Convergence failed at  77  side 2    Res =  0.9843E+01
 MRCHDU: Convergence failed at  78  side 2    Res =  0.7751E+01
 MRCHDU: Convergence failed at  79  side 2    Res =  0.8702E+01
 MRCHDU: Convergence failed at  80  side 2    Res =  0.3268E+01
 Side 1  free  transition at x/c =  0.0320   24
 Side 2 forced transition at x/c =  1.0000   71

  19   rms: 0.1534E+01   max: 0.1069E+02   T at   25  1   RLX: 0.140
       a =  9.500      CL =  1.9437
      Cm = -0.3739     CD =  0.07970   =>   CDf =  0.00285    CDp =  0.07685

 Side 1  free  transition at x/c =  0.0377   25
 Side 2 forced transition at x/c =  1.0000   71
 idif Ue xi dudx           1  0.11915854      5.41853905E-03   21.990898    
 Uenew xinew           2  1.05332648E-02  4.78982925E-04

  20   rms: 0.7167E+00   max: 0.2801E+01   C at   71  2   RLX: 0.270
       a =  9.500      CL =  1.4137
      Cm = -0.2070     CD =  0.07967   =>   CDf =  0.00332    CDp =  0.07635

 Side 1  free  transition at x/c =  0.0429   25
 Side 2 forced transition at x/c =  1.0000   72

  21   rms: 0.7276E+00   max: -.5476E+01   D at    2  2   RLX: 0.091
       a =  9.500      CL =  1.2720
      Cm = -0.1674     CD =  0.13405   =>   CDf =  0.00339    CDp =  0.13066

 Side 1  free  transition at x/c =  0.0443   25
 Side 2 forced transition at x/c =  1.0000   72

  22   rms: 0.5961E+00   max: 0.2291E+01   C at   72  2   RLX: 0.260
       a =  9.500      CL =  1.0369
      Cm = -0.1069     CD =  0.10141   =>   CDf =  0.00344    CDp =  0.09797

 Side 1  free  transition at x/c =  0.0490   25
 Side 2 forced transition at x/c =  1.0000   72
 idif Ue xi dudx           1  0.23777789      7.57765770E-03   31.378811    
 Uenew xinew           2  0.10648496      3.39353085E-03

  23   rms: 0.1883E+01   max: 0.4623E+01   D at   27  1   RLX: 0.134
       a =  9.500      CL =  0.8810
      Cm = -0.1006     CD =  0.17618   =>   CDf =  0.00374    CDp =  0.17244

 Side 1  free  transition at x/c =  0.0475   24
 Side 2 forced transition at x/c =  1.0000   73
 idif Ue xi dudx           1  0.12920702      3.80766392E-03   33.933407    
 Uenew xinew           2  7.44717149E-03  2.19464302E-04

  24   rms: 0.4149E+00   max: 0.2079E+01   C at   73  2   RLX: 0.437
       a =  9.500      CL =  0.6031
      Cm = -0.0249     CD =  0.09333   =>   CDf =  0.00374    CDp =  0.08959

 Side 1  free  transition at x/c =  0.0540   24
 Side 2 forced transition at x/c =  1.0000   74

  25   rms: 0.5573E+00   max: 0.4333E+01   D at    2  2   RLX: 0.216
       a =  9.500      CL =  0.5187
      Cm =  0.0167     CD =  0.13418   =>   CDf =  0.00349    CDp =  0.13069

 Side 1  free  transition at x/c =  0.0554   25
 Side 2 forced transition at x/c =  1.0000   73

  26   rms: 0.1194E+01   max: -.3736E+01   D at   29  1   RLX: 0.134
       a =  9.500      CL =  0.5298
      Cm =  0.0405     CD =  0.12620   =>   CDf =  0.00340    CDp =  0.12280

 Side 1  free  transition at x/c =  0.0588   26
 Side 2 forced transition at x/c =  1.0000   72

  27   rms: 0.1834E+01   max: 0.2917E+02   D at    2  1   RLX: 0.039
       a =  9.500      CL =  0.4500
      Cm =  0.0700     CD =  0.13534   =>   CDf =  0.00388    CDp =  0.13146

 Side 1  free  transition at x/c =  0.0597   26
 Side 2 forced transition at x/c =  1.0000   72

  28   rms: 0.4161E+00   max: 0.2799E+01   T at   26  1   RLX: 0.199
       a =  9.500      CL =  0.4933
      Cm =  0.0662     CD =  0.11340   =>   CDf =  0.00396    CDp =  0.10944

 Side 1  free  transition at x/c =  0.0523   26
 Side 2 forced transition at x/c =  1.0000   72

  29   rms: 0.5924E+00   max: -.2638E+01   D at   31  1   RLX: 0.190
       a =  9.500      CL =  0.5464
      Cm =  0.0582     CD =  0.10357   =>   CDf =  0.00382    CDp =  0.09975

 Side 1  free  transition at x/c =  0.0522   26
 Side 2 forced transition at x/c =  1.0000   72

  30   rms: 0.6793E+00   max: -.3211E+01   D at   29  1   RLX: 0.156
       a =  9.500      CL =  0.5898
      Cm =  0.0598     CD =  0.09628   =>   CDf =  0.00405    CDp =  0.09222

 Side 1  free  transition at x/c =  0.0506   26
 Side 2 forced transition at x/c =  1.0000   72

  31   rms: 0.6417E+00   max: -.3129E+01   D at   28  1   RLX: 0.160
       a =  9.500      CL =  0.6515
      Cm =  0.0587     CD =  0.08564   =>   CDf =  0.00431    CDp =  0.08133

 Side 1  free  transition at x/c =  0.0465   25
 Side 2 forced transition at x/c =  1.0000   72

  32   rms: 0.6863E+00   max: 0.2269E+01   T at   25  1   RLX: 0.238
       a =  9.500      CL =  0.7621
      Cm =  0.0549     CD =  0.06349   =>   CDf =  0.00409    CDp =  0.05939

 Side 1  free  transition at x/c =  0.0402   25
 Side 2 forced transition at x/c =  1.0000   71

  33   rms: 0.1719E+01   max: -.6765E+01   D at   53  1   RLX: 0.074
       a =  9.500      CL =  0.8203
      Cm =  0.0582     CD =  0.05559   =>   CDf =  0.00475    CDp =  0.05084

 Side 1  free  transition at x/c =  0.0375   25
 Side 2 forced transition at x/c =  1.0000   71

  34   rms: 0.1431E+01   max: -.5714E+01   D at   60  1   RLX: 0.087
       a =  9.500      CL =  0.8970
      Cm =  0.0567     CD =  0.04757   =>   CDf =  0.00469    CDp =  0.04287

 Side 1  free  transition at x/c =  0.0342   26
 Side 2 forced transition at x/c =  1.0000   70

  35   rms: 0.9690E+00   max: -.3543E+01   D at   66  1   RLX: 0.141
       a =  9.500      CL =  0.9774
      Cm =  0.0499     CD =  0.03855   =>   CDf =  0.00542    CDp =  0.03313

 Side 1  free  transition at x/c =  0.0321   25
 Side 2 forced transition at x/c =  1.0000   70

  36   rms: 0.6459E+00   max: -.2501E+01   D at   88  2   RLX: 0.200
       a =  9.500      CL =  1.0591
      Cm =  0.0373     CD =  0.03277   =>   CDf =  0.00575    CDp =  0.02702

 Side 1  free  transition at x/c =  0.0301   25
 Side 2 forced transition at x/c =  1.0000   70

  37   rms: 0.4103E+00   max: -.1737E+01   D at   87  2   RLX: 0.288
       a =  9.500      CL =  1.0898
      Cm =  0.0273     CD =  0.02979   =>   CDf =  0.00592    CDp =  0.02388

 Side 1  free  transition at x/c =  0.0287   25
 Side 2 forced transition at x/c =  1.0000   70

  38   rms: 0.2626E+00   max: -.1100E+01   D at   87  2   RLX: 0.454
       a =  9.500      CL =  1.0562
      Cm =  0.0220     CD =  0.02774   =>   CDf =  0.00617    CDp =  0.02157

 Side 1  free  transition at x/c =  0.0291   25
 Side 2 forced transition at x/c =  1.0000   70

  39   rms: 0.1550E+00   max: -.6075E+00   D at   92  1   RLX: 0.823
       a =  9.500      CL =  0.9997
      Cm =  0.0163     CD =  0.02555   =>   CDf =  0.00639    CDp =  0.01916

 Side 1  free  transition at x/c =  0.0301   25
 Side 2 forced transition at x/c =  1.0000   70

  40   rms: 0.5424E-01   max: -.3217E+00   D at   86  1
       a =  9.500      CL =  0.9603
      Cm =  0.0166     CD =  0.02573   =>   CDf =  0.00648    CDp =  0.01924

 Side 1  free  transition at x/c =  0.0311   25
 Side 2 forced transition at x/c =  1.0000   70

  41   rms: 0.1001E-01   max: -.9813E-01   D at   86  1
       a =  9.500      CL =  0.9582
      Cm =  0.0166     CD =  0.02572   =>   CDf =  0.00659    CDp =  0.01913

 Side 1  free  transition at x/c =  0.0312   25
 Side 2 forced transition at x/c =  1.0000   70

  42   rms: 0.4790E-03   max: -.7321E-02   D at   86  1
       a =  9.500      CL =  0.9584
      Cm =  0.0165     CD =  0.02573   =>   CDf =  0.00662    CDp =  0.01911

 Side 1  free  transition at x/c =  0.0311   25
 Side 2 forced transition at x/c =  1.0000   70

  43   rms: 0.3634E-05   max: -.4554E-04   D at   86  1
       a =  9.500      CL =  0.9584
      Cm =  0.0165     CD =  0.02573   =>   CDf =  0.00662    CDp =  0.01911
 plradd ia,ip,cpol           28           0  9.20196064E-04

 Point added to stored polar  1
 Point written to save file  fx76100_Re300k.base.pol                         
 Dump file unspecified or not available
 Calculating wake trajectory ...
 Calculating source influence matrix ...

 Solving BL system ...

 Side 1  free  transition at x/c =  0.0311   25
 Side 2 forced transition at x/c =  1.0000   70

   1   rms: 0.7675E-01   max: 0.3761E+00   T at   25  1
       a = 10.000      CL =  0.9922
      Cm =  0.0200     CD =  0.02797   =>   CDf =  0.00662    CDp =  0.02135

 Side 1  free  transition at x/c =  0.0285   25
 Side 2 forced transition at x/c =  1.0000   70

   2   rms: 0.3076E-01   max: -.1343E+00   D at   26  1
       a = 10.000      CL =  0.9902
      Cm =  0.0200     CD =  0.02785   =>   CDf =  0.00618    CDp =  0.02167

 Side 1  free  transition at x/c =  0.0286   25
 Side 2 forced transition at x/c =  1.0000   70

   3   rms: 0.2191E-02   max: 0.1649E-01   D at   26  1
       a = 10.000      CL =  0.9903
      Cm =  0.0200     CD =  0.02794   =>   CDf =  0.00631    CDp =  0.02163

 Side 1  free  transition at x/c =  0.0286   25
 Side 2 forced transition at x/c =  1.0000   70

   4   rms: 0.3693E-04   max: 0.1702E-03   D at   26  1
       a = 10.000      CL =  0.9903
      Cm =  0.0200     CD =  0.02794   =>   CDf =  0.00631    CDp =  0.02163
 plradd ia,ip,cpol           29           0  9.20196064E-04

 Point added to stored polar  1
 Point written to save file  fx76100_Re300k.base.pol                         
 Dump file unspecified or not available

.OPERva   c>  
 Solving BL system ...

 Side 1  free  transition at x/c =  0.0286   25
 Side 2 forced transition at x/c =  1.0000   70

   1   rms: 0.9146E-06   max: 0.3040E-05   D at   90  1
       a = 10.000      CL =  0.9903
      Cm =  0.0200     CD =  0.02794   =>   CDf =  0.00631    CDp =  0.02163
 plradd ia,ip,cpol           30         182  9.20196064E-04

 Point added to stored polar  1
 Point written to save file  fx76100_Re300k.base.pol                         
 Dump file unspecified or not available
 Calculating wake trajectory ...
 Calculating source influence matrix ...

 Solving BL system ...

 Side 1  free  transition at x/c =  0.0286   25
 Side 2 forced transition at x/c =  1.0000   70

   1   rms: 0.3638E-01   max: 0.1853E+00   T at   25  1
       a = 10.250      CL =  1.0055
      Cm =  0.0217     CD =  0.02900   =>   CDf =  0.00631    CDp =  0.02269

 Side 1  free  transition at x/c =  0.0273   25
 Side 2 forced transition at x/c =  1.0000   70

   2   rms: 0.1230E-01   max: -.5526E-01   D at   25  1
       a = 10.250      CL =  1.0052
      Cm =  0.0216     CD =  0.02888   =>   CDf =  0.00618    CDp =  0.02270

 Side 1  free  transition at x/c =  0.0274   25
 Side 2 forced transition at x/c =  1.0000   70

   3   rms: 0.2492E-03   max: 0.1090E-02   T at   25  1
       a = 10.250      CL =  1.0055
      Cm =  0.0216     CD =  0.02890   =>   CDf =  0.00623    CDp =  0.02267

 Side 1  free  transition at x/c =  0.0274   25
 Side 2 forced transition at x/c =  1.0000   70

   4   rms: 0.2394E-05   max: -.7743E-05   C at   70  2
       a = 10.250      CL =  1.0055
      Cm =  0.0216     CD =  0.02890   =>   CDf =  0.00623    CDp =  0.02267
 plradd ia,ip,cpol           31           0  9.20196064E-04

 Point added to stored polar  1
 Point written to save file  fx76100_Re300k.base.pol                         
 Dump file unspecified or not available
 Calculating wake trajectory ...
 Calculating source influence matrix ...

 Solving BL system ...

 Side 1  free  transition at x/c =  0.0274   25
 Side 2 forced transition at x/c =  1.0000   70

   1   rms: 0.3589E-01   max: 0.1882E+00   T at   25  1
       a = 10.500      CL =  1.0204
      Cm =  0.0232     CD =  0.02994   =>   CDf =  0.00623    CDp =  0.02370

 Side 1  free  transition at x/c =  0.0264   25
 Side 2 forced transition at x/c =  1.0000   70

   2   rms: 0.6877E-02   max: -.3001E-01   D at   27  1
       a = 10.500      CL =  1.0194
      Cm =  0.0232     CD =  0.03017   =>   CDf =  0.00615    CDp =  0.02401

 Side 1  free  transition at x/c =  0.0264   25
 Side 2 forced transition at x/c =  1.0000   70

   3   rms: 0.1397E-03   max: 0.8200E-03   T at   25  1
       a = 10.500      CL =  1.0194
      Cm =  0.0232     CD =  0.03019   =>   CDf =  0.00619    CDp =  0.02400

 Side 1  free  transition at x/c =  0.0264   25
 Side 2 forced transition at x/c =  1.0000   70

   4   rms: 0.4033E-05   max: -.1465E-04   T at   25  1
       a = 10.500      CL =  1.0194
      Cm =  0.0232     CD =  0.03019   =>   CDf =  0.00619    CDp =  0.02400
 plradd ia,ip,cpol           32           0  9.20196064E-04

 Point added to stored polar  1
 Point written to save file  fx76100_Re300k.base.pol                         
 Dump file unspecified or not available
 Calculating wake trajectory ...
 Calculating source influence matrix ...

 Solving BL system ...

 Side 1  free  transition at x/c =  0.0264   25
 Side 2 forced transition at x/c =  1.0000   70

   1   rms: 0.4361E-01   max: 0.2305E+00   T at   25  1
       a = 10.750      CL =  1.0317
      Cm =  0.0248     CD =  0.03212   =>   CDf =  0.00619    CDp =  0.02593

 Side 1  free  transition at x/c =  0.0256   25
 Side 2 forced transition at x/c =  1.0000   70

   2   rms: 0.2133E-01   max: 0.8183E-01   D at   25  1
       a = 10.750      CL =  1.0231
      Cm =  0.0255     CD =  0.03401   =>   CDf =  0.00593    CDp =  0.02808

 Side 1  free  transition at x/c =  0.0255   24
 Side 2 forced transition at x/c =  1.0000   70

   3   rms: 0.2217E-02   max: -.1306E-01   D at   24  1
       a = 10.750      CL =  1.0237
      Cm =  0.0255     CD =  0.03374   =>   CDf =  0.00597    CDp =  0.02777

 Side 1  free  transition at x/c =  0.0255   24
 Side 2 forced transition at x/c =  1.0000   70

   4   rms: 0.5530E-04   max: 0.1820E-03   D at   27  1
       a = 10.750      CL =  1.0237
      Cm =  0.0255     CD =  0.03373   =>   CDf =  0.00596    CDp =  0.02777
 plradd ia,ip,cpol           33           0  9.20196064E-04

 Point added to stored polar  1
 Point written to save file  fx76100_Re300k.base.pol                         
 Dump file unspecified or not available
 Calculating wake trajectory ...
 Calculating source influence matrix ...

 Solving BL system ...

 Side 1  free  transition at x/c =  0.0255   24
 Side 2 forced transition at x/c =  1.0000   70

   1   rms: 0.3432E-01   max: 0.1683E+00   T at   24  1
       a = 11.000      CL =  1.0324
      Cm =  0.0279     CD =  0.03499   =>   CDf =  0.00597    CDp =  0.02902

 Side 1  free  transition at x/c =  0.0251   24
 Side 2 forced transition at x/c =  1.0000   70

   2   rms: 0.3093E-02   max: 0.2005E-01   D at   24  1
       a = 11.000      CL =  1.0305
      Cm =  0.0280     CD =  0.03527   =>   CDf =  0.00568    CDp =  0.02958

 Side 1  free  transition at x/c =  0.0251   24
 Side 2 forced transition at x/c =  1.0000   70

   3   rms: 0.6620E-04   max: 0.2802E-03   D at   72  2
       a = 11.000      CL =  1.0304
      Cm =  0.0280     CD =  0.03526   =>   CDf =  0.00569    CDp =  0.02958
 plradd ia,ip,cpol           34           0  9.20196064E-04

 Point added to stored polar  1
 Point written to save file  fx76100_Re300k.base.pol                         
 Dump file unspecified or not available
 Calculating wake trajectory ...
 Calculating source influence matrix ...

 Solving BL system ...

 Side 1  free  transition at x/c =  0.0251   24
 Side 2 forced transition at x/c =  1.0000   70

   1   rms: 0.3847E-01   max: 0.1028E+00   T at   24  1
       a = 11.250      CL =  1.0362
      Cm =  0.0305     CD =  0.03720   =>   CDf =  0.00569    CDp =  0.03151

 Side 1  free  transition at x/c =  0.0247   24
 Side 2 forced transition at x/c =  1.0000   70

   2   rms: 0.3619E-02   max: 0.1059E-01   D at   81  2
       a = 11.250      CL =  1.0336
      Cm =  0.0307     CD =  0.03724   =>   CDf =  0.00539    CDp =  0.03185

 Side 1  free  transition at x/c =  0.0248   24
 Side 2 forced transition at x/c =  1.0000   70

   3   rms: 0.4029E-04   max: -.2207E-03   D at   81  2
       a = 11.250      CL =  1.0336
      Cm =  0.0306     CD =  0.03725   =>   CDf =  0.00541    CDp =  0.03183
 plradd ia,ip,cpol           35           0  9.20196064E-04

 Point added to stored polar  1
 Point written to save file  fx76100_Re300k.base.pol                         
 Dump file unspecified or not available
 Calculating wake trajectory ...
 Calculating source influence matrix ...

 Solving BL system ...

 Side 1  free  transition at x/c =  0.0248   24
 Side 2 forced transition at x/c =  1.0000   70

   1   rms: 0.4155E-01   max: 0.1176E+00   T at   24  1
       a = 11.500      CL =  1.0341
      Cm =  0.0335     CD =  0.03955   =>   CDf =  0.00509    CDp =  0.03446

 Side 1  free  transition at x/c =  0.0243   25
 Side 2 forced transition at x/c =  1.0000   69

   2   rms: 0.6957E-02   max: -.8694E-01   T at    2  1
       a = 11.500      CL =  1.0306
      Cm =  0.0337     CD =  0.03956   =>   CDf =  0.00508    CDp =  0.03448

 Side 1  free  transition at x/c =  0.0243   25
 Side 2 forced transition at x/c =  1.0000   69

   3   rms: 0.1213E-02   max: -.1512E-01   D at    4  1
       a = 11.500      CL =  1.0304
      Cm =  0.0338     CD =  0.03956   =>   CDf =  0.00510    CDp =  0.03445

 Side 1  free  transition at x/c =  0.0243   25
 Side 2 forced transition at x/c =  1.0000   69

   4   rms: 0.4028E-05   max: 0.2055E-04   D at    8  1
       a = 11.500      CL =  1.0304
      Cm =  0.0338     CD =  0.03956   =>   CDf =  0.00511    CDp =  0.03445
 plradd ia,ip,cpol           36           0  9.20196064E-04

 Point added to stored polar  1
 Point written to save file  fx76100_Re300k.base.pol                         
 Dump file unspecified or not available
 Calculating wake trajectory ...
 Calculating source influence matrix ...

 Solving BL system ...

 Side 1  free  transition at x/c =  0.0243   25
 Side 2 forced transition at x/c =  1.0000   69

   1   rms: 0.4024E-01   max: 0.1134E+00   D at   78  1
       a = 11.750      CL =  1.0258
      Cm =  0.0370     CD =  0.04201   =>   CDf =  0.00511    CDp =  0.03690

 Side 1  free  transition at x/c =  0.0242   25
 Side 2 forced transition at x/c =  1.0000   69

   2   rms: 0.5134E-02   max: 0.2881E-01   D at   92  1
       a = 11.750      CL =  1.0223
      Cm =  0.0373     CD =  0.04181   =>   CDf =  0.00485    CDp =  0.03696

 Side 1  free  transition at x/c =  0.0242   25
 Side 2 forced transition at x/c =  1.0000   69

   3   rms: 0.2268E-03   max: 0.1151E-02   D at   89  1
       a = 11.750      CL =  1.0224
      Cm =  0.0373     CD =  0.04183   =>   CDf =  0.00488    CDp =  0.03695

 Side 1  free  transition at x/c =  0.0242   25
 Side 2 forced transition at x/c =  1.0000   69

   4   rms: 0.7236E-05   max: -.2344E-04   T at   92  1
       a = 11.750      CL =  1.0224
      Cm =  0.0373     CD =  0.04183   =>   CDf =  0.00488    CDp =  0.03695
 plradd ia,ip,cpol           37           0  9.20196064E-04

 Point added to stored polar  1
 Point written to save file  fx76100_Re300k.base.pol                         
 Dump file unspecified or not available
 Calculating wake trajectory ...
 Calculating source influence matrix ...

 Solving BL system ...

 Side 1  free  transition at x/c =  0.0242   25
 Side 2 forced transition at x/c =  1.0000   69

   1   rms: 0.4500E-01   max: 0.1328E+00   D at   77  1
       a = 12.000      CL =  1.0110
      Cm =  0.0406     CD =  0.04470   =>   CDf =  0.00488    CDp =  0.03982

 Side 1  free  transition at x/c =  0.0240   25
 Side 2 forced transition at x/c =  1.0000   69

   2   rms: 0.5688E-02   max: 0.4163E-01   D at   87  1
       a = 12.000      CL =  1.0081
      Cm =  0.0403     CD =  0.04465   =>   CDf =  0.00461    CDp =  0.04004

 Side 1  free  transition at x/c =  0.0240   25
 Side 2 forced transition at x/c =  1.0000   69

   3   rms: 0.2661E-03   max: 0.2771E-02   D at   85  1
       a = 12.000      CL =  1.0083
      Cm =  0.0402     CD =  0.04466   =>   CDf =  0.00462    CDp =  0.04003

 Side 1  free  transition at x/c =  0.0240   25
 Side 2 forced transition at x/c =  1.0000   69

   4   rms: 0.1291E-04   max: -.3928E-04   T at   85  1
       a = 12.000      CL =  1.0082
      Cm =  0.0402     CD =  0.04465   =>   CDf =  0.00462    CDp =  0.04003
 plradd ia,ip,cpol           38           0  3.26146168E-04

 Point added to stored polar  1
 Point written to save file  fx76100_Re300k.base.pol                         
 Dump file unspecified or not available
 Calculating wake trajectory ...
 Calculating source influence matrix ...

 Solving BL system ...

 Side 1  free  transition at x/c =  0.0240   25
 Side 2 forced transition at x/c =  1.0000   69

   1   rms: 0.4597E-01   max: 0.1398E+00   D at   76  1
       a = 12.250      CL =  0.9967
      Cm =  0.0422     CD =  0.04794   =>   CDf =  0.00462    CDp =  0.04331

 Side 1  free  transition at x/c =  0.0239   25
 Side 2 forced transition at x/c =  1.0000   69

   2   rms: 0.6508E-02   max: 0.4809E-01   D at   83  1
       a = 12.250      CL =  0.9934
      Cm =  0.0418     CD =  0.04779   =>   CDf =  0.00437    CDp =  0.04342

 Side 1  free  transition at x/c =  0.0239   25
 Side 2 forced transition at x/c =  1.0000   69

   3   rms: 0.4531E-03   max: 0.2913E-02   D at   81  1
       a = 12.250      CL =  0.9937
      Cm =  0.0418     CD =  0.04781   =>   CDf =  0.00439    CDp =  0.04342

 Side 1  free  transition at x/c =  0.0239   25
 Side 2 forced transition at x/c =  1.0000   69

   4   rms: 0.3697E-04   max: 0.9208E-04   D at   78  2
       a = 12.250      CL =  0.9937
      Cm =  0.0418     CD =  0.04780   =>   CDf =  0.00439    CDp =  0.04342
 plradd ia,ip,cpol           39           0  9.20196064E-04

 Point added to stored polar  1
 Point written to save file  fx76100_Re300k.base.pol                         
 Dump file unspecified or not available
 Calculating wake trajectory ...
 Calculating source influence matrix ...

 Solving BL system ...

 Side 1  free  transition at x/c =  0.0239   25
 Side 2 forced transition at x/c =  1.0000   69

   1   rms: 0.5528E-01   max: 0.1707E+00   D at   72  1
       a = 12.500      CL =  0.9771
      Cm =  0.0424     CD =  0.05224   =>   CDf =  0.00439    CDp =  0.04785

 Side 1  free  transition at x/c =  0.0236   25
 Side 2 forced transition at x/c =  1.0000   69

   2   rms: 0.9113E-02   max: 0.6432E-01   D at   78  1
       a = 12.500      CL =  0.9727
      Cm =  0.0418     CD =  0.05208   =>   CDf =  0.00412    CDp =  0.04796

 Side 1  free  transition at x/c =  0.0237   25
 Side 2 forced transition at x/c =  1.0000   69

   3   rms: 0.7649E-03   max: 0.6214E-02   D at   75  1
       a = 12.500      CL =  0.9732
      Cm =  0.0417     CD =  0.05206   =>   CDf =  0.00414    CDp =  0.04792

 Side 1  free  transition at x/c =  0.0237   25
 Side 2 forced transition at x/c =  1.0000   69

   4   rms: 0.8932E-04   max: 0.2872E-03   D at   75  1
       a = 12.500      CL =  0.9731
      Cm =  0.0417     CD =  0.05206   =>   CDf =  0.00414    CDp =  0.04792
 plradd ia,ip,cpol           40           0  9.20196064E-04

 Point added to stored polar  1
 Point written to save file  fx76100_Re300k.base.pol                         
 Dump file unspecified or not available
 Calculating wake trajectory ...
 Calculating source influence matrix ...

 Solving BL system ...

 Side 1  free  transition at x/c =  0.0237   25
 Side 2 forced transition at x/c =  1.0000   69

   1   rms: 0.6051E-01   max: 0.1891E+00   D at   69  1   RLX: 0.909
       a = 12.750      CL =  0.9572
      Cm =  0.0403     CD =  0.05718   =>   CDf =  0.00414    CDp =  0.05304

 Side 1  free  transition at x/c =  0.0238   25
 Side 2 forced transition at x/c =  1.0000   69

   2   rms: 0.1281E-01   max: 0.7879E-01   D at   72  1
       a = 12.750      CL =  0.9516
      Cm =  0.0395     CD =  0.05752   =>   CDf =  0.00392    CDp =  0.05359

 Side 1  free  transition at x/c =  0.0239   25
 Side 2 forced transition at x/c =  1.0000   69

   3   rms: 0.6479E-03   max: 0.9412E-02   D at   69  1
       a = 12.750      CL =  0.9516
      Cm =  0.0395     CD =  0.05731   =>   CDf =  0.00392    CDp =  0.05339

 Side 1  free  transition at x/c =  0.0239   25
 Side 2 forced transition at x/c =  1.0000   69

   4   rms: 0.1770E-04   max: 0.2035E-03   D at   81  2
       a = 12.750      CL =  0.9516
      Cm =  0.0395     CD =  0.05730   =>   CDf =  0.00392    CDp =  0.05338
 plradd ia,ip,cpol           41           0  9.20196064E-04

 Point added to stored polar  1
 Point written to save file  fx76100_Re300k.base.pol                         
 Dump file unspecified or not available
 Calculating wake trajectory ...
 Calculating source influence matrix ...

 Solving BL system ...

 Side 1  free  transition at x/c =  0.0239   25
 Side 2 forced transition at x/c =  1.0000   69

   1   rms: 0.7201E-01   max: 0.2272E+00   D at   64  1   RLX: 0.828
       a = 13.000      CL =  0.9343
      Cm =  0.0362     CD =  0.06369   =>   CDf =  0.00392    CDp =  0.05977

 Side 1  free  transition at x/c =  0.0241   25
 Side 2 forced transition at x/c =  1.0000   69

   2   rms: 0.2044E-01   max: 0.1074E+00   D at   65  1
       a = 13.000      CL =  0.9263
      Cm =  0.0347     CD =  0.06478   =>   CDf =  0.00372    CDp =  0.06106

 Side 1  free  transition at x/c =  0.0242   25
 Side 2 forced transition at x/c =  1.0000   69

   3   rms: 0.1542E-02   max: 0.1439E-01   D at   63  1
       a = 13.000      CL =  0.9258
      Cm =  0.0350     CD =  0.06426   =>   CDf =  0.00370    CDp =  0.06055

 Side 1  free  transition at x/c =  0.0242   25
 Side 2 forced transition at x/c =  1.0000   69

   4   rms: 0.1431E-03   max: -.4866E-03   D at   63  1
       a = 13.000      CL =  0.9258
      Cm =  0.0350     CD =  0.06427   =>   CDf =  0.00371    CDp =  0.06056

 Side 1  free  transition at x/c =  0.0242   25
 Side 2 forced transition at x/c =  1.0000   69

   5   rms: 0.1192E-04   max: -.2989E-04   T at   63  1
       a = 13.000      CL =  0.9258
      Cm =  0.0350     CD =  0.06427   =>   CDf =  0.00371    CDp =  0.06056
 plradd ia,ip,cpol           42           0  3.26146168E-04

 Point added to stored polar  1
 Point written to save file  fx76100_Re300k.base.pol                         
 Dump file unspecified or not available
 Calculating wake trajectory ...
 Calculating source influence matrix ...

 Solving BL system ...

 Side 1  free  transition at x/c =  0.0242   25
 Side 2 forced transition at x/c =  1.0000   69
 idif Ue xi dudx           1  0.12285479      7.42816925E-03   16.539040    
 Uenew xinew           2  4.51695221E-03  2.73108482E-04

   1   rms: 0.7719E-01   max: 0.2522E+00   D at   59  1   RLX: 0.761
       a = 13.250      CL =  0.9108
      Cm =  0.0298     CD =  0.07162   =>   CDf =  0.00399    CDp =  0.06763

 Side 1  free  transition at x/c =  0.0242   24
 Side 2 forced transition at x/c =  1.0000   70

   2   rms: 0.3464E-01   max: -.3615E+00   D at    2  2
       a = 13.250      CL =  0.9004
      Cm =  0.0280     CD =  0.07327   =>   CDf =  0.00355    CDp =  0.06972

 Side 1  free  transition at x/c =  0.0242   24
 Side 2 forced transition at x/c =  1.0000   70

   3   rms: 0.1856E-02   max: 0.1800E-01   D at   55  1
       a = 13.250      CL =  0.8998
      Cm =  0.0284     CD =  0.07253   =>   CDf =  0.00352    CDp =  0.06901

 Side 1  free  transition at x/c =  0.0242   24
 Side 2 forced transition at x/c =  1.0000   70

   4   rms: 0.1568E-03   max: 0.5386E-03   D at   44  1
       a = 13.250      CL =  0.8999
      Cm =  0.0283     CD =  0.07256   =>   CDf =  0.00352    CDp =  0.06904

 Side 1  free  transition at x/c =  0.0242   24
 Side 2 forced transition at x/c =  1.0000   70

   5   rms: 0.1493E-04   max: 0.3694E-04   D at   79  1
       a = 13.250      CL =  0.8998
      Cm =  0.0283     CD =  0.07256   =>   CDf =  0.00352    CDp =  0.06904
 plradd ia,ip,cpol           43           0  3.26146168E-04

 Point added to stored polar  1
 Point written to save file  fx76100_Re300k.base.pol                         
 Dump file unspecified or not available
 Calculating wake trajectory ...
 Calculating source influence matrix ...

 Solving BL system ...

 Side 1  free  transition at x/c =  0.0242   24
 Side 2 forced transition at x/c =  1.0000   70

   1   rms: 0.8769E-01   max: 0.2910E+00   D at   51  1   RLX: 0.700
       a = 13.500      CL =  0.8844
      Cm =  0.0222     CD =  0.08123   =>   CDf =  0.00353    CDp =  0.07770

 Side 1  free  transition at x/c =  0.0246   24
 Side 2 forced transition at x/c =  1.0000   70

   2   rms: 0.2647E-01   max: 0.1246E+00   D at   50  1
       a = 13.500      CL =  0.8735
      Cm =  0.0208     CD =  0.08304   =>   CDf =  0.00340    CDp =  0.07965

 Side 1  free  transition at x/c =  0.0248   24
 Side 2 forced transition at x/c =  1.0000   70

   3   rms: 0.4065E-02   max: -.2082E-01   D at   51  1
       a = 13.500      CL =  0.8728
      Cm =  0.0216     CD =  0.08173   =>   CDf =  0.00338    CDp =  0.07834

 Side 1  free  transition at x/c =  0.0248   24
 Side 2 forced transition at x/c =  1.0000   70

   4   rms: 0.8993E-03   max: 0.3568E-02   D at   43  1
       a = 13.500      CL =  0.8730
      Cm =  0.0214     CD =  0.08195   =>   CDf =  0.00340    CDp =  0.07855

 Side 1  free  transition at x/c =  0.0248   24
 Side 2 forced transition at x/c =  1.0000   70

   5   rms: 0.1574E-03   max: -.6494E-03   D at   41  1
       a = 13.500      CL =  0.8730
      Cm =  0.0214     CD =  0.08191   =>   CDf =  0.00339    CDp =  0.07852

 Side 1  free  transition at x/c =  0.0248   24
 Side 2 forced transition at x/c =  1.0000   70

   6   rms: 0.2408E-04   max: 0.9192E-04   D at   40  1
       a = 13.500      CL =  0.8730
      Cm =  0.0214     CD =  0.08192   =>   CDf =  0.00340    CDp =  0.07852
 plradd ia,ip,cpol           44           0  3.26146168E-04

 Point added to stored polar  1
 Point written to save file  fx76100_Re300k.base.pol                         
 Dump file unspecified or not available
 Calculating wake trajectory ...
 Calculating source influence matrix ...

 Solving BL system ...

 Side 1  free  transition at x/c =  0.0248   24
 Side 2 forced transition at x/c =  1.0000   70

   1   rms: 0.1220E+00   max: 0.4079E+00   D at   46  1   RLX: 0.639
       a = 13.750      CL =  0.8512
      Cm =  0.0134     CD =  0.09387   =>   CDf =  0.00340    CDp =  0.09047

 Side 1  free  transition at x/c =  0.0250   24
 Side 2 forced transition at x/c =  1.0000   70

   2   rms: 0.5541E-01   max: 0.2322E+00   D at   44  1
       a = 13.750      CL =  0.8298
      Cm =  0.0100     CD =  0.09911   =>   CDf =  0.00328    CDp =  0.09584

 Side 1  free  transition at x/c =  0.0252   24
 Side 2 forced transition at x/c =  1.0000   70

   3   rms: 0.1329E-01   max: -.6229E-01   D at   45  1
       a = 13.750      CL =  0.8290
      Cm =  0.0121     CD =  0.09505   =>   CDf =  0.00324    CDp =  0.09181

 Side 1  free  transition at x/c =  0.0252   24
 Side 2 forced transition at x/c =  1.0000   70

   4   rms: 0.5116E-02   max: 0.2077E-01   D at   40  1
       a = 13.750      CL =  0.8290
      Cm =  0.0115     CD =  0.09622   =>   CDf =  0.00327    CDp =  0.09296

 Side 1  free  transition at x/c =  0.0252   24
 Side 2 forced transition at x/c =  1.0000   70

   5   rms: 0.1594E-02   max: -.6597E-02   D at   36  1
       a = 13.750      CL =  0.8290
      Cm =  0.0117     CD =  0.09586   =>   CDf =  0.00325    CDp =  0.09261

 Side 1  free  transition at x/c =  0.0252   24
 Side 2 forced transition at x/c =  1.0000   70

   6   rms: 0.5457E-03   max: 0.2199E-02   D at   37  1
       a = 13.750      CL =  0.8290
      Cm =  0.0116     CD =  0.09598   =>   CDf =  0.00326    CDp =  0.09272

 Side 1  free  transition at x/c =  0.0252   24
 Side 2 forced transition at x/c =  1.0000   70

   7   rms: 0.1813E-03   max: -.7224E-03   D at   37  1
       a = 13.750      CL =  0.8290
      Cm =  0.0116     CD =  0.09594   =>   CDf =  0.00326    CDp =  0.09268

 Side 1  free  transition at x/c =  0.0252   24
 Side 2 forced transition at x/c =  1.0000   70

   8   rms: 0.6150E-04   max: 0.2437E-03   D at   38  1
       a = 13.750      CL =  0.8290
      Cm =  0.0116     CD =  0.09595   =>   CDf =  0.00326    CDp =  0.09270
 plradd ia,ip,cpol           45           0  9.20196064E-04

 Point added to stored polar  1
 Point written to save file  fx76100_Re300k.base.pol                         
 Dump file unspecified or not available
 Calculating wake trajectory ...
 Calculating source influence matrix ...

 Solving BL system ...

 Side 1  free  transition at x/c =  0.0252   24
 Side 2 forced transition at x/c =  1.0000   70

   1   rms: 0.1264E+00   max: 0.4119E+00   D at   38  1   RLX: 0.583
       a = 14.000      CL =  0.8076
      Cm =  0.0052     CD =  0.10844   =>   CDf =  0.00326    CDp =  0.10518

 Side 1  free  transition at x/c =  0.0256   25
 Side 2 forced transition at x/c =  1.0000   70

   2   rms: 0.1714E+00   max: 0.1129E+01   D at   41  1
       a = 14.000      CL =  0.8529
      Cm =  0.0218     CD =  0.09680   =>   CDf =  0.00349    CDp =  0.09330

 Side 1  free  transition at x/c =  0.0255   25
 Side 2 forced transition at x/c =  1.0000   70

   3   rms: 0.3507E+00   max: 0.1820E+01   D at   54  1   RLX: 0.824
       a = 14.000      CL =  0.9047
      Cm =  0.0339     CD =  0.09437   =>   CDf =  0.00372    CDp =  0.09065

 MRCHDU: Convergence failed at  54  side 1    Res =  0.1068E+01
 MRCHDU: Convergence failed at  55  side 1    Res =  0.1656E+01
 Side 1  free  transition at x/c =  0.0251   25
 Side 2 forced transition at x/c =  1.0000   69
 idif Ue xi dudx           1  0.13104729      7.73155689E-03   16.949665    
 Uenew xinew           2  9.77141596E-03  5.76496124E-04

   4   rms: 0.4108E+00   max: 0.1498E+01   D at   63  1   RLX: 0.343
       a = 14.000      CL =  0.9248
      Cm = -0.0010     CD =  0.08849   =>   CDf =  0.00350    CDp =  0.08499

 Side 1  free  transition at x/c =  0.0250   24
 Side 2 forced transition at x/c =  1.0000   70

   5   rms: 0.3722E+00   max: -.1775E+01   T at    2  2   RLX: 0.282
       a = 14.000      CL =  0.8761
      Cm = -0.0029     CD =  0.10029   =>   CDf =  0.00314    CDp =  0.09715

 Side 1  free  transition at x/c =  0.0255   24
 Side 2 forced transition at x/c =  1.0000   70

   6   rms: 0.1007E+00   max: 0.3088E+00   D at   87  2
       a = 14.000      CL =  0.7974
      Cm =  0.0036     CD =  0.11419   =>   CDf =  0.00315    CDp =  0.11104

 Side 1  free  transition at x/c =  0.0259   25
 Side 2 forced transition at x/c =  1.0000   70

   7   rms: 0.5033E+00   max: 0.1594E+01   D at   45  1   RLX: 0.941
       a = 14.000      CL =  0.9800
      Cm =  0.0507     CD =  0.06906   =>   CDf =  0.00403    CDp =  0.06503

 MRCHDU: Convergence failed at  49  side 1    Res =  0.1199E+01
 MRCHDU: Convergence failed at  50  side 1    Res =  0.1200E+01
 MRCHDU: Convergence failed at  51  side 1    Res =  0.1256E+01
 MRCHDU: Convergence failed at  52  side 1    Res =  0.1343E+01
 MRCHDU: Convergence failed at  53  side 1    Res =  0.1460E+01
 MRCHDU: Convergence failed at  54  side 1    Res =  0.1640E+01
 MRCHDU: Convergence failed at  55  side 1    Res =  0.1871E+01
 MRCHDU: Convergence failed at  56  side 1    Res =  0.2300E+01
 MRCHDU: Convergence failed at  57  side 1    Res =  0.2842E+01
 MRCHDU: Convergence failed at  58  side 1    Res =  0.3757E+01
 MRCHDU: Convergence failed at  59  side 1    Res =  0.5613E+01
 MRCHDU: Convergence failed at  60  side 1    Res =  0.1140E+02
 MRCHDU: Convergence failed at  61  side 1    Res =  0.1019E+04
 MRCHDU: Convergence failed at  62  side 1    Res =  0.1078E+02
 MRCHDU: Convergence failed at  63  side 1    Res =  0.5701E+01
 MRCHDU: Convergence failed at  64  side 1    Res =  0.3939E+01
 MRCHDU: Convergence failed at  65  side 1    Res =  0.3049E+01
 MRCHDU: Convergence failed at  66  side 1    Res =  0.2514E+01
 MRCHDU: Convergence failed at  67  side 1    Res =  0.2167E+01
 MRCHDU: Convergence failed at  68  side 1    Res =  0.1678E+01
 MRCHDU: Convergence failed at  69  side 1    Res =  0.1801E+01
 MRCHDU: Convergence failed at  70  side 1    Res =  0.1948E+01
 MRCHDU: Convergence failed at  71  side 1    Res =  0.2124E+01
 MRCHDU: Convergence failed at  72  side 1    Res =  0.2408E+01
 MRCHDU: Convergence failed at  73  side 1    Res =  0.2753E+01
 MRCHDU: Convergence failed at  74  side 1    Res =  0.3209E+01
 MRCHDU: Convergence failed at  75  side 1    Res =  0.3842E+01
 MRCHDU: Convergence failed at  76  side 1    Res =  0.4824E+01
 MRCHDU: Convergence failed at  77  side 1    Res =  0.6416E+01
 MRCHDU: Convergence failed at  78  side 1    Res =  0.9396E+01
 MRCHDU: Convergence failed at  79  side 1    Res =  0.1722E+02
 MRCHDU: Convergence failed at  80  side 1    Res =  0.2006E+03
 MRCHDU: Convergence failed at  81  side 1    Res =  0.2325E+02
 MRCHDU: Convergence failed at  82  side 1    Res =  0.1175E+02
 MRCHDU: Convergence failed at  83  side 1    Res =  0.8132E+01
 MRCHDU: Convergence failed at  84  side 1    Res =  0.6159E+01
 MRCHDU: Convergence failed at  85  side 1    Res =  0.4967E+01
 MRCHDU: Convergence failed at  86  side 1    Res =  0.4193E+01
 MRCHDU: Convergence failed at  87  side 1    Res =  0.3637E+01
 MRCHDU: Convergence failed at  88  side 1    Res =  0.3276E+01
 MRCHDU: Convergence failed at  89  side 1    Res =  0.3042E+01
 MRCHDU: Convergence failed at  90  side 1    Res =  0.2863E+01
 MRCHDU: Convergence failed at  91  side 1    Res =  0.2758E+01
 MRCHDU: Convergence failed at  92  side 1    Res =  0.2647E+01
 MRCHDU: Convergence failed at  93  side 1    Res =  0.2444E+01
 Side 1  free  transition at x/c =  0.0250   25
 Side 2 forced transition at x/c =  1.0000   69

   8   rms: 0.1031E+01   max: 0.2837E+01   D at   93  1   RLX: 0.349
       a = 14.000      CL =  1.2986
      Cm = -0.0718     CD =  0.06577   =>   CDf =  0.00407    CDp =  0.06171

 Side 1  free  transition at x/c =  0.0259   26
 Side 2 forced transition at x/c =  1.0000   69

   9   rms: 0.9312E+00   max: -.2957E+01   T at   26  1   RLX: 0.169
       a = 14.000      CL =  1.3149
      Cm = -0.0620     CD =  0.06312   =>   CDf =  0.00331    CDp =  0.05981

 Side 1  free  transition at x/c =  0.0295   26
 Side 2 forced transition at x/c =  1.0000   69

  10   rms: 0.1139E+01   max: 0.1119E+02   T at   26  1   RLX: 0.134
       a = 14.000      CL =  1.4265
      Cm = -0.0646     CD =  0.05120   =>   CDf =  0.00265    CDp =  0.04855

 MRCHDU: Convergence failed at  37  side 1    Res =  0.2516E+01
 MRCHDU: Convergence failed at  38  side 1    Res =  0.1129E+01
 MRCHDU: Convergence failed at  39  side 1    Res =  0.1310E+01
 MRCHDU: Convergence failed at  40  side 1    Res =  0.1671E+01
 MRCHDU: Convergence failed at  41  side 1    Res =  0.1954E+01
 MRCHDU: Convergence failed at  42  side 1    Res =  0.2543E+01
 MRCHDU: Convergence failed at  43  side 1    Res =  0.3937E+01
 MRCHDU: Convergence failed at  44  side 1    Res =  0.7513E+01
 MRCHDU: Convergence failed at  45  side 1    Res =  0.1866E+03
 MRCHDU: Convergence failed at  46  side 1    Res =  0.1218E+02
 MRCHDU: Convergence failed at  47  side 1    Res =  0.1211E+02
 MRCHDU: Convergence failed at  48  side 1    Res =  0.1101E+02
 MRCHDU: Convergence failed at  49  side 1    Res =  0.7207E+01
 MRCHDU: Convergence failed at  50  side 1    Res =  0.6089E+01
 MRCHDU: Convergence failed at  51  side 1    Res =  0.5868E+01
 MRCHDU: Convergence failed at  52  side 1    Res =  0.6062E+01
 MRCHDU: Convergence failed at  53  side 1    Res =  0.6739E+01
 MRCHDU: Convergence failed at  54  side 1    Res =  0.7453E+01
 MRCHDU: Convergence failed at  55  side 1    Res =  0.9055E+01
 MRCHDU: Convergence failed at  56  side 1    Res =  0.8498E+01
 MRCHDU: Convergence failed at  57  side 1    Res =  0.9248E+01
 MRCHDU: Convergence failed at  58  side 1    Res =  0.1837E+02
 MRCHDU: Convergence failed at  59  side 1    Res =  0.1356E+02
 MRCHDU: Convergence failed at  60  side 1    Res =  0.2832E+02
 MRCHDU: Convergence failed at  61  side 1    Res =  0.3150E+02
 MRCHDU: Convergence failed at  62  side 1    Res =  0.3565E+02
 MRCHDU: Convergence failed at  63  side 1    Res =  0.4142E+02
 MRCHDU: Convergence failed at  64  side 1    Res =  0.4964E+02
 MRCHDU: Convergence failed at  65  side 1    Res =  0.6323E+02
 MRCHDU: Convergence failed at  66  side 1    Res =  0.1639E+03
 MRCHDU: Convergence failed at  67  side 1    Res =  0.6887E+03
 MRCHDU: Convergence failed at  68  side 1    Res =  0.2664E+03
 MRCHDU: Convergence failed at  69  side 1    Res =  0.5340E+02
 MRCHDU: Convergence failed at  70  side 1    Res =  0.4072E+02
 MRCHDU: Convergence failed at  71  side 1    Res =  0.3474E+02
 MRCHDU: Convergence failed at  72  side 1    Res =  0.2398E+02
 MRCHDU: Convergence failed at  73  side 1    Res =  0.2217E+02
 MRCHDU: Convergence failed at  74  side 1    Res =  0.1985E+02
 MRCHDU: Convergence failed at  75  side 1    Res =  0.1792E+02
 MRCHDU: Convergence failed at  76  side 1    Res =  0.1663E+02
 MRCHDU: Convergence failed at  77  side 1    Res =  0.1556E+02
 MRCHDU: Convergence failed at  78  side 1    Res =  0.1338E+02
 MRCHDU: Convergence failed at  79  side 1    Res =  0.1258E+02
 MRCHDU: Convergence failed at  80  side 1    Res =  0.1194E+02
 MRCHDU: Convergence failed at  81  side 1    Res =  0.1137E+02
 MRCHDU: Convergence failed at  82  side 1    Res =  0.1034E+02
 MRCHDU: Convergence failed at  83  side 1    Res =  0.9936E+01
 MRCHDU: Convergence failed at  84  side 1    Res =  0.8713E+01
 MRCHDU: Convergence failed at  85  side 1    Res =  0.8413E+01
 MRCHDU: Convergence failed at  86  side 1    Res =  0.8128E+01
 MRCHDU: Convergence failed at  87  side 1    Res =  0.7858E+01
 MRCHDU: Convergence failed at  88  side 1    Res =  0.7615E+01
 MRCHDU: Convergence failed at  89  side 1    Res =  0.7363E+01
 MRCHDU: Convergence failed at  90  side 1    Res =  0.7112E+01
 MRCHDU: Convergence failed at  91  side 1    Res =  0.6919E+01
 MRCHDU: Convergence failed at  92  side 1    Res =  0.6557E+01
 MRCHDU: Convergence failed at  93  side 1    Res =  0.6316E+01
 Side 1  free  transition at x/c =  0.0237   25
 Side 2 forced transition at x/c =  1.0000   69

  11   rms: 0.1315E+01   max: 0.1860E+02   T at   25  1   RLX: 0.074
       a = 14.000      CL =  2.3124
      Cm = -0.4032     CD =  0.02487   =>   CDf =  0.00278    CDp =  0.02209

 Side 1  free  transition at x/c =  0.0214   26
 Side 2 forced transition at x/c =  1.0000   68

  12   rms: 0.9451E+00   max: 0.1642E+01   T at   69  2   RLX: 0.437
       a = 14.000      CL =  1.9736
      Cm = -0.2082     CD =  0.02310   =>   CDf =  0.01019    CDp =  0.01292

 Side 1  free  transition at x/c =  0.0207   26
 Side 2 forced transition at x/c =  1.0000   68

  13   rms: 0.6204E+00   max: 0.1664E+01   D at   90  1   RLX: 0.716
       a = 14.000      CL =  1.4610
      Cm = -0.0311     CD =  0.05089   =>   CDf =  0.00524    CDp =  0.04565

 MRCHDU: Convergence failed at  57  side 1    Res =  0.9034E+00
 MRCHDU: Convergence failed at  58  side 1    Res =  0.9474E+00
 MRCHDU: Convergence failed at  59  side 1    Res =  0.9840E+00
 MRCHDU: Convergence failed at  60  side 1    Res =  0.1000E+01
 MRCHDU: Convergence failed at  61  side 1    Res =  0.1218E+01
 MRCHDU: Convergence failed at  62  side 1    Res =  0.1384E+01
 MRCHDU: Convergence failed at  63  side 1    Res =  0.1564E+01
 MRCHDU: Convergence failed at  64  side 1    Res =  0.1773E+01
 MRCHDU: Convergence failed at  65  side 1    Res =  0.2002E+01
 MRCHDU: Convergence failed at  66  side 1    Res =  0.2236E+01
 MRCHDU: Convergence failed at  67  side 1    Res =  0.2508E+01
 MRCHDU: Convergence failed at  68  side 1    Res =  0.2800E+01
 MRCHDU: Convergence failed at  69  side 1    Res =  0.3101E+01
 MRCHDU: Convergence failed at  70  side 1    Res =  0.3439E+01
 MRCHDU: Convergence failed at  71  side 1    Res =  0.3788E+01
 MRCHDU: Convergence failed at  72  side 1    Res =  0.4143E+01
 MRCHDU: Convergence failed at  73  side 1    Res =  0.4485E+01
 MRCHDU: Convergence failed at  74  side 1    Res =  0.4827E+01
 MRCHDU: Convergence failed at  75  side 1    Res =  0.5127E+01
 MRCHDU: Convergence failed at  76  side 1    Res =  0.5415E+01
 MRCHDU: Convergence failed at  77  side 1    Res =  0.5488E+01
 MRCHDU: Convergence failed at  78  side 1    Res =  0.5663E+01
 MRCHDU: Convergence failed at  79  side 1    Res =  0.5774E+01
 MRCHDU: Convergence failed at  80  side 1    Res =  0.5833E+01
 MRCHDU: Convergence failed at  81  side 1    Res =  0.5662E+01
 MRCHDU: Convergence failed at  82  side 1    Res =  0.5409E+01
 MRCHDU: Convergence failed at  83  side 1    Res =  0.5082E+01
 MRCHDU: Convergence failed at  84  side 1    Res =  0.4964E+01
 MRCHDU: Convergence failed at  85  side 1    Res =  0.4825E+01
 MRCHDU: Convergence failed at  86  side 1    Res =  0.4317E+01
 MRCHDU: Convergence failed at  87  side 1    Res =  0.4150E+01
 MRCHDU: Convergence failed at  88  side 1    Res =  0.3880E+01
 MRCHDU: Convergence failed at  89  side 1    Res =  0.3914E+01
 MRCHDU: Convergence failed at  90  side 1    Res =  0.4170E+01
 MRCHDU: Convergence failed at  91  side 1    Res =  0.4314E+01
 MRCHDU: Convergence failed at  92  side 1    Res =  0.4461E+01
 MRCHDU: Convergence failed at  93  side 1    Res =  0.4587E+01
 MRCHDU: Convergence failed at  94  side 1    Res =  0.4768E+01
 Side 1  free  transition at x/c =  0.0200   25
 Side 2 forced transition at x/c =  1.0000   68

  14   rms: 0.5417E+00   max: -.4074E+01   T at   25  1   RLX: 0.123
       a = 14.000      CL =  1.7308
      Cm = -0.1731     CD =  0.03495   =>   CDf =  0.00280    CDp =  0.03215

 Side 1  free  transition at x/c =  0.0201   25
 Side 2 forced transition at x/c =  1.0000   68

  15   rms: 0.3352E+02   max: 0.8669E+02   D at   44  1   RLX: 0.015
       a = 14.000      CL =  1.8112
      Cm = -0.1954     CD =  0.04573   =>   CDf =  0.00431    CDp =  0.04142

 Side 1  free  transition at x/c =  0.0201   25
 Side 2 forced transition at x/c =  1.0000   68

  16   rms: 0.1000E+01   max: -.2943E+01   D at   33  1   RLX: 0.170
       a = 14.000      CL =  1.6824
      Cm = -0.1478     CD =  0.03155   =>   CDf =  0.00319    CDp =  0.02836

 Side 1  free  transition at x/c =  0.0203   26
 Side 2 forced transition at x/c =  1.0000   68

  17   rms: 0.9403E+00   max: 0.2425E+01   D at   94  1   RLX: 0.619
       a = 14.000      CL =  1.5707
      Cm = -0.0530     CD =  0.03605   =>   CDf =  0.00721    CDp =  0.02884

 MRCHDU: Convergence failed at  40  side 1    Res =  0.1378E+01
 MRCHDU: Convergence failed at  41  side 1    Res =  0.2100E+01
 MRCHDU: Convergence failed at  42  side 1    Res =  0.3360E+01
 MRCHDU: Convergence failed at  43  side 1    Res =  0.5713E+01
 MRCHDU: Convergence failed at  44  side 1    Res =  0.1112E+02
 MRCHDU: Convergence failed at  45  side 1    Res =  0.3683E+02
 MRCHDU: Convergence failed at  46  side 1    Res =  0.5580E+02
 MRCHDU: Convergence failed at  47  side 1    Res =  0.2002E+02
 MRCHDU: Convergence failed at  48  side 1    Res =  0.1351E+02
 MRCHDU: Convergence failed at  49  side 1    Res =  0.1111E+02
 MRCHDU: Convergence failed at  50  side 1    Res =  0.9899E+01
 MRCHDU: Convergence failed at  51  side 1    Res =  0.9272E+01
 MRCHDU: Convergence failed at  52  side 1    Res =  0.8959E+01
 MRCHDU: Convergence failed at  53  side 1    Res =  0.9464E+01
 MRCHDU: Convergence failed at  54  side 1    Res =  0.9541E+01
 MRCHDU: Convergence failed at  55  side 1    Res =  0.9687E+01
 MRCHDU: Convergence failed at  56  side 1    Res =  0.9987E+01
 MRCHDU: Convergence failed at  57  side 1    Res =  0.1037E+02
 MRCHDU: Convergence failed at  58  side 1    Res =  0.1093E+02
 MRCHDU: Convergence failed at  59  side 1    Res =  0.1424E+02
 MRCHDU: Convergence failed at  60  side 1    Res =  0.1567E+02
 MRCHDU: Convergence failed at  61  side 1    Res =  0.1749E+02
 MRCHDU: Convergence failed at  62  side 1    Res =  0.1928E+02
 MRCHDU: Convergence failed at  63  side 1    Res =  0.1836E+02
 MRCHDU: Convergence failed at  64  side 1    Res =  0.1972E+02
 MRCHDU: Convergence failed at  65  side 1    Res =  0.2198E+02
 MRCHDU: Convergence failed at  66  side 1    Res =  0.2453E+02
 MRCHDU: Convergence failed at  67  side 1    Res =  0.3408E+02
 MRCHDU: Convergence failed at  68  side 1    Res =  0.3967E+02
 MRCHDU: Convergence failed at  69  side 1    Res =  0.1455E+03
 MRCHDU: Convergence failed at  70  side 1    Res =  0.2552E+03
 MRCHDU: Convergence failed at  71  side 1    Res =  0.8594E+03
 MRCHDU: Convergence failed at  72  side 1    Res =  0.6900E+03
 MRCHDU: Convergence failed at  73  side 1    Res =  0.2678E+03
 MRCHDU: Convergence failed at  74  side 1    Res =  0.1654E+03
 MRCHDU: Convergence failed at  75  side 1    Res =  0.1220E+03
 MRCHDU: Convergence failed at  76  side 1    Res =  0.9504E+02
 MRCHDU: Convergence failed at  77  side 1    Res =  0.7702E+02
 MRCHDU: Convergence failed at  78  side 1    Res =  0.3478E+02
 MRCHDU: Convergence failed at  79  side 1    Res =  0.3204E+02
 MRCHDU: Convergence failed at  80  side 1    Res =  0.2943E+02
 MRCHDU: Convergence failed at  81  side 1    Res =  0.2718E+02
 MRCHDU: Convergence failed at  82  side 1    Res =  0.2265E+02
 MRCHDU: Convergence failed at  83  side 1    Res =  0.1937E+02
 MRCHDU: Convergence failed at  84  side 1    Res =  0.1586E+02
 MRCHDU: Convergence failed at  85  side 1    Res =  0.1502E+02
 MRCHDU: Convergence failed at  86  side 1    Res =  0.1426E+02
 MRCHDU: Convergence failed at  87  side 1    Res =  0.1347E+02
 MRCHDU: Convergence failed at  88  side 1    Res =  0.1275E+02
 MRCHDU: Convergence failed at  89  side 1    Res =  0.1170E+02
 MRCHDU: Convergence failed at  90  side 1    Res =  0.1078E+02
 MRCHDU: Convergence failed at  91  side 1    Res =  0.1026E+02
 MRCHDU: Convergence failed at  92  side 1    Res =  0.9761E+01
 MRCHDU: Convergence failed at  93  side 1    Res =  0.9455E+01
 MRCHDU: Convergence failed at  94  side 1    Res =  0.8809E+01
 MRCHDU: Convergence failed at  95  side 1    Res =  0.7475E+01
 Side 1  free  transition at x/c =  0.0201   26
 Side 2 forced transition at x/c =  1.0000   67
 idif Ue xi dudx           1  0.12579641      1.03356838E-02   12.171078    
 Uenew xinew           2  3.10783973E-03  2.55346298E-04

  18   rms: 0.1476E+01   max: 0.7411E+01   T at   26  1   RLX: 0.112
       a = 14.000      CL =  2.5076
      Cm = -0.4352     CD =  0.02437   =>   CDf =  0.00301    CDp =  0.02136

 Side 1  free  transition at x/c =  0.0208   26
 Side 2 forced transition at x/c =  1.0000   68

  19   rms: 0.7809E+00   max: 0.2857E+01   T at    2  2   RLX: 0.349
       a = 14.000      CL =  2.1466
      Cm = -0.2670     CD =  0.02292   =>   CDf =  0.00729    CDp =  0.01563

 Side 1  free  transition at x/c =  0.0197   26
 Side 2 forced transition at x/c =  1.0000   67

  20   rms: 0.7414E+00   max: 0.1167E+02   T at   26  1   RLX: 0.080
       a = 14.000      CL =  2.0895
      Cm = -0.2397     CD =  0.02225   =>   CDf =  0.00544    CDp =  0.01681

 Side 1  free  transition at x/c =  0.0188   26
 Side 2 forced transition at x/c =  1.0000   67

  21   rms: 0.5284E+00   max: 0.5326E+00   D at   68  2   RLX: 0.291
       a = 14.000      CL =  1.8751
      Cm = -0.1598     CD =  0.02411   =>   CDf =  0.00506    CDp =  0.01905

 Side 1  free  transition at x/c =  0.0181   26
 Side 2 forced transition at x/c =  1.0000   67
 idif Ue xi dudx           1  0.15599656      1.27581358E-02   12.227222    
 Uenew xinew           2  3.27420346E-02  2.67779827E-03

  22   rms: 0.2869E+01   max: 0.7290E+01   D at   47  1   RLX: 0.186
       a = 14.000      CL =  1.6995
      Cm = -0.1159     CD =  0.05151   =>   CDf =  0.00468    CDp =  0.04683

 Side 1  free  transition at x/c =  0.0208   26
 Side 2 forced transition at x/c =  1.0000   68
 idif Ue xi dudx           1  0.14849773      1.05940104E-02   14.017140    
 Uenew xinew           2  2.81776227E-02  2.01022625E-03

  23   rms: 0.5738E+00   max: 0.1602E+01   D at   94  1   RLX: 0.699
       a = 14.000      CL =  1.1848
      Cm = -0.0297     CD =  0.07907   =>   CDf =  0.00307    CDp =  0.07601

 Side 1  free  transition at x/c =  0.0220   25
 Side 2 forced transition at x/c =  1.0000   69
 idif Ue xi dudx           1  0.17029825      9.70947742E-03   17.539383    
 Uenew xinew           2  4.48028930E-02  2.55441666E-03

  24   rms: 0.6063E+00   max: 0.1674E+01   D at   72  1   RLX: 0.795
       a = 14.000      CL =  0.8653
      Cm = -0.0431     CD =  0.11543   =>   CDf =  0.00292    CDp =  0.11251

 Side 1  free  transition at x/c =  0.0269   25
 Side 2 forced transition at x/c =  1.0000   70

  25   rms: 0.1328E+00   max: 0.7211E+00   D at   25  1
       a = 14.000      CL =  0.7839
      Cm =  0.0111     CD =  0.09001   =>   CDf =  0.00329    CDp =  0.08672

 Side 1  free  transition at x/c =  0.0261   25
 Side 2 forced transition at x/c =  1.0000   70
 idif Ue xi dudx           1  0.15155929      6.77382946E-03   22.374241    
 Uenew xinew           2  1.91159472E-02  8.54372978E-04

  26   rms: 0.4283E+00   max: 0.2055E+01   D at   37  1   RLX: 0.612
       a = 14.000      CL =  0.7084
      Cm = -0.0053     CD =  0.14364   =>   CDf =  0.00363    CDp =  0.14002

 MRCHDU: Convergence failed at  29  side 1    Res =  0.1246E+01
 MRCHDU: Convergence failed at  30  side 1    Res =  0.3202E+01
 MRCHDU: Convergence failed at  31  side 1    Res =  0.3604E+01
 MRCHDU: Convergence failed at  32  side 1    Res =  0.2992E+01
 MRCHDU: Convergence failed at  33  side 1    Res =  0.2266E+01
 MRCHDU: Convergence failed at  34  side 1    Res =  0.2966E+01
 MRCHDU: Convergence failed at  35  side 1    Res =  0.5958E+01
 MRCHDU: Convergence failed at  36  side 1    Res =  0.1948E+02
 Side 1  free  transition at x/c =  0.0288   24
 Side 2 forced transition at x/c =  1.0000   71

  27   rms: 0.2540E+00   max: 0.1504E+01   D at   36  1   RLX: 0.997
       a = 14.000      CL =  0.7776
      Cm =  0.0046     CD =  0.10927   =>   CDf =  0.00303    CDp =  0.10624

 Side 1  free  transition at x/c =  0.0295   25
 Side 2 forced transition at x/c =  1.0000   70

  28   rms: 0.1116E+01   max: 0.5326E+01   T at   25  1   RLX: 0.144
       a = 14.000      CL =  0.9020
      Cm = -0.0097     CD =  0.09598   =>   CDf =  0.00308    CDp =  0.09290

 Side 1  free  transition at x/c =  0.0259   25
 Side 2 forced transition at x/c =  1.0000   70

  29   rms: 0.8339E-01   max: 0.1161E+00   C at   70  2
       a = 14.000      CL =  0.7959
      Cm =  0.0044     CD =  0.10645   =>   CDf =  0.00315    CDp =  0.10330

 Side 1  free  transition at x/c =  0.0261   25
 Side 2 forced transition at x/c =  1.0000   70

  30   rms: 0.6632E-01   max: 0.2528E+00   T at   25  1
       a = 14.000      CL =  0.8208
      Cm =  0.0100     CD =  0.09893   =>   CDf =  0.00322    CDp =  0.09571

 Side 1  free  transition at x/c =  0.0254   24
 Side 2 forced transition at x/c =  1.0000   70

  31   rms: 0.9728E-01   max: -.3838E+00   T at   24  1
       a = 14.000      CL =  0.7898
      Cm =  0.0039     CD =  0.11352   =>   CDf =  0.00323    CDp =  0.11029

 Side 1  free  transition at x/c =  0.0260   25
 Side 2 forced transition at x/c =  1.0000   70

  32   rms: 0.5525E+00   max: 0.1617E+01   T at   50  1   RLX: 0.840
       a = 14.000      CL =  0.9728
      Cm =  0.0518     CD =  0.06549   =>   CDf =  0.00424    CDp =  0.06125

 MRCHDU: Convergence failed at  50  side 1    Res =  0.1244E+01
 MRCHDU: Convergence failed at  51  side 1    Res =  0.1632E+01
 MRCHDU: Convergence failed at  52  side 1    Res =  0.1688E+01
 MRCHDU: Convergence failed at  53  side 1    Res =  0.1673E+01
 MRCHDU: Convergence failed at  54  side 1    Res =  0.1432E+01
 MRCHDU: Convergence failed at  55  side 1    Res =  0.1553E+01
 MRCHDU: Convergence failed at  56  side 1    Res =  0.1727E+01
 MRCHDU: Convergence failed at  57  side 1    Res =  0.1957E+01
 MRCHDU: Convergence failed at  58  side 1    Res =  0.2348E+01
 MRCHDU: Convergence failed at  59  side 1    Res =  0.2864E+01
 MRCHDU: Convergence failed at  60  side 1    Res =  0.3709E+01
 MRCHDU: Convergence failed at  61  side 1    Res =  0.5377E+01
 MRCHDU: Convergence failed at  62  side 1    Res =  0.9712E+01
 MRCHDU: Convergence failed at  63  side 1    Res =  0.4514E+02
 MRCHDU: Convergence failed at  64  side 1    Res =  0.1590E+02
 MRCHDU: Convergence failed at  65  side 1    Res =  0.7206E+01
 MRCHDU: Convergence failed at  66  side 1    Res =  0.4747E+01
 MRCHDU: Convergence failed at  67  side 1    Res =  0.3563E+01
 MRCHDU: Convergence failed at  68  side 1    Res =  0.2902E+01
 MRCHDU: Convergence failed at  69  side 1    Res =  0.2476E+01
 MRCHDU: Convergence failed at  70  side 1    Res =  0.2160E+01
 MRCHDU: Convergence failed at  71  side 1    Res =  0.1868E+01
 MRCHDU: Convergence failed at  72  side 1    Res =  0.2000E+01
 MRCHDU: Convergence failed at  73  side 1    Res =  0.2175E+01
 MRCHDU: Convergence failed at  74  side 1    Res =  0.2441E+01
 MRCHDU: Convergence failed at  75  side 1    Res =  0.2739E+01
 MRCHDU: Convergence failed at  76  side 1    Res =  0.3128E+01
 MRCHDU: Convergence failed at  77  side 1    Res =  0.3648E+01
 MRCHDU: Convergence failed at  78  side 1    Res =  0.4426E+01
 MRCHDU: Convergence failed at  79  side 1    Res =  0.5526E+01
 MRCHDU: Convergence failed at  80  side 1    Res =  0.7302E+01
 MRCHDU: Convergence failed at  81  side 1    Res =  0.1066E+02
 MRCHDU: Convergence failed at  82  side 1    Res =  0.2223E+02
 MRCHDU: Convergence failed at  83  side 1    Res =  0.2656E+03
 MRCHDU: Convergence failed at  84  side 1    Res =  0.3598E+02
 MRCHDU: Convergence failed at  85  side 1    Res =  0.1579E+02
 MRCHDU: Convergence failed at  86  side 1    Res =  0.1002E+02
 MRCHDU: Convergence failed at  87  side 1    Res =  0.7485E+01
 MRCHDU: Convergence failed at  88  side 1    Res =  0.6072E+01
 MRCHDU: Convergence failed at  89  side 1    Res =  0.5170E+01
 MRCHDU: Convergence failed at  90  side 1    Res =  0.4641E+01
 MRCHDU: Convergence failed at  91  side 1    Res =  0.4343E+01
 MRCHDU: Convergence failed at  92  side 1    Res =  0.4060E+01
 MRCHDU: Convergence failed at  93  side 1    Res =  0.3577E+01
 Side 1  free  transition at x/c =  0.0244   25
 Side 2 forced transition at x/c =  1.0000   69

  33   rms: 0.6858E+00   max: 0.1136E+02   T at   25  1   RLX: 0.100
       a = 14.000      CL =  1.3451
      Cm = -0.0982     CD =  0.04490   =>   CDf =  0.00389    CDp =  0.04101

 Side 1  free  transition at x/c =  0.0226   25
 Side 2 forced transition at x/c =  1.0000   69

  34   rms: 0.2375E+01   max: 0.6094E+01   D at   35  1   RLX: 0.246
       a = 14.000      CL =  1.4457
      Cm = -0.0882     CD =  0.05083   =>   CDf =  0.00585    CDp =  0.04498

 MRCHDU: Convergence failed at  31  side 1    Res =  0.4075E+01
 TRCHEK2: N2 convergence failed.
 x:  0.12904  0.13553  0.14215  N:  8.916  9.000  9.069  Nx:  21.116   dN:-0.298E+02
 TRCHEK2: N2 convergence failed.
 x:  0.12904  0.13649  0.14215  N:  8.916  9.000  9.051  Nx:  18.989   dN:-0.107E+01
 TRCHEK2: N2 convergence failed.
 x:  0.12904  0.13774  0.14215  N:  8.916  9.000  9.052  Nx:  16.900   dN: 0.529E+00
 TRCHEK2: N2 convergence failed.
 x:  0.12904  0.13766  0.14215  N:  8.916  9.000  9.034  Nx:  17.220   dN:-0.283E+00
 TRCHEK2: N2 convergence failed.
 x:  0.12904  0.13768  0.14215  N:  8.916  9.000  9.034  Nx:  17.009   dN:-0.249E+00
 TRCHEK2: N2 convergence failed.
 x:  0.12904  0.13769  0.14215  N:  8.916  9.000  9.034  Nx:  17.032   dN:-0.400E+00
 TRCHEK2: N2 convergence failed.
 x:  0.12904  0.13768  0.14215  N:  8.916  9.000  9.034  Nx:  16.946   dN:-0.279E+00
 TRCHEK2: N2 convergence failed.
 x:  0.12904  0.13769  0.14215  N:  8.916  9.000  9.034  Nx:  16.965   dN:-0.434E+00
 TRCHEK2: N2 convergence failed.
 x:  0.12904  0.13768  0.14215  N:  8.916  9.000  9.034  Nx:  16.891   dN:-0.327E+00
 TRCHEK2: N2 convergence failed.
 x:  0.12904  0.13770  0.14215  N:  8.916  9.000  9.034  Nx:  16.893   dN:-0.542E+00
 TRCHEK2: N2 convergence failed.
 x:  0.12904  0.13768  0.14215  N:  8.916  9.000  9.034  Nx:  16.899   dN:-0.282E+00
 TRCHEK2: N2 convergence failed.
 x:  0.12904  0.13769  0.14215  N:  8.916  9.000  9.034  Nx:  16.918   dN:-0.381E+00
 TRCHEK2: N2 convergence failed.
 x:  0.12904  0.13766  0.14215  N:  8.916  9.000  9.034  Nx:  17.048   dN:-0.156E+00
 TRCHEK2: N2 convergence failed.
 x:  0.12904  0.13766  0.14215  N:  8.916  9.000  9.034  Nx:  17.095   dN:-0.187E+00
 TRCHEK2: N2 convergence failed.
 x:  0.12904  0.13765  0.14215  N:  8.916  9.000  9.034  Nx:  17.189   dN:-0.114E+00
 TRCHEK2: N2 convergence failed.
 x:  0.12904  0.13765  0.14215  N:  8.916  9.000  9.034  Nx:  17.246   dN:-0.135E+00
 TRCHEK2: N2 convergence failed.
 x:  0.12904  0.13764  0.14215  N:  8.916  9.000  9.034  Nx:  17.354   dN:-0.896E-01
 TRCHEK2: N2 convergence failed.
 x:  0.12904  0.13764  0.14215  N:  8.916  9.000  9.034  Nx:  17.417   dN:-0.107E+00
 TRCHEK2: N2 convergence failed.
 x:  0.12904  0.13763  0.14215  N:  8.916  9.000  9.035  Nx:  17.515   dN:-0.757E-01
 TRCHEK2: N2 convergence failed.
 x:  0.12904  0.13763  0.14215  N:  8.916  9.000  9.035  Nx:  17.578   dN:-0.906E-01
 TRCHEK2: N2 convergence failed.
 x:  0.12904  0.13762  0.14215  N:  8.916  9.000  9.035  Nx:  17.683   dN:-0.663E-01
 TRCHEK2: N2 convergence failed.
 x:  0.12904  0.13762  0.14215  N:  8.916  9.000  9.035  Nx:  17.763   dN:-0.789E-01
 TRCHEK2: N2 convergence failed.
 x:  0.12904  0.13761  0.14215  N:  8.916  9.000  9.035  Nx:  17.860   dN:-0.595E-01
 TRCHEK2: N2 convergence failed.
 x:  0.12904  0.13893  0.14215  N:  8.916  9.000  9.035  Nx:  16.437   dN: 0.161E+00
 TRCHEK2: N2 convergence failed.
 x:  0.12904  0.13891  0.14215  N:  8.916  9.000  9.035  Nx:  16.486   dN: 0.178E+00
 MRCHDU: Convergence failed at  32  side 1    Res =  0.6190E+01
 MRCHDU: Convergence failed at  33  side 1    Res =  0.4688E+02
 MRCHDU: Convergence failed at  34  side 1    Res =  0.7548E+02
 MRCHDU: Convergence failed at  35  side 1    Res =  0.5450E+02
 MRCHDU: Convergence failed at  36  side 1    Res =  0.6317E+02
 MRCHDU: Convergence failed at  37  side 1    Res =  0.6809E+02
 MRCHDU: Convergence failed at  38  side 1    Res =  0.5122E+02
 MRCHDU: Convergence failed at  39  side 1    Res =  0.9308E+02
 MRCHDU: Convergence failed at  40  side 1    Res =  0.1683E+04
 MRCHDU: Convergence failed at  41  side 1    Res =  0.6674E+04
 MRCHDU: Convergence failed at  42  side 1    Res =  0.8844E+03
 MRCHDU: Convergence failed at  43  side 1    Res =  0.6646E+03
 MRCHDU: Convergence failed at  44  side 1    Res =  0.5925E+03
 MRCHDU: Convergence failed at  45  side 1    Res =  0.5482E+03
 MRCHDU: Convergence failed at  46  side 1    Res =  0.5279E+03
 MRCHDU: Convergence failed at  47  side 1    Res =  0.4968E+03
 MRCHDU: Convergence failed at  48  side 1    Res =  0.4553E+03
 MRCHDU: Convergence failed at  49  side 1    Res =  0.4190E+03
 MRCHDU: Convergence failed at  50  side 1    Res =  0.3786E+03
 MRCHDU: Convergence failed at  51  side 1    Res =  0.3478E+03
 MRCHDU: Convergence failed at  52  side 1    Res =  0.2341E+03
 MRCHDU: Convergence failed at  53  side 1    Res =  0.6839E+04
 MRCHDU: Convergence failed at  54  side 1    Res =  0.2601E+04
 MRCHDU: Convergence failed at  55  side 1    Res =  0.2073E+04
 MRCHDU: Convergence failed at  56  side 1    Res =  0.2996E+03
 MRCHDU: Convergence failed at  57  side 1    Res =  0.3164E+03
 MRCHDU: Convergence failed at  58  side 1    Res =  0.3329E+03
 MRCHDU: Convergence failed at  59  side 1    Res =  0.3449E+03
 MRCHDU: Convergence failed at  60  side 1    Res =  0.3615E+03
 MRCHDU: Convergence failed at  61  side 1    Res =  0.3777E+03
 MRCHDU: Convergence failed at  62  side 1    Res =  0.3941E+03
 MRCHDU: Convergence failed at  63  side 1    Res =  0.4099E+03
 MRCHDU: Convergence failed at  64  side 1    Res =  0.4254E+03
 MRCHDU: Convergence failed at  65  side 1    Res =  0.4422E+03
 MRCHDU: Convergence failed at  66  side 1    Res =  0.4594E+03
 MRCHDU: Convergence failed at  67  side 1    Res =  0.4762E+03
 MRCHDU: Convergence failed at  68  side 1    Res =  0.4940E+03
 MRCHDU: Convergence failed at  69  side 1    Res =  0.5120E+03
 MRCHDU: Convergence failed at  70  side 1    Res =  0.5301E+03
 MRCHDU: Convergence failed at  71  side 1    Res =  0.5486E+03
 MRCHDU: Convergence failed at  72  side 1    Res =  0.5661E+03
 MRCHDU: Convergence failed at  73  side 1    Res =  0.5858E+03
 MRCHDU: Convergence failed at  74  side 1    Res =  0.6043E+03
 MRCHDU: Convergence failed at  75  side 1    Res =  0.6617E+03
 MRCHDU: Convergence failed at  76  side 1    Res =  0.6903E+03
 MRCHDU: Convergence failed at  77  side 1    Res =  0.7203E+03
 MRCHDU: Convergence failed at  78  side 1    Res =  0.7505E+03
 MRCHDU: Convergence failed at  79  side 1    Res =  0.7811E+03
 MRCHDU: Convergence failed at  80  side 1    Res =  0.8134E+03
 MRCHDU: Convergence failed at  81  side 1    Res =  0.8489E+03
 MRCHDU: Convergence failed at  82  side 1    Res =  0.8854E+03
 MRCHDU: Convergence failed at  83  side 1    Res =  0.9197E+03
 MRCHDU: Convergence failed at  84  side 1    Res =  0.9547E+03
 MRCHDU: Convergence failed at  85  side 1    Res =  0.9873E+03
 MRCHDU: Convergence failed at  86  side 1    Res =  0.1016E+04
 MRCHDU: Convergence failed at  87  side 1    Res =  0.1046E+04
 MRCHDU: Convergence failed at  88  side 1    Res =  0.1070E+04
 MRCHDU: Convergence failed at  89  side 1    Res =  0.1104E+04
 MRCHDU: Convergence failed at  90  side 1    Res =  0.1161E+04
 MRCHDU: Convergence failed at  91  side 1    Res =  0.1263E+04
 MRCHDU: Convergence failed at  92  side 1    Res =  0.1338E+04
 MRCHDU: Convergence failed at  93  side 1    Res =  0.1379E+04
 MRCHDU: Convergence failed at  94  side 1    Res =  0.5232E+04
 MRCHDU: Convergence failed at  70  side 2    Res =  0.4263E+01
 MRCHDU: Convergence failed at  71  side 2    Res =  0.1278E+02
 MRCHDU: Convergence failed at  72  side 2    Res =  0.1479E+02
 MRCHDU: Convergence failed at  73  side 2    Res =  0.4005E+01
 MRCHDU: Convergence failed at  74  side 2    Res =  0.2863E+01
 MRCHDU: Convergence failed at  75  side 2    Res =  0.8475E+01
 MRCHDU: Convergence failed at  76  side 2    Res =  0.2277E+02
 MRCHDU: Convergence failed at  77  side 2    Res =  0.7868E+01
 MRCHDU: Convergence failed at  78  side 2    Res =  0.1303E+02
 MRCHDU: Convergence failed at  79  side 2    Res =  0.3503E+02
 MRCHDU: Convergence failed at  80  side 2    Res =  0.3490E+02
 MRCHDU: Convergence failed at  81  side 2    Res =  0.1449E+02
 MRCHDU: Convergence failed at  82  side 2    Res =  0.9943E+01
 Side 1  free  transition at x/c =  0.0765   32
 Side 2 forced transition at x/c =  1.0000   68

  35   rms: 0.3323E+01   max: 0.3379E+02   T at   32  1   RLX: 0.029
       a = 14.000      CL =  5.1146
      Cm = -1.2469     CD =  0.00465   =>   CDf =  0.00125    CDp =  0.00340

 Side 1  free  transition at x/c =  0.0752   32
 Side 2 forced transition at x/c =  1.0000   68
 idif Ue xi dudx           1  0.14576825      9.83738899E-03   14.817779    
 Uenew xinew           2  1.85756404E-02  1.25360489E-03

  36   rms: 0.1388E+01   max: 0.6592E+01   C at   68  2   RLX: 0.125
       a = 14.000      CL =  3.7258
      Cm = -0.7968     CD =  0.11643   =>   CDf =  0.00257    CDp =  0.11386

 Side 1  free  transition at x/c =  0.0735   31
 Side 2 forced transition at x/c =  1.0000   69

  37   rms: 0.1422E+01   max: 0.5845E+01   C at   69  2   RLX: 0.120
       a = 14.000      CL =  3.3634
      Cm = -0.7033     CD =  0.15417   =>   CDf =  0.00261    CDp =  0.15155

 TRCHEK2: N2 convergence failed.
 x:  0.12433  0.13744  0.13744  N:  8.954  9.000  9.163  Nx:  15.180   dN: 0.163E+00
 TRCHEK2: N2 convergence failed.
 x:  0.12433  0.13634  0.13744  N:  8.954  9.000  9.001  Nx:  19.823   dN:-0.759E-01
 Side 1  free  transition at x/c =  0.0739   31
 Side 2 forced transition at x/c =  1.0000   69

  38   rms: 0.1272E+01   max: 0.8736E+01   C at   69  2   RLX: 0.079
       a = 14.000      CL =  3.1421
      Cm = -0.6305     CD =  0.19233   =>   CDf =  0.00292    CDp =  0.18940

 Side 1  free  transition at x/c =  0.0649   30
 Side 2 forced transition at x/c =  1.0000   69
 idif Ue xi dudx           1  0.12596326      7.45105743E-03   16.905420    
 Uenew xinew           2  5.00394823E-03  2.95996666E-04

  39   rms: 0.1328E+01   max: 0.9792E+01   C at   69  2   RLX: 0.069
       a = 14.000      CL =  3.2190
      Cm = -0.6532     CD =  0.21240   =>   CDf =  0.00343    CDp =  0.20897

 Side 1  free  transition at x/c =  0.0555   28
 Side 2 forced transition at x/c =  1.0000   70

  40   rms: 0.1408E+01   max: -.1152E+02   T at    2  2   RLX: 0.043
       a = 14.000      CL =  3.1590
      Cm = -0.6391     CD =  0.25106   =>   CDf =  0.00342    CDp =  0.24764

 Side 1  free  transition at x/c =  0.0514   28
 Side 2 forced transition at x/c =  1.0000   70

  41   rms: 0.1351E+01   max: 0.1029E+02   C at   70  2   RLX: 0.063
       a = 14.000      CL =  3.0290
      Cm = -0.6097     CD =  0.22637   =>   CDf =  0.00355    CDp =  0.22283

 Side 1  free  transition at x/c =  0.0499   27
 Side 2 forced transition at x/c =  1.0000   70

  42   rms: 0.1448E+01   max: 0.1428E+02   C at   70  2   RLX: 0.047
       a = 14.000      CL =  2.9854
      Cm = -0.6106     CD =  0.25433   =>   CDf =  0.00376    CDp =  0.25057

 MRCHDU: Convergence failed at  92  side 2    Res =  0.1904E+00
 Side 1  free  transition at x/c =  0.0499   27
 Side 2 forced transition at x/c =  1.0000   70

  43   rms: 0.1747E+01   max: 0.6552E+01   T at   28  1   RLX: 0.115
       a = 14.000      CL =  2.5346
      Cm = -0.4955     CD =  0.55075   =>   CDf =  0.00391    CDp =  0.54684

 Side 1  free  transition at x/c =  0.0333   26
 Side 2 forced transition at x/c =  1.0000   70
 idif Ue xi dudx           1  0.16141702      7.10999966E-03   22.702818    
 Uenew xinew           2  2.70286854E-02  1.19054317E-03

  44   rms: 0.1384E+01   max: 0.3777E+01   C at   70  2   RLX: 0.146
       a = 14.000      CL =  2.1106
      Cm = -0.3868     CD =  1.02366   =>   CDf =  0.00413    CDp =  1.01953

 Side 1  free  transition at x/c =  0.0343   25
 Side 2 forced transition at x/c =  1.0000   71

  45   rms: 0.1203E+01   max: 0.3907E+01   C at   71  2   RLX: 0.157
       a = 14.000      CL =  1.7340
      Cm = -0.3003     CD =  3.01979   =>   CDf =  0.00388    CDp =  3.01590

 Side 1  free  transition at x/c =  0.0353   25
 Side 2 forced transition at x/c =  1.0000   71
 idif Ue xi dudx           1  0.14992644      6.55734539E-03   22.863892    
 Uenew xinew           2  3.69889587E-02  1.61778927E-03

  46   rms: 0.9976E+00   max: -.2582E+01   T at   90  2   RLX: 0.194
       a = 14.000      CL =  1.3766
      Cm = -0.2191     CD = 11.20232   =>   CDf =  0.00408    CDp = 11.19824

 Side 1  free  transition at x/c =  0.0361   24
 Side 2 forced transition at x/c =  1.0000   72

  47   rms: 0.7901E+00   max: -.1957E+01   T at   86  2   RLX: 0.256
       a = 14.000      CL =  1.0315
      Cm = -0.1405     CD = 14.36596   =>   CDf =  0.00384    CDp = 14.36212

 Side 1  free  transition at x/c =  0.0369   24
 Side 2 forced transition at x/c =  1.0000   72
 idif Ue xi dudx           1  0.15658903      5.44238091E-03   28.772156    
 Uenew xinew           2  3.62026803E-02  1.25825405E-03

  48   rms: 0.5933E+00   max: -.1499E+01   T at   84  2   RLX: 0.334
       a = 14.000      CL =  0.7351
      Cm = -0.0730     CD = 10.96839   =>   CDf =  0.00393    CDp = 10.96446

 MRCHDU: Convergence failed at  85  side 2    Res =  0.1164E-01
 MRCHDU: Convergence failed at  86  side 2    Res =  0.1390E+00
 MRCHDU: Convergence failed at  87  side 2    Res =  0.2288E+00
 Side 1  free  transition at x/c =  0.0381   23
 Side 2 forced transition at x/c =  1.0000   73

  49   rms: 0.5444E+00   max: 0.3848E+01   T at   91  2   RLX: 0.295
       a = 14.000      CL =  0.5907
      Cm = -0.0381     CD =  1.87141   =>   CDf =  0.00368    CDp =  1.86773

 MRCHDU: Convergence failed at  86  side 2    Res =  0.3137E-01
 Side 1  free  transition at x/c =  0.0390   23
 Side 2 forced transition at x/c =  1.0000   73

  50   rms: 0.3713E+00   max: -.1261E+01   T at   87  2   RLX: 0.397
       a = 14.000      CL =  0.4711
      Cm = -0.0090     CD =  0.91795   =>   CDf =  0.00360    CDp =  0.91435

 MRCHDU: Convergence failed at  86  side 2    Res =  0.5357E-01
 MRCHDU: Convergence failed at  87  side 2    Res =  0.3623E+00
 Side 1  free  transition at x/c =  0.0398   23
 Side 2 forced transition at x/c =  1.0000   73

  51   rms: 0.2682E+01   max: 0.2441E+02   T at   93  2   RLX: 0.061
       a = 14.000      CL =  0.4655
      Cm = -0.0062     CD =  1.04427   =>   CDf =  0.00349    CDp =  1.04078

 MRCHDU: Convergence failed at  86  side 2    Res =  0.7635E-02
 Side 1  free  transition at x/c =  0.0399   23
 Side 2 forced transition at x/c =  1.0000   73

  52   rms: 0.3191E+00   max: -.9077E+00   C at   83  2   RLX: 0.551
       a = 14.000      CL =  0.4168
      Cm =  0.0130     CD =  0.36971   =>   CDf =  0.00347    CDp =  0.36625

 Side 1  free  transition at x/c =  0.0402   23
 Side 2 forced transition at x/c =  1.0000   73

  53   rms: 0.8901E+00   max: -.4790E+01   T at   23  1   RLX: 0.104
       a = 14.000      CL =  0.3295
      Cm =  0.0598     CD =  0.23113   =>   CDf =  0.00372    CDp =  0.22741

 Side 1  free  transition at x/c =  0.0396   24
 Side 2 forced transition at x/c =  1.0000   72

  54   rms: 0.7538E+00   max: 0.2134E+01   D at   29  1   RLX: 0.324
       a = 14.000      CL =  0.4500
      Cm =  0.0739     CD =  0.14048   =>   CDf =  0.00370    CDp =  0.13678

 MRCHDU: Convergence failed at  38  side 1    Res =  0.2951E+00
 MRCHDU: Convergence failed at  39  side 1    Res =  0.8966E+00
 MRCHDU: Convergence failed at  40  side 1    Res =  0.9103E+00
 MRCHDU: Convergence failed at  42  side 1    Res =  0.2651E+01
 MRCHDU: Convergence failed at  43  side 1    Res =  0.2126E+01
 MRCHDU: Convergence failed at  45  side 1    Res =  0.5221E+01
 MRCHDU: Convergence failed at  46  side 1    Res =  0.9184E+02
 MRCHDU: Convergence failed at  47  side 1    Res =  0.3200E+01
 MRCHDU: Convergence failed at  48  side 1    Res =  0.2084E+01
 MRCHDU: Convergence failed at  49  side 1    Res =  0.1541E+01
 MRCHDU: Convergence failed at  50  side 1    Res =  0.1273E+01
 MRCHDU: Convergence failed at  51  side 1    Res =  0.1214E+01
 MRCHDU: Convergence failed at  52  side 1    Res =  0.1695E+01
 MRCHDU: Convergence failed at  53  side 1    Res =  0.2567E+01
 MRCHDU: Convergence failed at  54  side 1    Res =  0.3926E+01
 MRCHDU: Convergence failed at  55  side 1    Res =  0.1202E+02
 MRCHDU: Convergence failed at  56  side 1    Res =  0.1374E+01
 MRCHDU: Convergence failed at  57  side 1    Res =  0.6633E+00
 Side 1  free  transition at x/c =  0.0395   25
 Side 2 forced transition at x/c =  1.0000   71

  55   rms: 0.3953E+00   max: 0.1807E+01   D at   40  1   RLX: 0.488
       a = 14.000      CL =  0.6568
      Cm =  0.0234     CD =  0.08800   =>   CDf =  0.00372    CDp =  0.08428

 MRCHDU: Convergence failed at  44  side 1    Res =  0.2548E+01
 MRCHDU: Convergence failed at  45  side 1    Res =  0.1947E+01
 MRCHDU: Convergence failed at  46  side 1    Res =  0.1540E+01
 MRCHDU: Convergence failed at  47  side 1    Res =  0.1268E+01
 MRCHDU: Convergence failed at  48  side 1    Res =  0.1050E+01
 MRCHDU: Convergence failed at  49  side 1    Res =  0.8400E+00
 MRCHDU: Convergence failed at  50  side 1    Res =  0.8947E+00
 MRCHDU: Convergence failed at  51  side 1    Res =  0.6461E+00
 MRCHDU: Convergence failed at  52  side 1    Res =  0.4969E+00
 Side 1  free  transition at x/c =  0.0368   25
 Side 2 forced transition at x/c =  1.0000   71

  56   rms: 0.5164E+00   max: 0.2447E+01   D at   52  1   RLX: 0.613
       a = 14.000      CL =  0.6725
      Cm = -0.0020     CD =  0.12761   =>   CDf =  0.00309    CDp =  0.12452

 Side 1  free  transition at x/c =  0.0358   25
 Side 2 forced transition at x/c =  1.0000   71

  57   rms: 0.2426E+00   max: 0.2305E+01   T at   25  1   RLX: 0.651
       a = 14.000      CL =  0.5860
      Cm =  0.0016     CD =  0.13149   =>   CDf =  0.00284    CDp =  0.12865

 Side 1  free  transition at x/c =  0.0324   25
 Side 2 forced transition at x/c =  1.0000   71
 idif Ue xi dudx           1  0.11254410      5.08546829E-03   22.130527    
 Uenew xinew           2  3.22911330E-03  1.45912170E-04

  58   rms: 0.6953E-01   max: 0.3355E+00   D at   25  1
       a = 14.000      CL =  0.5521
      Cm =  0.0038     CD =  0.12404   =>   CDf =  0.00304    CDp =  0.12100

 Side 1  free  transition at x/c =  0.0337   24
 Side 2 forced transition at x/c =  1.0000   72

  59   rms: 0.1021E+00   max: 0.1235E+01   D at    2  2   RLX: 0.824
       a = 14.000      CL =  0.5639
      Cm =  0.0068     CD =  0.11520   =>   CDf =  0.00276    CDp =  0.11245

 Side 1  free  transition at x/c =  0.0319   24
 Side 2 forced transition at x/c =  1.0000   71

  60   rms: 0.1318E+00   max: -.1505E+01   T at   24  1   RLX: 0.332
       a = 14.000      CL =  0.5605
      Cm =  0.0071     CD =  0.11701   =>   CDf =  0.00293    CDp =  0.11408

 Side 1  free  transition at x/c =  0.0328   25
 Side 2 forced transition at x/c =  1.0000   71

  61   rms: 0.2552E+00   max: -.5772E+00   D at   31  1   RLX: 0.866
       a = 14.000      CL =  0.6508
      Cm =  0.0215     CD =  0.09180   =>   CDf =  0.00276    CDp =  0.08904

 MRCHDU: Convergence failed at  28  side 1    Res =  0.1769E+01
 MRCHDU: Convergence failed at  29  side 1    Res =  0.3364E+01
 MRCHDU: Convergence failed at  30  side 1    Res =  0.2216E+02
 MRCHDU: Convergence failed at  31  side 1    Res =  0.1406E+02
 MRCHDU: Convergence failed at  32  side 1    Res =  0.5007E+02
 MRCHDU: Convergence failed at  33  side 1    Res =  0.6099E+01
 MRCHDU: Convergence failed at  34  side 1    Res =  0.2290E+02
 MRCHDU: Convergence failed at  35  side 1    Res =  0.8389E+02
 MRCHDU: Convergence failed at  36  side 1    Res =  0.2205E+02
 MRCHDU: Convergence failed at  37  side 1    Res =  0.3430E+02
 MRCHDU: Convergence failed at  38  side 1    Res =  0.1513E+03
 MRCHDU: Convergence failed at  39  side 1    Res =  0.1860E+03
 MRCHDU: Convergence failed at  40  side 1    Res =  0.4591E+02
 MRCHDU: Convergence failed at  41  side 1    Res =  0.3507E+02
 MRCHDU: Convergence failed at  42  side 1    Res =  0.8754E+01
 MRCHDU: Convergence failed at  43  side 1    Res =  0.9436E+01
 MRCHDU: Convergence failed at  44  side 1    Res =  0.9503E+01
 MRCHDU: Convergence failed at  45  side 1    Res =  0.1367E+02
 MRCHDU: Convergence failed at  46  side 1    Res =  0.1569E+02
 MRCHDU: Convergence failed at  47  side 1    Res =  0.1064E+02
 MRCHDU: Convergence failed at  48  side 1    Res =  0.3209E+02
 MRCHDU: Convergence failed at  49  side 1    Res =  0.6292E+02
 MRCHDU: Convergence failed at  50  side 1    Res =  0.3016E+02
 MRCHDU: Convergence failed at  51  side 1    Res =  0.8399E+02
 MRCHDU: Convergence failed at  52  side 1    Res =  0.5515E+02
 MRCHDU: Convergence failed at  53  side 1    Res =  0.3508E+02
 MRCHDU: Convergence failed at  54  side 1    Res =  0.2647E+02
 MRCHDU: Convergence failed at  55  side 1    Res =  0.2273E+02
 MRCHDU: Convergence failed at  56  side 1    Res =  0.2000E+02
 MRCHDU: Convergence failed at  57  side 1    Res =  0.1795E+02
 MRCHDU: Convergence failed at  58  side 1    Res =  0.1600E+02
 MRCHDU: Convergence failed at  59  side 1    Res =  0.1450E+02
 MRCHDU: Convergence failed at  60  side 1    Res =  0.1329E+02
 MRCHDU: Convergence failed at  61  side 1    Res =  0.8555E+01
 MRCHDU: Convergence failed at  62  side 1    Res =  0.1053E+02
 MRCHDU: Convergence failed at  63  side 1    Res =  0.1169E+02
 MRCHDU: Convergence failed at  64  side 1    Res =  0.1239E+02
 MRCHDU: Convergence failed at  65  side 1    Res =  0.1313E+02
 MRCHDU: Convergence failed at  66  side 1    Res =  0.1325E+02
 MRCHDU: Convergence failed at  67  side 1    Res =  0.1283E+02
 MRCHDU: Convergence failed at  68  side 1    Res =  0.1238E+02
 MRCHDU: Convergence failed at  69  side 1    Res =  0.1221E+02
 MRCHDU: Convergence failed at  70  side 1    Res =  0.1335E+02
 MRCHDU: Convergence failed at  71  side 1    Res =  0.2089E+02
 MRCHDU: Convergence failed at  72  side 1    Res =  0.2269E+02
 MRCHDU: Convergence failed at  73  side 1    Res =  0.2481E+02
 MRCHDU: Convergence failed at  74  side 1    Res =  0.2734E+02
 MRCHDU: Convergence failed at  75  side 1    Res =  0.2601E+02
 MRCHDU: Convergence failed at  76  side 1    Res =  0.2407E+02
 MRCHDU: Convergence failed at  77  side 1    Res =  0.2640E+02
 MRCHDU: Convergence failed at  78  side 1    Res =  0.2519E+02
 MRCHDU: Convergence failed at  79  side 1    Res =  0.2493E+02
 MRCHDU: Convergence failed at  80  side 1    Res =  0.2762E+02
 MRCHDU: Convergence failed at  81  side 1    Res =  0.2918E+02
 MRCHDU: Convergence failed at  82  side 1    Res =  0.3874E+02
 MRCHDU: Convergence failed at  83  side 1    Res =  0.4331E+02
 MRCHDU: Convergence failed at  84  side 1    Res =  0.1431E+03
 MRCHDU: Convergence failed at  85  side 1    Res =  0.1474E+04
 MRCHDU: Convergence failed at  86  side 1    Res =  0.5413E+03
 MRCHDU: Convergence failed at  87  side 1    Res =  0.8439E+03
 MRCHDU: Convergence failed at  88  side 1    Res =  0.2833E+03
 MRCHDU: Convergence failed at  89  side 1    Res =  0.6093E+03
 MRCHDU: Convergence failed at  90  side 1    Res =  0.5204E+03
 MRCHDU: Convergence failed at  91  side 1    Res =  0.2016E+03
 MRCHDU: Convergence failed at  92  side 1    Res =  0.9451E+02
 MRCHDU: Convergence failed at  87  side 2    Res =  0.1906E+01
 MRCHDU: Convergence failed at  88  side 2    Res =  0.1317E+01
 MRCHDU: Convergence failed at  89  side 2    Res =  0.2112E+01
 MRCHDU: Convergence failed at  90  side 2    Res =  0.1001E+01
 Side 1  free  transition at x/c =  0.0276   25
 Side 2 forced transition at x/c =  1.0000   70

  62   rms: 0.1375E+01   max: 0.4105E+01   D at   92  1   RLX: 0.327
       a = 14.000      CL =  1.9680
      Cm = -0.3451     CD =  0.02986   =>   CDf =  0.00282    CDp =  0.02704

 MRCHDU: Convergence failed at  84  side 2    Res =  0.1868E+01
 MRCHDU: Convergence failed at  91  side 2    Res =  0.1526E+01
 Side 1  free  transition at x/c =  0.0286   25
 Side 2 forced transition at x/c =  1.0000   70

  63   rms: 0.1235E+01   max: 0.3216E+01   D at   31  1   RLX: 0.230
       a = 14.000      CL =  1.8506
      Cm = -0.2532     CD =  0.02011   =>   CDf =  0.01268    CDp =  0.00743

 TRCHEK2: N2 convergence failed.
 x:  0.10086  0.11066  0.11228  N:  8.875  9.000  9.012  Nx:  25.135   dN:-0.315E+00
 TRCHEK2: N2 convergence failed.
 x:  0.10086  0.11228  0.11228  N:  8.875  9.000  9.116  Nx:  20.760   dN: 0.116E+00
 TRCHEK2: N2 convergence failed.
 x:  0.10086  0.10894  0.11228  N:  8.875  9.000  9.039  Nx:  29.595   dN:-0.114E+00
 TRCHEK2: N2 convergence failed.
 x:  0.10086  0.11219  0.11228  N:  8.875  9.000  9.007  Nx:  16.455   dN: 0.705E-01
 TRCHEK2: N2 convergence failed.
 x:  0.10086  0.11116  0.11228  N:  8.875  9.000  9.021  Nx:  16.528   dN: 0.619E-01
 TRCHEK2: N2 convergence failed.
 x:  0.10086  0.11000  0.11228  N:  8.875  9.000  9.022  Nx:  18.081   dN:-0.183E-01
 TRCHEK2: N2 convergence failed.
 x:  0.10086  0.11000  0.11228  N:  8.875  9.000  9.022  Nx:  17.334   dN:-0.221E-01
 TRCHEK2: N2 convergence failed.
 x:  0.10086  0.11001  0.11228  N:  8.875  9.000  9.021  Nx:  17.641   dN:-0.204E-01
 TRCHEK2: N2 convergence failed.
 x:  0.10086  0.11000  0.11228  N:  8.875  9.000  9.021  Nx:  17.126   dN:-0.295E-01
 TRCHEK2: N2 convergence failed.
 x:  0.10086  0.11001  0.11228  N:  8.875  9.000  9.021  Nx:  17.369   dN:-0.239E-01
 TRCHEK2: N2 convergence failed.
 x:  0.10086  0.11000  0.11228  N:  8.875  9.000  9.022  Nx:  17.261   dN:-0.230E-01
 TRCHEK2: N2 convergence failed.
 x:  0.10086  0.11000  0.11228  N:  8.875  9.000  9.022  Nx:  17.549   dN:-0.202E-01
 TRCHEK2: N2 convergence failed.
 x:  0.10086  0.10999  0.11228  N:  8.875  9.000  9.022  Nx:  17.422   dN:-0.189E-01
 TRCHEK2: N2 convergence failed.
 x:  0.10086  0.10999  0.11228  N:  8.875  9.000  9.022  Nx:  17.744   dN:-0.177E-01
 TRCHEK2: N2 convergence failed.
 x:  0.10086  0.10999  0.11228  N:  8.875  9.000  9.022  Nx:  17.579   dN:-0.164E-01
 TRCHEK2: N2 convergence failed.
 x:  0.10086  0.10999  0.11228  N:  8.875  9.000  9.022  Nx:  17.956   dN:-0.160E-01
 TRCHEK2: N2 convergence failed.
 x:  0.10086  0.10997  0.11228  N:  8.875  9.000  9.022  Nx:  17.807   dN:-0.143E-01
 TRCHEK2: N2 convergence failed.
 x:  0.10086  0.10998  0.11228  N:  8.875  9.000  9.022  Nx:  18.194   dN:-0.147E-01
 TRCHEK2: N2 convergence failed.
 x:  0.10086  0.10997  0.11228  N:  8.875  9.000  9.022  Nx:  18.011   dN:-0.130E-01
 TRCHEK2: N2 convergence failed.
 x:  0.10086  0.11112  0.11228  N:  8.875  9.000  9.022  Nx:  16.570   dN: 0.514E-01
 TRCHEK2: N2 convergence failed.
 x:  0.10086  0.11112  0.11228  N:  8.875  9.000  9.022  Nx:  16.540   dN: 0.510E-01
 TRCHEK2: N2 convergence failed.
 x:  0.10086  0.11112  0.11228  N:  8.875  9.000  9.006  Nx:  16.540   dN:-0.104E+01
 TRCHEK2: N2 convergence failed.
 x:  0.10086  0.11110  0.11228  N:  8.875  9.000  9.022  Nx:  16.600   dN: 0.516E-01
 TRCHEK2: N2 convergence failed.
 x:  0.10086  0.11106  0.11228  N:  8.875  9.000  9.007  Nx:  16.783   dN:-0.266E+00
 TRCHEK2: N2 convergence failed.
 x:  0.10086  0.11111  0.11228  N:  8.875  9.000  9.022  Nx:  16.607   dN: 0.517E-01
 MRCHDU: Convergence failed at  29  side 1    Res =  0.1450E+02
 MRCHDU: Convergence failed at  30  side 1    Res =  0.4119E+02
 MRCHDU: Convergence failed at  31  side 1    Res =  0.5145E+02
 MRCHDU: Convergence failed at  32  side 1    Res =  0.4247E+02
 MRCHDU: Convergence failed at  33  side 1    Res =  0.1042E+03
 MRCHDU: Convergence failed at  34  side 1    Res =  0.8468E+03
 MRCHDU: Convergence failed at  35  side 1    Res =  0.1291E+03
 MRCHDU: Convergence failed at  36  side 1    Res =  0.2227E+04
 MRCHDU: Convergence failed at  37  side 1    Res =  0.1057E+06
 MRCHDU: Convergence failed at  38  side 1    Res =  0.1166E+03
 MRCHDU: Convergence failed at  39  side 1    Res =  0.9049E+02
 MRCHDU: Convergence failed at  40  side 1    Res =  0.9360E+02
 MRCHDU: Convergence failed at  41  side 1    Res =  0.9569E+02
 MRCHDU: Convergence failed at  42  side 1    Res =  0.9695E+02
 MRCHDU: Convergence failed at  43  side 1    Res =  0.9803E+02
 MRCHDU: Convergence failed at  44  side 1    Res =  0.9881E+02
 MRCHDU: Convergence failed at  45  side 1    Res =  0.9942E+02
 MRCHDU: Convergence failed at  46  side 1    Res =  0.9730E+02
 MRCHDU: Convergence failed at  47  side 1    Res =  0.9983E+02
 MRCHDU: Convergence failed at  48  side 1    Res =  0.1337E+03
 MRCHDU: Convergence failed at  49  side 1    Res =  0.1012E+03
 MRCHDU: Convergence failed at  50  side 1    Res =  0.1316E+03
 MRCHDU: Convergence failed at  51  side 1    Res =  0.1041E+03
 MRCHDU: Convergence failed at  52  side 1    Res =  0.1052E+03
 MRCHDU: Convergence failed at  53  side 1    Res =  0.1058E+03
 MRCHDU: Convergence failed at  54  side 1    Res =  0.1058E+03
 MRCHDU: Convergence failed at  55  side 1    Res =  0.1067E+03
 MRCHDU: Convergence failed at  56  side 1    Res =  0.1079E+03
 MRCHDU: Convergence failed at  57  side 1    Res =  0.1272E+03
 MRCHDU: Convergence failed at  58  side 1    Res =  0.1091E+03
 MRCHDU: Convergence failed at  59  side 1    Res =  0.1089E+03
 MRCHDU: Convergence failed at  60  side 1    Res =  0.1048E+03
 MRCHDU: Convergence failed at  61  side 1    Res =  0.1101E+03
 MRCHDU: Convergence failed at  62  side 1    Res =  0.1050E+03
 MRCHDU: Convergence failed at  63  side 1    Res =  0.1105E+03
 MRCHDU: Convergence failed at  64  side 1    Res =  0.1059E+03
 MRCHDU: Convergence failed at  65  side 1    Res =  0.1076E+03
 MRCHDU: Convergence failed at  66  side 1    Res =  0.1092E+03
 MRCHDU: Convergence failed at  67  side 1    Res =  0.1108E+03
 MRCHDU: Convergence failed at  68  side 1    Res =  0.1125E+03
 MRCHDU: Convergence failed at  69  side 1    Res =  0.1142E+03
 MRCHDU: Convergence failed at  70  side 1    Res =  0.1159E+03
 MRCHDU: Convergence failed at  71  side 1    Res =  0.1175E+03
 MRCHDU: Convergence failed at  72  side 1    Res =  0.1193E+03
 MRCHDU: Convergence failed at  73  side 1    Res =  0.1209E+03
 MRCHDU: Convergence failed at  74  side 1    Res =  0.1226E+03
 MRCHDU: Convergence failed at  75  side 1    Res =  0.1243E+03
 MRCHDU: Convergence failed at  76  side 1    Res =  0.1261E+03
 MRCHDU: Convergence failed at  77  side 1    Res =  0.1278E+03
 MRCHDU: Convergence failed at  78  side 1    Res =  0.1295E+03
 MRCHDU: Convergence failed at  79  side 1    Res =  0.1313E+03
 MRCHDU: Convergence failed at  80  side 1    Res =  0.1330E+03
 MRCHDU: Convergence failed at  81  side 1    Res =  0.1348E+03
 MRCHDU: Convergence failed at  82  side 1    Res =  0.1364E+03
 MRCHDU: Convergence failed at  83  side 1    Res =  0.1381E+03
 MRCHDU: Convergence failed at  84  side 1    Res =  0.1396E+03
 MRCHDU: Convergence failed at  85  side 1    Res =  0.1413E+03
 MRCHDU: Convergence failed at  86  side 1    Res =  0.1763E+03
 MRCHDU: Convergence failed at  87  side 1    Res =  0.1786E+03
 MRCHDU: Convergence failed at  88  side 1    Res =  0.1816E+03
 MRCHDU: Convergence failed at  89  side 1    Res =  0.1859E+03
 MRCHDU: Convergence failed at  90  side 1    Res =  0.1923E+03
 MRCHDU: Convergence failed at  91  side 1    Res =  0.1964E+03
 MRCHDU: Convergence failed at  92  side 1    Res =  0.1526E+03
 MRCHDU: Convergence failed at  93  side 1    Res =  0.2471E+03
 Side 1  free  transition at x/c =  0.0550   29
 Side 2 forced transition at x/c =  1.0000   69

  64   rms: 0.3871E+01   max: 0.3056E+02   T at   29  1   RLX: 0.033
       a = 14.000      CL =  4.4416
      Cm = -1.0756     CD =  0.00538   =>   CDf =  0.00150    CDp =  0.00387

 Side 1  free  transition at x/c =  0.0560   29
 Side 2 forced transition at x/c =  1.0000   69

  65   rms: 0.4781E+01   max: 0.5077E+02   D at   91  2   RLX: 0.030
       a = 14.000      CL =  3.3821
      Cm = -0.7525     CD =  0.06081   =>   CDf =  0.00248    CDp =  0.05833

 MRCHDU: Convergence failed at  91  side 2    Res =  0.1765E+02
 Side 1  free  transition at x/c =  0.2912   45
 Side 2 forced transition at x/c =  1.0000   69

  66   rms: 0.7587E+01   max: -.7523E+02   T at   46  1   RLX: 0.007
       a = 14.000      CL =  3.5206
      Cm = -0.7719     CD =  0.09876   =>   CDf =  0.00209    CDp =  0.09667

 Side 1  free  transition at x/c =  0.0551   29
 Side 2 forced transition at x/c =  1.0000   69
 idif Ue xi dudx           1  0.13366872      7.53045082E-03   17.750427    
 Uenew xinew           2  6.66333362E-03  3.75390053E-04

  67   rms: 0.1430E+01   max: 0.7767E+01   C at   69  2   RLX: 0.118
       a = 14.000      CL =  3.0109
      Cm = -0.6539     CD =  0.11543   =>   CDf =  0.00272    CDp =  0.11272

 MRCHDU: Convergence failed at  85  side 2    Res =  0.1772E+01
 MRCHDU: Convergence failed at  86  side 2    Res =  0.2808E+01
 MRCHDU: Convergence failed at  87  side 2    Res =  0.1732E+01
 MRCHDU: Convergence failed at  88  side 2    Res =  0.2974E+01
 MRCHDU: Convergence failed at  89  side 2    Res =  0.7310E+01
 MRCHDU: Convergence failed at  90  side 2    Res =  0.5227E+02
 MRCHDU: Convergence failed at  91  side 2    Res =  0.2622E+01
 MRCHDU: Convergence failed at  92  side 2    Res =  0.7678E+01
 Side 1  free  transition at x/c =  0.0540   28
 Side 2 forced transition at x/c =  1.0000   70

  68   rms: 0.2049E+01   max: -.1236E+02   D at    2  2   RLX: 0.040
       a = 14.000      CL =  2.8398
      Cm = -0.6122     CD =  0.13436   =>   CDf =  0.00285    CDp =  0.13150

 Side 1  free  transition at x/c =  0.1375   34
 Side 2 forced transition at x/c =  1.0000   70

  69   rms: 0.2238E+01   max: 0.3931E+02   T at   34  1   RLX: 0.027
       a = 14.000      CL =  2.8423
      Cm = -0.5985     CD =  0.16196   =>   CDf =  0.00276    CDp =  0.15921

 Side 1  free  transition at x/c =  0.0812   30
 Side 2 forced transition at x/c =  1.0000   70

  70   rms: 0.1260E+01   max: 0.7842E+01   C at   70  2   RLX: 0.140
       a = 14.000      CL =  2.5046
      Cm = -0.5157     CD =  0.15490   =>   CDf =  0.00290    CDp =  0.15200

 Side 1  free  transition at x/c =  0.0559   28
 Side 2 forced transition at x/c =  1.0000   70

  71   rms: 0.1841E+01   max: 0.2591E+02   C at   70  2   RLX: 0.022
       a = 14.000      CL =  2.5450
      Cm = -0.5295     CD =  0.26577   =>   CDf =  0.00327    CDp =  0.26251

 Side 1  free  transition at x/c =  0.0521   28
 Side 2 forced transition at x/c =  1.0000   70

  72   rms: 0.1379E+01   max: 0.1545E+02   C at   70  2   RLX: 0.062
       a = 14.000      CL =  2.5116
      Cm = -0.5155     CD =  0.22706   =>   CDf =  0.00335    CDp =  0.22371

 Side 1  free  transition at x/c =  0.0519   28
 Side 2 forced transition at x/c =  1.0000   70

  73   rms: 0.1327E+01   max: 0.1362E+02   C at   70  2   RLX: 0.059
       a = 14.000      CL =  2.4401
      Cm = -0.4892     CD =  0.24550   =>   CDf =  0.00358    CDp =  0.24192

 Side 1  free  transition at x/c =  0.0514   28
 Side 2 forced transition at x/c =  1.0000   70

  74   rms: 0.1323E+01   max: 0.1372E+02   C at   70  2   RLX: 0.050
       a = 14.000      CL =  2.3836
      Cm = -0.4673     CD =  0.26441   =>   CDf =  0.00378    CDp =  0.26063

 Side 1  free  transition at x/c =  0.0508   28
 Side 2 forced transition at x/c =  1.0000   70
 idif Ue xi dudx           1  0.15711503      6.25181198E-03   25.131119    
 Uenew xinew           2  8.35246593E-03  3.32355499E-04

  75   rms: 0.1259E+01   max: 0.1242E+02   C at   70  2   RLX: 0.053
       a = 14.000      CL =  2.3126
      Cm = -0.4429     CD =  0.26085   =>   CDf =  0.00418    CDp =  0.25668

 MRCHDU: Convergence failed at  93  side 2    Res =  0.2713E-01
 Side 1  free  transition at x/c =  0.0503   27
 Side 2 forced transition at x/c =  1.0000   71

  76   rms: 0.1323E+01   max: 0.1115E+02   C at   71  2   RLX: 0.048
       a = 14.000      CL =  2.2448
      Cm = -0.4197     CD =  0.26650   =>   CDf =  0.00410    CDp =  0.26241

 MRCHDU: Convergence failed at  93  side 2    Res =  0.2058E+00
 Side 1  free  transition at x/c =  0.0499   26
 Side 2 forced transition at x/c =  1.0000   71
 idif Ue xi dudx           1  9.51041058E-02  5.42628765E-03   17.526550    
 Uenew xinew           2  8.53072479E-03  4.86731529E-04

  77   rms: 0.1868E+01   max: -.4297E+01   T at   92  2   RLX: 0.116
       a = 14.000      CL =  1.8579
      Cm = -0.3391     CD =  0.64426   =>   CDf =  0.00450    CDp =  0.63975

 Side 1  free  transition at x/c =  0.0652   27
 Side 2 forced transition at x/c =  1.0000   72

  78   rms: 0.1353E+01   max: -.1256E+02   T at    2  2   RLX: 0.040
       a = 14.000      CL =  1.7171
      Cm = -0.2940     CD =  1.27014   =>   CDf =  0.00427    CDp =  1.26587

 Side 1  free  transition at x/c =  0.0652   27
 Side 2 forced transition at x/c =  1.0000   72

  79   rms: 0.1096E+01   max: 0.5263E+01   C at   72  2   RLX: 0.189
       a = 14.000      CL =  1.3432
      Cm = -0.2100     CD =  1.53128   =>   CDf =  0.00427    CDp =  1.52701

 Side 1  free  transition at x/c =  0.0510   26
 Side 2 forced transition at x/c =  1.0000   72

  80   rms: 0.1535E+02   max: -.1065E+03   T at   90  2   RLX: 0.005
       a = 14.000      CL =  1.3222
      Cm = -0.2078     CD =  5.19655   =>   CDf =  0.00431    CDp =  5.19224

 MRCHDU: Convergence failed at  85  side 1    Res =  0.1361E-01
 Side 1  free  transition at x/c =  0.0510   26
 Side 2 forced transition at x/c =  1.0000   72

  81   rms: 0.3678E+02   max: 0.3111E+03   T at   90  2   RLX: 0.005
       a = 14.000      CL =  1.3438
      Cm = -0.2098     CD =  3.68471   =>   CDf =  0.00430    CDp =  3.68041

 Side 1  free  transition at x/c =  0.0498   25
 Side 2 forced transition at x/c =  1.0000   72

  82   rms: 0.6266E+01   max: 0.3952E+02   T at   90  2   RLX: 0.038
       a = 14.000      CL =  1.3295
      Cm = -0.2043     CD =  1.66683   =>   CDf =  0.00436    CDp =  1.66247

 MRCHDU: Convergence failed at  85  side 1    Res =  0.2453E+00
 MRCHDU: Convergence failed at  86  side 1    Res =  0.3058E-01
 Side 1  free  transition at x/c =  0.0491   25
 Side 2 forced transition at x/c =  1.0000   72

  83   rms: 0.5500E+01   max: 0.3119E+02   T at   90  2   RLX: 0.048
       a = 14.000      CL =  1.3555
      Cm = -0.2019     CD =  0.97861   =>   CDf =  0.00437    CDp =  0.97424

 MRCHDU: Convergence failed at  85  side 1    Res =  0.3209E-01
 MRCHDU: Convergence failed at  87  side 1    Res =  0.8296E-01
 Side 1  free  transition at x/c =  0.0449   25
 Side 2 forced transition at x/c =  1.0000   72

  84   rms: 0.5175E+02   max: 0.3190E+03   T at   94  2   RLX: 0.002
       a = 14.000      CL =  1.4407
      Cm = -0.2199     CD =  0.71952   =>   CDf =  0.00436    CDp =  0.71516

 MRCHDU: Convergence failed at  85  side 1    Res =  0.2626E-01
 Side 1  free  transition at x/c =  0.0441   25
 Side 2 forced transition at x/c =  1.0000   72

  85   rms: 0.6768E+01   max: -.4839E+02   T at   92  2   RLX: 0.010
       a = 14.000      CL =  1.4182
      Cm = -0.2168     CD =  0.45207   =>   CDf =  0.00434    CDp =  0.44774

 MRCHDU: Convergence failed at  85  side 1    Res =  0.7121E+00
 Side 1  free  transition at x/c =  0.0435   25
 Side 2 forced transition at x/c =  1.0000   72

  86   rms: 0.1221E+01   max: 0.1201E+02   C at   72  2   RLX: 0.125
       a = 14.000      CL =  1.2610
      Cm = -0.1807     CD =  0.52484   =>   CDf =  0.00437    CDp =  0.52047

 MRCHDU: Convergence failed at  85  side 1    Res =  0.2370E-01
 MRCHDU: Convergence failed at  72  side 2    Res =  0.1237E+01
 Side 1  free  transition at x/c =  0.0440   25
 Side 2 forced transition at x/c =  1.0000   72

  87   rms: 0.1460E+01   max: -.1959E+02   C at   72  2   RLX: 0.026
       a = 14.000      CL =  1.2272
      Cm = -0.1716     CD =  0.42596   =>   CDf =  0.00446    CDp =  0.42150

 MRCHDU: Convergence failed at  85  side 1    Res =  0.1283E-01
 MRCHDU: Convergence failed at  87  side 1    Res =  0.3804E-01
 Side 1  free  transition at x/c =  0.0442   25
 Side 2 forced transition at x/c =  1.0000   72

  88   rms: 0.1632E+02   max: -.1062E+03   C at   72  2   RLX: 0.005
       a = 14.000      CL =  1.2159
      Cm = -0.1760     CD =  0.53854   =>   CDf =  0.00441    CDp =  0.53413

 MRCHDU: Convergence failed at  90  side 2    Res =  0.1583E+01
 MRCHDU: Convergence failed at  91  side 2    Res =  0.1566E+02
 MRCHDU: Convergence failed at  92  side 2    Res =  0.1602E+03
 MRCHDU: Convergence failed at  93  side 2    Res =  0.2520E+01
 MRCHDU: Convergence failed at  94  side 2    Res =  0.7103E+01
 Side 1  free  transition at x/c =  0.0444   25
 Side 2 forced transition at x/c =  1.0000   72

  89   rms: 0.2526E+01   max: 0.3475E+02   C at   72  2   RLX: 0.043
       a = 14.000      CL =  1.1801
      Cm = -0.1615     CD =  0.16001   =>   CDf =  0.00423    CDp =  0.15578

 Side 1  free  transition at x/c =  0.0443   25
 Side 2 forced transition at x/c =  1.0000   72

  90   rms: 0.5516E+01   max: -.3176E+02   C at   87  1   RLX: 0.016
       a = 14.000      CL =  1.1574
      Cm = -0.1575     CD =  0.17194   =>   CDf =  0.00438    CDp =  0.16756

 Side 1  free  transition at x/c =  0.0443   25
 Side 2 forced transition at x/c =  1.0000   72

  91   rms: 0.9505E+01   max: -.5180E+02   C at   87  1   RLX: 0.010
       a = 14.000      CL =  1.1481
      Cm = -0.1551     CD =  0.17002   =>   CDf =  0.00433    CDp =  0.16569

 Side 1  free  transition at x/c =  0.0443   25
 Side 2 forced transition at x/c =  1.0000   72

  92   rms: 0.1499E+02   max: -.8029E+02   C at   90  1   RLX: 0.006
       a = 14.000      CL =  1.1429
      Cm = -0.1533     CD =  0.16972   =>   CDf =  0.00433    CDp =  0.16539

 Side 1  free  transition at x/c =  0.0443   25
 Side 2 forced transition at x/c =  1.0000   72

  93   rms: 0.3855E+02   max: 0.2087E+03   C at   87  1   RLX: 0.007
       a = 14.000      CL =  1.1382
      Cm = -0.1511     CD =  0.16907   =>   CDf =  0.00434    CDp =  0.16473

 Side 1  free  transition at x/c =  0.0444   25
 Side 2 forced transition at x/c =  1.0000   72

  94   rms: 0.4125E+01   max: 0.3177E+02   C at   72  2   RLX: 0.047
       a = 14.000      CL =  1.1068
      Cm = -0.1382     CD =  0.16267   =>   CDf =  0.00437    CDp =  0.15830

 Side 1  free  transition at x/c =  0.0444   25
 Side 2 forced transition at x/c =  1.0000   72

  95   rms: 0.6572E+01   max: -.3433E+02   C at   88  2   RLX: 0.015
       a = 14.000      CL =  1.0950
      Cm = -0.1340     CD =  0.16783   =>   CDf =  0.00448    CDp =  0.16335

 Side 1  free  transition at x/c =  0.0445   25
 Side 2 forced transition at x/c =  1.0000   72

  96   rms: 0.1009E+02   max: -.5314E+02   C at   90  1   RLX: 0.009
       a = 14.000      CL =  1.0887
      Cm = -0.1317     CD =  0.16890   =>   CDf =  0.00450    CDp =  0.16439

 Side 1  free  transition at x/c =  0.0445   25
 Side 2 forced transition at x/c =  1.0000   72

  97   rms: 0.1449E+02   max: -.7659E+02   C at   90  1   RLX: 0.007
       a = 14.000      CL =  1.0846
      Cm = -0.1302     CD =  0.16945   =>   CDf =  0.00451    CDp =  0.16494

 Side 1  free  transition at x/c =  0.0445   25
 Side 2 forced transition at x/c =  1.0000   72

  98   rms: 0.2537E+02   max: -.1375E+03   C at   90  1   RLX: 0.004
       a = 14.000      CL =  1.0824
      Cm = -0.1293     CD =  0.17028   =>   CDf =  0.00452    CDp =  0.16575

 Side 1  free  transition at x/c =  0.0445   25
 Side 2 forced transition at x/c =  1.0000   72

  99   rms: 0.1579E+02   max: -.8868E+02   C at   90  1   RLX: 0.006
       a = 14.000      CL =  1.0794
      Cm = -0.1281     CD =  0.16971   =>   CDf =  0.00453    CDp =  0.16518

 Side 1  free  transition at x/c =  0.0446   25
 Side 2 forced transition at x/c =  1.0000   72

 100   rms: 0.1079E+02   max: -.6665E+02   C at   86  1   RLX: 0.008
       a = 14.000      CL =  1.0753
      Cm = -0.1265     CD =  0.16943   =>   CDf =  0.00454    CDp =  0.16489

 Side 1  free  transition at x/c =  0.0446   25
 Side 2 forced transition at x/c =  1.0000   72

 101   rms: 0.1290E+02   max: -.8465E+02   C at   90  1   RLX: 0.006
       a = 14.000      CL =  1.0721
      Cm = -0.1251     CD =  0.16993   =>   CDf =  0.00455    CDp =  0.16538

 Side 1  free  transition at x/c =  0.0446   25
 Side 2 forced transition at x/c =  1.0000   72

 102   rms: 0.1098E+02   max: -.8598E+02   C at   90  1   RLX: 0.006
       a = 14.000      CL =  1.0690
      Cm = -0.1239     CD =  0.17037   =>   CDf =  0.00456    CDp =  0.16581

 Side 1  free  transition at x/c =  0.0446   25
 Side 2 forced transition at x/c =  1.0000   72

 103   rms: 0.1236E+02   max: -.1173E+03   C at   86  1   RLX: 0.004
       a = 14.000      CL =  1.0667
      Cm = -0.1230     CD =  0.17089   =>   CDf =  0.00457    CDp =  0.16632

 Side 1  free  transition at x/c =  0.0446   25
 Side 2 forced transition at x/c =  1.0000   72

 104   rms: 0.2831E+02   max: -.2681E+03   C at   90  1   RLX: 0.002
       a = 14.000      CL =  1.0657
      Cm = -0.1226     CD =  0.17164   =>   CDf =  0.00457    CDp =  0.16706

 Side 1  free  transition at x/c =  0.0446   25
 Side 2 forced transition at x/c =  1.0000   72

 105   rms: 0.4037E+02   max: -.4217E+03   C at   90  1   RLX: 0.001
       a = 14.000      CL =  1.0650
      Cm = -0.1223     CD =  0.17185   =>   CDf =  0.00458    CDp =  0.16727

 Side 1  free  transition at x/c =  0.0446   25
 Side 2 forced transition at x/c =  1.0000   72

 106   rms: 0.4237E+02   max: -.4732E+03   C at   90  1   RLX: 0.001
       a = 14.000      CL =  1.0645
      Cm = -0.1221     CD =  0.17191   =>   CDf =  0.00458    CDp =  0.16734

 Side 1  free  transition at x/c =  0.0446   25
 Side 2 forced transition at x/c =  1.0000   72

 107   rms: 0.5184E+02   max: -.6005E+03   C at   90  1   RLX: 0.001
       a = 14.000      CL =  1.0641
      Cm = -0.1220     CD =  0.17203   =>   CDf =  0.00458    CDp =  0.16745

 Side 1  free  transition at x/c =  0.0446   25
 Side 2 forced transition at x/c =  1.0000   72

 108   rms: 0.6796E+02   max: -.7902E+03   C at   90  1   RLX: 0.001
       a = 14.000      CL =  1.0638
      Cm = -0.1218     CD =  0.17209   =>   CDf =  0.00458    CDp =  0.16751

 Side 1  free  transition at x/c =  0.0446   25
 Side 2 forced transition at x/c =  1.0000   72

 109   rms: 0.9630E+02   max: -.1101E+04   C at   90  1   RLX: 0.000
       a = 14.000      CL =  1.0635
      Cm = -0.1217     CD =  0.17214   =>   CDf =  0.00458    CDp =  0.16756

 Side 1  free  transition at x/c =  0.0447   25
 Side 2 forced transition at x/c =  1.0000   72

 110   rms: 0.8598E+02   max: -.9782E+03   C at   90  1   RLX: 0.001
       a = 14.000      CL =  1.0633
      Cm = -0.1216     CD =  0.17213   =>   CDf =  0.00458    CDp =  0.16755

 Side 1  free  transition at x/c =  0.0447   25
 Side 2 forced transition at x/c =  1.0000   72

 111   rms: 0.1063E+03   max: -.1207E+04   C at   90  1   RLX: 0.000
       a = 14.000      CL =  1.0631
      Cm = -0.1216     CD =  0.17217   =>   CDf =  0.00458    CDp =  0.16758

 Side 1  free  transition at x/c =  0.0447   25
 Side 2 forced transition at x/c =  1.0000   72

 112   rms: 0.1202E+03   max: -.1358E+04   C at   90  1   RLX: 0.000
       a = 14.000      CL =  1.0629
      Cm = -0.1215     CD =  0.17218   =>   CDf =  0.00458    CDp =  0.16760

 Side 1  free  transition at x/c =  0.0447   25
 Side 2 forced transition at x/c =  1.0000   72

 113   rms: 0.1235E+03   max: -.1413E+04   C at   90  1   RLX: 0.000
       a = 14.000      CL =  1.0627
      Cm = -0.1214     CD =  0.17221   =>   CDf =  0.00458    CDp =  0.16762

 Side 1  free  transition at x/c =  0.0447   25
 Side 2 forced transition at x/c =  1.0000   72

 114   rms: 0.1158E+03   max: -.1323E+04   C at   90  1   RLX: 0.000
       a = 14.000      CL =  1.0625
      Cm = -0.1213     CD =  0.17221   =>   CDf =  0.00458    CDp =  0.16762

 Side 1  free  transition at x/c =  0.0447   25
 Side 2 forced transition at x/c =  1.0000   72

 115   rms: 0.1211E+03   max: -.1370E+04   C at   90  1   RLX: 0.000
       a = 14.000      CL =  1.0623
      Cm = -0.1213     CD =  0.17221   =>   CDf =  0.00458    CDp =  0.16763

 Side 1  free  transition at x/c =  0.0447   25
 Side 2 forced transition at x/c =  1.0000   72

 116   rms: 0.1166E+03   max: -.1310E+04   C at   90  1   RLX: 0.000
       a = 14.000      CL =  1.0621
      Cm = -0.1212     CD =  0.17221   =>   CDf =  0.00459    CDp =  0.16762

 MRCHDU: Convergence failed at  87  side 1    Res =  0.2382E-01
 Side 1  free  transition at x/c =  0.0447   25
 Side 2 forced transition at x/c =  1.0000   72

 117   rms: 0.1400E+03   max: -.1577E+04   C at   90  1   RLX: 0.000
       a = 14.000      CL =  1.0620
      Cm = -0.1211     CD =  0.17224   =>   CDf =  0.00459    CDp =  0.16766

 MRCHDU: Convergence failed at  87  side 1    Res =  0.7564E-01
 Side 1  free  transition at x/c =  0.0447   25
 Side 2 forced transition at x/c =  1.0000   72

 118   rms: 0.1038E+03   max: -.1167E+04   C at   90  1   RLX: 0.000
       a = 14.000      CL =  1.0618
      Cm = -0.1210     CD =  0.17222   =>   CDf =  0.00459    CDp =  0.16764

 MRCHDU: Convergence failed at  87  side 1    Res =  0.1271E+00
 Side 1  free  transition at x/c =  0.0447   25
 Side 2 forced transition at x/c =  1.0000   72

 119   rms: 0.1590E+03   max: -.1763E+04   C at   90  1   RLX: 0.000
       a = 14.000      CL =  1.0617
      Cm = -0.1210     CD =  0.17296   =>   CDf =  0.00459    CDp =  0.16838

 Side 1  free  transition at x/c =  0.0447   25
 Side 2 forced transition at x/c =  1.0000   72

 120   rms: 0.1309E+03   max: -.1453E+04   C at   90  1   RLX: 0.000
       a = 14.000      CL =  1.0615
      Cm = -0.1210     CD =  0.17213   =>   CDf =  0.00459    CDp =  0.16754

 Side 1  free  transition at x/c =  0.0447   25
 Side 2 forced transition at x/c =  1.0000   72

 121   rms: 0.1394E+03   max: -.1547E+04   C at   90  1   RLX: 0.000
       a = 14.000      CL =  1.0614
      Cm = -0.1209     CD =  0.17214   =>   CDf =  0.00459    CDp =  0.16755

 MRCHDU: Convergence failed at  87  side 1    Res =  0.1764E-01
 Side 1  free  transition at x/c =  0.0447   25
 Side 2 forced transition at x/c =  1.0000   72

 122   rms: 0.1321E+03   max: -.1467E+04   C at   90  1   RLX: 0.000
       a = 14.000      CL =  1.0612
      Cm = -0.1208     CD =  0.17216   =>   CDf =  0.00459    CDp =  0.16757

 MRCHDU: Convergence failed at  86  side 1    Res =  0.3161E-01
 MRCHDU: Convergence failed at  87  side 1    Res =  0.3744E-01
 Side 1  free  transition at x/c =  0.0447   25
 Side 2 forced transition at x/c =  1.0000   72

 123   rms: 0.2061E+03   max: -.2287E+04   C at   90  1   RLX: 0.000
       a = 14.000      CL =  1.0611
      Cm = -0.1208     CD =  0.17220   =>   CDf =  0.00459    CDp =  0.16761

 MRCHDU: Convergence failed at  85  side 1    Res =  0.4487E-02
 MRCHDU: Convergence failed at  86  side 1    Res =  0.7842E-01
 MRCHDU: Convergence failed at  87  side 1    Res =  0.3750E-01
 Side 1  free  transition at x/c =  0.0447   25
 Side 2 forced transition at x/c =  1.0000   72

 124   rms: 0.1627E+03   max: -.1805E+04   C at   90  1   RLX: 0.000
       a = 14.000      CL =  1.0610
      Cm = -0.1207     CD =  0.17218   =>   CDf =  0.00459    CDp =  0.16759

 MRCHDU: Convergence failed at  85  side 1    Res =  0.5571E-01
 MRCHDU: Convergence failed at  86  side 1    Res =  0.7852E-01
 MRCHDU: Convergence failed at  87  side 1    Res =  0.3754E-01
 Side 1  free  transition at x/c =  0.0447   25
 Side 2 forced transition at x/c =  1.0000   72

 125   rms: 0.1633E+03   max: -.1811E+04   C at   90  1   RLX: 0.000
       a = 14.000      CL =  1.0608
      Cm = -0.1207     CD =  0.17219   =>   CDf =  0.00459    CDp =  0.16760

 MRCHDU: Convergence failed at  85  side 1    Res =  0.1068E+00
 Side 1  free  transition at x/c =  0.0447   25
 Side 2 forced transition at x/c =  1.0000   72

 126   rms: 0.6750E+01   max: 0.4806E+02   C at   87  1   RLX: 0.031
       a = 14.000      CL =  1.0795
      Cm = -0.1231     CD =  0.41101   =>   CDf =  0.00459    CDp =  0.40642

 Side 1  free  transition at x/c =  0.0449   25
 Side 2 forced transition at x/c =  1.0000   72

 127   rms: 0.7519E+00   max: 0.1594E+02   C at   72  2   RLX: 0.094
       a = 14.000      CL =  1.0303
      Cm = -0.1081     CD =  0.22362   =>   CDf =  0.00461    CDp =  0.21901

 Side 1  free  transition at x/c =  0.0452   25
 Side 2 forced transition at x/c =  1.0000   72

 128   rms: 0.6768E+00   max: 0.1334E+02   C at   72  2   RLX: 0.112
       a = 14.000      CL =  0.9653
      Cm = -0.0891     CD =  0.22670   =>   CDf =  0.00467    CDp =  0.22203

 Side 1  free  transition at x/c =  0.0456   25
 Side 2 forced transition at x/c =  1.0000   72

 129   rms: 0.6301E+00   max: 0.1182E+02   C at   72  2   RLX: 0.127
       a = 14.000      CL =  0.8973
      Cm = -0.0697     CD =  0.22497   =>   CDf =  0.00471    CDp =  0.22026

 Side 1  free  transition at x/c =  0.0459   25
 Side 2 forced transition at x/c =  1.0000   72

 130   rms: 0.6026E+00   max: 0.1080E+02   C at   72  2   RLX: 0.139
       a = 14.000      CL =  0.8305
      Cm = -0.0517     CD =  0.22739   =>   CDf =  0.00473    CDp =  0.22266

 Side 1  free  transition at x/c =  0.0464   25
 Side 2 forced transition at x/c =  1.0000   72

 131   rms: 0.5774E+00   max: 0.9433E+01   C at   72  2   RLX: 0.159
       a = 14.000      CL =  0.7600
      Cm = -0.0329     CD =  0.21673   =>   CDf =  0.00472    CDp =  0.21201

 Side 1  free  transition at x/c =  0.0468   25
 Side 2 forced transition at x/c =  1.0000   72
 idif Ue xi dudx           1  0.15459961      4.26566601E-03   36.242783    
 Uenew xinew           2  2.95520574E-03  8.15391541E-05

 132   rms: 0.5377E+00   max: 0.7756E+01   C at   72  2   RLX: 0.193
       a = 14.000      CL =  0.6786
      Cm = -0.0111     CD =  0.20611   =>   CDf =  0.00496    CDp =  0.20115

 MRCHDU: Convergence failed at  73  side 2    Res =  0.3665E+00
 Side 1  free  transition at x/c =  0.0474   24
 Side 2 forced transition at x/c =  1.0000   73

 133   rms: 0.5899E+00   max: -.8609E+01   C at   73  2   RLX: 0.058
       a = 14.000      CL =  0.6463
      Cm = -0.0003     CD =  0.26854   =>   CDf =  0.00481    CDp =  0.26373

 Side 1  free  transition at x/c =  0.0475   24
 Side 2 forced transition at x/c =  1.0000   73

 134   rms: 0.8139E+00   max: 0.1817E+02   C at   73  2   RLX: 0.083
       a = 14.000      CL =  0.6216
      Cm =  0.0058     CD =  0.25381   =>   CDf =  0.00478    CDp =  0.24903

 Side 1  free  transition at x/c =  0.0477   24
 Side 2 forced transition at x/c =  1.0000   73

 135   rms: 0.7295E+00   max: 0.1549E+02   C at   73  2   RLX: 0.097
       a = 14.000      CL =  0.5974
      Cm =  0.0117     CD =  0.24257   =>   CDf =  0.00474    CDp =  0.23783

 Side 1  free  transition at x/c =  0.0479   24
 Side 2 forced transition at x/c =  1.0000   73

 136   rms: 0.6177E+00   max: 0.1159E+02   C at   73  2   RLX: 0.129
       a = 14.000      CL =  0.5711
      Cm =  0.0177     CD =  0.22111   =>   CDf =  0.00470    CDp =  0.21641

 Side 1  free  transition at x/c =  0.0482   24
 Side 2 forced transition at x/c =  1.0000   73

 137   rms: 0.5180E+00   max: 0.8251E+01   C at   73  2   RLX: 0.182
       a = 14.000      CL =  0.5451
      Cm =  0.0232     CD =  0.19509   =>   CDf =  0.00462    CDp =  0.19047

 Side 1  free  transition at x/c =  0.0485   24
 Side 2 forced transition at x/c =  1.0000   73

 138   rms: 0.4160E+00   max: 0.5201E+01   C at   73  2   RLX: 0.288
       a = 14.000      CL =  0.5233
      Cm =  0.0272     CD =  0.15348   =>   CDf =  0.00450    CDp =  0.14897

 Side 1  free  transition at x/c =  0.0490   24
 Side 2 forced transition at x/c =  1.0000   73

 139   rms: 0.3333E+00   max: 0.2865E+01   C at   73  2   RLX: 0.323
       a = 14.000      CL =  0.5151
      Cm =  0.0293     CD =  0.14284   =>   CDf =  0.00403    CDp =  0.13881

 Side 1  free  transition at x/c =  0.0494   25
 Side 2 forced transition at x/c =  1.0000   72

 140   rms: 0.2668E+00   max: 0.2101E+01   C at   72  2   RLX: 0.679
       a = 14.000      CL =  0.5258
      Cm =  0.0242     CD =  0.10751   =>   CDf =  0.00410    CDp =  0.10340

 Side 1  free  transition at x/c =  0.0497   25
 Side 2 forced transition at x/c =  1.0000   72

 141   rms: 0.1499E+00   max: -.6151E+00   D at   92  2   RLX: 0.813
       a = 14.000      CL =  0.5818
      Cm =  0.0098     CD =  0.15439   =>   CDf =  0.00369    CDp =  0.15071

 Side 1  free  transition at x/c =  0.0462   25
 Side 2 forced transition at x/c =  1.0000   72

 142   rms: 0.1957E+00   max: 0.8976E+00   D at   26  1
       a = 14.000      CL =  0.6526
      Cm = -0.0214     CD =  0.17707   =>   CDf =  0.00336    CDp =  0.17371

 Side 1  free  transition at x/c =  0.0404   25
 Side 2 forced transition at x/c =  1.0000   72

 143   rms: 0.1555E+01   max: -.6795E+01   T at   25  1   RLX: 0.074
       a = 14.000      CL =  0.6241
      Cm = -0.0369     CD =  0.17913   =>   CDf =  0.00327    CDp =  0.17586

 Side 1  free  transition at x/c =  0.0406   25
 Side 2 forced transition at x/c =  1.0000   72
 idif Ue xi dudx           1  0.13435714      4.44436073E-03   30.230927    
 Uenew xinew           2  7.86711089E-03  2.60233879E-04

 144   rms: 0.2541E+00   max: -.1590E+01   T at   25  1   RLX: 0.314
       a = 14.000      CL =  0.6207
      Cm = -0.0386     CD =  0.17090   =>   CDf =  0.00343    CDp =  0.16747

 Side 1  free  transition at x/c =  0.0410   24
 Side 2 forced transition at x/c =  1.0000   73

 145   rms: 0.1884E+00   max: -.1011E+01   T at   24  1   RLX: 0.495
       a = 14.000      CL =  0.6017
      Cm = -0.0330     CD =  0.16085   =>   CDf =  0.00338    CDp =  0.15747

 Side 1  free  transition at x/c =  0.0418   24
 Side 2 forced transition at x/c =  1.0000   73

 146   rms: 0.1473E+00   max: -.8121E+00   D at   24  1   RLX: 0.616
       a = 14.000      CL =  0.5865
      Cm = -0.0235     CD =  0.15551   =>   CDf =  0.00340    CDp =  0.15210

 Side 1  free  transition at x/c =  0.0430   24
 Side 2 forced transition at x/c =  1.0000   73

 147   rms: 0.1232E+00   max: -.6559E+00   D at   24  1   RLX: 0.762
       a = 14.000      CL =  0.5972
      Cm = -0.0145     CD =  0.15181   =>   CDf =  0.00328    CDp =  0.14853

 Side 1  free  transition at x/c =  0.0434   25
 Side 2 forced transition at x/c =  1.0000   72

 148   rms: 0.9242E-01   max: -.2559E+00   D at   93  2
       a = 14.000      CL =  0.6479
      Cm = -0.0144     CD =  0.14622   =>   CDf =  0.00333    CDp =  0.14288

 Side 1  free  transition at x/c =  0.0430   25
 Side 2 forced transition at x/c =  1.0000   72

 149   rms: 0.2824E-01   max: -.1229E+00   D at   92  2
       a = 14.000      CL =  0.6658
      Cm = -0.0148     CD =  0.15010   =>   CDf =  0.00326    CDp =  0.14685

 Side 1  free  transition at x/c =  0.0426   25
 Side 2 forced transition at x/c =  1.0000   72

 150   rms: 0.1906E-02   max: -.1321E-01   D at   92  2
       a = 14.000      CL =  0.6658
      Cm = -0.0148     CD =  0.15071   =>   CDf =  0.00323    CDp =  0.14747

 Side 1  free  transition at x/c =  0.0426   25
 Side 2 forced transition at x/c =  1.0000   72

 151   rms: 0.4369E-03   max: 0.1645E-02   T at   25  1
       a = 14.000      CL =  0.6660
      Cm = -0.0148     CD =  0.15078   =>   CDf =  0.00323    CDp =  0.14755

 Side 1  free  transition at x/c =  0.0426   25
 Side 2 forced transition at x/c =  1.0000   72

 152   rms: 0.3949E-04   max: 0.2665E-03   C at   72  2
       a = 14.000      CL =  0.6661
      Cm = -0.0148     CD =  0.15081   =>   CDf =  0.00323    CDp =  0.14758
 plradd ia,ip,cpol           46           0  9.20196064E-04

 Point added to stored polar  1
 Point written to save file  fx76100_Re300k.base.pol                         
 Dump file unspecified or not available
 Calculating wake trajectory ...
 Calculating source influence matrix ...

 Solving BL system ...

 Side 1  free  transition at x/c =  0.0426   25
 Side 2 forced transition at x/c =  1.0000   72

   1   rms: 0.3650E-01   max: 0.3518E+00   T at   25  1   RLX: 0.499
       a = 14.250      CL =  0.6709
      Cm = -0.0147     CD =  0.15196   =>   CDf =  0.00323    CDp =  0.14873

 Side 1  free  transition at x/c =  0.0419   25
 Side 2 forced transition at x/c =  1.0000   72

   2   rms: 0.2347E-01   max: 0.1593E+00   T at   25  1
       a = 14.250      CL =  0.6765
      Cm = -0.0139     CD =  0.15165   =>   CDf =  0.00323    CDp =  0.14842

 Side 1  free  transition at x/c =  0.0414   25
 Side 2 forced transition at x/c =  1.0000   72

   3   rms: 0.5213E-02   max: -.1998E-01   D at   25  1
       a = 14.250      CL =  0.6777
      Cm = -0.0138     CD =  0.15161   =>   CDf =  0.00322    CDp =  0.14839

 Side 1  free  transition at x/c =  0.0414   25
 Side 2 forced transition at x/c =  1.0000   72

   4   rms: 0.1729E-02   max: 0.6562E-02   T at   25  1
       a = 14.250      CL =  0.6787
      Cm = -0.0138     CD =  0.15205   =>   CDf =  0.00322    CDp =  0.14883

 Side 1  free  transition at x/c =  0.0413   25
 Side 2 forced transition at x/c =  1.0000   72

   5   rms: 0.1275E-03   max: 0.9161E-03   C at   72  2
       a = 14.250      CL =  0.6787
      Cm = -0.0138     CD =  0.15214   =>   CDf =  0.00322    CDp =  0.14892

 Side 1  free  transition at x/c =  0.0413   25
 Side 2 forced transition at x/c =  1.0000   72

   6   rms: 0.4839E-05   max: 0.4342E-04   C at   72  2
       a = 14.250      CL =  0.6787
      Cm = -0.0138     CD =  0.15215   =>   CDf =  0.00322    CDp =  0.14893
 plradd ia,ip,cpol           47           0  3.26146168E-04

 Point added to stored polar  1
 Point written to save file  fx76100_Re300k.base.pol                         
 Dump file unspecified or not available
 Calculating wake trajectory ...
 Calculating source influence matrix ...

 Solving BL system ...

 Side 1  free  transition at x/c =  0.0413   25
 Side 2 forced transition at x/c =  1.0000   72

   1   rms: 0.2551E-01   max: 0.1710E+00   T at   25  1   RLX: 0.489
       a = 14.500      CL =  0.6821
      Cm = -0.0141     CD =  0.15425   =>   CDf =  0.00307    CDp =  0.15118

 Side 1  free  transition at x/c =  0.0411   26
 Side 2 forced transition at x/c =  1.0000   71

   2   rms: 0.1941E-01   max: 0.2266E+00   D at    2  1
       a = 14.500      CL =  0.6853
      Cm = -0.0141     CD =  0.15550   =>   CDf =  0.00320    CDp =  0.15230

 Side 1  free  transition at x/c =  0.0409   26
 Side 2 forced transition at x/c =  1.0000   71

   3   rms: 0.4361E-02   max: -.1834E-01   D at   26  1
       a = 14.500      CL =  0.6848
      Cm = -0.0140     CD =  0.15490   =>   CDf =  0.00320    CDp =  0.15169

 Side 1  free  transition at x/c =  0.0409   26
 Side 2 forced transition at x/c =  1.0000   71

   4   rms: 0.1838E-02   max: 0.7916E-02   T at   26  1
       a = 14.500      CL =  0.6857
      Cm = -0.0139     CD =  0.15524   =>   CDf =  0.00320    CDp =  0.15204

 Side 1  free  transition at x/c =  0.0409   26
 Side 2 forced transition at x/c =  1.0000   71

   5   rms: 0.1869E-03   max: 0.1000E-02   C at   71  2
       a = 14.500      CL =  0.6858
      Cm = -0.0140     CD =  0.15534   =>   CDf =  0.00320    CDp =  0.15214

 Side 1  free  transition at x/c =  0.0409   26
 Side 2 forced transition at x/c =  1.0000   71

   6   rms: 0.1866E-04   max: 0.9996E-04   C at   71  2
       a = 14.500      CL =  0.6858
      Cm = -0.0140     CD =  0.15535   =>   CDf =  0.00320    CDp =  0.15215
 plradd ia,ip,cpol           48           0  3.26146168E-04

 Point added to stored polar  1
 Point written to save file  fx76100_Re300k.base.pol                         
 Dump file unspecified or not available
 Calculating wake trajectory ...
 Calculating source influence matrix ...

 Solving BL system ...

 Side 1  free  transition at x/c =  0.0409   26
 Side 2 forced transition at x/c =  1.0000   71

   1   rms: 0.4060E-01   max: 0.2715E+00   T at   26  1   RLX: 0.480
       a = 14.750      CL =  0.6895
      Cm = -0.0137     CD =  0.15698   =>   CDf =  0.00320    CDp =  0.15378

 Side 1  free  transition at x/c =  0.0406   26
 Side 2 forced transition at x/c =  1.0000   71

   2   rms: 0.1296E+00   max: 0.1242E+01   T at   26  1
       a = 14.750      CL =  0.6652
      Cm = -0.0126     CD =  0.17027   =>   CDf =  0.00319    CDp =  0.16707

 Side 1  free  transition at x/c =  0.0398   25
 Side 2 forced transition at x/c =  1.0000   71

   3   rms: 0.1458E+01   max: 0.6318E+01   D at   27  1   RLX: 0.237
       a = 14.750      CL =  0.7724
      Cm =  0.0341     CD =  0.04922   =>   CDf =  0.00601    CDp =  0.04321

 MRCHDU: Convergence failed at  28  side 1    Res =  0.1866E+01
 MRCHDU: Convergence failed at  29  side 1    Res =  0.5231E+01
 MRCHDU: Convergence failed at  30  side 1    Res =  0.4009E+01
 MRCHDU: Convergence failed at  31  side 1    Res =  0.5963E+01
 MRCHDU: Convergence failed at  32  side 1    Res =  0.1345E+02
 MRCHDU: Convergence failed at  33  side 1    Res =  0.7302E+01
 MRCHDU: Convergence failed at  34  side 1    Res =  0.7412E+01
 MRCHDU: Convergence failed at  35  side 1    Res =  0.3615E+04
 MRCHDU: Convergence failed at  36  side 1    Res =  0.7111E+02
 MRCHDU: Convergence failed at  37  side 1    Res =  0.5852E+02
 MRCHDU: Convergence failed at  38  side 1    Res =  0.3712E+03
 MRCHDU: Convergence failed at  39  side 1    Res =  0.1106E+03
 MRCHDU: Convergence failed at  40  side 1    Res =  0.6037E+02
 MRCHDU: Convergence failed at  41  side 1    Res =  0.2713E+02
 MRCHDU: Convergence failed at  42  side 1    Res =  0.2287E+02
 MRCHDU: Convergence failed at  43  side 1    Res =  0.1281E+03
 MRCHDU: Convergence failed at  44  side 1    Res =  0.3412E+02
 MRCHDU: Convergence failed at  45  side 1    Res =  0.3434E+02
 MRCHDU: Convergence failed at  46  side 1    Res =  0.2387E+02
 MRCHDU: Convergence failed at  47  side 1    Res =  0.2519E+02
 MRCHDU: Convergence failed at  48  side 1    Res =  0.2759E+02
 MRCHDU: Convergence failed at  49  side 1    Res =  0.7350E+03
 MRCHDU: Convergence failed at  50  side 1    Res =  0.2874E+02
 MRCHDU: Convergence failed at  51  side 1    Res =  0.2954E+02
 MRCHDU: Convergence failed at  52  side 1    Res =  0.2743E+02
 MRCHDU: Convergence failed at  53  side 1    Res =  0.2264E+02
 MRCHDU: Convergence failed at  54  side 1    Res =  0.1024E+03
 MRCHDU: Convergence failed at  55  side 1    Res =  0.4177E+02
 MRCHDU: Convergence failed at  56  side 1    Res =  0.4346E+02
 MRCHDU: Convergence failed at  57  side 1    Res =  0.3676E+02
 MRCHDU: Convergence failed at  58  side 1    Res =  0.4696E+02
 MRCHDU: Convergence failed at  59  side 1    Res =  0.3285E+02
 MRCHDU: Convergence failed at  60  side 1    Res =  0.4397E+02
 MRCHDU: Convergence failed at  61  side 1    Res =  0.1355E+03
 MRCHDU: Convergence failed at  62  side 1    Res =  0.2168E+03
 MRCHDU: Convergence failed at  63  side 1    Res =  0.2037E+03
 MRCHDU: Convergence failed at  64  side 1    Res =  0.6290E+02
 MRCHDU: Convergence failed at  65  side 1    Res =  0.5260E+02
 MRCHDU: Convergence failed at  66  side 1    Res =  0.3460E+02
 MRCHDU: Convergence failed at  67  side 1    Res =  0.2544E+02
 MRCHDU: Convergence failed at  68  side 1    Res =  0.1745E+02
 MRCHDU: Convergence failed at  69  side 1    Res =  0.1870E+02
 MRCHDU: Convergence failed at  70  side 1    Res =  0.1362E+02
 MRCHDU: Convergence failed at  71  side 1    Res =  0.1498E+02
 MRCHDU: Convergence failed at  72  side 1    Res =  0.1634E+02
 MRCHDU: Convergence failed at  73  side 1    Res =  0.1733E+02
 MRCHDU: Convergence failed at  74  side 1    Res =  0.2136E+02
 MRCHDU: Convergence failed at  75  side 1    Res =  0.2696E+02
 MRCHDU: Convergence failed at  76  side 1    Res =  0.2773E+02
 MRCHDU: Convergence failed at  77  side 1    Res =  0.2476E+02
 MRCHDU: Convergence failed at  78  side 1    Res =  0.1690E+02
 MRCHDU: Convergence failed at  79  side 1    Res =  0.1671E+02
 MRCHDU: Convergence failed at  80  side 1    Res =  0.2467E+02
 MRCHDU: Convergence failed at  81  side 1    Res =  0.2058E+02
 MRCHDU: Convergence failed at  82  side 1    Res =  0.2604E+02
 MRCHDU: Convergence failed at  83  side 1    Res =  0.2999E+02
 MRCHDU: Convergence failed at  84  side 1    Res =  0.3480E+02
 MRCHDU: Convergence failed at  85  side 1    Res =  0.4557E+02
 MRCHDU: Convergence failed at  86  side 1    Res =  0.5126E+02
 MRCHDU: Convergence failed at  87  side 1    Res =  0.6044E+02
 MRCHDU: Convergence failed at  88  side 1    Res =  0.7685E+02
 MRCHDU: Convergence failed at  89  side 1    Res =  0.1246E+03
 MRCHDU: Convergence failed at  90  side 1    Res =  0.5601E+03
 MRCHDU: Convergence failed at  91  side 1    Res =  0.2238E+03
 MRCHDU: Convergence failed at  92  side 1    Res =  0.9943E+02
 MRCHDU: Convergence failed at  82  side 2    Res =  0.3547E+01
 MRCHDU: Convergence failed at  83  side 2    Res =  0.1096E+01
 MRCHDU: Convergence failed at  84  side 2    Res =  0.1045E+01
 MRCHDU: Convergence failed at  85  side 2    Res =  0.2175E+01
 Side 1  free  transition at x/c =  0.0367   26
 Side 2 forced transition at x/c =  1.0000   70

   4   rms: 0.2113E+01   max: 0.6199E+01   D at   92  1   RLX: 0.242
       a = 14.750      CL =  2.3493
      Cm = -0.4785     CD =  0.02778   =>   CDf =  0.00274    CDp =  0.02504

 MRCHDU: Convergence failed at  77  side 1    Res =  0.1693E+00
 MRCHDU: Convergence failed at  78  side 1    Res =  0.1636E+00
 MRCHDU: Convergence failed at  79  side 1    Res =  0.1565E+00
 MRCHDU: Convergence failed at  80  side 1    Res =  0.1499E+00
 MRCHDU: Convergence failed at  81  side 1    Res =  0.1443E+00
 MRCHDU: Convergence failed at  82  side 1    Res =  0.1389E+00
 MRCHDU: Convergence failed at  83  side 1    Res =  0.1331E+00
 MRCHDU: Convergence failed at  84  side 1    Res =  0.1280E+00
 MRCHDU: Convergence failed at  85  side 1    Res =  0.1222E+00
 MRCHDU: Convergence failed at  86  side 1    Res =  0.1197E+00
 MRCHDU: Convergence failed at  87  side 1    Res =  0.1162E+00
 MRCHDU: Convergence failed at  88  side 1    Res =  0.1103E+00
 MRCHDU: Convergence failed at  89  side 1    Res =  0.9980E-01
 MRCHDU: Convergence failed at  90  side 1    Res =  0.2870E-02
 MRCHDU: Convergence failed at  79  side 2    Res =  0.4022E+01
 MRCHDU: Convergence failed at  80  side 2    Res =  0.3770E+01
 MRCHDU: Convergence failed at  81  side 2    Res =  0.2206E+01
 MRCHDU: Convergence failed at  82  side 2    Res =  0.4127E+01
 Side 1  free  transition at x/c =  0.0323   26
 Side 2 forced transition at x/c =  1.0000   70

   5   rms: 0.1234E+01   max: 0.6247E+01   T at   26  1   RLX: 0.240
       a = 14.750      CL =  1.7469
      Cm = -0.2479     CD =  0.09221   =>   CDf =  0.00295    CDp =  0.08926

 Side 1  free  transition at x/c =  0.0323   27
 Side 2 forced transition at x/c =  1.0000   69

   6   rms: 0.8429E+00   max: 0.9060E+00   T at   77  2   RLX: 0.384
       a = 14.750      CL =  1.5784
      Cm = -0.1301     CD =  0.06952   =>   CDf =  0.00249    CDp =  0.06703

 Side 1  free  transition at x/c =  0.0319   27
 Side 2 forced transition at x/c =  1.0000   68

   7   rms: 0.2173E+02   max: 0.6199E+02   D at   40  1   RLX: 0.024
       a = 14.750      CL =  1.7537
      Cm = -0.1626     CD =  0.05632   =>   CDf =  0.00496    CDp =  0.05136

 MRCHDU: Convergence failed at  29  side 1    Res =  0.4219E+01
 MRCHDU: Convergence failed at  30  side 1    Res =  0.7503E+01
 MRCHDU: Convergence failed at  31  side 1    Res =  0.8599E+01
 MRCHDU: Convergence failed at  32  side 1    Res =  0.4738E+02
 MRCHDU: Convergence failed at  33  side 1    Res =  0.6586E+01
 MRCHDU: Convergence failed at  34  side 1    Res =  0.1675E+02
 MRCHDU: Convergence failed at  35  side 1    Res =  0.3731E+02
 MRCHDU: Convergence failed at  36  side 1    Res =  0.1571E+03
 MRCHDU: Convergence failed at  37  side 1    Res =  0.8464E+02
 MRCHDU: Convergence failed at  38  side 1    Res =  0.4271E+02
 MRCHDU: Convergence failed at  39  side 1    Res =  0.3036E+02
 MRCHDU: Convergence failed at  40  side 1    Res =  0.2484E+02
 MRCHDU: Convergence failed at  41  side 1    Res =  0.2172E+02
 MRCHDU: Convergence failed at  42  side 1    Res =  0.2074E+02
 MRCHDU: Convergence failed at  43  side 1    Res =  0.6026E+02
 MRCHDU: Convergence failed at  44  side 1    Res =  0.2096E+02
 MRCHDU: Convergence failed at  45  side 1    Res =  0.2331E+02
 MRCHDU: Convergence failed at  46  side 1    Res =  0.4221E+02
 MRCHDU: Convergence failed at  47  side 1    Res =  0.4379E+02
 MRCHDU: Convergence failed at  48  side 1    Res =  0.7313E+02
 MRCHDU: Convergence failed at  49  side 1    Res =  0.1415E+03
 MRCHDU: Convergence failed at  50  side 1    Res =  0.8763E+03
 MRCHDU: Convergence failed at  51  side 1    Res =  0.1274E+03
 MRCHDU: Convergence failed at  52  side 1    Res =  0.7555E+02
 MRCHDU: Convergence failed at  53  side 1    Res =  0.3305E+02
 MRCHDU: Convergence failed at  54  side 1    Res =  0.3449E+02
 MRCHDU: Convergence failed at  55  side 1    Res =  0.2219E+02
 MRCHDU: Convergence failed at  56  side 1    Res =  0.1659E+02
 MRCHDU: Convergence failed at  57  side 1    Res =  0.1798E+02
 MRCHDU: Convergence failed at  58  side 1    Res =  0.1796E+02
 MRCHDU: Convergence failed at  59  side 1    Res =  0.1497E+02
 MRCHDU: Convergence failed at  60  side 1    Res =  0.1217E+02
 MRCHDU: Convergence failed at  61  side 1    Res =  0.1360E+02
 MRCHDU: Convergence failed at  62  side 1    Res =  0.1746E+02
 MRCHDU: Convergence failed at  63  side 1    Res =  0.2367E+02
 MRCHDU: Convergence failed at  64  side 1    Res =  0.2844E+02
 MRCHDU: Convergence failed at  65  side 1    Res =  0.2583E+02
 MRCHDU: Convergence failed at  66  side 1    Res =  0.2891E+02
 MRCHDU: Convergence failed at  67  side 1    Res =  0.3954E+02
 MRCHDU: Convergence failed at  68  side 1    Res =  0.4974E+02
 MRCHDU: Convergence failed at  69  side 1    Res =  0.5530E+02
 MRCHDU: Convergence failed at  70  side 1    Res =  0.7837E+02
 MRCHDU: Convergence failed at  71  side 1    Res =  0.1322E+03
 MRCHDU: Convergence failed at  72  side 1    Res =  0.1600E+03
 MRCHDU: Convergence failed at  73  side 1    Res =  0.1648E+03
 MRCHDU: Convergence failed at  74  side 1    Res =  0.1713E+03
 MRCHDU: Convergence failed at  75  side 1    Res =  0.1798E+03
 MRCHDU: Convergence failed at  76  side 1    Res =  0.1884E+03
 MRCHDU: Convergence failed at  77  side 1    Res =  0.3164E+03
 MRCHDU: Convergence failed at  78  side 1    Res =  0.1365E+03
 MRCHDU: Convergence failed at  79  side 1    Res =  0.1448E+03
 MRCHDU: Convergence failed at  80  side 1    Res =  0.8116E+02
 MRCHDU: Convergence failed at  81  side 1    Res =  0.8182E+02
 MRCHDU: Convergence failed at  82  side 1    Res =  0.5306E+02
 MRCHDU: Convergence failed at  83  side 1    Res =  0.5188E+02
 MRCHDU: Convergence failed at  84  side 1    Res =  0.5030E+02
 MRCHDU: Convergence failed at  85  side 1    Res =  0.4873E+02
 MRCHDU: Convergence failed at  86  side 1    Res =  0.4707E+02
 MRCHDU: Convergence failed at  87  side 1    Res =  0.3211E+02
 MRCHDU: Convergence failed at  88  side 1    Res =  0.3325E+02
 MRCHDU: Convergence failed at  89  side 1    Res =  0.2958E+02
 MRCHDU: Convergence failed at  90  side 1    Res =  0.2276E+02
 MRCHDU: Convergence failed at  91  side 1    Res =  0.2158E+02
 MRCHDU: Convergence failed at  92  side 1    Res =  0.2231E+02
 MRCHDU: Convergence failed at  93  side 1    Res =  0.1279E+03
 MRCHDU: Convergence failed at  94  side 1    Res =  0.7101E+02
 Side 1  free  transition at x/c =  0.0261   27
 Side 2 forced transition at x/c =  1.0000   68

   8   rms: 0.1865E+01   max: 0.6470E+01   D at   73  2   RLX: 0.232
       a = 14.750      CL =  4.0254
      Cm = -0.9108     CD =  0.01864   =>   CDf =  0.00192    CDp =  0.01673

 MRCHDU: Convergence failed at  71  side 2    Res =  0.8804E+00
 MRCHDU: Convergence failed at  72  side 2    Res =  0.1663E+01
 MRCHDU: Convergence failed at  73  side 2    Res =  0.3035E+01
 MRCHDU: Convergence failed at  74  side 2    Res =  0.2054E+02
 MRCHDU: Convergence failed at  75  side 2    Res =  0.3072E+01
 MRCHDU: Convergence failed at  76  side 2    Res =  0.1814E+01
 MRCHDU: Convergence failed at  77  side 2    Res =  0.1401E+01
 Side 1  free  transition at x/c =  0.0258   27
 Side 2 forced transition at x/c =  1.0000   68

   9   rms: 0.1016E+01   max: -.9367E+00   U at   94  1   RLX: 0.187
       a = 14.750      CL =  2.9375
      Cm = -0.5504     CD =  0.04928   =>   CDf =  0.00375    CDp =  0.04553

 Side 1  free  transition at x/c =  0.0258   27
 Side 2 forced transition at x/c =  1.0000   68

  10   rms: 0.8222E+00   max: -.7654E+00   U at   94  1   RLX: 0.317
       a = 14.750      CL =  2.3600
      Cm = -0.3231     CD =  0.05616   =>   CDf =  0.00334    CDp =  0.05282

 Side 1  free  transition at x/c =  0.0258   27
 Side 2 forced transition at x/c =  1.0000   68

  11   rms: 0.7376E+00   max: 0.1185E+01   D at   81  2   RLX: 0.321
       a = 14.750      CL =  1.9654
      Cm = -0.2188     CD =  0.08303   =>   CDf =  0.00281    CDp =  0.08022

 MRCHDU: Convergence failed at  46  side 1    Res =  0.2004E+01
 MRCHDU: Convergence failed at  47  side 1    Res =  0.3405E+01
 MRCHDU: Convergence failed at  68  side 1    Res =  0.1662E+01
 MRCHDU: Convergence failed at  69  side 1    Res =  0.5175E+01
 Side 1  free  transition at x/c =  0.0260   27
 Side 2 forced transition at x/c =  1.0000   68
 idif Ue xi dudx           1  0.17517650      1.27941370E-02   13.691936    
 Uenew xinew           2  5.76478802E-02  4.21035290E-03

  12   rms: 0.1273E+01   max: 0.2371E+01   D at   71  1   RLX: 0.228
       a = 14.750      CL =  1.7914
      Cm = -0.2454     CD =  0.10762   =>   CDf =  0.00262    CDp =  0.10500

 Side 1  free  transition at x/c =  0.0272   26
 Side 2 forced transition at x/c =  1.0000   69
 idif Ue xi dudx           1  0.10925049      7.40027428E-03   14.763032    
 Uenew xinew           2  3.62009485E-03  2.45213509E-04

  13   rms: 0.8137E+00   max: -.3538E+01   T at   26  1   RLX: 0.141
       a = 14.750      CL =  1.5835
      Cm = -0.2066     CD =  0.11316   =>   CDf =  0.00282    CDp =  0.11034

 Side 1  free  transition at x/c =  0.0281   25
 Side 2 forced transition at x/c =  1.0000   70

  14   rms: 0.9593E+00   max: -.1303E+02   T at    2  2   RLX: 0.038
       a = 14.750      CL =  1.5898
      Cm = -0.2132     CD =  0.11365   =>   CDf =  0.00276    CDp =  0.11089

 Side 1  free  transition at x/c =  0.0283   25
 Side 2 forced transition at x/c =  1.0000   70

  15   rms: 0.5445E+00   max: -.2070E+01   T at   25  1   RLX: 0.242
       a = 14.750      CL =  1.3413
      Cm = -0.1655     CD =  0.12704   =>   CDf =  0.00278    CDp =  0.12426

 Side 1  free  transition at x/c =  0.0284   25
 Side 2 forced transition at x/c =  1.0000   70
 idif Ue xi dudx           1  0.19581826      9.66787338E-03   20.254534    
 Uenew xinew           2  7.59224370E-02  3.74841690E-03

  16   rms: 0.4029E+00   max: 0.5695E+00   D at   84  2   RLX: 0.647
       a = 14.750      CL =  0.8802
      Cm = -0.0745     CD =  0.15325   =>   CDf =  0.00308    CDp =  0.15017

 Side 1  free  transition at x/c =  0.0295   24
 Side 2 forced transition at x/c =  1.0000   71
 idif Ue xi dudx           1  0.12124742      5.60748577E-03   21.622421    
 Uenew xinew           2  1.44422567E-02  6.67929649E-04

  17   rms: 0.1411E+00   max: -.6975E+00   D at   24  1   RLX: 0.717
       a = 14.750      CL =  0.7195
      Cm = -0.0383     CD =  0.16204   =>   CDf =  0.00332    CDp =  0.15873

 Side 1  free  transition at x/c =  0.0317   23
 Side 2 forced transition at x/c =  1.0000   72

  18   rms: 0.1741E+00   max: -.6193E+00   D at   24  1   RLX: 0.807
       a = 14.750      CL =  0.6794
      Cm = -0.0183     CD =  0.15223   =>   CDf =  0.00315    CDp =  0.14908

 MRCHDU: Convergence failed at  30  side 1    Res =  0.2164E+03
 MRCHDU: Convergence failed at  31  side 1    Res =  0.1053E+04
 MRCHDU: Convergence failed at  32  side 1    Res =  0.1900E+03
 MRCHDU: Convergence failed at  33  side 1    Res =  0.8064E+02
 MRCHDU: Convergence failed at  34  side 1    Res =  0.4940E+02
 MRCHDU: Convergence failed at  35  side 1    Res =  0.6001E+02
 MRCHDU: Convergence failed at  36  side 1    Res =  0.8340E+02
 MRCHDU: Convergence failed at  37  side 1    Res =  0.1532E+03
 MRCHDU: Convergence failed at  38  side 1    Res =  0.5717E+04
 MRCHDU: Convergence failed at  39  side 1    Res =  0.1917E+03
 MRCHDU: Convergence failed at  40  side 1    Res =  0.7911E+02
 MRCHDU: Convergence failed at  41  side 1    Res =  0.1666E+03
 MRCHDU: Convergence failed at  42  side 1    Res =  0.2025E+03
 MRCHDU: Convergence failed at  43  side 1    Res =  0.3670E+03
 MRCHDU: Convergence failed at  44  side 1    Res =  0.2256E+04
 MRCHDU: Convergence failed at  45  side 1    Res =  0.8712E+02
 MRCHDU: Convergence failed at  46  side 1    Res =  0.1640E+03
 MRCHDU: Convergence failed at  47  side 1    Res =  0.4272E+03
 MRCHDU: Convergence failed at  48  side 1    Res =  0.1059E+03
 MRCHDU: Convergence failed at  49  side 1    Res =  0.1019E+04
 MRCHDU: Convergence failed at  50  side 1    Res =  0.4220E+03
 MRCHDU: Convergence failed at  51  side 1    Res =  0.7959E+02
 MRCHDU: Convergence failed at  52  side 1    Res =  0.1022E+04
 MRCHDU: Convergence failed at  53  side 1    Res =  0.1537E+04
 MRCHDU: Convergence failed at  54  side 1    Res =  0.3545E+03
 MRCHDU: Convergence failed at  55  side 1    Res =  0.2636E+03
 MRCHDU: Convergence failed at  56  side 1    Res =  0.8127E+02
 MRCHDU: Convergence failed at  57  side 1    Res =  0.1057E+03
 MRCHDU: Convergence failed at  58  side 1    Res =  0.7171E+02
 MRCHDU: Convergence failed at  59  side 1    Res =  0.2970E+03
 MRCHDU: Convergence failed at  60  side 1    Res =  0.7247E+02
 MRCHDU: Convergence failed at  61  side 1    Res =  0.8736E+02
 MRCHDU: Convergence failed at  62  side 1    Res =  0.2985E+03
 MRCHDU: Convergence failed at  63  side 1    Res =  0.9305E+02
 MRCHDU: Convergence failed at  64  side 1    Res =  0.5775E+03
 MRCHDU: Convergence failed at  65  side 1    Res =  0.7994E+02
 MRCHDU: Convergence failed at  66  side 1    Res =  0.9186E+02
 MRCHDU: Convergence failed at  67  side 1    Res =  0.9701E+02
 MRCHDU: Convergence failed at  68  side 1    Res =  0.8274E+02
 MRCHDU: Convergence failed at  69  side 1    Res =  0.1157E+03
 MRCHDU: Convergence failed at  70  side 1    Res =  0.8873E+02
 MRCHDU: Convergence failed at  71  side 1    Res =  0.1126E+03
 MRCHDU: Convergence failed at  72  side 1    Res =  0.3345E+03
 MRCHDU: Convergence failed at  73  side 1    Res =  0.3335E+03
 MRCHDU: Convergence failed at  74  side 1    Res =  0.2703E+04
 MRCHDU: Convergence failed at  75  side 1    Res =  0.1623E+04
 MRCHDU: Convergence failed at  76  side 1    Res =  0.1177E+04
 MRCHDU: Convergence failed at  77  side 1    Res =  0.9624E+03
 MRCHDU: Convergence failed at  78  side 1    Res =  0.7926E+03
 MRCHDU: Convergence failed at  79  side 1    Res =  0.3919E+03
 MRCHDU: Convergence failed at  80  side 1    Res =  0.2123E+03
 MRCHDU: Convergence failed at  81  side 1    Res =  0.1156E+03
 MRCHDU: Convergence failed at  82  side 1    Res =  0.1229E+03
 MRCHDU: Convergence failed at  83  side 1    Res =  0.3705E+03
 MRCHDU: Convergence failed at  84  side 1    Res =  0.1214E+03
 MRCHDU: Convergence failed at  85  side 1    Res =  0.2625E+03
 MRCHDU: Convergence failed at  86  side 1    Res =  0.1025E+04
 MRCHDU: Convergence failed at  87  side 1    Res =  0.1746E+03
 MRCHDU: Convergence failed at  88  side 1    Res =  0.9333E+02
 MRCHDU: Convergence failed at  89  side 1    Res =  0.8580E+02
 MRCHDU: Convergence failed at  90  side 1    Res =  0.3960E+04
 MRCHDU: Convergence failed at  91  side 1    Res =  0.1012E+04
 MRCHDU: Convergence failed at  81  side 2    Res =  0.1622E+00
 MRCHDU: Convergence failed at  82  side 2    Res =  0.2016E+01
 MRCHDU: Convergence failed at  83  side 2    Res =  0.2493E+01
 MRCHDU: Convergence failed at  84  side 2    Res =  0.2293E+01
 MRCHDU: Convergence failed at  85  side 2    Res =  0.7608E+01
 MRCHDU: Convergence failed at  86  side 2    Res =  0.5740E+01
 MRCHDU: Convergence failed at  87  side 2    Res =  0.2937E+01
 MRCHDU: Convergence failed at  88  side 2    Res =  0.4127E+01
 MRCHDU: Convergence failed at  89  side 2    Res =  0.4833E+01
 MRCHDU: Convergence failed at  90  side 2    Res =  0.5830E+01
 Side 1  free  transition at x/c =  0.0857   29
 Side 2 forced transition at x/c =  1.0000   71

  19   rms: 0.2900E+01   max: 0.3090E+02   T at   29  1   RLX: 0.019
       a = 14.750      CL =  1.8487
      Cm = -0.3970     CD =  0.01281   =>   CDf =  0.00273    CDp =  0.01008

 MRCHDU: Convergence failed at  79  side 2    Res =  0.1445E+02
 Side 1  free  transition at x/c =  0.0940   30
 Side 2 forced transition at x/c =  1.0000   71

  20   rms: 0.1310E+01   max: -.2175E+02   T at   30  1   RLX: 0.023
       a = 14.750      CL =  1.5728
      Cm = -0.2949     CD =  0.14012   =>   CDf =  0.00316    CDp =  0.13695

 Side 1  free  transition at x/c =  0.0915   30
 Side 2 forced transition at x/c =  1.0000   71

  21   rms: 0.7918E+00   max: 0.8137E+01   C at   71  2   RLX: 0.184
       a = 14.750      CL =  1.5413
      Cm = -0.2767     CD =  0.13586   =>   CDf =  0.00320    CDp =  0.13266

 MRCHDU: Convergence failed at  84  side 2    Res =  0.9778E+00
 MRCHDU: Convergence failed at  85  side 2    Res =  0.1472E+01
 MRCHDU: Convergence failed at  86  side 2    Res =  0.4296E+01
 MRCHDU: Convergence failed at  87  side 2    Res =  0.6102E+01
 Side 1  free  transition at x/c =  0.0453   26
 Side 2 forced transition at x/c =  1.0000   71

  22   rms: 0.6629E+00   max: 0.5507E+01   C at   71  2   RLX: 0.198
       a = 14.750      CL =  1.3919
      Cm = -0.2353     CD =  0.13774   =>   CDf =  0.00346    CDp =  0.13427

 Side 1  free  transition at x/c =  0.0423   26
 Side 2 forced transition at x/c =  1.0000   71
 idif Ue xi dudx           1  0.10452373      5.07831573E-03   20.582361    
 Uenew xinew           2  2.85600056E-03  1.38759613E-04

  23   rms: 0.7049E+00   max: 0.5124E+01   C at   71  2   RLX: 0.119
       a = 14.750      CL =  1.2915
      Cm = -0.2055     CD =  0.21607   =>   CDf =  0.00380    CDp =  0.21226

 Side 1  free  transition at x/c =  0.0426   25
 Side 2 forced transition at x/c =  1.0000   72

  24   rms: 0.8185E+00   max: -.8009E+01   D at    2  2   RLX: 0.062
       a = 14.750      CL =  1.2469
      Cm = -0.1915     CD =  0.27248   =>   CDf =  0.00378    CDp =  0.26870

 Side 1  free  transition at x/c =  0.0427   25
 Side 2 forced transition at x/c =  1.0000   72

  25   rms: 0.6505E+00   max: -.4584E+01   D at   94  2   RLX: 0.109
       a = 14.750      CL =  1.1708
      Cm = -0.1694     CD =  0.22856   =>   CDf =  0.00383    CDp =  0.22473

 Side 1  free  transition at x/c =  0.0430   25
 Side 2 forced transition at x/c =  1.0000   72

  26   rms: 0.6168E+00   max: -.3648E+01   D at   94  2   RLX: 0.137
       a = 14.750      CL =  1.0653
      Cm = -0.1406     CD =  0.21164   =>   CDf =  0.00392    CDp =  0.20772

 Side 1  free  transition at x/c =  0.0437   25
 Side 2 forced transition at x/c =  1.0000   72

  27   rms: 0.5869E+00   max: -.3524E+01   D at   94  2   RLX: 0.142
       a = 14.750      CL =  0.9674
      Cm = -0.1142     CD =  0.19995   =>   CDf =  0.00401    CDp =  0.19593

 MRCHDU: Convergence failed at  94  side 2    Res =  0.3400E-01
 Side 1  free  transition at x/c =  0.0445   25
 Side 2 forced transition at x/c =  1.0000   72

  28   rms: 0.5528E+00   max: -.3829E+01   D at   94  2   RLX: 0.131
       a = 14.750      CL =  0.8912
      Cm = -0.0939     CD =  0.19579   =>   CDf =  0.00407    CDp =  0.19171

 MRCHDU: Convergence failed at  94  side 2    Res =  0.2223E+00
 Side 1  free  transition at x/c =  0.0451   25
 Side 2 forced transition at x/c =  1.0000   72
 idif Ue xi dudx           1  0.14354019      5.09047508E-03   28.197798    
 Uenew xinew           2  2.55570244E-02  9.06348228E-04

  29   rms: 0.6940E+00   max: -.2065E+01   T at   93  2   RLX: 0.242
       a = 14.750      CL =  0.6908
      Cm = -0.0560     CD =  0.38507   =>   CDf =  0.00425    CDp =  0.38081

 Side 1  free  transition at x/c =  0.0455   24
 Side 2 forced transition at x/c =  1.0000   73

  30   rms: 0.5091E+00   max: -.1950E+01   T at   95  2   RLX: 0.256
       a = 14.750      CL =  0.5784
      Cm = -0.0347     CD =  0.51265   =>   CDf =  0.00393    CDp =  0.50872

 Side 1  free  transition at x/c =  0.0463   24
 Side 2 forced transition at x/c =  1.0000   73

  31   rms: 0.4111E+00   max: -.1639E+01   T at   95  2   RLX: 0.305
       a = 14.750      CL =  0.4849
      Cm = -0.0163     CD =  0.63998   =>   CDf =  0.00378    CDp =  0.63620

 Side 1  free  transition at x/c =  0.0472   24
 Side 2 forced transition at x/c =  1.0000   73

  32   rms: 0.3194E+00   max: -.1198E+01   T at   95  2   RLX: 0.418
       a = 14.750      CL =  0.4180
      Cm = -0.0033     CD =  0.58613   =>   CDf =  0.00362    CDp =  0.58252

 Side 1  free  transition at x/c =  0.0484   24
 Side 2 forced transition at x/c =  1.0000   73

  33   rms: 0.2508E+00   max: -.8661E+00   D at   95  2   RLX: 0.577
       a = 14.750      CL =  0.4000
      Cm =  0.0017     CD =  0.33879   =>   CDf =  0.00342    CDp =  0.33537

 Side 1  free  transition at x/c =  0.0492   24
 Side 2 forced transition at x/c =  1.0000   73

  34   rms: 0.1904E+00   max: -.8532E+00   D at   95  2   RLX: 0.586
       a = 14.750      CL =  0.4200
      Cm =  0.0031     CD =  0.23409   =>   CDf =  0.00322    CDp =  0.23088

 Side 1  free  transition at x/c =  0.0476   24
 Side 2 forced transition at x/c =  1.0000   73

  35   rms: 0.1248E+00   max: -.7714E+00   D at   95  2   RLX: 0.648
       a = 14.750      CL =  0.4530
      Cm =  0.0007     CD =  0.18011   =>   CDf =  0.00299    CDp =  0.17712

 Side 1  free  transition at x/c =  0.0443   25
 Side 2 forced transition at x/c =  1.0000   72

  36   rms: 0.1007E+00   max: 0.1243E+01   D at    2  1   RLX: 0.833
       a = 14.750      CL =  0.4888
      Cm = -0.0071     CD =  0.15558   =>   CDf =  0.00300    CDp =  0.15258

 Side 1  free  transition at x/c =  0.0433   25
 Side 2 forced transition at x/c =  1.0000   72

  37   rms: 0.2520E-01   max: -.2528E+00   D at   93  2
       a = 14.750      CL =  0.4912
      Cm = -0.0079     CD =  0.14466   =>   CDf =  0.00295    CDp =  0.14171

 Side 1  free  transition at x/c =  0.0432   25
 Side 2 forced transition at x/c =  1.0000   72

  38   rms: 0.2821E-02   max: -.3091E-01   D at   93  2
       a = 14.750      CL =  0.4922
      Cm = -0.0080     CD =  0.14361   =>   CDf =  0.00292    CDp =  0.14070

 Side 1  free  transition at x/c =  0.0431   25
 Side 2 forced transition at x/c =  1.0000   72

  39   rms: 0.2176E-03   max: -.1652E-02   D at   93  2
       a = 14.750      CL =  0.4923
      Cm = -0.0080     CD =  0.14369   =>   CDf =  0.00291    CDp =  0.14078

 Side 1  free  transition at x/c =  0.0431   25
 Side 2 forced transition at x/c =  1.0000   72

  40   rms: 0.6619E-05   max: -.4115E-04   D at   92  2
       a = 14.750      CL =  0.4923
      Cm = -0.0080     CD =  0.14370   =>   CDf =  0.00291    CDp =  0.14078
 plradd ia,ip,cpol           49           0  9.20196064E-04

 Point added to stored polar  1
 Point written to save file  fx76100_Re300k.base.pol                         
 Dump file unspecified or not available
 Calculating wake trajectory ...
 Calculating source influence matrix ...

 Solving BL system ...

 Side 1  free  transition at x/c =  0.0431   25
 Side 2 forced transition at x/c =  1.0000   72

   1   rms: 0.2200E-01   max: 0.2698E+00   T at   25  1   RLX: 0.395
       a = 15.000      CL =  0.4949
      Cm = -0.0084     CD =  0.14509   =>   CDf =  0.00291    CDp =  0.14217

 Side 1  free  transition at x/c =  0.0426   25
 Side 2 forced transition at x/c =  1.0000   72

   2   rms: 0.1451E-01   max: 0.1555E+00   T at   25  1
       a = 15.000      CL =  0.4995
      Cm = -0.0088     CD =  0.14640   =>   CDf =  0.00291    CDp =  0.14349

 Side 1  free  transition at x/c =  0.0420   25
 Side 2 forced transition at x/c =  1.0000   72

   3   rms: 0.4163E-02   max: -.2478E-01   D at   25  1
       a = 15.000      CL =  0.4987
      Cm = -0.0086     CD =  0.14544   =>   CDf =  0.00290    CDp =  0.14253

 Side 1  free  transition at x/c =  0.0420   25
 Side 2 forced transition at x/c =  1.0000   72

   4   rms: 0.1552E-02   max: 0.5490E-02   T at   25  1
       a = 15.000      CL =  0.4996
      Cm = -0.0086     CD =  0.14580   =>   CDf =  0.00290    CDp =  0.14290

 Side 1  free  transition at x/c =  0.0420   25
 Side 2 forced transition at x/c =  1.0000   72

   5   rms: 0.2156E-03   max: -.1236E-02   D at   92  2
       a = 15.000      CL =  0.4997
      Cm = -0.0086     CD =  0.14591   =>   CDf =  0.00290    CDp =  0.14300

 Side 1  free  transition at x/c =  0.0420   25
 Side 2 forced transition at x/c =  1.0000   72

   6   rms: 0.1492E-04   max: -.9491E-04   D at   92  2
       a = 15.000      CL =  0.4997
      Cm = -0.0086     CD =  0.14591   =>   CDf =  0.00290    CDp =  0.14301
 plradd ia,ip,cpol           50           0  9.20196064E-04

 Point added to stored polar  1
 Point written to save file  fx76100_Re300k.base.pol                         
 Dump file unspecified or not available
 Calculating wake trajectory ...
 Calculating source influence matrix ...

 Solving BL system ...

 Side 1  free  transition at x/c =  0.0420   25
 Side 2 forced transition at x/c =  1.0000   72

   1   rms: 0.3129E-01   max: 0.2804E+00   T at   25  1   RLX: 0.389
       a = 15.250      CL =  0.5034
      Cm = -0.0087     CD =  0.14692   =>   CDf =  0.00290    CDp =  0.14402

 Side 1  free  transition at x/c =  0.0417   25
 Side 2 forced transition at x/c =  1.0000   72

   2   rms: 0.2303E-01   max: 0.1694E+00   T at   25  1
       a = 15.250      CL =  0.5109
      Cm = -0.0085     CD =  0.14778   =>   CDf =  0.00290    CDp =  0.14488

 Side 1  free  transition at x/c =  0.0412   25
 Side 2 forced transition at x/c =  1.0000   72

   3   rms: 0.6290E-02   max: -.3262E-01   D at   25  1
       a = 15.250      CL =  0.5102
      Cm = -0.0085     CD =  0.14732   =>   CDf =  0.00289    CDp =  0.14443

 Side 1  free  transition at x/c =  0.0412   25
 Side 2 forced transition at x/c =  1.0000   72

   4   rms: 0.2234E-02   max: 0.7809E-02   T at   25  1
       a = 15.250      CL =  0.5113
      Cm = -0.0085     CD =  0.14784   =>   CDf =  0.00289    CDp =  0.14495

 Side 1  free  transition at x/c =  0.0412   25
 Side 2 forced transition at x/c =  1.0000   72

   5   rms: 0.2891E-03   max: -.1460E-02   D at   91  2
       a = 15.250      CL =  0.5115
      Cm = -0.0085     CD =  0.14796   =>   CDf =  0.00289    CDp =  0.14507

 Side 1  free  transition at x/c =  0.0412   25
 Side 2 forced transition at x/c =  1.0000   72

   6   rms: 0.2532E-04   max: -.1315E-03   D at   91  2
       a = 15.250      CL =  0.5115
      Cm = -0.0085     CD =  0.14797   =>   CDf =  0.00289    CDp =  0.14508
 plradd ia,ip,cpol           51           0  9.20196064E-04

 Point added to stored polar  1
 Point written to save file  fx76100_Re300k.base.pol                         
 Dump file unspecified or not available
 Calculating wake trajectory ...
 Calculating source influence matrix ...

 Solving BL system ...

 Side 1  free  transition at x/c =  0.0412   25
 Side 2 forced transition at x/c =  1.0000   72

   1   rms: 0.4451E-01   max: 0.3204E+00   T at   25  1   RLX: 0.385
       a = 15.500      CL =  0.5160
      Cm = -0.0083     CD =  0.14879   =>   CDf =  0.00289    CDp =  0.14590

 Side 1  free  transition at x/c =  0.0409   25
 Side 2 forced transition at x/c =  1.0000   72

   2   rms: 0.3304E-01   max: 0.2477E+00   T at   25  1
       a = 15.500      CL =  0.5236
      Cm = -0.0078     CD =  0.15010   =>   CDf =  0.00288    CDp =  0.14722

 Side 1  free  transition at x/c =  0.0404   25
 Side 2 forced transition at x/c =  1.0000   72

   3   rms: 0.4754E-01   max: -.3336E+00   T at   25  1
       a = 15.500      CL =  0.5214
      Cm = -0.0082     CD =  0.14643   =>   CDf =  0.00287    CDp =  0.14356

 Side 1  free  transition at x/c =  0.0410   25
 Side 2 forced transition at x/c =  1.0000   72

   4   rms: 0.3685E-01   max: 0.2411E+00   T at   25  1
       a = 15.500      CL =  0.5214
      Cm = -0.0079     CD =  0.14843   =>   CDf =  0.00287    CDp =  0.14556

 Side 1  free  transition at x/c =  0.0405   25
 Side 2 forced transition at x/c =  1.0000   72

   5   rms: 0.1171E+00   max: -.1050E+01   T at   25  1   RLX: 0.476
       a = 15.500      CL =  0.5354
      Cm = -0.0115     CD =  0.14732   =>   CDf =  0.00288    CDp =  0.14445

 Side 1  free  transition at x/c =  0.0414   25
 Side 2 forced transition at x/c =  1.0000   72

   6   rms: 0.8073E-01   max: 0.3579E+00   T at   25  1
       a = 15.500      CL =  0.5177
      Cm = -0.0077     CD =  0.14461   =>   CDf =  0.00287    CDp =  0.14174

 Side 1  free  transition at x/c =  0.0406   25
 Side 2 forced transition at x/c =  1.0000   72

   7   rms: 0.3302E-01   max: 0.1710E+00   T at   25  1
       a = 15.500      CL =  0.5224
      Cm = -0.0071     CD =  0.14856   =>   CDf =  0.00288    CDp =  0.14568

 Side 1  free  transition at x/c =  0.0403   24
 Side 2 forced transition at x/c =  1.0000   72

   8   rms: 0.4596E-01   max: 0.1872E+00   D at   26  1
       a = 15.500      CL =  0.5231
      Cm = -0.0093     CD =  0.15739   =>   CDf =  0.00288    CDp =  0.15451

 Side 1  free  transition at x/c =  0.0402   24
 Side 2 forced transition at x/c =  1.0000   72

   9   rms: 0.1895E-01   max: 0.6388E-01   D at   25  1
       a = 15.500      CL =  0.5203
      Cm = -0.0089     CD =  0.15475   =>   CDf =  0.00289    CDp =  0.15187

 Side 1  free  transition at x/c =  0.0403   24
 Side 2 forced transition at x/c =  1.0000   72

  10   rms: 0.2924E-02   max: 0.1788E-01   D at   91  2
       a = 15.500      CL =  0.5185
      Cm = -0.0086     CD =  0.15248   =>   CDf =  0.00289    CDp =  0.14959

 Side 1  free  transition at x/c =  0.0403   24
 Side 2 forced transition at x/c =  1.0000   72

  11   rms: 0.2089E-03   max: 0.8961E-03   D at   25  1
       a = 15.500      CL =  0.5186
      Cm = -0.0086     CD =  0.15242   =>   CDf =  0.00289    CDp =  0.14952

 Side 1  free  transition at x/c =  0.0403   24
 Side 2 forced transition at x/c =  1.0000   72

  12   rms: 0.3447E-04   max: -.1179E-03   C at   72  2
       a = 15.500      CL =  0.5186
      Cm = -0.0086     CD =  0.15241   =>   CDf =  0.00289    CDp =  0.14952
 plradd ia,ip,cpol           52           0  3.26146168E-04

 Point added to stored polar  1
 Point written to save file  fx76100_Re300k.base.pol                         
 Dump file unspecified or not available
 Calculating wake trajectory ...
 Calculating source influence matrix ...

 Solving BL system ...

 Side 1  free  transition at x/c =  0.0403   24
 Side 2 forced transition at x/c =  1.0000   72

   1   rms: 0.2000E-01   max: -.7807E-01   C at   72  2   RLX: 0.376
       a = 15.750      CL =  0.5192
      Cm = -0.0095     CD =  0.15456   =>   CDf =  0.00289    CDp =  0.15166

 Side 1  free  transition at x/c =  0.0402   24
 Side 2 forced transition at x/c =  1.0000   72

   2   rms: 0.1735E-01   max: -.6306E-01   C at   72  2
       a = 15.750      CL =  0.5211
      Cm = -0.0110     CD =  0.15815   =>   CDf =  0.00289    CDp =  0.15527

 Side 1  free  transition at x/c =  0.0401   24
 Side 2 forced transition at x/c =  1.0000   72

   3   rms: 0.2827E-01   max: 0.1228E+00   D at   25  1
       a = 15.750      CL =  0.5214
      Cm = -0.0113     CD =  0.15926   =>   CDf =  0.00288    CDp =  0.15637

 Side 1  free  transition at x/c =  0.0401   24
 Side 2 forced transition at x/c =  1.0000   72

   4   rms: 0.5224E-02   max: 0.2579E-01   D at   91  2
       a = 15.750      CL =  0.5185
      Cm = -0.0107     CD =  0.15578   =>   CDf =  0.00289    CDp =  0.15289

 Side 1  free  transition at x/c =  0.0401   24
 Side 2 forced transition at x/c =  1.0000   72

   5   rms: 0.3107E-02   max: 0.1285E-01   D at   25  1
       a = 15.750      CL =  0.5190
      Cm = -0.0108     CD =  0.15628   =>   CDf =  0.00289    CDp =  0.15339

 Side 1  free  transition at x/c =  0.0401   24
 Side 2 forced transition at x/c =  1.0000   72

   6   rms: 0.7421E-03   max: 0.3317E-02   D at   91  2
       a = 15.750      CL =  0.5186
      Cm = -0.0108     CD =  0.15594   =>   CDf =  0.00289    CDp =  0.15305

 Side 1  free  transition at x/c =  0.0402   24
 Side 2 forced transition at x/c =  1.0000   72

   7   rms: 0.5289E-04   max: 0.4083E-03   D at   92  2
       a = 15.750      CL =  0.5186
      Cm = -0.0108     CD =  0.15589   =>   CDf =  0.00289    CDp =  0.15301
 plradd ia,ip,cpol           53           0  3.26146168E-04

 Point added to stored polar  1
 Point written to save file  fx76100_Re300k.base.pol                         
 Dump file unspecified or not available
 Calculating wake trajectory ...
 Calculating source influence matrix ...

 Solving BL system ...

 Side 1  free  transition at x/c =  0.0402   24
 Side 2 forced transition at x/c =  1.0000   72

   1   rms: 0.2376E-01   max: 0.1354E+00   T at   24  1   RLX: 0.368
       a = 16.000      CL =  0.5189
      Cm = -0.0117     CD =  0.15798   =>   CDf =  0.00289    CDp =  0.15509

 Side 1  free  transition at x/c =  0.0400   24
 Side 2 forced transition at x/c =  1.0000   72

   2   rms: 0.3699E-01   max: 0.1358E+00   D at   25  1
       a = 16.000      CL =  0.5182
      Cm = -0.0145     CD =  0.16456   =>   CDf =  0.00288    CDp =  0.16167

 Side 1  free  transition at x/c =  0.0391   24
 Side 2 forced transition at x/c =  1.0000   72

   3   rms: 0.6072E-01   max: 0.3500E+00   D at   25  1
       a = 16.000      CL =  0.5139
      Cm = -0.0164     CD =  0.16872   =>   CDf =  0.00288    CDp =  0.16584

 Side 1  free  transition at x/c =  0.0388   24
 Side 2 forced transition at x/c =  1.0000   72

   4   rms: 0.2575E-01   max: -.1177E+00   T at   24  1
       a = 16.000      CL =  0.5089
      Cm = -0.0157     CD =  0.16295   =>   CDf =  0.00289    CDp =  0.16006

 Side 1  free  transition at x/c =  0.0393   24
 Side 2 forced transition at x/c =  1.0000   72

   5   rms: 0.2897E-01   max: -.1842E+00   T at   24  1
       a = 16.000      CL =  0.5101
      Cm = -0.0140     CD =  0.15773   =>   CDf =  0.00289    CDp =  0.15484

 Side 1  free  transition at x/c =  0.0396   24
 Side 2 forced transition at x/c =  1.0000   72

   6   rms: 0.1964E-01   max: 0.1391E+00   D at   25  1
       a = 16.000      CL =  0.5131
      Cm = -0.0149     CD =  0.16179   =>   CDf =  0.00289    CDp =  0.15890

 Side 1  free  transition at x/c =  0.0393   24
 Side 2 forced transition at x/c =  1.0000   72

   7   rms: 0.2268E-01   max: -.1383E+00   T at   24  1
       a = 16.000      CL =  0.5081
      Cm = -0.0147     CD =  0.16127   =>   CDf =  0.00289    CDp =  0.15839

 Side 1  free  transition at x/c =  0.0397   24
 Side 2 forced transition at x/c =  1.0000   72

   8   rms: 0.4881E-02   max: 0.3191E-01   T at   24  1
       a = 16.000      CL =  0.5113
      Cm = -0.0144     CD =  0.15917   =>   CDf =  0.00289    CDp =  0.15628

 Side 1  free  transition at x/c =  0.0396   24
 Side 2 forced transition at x/c =  1.0000   72

   9   rms: 0.6085E-02   max: 0.3291E-01   D at   25  1
       a = 16.000      CL =  0.5107
      Cm = -0.0147     CD =  0.16004   =>   CDf =  0.00289    CDp =  0.15715

 Side 1  free  transition at x/c =  0.0396   24
 Side 2 forced transition at x/c =  1.0000   72

  10   rms: 0.3456E-02   max: 0.2024E-01   T at   25  1
       a = 16.000      CL =  0.5105
      Cm = -0.0145     CD =  0.15921   =>   CDf =  0.00289    CDp =  0.15632

 Side 1  free  transition at x/c =  0.0396   24
 Side 2 forced transition at x/c =  1.0000   72

  11   rms: 0.1748E-03   max: 0.1146E-02   D at   25  1
       a = 16.000      CL =  0.5105
      Cm = -0.0145     CD =  0.15919   =>   CDf =  0.00289    CDp =  0.15630

 Side 1  free  transition at x/c =  0.0396   24
 Side 2 forced transition at x/c =  1.0000   72

  12   rms: 0.8072E-04   max: -.4667E-03   T at   24  1
       a = 16.000      CL =  0.5105
      Cm = -0.0145     CD =  0.15917   =>   CDf =  0.00289    CDp =  0.15628
 plradd ia,ip,cpol           54           0  3.26146168E-04

 Point added to stored polar  1
 Point written to save file  fx76100_Re300k.base.pol                         
 Dump file unspecified or not available

.OPERva   c>  
 Polar accumulation disabled

.OPERv   c>  
 XFOIL   c>  
 XFOIL   c>  