foamv1_OML
    1.0000000   -0.0052608
    0.9999994   -0.0052606
    0.9999975   -0.0052603
    0.9999944   -0.0052596
    0.9999901   -0.0052587
    0.9999845   -0.0052575
    0.9999776   -0.0052561
    0.9999696   -0.0052544
    0.9999602   -0.0052525
    0.9999497   -0.0052503
    0.9999379   -0.0052479
    0.9999248   -0.0052451
    0.9999105   -0.0052422
    0.9998950   -0.0052389
    0.9998782   -0.0052355
    0.9998602   -0.0052317
    0.9998410   -0.0052277
    0.9998205   -0.0052234
    0.9997987   -0.0052189
    0.9997757   -0.0052141
    0.9997515   -0.0052091
    0.9997260   -0.0052038
    0.9996993   -0.0051983
    0.9996714   -0.0051924
    0.9996422   -0.0051864
    0.9996117   -0.0051800
    0.9995801   -0.0051735
    0.9995471   -0.0051666
    0.9995130   -0.0051595
    0.9994776   -0.0051521
    0.9994409   -0.0051445
    0.9994030   -0.0051366
    0.9993639   -0.0051285
    0.9993235   -0.0051201
    0.9992819   -0.0051115
    0.9992391   -0.0051025
    0.9991950   -0.0050934
    0.9991497   -0.0050840
    0.9991031   -0.0050743
    0.9990553   -0.0050643
    0.9990062   -0.0050541
    0.9989559   -0.0050437
    0.9989044   -0.0050330
    0.9988516   -0.0050220
    0.9987976   -0.0050107
    0.9987424   -0.0049993
    0.9986859   -0.0049875
    0.9986281   -0.0049755
    0.9985692   -0.0049632
    0.9985090   -0.0049507
    0.9984475   -0.0049379
    0.9983848   -0.0049249
    0.9983209   -0.0049116
    0.9982557   -0.0048981
    0.9981893   -0.0048843
    0.9981217   -0.0048702
    0.9980528   -0.0048559
    0.9979827   -0.0048413
    0.9979114   -0.0048265
    0.9978388   -0.0048114
    0.9977649   -0.0047960
    0.9976899   -0.0047804
    0.9976136   -0.0047645
    0.9975360   -0.0047484
    0.9974573   -0.0047320
    0.9973772   -0.0047154
    0.9972960   -0.0046985
    0.9972135   -0.0046813
    0.9971298   -0.0046639
    0.9970448   -0.0046463
    0.9969586   -0.0046283
    0.9968712   -0.0046102
    0.9967826   -0.0045917
    0.9966927   -0.0045730
    0.9966015   -0.0045541
    0.9965092   -0.0045349
    0.9964156   -0.0045154
    0.9963207   -0.0044957
    0.9962247   -0.0044757
    0.9961274   -0.0044555
    0.9960288   -0.0044350
    0.9959291   -0.0044142
    0.9958281   -0.0043932
    0.9957259   -0.0043720
    0.9956224   -0.0043505
    0.9955177   -0.0043287
    0.9954118   -0.0043067
    0.9953046   -0.0042844
    0.9951962   -0.0042619
    0.9950866   -0.0042391
    0.9949758   -0.0042160
    0.9948637   -0.0041927
    0.9947504   -0.0041691
    0.9946358   -0.0041453
    0.9945201   -0.0041212
    0.9944031   -0.0040969
    0.9942849   -0.0040723
    0.9941654   -0.0040475
    0.9940447   -0.0040224
    0.9939228   -0.0039970
    0.9937997   -0.0039714
    0.9936753   -0.0039456
    0.9935497   -0.0039195
    0.9934229   -0.0038931
    0.9932948   -0.0038665
    0.9931656   -0.0038396
    0.9930351   -0.0038125
    0.9929034   -0.0037851
    0.9927704   -0.0037574
    0.9926362   -0.0037295
    0.9925008   -0.0037014
    0.9923642   -0.0036730
    0.9922264   -0.0036443
    0.9920873   -0.0036154
    0.9919470   -0.0035862
    0.9918055   -0.0035568
    0.9916628   -0.0035271
    0.9915188   -0.0034972
    0.9913736   -0.0034670
    0.9912272   -0.0034365
    0.9910796   -0.0034058
    0.9909308   -0.0033749
    0.9907807   -0.0033437
    0.9906294   -0.0033122
    0.9904769   -0.0032805
    0.9903232   -0.0032485
    0.9901683   -0.0032163
    0.9900121   -0.0031839
    0.9898547   -0.0031511
    0.9896961   -0.0031182
    0.9895363   -0.0030849
    0.9893753   -0.0030514
    0.9892130   -0.0030177
    0.9890496   -0.0029837
    0.9888849   -0.0029495
    0.9887190   -0.0029150
    0.9885519   -0.0028802
    0.9883836   -0.0028452
    0.9882141   -0.0028100
    0.9880433   -0.0027745
    0.9878713   -0.0027387
    0.9876982   -0.0027027
    0.9875238   -0.0026665
    0.9873482   -0.0026299
    0.9871714   -0.0025932
    0.9869934   -0.0025562
    0.9868141   -0.0025189
    0.9866337   -0.0024814
    0.9864520   -0.0024436
    0.9862692   -0.0024056
    0.9860851   -0.0023673
    0.9858998   -0.0023288
    0.9857133   -0.0022900
    0.9855257   -0.0022510
    0.9853368   -0.0022117
    0.9851467   -0.0021722
    0.9849553   -0.0021324
    0.9847628   -0.0020924
    0.9845691   -0.0020521
    0.9843742   -0.0020116
    0.9841780   -0.0019708
    0.9839807   -0.0019298
    0.9837822   -0.0018885
    0.9835824   -0.0018469
    0.9833815   -0.0018052
    0.9831794   -0.0017631
    0.9829760   -0.0017209
    0.9827715   -0.0016783
    0.9825657   -0.0016356
    0.9823588   -0.0015925
    0.9821506   -0.0015492
    0.9819413   -0.0015057
    0.9817307   -0.0014619
    0.9815190   -0.0014179
    0.9813061   -0.0013737
    0.9810919   -0.0013291
    0.9808766   -0.0012844
    0.9806601   -0.0012393
    0.9804424   -0.0011941
    0.9802235   -0.0011486
    0.9800034   -0.0011028
    0.9797821   -0.0010568
    0.9795596   -0.0010105
    0.9793359   -0.0009640
    0.9791110   -0.0009173
    0.9788849   -0.0008703
    0.9786577   -0.0008230
    0.9784292   -0.0007755
    0.9781996   -0.0007278
    0.9779688   -0.0006798
    0.9777368   -0.0006316
    0.9775036   -0.0005831
    0.9772692   -0.0005344
    0.9770336   -0.0004854
    0.9767968   -0.0004362
    0.9765589   -0.0003867
    0.9763198   -0.0003370
    0.9760794   -0.0002870
    0.9758379   -0.0002368
    0.9755953   -0.0001864
    0.9753514   -0.0001357
    0.9751064   -0.0000847
    0.9748601   -0.0000336
    0.9746127    0.0000179
    0.9743641    0.0000695
    0.9741144    0.0001215
    0.9738634    0.0001736
    0.9736113    0.0002260
    0.9733580    0.0002787
    0.9731035    0.0003316
    0.9728479    0.0003847
    0.9725910    0.0004381
    0.9723330    0.0004918
    0.9720738    0.0005456
    0.9718135    0.0005998
    0.9715520    0.0006541
    0.9712893    0.0007087
    0.9710254    0.0007636
    0.9707603    0.0008187
    0.9704941    0.0008740
    0.9702268    0.0009296
    0.9699582    0.0009854
    0.9696885    0.0010415
    0.9694176    0.0010978
    0.9691455    0.0011543
    0.9688723    0.0012111
    0.9685979    0.0012681
    0.9683224    0.0013254
    0.9680457    0.0013829
    0.9677678    0.0014407
    0.9674887    0.0014987
    0.9672085    0.0015569
    0.9669272    0.0016154
    0.9666446    0.0016741
    0.9663609    0.0017331
    0.9660761    0.0017923
    0.9657901    0.0018517
    0.9655029    0.0019114
    0.9652146    0.0019713
    0.9649251    0.0020315
    0.9646345    0.0020919
    0.9643427    0.0021525
    0.9640497    0.0022134
    0.9637556    0.0022745
    0.9634604    0.0023359
    0.9631640    0.0023975
    0.9628664    0.0024593
    0.9625677    0.0025214
    0.9622678    0.0025837
    0.9619668    0.0026462
    0.9616647    0.0027090
    0.9613613    0.0027720
    0.9610569    0.0028353
    0.9607513    0.0028988
    0.9604445    0.0029625
    0.9601367    0.0030265
    0.9598276    0.0030907
    0.9595174    0.0031552
    0.9592061    0.0032199
    0.9588936    0.0032848
    0.9585800    0.0033499
    0.9582653    0.0034153
    0.9579494    0.0034810
    0.9576324    0.0035468
    0.9573142    0.0036129
    0.9569949    0.0036793
    0.9566745    0.0037458
    0.9563529    0.0038127
    0.9560302    0.0038797
    0.9557064    0.0039470
    0.9553814    0.0040145
    0.9550553    0.0040822
    0.9547280    0.0041502
    0.9543997    0.0042184
    0.9540701    0.0042869
    0.9537395    0.0043556
    0.9534078    0.0044245
    0.9530749    0.0044936
    0.9527409    0.0045630
    0.9524057    0.0046326
    0.9520694    0.0047025
    0.9517321    0.0047725
    0.9513935    0.0048429
    0.9510539    0.0049134
    0.9507131    0.0049842
    0.9503713    0.0050552
    0.9500283    0.0051264
    0.9496841    0.0051979
    0.9493389    0.0052696
    0.9489925    0.0053415
    0.9486451    0.0054137
    0.9482965    0.0054861
    0.9479468    0.0055587
    0.9475959    0.0056316
    0.9472440    0.0057046
    0.9468910    0.0057780
    0.9465368    0.0058515
    0.9461815    0.0059253
    0.9458252    0.0059993
    0.9454677    0.0060735
    0.9451091    0.0061480
    0.9447494    0.0062226
    0.9443886    0.0062976
    0.9440266    0.0063727
    0.9436636    0.0064481
    0.9432995    0.0065237
    0.9429343    0.0065995
    0.9425679    0.0066756
    0.9422005    0.0067518
    0.9418320    0.0068283
    0.9414624    0.0069051
    0.9410916    0.0069820
    0.9407198    0.0070592
    0.9403469    0.0071366
    0.9399729    0.0072143
    0.9395977    0.0072921
    0.9392215    0.0073702
    0.9388442    0.0074486
    0.9384658    0.0075271
    0.9380864    0.0076059
    0.9377058    0.0076848
    0.9373241    0.0077641
    0.9369414    0.0078435
    0.9365575    0.0079232
    0.9361726    0.0080030
    0.9357866    0.0080832
    0.9353995    0.0081635
    0.9350113    0.0082440
    0.9346221    0.0083248
    0.9342317    0.0084058
    0.9338403    0.0084870
    0.9334478    0.0085685
    0.9330542    0.0086501
    0.9326596    0.0087320
    0.9322638    0.0088141
    0.9318670    0.0088965
    0.9314691    0.0089790
    0.9310702    0.0090618
    0.9306701    0.0091448
    0.9302690    0.0092280
    0.9298668    0.0093114
    0.9294636    0.0093951
    0.9290593    0.0094789
    0.9286539    0.0095630
    0.9282474    0.0096473
    0.9278399    0.0097319
    0.9274314    0.0098166
    0.9270217    0.0099016
    0.9266110    0.0099868
    0.9261992    0.0100722
    0.9257864    0.0101578
    0.9253725    0.0102436
    0.9249576    0.0103297
    0.9245415    0.0104159
    0.9241245    0.0105024
    0.9237064    0.0105891
    0.9232872    0.0106760
    0.9228670    0.0107632
    0.9224457    0.0108505
    0.9220233    0.0109381
    0.9216000    0.0110259
    0.9211755    0.0111139
    0.9207500    0.0112021
    0.9203235    0.0112905
    0.9198959    0.0113791
    0.9194673    0.0114680
    0.9190376    0.0115571
    0.9186069    0.0116463
    0.9181752    0.0117358
    0.9177424    0.0118255
    0.9173085    0.0119154
    0.9168737    0.0120056
    0.9164378    0.0120959
    0.9160008    0.0121865
    0.9155628    0.0122772
    0.9151238    0.0123682
    0.9146838    0.0124594
    0.9142427    0.0125508
    0.9138006    0.0126424
    0.9133574    0.0127342
    0.9129132    0.0128263
    0.9124680    0.0129185
    0.9120218    0.0130109
    0.9115745    0.0131036
    0.9111262    0.0131965
    0.9106769    0.0132895
    0.9102266    0.0133828
    0.9097752    0.0134763
    0.9093229    0.0135700
    0.9088695    0.0136639
    0.9084151    0.0137580
    0.9079596    0.0138523
    0.9075032    0.0139469
    0.9070457    0.0140416
    0.9065873    0.0141365
    0.9061278    0.0142317
    0.9056673    0.0143270
    0.9052058    0.0144226
    0.9047432    0.0145184
    0.9042797    0.0146143
    0.9038152    0.0147105
    0.9033496    0.0148069
    0.9028831    0.0149035
    0.9024156    0.0150002
    0.9019470    0.0150972
    0.9014774    0.0151944
    0.9010069    0.0152918
    0.9005353    0.0153894
    0.9000628    0.0154872
    0.8995892    0.0155852
    0.8991147    0.0156834
    0.8986392    0.0157818
    0.8981626    0.0158804
    0.8976851    0.0159792
    0.8972066    0.0160782
    0.8967271    0.0161774
    0.8962466    0.0162768
    0.8957651    0.0163764
    0.8952826    0.0164762
    0.8947992    0.0165763
    0.8943148    0.0166765
    0.8938293    0.0167769
    0.8933429    0.0168775
    0.8928556    0.0169783
    0.8923672    0.0170793
    0.8918779    0.0171804
    0.8913875    0.0172818
    0.8908963    0.0173834
    0.8904040    0.0174852
    0.8899108    0.0175872
    0.8894165    0.0176894
    0.8889214    0.0177917
    0.8884252    0.0178943
    0.8879281    0.0179971
    0.8874300    0.0181000
    0.8869310    0.0182032
    0.8864309    0.0183065
    0.8859300    0.0184101
    0.8854280    0.0185138
    0.8849251    0.0186177
    0.8844213    0.0187218
    0.8839164    0.0188261
    0.8834107    0.0189306
    0.8829039    0.0190353
    0.8823962    0.0191402
    0.8818876    0.0192453
    0.8813780    0.0193505
    0.8808674    0.0194560
    0.8803559    0.0195616
    0.8798435    0.0196674
    0.8793301    0.0197734
    0.8788158    0.0198796
    0.8783005    0.0199860
    0.8777842    0.0200926
    0.8772671    0.0201994
    0.8767489    0.0203063
    0.8762299    0.0204134
    0.8757099    0.0205207
    0.8751890    0.0206282
    0.8746671    0.0207359
    0.8741443    0.0208438
    0.8736206    0.0209518
    0.8730959    0.0210601
    0.8725703    0.0211685
    0.8720437    0.0212771
    0.8715163    0.0213858
    0.8709879    0.0214948
    0.8704586    0.0216039
    0.8699283    0.0217132
    0.8693972    0.0218227
    0.8688651    0.0219324
    0.8683321    0.0220422
    0.8677981    0.0221523
    0.8672633    0.0222625
    0.8667275    0.0223728
    0.8661908    0.0224834
    0.8656532    0.0225941
    0.8651147    0.0227050
    0.8645753    0.0228161
    0.8640350    0.0229273
    0.8634937    0.0230388
    0.8629516    0.0231504
    0.8624085    0.0232621
    0.8618645    0.0233741
    0.8613196    0.0234862
    0.8607739    0.0235985
    0.8602272    0.0237109
    0.8596796    0.0238235
    0.8591311    0.0239363
    0.8585817    0.0240493
    0.8580315    0.0241624
    0.8574803    0.0242757
    0.8569282    0.0243892
    0.8563753    0.0245028
    0.8558214    0.0246166
    0.8552667    0.0247305
    0.8547110    0.0248447
    0.8541545    0.0249589
    0.8535971    0.0250734
    0.8530388    0.0251880
    0.8524797    0.0253028
    0.8519196    0.0254177
    0.8513587    0.0255328
    0.8507968    0.0256481
    0.8502341    0.0257635
    0.8496706    0.0258791
    0.8491061    0.0259948
    0.8485408    0.0261107
    0.8479746    0.0262267
    0.8474075    0.0263429
    0.8468396    0.0264593
    0.8462708    0.0265758
    0.8457011    0.0266925
    0.8451305    0.0268093
    0.8445591    0.0269263
    0.8439869    0.0270435
    0.8434137    0.0271607
    0.8428397    0.0272782
    0.8422649    0.0273958
    0.8416892    0.0275135
    0.8411126    0.0276314
    0.8405351    0.0277495
    0.8399569    0.0278677
    0.8393777    0.0279860
    0.8387977    0.0281045
    0.8382169    0.0282231
    0.8376352    0.0283419
    0.8370527    0.0284608
    0.8364693    0.0285799
    0.8358851    0.0286991
    0.8353000    0.0288185
    0.8347141    0.0289380
    0.8341273    0.0290576
    0.8335397    0.0291774
    0.8329513    0.0292973
    0.8323620    0.0294174
    0.8317719    0.0295376
    0.8311810    0.0296579
    0.8305892    0.0297784
    0.8299966    0.0298990
    0.8294032    0.0300198
    0.8288089    0.0301407
    0.8282138    0.0302617
    0.8276179    0.0303828
    0.8270212    0.0305041
    0.8264236    0.0306256
    0.8258252    0.0307471
    0.8252260    0.0308688
    0.8246260    0.0309906
    0.8240252    0.0311126
    0.8234235    0.0312346
    0.8228210    0.0313569
    0.8222177    0.0314792
    0.8216137    0.0316016
    0.8210087    0.0317242
    0.8204030    0.0318469
    0.8197965    0.0319698
    0.8191892    0.0320927
    0.8185810    0.0322158
    0.8179721    0.0323390
    0.8173624    0.0324623
    0.8167518    0.0325858
    0.8161405    0.0327093
    0.8155283    0.0328330
    0.8149154    0.0329568
    0.8143017    0.0330807
    0.8136872    0.0332047
    0.8130718    0.0333289
    0.8124557    0.0334531
    0.8118388    0.0335775
    0.8112212    0.0337020
    0.8106027    0.0338266
    0.8099834    0.0339513
    0.8093634    0.0340761
    0.8087426    0.0342010
    0.8081210    0.0343260
    0.8074986    0.0344512
    0.8068754    0.0345764
    0.8062515    0.0347018
    0.8056268    0.0348272
    0.8050013    0.0349527
    0.8043750    0.0350784
    0.8037480    0.0352042
    0.8031202    0.0353300
    0.8024916    0.0354560
    0.8018623    0.0355820
    0.8012322    0.0357081
    0.8006013    0.0358344
    0.7999697    0.0359607
    0.7993373    0.0360872
    0.7987042    0.0362137
    0.7980703    0.0363403
    0.7974356    0.0364670
    0.7968002    0.0365938
    0.7961640    0.0367207
    0.7955271    0.0368476
    0.7948894    0.0369747
    0.7942510    0.0371018
    0.7936118    0.0372290
    0.7929719    0.0373563
    0.7923312    0.0374837
    0.7916898    0.0376112
    0.7910476    0.0377387
    0.7904047    0.0378663
    0.7897611    0.0379940
    0.7891167    0.0381218
    0.7884716    0.0382496
    0.7878258    0.0383776
    0.7871792    0.0385055
    0.7865319    0.0386336
    0.7858838    0.0387617
    0.7852350    0.0388899
    0.7845855    0.0390182
    0.7839353    0.0391465
    0.7832843    0.0392749
    0.7826326    0.0394033
    0.7819802    0.0395318
    0.7813271    0.0396604
    0.7806733    0.0397890
    0.7800187    0.0399177
    0.7793634    0.0400464
    0.7787074    0.0401752
    0.7780507    0.0403041
    0.7773933    0.0404330
    0.7767351    0.0405619
    0.7760763    0.0406909
    0.7754167    0.0408199
    0.7747564    0.0409490
    0.7740955    0.0410781
    0.7734338    0.0412073
    0.7727714    0.0413365
    0.7721083    0.0414657
    0.7714445    0.0415950
    0.7707800    0.0417243
    0.7701148    0.0418536
    0.7694490    0.0419830
    0.7687824    0.0421123
    0.7681151    0.0422418
    0.7674472    0.0423712
    0.7667785    0.0425007
    0.7661092    0.0426302
    0.7654391    0.0427597
    0.7647684    0.0428892
    0.7640970    0.0430188
    0.7634249    0.0431483
    0.7627521    0.0432779
    0.7620787    0.0434075
    0.7614046    0.0435371
    0.7607298    0.0436667
    0.7600543    0.0437963
    0.7593781    0.0439259
    0.7587013    0.0440555
    0.7580238    0.0441851
    0.7573456    0.0443147
    0.7566667    0.0444443
    0.7559872    0.0445739
    0.7553070    0.0447035
    0.7546262    0.0448331
    0.7539446    0.0449627
    0.7532625    0.0450922
    0.7525796    0.0452218
    0.7518961    0.0453513
    0.7512120    0.0454808
    0.7505271    0.0456103
    0.7498417    0.0457398
    0.7491555    0.0458692
    0.7484688    0.0459987
    0.7477813    0.0461280
    0.7470932    0.0462574
    0.7464045    0.0463867
    0.7457151    0.0465160
    0.7450251    0.0466453
    0.7443344    0.0467745
    0.7436431    0.0469037
    0.7429512    0.0470329
    0.7422586    0.0471620
    0.7415653    0.0472910
    0.7408715    0.0474200
    0.7401770    0.0475490
    0.7394818    0.0476779
    0.7387861    0.0478068
    0.7380896    0.0479356
    0.7373926    0.0480643
    0.7366950    0.0481930
    0.7359967    0.0483216
    0.7352978    0.0484502
    0.7345982    0.0485787
    0.7338981    0.0487071
    0.7331973    0.0488355
    0.7324959    0.0489638
    0.7317939    0.0490920
    0.7310912    0.0492202
    0.7303880    0.0493483
    0.7296841    0.0494763
    0.7289796    0.0496042
    0.7282745    0.0497321
    0.7275689    0.0498599
    0.7268626    0.0499875
    0.7261556    0.0501151
    0.7254481    0.0502427
    0.7247400    0.0503701
    0.7240313    0.0504974
    0.7233220    0.0506247
    0.7226121    0.0507518
    0.7219016    0.0508789
    0.7211905    0.0510058
    0.7204788    0.0511327
    0.7197665    0.0512594
    0.7190536    0.0513861
    0.7183401    0.0515126
    0.7176261    0.0516391
    0.7169114    0.0517654
    0.7161962    0.0518916
    0.7154804    0.0520178
    0.7147640    0.0521438
    0.7140471    0.0522697
    0.7133295    0.0523954
    0.7126114    0.0525211
    0.7118927    0.0526467
    0.7111735    0.0527721
    0.7104536    0.0528974
    0.7097332    0.0530226
    0.7090123    0.0531476
    0.7082907    0.0532726
    0.7075686    0.0533974
    0.7068460    0.0535221
    0.7061227    0.0536466
    0.7053989    0.0537711
    0.7046746    0.0538954
    0.7039497    0.0540195
    0.7032243    0.0541436
    0.7024983    0.0542675
    0.7017717    0.0543912
    0.7010446    0.0545148
    0.7003170    0.0546383
    0.6995888    0.0547617
    0.6988600    0.0548849
    0.6981308    0.0550080
    0.6974009    0.0551309
    0.6966706    0.0552537
    0.6959397    0.0553763
    0.6952083    0.0554988
    0.6944763    0.0556211
    0.6937438    0.0557433
    0.6930108    0.0558654
    0.6922772    0.0559873
    0.6915432    0.0561091
    0.6908086    0.0562307
    0.6900735    0.0563521
    0.6893378    0.0564735
    0.6886017    0.0565947
    0.6878650    0.0567157
    0.6871278    0.0568366
    0.6863901    0.0569574
    0.6856520    0.0570781
    0.6849132    0.0571986
    0.6841740    0.0573190
    0.6834343    0.0574393
    0.6826941    0.0575594
    0.6819534    0.0576794
    0.6812122    0.0577993
    0.6804706    0.0579191
    0.6797284    0.0580387
    0.6789857    0.0581583
    0.6782426    0.0582777
    0.6774989    0.0583970
    0.6767548    0.0585162
    0.6760102    0.0586352
    0.6752652    0.0587542
    0.6745196    0.0588731
    0.6737736    0.0589918
    0.6730271    0.0591105
    0.6722802    0.0592290
    0.6715327    0.0593475
    0.6707849    0.0594658
    0.6700365    0.0595841
    0.6692877    0.0597022
    0.6685384    0.0598203
    0.6677887    0.0599383
    0.6670386    0.0600561
    0.6662879    0.0601739
    0.6655369    0.0602916
    0.6647854    0.0604092
    0.6640334    0.0605268
    0.6632810    0.0606442
    0.6625282    0.0607616
    0.6617749    0.0608789
    0.6610212    0.0609961
    0.6602670    0.0611132
    0.6595125    0.0612303
    0.6587575    0.0613473
    0.6580020    0.0614642
    0.6572462    0.0615810
    0.6564899    0.0616978
    0.6557332    0.0618145
    0.6549761    0.0619312
    0.6542186    0.0620477
    0.6534606    0.0621643
    0.6527023    0.0622807
    0.6519435    0.0623971
    0.6511844    0.0625135
    0.6504248    0.0626298
    0.6496648    0.0627460
    0.6489044    0.0628622
    0.6481437    0.0629784
    0.6473825    0.0630945
    0.6466209    0.0632105
    0.6458590    0.0633266
    0.6450967    0.0634425
    0.6443339    0.0635584
    0.6435708    0.0636743
    0.6428073    0.0637902
    0.6420435    0.0639060
    0.6412792    0.0640218
    0.6405146    0.0641375
    0.6397496    0.0642533
    0.6389842    0.0643690
    0.6382185    0.0644846
    0.6374524    0.0646003
    0.6366859    0.0647159
    0.6359191    0.0648315
    0.6351519    0.0649470
    0.6343843    0.0650626
    0.6336164    0.0651781
    0.6328481    0.0652937
    0.6320795    0.0654092
    0.6313106    0.0655247
    0.6305413    0.0656402
    0.6297716    0.0657557
    0.6290016    0.0658711
    0.6282313    0.0659866
    0.6274606    0.0661021
    0.6266896    0.0662176
    0.6259182    0.0663330
    0.6251466    0.0664485
    0.6243746    0.0665640
    0.6236022    0.0666795
    0.6228296    0.0667950
    0.6220566    0.0669105
    0.6212833    0.0670260
    0.6205097    0.0671416
    0.6197357    0.0672571
    0.6189615    0.0673727
    0.6181869    0.0674883
    0.6174120    0.0676039
    0.6166369    0.0677195
    0.6158614    0.0678352
    0.6150856    0.0679508
    0.6143095    0.0680665
    0.6135331    0.0681823
    0.6127565    0.0682980
    0.6119795    0.0684139
    0.6112022    0.0685298
    0.6104246    0.0686452
    0.6096470    0.0687627
    0.6088681    0.0688736
    0.6080880    0.0689771
    0.6073076    0.0690815
    0.6065269    0.0691853
    0.6057459    0.0692889
    0.6049646    0.0693922
    0.6041830    0.0694951
    0.6034010    0.0695978
    0.6026187    0.0697001
    0.6018361    0.0698021
    0.6010532    0.0699038
    0.6002700    0.0700052
    0.5994864    0.0701062
    0.5987026    0.0702069
    0.5979185    0.0703073
    0.5971340    0.0704074
    0.5963493    0.0705072
    0.5955642    0.0706066
    0.5947789    0.0707057
    0.5939933    0.0708045
    0.5932073    0.0709029
    0.5924211    0.0710010
    0.5916346    0.0710988
    0.5908478    0.0711962
    0.5900608    0.0712934
    0.5892734    0.0713901
    0.5884858    0.0714865
    0.5876979    0.0715826
    0.5869097    0.0716784
    0.5861212    0.0717738
    0.5853325    0.0718688
    0.5845435    0.0719636
    0.5837542    0.0720579
    0.5829647    0.0721519
    0.5821749    0.0722456
    0.5813848    0.0723389
    0.5805945    0.0724319
    0.5798039    0.0725245
    0.5790131    0.0726168
    0.5782220    0.0727087
    0.5774306    0.0728002
    0.5766390    0.0728914
    0.5758472    0.0729822
    0.5750551    0.0730727
    0.5742627    0.0731628
    0.5734702    0.0732525
    0.5726773    0.0733419
    0.5718843    0.0734309
    0.5710910    0.0735195
    0.5702975    0.0736078
    0.5695037    0.0736957
    0.5687097    0.0737832
    0.5679155    0.0738704
    0.5671210    0.0739572
    0.5663264    0.0740436
    0.5655315    0.0741297
    0.5647364    0.0742154
    0.5639411    0.0743007
    0.5631455    0.0743857
    0.5623498    0.0744703
    0.5615538    0.0745545
    0.5607577    0.0746384
    0.5599613    0.0747219
    0.5591647    0.0748050
    0.5583679    0.0748877
    0.5575710    0.0749701
    0.5567738    0.0750521
    0.5559764    0.0751338
    0.5551789    0.0752151
    0.5543811    0.0752960
    0.5535832    0.0753765
    0.5527851    0.0754567
    0.5519868    0.0755365
    0.5511883    0.0756160
    0.5503896    0.0756951
    0.5495908    0.0757738
    0.5487917    0.0758521
    0.5479925    0.0759301
    0.5471932    0.0760077
    0.5463936    0.0760850
    0.5455939    0.0761619
    0.5447941    0.0762384
    0.5439941    0.0763145
    0.5431939    0.0763903
    0.5423935    0.0764657
    0.5415930    0.0765408
    0.5407924    0.0766155
    0.5399916    0.0766898
    0.5391906    0.0767637
    0.5383895    0.0768373
    0.5375883    0.0769105
    0.5367869    0.0769834
    0.5359854    0.0770559
    0.5351837    0.0771280
    0.5343819    0.0771998
    0.5335800    0.0772711
    0.5327779    0.0773422
    0.5319757    0.0774128
    0.5311734    0.0774831
    0.5303710    0.0775531
    0.5295684    0.0776226
    0.5287657    0.0776918
    0.5279629    0.0777607
    0.5271600    0.0778291
    0.5263569    0.0778972
    0.5255538    0.0779650
    0.5247505    0.0780323
    0.5239471    0.0780993
    0.5231437    0.0781660
    0.5223401    0.0782322
    0.5215364    0.0782981
    0.5207326    0.0783636
    0.5199288    0.0784288
    0.5191248    0.0784936
    0.5183207    0.0785580
    0.5175166    0.0786221
    0.5167123    0.0786857
    0.5159080    0.0787491
    0.5151036    0.0788120
    0.5142991    0.0788746
    0.5134945    0.0789368
    0.5126899    0.0789986
    0.5118852    0.0790601
    0.5110804    0.0791212
    0.5102755    0.0791819
    0.5094706    0.0792423
    0.5086656    0.0793023
    0.5078605    0.0793619
    0.5070554    0.0794211
    0.5062502    0.0794800
    0.5054449    0.0795385
    0.5046396    0.0795966
    0.5038343    0.0796544
    0.5030288    0.0797118
    0.5022234    0.0797688
    0.5014179    0.0798255
    0.5006123    0.0798818
    0.4998067    0.0799377
    0.4990011    0.0799932
    0.4981954    0.0800484
    0.4973897    0.0801031
    0.4965840    0.0801576
    0.4957782    0.0802116
    0.4949724    0.0802653
    0.4941666    0.0803186
    0.4933607    0.0803715
    0.4925548    0.0804241
    0.4917489    0.0804763
    0.4909430    0.0805281
    0.4901370    0.0805795
    0.4893311    0.0806305
    0.4885251    0.0806812
    0.4877191    0.0807315
    0.4869131    0.0807814
    0.4861072    0.0808310
    0.4853012    0.0808801
    0.4844952    0.0809289
    0.4836892    0.0809773
    0.4828832    0.0810254
    0.4820772    0.0810730
    0.4812712    0.0811203
    0.4804652    0.0811672
    0.4796592    0.0812137
    0.4788533    0.0812598
    0.4780473    0.0813055
    0.4772414    0.0813509
    0.4764355    0.0813959
    0.4756296    0.0814405
    0.4748238    0.0814847
    0.4740179    0.0815285
    0.4732121    0.0815720
    0.4724064    0.0816150
    0.4716006    0.0816577
    0.4707949    0.0817000
    0.4699893    0.0817419
    0.4691836    0.0817834
    0.4683780    0.0818245
    0.4675725    0.0818653
    0.4667670    0.0819056
    0.4659615    0.0819456
    0.4651561    0.0819852
    0.4643508    0.0820244
    0.4635455    0.0820632
    0.4627402    0.0821016
    0.4619351    0.0821396
    0.4611299    0.0821772
    0.4603249    0.0822145
    0.4595199    0.0822513
    0.4587150    0.0822878
    0.4579101    0.0823238
    0.4571053    0.0823595
    0.4563006    0.0823948
    0.4554960    0.0824297
    0.4546914    0.0824642
    0.4538869    0.0824983
    0.4530825    0.0825321
    0.4522782    0.0825654
    0.4514740    0.0825984
    0.4506698    0.0826309
    0.4498658    0.0826631
    0.4490618    0.0826949
    0.4482580    0.0827263
    0.4474542    0.0827573
    0.4466506    0.0827879
    0.4458470    0.0828181
    0.4450436    0.0828480
    0.4442402    0.0828774
    0.4434370    0.0829065
    0.4426338    0.0829352
    0.4418308    0.0829635
    0.4410279    0.0829914
    0.4402251    0.0830189
    0.4394225    0.0830461
    0.4386199    0.0830728
    0.4378175    0.0830992
    0.4370152    0.0831252
    0.4362130    0.0831508
    0.4354110    0.0831760
    0.4346091    0.0832008
    0.4338073    0.0832253
    0.4330057    0.0832493
    0.4322042    0.0832730
    0.4314029    0.0832963
    0.4306017    0.0833192
    0.4298006    0.0833418
    0.4289997    0.0833639
    0.4281989    0.0833857
    0.4273983    0.0834071
    0.4265978    0.0834281
    0.4257975    0.0834487
    0.4249974    0.0834689
    0.4241974    0.0834888
    0.4233976    0.0835083
    0.4225979    0.0835274
    0.4217984    0.0835461
    0.4209991    0.0835645
    0.4202000    0.0835824
    0.4194010    0.0836000
    0.4186022    0.0836172
    0.4178036    0.0836341
    0.4170051    0.0836505
    0.4162069    0.0836666
    0.4154088    0.0836823
    0.4146109    0.0836976
    0.4138132    0.0837126
    0.4130157    0.0837272
    0.4122184    0.0837414
    0.4114212    0.0837552
    0.4106243    0.0837687
    0.4098276    0.0837818
    0.4090311    0.0837946
    0.4082348    0.0838069
    0.4074386    0.0838189
    0.4066427    0.0838306
    0.4058470    0.0838418
    0.4050516    0.0838527
    0.4042563    0.0838632
    0.4034612    0.0838734
    0.4026664    0.0838832
    0.4018718    0.0838927
    0.4010774    0.0839017
    0.4002832    0.0839105
    0.3994893    0.0839188
    0.3986956    0.0839268
    0.3979021    0.0839344
    0.3971089    0.0839417
    0.3963159    0.0839486
    0.3955231    0.0839552
    0.3947306    0.0839614
    0.3939383    0.0839672
    0.3931462    0.0839727
    0.3923544    0.0839778
    0.3915629    0.0839826
    0.3907716    0.0839870
    0.3899805    0.0839911
    0.3891897    0.0839948
    0.3883992    0.0839982
    0.3876089    0.0840012
    0.3868189    0.0840039
    0.3860292    0.0840062
    0.3852397    0.0840082
    0.3844505    0.0840098
    0.3836615    0.0840110
    0.3828728    0.0840120
    0.3820844    0.0840125
    0.3812963    0.0840127
    0.3805085    0.0840126
    0.3797209    0.0840121
    0.3789336    0.0840113
    0.3781466    0.0840101
    0.3773599    0.0840086
    0.3765734    0.0840068
    0.3757873    0.0840045
    0.3750015    0.0840020
    0.3742159    0.0839991
    0.3734307    0.0839958
    0.3726457    0.0839922
    0.3718611    0.0839882
    0.3710767    0.0839839
    0.3702927    0.0839793
    0.3695089    0.0839743
    0.3687255    0.0839689
    0.3679424    0.0839632
    0.3671596    0.0839572
    0.3663771    0.0839508
    0.3655949    0.0839441
    0.3648131    0.0839370
    0.3640315    0.0839296
    0.3632503    0.0839218
    0.3624695    0.0839137
    0.3616889    0.0839052
    0.3609087    0.0838964
    0.3601288    0.0838872
    0.3593492    0.0838777
    0.3585700    0.0838678
    0.3577912    0.0838576
    0.3570126    0.0838471
    0.3562344    0.0838362
    0.3554566    0.0838249
    0.3546791    0.0838133
    0.3539019    0.0838014
    0.3531251    0.0837891
    0.3523487    0.0837765
    0.3515726    0.0837635
    0.3507968    0.0837502
    0.3500215    0.0837365
    0.3492464    0.0837225
    0.3484718    0.0837082
    0.3476975    0.0836935
    0.3469236    0.0836784
    0.3461500    0.0836630
    0.3453769    0.0836473
    0.3446040    0.0836312
    0.3438316    0.0836148
    0.3430596    0.0835980
    0.3422879    0.0835809
    0.3415166    0.0835635
    0.3407457    0.0835457
    0.3399752    0.0835275
    0.3392051    0.0835090
    0.3384353    0.0834902
    0.3376660    0.0834710
    0.3368970    0.0834515
    0.3361285    0.0834316
    0.3353603    0.0834114
    0.3345926    0.0833909
    0.3338252    0.0833700
    0.3330583    0.0833487
    0.3322917    0.0833272
    0.3315256    0.0833052
    0.3307599    0.0832830
    0.3299946    0.0832604
    0.3292297    0.0832374
    0.3284652    0.0832141
    0.3277011    0.0831905
    0.3269375    0.0831665
    0.3261743    0.0831422
    0.3254115    0.0831176
    0.3246491    0.0830926
    0.3238872    0.0830672
    0.3231257    0.0830416
    0.3223646    0.0830156
    0.3216040    0.0829892
    0.3208438    0.0829625
    0.3200841    0.0829355
    0.3193248    0.0829081
    0.3185659    0.0828804
    0.3178075    0.0828523
    0.3170495    0.0828239
    0.3162920    0.0827953
    0.3155347    0.0827659
    0.3147783    0.0827367
    0.3140245    0.0827095
    0.3132475    0.0826564
    0.3125907    0.0827326
    0.3118262    0.0826914
    0.3109584    0.0825373
    0.3102584    0.0825642
    0.3094969    0.0825236
    0.3087393    0.0824865
    0.3079904    0.0824578
    0.3072375    0.0824241
    0.3064859    0.0823908
    0.3057351    0.0823576
    0.3049845    0.0823238
    0.3042344    0.0822897
    0.3034848    0.0822553
    0.3027358    0.0822206
    0.3019872    0.0821856
    0.3012390    0.0821502
    0.3004914    0.0821145
    0.2997443    0.0820784
    0.2989977    0.0820421
    0.2982516    0.0820054
    0.2975059    0.0819684
    0.2967608    0.0819311
    0.2960162    0.0818935
    0.2952721    0.0818555
    0.2945284    0.0818173
    0.2937853    0.0817787
    0.2930428    0.0817398
    0.2923007    0.0817005
    0.2915591    0.0816610
    0.2908181    0.0816212
    0.2900776    0.0815810
    0.2893375    0.0815405
    0.2885981    0.0814998
    0.2878591    0.0814587
    0.2871207    0.0814173
    0.2863828    0.0813755
    0.2856454    0.0813335
    0.2849086    0.0812912
    0.2841723    0.0812486
    0.2834365    0.0812056
    0.2827013    0.0811623
    0.2819666    0.0811188
    0.2812325    0.0810749
    0.2804989    0.0810307
    0.2797658    0.0809862
    0.2790333    0.0809414
    0.2783014    0.0808963
    0.2775700    0.0808509
    0.2768391    0.0808052
    0.2761088    0.0807591
    0.2753791    0.0807127
    0.2746499    0.0806661
    0.2739213    0.0806191
    0.2731933    0.0805718
    0.2724658    0.0805242
    0.2717389    0.0804763
    0.2710126    0.0804280
    0.2702868    0.0803795
    0.2695616    0.0803306
    0.2688370    0.0802814
    0.2681130    0.0802319
    0.2673895    0.0801821
    0.2666667    0.0801320
    0.2659444    0.0800816
    0.2652227    0.0800308
    0.2645016    0.0799798
    0.2637811    0.0799284
    0.2630611    0.0798767
    0.2623418    0.0798247
    0.2616231    0.0797724
    0.2609049    0.0797197
    0.2601874    0.0796667
    0.2594705    0.0796135
    0.2587541    0.0795599
    0.2580384    0.0795059
    0.2573233    0.0794517
    0.2566088    0.0793972
    0.2558949    0.0793423
    0.2551816    0.0792871
    0.2544690    0.0792316
    0.2537569    0.0791758
    0.2530455    0.0791197
    0.2523347    0.0790632
    0.2516245    0.0790064
    0.2509150    0.0789493
    0.2502061    0.0788919
    0.2494978    0.0788342
    0.2487901    0.0787762
    0.2480831    0.0787178
    0.2473767    0.0786591
    0.2466709    0.0786002
    0.2459658    0.0785408
    0.2452614    0.0784812
    0.2445575    0.0784213
    0.2438543    0.0783610
    0.2431518    0.0783004
    0.2424499    0.0782395
    0.2417487    0.0781783
    0.2410481    0.0781168
    0.2403482    0.0780550
    0.2396489    0.0779928
    0.2389503    0.0779303
    0.2382523    0.0778675
    0.2375550    0.0778044
    0.2368584    0.0777410
    0.2361625    0.0776772
    0.2354672    0.0776132
    0.2347726    0.0775488
    0.2340786    0.0774841
    0.2333854    0.0774191
    0.2326928    0.0773538
    0.2320008    0.0772881
    0.2313096    0.0772221
    0.2306191    0.0771559
    0.2299292    0.0770893
    0.2292400    0.0770224
    0.2285515    0.0769552
    0.2278637    0.0768876
    0.2271766    0.0768198
    0.2264902    0.0767516
    0.2258044    0.0766831
    0.2251194    0.0766143
    0.2244351    0.0765452
    0.2237515    0.0764758
    0.2230685    0.0764060
    0.2223863    0.0763360
    0.2217048    0.0762656
    0.2210240    0.0761949
    0.2203439    0.0761239
    0.2196645    0.0760526
    0.2189859    0.0759810
    0.2183079    0.0759090
    0.2176307    0.0758368
    0.2169542    0.0757642
    0.2162784    0.0756913
    0.2156033    0.0756181
    0.2149290    0.0755446
    0.2142554    0.0754708
    0.2135825    0.0753966
    0.2129104    0.0753222
    0.2122390    0.0752474
    0.2115683    0.0751724
    0.2108983    0.0750970
    0.2102291    0.0750213
    0.2095607    0.0749453
    0.2088930    0.0748690
    0.2082260    0.0747924
    0.2075598    0.0747154
    0.2068943    0.0746382
    0.2062296    0.0745606
    0.2055656    0.0744827
    0.2049024    0.0744046
    0.2042399    0.0743261
    0.2035782    0.0742473
    0.2029173    0.0741682
    0.2022571    0.0740887
    0.2015977    0.0740090
    0.2009390    0.0739289
    0.2002811    0.0738486
    0.1996240    0.0737679
    0.1989677    0.0736870
    0.1983121    0.0736057
    0.1976573    0.0735241
    0.1970033    0.0734422
    0.1963500    0.0733599
    0.1956976    0.0732774
    0.1950459    0.0731946
    0.1943950    0.0731114
    0.1937449    0.0730280
    0.1930956    0.0729442
    0.1924470    0.0728601
    0.1917993    0.0727758
    0.1911524    0.0726911
    0.1905062    0.0726061
    0.1898609    0.0725207
    0.1892163    0.0724351
    0.1885726    0.0723492
    0.1879296    0.0722630
    0.1872875    0.0721764
    0.1866461    0.0720895
    0.1860056    0.0720024
    0.1853659    0.0719149
    0.1847270    0.0718271
    0.1840889    0.0717390
    0.1834517    0.0716506
    0.1828152    0.0715619
    0.1821796    0.0714729
    0.1815448    0.0713836
    0.1809108    0.0712940
    0.1802776    0.0712040
    0.1796453    0.0711138
    0.1790138    0.0710233
    0.1783831    0.0709324
    0.1777533    0.0708412
    0.1771243    0.0707498
    0.1764961    0.0706580
    0.1758688    0.0705659
    0.1752423    0.0704736
    0.1746166    0.0703809
    0.1739918    0.0702879
    0.1733679    0.0701946
    0.1727447    0.0701010
    0.1721225    0.0700071
    0.1715011    0.0699128
    0.1708805    0.0698183
    0.1702608    0.0697235
    0.1696420    0.0696284
    0.1690240    0.0695330
    0.1684069    0.0694372
    0.1677906    0.0693412
    0.1671752    0.0692449
    0.1665607    0.0691482
    0.1659470    0.0690513
    0.1653342    0.0689541
    0.1647223    0.0688565
    0.1641112    0.0687587
    0.1635010    0.0686605
    0.1628917    0.0685621
    0.1622833    0.0684633
    0.1616758    0.0683643
    0.1610691    0.0682650
    0.1604633    0.0681653
    0.1598585    0.0680654
    0.1592544    0.0679651
    0.1586513    0.0678646
    0.1580491    0.0677638
    0.1574478    0.0676626
    0.1568474    0.0675612
    0.1562478    0.0674594
    0.1556492    0.0673574
    0.1550514    0.0672551
    0.1544546    0.0671524
    0.1538587    0.0670495
    0.1532637    0.0669462
    0.1526696    0.0668427
    0.1520763    0.0667389
    0.1514841    0.0666347
    0.1508927    0.0665303
    0.1503022    0.0664256
    0.1497127    0.0663205
    0.1491240    0.0662152
    0.1485363    0.0661096
    0.1479496    0.0660036
    0.1473637    0.0658974
    0.1467788    0.0657908
    0.1461948    0.0656840
    0.1456117    0.0655769
    0.1450296    0.0654694
    0.1444484    0.0653617
    0.1438681    0.0652537
    0.1432888    0.0651453
    0.1427104    0.0650367
    0.1421329    0.0649278
    0.1415564    0.0648185
    0.1409809    0.0647090
    0.1404062    0.0645992
    0.1398326    0.0644890
    0.1392599    0.0643786
    0.1386881    0.0642679
    0.1381173    0.0641569
    0.1375475    0.0640455
    0.1369786    0.0639339
    0.1364106    0.0638220
    0.1358437    0.0637098
    0.1352776    0.0635973
    0.1347126    0.0634844
    0.1341485    0.0633713
    0.1335854    0.0632579
    0.1330233    0.0631442
    0.1324621    0.0630302
    0.1319019    0.0629159
    0.1313427    0.0628013
    0.1307845    0.0626864
    0.1302272    0.0625713
    0.1296710    0.0624558
    0.1291157    0.0623400
    0.1285614    0.0622239
    0.1280081    0.0621076
    0.1274557    0.0619909
    0.1269044    0.0618740
    0.1263540    0.0617567
    0.1258047    0.0616392
    0.1252563    0.0615213
    0.1247090    0.0614032
    0.1241626    0.0612848
    0.1236173    0.0611661
    0.1230729    0.0610471
    0.1225296    0.0609278
    0.1219872    0.0608082
    0.1214459    0.0606883
    0.1209056    0.0605682
    0.1203663    0.0604477
    0.1198280    0.0603270
    0.1192907    0.0602060
    0.1187544    0.0600846
    0.1182192    0.0599630
    0.1176850    0.0598411
    0.1171518    0.0597190
    0.1166196    0.0595965
    0.1160884    0.0594737
    0.1155583    0.0593507
    0.1150292    0.0592274
    0.1145012    0.0591038
    0.1139741    0.0589799
    0.1134482    0.0588557
    0.1129232    0.0587312
    0.1123993    0.0586065
    0.1118764    0.0584815
    0.1113546    0.0583561
    0.1108338    0.0582306
    0.1103140    0.0581047
    0.1097953    0.0579785
    0.1092777    0.0578521
    0.1087611    0.0577254
    0.1082456    0.0575984
    0.1077311    0.0574711
    0.1072176    0.0573436
    0.1067053    0.0572158
    0.1061939    0.0570877
    0.1056837    0.0569593
    0.1051745    0.0568307
    0.1046664    0.0567018
    0.1041593    0.0565726
    0.1036533    0.0564431
    0.1031484    0.0563134
    0.1026445    0.0561833
    0.1021418    0.0560531
    0.1016401    0.0559225
    0.1011394    0.0557917
    0.1006399    0.0556606
    0.1001414    0.0555292
    0.0996440    0.0553976
    0.0991477    0.0552657
    0.0986525    0.0551336
    0.0981584    0.0550011
    0.0976654    0.0548685
    0.0971734    0.0547355
    0.0966825    0.0546023
    0.0961928    0.0544688
    0.0957041    0.0543351
    0.0952165    0.0542011
    0.0947301    0.0540668
    0.0942447    0.0539323
    0.0937604    0.0537975
    0.0932772    0.0536625
    0.0927952    0.0535272
    0.0923142    0.0533917
    0.0918344    0.0532559
    0.0913556    0.0531198
    0.0908780    0.0529835
    0.0904015    0.0528470
    0.0899261    0.0527102
    0.0894518    0.0525731
    0.0889786    0.0524358
    0.0885066    0.0522983
    0.0880357    0.0521605
    0.0875659    0.0520225
    0.0870972    0.0518842
    0.0866296    0.0517457
    0.0861632    0.0516070
    0.0856979    0.0514680
    0.0852337    0.0513288
    0.0847707    0.0511893
    0.0843088    0.0510497
    0.0838480    0.0509097
    0.0833884    0.0507696
    0.0829299    0.0506292
    0.0824725    0.0504886
    0.0820163    0.0503478
    0.0815612    0.0502067
    0.0811073    0.0500654
    0.0806545    0.0499239
    0.0802029    0.0497822
    0.0797524    0.0496402
    0.0793030    0.0494981
    0.0788548    0.0493557
    0.0784078    0.0492131
    0.0779619    0.0490703
    0.0775172    0.0489273
    0.0770736    0.0487840
    0.0766312    0.0486406
    0.0761899    0.0484969
    0.0757498    0.0483530
    0.0753109    0.0482090
    0.0748731    0.0480647
    0.0744365    0.0479202
    0.0740011    0.0477755
    0.0735668    0.0476307
    0.0731337    0.0474856
    0.0727017    0.0473403
    0.0722710    0.0471948
    0.0718414    0.0470492
    0.0714130    0.0469033
    0.0709858    0.0467572
    0.0705597    0.0466110
    0.0701348    0.0464645
    0.0697111    0.0463179
    0.0692886    0.0461711
    0.0688673    0.0460241
    0.0684472    0.0458769
    0.0680282    0.0457295
    0.0676105    0.0455819
    0.0671939    0.0454341
    0.0667785    0.0452862
    0.0663644    0.0451381
    0.0659514    0.0449898
    0.0655396    0.0448413
    0.0651290    0.0446926
    0.0647196    0.0445438
    0.0643115    0.0443948
    0.0639045    0.0442456
    0.0634987    0.0440962
    0.0630942    0.0439467
    0.0626908    0.0437970
    0.0622886    0.0436471
    0.0618877    0.0434971
    0.0614880    0.0433468
    0.0610895    0.0431965
    0.0606922    0.0430459
    0.0602961    0.0428952
    0.0599013    0.0427443
    0.0595076    0.0425933
    0.0591152    0.0424421
    0.0587240    0.0422908
    0.0583340    0.0421393
    0.0579453    0.0419876
    0.0575578    0.0418358
    0.0571715    0.0416838
    0.0567864    0.0415317
    0.0564026    0.0413795
    0.0560200    0.0412270
    0.0556387    0.0410745
    0.0552585    0.0409218
    0.0548797    0.0407689
    0.0545020    0.0406160
    0.0541256    0.0404628
    0.0537504    0.0403096
    0.0533765    0.0401562
    0.0530038    0.0400026
    0.0526324    0.0398490
    0.0522622    0.0396952
    0.0518933    0.0395412
    0.0515256    0.0393872
    0.0511592    0.0392330
    0.0507940    0.0390787
    0.0504301    0.0389243
    0.0500674    0.0387697
    0.0497060    0.0386150
    0.0493458    0.0384602
    0.0489869    0.0383053
    0.0486293    0.0381503
    0.0482729    0.0379951
    0.0479178    0.0378399
    0.0475639    0.0376845
    0.0472113    0.0375290
    0.0468600    0.0373735
    0.0465100    0.0372178
    0.0461612    0.0370620
    0.0458137    0.0369061
    0.0454674    0.0367501
    0.0451225    0.0365940
    0.0447788    0.0364378
    0.0444364    0.0362816
    0.0440952    0.0361252
    0.0437554    0.0359687
    0.0434168    0.0358122
    0.0430795    0.0356556
    0.0427435    0.0354988
    0.0424088    0.0353420
    0.0420753    0.0351852
    0.0417432    0.0350282
    0.0414123    0.0348712
    0.0410827    0.0347141
    0.0407544    0.0345569
    0.0404274    0.0343996
    0.0401017    0.0342423
    0.0397773    0.0340849
    0.0394542    0.0339274
    0.0391323    0.0337699
    0.0388118    0.0336124
    0.0384926    0.0334547
    0.0381747    0.0332970
    0.0378580    0.0331393
    0.0375427    0.0329815
    0.0372287    0.0328236
    0.0369159    0.0326657
    0.0366045    0.0325078
    0.0362944    0.0323498
    0.0359856    0.0321918
    0.0356781    0.0320338
    0.0353719    0.0318757
    0.0350670    0.0317175
    0.0347635    0.0315594
    0.0344612    0.0314012
    0.0341603    0.0312430
    0.0338606    0.0310848
    0.0335623    0.0309265
    0.0332653    0.0307683
    0.0329696    0.0306100
    0.0326753    0.0304517
    0.0323822    0.0302934
    0.0320905    0.0301351
    0.0318001    0.0299768
    0.0315110    0.0298185
    0.0312232    0.0296602
    0.0309368    0.0295019
    0.0306516    0.0293436
    0.0303678    0.0291853
    0.0300853    0.0290271
    0.0298042    0.0288688
    0.0295244    0.0287106
    0.0292459    0.0285524
    0.0289687    0.0283942
    0.0286928    0.0282360
    0.0284183    0.0280779
    0.0281451    0.0279198
    0.0278733    0.0277617
    0.0276028    0.0276036
    0.0273336    0.0274456
    0.0270657    0.0272877
    0.0267992    0.0271298
    0.0265340    0.0269719
    0.0262702    0.0268141
    0.0260077    0.0266563
    0.0257465    0.0264986
    0.0254867    0.0263410
    0.0252282    0.0261834
    0.0249710    0.0260259
    0.0247152    0.0258684
    0.0244608    0.0257110
    0.0242076    0.0255537
    0.0239559    0.0253965
    0.0237054    0.0252393
    0.0234563    0.0250822
    0.0232086    0.0249252
    0.0229622    0.0247683
    0.0227171    0.0246115
    0.0224734    0.0244547
    0.0222311    0.0242981
    0.0219901    0.0241416
    0.0217504    0.0239852
    0.0215121    0.0238288
    0.0212751    0.0236726
    0.0210395    0.0235165
    0.0208052    0.0233606
    0.0205723    0.0232047
    0.0203408    0.0230490
    0.0201105    0.0228933
    0.0198817    0.0227379
    0.0196542    0.0225825
    0.0194280    0.0224273
    0.0192032    0.0222722
    0.0189798    0.0221173
    0.0187577    0.0219625
    0.0185369    0.0218079
    0.0183176    0.0216534
    0.0180995    0.0214991
    0.0178829    0.0213449
    0.0176675    0.0211909
    0.0174536    0.0210371
    0.0172410    0.0208835
    0.0170297    0.0207300
    0.0168198    0.0205767
    0.0166113    0.0204236
    0.0164041    0.0202706
    0.0161983    0.0201179
    0.0159938    0.0199653
    0.0157907    0.0198129
    0.0155890    0.0196607
    0.0153886    0.0195087
    0.0151896    0.0193569
    0.0149920    0.0192053
    0.0147958    0.0190539
    0.0146009    0.0189027
    0.0144074    0.0187517
    0.0142152    0.0186009
    0.0140244    0.0184504
    0.0138351    0.0183000
    0.0136470    0.0181499
    0.0134604    0.0179999
    0.0132751    0.0178503
    0.0130912    0.0177008
    0.0129087    0.0175516
    0.0127275    0.0174026
    0.0125478    0.0172538
    0.0123694    0.0171053
    0.0121923    0.0169571
    0.0120167    0.0168091
    0.0118424    0.0166613
    0.0116696    0.0165138
    0.0114980    0.0163666
    0.0113279    0.0162196
    0.0111592    0.0160730
    0.0109918    0.0159266
    0.0108258    0.0157804
    0.0106612    0.0156346
    0.0104979    0.0154890
    0.0103361    0.0153438
    0.0101756    0.0151988
    0.0100164    0.0150542
    0.0098587    0.0149098
    0.0097023    0.0147658
    0.0095473    0.0146221
    0.0093936    0.0144787
    0.0092414    0.0143357
    0.0090905    0.0141930
    0.0089409    0.0140507
    0.0087927    0.0139086
    0.0086459    0.0137670
    0.0085005    0.0136257
    0.0083563    0.0134848
    0.0082136    0.0133442
    0.0080722    0.0132041
    0.0079322    0.0130643
    0.0077935    0.0129249
    0.0076561    0.0127859
    0.0075201    0.0126473
    0.0073855    0.0125091
    0.0072522    0.0123714
    0.0071202    0.0122340
    0.0069896    0.0120971
    0.0068603    0.0119606
    0.0067323    0.0118246
    0.0066057    0.0116890
    0.0064804    0.0115538
    0.0063564    0.0114191
    0.0062338    0.0112849
    0.0061125    0.0111511
    0.0059925    0.0110178
    0.0058738    0.0108850
    0.0057564    0.0107526
    0.0056404    0.0106208
    0.0055257    0.0104894
    0.0054123    0.0103585
    0.0053002    0.0102282
    0.0051895    0.0100983
    0.0050800    0.0099690
    0.0049719    0.0098401
    0.0048651    0.0097118
    0.0047596    0.0095840
    0.0046554    0.0094567
    0.0045526    0.0093300
    0.0044510    0.0092037
    0.0043508    0.0090781
    0.0042519    0.0089529
    0.0041543    0.0088284
    0.0040580    0.0087043
    0.0039630    0.0085809
    0.0038694    0.0084580
    0.0037770    0.0083357
    0.0036860    0.0082139
    0.0035962    0.0080928
    0.0035078    0.0079722
    0.0034206    0.0078522
    0.0033348    0.0077328
    0.0032503    0.0076140
    0.0031670    0.0074959
    0.0030851    0.0073783
    0.0030045    0.0072614
    0.0029251    0.0071451
    0.0028471    0.0070294
    0.0027703    0.0069143
    0.0026949    0.0067999
    0.0026207    0.0066862
    0.0025479    0.0065731
    0.0024763    0.0064606
    0.0024060    0.0063489
    0.0023369    0.0062378
    0.0022692    0.0061274
    0.0022027    0.0060177
    0.0021375    0.0059086
    0.0020736    0.0058003
    0.0020110    0.0056927
    0.0019496    0.0055858
    0.0018895    0.0054796
    0.0018307    0.0053742
    0.0017731    0.0052694
    0.0017168    0.0051655
    0.0016617    0.0050622
    0.0016079    0.0049598
    0.0015554    0.0048581
    0.0015041    0.0047571
    0.0014540    0.0046570
    0.0014052    0.0045576
    0.0013575    0.0044591
    0.0013110    0.0043614
    0.0012657    0.0042646
    0.0012215    0.0041686
    0.0011784    0.0040735
    0.0011364    0.0039793
    0.0010954    0.0038859
    0.0010555    0.0037935
    0.0010167    0.0037021
    0.0009788    0.0036116
    0.0009419    0.0035220
    0.0009060    0.0034334
    0.0008710    0.0033458
    0.0008370    0.0032591
    0.0008039    0.0031735
    0.0007716    0.0030889
    0.0007403    0.0030053
    0.0007098    0.0029227
    0.0006802    0.0028411
    0.0006514    0.0027606
    0.0006234    0.0026811
    0.0005962    0.0026027
    0.0005698    0.0025254
    0.0005442    0.0024491
    0.0005193    0.0023739
    0.0004952    0.0022998
    0.0004718    0.0022268
    0.0004492    0.0021548
    0.0004272    0.0020840
    0.0004060    0.0020143
    0.0003854    0.0019457
    0.0003655    0.0018782
    0.0003463    0.0018119
    0.0003277    0.0017467
    0.0003097    0.0016826
    0.0002924    0.0016196
    0.0002757    0.0015578
    0.0002596    0.0014971
    0.0002441    0.0014376
    0.0002292    0.0013793
    0.0002148    0.0013221
    0.0002011    0.0012660
    0.0001878    0.0012112
    0.0001751    0.0011575
    0.0001630    0.0011050
    0.0001513    0.0010536
    0.0001402    0.0010035
    0.0001296    0.0009545
    0.0001195    0.0009067
    0.0001099    0.0008602
    0.0001007    0.0008148
    0.0000921    0.0007706
    0.0000839    0.0007276
    0.0000762    0.0006858
    0.0000689    0.0006452
    0.0000620    0.0006058
    0.0000556    0.0005677
    0.0000496    0.0005307
    0.0000440    0.0004950
    0.0000388    0.0004605
    0.0000340    0.0004272
    0.0000296    0.0003952
    0.0000255    0.0003643
    0.0000218    0.0003348
    0.0000185    0.0003064
    0.0000155    0.0002793
    0.0000128    0.0002534
    0.0000104    0.0002288
    0.0000084    0.0002054
    0.0000067    0.0001832
    0.0000052    0.0001623
    0.0000040    0.0001427
    0.0000030    0.0001243
    0.0000022    0.0001072
    0.0000016    0.0000914
    0.0000011    0.0000768
    0.0000007    0.0000635
    0.0000004    0.0000514
    0.0000003    0.0000406
    0.0000001    0.0000311
    0.0000001    0.0000228
    0.0000000    0.0000159
   -0.0000000    0.0000102
   -0.0000000    0.0000057
   -0.0000000    0.0000025
   -0.0000000    0.0000006
    0.0000000    0.0000000
   -0.0000000   -0.0000006
   -0.0000000   -0.0000025
    0.0000000   -0.0000056
    0.0000000   -0.0000099
    0.0000000   -0.0000155
    0.0000001   -0.0000223
    0.0000002   -0.0000303
    0.0000003   -0.0000396
    0.0000005   -0.0000502
    0.0000008   -0.0000619
    0.0000012   -0.0000749
    0.0000016   -0.0000892
    0.0000022   -0.0001046
    0.0000030   -0.0001213
    0.0000039   -0.0001393
    0.0000050   -0.0001584
    0.0000063   -0.0001788
    0.0000079   -0.0002004
    0.0000096   -0.0002233
    0.0000116   -0.0002473
    0.0000139   -0.0002726
    0.0000164   -0.0002991
    0.0000193   -0.0003268
    0.0000225   -0.0003558
    0.0000260   -0.0003859
    0.0000301   -0.0004172
    0.0000346   -0.0004497
    0.0000398   -0.0004833
    0.0000457   -0.0005181
    0.0000524   -0.0005540
    0.0000600   -0.0005910
    0.0000689   -0.0006290
    0.0000791   -0.0006679
    0.0000913   -0.0007075
    0.0001068   -0.0007473
    0.0001293   -0.0007850
    0.0001558   -0.0008216
    0.0001848   -0.0008578
    0.0002159   -0.0008940
    0.0002486   -0.0009303
    0.0002830   -0.0009668
    0.0003189   -0.0010035
    0.0003563   -0.0010405
    0.0003951   -0.0010777
    0.0004354   -0.0011153
    0.0004770   -0.0011533
    0.0005199   -0.0011916
    0.0005640   -0.0012304
    0.0006095   -0.0012695
    0.0006563   -0.0013091
    0.0007043   -0.0013490
    0.0007537   -0.0013893
    0.0008042   -0.0014301
    0.0008561   -0.0014712
    0.0009092   -0.0015128
    0.0009635   -0.0015547
    0.0010191   -0.0015971
    0.0010759   -0.0016399
    0.0011339   -0.0016831
    0.0011932   -0.0017267
    0.0012536   -0.0017708
    0.0013153   -0.0018153
    0.0013782   -0.0018602
    0.0014423   -0.0019056
    0.0015075   -0.0019514
    0.0015741   -0.0019976
    0.0016419   -0.0020441
    0.0017110   -0.0020908
    0.0017815   -0.0021377
    0.0018534   -0.0021847
    0.0019267   -0.0022317
    0.0020016   -0.0022787
    0.0020779   -0.0023256
    0.0021558   -0.0023724
    0.0022351   -0.0024191
    0.0023160   -0.0024656
    0.0023984   -0.0025119
    0.0024823   -0.0025580
    0.0025677   -0.0026040
    0.0026545   -0.0026499
    0.0027428   -0.0026956
    0.0028325   -0.0027412
    0.0029236   -0.0027868
    0.0030162   -0.0028323
    0.0031101   -0.0028778
    0.0032054   -0.0029232
    0.0033020   -0.0029687
    0.0034000   -0.0030141
    0.0034993   -0.0030596
    0.0036000   -0.0031052
    0.0037019   -0.0031508
    0.0038052   -0.0031966
    0.0039097   -0.0032424
    0.0040156   -0.0032884
    0.0041227   -0.0033345
    0.0042311   -0.0033807
    0.0043407   -0.0034271
    0.0044516   -0.0034736
    0.0045638   -0.0035203
    0.0046773   -0.0035671
    0.0047919   -0.0036141
    0.0049079   -0.0036613
    0.0050251   -0.0037087
    0.0051435   -0.0037562
    0.0052632   -0.0038039
    0.0053842   -0.0038517
    0.0055063   -0.0038998
    0.0056298   -0.0039480
    0.0057544   -0.0039963
    0.0058803   -0.0040449
    0.0060075   -0.0040936
    0.0061359   -0.0041425
    0.0062655   -0.0041915
    0.0063964   -0.0042408
    0.0065285   -0.0042902
    0.0066618   -0.0043397
    0.0067964   -0.0043895
    0.0069322   -0.0044393
    0.0070693   -0.0044894
    0.0072076   -0.0045396
    0.0073472   -0.0045899
    0.0074879   -0.0046404
    0.0076299   -0.0046911
    0.0077732   -0.0047419
    0.0079177   -0.0047928
    0.0080634   -0.0048439
    0.0082104   -0.0048951
    0.0083586   -0.0049464
    0.0085081   -0.0049979
    0.0086588   -0.0050494
    0.0088107   -0.0051011
    0.0089639   -0.0051529
    0.0091183   -0.0052048
    0.0092740   -0.0052568
    0.0094309   -0.0053089
    0.0095891   -0.0053611
    0.0097485   -0.0054133
    0.0099092   -0.0054657
    0.0100711   -0.0055181
    0.0102342   -0.0055705
    0.0103987   -0.0056230
    0.0105643   -0.0056756
    0.0107312   -0.0057282
    0.0108994   -0.0057808
    0.0110689   -0.0058334
    0.0112396   -0.0058860
    0.0114115   -0.0059387
    0.0115848   -0.0059913
    0.0117592   -0.0060439
    0.0119350   -0.0060965
    0.0121120   -0.0061490
    0.0122903   -0.0062015
    0.0124699   -0.0062539
    0.0126508   -0.0063062
    0.0128329   -0.0063585
    0.0130163   -0.0064106
    0.0132010   -0.0064627
    0.0133869   -0.0065146
    0.0135742   -0.0065664
    0.0137627   -0.0066181
    0.0139525   -0.0066696
    0.0141436   -0.0067209
    0.0143360   -0.0067721
    0.0145297   -0.0068231
    0.0147246   -0.0068739
    0.0149209   -0.0069244
    0.0151184   -0.0069748
    0.0153172   -0.0070250
    0.0155174   -0.0070749
    0.0157188   -0.0071246
    0.0159214   -0.0071741
    0.0161254   -0.0072234
    0.0163307   -0.0072725
    0.0165372   -0.0073213
    0.0167450   -0.0073699
    0.0169541   -0.0074182
    0.0171645   -0.0074663
    0.0173761   -0.0075141
    0.0175891   -0.0075617
    0.0178033   -0.0076091
    0.0180187   -0.0076561
    0.0182355   -0.0077030
    0.0184535   -0.0077496
    0.0186728   -0.0077959
    0.0188933   -0.0078420
    0.0191151   -0.0078878
    0.0193382   -0.0079334
    0.0195626   -0.0079787
    0.0197882   -0.0080237
    0.0200150   -0.0080686
    0.0202431   -0.0081131
    0.0204725   -0.0081574
    0.0207031   -0.0082014
    0.0209350   -0.0082452
    0.0211681   -0.0082888
    0.0214025   -0.0083320
    0.0216381   -0.0083751
    0.0218749   -0.0084179
    0.0221130   -0.0084604
    0.0223524   -0.0085027
    0.0225930   -0.0085448
    0.0228348   -0.0085866
    0.0230778   -0.0086282
    0.0233221   -0.0086695
    0.0235676   -0.0087107
    0.0238143   -0.0087516
    0.0240623   -0.0087923
    0.0243115   -0.0088327
    0.0245619   -0.0088730
    0.0248135   -0.0089130
    0.0250664   -0.0089529
    0.0253205   -0.0089926
    0.0255757   -0.0090320
    0.0258322   -0.0090713
    0.0260899   -0.0091104
    0.0263488   -0.0091494
    0.0266089   -0.0091881
    0.0268703   -0.0092267
    0.0271328   -0.0092652
    0.0273965   -0.0093035
    0.0276614   -0.0093417
    0.0279275   -0.0093798
    0.0281948   -0.0094177
    0.0284633   -0.0094555
    0.0287330   -0.0094932
    0.0290039   -0.0095308
    0.0292759   -0.0095683
    0.0295492   -0.0096057
    0.0298236   -0.0096431
    0.0300992   -0.0096803
    0.0303760   -0.0097175
    0.0306539   -0.0097546
    0.0309331   -0.0097917
    0.0312134   -0.0098286
    0.0314949   -0.0098655
    0.0317775   -0.0099022
    0.0320614   -0.0099389
    0.0323464   -0.0099755
    0.0326326   -0.0100120
    0.0329200   -0.0100484
    0.0332085   -0.0100847
    0.0334982   -0.0101209
    0.0337891   -0.0101571
    0.0340811   -0.0101931
    0.0343743   -0.0102290
    0.0346687   -0.0102648
    0.0349643   -0.0103006
    0.0352610   -0.0103362
    0.0355589   -0.0103717
    0.0358580   -0.0104072
    0.0361582   -0.0104425
    0.0364595   -0.0104777
    0.0367621   -0.0105128
    0.0370658   -0.0105478
    0.0373707   -0.0105826
    0.0376767   -0.0106174
    0.0379839   -0.0106520
    0.0382922   -0.0106866
    0.0386017   -0.0107210
    0.0389124   -0.0107553
    0.0392242   -0.0107894
    0.0395372   -0.0108235
    0.0398513   -0.0108574
    0.0401666   -0.0108912
    0.0404831   -0.0109249
    0.0408006   -0.0109584
    0.0411194   -0.0109918
    0.0414393   -0.0110251
    0.0417603   -0.0110582
    0.0420825   -0.0110912
    0.0424059   -0.0111241
    0.0427304   -0.0111568
    0.0430560   -0.0111894
    0.0433828   -0.0112219
    0.0437107   -0.0112542
    0.0440398   -0.0112863
    0.0443700   -0.0113183
    0.0447014   -0.0113502
    0.0450339   -0.0113819
    0.0453675   -0.0114135
    0.0457023   -0.0114449
    0.0460382   -0.0114762
    0.0463752   -0.0115073
    0.0467134   -0.0115383
    0.0470528   -0.0115691
    0.0473932   -0.0115998
    0.0477348   -0.0116302
    0.0480776   -0.0116606
    0.0484214   -0.0116907
    0.0487664   -0.0117207
    0.0491125   -0.0117506
    0.0494598   -0.0117802
    0.0498082   -0.0118097
    0.0501577   -0.0118391
    0.0505083   -0.0118682
    0.0508601   -0.0118972
    0.0512130   -0.0119260
    0.0515670   -0.0119547
    0.0519221   -0.0119831
    0.0522784   -0.0120114
    0.0526358   -0.0120395
    0.0529943   -0.0120674
    0.0533539   -0.0120951
    0.0537146   -0.0121227
    0.0540765   -0.0121500
    0.0544395   -0.0121772
    0.0548036   -0.0122042
    0.0551688   -0.0122310
    0.0555351   -0.0122576
    0.0559025   -0.0122840
    0.0562710   -0.0123102
    0.0566407   -0.0123363
    0.0570114   -0.0123621
    0.0573833   -0.0123878
    0.0577562   -0.0124133
    0.0581303   -0.0124386
    0.0585055   -0.0124637
    0.0588818   -0.0124886
    0.0592591   -0.0125134
    0.0596376   -0.0125379
    0.0600172   -0.0125623
    0.0603979   -0.0125864
    0.0607797   -0.0126104
    0.0611625   -0.0126342
    0.0615465   -0.0126578
    0.0619316   -0.0126813
    0.0623177   -0.0127045
    0.0627050   -0.0127276
    0.0630933   -0.0127505
    0.0634827   -0.0127732
    0.0638732   -0.0127957
    0.0642648   -0.0128180
    0.0646575   -0.0128401
    0.0650513   -0.0128621
    0.0654461   -0.0128839
    0.0658421   -0.0129055
    0.0662391   -0.0129269
    0.0666372   -0.0129481
    0.0670363   -0.0129692
    0.0674366   -0.0129901
    0.0678379   -0.0130108
    0.0682403   -0.0130313
    0.0686438   -0.0130516
    0.0690484   -0.0130718
    0.0694540   -0.0130918
    0.0698607   -0.0131116
    0.0702684   -0.0131312
    0.0706773   -0.0131507
    0.0710872   -0.0131700
    0.0714981   -0.0131891
    0.0719102   -0.0132080
    0.0723233   -0.0132267
    0.0727374   -0.0132453
    0.0731526   -0.0132637
    0.0735689   -0.0132820
    0.0739863   -0.0133000
    0.0744047   -0.0133179
    0.0748241   -0.0133356
    0.0752446   -0.0133532
    0.0756662   -0.0133705
    0.0760888   -0.0133877
    0.0765125   -0.0134048
    0.0769372   -0.0134216
    0.0773630   -0.0134383
    0.0777898   -0.0134548
    0.0782177   -0.0134712
    0.0786466   -0.0134874
    0.0790765   -0.0135034
    0.0795075   -0.0135193
    0.0799396   -0.0135350
    0.0803727   -0.0135505
    0.0808068   -0.0135659
    0.0812419   -0.0135811
    0.0816781   -0.0135962
    0.0821154   -0.0136110
    0.0825537   -0.0136258
    0.0829930   -0.0136403
    0.0834333   -0.0136547
    0.0838747   -0.0136690
    0.0843171   -0.0136831
    0.0847605   -0.0136970
    0.0852050   -0.0137108
    0.0856505   -0.0137244
    0.0860970   -0.0137379
    0.0865445   -0.0137512
    0.0869931   -0.0137644
    0.0874427   -0.0137774
    0.0878933   -0.0137902
    0.0883449   -0.0138029
    0.0887976   -0.0138155
    0.0892512   -0.0138279
    0.0897059   -0.0138402
    0.0901616   -0.0138523
    0.0906183   -0.0138643
    0.0910761   -0.0138761
    0.0915348   -0.0138878
    0.0919945   -0.0138993
    0.0924553   -0.0139107
    0.0929171   -0.0139220
    0.0933798   -0.0139331
    0.0938436   -0.0139440
    0.0943084   -0.0139549
    0.0947742   -0.0139656
    0.0952409   -0.0139761
    0.0957087   -0.0139865
    0.0961775   -0.0139968
    0.0966473   -0.0140070
    0.0971181   -0.0140170
    0.0975898   -0.0140269
    0.0980626   -0.0140366
    0.0985364   -0.0140463
    0.0990111   -0.0140558
    0.0994868   -0.0140651
    0.0999636   -0.0140744
    0.1004413   -0.0140835
    0.1009200   -0.0140925
    0.1013997   -0.0141014
    0.1018804   -0.0141101
    0.1023620   -0.0141187
    0.1028447   -0.0141272
    0.1033283   -0.0141356
    0.1038129   -0.0141439
    0.1042985   -0.0141520
    0.1047850   -0.0141601
    0.1052726   -0.0141680
    0.1057611   -0.0141758
    0.1062505   -0.0141835
    0.1067410   -0.0141910
    0.1072324   -0.0141985
    0.1077248   -0.0142059
    0.1082182   -0.0142131
    0.1087125   -0.0142203
    0.1092078   -0.0142273
    0.1097040   -0.0142343
    0.1102012   -0.0142411
    0.1106994   -0.0142478
    0.1111986   -0.0142544
    0.1116987   -0.0142610
    0.1121997   -0.0142674
    0.1127017   -0.0142737
    0.1132047   -0.0142799
    0.1137086   -0.0142860
    0.1142135   -0.0142920
    0.1147193   -0.0142979
    0.1152261   -0.0143037
    0.1157338   -0.0143093
    0.1162425   -0.0143149
    0.1167521   -0.0143203
    0.1172627   -0.0143257
    0.1177742   -0.0143309
    0.1182866   -0.0143360
    0.1188000   -0.0143410
    0.1193144   -0.0143459
    0.1198296   -0.0143507
    0.1203459   -0.0143554
    0.1208630   -0.0143600
    0.1213811   -0.0143644
    0.1219001   -0.0143687
    0.1224200   -0.0143730
    0.1229409   -0.0143771
    0.1234627   -0.0143811
    0.1239855   -0.0143849
    0.1245091   -0.0143887
    0.1250337   -0.0143923
    0.1255592   -0.0143959
    0.1260857   -0.0143993
    0.1266130   -0.0144026
    0.1271413   -0.0144057
    0.1276705   -0.0144088
    0.1282006   -0.0144117
    0.1287316   -0.0144145
    0.1292636   -0.0144172
    0.1297964   -0.0144198
    0.1303302   -0.0144223
    0.1308649   -0.0144246
    0.1314005   -0.0144269
    0.1319370   -0.0144290
    0.1324744   -0.0144310
    0.1330127   -0.0144328
    0.1335519   -0.0144346
    0.1340920   -0.0144362
    0.1346331   -0.0144377
    0.1351750   -0.0144391
    0.1357178   -0.0144404
    0.1362615   -0.0144416
    0.1368061   -0.0144426
    0.1373516   -0.0144435
    0.1378980   -0.0144443
    0.1384453   -0.0144450
    0.1389935   -0.0144455
    0.1395426   -0.0144460
    0.1400926   -0.0144463
    0.1406434   -0.0144465
    0.1411951   -0.0144465
    0.1417478   -0.0144465
    0.1423013   -0.0144463
    0.1428556   -0.0144460
    0.1434109   -0.0144456
    0.1439670   -0.0144451
    0.1445240   -0.0144444
    0.1450819   -0.0144436
    0.1456407   -0.0144427
    0.1462003   -0.0144417
    0.1467608   -0.0144406
    0.1473222   -0.0144393
    0.1478845   -0.0144379
    0.1484476   -0.0144364
    0.1490115   -0.0144348
    0.1495764   -0.0144330
    0.1501421   -0.0144311
    0.1507087   -0.0144291
    0.1512761   -0.0144270
    0.1518444   -0.0144247
    0.1524135   -0.0144224
    0.1529835   -0.0144199
    0.1535543   -0.0144173
    0.1541260   -0.0144145
    0.1546986   -0.0144117
    0.1552720   -0.0144087
    0.1558462   -0.0144056
    0.1564213   -0.0144023
    0.1569973   -0.0143990
    0.1575741   -0.0143955
    0.1581517   -0.0143919
    0.1587302   -0.0143882
    0.1593095   -0.0143843
    0.1598896   -0.0143804
    0.1604706   -0.0143763
    0.1610524   -0.0143720
    0.1616351   -0.0143677
    0.1622185   -0.0143633
    0.1628029   -0.0143587
    0.1633880   -0.0143540
    0.1639740   -0.0143492
    0.1645608   -0.0143442
    0.1651484   -0.0143392
    0.1657368   -0.0143340
    0.1663261   -0.0143287
    0.1669162   -0.0143233
    0.1675071   -0.0143178
    0.1680988   -0.0143122
    0.1686914   -0.0143064
    0.1692847   -0.0143005
    0.1698789   -0.0142945
    0.1704739   -0.0142884
    0.1710697   -0.0142822
    0.1716663   -0.0142759
    0.1722637   -0.0142694
    0.1728619   -0.0142629
    0.1734609   -0.0142562
    0.1740607   -0.0142494
    0.1746614   -0.0142425
    0.1752628   -0.0142355
    0.1758650   -0.0142284
    0.1764680   -0.0142211
    0.1770718   -0.0142138
    0.1776764   -0.0142063
    0.1782818   -0.0141988
    0.1788880   -0.0141911
    0.1794950   -0.0141833
    0.1801028   -0.0141754
    0.1807113   -0.0141674
    0.1813206   -0.0141593
    0.1819308   -0.0141511
    0.1825417   -0.0141428
    0.1831533   -0.0141343
    0.1837658   -0.0141258
    0.1843790   -0.0141171
    0.1849930   -0.0141084
    0.1856078   -0.0140995
    0.1862234   -0.0140906
    0.1868397   -0.0140815
    0.1874568   -0.0140724
    0.1880747   -0.0140631
    0.1886933   -0.0140538
    0.1893127   -0.0140443
    0.1899329   -0.0140347
    0.1905538   -0.0140251
    0.1911755   -0.0140153
    0.1917979   -0.0140054
    0.1924211   -0.0139955
    0.1930451   -0.0139854
    0.1936698   -0.0139752
    0.1942952   -0.0139650
    0.1949214   -0.0139546
    0.1955484   -0.0139442
    0.1961761   -0.0139337
    0.1968046   -0.0139231
    0.1974338   -0.0139123
    0.1980637   -0.0139015
    0.1986944   -0.0138907
    0.1993258   -0.0138797
    0.1999580   -0.0138686
    0.2005909   -0.0138575
    0.2012245   -0.0138463
    0.2018589   -0.0138349
    0.2024940   -0.0138236
    0.2031298   -0.0138121
    0.2037664   -0.0138005
    0.2044037   -0.0137889
    0.2050417   -0.0137772
    0.2056804   -0.0137654
    0.2063199   -0.0137536
    0.2069601   -0.0137416
    0.2076010   -0.0137296
    0.2082426   -0.0137176
    0.2088850   -0.0137054
    0.2095280   -0.0136932
    0.2101718   -0.0136809
    0.2108163   -0.0136686
    0.2114615   -0.0136561
    0.2121074   -0.0136437
    0.2127540   -0.0136311
    0.2134013   -0.0136185
    0.2140493   -0.0136058
    0.2146980   -0.0135931
    0.2153475   -0.0135803
    0.2159976   -0.0135675
    0.2166484   -0.0135546
    0.2172999   -0.0135416
    0.2179521   -0.0135286
    0.2186050   -0.0135155
    0.2192586   -0.0135024
    0.2199129   -0.0134892
    0.2205679   -0.0134760
    0.2212236   -0.0134627
    0.2218799   -0.0134494
    0.2225369   -0.0134360
    0.2231946   -0.0134226
    0.2238530   -0.0134092
    0.2245121   -0.0133957
    0.2251719   -0.0133821
    0.2258323   -0.0133686
    0.2264934   -0.0133549
    0.2271551   -0.0133413
    0.2278176   -0.0133276
    0.2284807   -0.0133138
    0.2291445   -0.0133000
    0.2298089   -0.0132862
    0.2304740   -0.0132723
    0.2311398   -0.0132583
    0.2318062   -0.0132444
    0.2324733   -0.0132303
    0.2331410   -0.0132163
    0.2338094   -0.0132022
    0.2344785   -0.0131880
    0.2351482   -0.0131738
    0.2358186   -0.0131595
    0.2364896   -0.0131452
    0.2371612   -0.0131309
    0.2378335   -0.0131165
    0.2385065   -0.0131020
    0.2391800   -0.0130875
    0.2398543   -0.0130729
    0.2405291   -0.0130583
    0.2412046   -0.0130437
    0.2418808   -0.0130290
    0.2425576   -0.0130142
    0.2432350   -0.0129994
    0.2439130   -0.0129845
    0.2445917   -0.0129696
    0.2452709   -0.0129546
    0.2459509   -0.0129396
    0.2466314   -0.0129245
    0.2473126   -0.0129094
    0.2479943   -0.0128942
    0.2486767   -0.0128789
    0.2493598   -0.0128636
    0.2500434   -0.0128482
    0.2507276   -0.0128328
    0.2514125   -0.0128173
    0.2520980   -0.0128018
    0.2527840   -0.0127862
    0.2534707   -0.0127705
    0.2541580   -0.0127548
    0.2548459   -0.0127390
    0.2555344   -0.0127231
    0.2562235   -0.0127072
    0.2569132   -0.0126913
    0.2576035   -0.0126752
    0.2582944   -0.0126591
    0.2589858   -0.0126430
    0.2596779   -0.0126268
    0.2603706   -0.0126105
    0.2610638   -0.0125941
    0.2617576   -0.0125777
    0.2624521   -0.0125612
    0.2631471   -0.0125447
    0.2638426   -0.0125281
    0.2645388   -0.0125114
    0.2652355   -0.0124947
    0.2659328   -0.0124779
    0.2666307   -0.0124610
    0.2673292   -0.0124441
    0.2680282   -0.0124271
    0.2687278   -0.0124101
    0.2694280   -0.0123930
    0.2701287   -0.0123758
    0.2708300   -0.0123585
    0.2715319   -0.0123412
    0.2722343   -0.0123239
    0.2729373   -0.0123065
    0.2736408   -0.0122890
    0.2743449   -0.0122714
    0.2750495   -0.0122538
    0.2757547   -0.0122361
    0.2764605   -0.0122184
    0.2771668   -0.0122006
    0.2778736   -0.0121828
    0.2785810   -0.0121649
    0.2792889   -0.0121469
    0.2799974   -0.0121289
    0.2807064   -0.0121108
    0.2814159   -0.0120926
    0.2821260   -0.0120744
    0.2828366   -0.0120561
    0.2835477   -0.0120378
    0.2842594   -0.0120194
    0.2849716   -0.0120010
    0.2856844   -0.0119825
    0.2863976   -0.0119639
    0.2871114   -0.0119453
    0.2878257   -0.0119266
    0.2885405   -0.0119079
    0.2892559   -0.0118891
    0.2899717   -0.0118702
    0.2906881   -0.0118513
    0.2914050   -0.0118323
    0.2921224   -0.0118133
    0.2928403   -0.0117942
    0.2935587   -0.0117751
    0.2942776   -0.0117559
    0.2949970   -0.0117367
    0.2957170   -0.0117173
    0.2964374   -0.0116980
    0.2971583   -0.0116786
    0.2978797   -0.0116591
    0.2986016   -0.0116396
    0.2993241   -0.0116200
    0.3000470   -0.0116004
    0.3007704   -0.0115807
    0.3014942   -0.0115610
    0.3022186   -0.0115412
    0.3029435   -0.0115214
    0.3036688   -0.0115015
    0.3043946   -0.0114816
    0.3051209   -0.0114616
    0.3058477   -0.0114416
    0.3065749   -0.0114216
    0.3073027   -0.0114015
    0.3080308   -0.0113814
    0.3087595   -0.0113613
    0.3094887   -0.0113411
    0.3102183   -0.0113208
    0.3109483   -0.0113006
    0.3116789   -0.0112803
    0.3124098   -0.0112600
    0.3131413   -0.0112396
    0.3138732   -0.0112192
    0.3146056   -0.0111988
    0.3153384   -0.0111784
    0.3160717   -0.0111579
    0.3168054   -0.0111375
    0.3175396   -0.0111169
    0.3182742   -0.0110964
    0.3190093   -0.0110759
    0.3197448   -0.0110553
    0.3204807   -0.0110347
    0.3212171   -0.0110141
    0.3219540   -0.0109935
    0.3226912   -0.0109729
    0.3234290   -0.0109522
    0.3241671   -0.0109316
    0.3249057   -0.0109109
    0.3256447   -0.0108902
    0.3263841   -0.0108695
    0.3271239   -0.0108488
    0.3278642   -0.0108281
    0.3286049   -0.0108074
    0.3293461   -0.0107867
    0.3300876   -0.0107660
    0.3308296   -0.0107453
    0.3315719   -0.0107246
    0.3323147   -0.0107039
    0.3330579   -0.0106832
    0.3338015   -0.0106625
    0.3345455   -0.0106418
    0.3352900   -0.0106211
    0.3360348   -0.0106004
    0.3367800   -0.0105797
    0.3375256   -0.0105590
    0.3382717   -0.0105383
    0.3390181   -0.0105177
    0.3397649   -0.0104970
    0.3405121   -0.0104763
    0.3412597   -0.0104556
    0.3420077   -0.0104350
    0.3427561   -0.0104143
    0.3435049   -0.0103936
    0.3442540   -0.0103729
    0.3450036   -0.0103522
    0.3457535   -0.0103316
    0.3465038   -0.0103109
    0.3472545   -0.0102902
    0.3480055   -0.0102695
    0.3487569   -0.0102488
    0.3495087   -0.0102281
    0.3502609   -0.0102074
    0.3510134   -0.0101867
    0.3517663   -0.0101660
    0.3525195   -0.0101452
    0.3532732   -0.0101245
    0.3540271   -0.0101038
    0.3547815   -0.0100830
    0.3555361   -0.0100622
    0.3562912   -0.0100415
    0.3570466   -0.0100207
    0.3578023   -0.0099999
    0.3585584   -0.0099791
    0.3593149   -0.0099583
    0.3600716   -0.0099374
    0.3608288   -0.0099166
    0.3615862   -0.0098957
    0.3623440   -0.0098749
    0.3631022   -0.0098540
    0.3638607   -0.0098331
    0.3646195   -0.0098122
    0.3653786   -0.0097912
    0.3661381   -0.0097703
    0.3668979   -0.0097493
    0.3676580   -0.0097283
    0.3684185   -0.0097073
    0.3691792   -0.0096863
    0.3699403   -0.0096653
    0.3707017   -0.0096442
    0.3714634   -0.0096231
    0.3722255   -0.0096020
    0.3729878   -0.0095809
    0.3737505   -0.0095598
    0.3745135   -0.0095386
    0.3752767   -0.0095174
    0.3760403   -0.0094962
    0.3768042   -0.0094750
    0.3775684   -0.0094537
    0.3783329   -0.0094324
    0.3790977   -0.0094111
    0.3798627   -0.0093898
    0.3806281   -0.0093685
    0.3813938   -0.0093471
    0.3821597   -0.0093258
    0.3829260   -0.0093044
    0.3836925   -0.0092830
    0.3844593   -0.0092615
    0.3852264   -0.0092401
    0.3859938   -0.0092186
    0.3867614   -0.0091971
    0.3875294   -0.0091756
    0.3882976   -0.0091540
    0.3890660   -0.0091325
    0.3898348   -0.0091109
    0.3906038   -0.0090893
    0.3913731   -0.0090677
    0.3921426   -0.0090461
    0.3929124   -0.0090244
    0.3936825   -0.0090027
    0.3944528   -0.0089810
    0.3952234   -0.0089593
    0.3959943   -0.0089376
    0.3967654   -0.0089159
    0.3975367   -0.0088941
    0.3983083   -0.0088723
    0.3990802   -0.0088505
    0.3998523   -0.0088287
    0.4006246   -0.0088068
    0.4013972   -0.0087850
    0.4021700   -0.0087631
    0.4029431   -0.0087412
    0.4037163   -0.0087192
    0.4044899   -0.0086973
    0.4052636   -0.0086753
    0.4060376   -0.0086534
    0.4068119   -0.0086314
    0.4075863   -0.0086094
    0.4083610   -0.0085873
    0.4091359   -0.0085653
    0.4099110   -0.0085432
    0.4106863   -0.0085211
    0.4114619   -0.0084990
    0.4122377   -0.0084769
    0.4130136   -0.0084548
    0.4137898   -0.0084326
    0.4145662   -0.0084104
    0.4153429   -0.0083883
    0.4161197   -0.0083660
    0.4168967   -0.0083438
    0.4176739   -0.0083216
    0.4184514   -0.0082993
    0.4192290   -0.0082770
    0.4200068   -0.0082547
    0.4207848   -0.0082324
    0.4215630   -0.0082101
    0.4223414   -0.0081878
    0.4231200   -0.0081654
    0.4238988   -0.0081430
    0.4246777   -0.0081206
    0.4254569   -0.0080982
    0.4262362   -0.0080758
    0.4270157   -0.0080534
    0.4277954   -0.0080309
    0.4285752   -0.0080084
    0.4293553   -0.0079859
    0.4301355   -0.0079634
    0.4309158   -0.0079409
    0.4316964   -0.0079184
    0.4324771   -0.0078958
    0.4332579   -0.0078733
    0.4340389   -0.0078507
    0.4348201   -0.0078281
    0.4356015   -0.0078055
    0.4363830   -0.0077828
    0.4371646   -0.0077602
    0.4379464   -0.0077375
    0.4387284   -0.0077149
    0.4395105   -0.0076922
    0.4402927   -0.0076695
    0.4410751   -0.0076468
    0.4418577   -0.0076240
    0.4426403   -0.0076013
    0.4434232   -0.0075785
    0.4442061   -0.0075558
    0.4449892   -0.0075330
    0.4457724   -0.0075102
    0.4465558   -0.0074874
    0.4473392   -0.0074646
    0.4481228   -0.0074417
    0.4489066   -0.0074189
    0.4496904   -0.0073960
    0.4504744   -0.0073731
    0.4512585   -0.0073502
    0.4520427   -0.0073273
    0.4528270   -0.0073044
    0.4536115   -0.0072814
    0.4543960   -0.0072585
    0.4551807   -0.0072355
    0.4559655   -0.0072125
    0.4567503   -0.0071895
    0.4575353   -0.0071665
    0.4583204   -0.0071434
    0.4591056   -0.0071203
    0.4598908   -0.0070972
    0.4606762   -0.0070741
    0.4614617   -0.0070510
    0.4622472   -0.0070278
    0.4630329   -0.0070046
    0.4638186   -0.0069814
    0.4646044   -0.0069582
    0.4653903   -0.0069349
    0.4661763   -0.0069116
    0.4669624   -0.0068883
    0.4677485   -0.0068650
    0.4685347   -0.0068416
    0.4693210   -0.0068182
    0.4701074   -0.0067948
    0.4708938   -0.0067714
    0.4716803   -0.0067479
    0.4724669   -0.0067244
    0.4732535   -0.0067009
    0.4740402   -0.0066773
    0.4748270   -0.0066537
    0.4756138   -0.0066301
    0.4764007   -0.0066064
    0.4771876   -0.0065827
    0.4779746   -0.0065590
    0.4787616   -0.0065352
    0.4795487   -0.0065114
    0.4803358   -0.0064876
    0.4811230   -0.0064637
    0.4819102   -0.0064398
    0.4826975   -0.0064159
    0.4834848   -0.0063919
    0.4842721   -0.0063679
    0.4850595   -0.0063438
    0.4858469   -0.0063198
    0.4866343   -0.0062956
    0.4874217   -0.0062715
    0.4882092   -0.0062473
    0.4889967   -0.0062230
    0.4897843   -0.0061987
    0.4905718   -0.0061744
    0.4913594   -0.0061501
    0.4921470   -0.0061257
    0.4929346   -0.0061013
    0.4937222   -0.0060769
    0.4945098   -0.0060524
    0.4952975   -0.0060279
    0.4960851   -0.0060034
    0.4968728   -0.0059788
    0.4976604   -0.0059542
    0.4984481   -0.0059296
    0.4992358   -0.0059050
    0.5000234   -0.0058804
    0.5008111   -0.0058557
    0.5015987   -0.0058310
    0.5023864   -0.0058063
    0.5031740   -0.0057816
    0.5039616   -0.0057569
    0.5047492   -0.0057321
    0.5055368   -0.0057074
    0.5063244   -0.0056826
    0.5071120   -0.0056578
    0.5078995   -0.0056330
    0.5086870   -0.0056082
    0.5094745   -0.0055834
    0.5102620   -0.0055586
    0.5110494   -0.0055337
    0.5118368   -0.0055089
    0.5126242   -0.0054841
    0.5134115   -0.0054592
    0.5141988   -0.0054344
    0.5149861   -0.0054096
    0.5157733   -0.0053847
    0.5165605   -0.0053599
    0.5173477   -0.0053350
    0.5181348   -0.0053102
    0.5189218   -0.0052854
    0.5197088   -0.0052605
    0.5204957   -0.0052357
    0.5212826   -0.0052109
    0.5220695   -0.0051861
    0.5228563   -0.0051613
    0.5236430   -0.0051366
    0.5244296   -0.0051118
    0.5252162   -0.0050870
    0.5260028   -0.0050623
    0.5267892   -0.0050376
    0.5275756   -0.0050129
    0.5283620   -0.0049882
    0.5291482   -0.0049635
    0.5299344   -0.0049388
    0.5307205   -0.0049142
    0.5315065   -0.0048896
    0.5322925   -0.0048650
    0.5330783   -0.0048404
    0.5338641   -0.0048158
    0.5346498   -0.0047913
    0.5354354   -0.0047668
    0.5362209   -0.0047423
    0.5370063   -0.0047178
    0.5377917   -0.0046933
    0.5385769   -0.0046689
    0.5393620   -0.0046445
    0.5401471   -0.0046201
    0.5409320   -0.0045957
    0.5417169   -0.0045714
    0.5425016   -0.0045471
    0.5432862   -0.0045228
    0.5440707   -0.0044986
    0.5448551   -0.0044743
    0.5456394   -0.0044501
    0.5464236   -0.0044260
    0.5472076   -0.0044018
    0.5479916   -0.0043777
    0.5487754   -0.0043536
    0.5495591   -0.0043296
    0.5503427   -0.0043055
    0.5511261   -0.0042815
    0.5519094   -0.0042576
    0.5526926   -0.0042337
    0.5534756   -0.0042098
    0.5542586   -0.0041859
    0.5550414   -0.0041621
    0.5558240   -0.0041383
    0.5566065   -0.0041145
    0.5573889   -0.0040908
    0.5581711   -0.0040671
    0.5589532   -0.0040435
    0.5597351   -0.0040199
    0.5605169   -0.0039963
    0.5612985   -0.0039728
    0.5620800   -0.0039493
    0.5628613   -0.0039258
    0.5636424   -0.0039024
    0.5644234   -0.0038791
    0.5652043   -0.0038557
    0.5659850   -0.0038324
    0.5667655   -0.0038092
    0.5675458   -0.0037860
    0.5683260   -0.0037628
    0.5691060   -0.0037396
    0.5698858   -0.0037165
    0.5706655   -0.0036934
    0.5714450   -0.0036704
    0.5722243   -0.0036474
    0.5730034   -0.0036244
    0.5737824   -0.0036015
    0.5745611   -0.0035785
    0.5753397   -0.0035557
    0.5761181   -0.0035328
    0.5768963   -0.0035100
    0.5776743   -0.0034871
    0.5784521   -0.0034644
    0.5792297   -0.0034416
    0.5800071   -0.0034189
    0.5807843   -0.0033961
    0.5815613   -0.0033735
    0.5823381   -0.0033508
    0.5831147   -0.0033281
    0.5838911   -0.0033055
    0.5846673   -0.0032829
    0.5854433   -0.0032603
    0.5862190   -0.0032377
    0.5869946   -0.0032152
    0.5877699   -0.0031926
    0.5885450   -0.0031701
    0.5893199   -0.0031476
    0.5900945   -0.0031251
    0.5908690   -0.0031026
    0.5916432   -0.0030801
    0.5924172   -0.0030577
    0.5931909   -0.0030352
    0.5939644   -0.0030128
    0.5947377   -0.0029903
    0.5955108   -0.0029679
    0.5962836   -0.0029455
    0.5970561   -0.0029231
    0.5978284   -0.0029006
    0.5986005   -0.0028782
    0.5993724   -0.0028558
    0.6001439   -0.0028334
    0.6009153   -0.0028110
    0.6016863   -0.0027886
    0.6024572   -0.0027662
    0.6032277   -0.0027438
    0.6039980   -0.0027214
    0.6047681   -0.0026990
    0.6055379   -0.0026767
    0.6063074   -0.0026543
    0.6070767   -0.0026319
    0.6078457   -0.0026095
    0.6086144   -0.0025871
    0.6093828   -0.0025648
    0.6101510   -0.0025424
    0.6109189   -0.0025201
    0.6116866   -0.0024978
    0.6124539   -0.0024755
    0.6132210   -0.0024532
    0.6139878   -0.0024309
    0.6147543   -0.0024086
    0.6155205   -0.0023864
    0.6162864   -0.0023641
    0.6170520   -0.0023419
    0.6178174   -0.0023197
    0.6185824   -0.0022975
    0.6193472   -0.0022754
    0.6201117   -0.0022532
    0.6208758   -0.0022311
    0.6216397   -0.0022091
    0.6224032   -0.0021870
    0.6231665   -0.0021650
    0.6239294   -0.0021430
    0.6246921   -0.0021210
    0.6254544   -0.0020991
    0.6262164   -0.0020772
    0.6269781   -0.0020553
    0.6277395   -0.0020334
    0.6285006   -0.0020116
    0.6292613   -0.0019898
    0.6300218   -0.0019681
    0.6307819   -0.0019464
    0.6315416   -0.0019247
    0.6323011   -0.0019031
    0.6330602   -0.0018815
    0.6338190   -0.0018600
    0.6345775   -0.0018385
    0.6353356   -0.0018170
    0.6360934   -0.0017956
    0.6368508   -0.0017742
    0.6376080   -0.0017529
    0.6383647   -0.0017316
    0.6391212   -0.0017104
    0.6398772   -0.0016892
    0.6406330   -0.0016680
    0.6413884   -0.0016470
    0.6421434   -0.0016259
    0.6428981   -0.0016049
    0.6436524   -0.0015840
    0.6444064   -0.0015631
    0.6451600   -0.0015423
    0.6459132   -0.0015215
    0.6466661   -0.0015008
    0.6474186   -0.0014801
    0.6481708   -0.0014595
    0.6489226   -0.0014390
    0.6496740   -0.0014185
    0.6504251   -0.0013980
    0.6511757   -0.0013776
    0.6519261   -0.0013573
    0.6526760   -0.0013370
    0.6534255   -0.0013168
    0.6541747   -0.0012967
    0.6549235   -0.0012766
    0.6556719   -0.0012565
    0.6564199   -0.0012365
    0.6571675   -0.0012166
    0.6579148   -0.0011967
    0.6586616   -0.0011769
    0.6594081   -0.0011572
    0.6601541   -0.0011375
    0.6608998   -0.0011179
    0.6616450   -0.0010983
    0.6623899   -0.0010788
    0.6631343   -0.0010594
    0.6638784   -0.0010400
    0.6646220   -0.0010207
    0.6653653   -0.0010015
    0.6661081   -0.0009823
    0.6668505   -0.0009632
    0.6675925   -0.0009442
    0.6683341   -0.0009252
    0.6690753   -0.0009063
    0.6698160   -0.0008874
    0.6705564   -0.0008686
    0.6712963   -0.0008499
    0.6720358   -0.0008313
    0.6727748   -0.0008127
    0.6735134   -0.0007942
    0.6742516   -0.0007757
    0.6749894   -0.0007574
    0.6757267   -0.0007391
    0.6764636   -0.0007209
    0.6772001   -0.0007027
    0.6779361   -0.0006846
    0.6786717   -0.0006666
    0.6794068   -0.0006486
    0.6801415   -0.0006308
    0.6808758   -0.0006130
    0.6816096   -0.0005952
    0.6823429   -0.0005776
    0.6830758   -0.0005600
    0.6838083   -0.0005425
    0.6845403   -0.0005251
    0.6852718   -0.0005077
    0.6860029   -0.0004904
    0.6867335   -0.0004732
    0.6874636   -0.0004560
    0.6881933   -0.0004390
    0.6889225   -0.0004220
    0.6896513   -0.0004050
    0.6903795   -0.0003882
    0.6911074   -0.0003714
    0.6918347   -0.0003547
    0.6925615   -0.0003381
    0.6932879   -0.0003215
    0.6940138   -0.0003050
    0.6947393   -0.0002886
    0.6954642   -0.0002723
    0.6961886   -0.0002560
    0.6969126   -0.0002398
    0.6976361   -0.0002237
    0.6983591   -0.0002077
    0.6990816   -0.0001917
    0.6998036   -0.0001758
    0.7005251   -0.0001600
    0.7012461   -0.0001443
    0.7019666   -0.0001286
    0.7026867   -0.0001130
    0.7034062   -0.0000975
    0.7041252   -0.0000821
    0.7048437   -0.0000667
    0.7055617   -0.0000515
    0.7062792   -0.0000363
    0.7069961   -0.0000211
    0.7077126   -0.0000061
    0.7084286    0.0000089
    0.7091440    0.0000238
    0.7098589    0.0000386
    0.7105733    0.0000534
    0.7112872    0.0000681
    0.7120005    0.0000827
    0.7127133    0.0000972
    0.7134256    0.0001116
    0.7141374    0.0001260
    0.7148486    0.0001403
    0.7155593    0.0001545
    0.7162695    0.0001686
    0.7169792    0.0001827
    0.7176883    0.0001967
    0.7183968    0.0002106
    0.7191048    0.0002244
    0.7198123    0.0002381
    0.7205192    0.0002518
    0.7212256    0.0002654
    0.7219315    0.0002789
    0.7226367    0.0002923
    0.7233415    0.0003057
    0.7240457    0.0003189
    0.7247493    0.0003321
    0.7254524    0.0003452
    0.7261549    0.0003583
    0.7268568    0.0003712
    0.7275582    0.0003841
    0.7282590    0.0003969
    0.7289593    0.0004096
    0.7296590    0.0004222
    0.7303581    0.0004347
    0.7310567    0.0004472
    0.7317546    0.0004596
    0.7324520    0.0004719
    0.7331489    0.0004841
    0.7338451    0.0004962
    0.7345408    0.0005083
    0.7352359    0.0005202
    0.7359304    0.0005321
    0.7366243    0.0005439
    0.7373177    0.0005556
    0.7380104    0.0005672
    0.7387026    0.0005788
    0.7393942    0.0005902
    0.7400851    0.0006016
    0.7407755    0.0006129
    0.7414653    0.0006241
    0.7421545    0.0006352
    0.7428431    0.0006462
    0.7435311    0.0006572
    0.7442184    0.0006680
    0.7449052    0.0006788
    0.7455914    0.0006895
    0.7462770    0.0007001
    0.7469619    0.0007106
    0.7476463    0.0007210
    0.7483300    0.0007313
    0.7490131    0.0007416
    0.7496956    0.0007518
    0.7503775    0.0007618
    0.7510587    0.0007718
    0.7517394    0.0007817
    0.7524194    0.0007915
    0.7530988    0.0008012
    0.7537775    0.0008109
    0.7544556    0.0008204
    0.7551331    0.0008299
    0.7558100    0.0008392
    0.7564862    0.0008485
    0.7571618    0.0008577
    0.7578368    0.0008668
    0.7585111    0.0008758
    0.7591848    0.0008847
    0.7598579    0.0008935
    0.7605303    0.0009022
    0.7612020    0.0009109
    0.7618731    0.0009194
    0.7625436    0.0009279
    0.7632134    0.0009362
    0.7638825    0.0009445
    0.7645510    0.0009527
    0.7652189    0.0009608
    0.7658860    0.0009688
    0.7665526    0.0009767
    0.7672184    0.0009845
    0.7678836    0.0009922
    0.7685482    0.0009999
    0.7692121    0.0010074
    0.7698753    0.0010148
    0.7705378    0.0010222
    0.7711997    0.0010294
    0.7718609    0.0010366
    0.7725214    0.0010437
    0.7731813    0.0010506
    0.7738404    0.0010575
    0.7744989    0.0010643
    0.7751567    0.0010710
    0.7758139    0.0010776
    0.7764703    0.0010841
    0.7771261    0.0010905
    0.7777812    0.0010968
    0.7784356    0.0011031
    0.7790893    0.0011092
    0.7797423    0.0011152
    0.7803946    0.0011212
    0.7810462    0.0011270
    0.7816971    0.0011328
    0.7823473    0.0011384
    0.7829969    0.0011440
    0.7836457    0.0011494
    0.7842938    0.0011548
    0.7849412    0.0011600
    0.7855879    0.0011652
    0.7862339    0.0011703
    0.7868792    0.0011753
    0.7875238    0.0011802
    0.7881677    0.0011849
    0.7888108    0.0011896
    0.7894533    0.0011942
    0.7900950    0.0011987
    0.7907360    0.0012031
    0.7913763    0.0012074
    0.7920159    0.0012116
    0.7926547    0.0012157
    0.7932928    0.0012197
    0.7939302    0.0012237
    0.7945668    0.0012275
    0.7952028    0.0012312
    0.7958380    0.0012348
    0.7964724    0.0012384
    0.7971062    0.0012418
    0.7977391    0.0012451
    0.7983714    0.0012484
    0.7990029    0.0012515
    0.7996337    0.0012546
    0.8002637    0.0012575
    0.8008930    0.0012604
    0.8015215    0.0012632
    0.8021493    0.0012658
    0.8027764    0.0012684
    0.8034027    0.0012709
    0.8040282    0.0012733
    0.8046530    0.0012756
    0.8052770    0.0012778
    0.8059003    0.0012799
    0.8065228    0.0012819
    0.8071446    0.0012838
    0.8077656    0.0012856
    0.8083858    0.0012873
    0.8090053    0.0012890
    0.8096240    0.0012905
    0.8102419    0.0012919
    0.8108591    0.0012933
    0.8114755    0.0012945
    0.8120911    0.0012957
    0.8127059    0.0012968
    0.8133200    0.0012977
    0.8139333    0.0012986
    0.8145458    0.0012994
    0.8151576    0.0013001
    0.8157685    0.0013007
    0.8163787    0.0013012
    0.8169881    0.0013016
    0.8175967    0.0013019
    0.8182045    0.0013022
    0.8188115    0.0013023
    0.8194178    0.0013024
    0.8200232    0.0013023
    0.8206278    0.0013022
    0.8212317    0.0013019
    0.8218348    0.0013016
    0.8224370    0.0013012
    0.8230385    0.0013007
    0.8236391    0.0013001
    0.8242390    0.0012994
    0.8248381    0.0012986
    0.8254363    0.0012977
    0.8260337    0.0012968
    0.8266304    0.0012957
    0.8272262    0.0012946
    0.8278212    0.0012933
    0.8284154    0.0012920
    0.8290088    0.0012906
    0.8296014    0.0012891
    0.8301931    0.0012875
    0.8307840    0.0012858
    0.8313742    0.0012840
    0.8319634    0.0012821
    0.8325519    0.0012801
    0.8331395    0.0012781
    0.8337264    0.0012759
    0.8343124    0.0012737
    0.8348975    0.0012713
    0.8354818    0.0012689
    0.8360653    0.0012664
    0.8366480    0.0012638
    0.8372298    0.0012611
    0.8378108    0.0012583
    0.8383910    0.0012554
    0.8389703    0.0012524
    0.8395487    0.0012493
    0.8401264    0.0012462
    0.8407032    0.0012429
    0.8412791    0.0012396
    0.8418542    0.0012361
    0.8424284    0.0012326
    0.8430018    0.0012290
    0.8435744    0.0012253
    0.8441461    0.0012215
    0.8447169    0.0012176
    0.8452869    0.0012136
    0.8458560    0.0012095
    0.8464243    0.0012053
    0.8469917    0.0012011
    0.8475583    0.0011967
    0.8481240    0.0011923
    0.8486888    0.0011878
    0.8492527    0.0011831
    0.8498158    0.0011784
    0.8503781    0.0011736
    0.8509394    0.0011687
    0.8514999    0.0011637
    0.8520595    0.0011586
    0.8526183    0.0011534
    0.8531761    0.0011482
    0.8537331    0.0011428
    0.8542892    0.0011374
    0.8548445    0.0011318
    0.8553988    0.0011262
    0.8559523    0.0011205
    0.8565049    0.0011147
    0.8570566    0.0011088
    0.8576074    0.0011028
    0.8581573    0.0010967
    0.8587063    0.0010905
    0.8592545    0.0010843
    0.8598017    0.0010779
    0.8603481    0.0010715
    0.8608936    0.0010649
    0.8614382    0.0010583
    0.8619818    0.0010516
    0.8625246    0.0010448
    0.8630665    0.0010379
    0.8636075    0.0010309
    0.8641475    0.0010238
    0.8646867    0.0010167
    0.8652250    0.0010094
    0.8657624    0.0010021
    0.8662988    0.0009947
    0.8668343    0.0009872
    0.8673690    0.0009796
    0.8679027    0.0009719
    0.8684355    0.0009641
    0.8689674    0.0009562
    0.8694984    0.0009483
    0.8700284    0.0009403
    0.8705576    0.0009322
    0.8710858    0.0009239
    0.8716131    0.0009157
    0.8721395    0.0009073
    0.8726650    0.0008988
    0.8731895    0.0008903
    0.8737131    0.0008817
    0.8742358    0.0008729
    0.8747575    0.0008641
    0.8752783    0.0008553
    0.8757982    0.0008463
    0.8763172    0.0008372
    0.8768352    0.0008281
    0.8773523    0.0008189
    0.8778684    0.0008096
    0.8783836    0.0008002
    0.8788979    0.0007908
    0.8794112    0.0007812
    0.8799236    0.0007716
    0.8804351    0.0007619
    0.8809456    0.0007521
    0.8814551    0.0007422
    0.8819637    0.0007323
    0.8824714    0.0007222
    0.8829781    0.0007121
    0.8834838    0.0007019
    0.8839887    0.0006916
    0.8844925    0.0006813
    0.8849954    0.0006708
    0.8854973    0.0006603
    0.8859983    0.0006497
    0.8864984    0.0006391
    0.8869974    0.0006283
    0.8874955    0.0006175
    0.8879927    0.0006066
    0.8884889    0.0005956
    0.8889841    0.0005845
    0.8894783    0.0005734
    0.8899716    0.0005622
    0.8904639    0.0005509
    0.8909553    0.0005395
    0.8914456    0.0005281
    0.8919350    0.0005166
    0.8924235    0.0005050
    0.8929109    0.0004933
    0.8933974    0.0004816
    0.8938829    0.0004697
    0.8943674    0.0004578
    0.8948510    0.0004459
    0.8953336    0.0004338
    0.8958151    0.0004217
    0.8962957    0.0004095
    0.8967754    0.0003973
    0.8972540    0.0003850
    0.8977316    0.0003726
    0.8982083    0.0003601
    0.8986840    0.0003476
    0.8991586    0.0003349
    0.8996323    0.0003223
    0.9001050    0.0003095
    0.9005767    0.0002967
    0.9010474    0.0002838
    0.9015171    0.0002709
    0.9019858    0.0002578
    0.9024536    0.0002447
    0.9029203    0.0002316
    0.9033860    0.0002184
    0.9038507    0.0002051
    0.9043144    0.0001917
    0.9047771    0.0001783
    0.9052388    0.0001648
    0.9056995    0.0001513
    0.9061592    0.0001377
    0.9066179    0.0001240
    0.9070756    0.0001103
    0.9075322    0.0000964
    0.9079879    0.0000826
    0.9084425    0.0000687
    0.9088961    0.0000547
    0.9093487    0.0000406
    0.9098003    0.0000265
    0.9102509    0.0000123
    0.9107004   -0.0000019
    0.9111490   -0.0000162
    0.9115965   -0.0000305
    0.9120430   -0.0000449
    0.9124884   -0.0000594
    0.9129329   -0.0000739
    0.9133763   -0.0000885
    0.9138187   -0.0001032
    0.9142600   -0.0001179
    0.9147004   -0.0001326
    0.9151397   -0.0001474
    0.9155779   -0.0001623
    0.9160152   -0.0001772
    0.9164514   -0.0001922
    0.9168865   -0.0002072
    0.9173207   -0.0002223
    0.9177538   -0.0002375
    0.9181858   -0.0002527
    0.9186169   -0.0002679
    0.9190468   -0.0002832
    0.9194758   -0.0002985
    0.9199037   -0.0003139
    0.9203306   -0.0003294
    0.9207564   -0.0003449
    0.9211811   -0.0003605
    0.9216049   -0.0003761
    0.9220275   -0.0003917
    0.9224492   -0.0004074
    0.9228698   -0.0004232
    0.9232893   -0.0004390
    0.9237078   -0.0004548
    0.9241252   -0.0004707
    0.9245416   -0.0004867
    0.9249569   -0.0005027
    0.9253711   -0.0005187
    0.9257844   -0.0005348
    0.9261965   -0.0005509
    0.9266076   -0.0005671
    0.9270176   -0.0005833
    0.9274266   -0.0005995
    0.9278345   -0.0006158
    0.9282414   -0.0006322
    0.9286471   -0.0006486
    0.9290519   -0.0006650
    0.9294555   -0.0006815
    0.9298581   -0.0006980
    0.9302596   -0.0007146
    0.9306601   -0.0007312
    0.9310595   -0.0007478
    0.9314578   -0.0007645
    0.9318550   -0.0007812
    0.9322512   -0.0007979
    0.9326463   -0.0008147
    0.9330403   -0.0008316
    0.9334333   -0.0008484
    0.9338251   -0.0008653
    0.9342159   -0.0008823
    0.9346056   -0.0008993
    0.9349943   -0.0009163
    0.9353818   -0.0009333
    0.9357683   -0.0009504
    0.9361537   -0.0009675
    0.9365380   -0.0009847
    0.9369212   -0.0010019
    0.9373034   -0.0010191
    0.9376844   -0.0010363
    0.9380644   -0.0010536
    0.9384433   -0.0010709
    0.9388210   -0.0010883
    0.9391978   -0.0011057
    0.9395734   -0.0011231
    0.9399479   -0.0011405
    0.9403213   -0.0011580
    0.9406936   -0.0011755
    0.9410649   -0.0011930
    0.9414350   -0.0012106
    0.9418041   -0.0012282
    0.9421720   -0.0012458
    0.9425389   -0.0012634
    0.9429046   -0.0012811
    0.9432693   -0.0012988
    0.9436328   -0.0013165
    0.9439953   -0.0013343
    0.9443566   -0.0013520
    0.9447169   -0.0013698
    0.9450760   -0.0013877
    0.9454341   -0.0014055
    0.9457910   -0.0014234
    0.9461468   -0.0014413
    0.9465015   -0.0014592
    0.9468552   -0.0014772
    0.9472077   -0.0014951
    0.9475590   -0.0015131
    0.9479093   -0.0015311
    0.9482585   -0.0015491
    0.9486065   -0.0015672
    0.9489535   -0.0015853
    0.9492993   -0.0016034
    0.9496440   -0.0016215
    0.9499876   -0.0016396
    0.9503301   -0.0016577
    0.9506714   -0.0016759
    0.9510117   -0.0016941
    0.9513508   -0.0017123
    0.9516888   -0.0017305
    0.9520257   -0.0017487
    0.9523614   -0.0017670
    0.9526961   -0.0017852
    0.9530296   -0.0018035
    0.9533620   -0.0018218
    0.9536932   -0.0018401
    0.9540234   -0.0018584
    0.9543524   -0.0018767
    0.9546802   -0.0018951
    0.9550070   -0.0019134
    0.9553326   -0.0019318
    0.9556571   -0.0019501
    0.9559805   -0.0019685
    0.9563027   -0.0019869
    0.9566238   -0.0020053
    0.9569437   -0.0020237
    0.9572626   -0.0020421
    0.9575803   -0.0020605
    0.9578968   -0.0020789
    0.9582122   -0.0020973
    0.9585265   -0.0021157
    0.9588397   -0.0021342
    0.9591517   -0.0021526
    0.9594625   -0.0021710
    0.9597723   -0.0021894
    0.9600809   -0.0022079
    0.9603883   -0.0022263
    0.9606946   -0.0022447
    0.9609998   -0.0022631
    0.9613038   -0.0022816
    0.9616066   -0.0023000
    0.9619084   -0.0023184
    0.9622089   -0.0023368
    0.9625084   -0.0023552
    0.9628067   -0.0023736
    0.9631038   -0.0023920
    0.9633998   -0.0024104
    0.9636946   -0.0024288
    0.9639883   -0.0024472
    0.9642809   -0.0024656
    0.9645722   -0.0024839
    0.9648625   -0.0025023
    0.9651516   -0.0025206
    0.9654395   -0.0025390
    0.9657263   -0.0025573
    0.9660119   -0.0025756
    0.9662963   -0.0025939
    0.9665796   -0.0026122
    0.9668618   -0.0026305
    0.9671428   -0.0026487
    0.9674226   -0.0026670
    0.9677013   -0.0026852
    0.9679788   -0.0027034
    0.9682551   -0.0027216
    0.9685303   -0.0027397
    0.9688044   -0.0027579
    0.9690772   -0.0027760
    0.9693489   -0.0027941
    0.9696195   -0.0028122
    0.9698888   -0.0028303
    0.9701571   -0.0028483
    0.9704241   -0.0028663
    0.9706900   -0.0028843
    0.9709547   -0.0029023
    0.9712182   -0.0029202
    0.9714806   -0.0029381
    0.9717418   -0.0029560
    0.9720019   -0.0029738
    0.9722607   -0.0029916
    0.9725184   -0.0030094
    0.9727750   -0.0030272
    0.9730303   -0.0030449
    0.9732845   -0.0030626
    0.9735375   -0.0030803
    0.9737893   -0.0030979
    0.9740400   -0.0031155
    0.9742895   -0.0031331
    0.9745378   -0.0031506
    0.9747849   -0.0031681
    0.9750309   -0.0031855
    0.9752757   -0.0032030
    0.9755193   -0.0032203
    0.9757617   -0.0032377
    0.9760030   -0.0032550
    0.9762431   -0.0032723
    0.9764819   -0.0032895
    0.9767197   -0.0033067
    0.9769562   -0.0033238
    0.9771915   -0.0033409
    0.9774257   -0.0033579
    0.9776587   -0.0033750
    0.9778905   -0.0033919
    0.9781211   -0.0034088
    0.9783505   -0.0034257
    0.9785788   -0.0034426
    0.9788059   -0.0034593
    0.9790317   -0.0034761
    0.9792564   -0.0034928
    0.9794799   -0.0035094
    0.9797022   -0.0035260
    0.9799234   -0.0035426
    0.9801433   -0.0035591
    0.9803621   -0.0035756
    0.9805796   -0.0035920
    0.9807960   -0.0036083
    0.9810112   -0.0036247
    0.9812252   -0.0036409
    0.9814380   -0.0036571
    0.9816496   -0.0036733
    0.9818600   -0.0036894
    0.9820692   -0.0037054
    0.9822772   -0.0037214
    0.9824841   -0.0037374
    0.9826897   -0.0037533
    0.9828942   -0.0037691
    0.9830974   -0.0037849
    0.9832995   -0.0038006
    0.9835003   -0.0038163
    0.9837000   -0.0038319
    0.9838985   -0.0038475
    0.9840957   -0.0038630
    0.9842918   -0.0038785
    0.9844867   -0.0038938
    0.9846803   -0.0039092
    0.9848728   -0.0039244
    0.9850641   -0.0039397
    0.9852541   -0.0039548
    0.9854430   -0.0039699
    0.9856307   -0.0039849
    0.9858171   -0.0039999
    0.9860024   -0.0040148
    0.9861865   -0.0040296
    0.9863693   -0.0040444
    0.9865510   -0.0040591
    0.9867314   -0.0040738
    0.9869107   -0.0040884
    0.9870887   -0.0041029
    0.9872655   -0.0041173
    0.9874412   -0.0041317
    0.9876156   -0.0041461
    0.9877888   -0.0041603
    0.9879608   -0.0041745
    0.9881316   -0.0041886
    0.9883012   -0.0042027
    0.9884696   -0.0042166
    0.9886368   -0.0042305
    0.9888028   -0.0042444
    0.9889675   -0.0042582
    0.9891311   -0.0042718
    0.9892934   -0.0042855
    0.9894546   -0.0042990
    0.9896145   -0.0043125
    0.9897732   -0.0043259
    0.9899307   -0.0043392
    0.9900870   -0.0043525
    0.9902421   -0.0043657
    0.9903959   -0.0043788
    0.9905486   -0.0043918
    0.9907000   -0.0044048
    0.9908503   -0.0044177
    0.9909993   -0.0044305
    0.9911471   -0.0044432
    0.9912937   -0.0044558
    0.9914390   -0.0044684
    0.9915832   -0.0044809
    0.9917261   -0.0044933
    0.9918679   -0.0045056
    0.9920084   -0.0045179
    0.9921477   -0.0045300
    0.9922857   -0.0045421
    0.9924226   -0.0045541
    0.9925582   -0.0045661
    0.9926927   -0.0045779
    0.9928259   -0.0045896
    0.9929579   -0.0046013
    0.9930886   -0.0046129
    0.9932182   -0.0046244
    0.9933465   -0.0046358
    0.9934736   -0.0046471
    0.9935995   -0.0046584
    0.9937242   -0.0046695
    0.9938477   -0.0046806
    0.9939699   -0.0046915
    0.9940909   -0.0047024
    0.9942107   -0.0047132
    0.9943293   -0.0047239
    0.9944466   -0.0047345
    0.9945628   -0.0047451
    0.9946777   -0.0047555
    0.9947914   -0.0047658
    0.9949038   -0.0047761
    0.9950151   -0.0047862
    0.9951251   -0.0047963
    0.9952339   -0.0048062
    0.9953415   -0.0048161
    0.9954478   -0.0048259
    0.9955529   -0.0048356
    0.9956568   -0.0048451
    0.9957595   -0.0048546
    0.9958610   -0.0048640
    0.9959612   -0.0048733
    0.9960602   -0.0048825
    0.9961580   -0.0048916
    0.9962545   -0.0049006
    0.9963499   -0.0049095
    0.9964440   -0.0049182
    0.9965369   -0.0049269
    0.9966285   -0.0049355
    0.9967189   -0.0049440
    0.9968082   -0.0049524
    0.9968961   -0.0049607
    0.9969829   -0.0049688
    0.9970684   -0.0049769
    0.9971527   -0.0049849
    0.9972358   -0.0049927
    0.9973176   -0.0050005
    0.9973982   -0.0050081
    0.9974776   -0.0050157
    0.9975558   -0.0050231
    0.9976327   -0.0050305
    0.9977084   -0.0050377
    0.9977829   -0.0050448
    0.9978561   -0.0050518
    0.9979282   -0.0050587
    0.9979989   -0.0050655
    0.9980685   -0.0050722
    0.9981368   -0.0050787
    0.9982039   -0.0050852
    0.9982698   -0.0050915
    0.9983345   -0.0050978
    0.9983979   -0.0051039
    0.9984601   -0.0051099
    0.9985210   -0.0051158
    0.9985808   -0.0051216
    0.9986393   -0.0051272
    0.9986965   -0.0051328
    0.9987526   -0.0051382
    0.9988074   -0.0051436
    0.9988610   -0.0051488
    0.9989133   -0.0051539
    0.9989644   -0.0051589
    0.9990143   -0.0051637
    0.9990630   -0.0051685
    0.9991104   -0.0051731
    0.9991566   -0.0051776
    0.9992016   -0.0051821
    0.9992453   -0.0051863
    0.9992878   -0.0051905
    0.9993291   -0.0051946
    0.9993691   -0.0051985
    0.9994079   -0.0052023
    0.9994455   -0.0052060
    0.9994818   -0.0052096
    0.9995169   -0.0052130
    0.9995508   -0.0052164
    0.9995835   -0.0052196
    0.9996149   -0.0052227
    0.9996451   -0.0052257
    0.9996741   -0.0052285
    0.9997018   -0.0052312
    0.9997283   -0.0052339
    0.9997535   -0.0052364
    0.9997776   -0.0052387
    0.9998004   -0.0052410
    0.9998219   -0.0052431
    0.9998423   -0.0052451
    0.9998614   -0.0052470
    0.9998792   -0.0052488
    0.9998959   -0.0052505
    0.9999113   -0.0052520
    0.9999254   -0.0052534
    0.9999384   -0.0052547
    0.9999501   -0.0052558
    0.9999606   -0.0052569
    0.9999698   -0.0052578
    0.9999778   -0.0052586
    0.9999846   -0.0052592
    0.9999901   -0.0052598
    0.9999945   -0.0052602
    0.9999975   -0.0052605
    0.9999994   -0.0052607
    1.0000000   -0.0052608
