foamv1_cutouts
    1.0000000   -0.0052608
    0.9999994   -0.0052606
    0.9999975   -0.0052603
    0.9999944   -0.0052596
    0.9999901   -0.0052587
    0.9999845   -0.0052575
    0.9999776   -0.0052561
    0.9999696   -0.0052544
    0.9999602   -0.0052525
    0.9999497   -0.0052503
    0.9999379   -0.0052479
    0.9999248   -0.0052451
    0.9999105   -0.0052422
    0.9998950   -0.0052389
    0.9998782   -0.0052355
    0.9998602   -0.0052317
    0.9998410   -0.0052277
    0.9998205   -0.0052234
    0.9997987   -0.0052189
    0.9997757   -0.0052141
    0.9997515   -0.0052091
    0.9997260   -0.0052038
    0.9996993   -0.0051983
    0.9996714   -0.0051924
    0.9996422   -0.0051864
    0.9996117   -0.0051800
    0.9995801   -0.0051735
    0.9995471   -0.0051666
    0.9995130   -0.0051595
    0.9994776   -0.0051521
    0.9994409   -0.0051445
    0.9994030   -0.0051366
    0.9993639   -0.0051285
    0.9993235   -0.0051201
    0.9992819   -0.0051115
    0.9992391   -0.0051025
    0.9991950   -0.0050934
    0.9991497   -0.0050840
    0.9991031   -0.0050743
    0.9990553   -0.0050643
    0.9990062   -0.0050541
    0.9989559   -0.0050437
    0.9989044   -0.0050330
    0.9988516   -0.0050220
    0.9987976   -0.0050107
    0.9987424   -0.0049993
    0.9986859   -0.0049875
    0.9986281   -0.0049755
    0.9985692   -0.0049632
    0.9985090   -0.0049507
    0.9984475   -0.0049379
    0.9983848   -0.0049249
    0.9983209   -0.0049116
    0.9982557   -0.0048981
    0.9981893   -0.0048843
    0.9981217   -0.0048702
    0.9980528   -0.0048559
    0.9979827   -0.0048413
    0.9979114   -0.0048265
    0.9978388   -0.0048114
    0.9977649   -0.0047960
    0.9976899   -0.0047804
    0.9976136   -0.0047645
    0.9975360   -0.0047484
    0.9974573   -0.0047320
    0.9973772   -0.0047154
    0.9972960   -0.0046985
    0.9972135   -0.0046813
    0.9971298   -0.0046639
    0.9970448   -0.0046463
    0.9969586   -0.0046283
    0.9968712   -0.0046102
    0.9967826   -0.0045917
    0.9966927   -0.0045730
    0.9966015   -0.0045541
    0.9965092   -0.0045349
    0.9964156   -0.0045154
    0.9963207   -0.0044957
    0.9962247   -0.0044757
    0.9961274   -0.0044555
    0.9960288   -0.0044350
    0.9959291   -0.0044142
    0.9958281   -0.0043932
    0.9957259   -0.0043720
    0.9956224   -0.0043505
    0.9955177   -0.0043287
    0.9954118   -0.0043067
    0.9953046   -0.0042844
    0.9951962   -0.0042619
    0.9950866   -0.0042391
    0.9949758   -0.0042160
    0.9948637   -0.0041927
    0.9947504   -0.0041691
    0.9946358   -0.0041453
    0.9945201   -0.0041212
    0.9944031   -0.0040969
    0.9942849   -0.0040723
    0.9941654   -0.0040475
    0.9940447   -0.0040224
    0.9939228   -0.0039970
    0.9937997   -0.0039714
    0.9936753   -0.0039456
    0.9935497   -0.0039195
    0.9934229   -0.0038931
    0.9932948   -0.0038665
    0.9931656   -0.0038396
    0.9930351   -0.0038125
    0.9929034   -0.0037851
    0.9927704   -0.0037574
    0.9926362   -0.0037295
    0.9925008   -0.0037014
    0.9923642   -0.0036730
    0.9922264   -0.0036443
    0.9920873   -0.0036154
    0.9919470   -0.0035862
    0.9918055   -0.0035568
    0.9916628   -0.0035271
    0.9915188   -0.0034972
    0.9913736   -0.0034670
    0.9912272   -0.0034365
    0.9910796   -0.0034058
    0.9909308   -0.0033749
    0.9907807   -0.0033437
    0.9906294   -0.0033122
    0.9904769   -0.0032805
    0.9903232   -0.0032485
    0.9901683   -0.0032163
    0.9900121   -0.0031839
    0.9898547   -0.0031511
    0.9896961   -0.0031182
    0.9895363   -0.0030849
    0.9893753   -0.0030514
    0.9892130   -0.0030177
    0.9890496   -0.0029837
    0.9888849   -0.0029495
    0.9887190   -0.0029150
    0.9885519   -0.0028802
    0.9883836   -0.0028452
    0.9882141   -0.0028100
    0.9880433   -0.0027745
    0.9878713   -0.0027387
    0.9876982   -0.0027027
    0.9875238   -0.0026665
    0.9873482   -0.0026299
    0.9871714   -0.0025932
    0.9869934   -0.0025562
    0.9868141   -0.0025189
    0.9866337   -0.0024814
    0.9864520   -0.0024436
    0.9862692   -0.0024056
    0.9860851   -0.0023673
    0.9858998   -0.0023288
    0.9857133   -0.0022900
    0.9855257   -0.0022510
    0.9853368   -0.0022117
    0.9851467   -0.0021722
    0.9849553   -0.0021324
    0.9847628   -0.0020924
    0.9845691   -0.0020521
    0.9843742   -0.0020116
    0.9841780   -0.0019708
    0.9839807   -0.0019298
    0.9837822   -0.0018885
    0.9835824   -0.0018469
    0.9833815   -0.0018052
    0.9831794   -0.0017631
    0.9829760   -0.0017209
    0.9827715   -0.0016783
    0.9825657   -0.0016356
    0.9823588   -0.0015925
    0.9821506   -0.0015492
    0.9819413   -0.0015057
    0.9817307   -0.0014619
    0.9815190   -0.0014179
    0.9813061   -0.0013737
    0.9810919   -0.0013291
    0.9808766   -0.0012844
    0.9806601   -0.0012393
    0.9804424   -0.0011941
    0.9802235   -0.0011486
    0.9800034   -0.0011028
    0.9797821   -0.0010568
    0.9795596   -0.0010105
    0.9793359   -0.0009640
    0.9791110   -0.0009173
    0.9788849   -0.0008703
    0.9786577   -0.0008230
    0.9784292   -0.0007755
    0.9781996   -0.0007278
    0.9779688   -0.0006798
    0.9777368   -0.0006316
    0.9775036   -0.0005831
    0.9772692   -0.0005344
    0.9770336   -0.0004854
    0.9767968   -0.0004362
    0.9765589   -0.0003867
    0.9763198   -0.0003370
    0.9760794   -0.0002870
    0.9758379   -0.0002368
    0.9755953   -0.0001864
    0.9753514   -0.0001357
    0.9751064   -0.0000847
    0.9748601   -0.0000336
    0.9746127    0.0000179
    0.9743641    0.0000695
    0.9741144    0.0001215
    0.9738634    0.0001736
    0.9736113    0.0002260
    0.9733580    0.0002787
    0.9731035    0.0003316
    0.9728479    0.0003847
    0.9725910    0.0004381
    0.9723330    0.0004918
    0.9720738    0.0005456
    0.9718135    0.0005998
    0.9715520    0.0006541
    0.9712893    0.0007087
    0.9710254    0.0007636
    0.9707603    0.0008187
    0.9704941    0.0008740
    0.9702268    0.0009296
    0.9699582    0.0009854
    0.9696885    0.0010415
    0.9694176    0.0010978
    0.9691455    0.0011543
    0.9688723    0.0012111
    0.9685979    0.0012681
    0.9683224    0.0013254
    0.9680457    0.0013829
    0.9677678    0.0014407
    0.9674887    0.0014987
    0.9672085    0.0015569
    0.9669272    0.0016154
    0.9666446    0.0016741
    0.9663609    0.0017331
    0.9660761    0.0017923
    0.9657901    0.0018517
    0.9655029    0.0019114
    0.9652146    0.0019713
    0.9649251    0.0020315
    0.9646345    0.0020919
    0.9643427    0.0021525
    0.9640497    0.0022134
    0.9637556    0.0022745
    0.9634604    0.0023359
    0.9631640    0.0023975
    0.9628664    0.0024593
    0.9625677    0.0025214
    0.9622678    0.0025837
    0.9619668    0.0026462
    0.9616647    0.0027090
    0.9613613    0.0027720
    0.9610569    0.0028353
    0.9607513    0.0028988
    0.9604445    0.0029625
    0.9601367    0.0030265
    0.9598276    0.0030907
    0.9595174    0.0031552
    0.9592061    0.0032199
    0.9588936    0.0032848
    0.9585800    0.0033499
    0.9582653    0.0034153
    0.9579494    0.0034810
    0.9576324    0.0035468
    0.9573142    0.0036129
    0.9569949    0.0036793
    0.9566745    0.0037458
    0.9563529    0.0038127
    0.9560302    0.0038797
    0.9557064    0.0039470
    0.9553814    0.0040145
    0.9550553    0.0040822
    0.9547280    0.0041502
    0.9543997    0.0042184
    0.9540701    0.0042869
    0.9537395    0.0043556
    0.9534078    0.0044245
    0.9530749    0.0044936
    0.9527409    0.0045630
    0.9524057    0.0046326
    0.9520694    0.0047025
    0.9517321    0.0047725
    0.9513935    0.0048429
    0.9510539    0.0049134
    0.9507131    0.0049842
    0.9503713    0.0050552
    0.9500283    0.0051264
    0.9496841    0.0051979
    0.9493389    0.0052696
    0.9489925    0.0053415
    0.9486451    0.0054137
    0.9482965    0.0054861
    0.9479468    0.0055587
    0.9475959    0.0056316
    0.9472440    0.0057046
    0.9468910    0.0057780
    0.9465368    0.0058515
    0.9461815    0.0059253
    0.9458252    0.0059993
    0.9454677    0.0060735
    0.9451091    0.0061480
    0.9447494    0.0062226
    0.9443886    0.0062976
    0.9440266    0.0063727
    0.9436636    0.0064481
    0.9432995    0.0065237
    0.9429343    0.0065995
    0.9425679    0.0066756
    0.9422005    0.0067518
    0.9418320    0.0068283
    0.9414624    0.0069051
    0.9410916    0.0069820
    0.9407198    0.0070592
    0.9403469    0.0071366
    0.9399729    0.0072143
    0.9395977    0.0072921
    0.9392215    0.0073702
    0.9388442    0.0074486
    0.9384658    0.0075271
    0.9380864    0.0076059
    0.9377058    0.0076848
    0.9373241    0.0077641
    0.9369414    0.0078435
    0.9365575    0.0079232
    0.9361726    0.0080030
    0.9357866    0.0080832
    0.9353995    0.0081635
    0.9350113    0.0082440
    0.9346221    0.0083248
    0.9342317    0.0084058
    0.9338403    0.0084870
    0.9334478    0.0085685
    0.9330542    0.0086501
    0.9326596    0.0087320
    0.9322638    0.0088141
    0.9318670    0.0088965
    0.9314691    0.0089790
    0.9310702    0.0090618
    0.9306701    0.0091448
    0.9302690    0.0092280
    0.9298668    0.0093114
    0.9294636    0.0093951
    0.9290593    0.0094789
    0.9286539    0.0095630
    0.9282474    0.0096473
    0.9278399    0.0097319
    0.9274314    0.0098166
    0.9270217    0.0099016
    0.9266110    0.0099868
    0.9261992    0.0100722
    0.9257864    0.0101578
    0.9253725    0.0102436
    0.9249576    0.0103297
    0.9245415    0.0104159
    0.9241245    0.0105024
    0.9237064    0.0105891
    0.9232872    0.0106760
    0.9228670    0.0107632
    0.9224457    0.0108505
    0.9220233    0.0109381
    0.9216000    0.0110259
    0.9211755    0.0111139
    0.9207500    0.0112021
    0.9203235    0.0112905
    0.9198959    0.0113791
    0.9194673    0.0114680
    0.9190376    0.0115571
    0.9186069    0.0116463
    0.9181752    0.0117358
    0.9177424    0.0118255
    0.9173085    0.0119154
    0.9168737    0.0120056
    0.9164378    0.0120959
    0.9160008    0.0121865
    0.9155628    0.0122772
    0.9151238    0.0123682
    0.9146838    0.0124594
    0.9142427    0.0125508
    0.9138006    0.0126424
    0.9133574    0.0127342
    0.9129132    0.0128263
    0.9124680    0.0129185
    0.9120218    0.0130109
    0.9115745    0.0131036
    0.9111262    0.0131965
    0.9106769    0.0132895
    0.9102266    0.0133828
    0.9097752    0.0134763
    0.9093229    0.0135700
    0.9088695    0.0136639
    0.9084151    0.0137580
    0.9079596    0.0138523
    0.9075032    0.0139469
    0.9070457    0.0140416
    0.9065873    0.0141365
    0.9061278    0.0142317
    0.9056673    0.0143270
    0.9052058    0.0144226
    0.9047432    0.0145184
    0.9042797    0.0146143
    0.9038152    0.0147105
    0.9033496    0.0148069
    0.9028831    0.0149035
    0.9024156    0.0150002
    0.9019470    0.0150972
    0.9014774    0.0151944
    0.9010069    0.0152918
    0.9005353    0.0153894
    0.9000628    0.0154872
    0.8995892    0.0155852
    0.8991147    0.0156834
    0.8986392    0.0157818
    0.8981626    0.0158804
    0.8976851    0.0159792
    0.8972066    0.0160782
    0.8967271    0.0161774
    0.8962466    0.0162768
    0.8957651    0.0163764
    0.8952826    0.0164762
    0.8947992    0.0165763
    0.8943148    0.0166765
    0.8938293    0.0167769
    0.8933429    0.0168775
    0.8928556    0.0169783
    0.8923672    0.0170793
    0.8918779    0.0171804
    0.8913875    0.0172818
    0.8908963    0.0173834
    0.8904040    0.0174852
    0.8899108    0.0175872
    0.8894165    0.0176894
    0.8889214    0.0177917
    0.8884252    0.0178943
    0.8879281    0.0179971
    0.8874300    0.0181000
    0.8869310    0.0182032
    0.8864309    0.0183065
    0.8859300    0.0184101
    0.8854280    0.0185138
    0.8849251    0.0186177
    0.8844213    0.0187218
    0.8839164    0.0188261
    0.8834107    0.0189306
    0.8829039    0.0190353
    0.8823962    0.0191402
    0.8818876    0.0192453
    0.8813780    0.0193505
    0.8808674    0.0194560
    0.8803559    0.0195616
    0.8798435    0.0196674
    0.8793301    0.0197734
    0.8788158    0.0198796
    0.8783005    0.0199860
    0.8777842    0.0200926
    0.8772671    0.0201994
    0.8767489    0.0203063
    0.8762299    0.0204134
    0.8757099    0.0205207
    0.8751890    0.0206282
    0.8746671    0.0207359
    0.8741443    0.0208438
    0.8736206    0.0209518
    0.8730959    0.0210601
    0.8725703    0.0211685
    0.8720437    0.0212771
    0.8715163    0.0213858
    0.8709879    0.0214948
    0.8704586    0.0216039
    0.8699283    0.0217132
    0.8693972    0.0218227
    0.8688651    0.0219324
    0.8683321    0.0220422
    0.8677981    0.0221523
    0.8672633    0.0222625
    0.8667275    0.0223728
    0.8661908    0.0224834
    0.8656532    0.0225941
    0.8651147    0.0227050
    0.8645753    0.0228161
    0.8640350    0.0229273
    0.8634937    0.0230388
    0.8629516    0.0231504
    0.8624085    0.0232621
    0.8618645    0.0233741
    0.8613196    0.0234862
    0.8607739    0.0235985
    0.8602272    0.0237109
    0.8596796    0.0238235
    0.8591311    0.0239363
    0.8585817    0.0240493
    0.8580315    0.0241624
    0.8574803    0.0242757
    0.8569282    0.0243892
    0.8563753    0.0245028
    0.8558214    0.0246166
    0.8552667    0.0247305
    0.8547110    0.0248447
    0.8541545    0.0249589
    0.8535971    0.0250734
    0.8530388    0.0251880
    0.8524797    0.0253028
    0.8519196    0.0254177
    0.8513587    0.0255328
    0.8507968    0.0256481
    0.8502341    0.0257635
    0.8496706    0.0258791
    0.8491061    0.0259948
    0.8485408    0.0261107
    0.8479746    0.0262267
    0.8474075    0.0263429
    0.8468396    0.0264593
    0.8462708    0.0265758
    0.8457011    0.0266925
    0.8451305    0.0268093
    0.8445591    0.0269263
    0.8439869    0.0270435
    0.8434137    0.0271607
    0.8428397    0.0272782
    0.8422649    0.0273958
    0.8416892    0.0275135
    0.8411126    0.0276314
    0.8405351    0.0277495
    0.8399569    0.0278677
    0.8393777    0.0279860
    0.8387977    0.0281045
    0.8382169    0.0282231
    0.8376352    0.0283419
    0.8370527    0.0284608
    0.8364693    0.0285799
    0.8358851    0.0286991
    0.8353000    0.0288185
    0.8347141    0.0289380
    0.8341273    0.0290576
    0.8335397    0.0291774
    0.8329513    0.0292973
    0.8323620    0.0294174
    0.8317719    0.0295376
    0.8311810    0.0296579
    0.8305892    0.0297784
    0.8299966    0.0298990
    0.8294032    0.0300198
    0.8288089    0.0301407
    0.8282138    0.0302617
    0.8276179    0.0303828
    0.8270212    0.0305041
    0.8264236    0.0306256
    0.8258252    0.0307471
    0.8252260    0.0308688
    0.8246260    0.0309906
    0.8240252    0.0311126
    0.8234235    0.0312346
    0.8228210    0.0313569
    0.8222177    0.0314792
    0.8216137    0.0316016
    0.8210087    0.0317242
    0.8204030    0.0318469
    0.8197965    0.0319698
    0.8191892    0.0320927
    0.8185810    0.0322158
    0.8179721    0.0323390
    0.8173624    0.0324623
    0.8167518    0.0325858
    0.8161405    0.0327093
    0.8155283    0.0328330
    0.8149154    0.0329568
    0.8143017    0.0330807
    0.8136872    0.0332047
    0.8130718    0.0333289
    0.8124557    0.0334531
    0.8118388    0.0335775
    0.8112212    0.0337020
    0.8106027    0.0338266
    0.8099834    0.0339513
    0.8093634    0.0340761
    0.8087426    0.0342010
    0.8081210    0.0343260
    0.8074986    0.0344512
    0.8068754    0.0345764
    0.8062515    0.0347018
    0.8056268    0.0348272
    0.8050013    0.0349527
    0.8043750    0.0350784
    0.8037480    0.0352042
    0.8031202    0.0353300
    0.8024916    0.0354560
    0.8018623    0.0355820
    0.8012322    0.0357081
    0.8006013    0.0358344
    0.7999697    0.0359607
    0.7993373    0.0360872
    0.7987042    0.0362137
    0.7980703    0.0363403
    0.7974356    0.0364670
    0.7968002    0.0365938
    0.7961640    0.0367207
    0.7955271    0.0368476
    0.7948894    0.0369747
    0.7942510    0.0371018
    0.7936118    0.0372290
    0.7929719    0.0373563
    0.7923312    0.0374837
    0.7916898    0.0376112
    0.7910476    0.0377387
    0.7904047    0.0378663
    0.7897611    0.0379940
    0.7891167    0.0381218
    0.7884716    0.0382496
    0.7878258    0.0383776
    0.7871792    0.0385055
    0.7865319    0.0386336
    0.7858838    0.0387617
    0.7852350    0.0388899
    0.7845855    0.0390182
    0.7839353    0.0391465
    0.7832843    0.0392749
    0.7826326    0.0394033
    0.7819802    0.0395318
    0.7813271    0.0396604
    0.7806733    0.0397890
    0.7800187    0.0399177
    0.7793634    0.0400464
    0.7787074    0.0401752
    0.7780507    0.0403041
    0.7773933    0.0404330
    0.7767351    0.0405619
    0.7760763    0.0406909
    0.7754167    0.0408199
    0.7747564    0.0409490
    0.7740955    0.0410781
    0.7734338    0.0412073
    0.7727714    0.0413365
    0.7721083    0.0414657
    0.7714445    0.0415950
    0.7707800    0.0417243
    0.7701148    0.0418536
    0.7694490    0.0419830
    0.7687824    0.0421123
    0.7681151    0.0422418
    0.7674472    0.0423712
    0.7667785    0.0425007
    0.7661092    0.0426302
    0.7654391    0.0427597
    0.7647684    0.0428892
    0.7640970    0.0430188
    0.7634249    0.0431483
    0.7627521    0.0432779
    0.7620787    0.0434075
    0.7614046    0.0435371
    0.7607298    0.0436667
    0.7600543    0.0437963
    0.7593781    0.0439259
    0.7587013    0.0440555
    0.7580238    0.0441851
    0.7573456    0.0443147
    0.7566667    0.0444443
    0.7559872    0.0445739
    0.7553070    0.0447035
    0.7546262    0.0448331
    0.7539446    0.0449627
    0.7532625    0.0450922
    0.7525796    0.0452218
    0.7518961    0.0453513
    0.7512120    0.0454808
    0.7505271    0.0456103
    0.7498417    0.0457398
    0.7491555    0.0458692
    0.7484688    0.0459987
    0.7477813    0.0461280
    0.7470932    0.0462574
    0.7464045    0.0463867
    0.7457151    0.0465160
    0.7450251    0.0466453
    0.7443344    0.0467745
    0.7436431    0.0469037
    0.7429512    0.0470329
    0.7422586    0.0471620
    0.7415653    0.0472910
    0.7408715    0.0474200
    0.7401770    0.0475490
    0.7394818    0.0476779
    0.7387861    0.0478068
    0.7380896    0.0479356
    0.7373926    0.0480643
    0.7366950    0.0481930
    0.7359967    0.0483216
    0.7352978    0.0484502
    0.7345982    0.0485787
    0.7338981    0.0487071
    0.7331973    0.0488355
    0.7324959    0.0489638
    0.7317939    0.0490920
    0.7310912    0.0492202
    0.7303880    0.0493483
    0.7296841    0.0494763
    0.7289796    0.0496042
    0.7282745    0.0497321
    0.7275689    0.0498599
    0.7268626    0.0499875
    0.7261556    0.0501151
    0.7254481    0.0502427
    0.7247400    0.0503701
    0.7240313    0.0504974
    0.7233220    0.0506247
    0.7226121    0.0507518
    0.7219016    0.0508789
    0.7211905    0.0510058
    0.7204788    0.0511327
    0.7197665    0.0512594
    0.7190536    0.0513861
    0.7183401    0.0515126
    0.7176261    0.0516391
    0.7169114    0.0517654
    0.7161962    0.0518916
    0.7154804    0.0520178
    0.7147640    0.0521438
    0.7140471    0.0522697
    0.7133295    0.0523954
    0.7126114    0.0525211
    0.7118927    0.0526467
    0.7111735    0.0527721
    0.7104536    0.0528974
    0.7097332    0.0530226
    0.7090123    0.0531476
    0.7082907    0.0532726
    0.7075686    0.0533974
    0.7068460    0.0535221
    0.7061227    0.0536466
    0.7053989    0.0537711
    0.7046746    0.0538954
    0.7039497    0.0540195
    0.7032243    0.0541436
    0.7024983    0.0542675
    0.7017717    0.0543912
    0.7010446    0.0545148
    0.7003170    0.0546383
    0.6995888    0.0547617
    0.6988600    0.0548849
    0.6981308    0.0550080
    0.6974009    0.0551309
    0.6966706    0.0552537
    0.6959397    0.0553763
    0.6952083    0.0554988
    0.6944763    0.0556211
    0.6937438    0.0557433
    0.6930108    0.0558654
    0.6922772    0.0559873
    0.6915432    0.0561091
    0.6908086    0.0562307
    0.6900735    0.0563521
    0.6893378    0.0564735
    0.6886017    0.0565947
    0.6878650    0.0567157
    0.6871278    0.0568366
    0.6863901    0.0569574
    0.6856520    0.0570781
    0.6849132    0.0571986
    0.6841740    0.0573190
    0.6834343    0.0574393
    0.6826941    0.0575594
    0.6819534    0.0576794
    0.6812122    0.0577993
    0.6804706    0.0579191
    0.6797284    0.0580387
    0.6789857    0.0581583
    0.6782426    0.0582777
    0.6774989    0.0583970
    0.6767548    0.0585162
    0.6760102    0.0586352
    0.6752652    0.0587542
    0.6745196    0.0588731
    0.6737736    0.0589918
    0.6730271    0.0591105
    0.6722802    0.0592290
    0.6715327    0.0593475
    0.6707849    0.0594658
    0.6700365    0.0595841
    0.6692877    0.0597022
    0.6685384    0.0598203
    0.6677887    0.0599383
    0.6670386    0.0600561
    0.6662879    0.0601739
    0.6655369    0.0602916
    0.6647854    0.0604092
    0.6640334    0.0605268
    0.6632810    0.0606442
    0.6625282    0.0607616
    0.6617749    0.0608789
    0.6610212    0.0609961
    0.6602670    0.0611132
    0.6595125    0.0612303
    0.6587575    0.0613473
    0.6580020    0.0614642
    0.6572462    0.0615810
    0.6564899    0.0616978
    0.6557332    0.0618145
    0.6549761    0.0619312
    0.6542186    0.0620477
    0.6534606    0.0621643
    0.6527023    0.0622807
    0.6519435    0.0623971
    0.6511844    0.0625135
    0.6504248    0.0626298
    0.6496648    0.0627460
    0.6489044    0.0628622
    0.6481437    0.0629784
    0.6473825    0.0630945
    0.6466209    0.0632105
    0.6458590    0.0633266
    0.6450967    0.0634425
    0.6443339    0.0635584
    0.6435708    0.0636743
    0.6428073    0.0637902
    0.6420435    0.0639060
    0.6412792    0.0640218
    0.6405146    0.0641375
    0.6397496    0.0642533
    0.6389842    0.0643690
    0.6382185    0.0644846
    0.6374524    0.0646003
    0.6366859    0.0647159
    0.6359191    0.0648315
    0.6351519    0.0649470
    0.6343843    0.0650626
    0.6336164    0.0651781
    0.6328481    0.0652937
    0.6320795    0.0654092
    0.6313106    0.0655247
    0.6305413    0.0656402
    0.6297716    0.0657557
    0.6290016    0.0658711
    0.6282313    0.0659866
    0.6274606    0.0661021
    0.6266896    0.0662176
    0.6259182    0.0663330
    0.6251466    0.0664485
    0.6243746    0.0665640
    0.6236022    0.0666795
    0.6228296    0.0667950
    0.6220566    0.0669105
    0.6212833    0.0670260
    0.6205097    0.0671416
    0.6197357    0.0672571
    0.6189615    0.0673727
    0.6181869    0.0674883
    0.6174120    0.0676039
    0.6166369    0.0677195
    0.6158614    0.0678352
    0.6150856    0.0679508
    0.6143095    0.0680665
    0.6135331    0.0681823
    0.6127565    0.0682980
    0.6119795    0.0684139
    0.6112022    0.0685298
    0.6104246    0.0686452
    0.6096470    0.0687627
    0.6088681    0.0688736
    0.6080880    0.0689771
    0.6073076    0.0690815
    0.6065269    0.0691853
    0.6057459    0.0692889
    0.6049646    0.0693922
    0.6041830    0.0694951
    0.6034010    0.0695978
    0.6026187    0.0697001
    0.6018361    0.0698021
    0.6010532    0.0699038
    0.6002700    0.0700052
    0.5994864    0.0701062
    0.5987026    0.0702069
    0.5979185    0.0703073
    0.5971340    0.0704074
    0.5963493    0.0705072
    0.5955642    0.0706066
    0.5947789    0.0707057
    0.5939933    0.0708045
    0.5932073    0.0709029
    0.5924211    0.0710010
    0.5916346    0.0710988
    0.5908478    0.0711962
    0.5900608    0.0712934
    0.5892734    0.0713901
    0.5884858    0.0714865
    0.5876979    0.0715826
    0.5869097    0.0716784
    0.5861212    0.0717738
    0.5853325    0.0718688
    0.5845435    0.0719636
    0.5837542    0.0720579
    0.5829647    0.0721519
    0.5821749    0.0722456
    0.5813848    0.0723389
    0.5805945    0.0724319
    0.5798039    0.0725245
    0.5790131    0.0726168
    0.5782220    0.0727087
    0.5774306    0.0728002
    0.5766390    0.0728914
    0.5758472    0.0729822
    0.5750551    0.0730727
    0.5742627    0.0731628
    0.5734702    0.0732525
    0.5726773    0.0733419
    0.5718843    0.0734309
    0.5710910    0.0735195
    0.5702975    0.0736078
    0.5695037    0.0736957
    0.5687097    0.0737832
    0.5679155    0.0738704
    0.5671210    0.0739572
    0.5663264    0.0740436
    0.5655315    0.0741297
    0.5647364    0.0742154
    0.5639411    0.0743007
    0.5631455    0.0743857
    0.5623498    0.0744703
    0.5615538    0.0745545
    0.5607577    0.0746384
    0.5599613    0.0747219
    0.5591647    0.0748050
    0.5583679    0.0748877
    0.5575710    0.0749701
    0.5567738    0.0750521
    0.5559764    0.0751338
    0.5551789    0.0752151
    0.5543811    0.0752960
    0.5535832    0.0753765
    0.5527851    0.0754567
    0.5519868    0.0755365
    0.5511883    0.0756160
    0.5503896    0.0756951
    0.5495908    0.0757738
    0.5487917    0.0758521
    0.5479925    0.0759301
    0.5471932    0.0760077
    0.5463936    0.0760850
    0.5455939    0.0761619
    0.5447941    0.0762384
    0.5439941    0.0763145
    0.5431939    0.0763903
    0.5423935    0.0764657
    0.5415930    0.0765408
    0.5407924    0.0766155
    0.5399916    0.0766898
    0.5391906    0.0767637
    0.5383895    0.0768373
    0.5375883    0.0769105
    0.5367869    0.0769834
    0.5359854    0.0770559
    0.5351837    0.0771280
    0.5343819    0.0771998
    0.5335800    0.0772711
    0.5327779    0.0773422
    0.5319757    0.0774128
    0.5311734    0.0774831
    0.5303710    0.0775531
    0.5295684    0.0776226
    0.5287657    0.0776918
    0.5279629    0.0777607
    0.5271600    0.0778291
    0.5263569    0.0778972
    0.5255538    0.0779650
    0.5247505    0.0780323
    0.5239471    0.0780993
    0.5231437    0.0781660
    0.5223401    0.0782322
    0.5215364    0.0782981
    0.5207326    0.0783636
    0.5199288    0.0784288
    0.5191248    0.0784936
    0.5183207    0.0785580
    0.5175166    0.0786221
    0.5167123    0.0786857
    0.5159080    0.0787491
    0.5151036    0.0788120
    0.5142991    0.0788746
    0.5134945    0.0789368
    0.5126899    0.0789986
    0.5118852    0.0790601
    0.5110804    0.0791212
    0.5102755    0.0791819
    0.5094706    0.0792423
    0.5086656    0.0793023
    0.5078605    0.0793619
    0.5070554    0.0794211
    0.5062502    0.0794800
    0.5054449    0.0795385
    0.5046396    0.0795966
    0.5038343    0.0796544
    0.5030288    0.0797118
    0.5022234    0.0797688
    0.5014179    0.0798255
    0.5006123    0.0798818
    0.4998067    0.0799377
    0.4990011    0.0799932
    0.4981954    0.0800484
    0.4973897    0.0801031
    0.4965840    0.0801576
    0.4957782    0.0802116
    0.4949724    0.0802653
    0.4941666    0.0803186
    0.4933607    0.0803715
    0.4925548    0.0804241
    0.4917489    0.0804763
    0.4909430    0.0805281
    0.4901370    0.0805795
    0.4893311    0.0806305
    0.4885251    0.0806812
    0.4877191    0.0807315
    0.4869131    0.0807814
    0.4861072    0.0808310
    0.4853012    0.0808801
    0.4844952    0.0809289
    0.4836892    0.0809773
    0.4828832    0.0810254
    0.4820772    0.0810730
    0.4812712    0.0811203
    0.4804652    0.0811672
    0.4796592    0.0812137
    0.4788533    0.0812598
    0.4780473    0.0813055
    0.4772414    0.0813509
    0.4764355    0.0813959
    0.4756296    0.0814405
    0.4748238    0.0814847
    0.4740179    0.0815285
    0.4732121    0.0815720
    0.4724064    0.0816150
    0.4716006    0.0816577
    0.4707949    0.0817000
    0.4699893    0.0817419
    0.4691836    0.0817834
    0.4683780    0.0818245
    0.4675725    0.0818653
    0.4667670    0.0819056
    0.4659615    0.0819456
    0.4651561    0.0819852
    0.4643508    0.0820244
    0.4635455    0.0820632
    0.4627402    0.0821016
    0.4619351    0.0821396
    0.4611299    0.0821772
    0.4603249    0.0822145
    0.4595199    0.0822513
    0.4587150    0.0822878
    0.4579101    0.0823238
    0.4571053    0.0823595
    0.4563006    0.0823948
    0.4554960    0.0824297
    0.4546914    0.0824642
    0.4538869    0.0824983
    0.4530825    0.0825321
    0.4522782    0.0825654
    0.4514740    0.0825984
    0.4506698    0.0826309
    0.4498658    0.0826631
    0.4490618    0.0826949
    0.4482580    0.0827263
    0.4474542    0.0827573
    0.4466506    0.0827879
    0.4458470    0.0828181
    0.4450436    0.0828480
    0.4442402    0.0828774
    0.4434370    0.0829065
    0.4426338    0.0829352
    0.4418308    0.0829635
    0.4410279    0.0829914
    0.4402251    0.0830189
    0.4394225    0.0830461
    0.4386199    0.0830728
    0.4378175    0.0830992
    0.4370152    0.0831252
    0.4362130    0.0831508
    0.4354110    0.0831760
    0.4346091    0.0832008
    0.4338073    0.0832253
    0.4330057    0.0832493
    0.4322042    0.0832730
    0.4314029    0.0832963
    0.4306017    0.0833192
    0.4298006    0.0833418
    0.4289997    0.0833639
    0.4281989    0.0833857
    0.4273983    0.0834071
    0.4265978    0.0834281
    0.4257975    0.0834487
    0.4249974    0.0834689
    0.4241974    0.0834888
    0.4233976    0.0835083
    0.4225979    0.0835274
    0.4217984    0.0835461
    0.4209991    0.0835645
    0.4202000    0.0835824
    0.4194010    0.0836000
    0.4186022    0.0836172
    0.4178036    0.0836341
    0.4170051    0.0836505
    0.4162069    0.0836666
    0.4154088    0.0836823
    0.4146109    0.0836976
    0.4138132    0.0837126
    0.4130157    0.0837272
    0.4122184    0.0837414
    0.4114212    0.0837552
    0.4106243    0.0837687
    0.4098276    0.0837818
    0.4090311    0.0837946
    0.4082348    0.0838069
    0.4074386    0.0838189
    0.4066427    0.0838306
    0.4058470    0.0838418
    0.4050516    0.0838527
    0.4042563    0.0838632
    0.4034612    0.0838734
    0.4026664    0.0838832
    0.4018718    0.0838927
    0.4010774    0.0839017
    0.4002832    0.0839105
    0.3994893    0.0839188
    0.3986956    0.0839268
    0.3979021    0.0839344
    0.3971089    0.0839417
    0.3963159    0.0839486
    0.3955231    0.0839552
    0.3947306    0.0839614
    0.3939383    0.0839672
    0.3931462    0.0839727
    0.3923544    0.0839778
    0.3915629    0.0839826
    0.3907716    0.0839870
    0.3899805    0.0839911
    0.3891897    0.0839948
    0.3883992    0.0839982
    0.3876089    0.0840012
    0.3868189    0.0840039
    0.3860292    0.0840062
    0.3852397    0.0840082
    0.3844505    0.0840098
    0.3836615    0.0840110
    0.3828728    0.0840120
    0.3820844    0.0840125
    0.3812963    0.0840127
    0.3805085    0.0840126
    0.3797209    0.0840121
    0.3789336    0.0840113
    0.3781466    0.0840101
    0.3773599    0.0840086
    0.3765734    0.0840068
    0.3757873    0.0840045
    0.3750015    0.0840020
    0.3742159    0.0839991
    0.3734307    0.0839958
    0.3726457    0.0839922
    0.3718611    0.0839882
    0.3710767    0.0839839
    0.3702927    0.0839793
    0.3695089    0.0839743
    0.3687255    0.0839689
    0.3679424    0.0839632
    0.3671596    0.0839572
    0.3663771    0.0839508
    0.3655949    0.0839441
    0.3648131    0.0839370
    0.3640315    0.0839296
    0.3632503    0.0839218
    0.3624695    0.0839137
    0.3616889    0.0839052
    0.3609087    0.0838964
    0.3601288    0.0838872
    0.3593492    0.0838777
    0.3585700    0.0838678
    0.3577912    0.0838576
    0.3570126    0.0838471
    0.3562344    0.0838362
    0.3554566    0.0838249
    0.3546791    0.0838133
    0.3539019    0.0838014
    0.3531251    0.0837891
    0.3523487    0.0837765
    0.3515726    0.0837635
    0.3507968    0.0837502
    0.3500215    0.0837365
    0.3492464    0.0837225
    0.3484718    0.0837082
    0.3476975    0.0836935
    0.3469236    0.0836784
    0.3461500    0.0836630
    0.3453769    0.0836473
    0.3446040    0.0836312
    0.3438316    0.0836148
    0.3430596    0.0835980
    0.3422879    0.0835809
    0.3415166    0.0835635
    0.3407457    0.0835457
    0.3399752    0.0835275
    0.3392051    0.0835090
    0.3384353    0.0834902
    0.3376660    0.0834710
    0.3368970    0.0834515
    0.3361285    0.0834316
    0.3353603    0.0834114
    0.3345926    0.0833909
    0.3338252    0.0833700
    0.3330583    0.0833487
    0.3322917    0.0833272
    0.3315256    0.0833052
    0.3307599    0.0832830
    0.3299946    0.0832604
    0.3292297    0.0832374
    0.3284652    0.0832141
    0.3277011    0.0831905
    0.3269375    0.0831665
    0.3261743    0.0831422
    0.3254115    0.0831176
    0.3246491    0.0830926
    0.3238872    0.0830672
    0.3231257    0.0830416
    0.3223646    0.0830156
    0.3216040    0.0829892
    0.3208438    0.0829625
    0.3200841    0.0829355
    0.3193248    0.0829081
    0.3185659    0.0828804
    0.3178075    0.0828523
    0.3170495    0.0828239
    0.3162920    0.0827953
    0.3155347    0.0827659
    0.3147783    0.0827367
    0.3140245    0.0827095
    0.3132475    0.0826564
    0.3125907    0.0827326
    0.3118262    0.0826914
    0.3109584    0.0825373
    0.3102584    0.0825642
    0.3094969    0.0825236
    0.3087393    0.0824865
    0.3079904    0.0824578
    0.3072375    0.0824241
    0.3064859    0.0823908
    0.3057351    0.0823576
    0.3049845    0.0823238
    0.3042344    0.0822897
    0.3034848    0.0822553
    0.3027358    0.0822206
    0.3019872    0.0821856
    0.3012390    0.0821502
    0.3004914    0.0821145
    0.2997443    0.0820784
    0.2989977    0.0820421
    0.2982516    0.0820054
    0.2975059    0.0819684
    0.2967608    0.0819311
    0.2960162    0.0818935
    0.2952721    0.0818555
    0.2945284    0.0818173
    0.2937853    0.0817787
    0.2930428    0.0817398
    0.2923007    0.0817005
    0.2915591    0.0816610
    0.2908181    0.0816212
    0.2900776    0.0815810
    0.2893375    0.0815405
    0.2885981    0.0814998
    0.2878591    0.0814587
    0.2871207    0.0814173
    0.2863828    0.0813755
    0.2856454    0.0813335
    0.2849086    0.0812912
    0.2841723    0.0812486
    0.2834365    0.0812056
    0.2827013    0.0811623
    0.2819666    0.0811188
    0.2812325    0.0810749
    0.2804989    0.0810307
    0.2797658    0.0809862
    0.2790333    0.0809414
    0.2783014    0.0808963
    0.2775700    0.0808509
    0.2768391    0.0808052
    0.2761088    0.0807591
    0.2753791    0.0807127
    0.2746499    0.0806661
    0.2739213    0.0806191
    0.2731933    0.0805718
    0.2724658    0.0805242
    0.2717389    0.0804763
    0.2710126    0.0804280
    0.2702868    0.0803795
    0.2695616    0.0803306
    0.2688370    0.0802814
    0.2681130    0.0802319
    0.2673895    0.0801821
    0.2666667    0.0801320
    0.2659444    0.0800816
    0.2652227    0.0800308
    0.2645016    0.0799798
    0.2637811    0.0799284
    0.2630611    0.0798767
    0.2623418    0.0798247
    0.2616231    0.0797724
    0.2609049    0.0797197
    0.2601874    0.0796667
    0.2594705    0.0796135
    0.2587541    0.0795599
    0.2580384    0.0795059
    0.2573233    0.0794517
    0.2566088    0.0793972
    0.2558949    0.0793423
    0.2551816    0.0792871
    0.2544690    0.0792316
    0.2537569    0.0791758
    0.2530455    0.0791197
    0.2523347    0.0790632
    0.2516245    0.0790064
    0.2509150    0.0789493
    0.2502061    0.0788919
    0.2494978    0.0788342
    0.2487901    0.0787762
    0.2480831    0.0787178
    0.2473767    0.0786591
    0.2466709    0.0786002
    0.2459658    0.0785408
    0.2452614    0.0784812
    0.2445575    0.0784213
    0.2438543    0.0783610
    0.2431518    0.0783004
    0.2424499    0.0782395
    0.2417487    0.0781783
    0.2410481    0.0781168
    0.2403482    0.0780550
    0.2396489    0.0779928
    0.2389503    0.0779303
    0.2382523    0.0778675
    0.2375550    0.0778044
    0.2368584    0.0777410
    0.2361625    0.0776772
    0.2354672    0.0776132
    0.2347726    0.0775488
    0.2340786    0.0774841
    0.2333854    0.0774191
    0.2326928    0.0773538
    0.2320008    0.0772881
    0.2313096    0.0772221
    0.2306191    0.0771559
    0.2299292    0.0770893
    0.2292400    0.0770224
    0.2285515    0.0769552
    0.2278637    0.0768876
    0.2271766    0.0768198
    0.2264902    0.0767516
    0.2258044    0.0766831
    0.2251194    0.0766143
    0.2244351    0.0765452
    0.2237515    0.0764758
    0.2230685    0.0764060
    0.2223863    0.0763360
    0.2217048    0.0762656
    0.2210240    0.0761949
    0.2203439    0.0761239
    0.2196645    0.0760526
    0.2189859    0.0759810
    0.2183079    0.0759090
    0.2176307    0.0758368
    0.2169542    0.0757642
    0.2162784    0.0756913
    0.2156033    0.0756181
    0.2149290    0.0755446
    0.2142554    0.0754708
    0.2135825    0.0753966
    0.2129104    0.0753222
    0.2122390    0.0752474
    0.2115683    0.0751724
    0.2108983    0.0750970
    0.2102291    0.0750213
    0.2095607    0.0749453
    0.2088930    0.0748690
    0.2082260    0.0747924
    0.2075598    0.0747154
    0.2068943    0.0746382
    0.2062296    0.0745606
    0.2055656    0.0744827
    0.2049024    0.0744046
    0.2042399    0.0743261
    0.2035782    0.0742473
    0.2029173    0.0741682
    0.2022571    0.0740887
    0.2015977    0.0740090
    0.2009390    0.0739289
    0.2002811    0.0738486
    0.1996240    0.0737679
    0.1989677    0.0736870
    0.1983121    0.0736057
    0.1976573    0.0735241
    0.1970033    0.0734422
    0.1963500    0.0733599
    0.1956976    0.0732774
    0.1950459    0.0731946
    0.1943950    0.0731114
    0.1937449    0.0730280
    0.1930956    0.0729442
    0.1924470    0.0728601
    0.1917993    0.0727758
    0.1911524    0.0726911
    0.1905062    0.0726061
    0.1898609    0.0725207
    0.1892163    0.0724351
    0.1885726    0.0723492
    0.1879296    0.0722630
    0.1872875    0.0721764
    0.1866461    0.0720895
    0.1860056    0.0720024
    0.1853659    0.0719149
    0.1847270    0.0718271
    0.1840889    0.0717390
    0.1834517    0.0716506
    0.1828152    0.0715619
    0.1821796    0.0714729
    0.1815448    0.0713836
    0.1809108    0.0712940
    0.1802776    0.0712040
    0.1796453    0.0711138
    0.1790138    0.0710233
    0.1783831    0.0709324
    0.1777533    0.0708412
    0.1771243    0.0707498
    0.1764961    0.0706580
    0.1758688    0.0705659
    0.1752423    0.0704736
    0.1746166    0.0703809
    0.1739918    0.0702879
    0.1733679    0.0701946
    0.1727447    0.0701010
    0.1721225    0.0700071
    0.1715011    0.0699128
    0.1708805    0.0698183
    0.1702608    0.0697235
    0.1696420    0.0696284
    0.1690240    0.0695330
    0.1684069    0.0694372
    0.1677906    0.0693412
    0.1671752    0.0692449
    0.1665607    0.0691482
    0.1659470    0.0690513
    0.1653342    0.0689541
    0.1647223    0.0688565
    0.1641112    0.0687587
    0.1635010    0.0686605
    0.1628917    0.0685621
    0.1622833    0.0684633
    0.1616758    0.0683643
    0.1610691    0.0682650
    0.1604633    0.0681653
    0.1598585    0.0680654
    0.1592544    0.0679651
    0.1586513    0.0678646
    0.1580491    0.0677638
    0.1574478    0.0676626
    0.1568474    0.0675612
    0.1562478    0.0674594
    0.1556492    0.0673574
    0.1550514    0.0672551
    0.1544546    0.0671524
    0.1538587    0.0670495
    0.1532637    0.0669462
    0.1526696    0.0668427
    0.1520763    0.0667389
    0.1514841    0.0666347
    0.1508927    0.0665303
    0.1503022    0.0664256
    0.1497127    0.0663205
    0.1491240    0.0662152
    0.1485363    0.0661096
    0.1479496    0.0660036
    0.1473637    0.0658974
    0.1467788    0.0657908
    0.1461948    0.0656840
    0.1456117    0.0655769
    0.1450296    0.0654694
    0.1444484    0.0653617
    0.1438681    0.0652537
    0.1432888    0.0651453
    0.1427104    0.0650367
    0.1421329    0.0649278
    0.1415564    0.0648185
    0.1409809    0.0647090
    0.1404062    0.0645992
    0.1398326    0.0644890
    0.1392599    0.0643786
    0.1386881    0.0642679
    0.1381173    0.0641569
    0.1375475    0.0640455
    0.1369786    0.0639339
    0.1364106    0.0638220
    0.1358437    0.0637098
    0.1352776    0.0635973
    0.1347126    0.0634844
    0.1341485    0.0633713
    0.1335854    0.0632579
    0.1330233    0.0631442
    0.1324621    0.0630302
    0.1319019    0.0629159
    0.1313427    0.0628013
    0.1307845    0.0626864
    0.1302272    0.0625713
    0.1296710    0.0624558
    0.1291157    0.0623400
    0.1285614    0.0622239
    0.1280081    0.0621076
    0.1274557    0.0619909
    0.1269044    0.0618740
    0.1263540    0.0617567
    0.1258047    0.0616392
    0.1252563    0.0615213
    0.1247090    0.0614032
    0.1241626    0.0612848
    0.1236173    0.0611661
    0.1230729    0.0610471
    0.1225296    0.0609278
    0.1219872    0.0608082
    0.1214459    0.0606883
    0.1209056    0.0605682
    0.1203663    0.0604477
    0.1198280    0.0603270
    0.1192907    0.0602060
    0.1187544    0.0600846
    0.1182192    0.0599630
    0.1176850    0.0598411
    0.1171518    0.0597190
    0.1166196    0.0595965
    0.1160884    0.0594737
    0.1155583    0.0593507
    0.1150292    0.0592274
    0.1145012    0.0591038
    0.1139741    0.0589799
    0.1134482    0.0588557
    0.1129232    0.0587312
    0.1123993    0.0586065
    0.1118764    0.0584815
    0.1113546    0.0583561
    0.1108338    0.0582306
    0.1103140    0.0581047
    0.1097953    0.0579785
    0.1092777    0.0578521
    0.1087611    0.0577254
    0.1082456    0.0575984
    0.1077311    0.0574711
    0.1072176    0.0573436
    0.1067053    0.0572158
    0.1061939    0.0570877
    0.1056837    0.0569593
    0.1051745    0.0568307
    0.1046664    0.0567018
    0.1041593    0.0565726
    0.1036533    0.0564431
    0.1031484    0.0563134
    0.1026445    0.0561833
    0.1021418    0.0560531
    0.1016401    0.0559225
    0.1011394    0.0557917
    0.1006399    0.0556606
    0.1001414    0.0555292
    0.0996440    0.0553976
    0.0991477    0.0552657
    0.0986525    0.0551336
    0.0981584    0.0550011
    0.0976654    0.0548685
    0.0971734    0.0547355
    0.0966825    0.0546023
    0.0961928    0.0544688
    0.0957041    0.0543351
    0.0952165    0.0542011
    0.0947301    0.0540668
    0.0942447    0.0539323
    0.0937604    0.0537975
    0.0932772    0.0536625
    0.0927952    0.0535272
    0.0923142    0.0533917
    0.0918344    0.0532559
    0.0913556    0.0531198
    0.0908780    0.0529835
    0.0904015    0.0528470
    0.0899261    0.0527102
    0.0894518    0.0525731
    0.0889786    0.0524358
    0.0885066    0.0522983
    0.0880357    0.0521605
    0.0875659    0.0520225
    0.0870972    0.0518842
    0.0866296    0.0517457
    0.0861632    0.0516070
    0.0856979    0.0514680
    0.0852337    0.0513288
    0.0847707    0.0511893
    0.0843088    0.0510497
    0.0838480    0.0509097
    0.0833884    0.0507696
    0.0829299    0.0506292
    0.0824725    0.0504886
    0.0820163    0.0503478
    0.0815612    0.0502067
    0.0811073    0.0500654
    0.0806545    0.0499239
    0.0802029    0.0497822
    0.0797524    0.0496402
    0.0793030    0.0494981
    0.0788548    0.0493557
    0.0784078    0.0492131
    0.0779619    0.0490703
    0.0775172    0.0489273
    0.0770736    0.0487840
    0.0766312    0.0486406
    0.0761899    0.0484969
    0.0757498    0.0483530
    0.0753109    0.0482090
    0.0748731    0.0480647
    0.0744365    0.0479202
    0.0740011    0.0477755
    0.0735668    0.0476307
    0.0731337    0.0474856
    0.0727017    0.0473403
    0.0722710    0.0471948
    0.0718414    0.0470492
    0.0714130    0.0469033
    0.0709858    0.0467572
    0.0705597    0.0466110
    0.0701348    0.0464645
    0.0697111    0.0463179
    0.0692886    0.0461711
    0.0688673    0.0460241
    0.0684472    0.0458769
    0.0680282    0.0457295
    0.0676105    0.0455819
    0.0671939    0.0454341
    0.0667785    0.0452862
    0.0663644    0.0451381
    0.0659514    0.0449898
    0.0655396    0.0448413
    0.0651290    0.0446926
    0.0647196    0.0445438
    0.0643115    0.0443948
    0.0639045    0.0442456
    0.0634987    0.0440962
    0.0630942    0.0439467
    0.0626908    0.0437970
    0.0622886    0.0436471
    0.0618877    0.0434971
    0.0614880    0.0433468
    0.0610895    0.0431965
    0.0606922    0.0430459
    0.0602961    0.0428952
    0.0599013    0.0427443
    0.0595076    0.0425933
    0.0591152    0.0424421
    0.0587240    0.0422908
    0.0583340    0.0421393
    0.0579453    0.0419876
    0.0575578    0.0418358
    0.0571715    0.0416838
    0.0567864    0.0415317
    0.0564026    0.0413795
    0.0560200    0.0412270
    0.0556387    0.0410745
    0.0552585    0.0409218
    0.0548797    0.0407689
    0.0545020    0.0406160
    0.0541256    0.0404628
    0.0537504    0.0403096
    0.0533765    0.0401562
    0.0530038    0.0400026
    0.0526324    0.0398490
    0.0522622    0.0396952
    0.0518933    0.0395412
    0.0515256    0.0393872
    0.0511592    0.0392330
    0.0507940    0.0390787
    0.0504301    0.0389243
    0.0500674    0.0387697
    0.0497060    0.0386150
    0.0493458    0.0384602
    0.0489869    0.0383053
    0.0486293    0.0381503
    0.0482729    0.0379951
    0.0479178    0.0378399
    0.0475639    0.0376845
    0.0472113    0.0375290
    0.0468600    0.0373735
    0.0465100    0.0372178
    0.0461612    0.0370620
    0.0458137    0.0369061
    0.0454674    0.0367501
    0.0451225    0.0365940
    0.0447788    0.0364378
    0.0444364    0.0362816
    0.0440952    0.0361252
    0.0437554    0.0359687
    0.0434168    0.0358122
    0.0430795    0.0356556
    0.0427435    0.0354988
    0.0424088    0.0353420
    0.0420753    0.0351852
    0.0417432    0.0350282
    0.0414123    0.0348712
    0.0410827    0.0347141
    0.0407544    0.0345569
    0.0404274    0.0343996
    0.0401017    0.0342423
    0.0397773    0.0340849
    0.0394542    0.0339274
    0.0391323    0.0337699
    0.0388118    0.0336124
    0.0384926    0.0334547
    0.0381747    0.0332970
    0.0378580    0.0331393
    0.0375427    0.0329815
    0.0372287    0.0328236
    0.0369159    0.0326657
    0.0366045    0.0325078
    0.0362944    0.0323498
    0.0359856    0.0321918
    0.0356781    0.0320338
    0.0353719    0.0318757
    0.0350670    0.0317175
    0.0347635    0.0315594
    0.0344612    0.0314012
    0.0341603    0.0312430
    0.0338606    0.0310848
    0.0335623    0.0309265
    0.0332653    0.0307683
    0.0329696    0.0306100
    0.0326753    0.0304517
    0.0323822    0.0302934
    0.0320905    0.0301351
    0.0318001    0.0299768
    0.0315110    0.0298185
    0.0312232    0.0296602
    0.0309368    0.0295019
    0.0306516    0.0293436
    0.0303678    0.0291853
    0.0300853    0.0290271
    0.0298042    0.0288688
    0.0295244    0.0287106
    0.0292459    0.0285524
    0.0289687    0.0283942
    0.0286928    0.0282360
    0.0284183    0.0280779
    0.0281451    0.0279198
    0.0278733    0.0277617
    0.0276028    0.0276036
    0.0273336    0.0274456
    0.0270657    0.0272877
    0.0267992    0.0271298
    0.0265340    0.0269719
    0.0262702    0.0268141
    0.0260077    0.0266563
    0.0257465    0.0264986
    0.0254867    0.0263410
    0.0252282    0.0261834
    0.0249710    0.0260259
    0.0247152    0.0258684
    0.0244608    0.0257110
    0.0242076    0.0255537
    0.0239559    0.0253965
    0.0237054    0.0252393
    0.0234563    0.0250822
    0.0232086    0.0249252
    0.0229622    0.0247683
    0.0227171    0.0246115
    0.0224734    0.0244547
    0.0222311    0.0242981
    0.0219901    0.0241416
    0.0217504    0.0239852
    0.0215121    0.0238288
    0.0212751    0.0236726
    0.0210395    0.0235165
    0.0208052    0.0233606
    0.0205723    0.0232047
    0.0203408    0.0230490
    0.0201105    0.0228933
    0.0198817    0.0227379
    0.0196542    0.0225825
    0.0194280    0.0224273
    0.0192032    0.0222722
    0.0189798    0.0221173
    0.0187577    0.0219625
    0.0185369    0.0218079
    0.0183176    0.0216534
    0.0180995    0.0214991
    0.0178829    0.0213449
    0.0176675    0.0211909
    0.0174536    0.0210371
    0.0172410    0.0208835
    0.0170297    0.0207300
    0.0168198    0.0205767
    0.0166113    0.0204236
    0.0164041    0.0202706
    0.0161983    0.0201179
    0.0159938    0.0199653
    0.0157907    0.0198129
    0.0155890    0.0196607
    0.0153886    0.0195087
    0.0151896    0.0193569
    0.0149920    0.0192053
    0.0147958    0.0190539
    0.0146009    0.0189027
    0.0144074    0.0187517
    0.0142152    0.0186009
    0.0140244    0.0184504
    0.0138351    0.0183000
    0.0136470    0.0181499
    0.0134604    0.0179999
    0.0132751    0.0178503
    0.0130912    0.0177008
    0.0129087    0.0175516
    0.0127275    0.0174026
    0.0125478    0.0172538
    0.0123694    0.0171053
    0.0121923    0.0169571
    0.0120167    0.0168091
    0.0118424    0.0166613
    0.0116696    0.0165138
    0.0114980    0.0163666
    0.0113279    0.0162196
    0.0111592    0.0160730
    0.0109918    0.0159266
    0.0108258    0.0157804
    0.0106612    0.0156346
    0.0104979    0.0154890
    0.0103361    0.0153438
    0.0101756    0.0151988
    0.0100164    0.0150542
    0.0098587    0.0149098
    0.0097023    0.0147658
    0.0095473    0.0146221
    0.0093936    0.0144787
    0.0092414    0.0143357
    0.0090905    0.0141930
    0.0089409    0.0140507
    0.0087927    0.0139086
    0.0086459    0.0137670
    0.0085005    0.0136257
    0.0083563    0.0134848
    0.0082136    0.0133442
    0.0080722    0.0132041
    0.0079322    0.0130643
    0.0077935    0.0129249
    0.0076561    0.0127859
    0.0075201    0.0126473
    0.0073855    0.0125091
    0.0072522    0.0123714
    0.0071202    0.0122340
    0.0069896    0.0120971
    0.0068603    0.0119606
    0.0067323    0.0118246
    0.0066057    0.0116890
    0.0064804    0.0115538
    0.0063564    0.0114191
    0.0062338    0.0112849
    0.0061125    0.0111511
    0.0059925    0.0110178
    0.0058738    0.0108850
    0.0057564    0.0107526
    0.0056404    0.0106208
    0.0055257    0.0104894
    0.0054123    0.0103585
    0.0053002    0.0102282
    0.0051895    0.0100983
    0.0050800    0.0099690
    0.0049719    0.0098401
    0.0048651    0.0097118
    0.0047596    0.0095840
    0.0046554    0.0094567
    0.0045526    0.0093300
    0.0044510    0.0092037
    0.0043508    0.0090781
    0.0042519    0.0089529
    0.0041543    0.0088284
    0.0040580    0.0087043
    0.0039630    0.0085809
    0.0038694    0.0084580
    0.0037770    0.0083357
    0.0036860    0.0082139
    0.0035962    0.0080928
    0.0035078    0.0079722
    0.0034206    0.0078522
    0.0033348    0.0077328
    0.0032503    0.0076140
    0.0031670    0.0074959
    0.0030851    0.0073783
    0.0030045    0.0072614
    0.0029251    0.0071451
    0.0028471    0.0070294
    0.0027703    0.0069143
    0.0026949    0.0067999
    0.0026207    0.0066862
    0.0025479    0.0065731
    0.0024763    0.0064606
    0.0024060    0.0063489
    0.0023369    0.0062378
    0.0022692    0.0061274
    0.0022027    0.0060177
    0.0021375    0.0059086
    0.0020736    0.0058003
    0.0020110    0.0056927
    0.0019496    0.0055858
    0.0018895    0.0054796
    0.0018307    0.0053742
    0.0017731    0.0052694
    0.0017168    0.0051655
    0.0016617    0.0050622
    0.0016079    0.0049598
    0.0015554    0.0048581
    0.0015041    0.0047571
    0.0014540    0.0046570
    0.0014052    0.0045576
    0.0013575    0.0044591
    0.0013110    0.0043614
    0.0012657    0.0042646
    0.0012215    0.0041686
    0.0011784    0.0040735
    0.0011364    0.0039793
    0.0010954    0.0038859
    0.0010555    0.0037935
    0.0010167    0.0037021
    0.0009788    0.0036116
    0.0009419    0.0035220
    0.0009060    0.0034334
    0.0008710    0.0033458
    0.0008370    0.0032591
    0.0008039    0.0031735
    0.0007716    0.0030889
    0.0007403    0.0030053
    0.0007098    0.0029227
    0.0006802    0.0028411
    0.0006514    0.0027606
    0.0006234    0.0026811
    0.0005962    0.0026027
    0.0005698    0.0025254
    0.0005442    0.0024491
    0.0005193    0.0023739
    0.0004952    0.0022998
    0.0004718    0.0022268
    0.0004492    0.0021548
    0.0004272    0.0020840
    0.0004060    0.0020143
    0.0003854    0.0019457
    0.0003655    0.0018782
    0.0003463    0.0018119
    0.0003277    0.0017467
    0.0003097    0.0016826
    0.0002924    0.0016196
    0.0002757    0.0015578
    0.0002596    0.0014971
    0.0002441    0.0014376
    0.0002292    0.0013793
    0.0002148    0.0013221
    0.0002011    0.0012660
    0.0001878    0.0012112
    0.0001751    0.0011575
    0.0001630    0.0011050
    0.0001513    0.0010536
    0.0001402    0.0010035
    0.0001296    0.0009545
    0.0001195    0.0009067
    0.0001099    0.0008602
    0.0001007    0.0008148
    0.0000921    0.0007706
    0.0000839    0.0007276
    0.0000762    0.0006858
    0.0000689    0.0006452
    0.0000620    0.0006058
    0.0000556    0.0005677
    0.0000496    0.0005307
    0.0000440    0.0004950
    0.0000388    0.0004605
    0.0000340    0.0004272
    0.0000296    0.0003952
    0.0000255    0.0003643
    0.0000218    0.0003348
    0.0000185    0.0003064
    0.0000155    0.0002793
    0.0000128    0.0002534
    0.0000104    0.0002288
    0.0000084    0.0002054
    0.0000067    0.0001832
    0.0000052    0.0001623
    0.0000040    0.0001427
    0.0000030    0.0001243
    0.0000022    0.0001072
    0.0000016    0.0000914
    0.0000011    0.0000768
    0.0000007    0.0000635
    0.0000004    0.0000514
    0.0000003    0.0000406
    0.0000001    0.0000311
    0.0000001    0.0000228
    0.0000000    0.0000159
   -0.0000000    0.0000102
   -0.0000000    0.0000057
   -0.0000000    0.0000025
   -0.0000000    0.0000006
    0.0000000    0.0000000
    0.0000836   -0.0006827
    0.0005291   -0.0011995
    0.0010659   -0.0016323
    0.0016267   -0.0020336
    0.0022086   -0.0024035
    0.0028149   -0.0027321
    0.0034366   -0.0030306
    0.0040670   -0.0033103
    0.0047029   -0.0035774
    0.0053426   -0.0038352
    0.0059854   -0.0040851
    0.0066309   -0.0043281
    0.0072786   -0.0045650
    0.0079283   -0.0047963
    0.0085799   -0.0050224
    0.0092334   -0.0052431
    0.0098885   -0.0054587
    0.0105452   -0.0056694
    0.0112036   -0.0058748
    0.0118636   -0.0060749
    0.0125252   -0.0062699
    0.0131885   -0.0064589
    0.0138533   -0.0066426
    0.0145197   -0.0068202
    0.0151876   -0.0069921
    0.0158570   -0.0071583
    0.0165278   -0.0073188
    0.0171997   -0.0074742
    0.0178729   -0.0076241
    0.0185472   -0.0077693
    0.0192224   -0.0079096
    0.0198986   -0.0080455
    0.0205757   -0.0081770
    0.0212535   -0.0083044
    0.0219320   -0.0084280
    0.0226112   -0.0085478
    0.0232910   -0.0086643
    0.0239714   -0.0087772
    0.0246522   -0.0088874
    0.0253336   -0.0089944
    0.0260153   -0.0090991
    0.0266974   -0.0092011
    0.0273798   -0.0093010
    0.0280625   -0.0093988
    0.0287455   -0.0094949
    0.0294287   -0.0095892
    0.0301122   -0.0096820
    0.0307958   -0.0097735
    0.0314796   -0.0098634
    0.0321636   -0.0099520
    0.0328477   -0.0100392
    0.0335320   -0.0101251
    0.0342165   -0.0102097
    0.0349012   -0.0102929
    0.0355860   -0.0103749
    0.0362709   -0.0104557
    0.0369561   -0.0105351
    0.0376413   -0.0106133
    0.0383267   -0.0106904
    0.0390122   -0.0107662
    0.0396978   -0.0108408
    0.0403836   -0.0109143
    0.0410695   -0.0109865
    0.0417555   -0.0110576
    0.0424417   -0.0111277
    0.0431279   -0.0111965
    0.0438143   -0.0112642
    0.0445008   -0.0113309
    0.0451873   -0.0113965
    0.0458740   -0.0114609
    0.0465608   -0.0115243
    0.0472477   -0.0115866
    0.0479346   -0.0116479
    0.0486217   -0.0117081
    0.0493088   -0.0117673
    0.0499961   -0.0118255
    0.0506834   -0.0118827
    0.0513708   -0.0119388
    0.0520583   -0.0119939
    0.0527459   -0.0120480
    0.0534335   -0.0121012
    0.0541212   -0.0121534
    0.0548090   -0.0122045
    0.0554969   -0.0122547
    0.0561848   -0.0123041
    0.0568728   -0.0123525
    0.0575609   -0.0123999
    0.0582490   -0.0124465
    0.0589372   -0.0124922
    0.0596254   -0.0125371
    0.0603137   -0.0125811
    0.0610021   -0.0126242
    0.0616905   -0.0126666
    0.0623789   -0.0127081
    0.0630674   -0.0127489
    0.0637559   -0.0127889
    0.0644445   -0.0128281
    0.0651331   -0.0128666
    0.0658218   -0.0129043
    0.0665105   -0.0129414
    0.0671992   -0.0129777
    0.0678880   -0.0130133
    0.0685768   -0.0130482
    0.0692657   -0.0130825
    0.0699545   -0.0131161
    0.0706435   -0.0131490
    0.0713324   -0.0131814
    0.0720214   -0.0132131
    0.0727104   -0.0132441
    0.0733994   -0.0132745
    0.0740884   -0.0133044
    0.0747775   -0.0133336
    0.0754666   -0.0133623
    0.0761557   -0.0133904
    0.0768449   -0.0134180
    0.0775341   -0.0134450
    0.0782232   -0.0134714
    0.0789125   -0.0134973
    0.0796017   -0.0135227
    0.0802909   -0.0135476
    0.0809802   -0.0135719
    0.0816695   -0.0135958
    0.0823588   -0.0136192
    0.0830481   -0.0136421
    0.0837374   -0.0136646
    0.0844268   -0.0136865
    0.0851161   -0.0137080
    0.0858055   -0.0137291
    0.0864949   -0.0137497
    0.0871843   -0.0137699
    0.0878737   -0.0137897
    0.0885631   -0.0138090
    0.0892526   -0.0138279
    0.0899420   -0.0138465
    0.0906315   -0.0138646
    0.0913209   -0.0138823
    0.0920104   -0.0138997
    0.0926999   -0.0139167
    0.0933894   -0.0139333
    0.0940789   -0.0139495
    0.0947684   -0.0139654
    0.0954580   -0.0139809
    0.0961475   -0.0139962
    0.0968370   -0.0140110
    0.0975266   -0.0140256
    0.0982161   -0.0140398
    0.0989057   -0.0140537
    0.0995952   -0.0140672
    0.1002848   -0.0140805
    0.1009744   -0.0140935
    0.1016640   -0.0141062
    0.1023535   -0.0141185
    0.1030431   -0.0141307
    0.1037327   -0.0141425
    0.1044223   -0.0141541
    0.1051119   -0.0141654
    0.1058015   -0.0141764
    0.1064912   -0.0141872
    0.1071808   -0.0141977
    0.1078704   -0.0142080
    0.1085600   -0.0142181
    0.1092496   -0.0142279
    0.1099393   -0.0142375
    0.1106289   -0.0142469
    0.1113185   -0.0142560
    0.1120082   -0.0142649
    0.1126978   -0.0142736
    0.1133875   -0.0142821
    0.1140771   -0.0142904
    0.1147668   -0.0142984
    0.1154564   -0.0143062
    0.1161461   -0.0143138
    0.1168357   -0.0143212
    0.1175254   -0.0143284
    0.1182150   -0.0143353
    0.1189047   -0.0143420
    0.1195944   -0.0143485
    0.1202840   -0.0143548
    0.1209737   -0.0143609
    0.1216634   -0.0143668
    0.1223531   -0.0143724
    0.1230427   -0.0143778
    0.1237324   -0.0143830
    0.1244221   -0.0143880
    0.1251118   -0.0143928
    0.1258015   -0.0143974
    0.1264911   -0.0144018
    0.1271808   -0.0144059
    0.1278705   -0.0144099
    0.1285602   -0.0144136
    0.1292499   -0.0144171
    0.1299396   -0.0144205
    0.1306293   -0.0144236
    0.1313189   -0.0144265
    0.1320086   -0.0144292
    0.1326983   -0.0144317
    0.1333880   -0.0144340
    0.1340777   -0.0144362
    0.1347674   -0.0144381
    0.1354571   -0.0144398
    0.1361468   -0.0144413
    0.1368365   -0.0144426
    0.1375262   -0.0144437
    0.1382159   -0.0144447
    0.1389056   -0.0144454
    0.1395953   -0.0144460
    0.1402850   -0.0144463
    0.1409747   -0.0144465
    0.1416644   -0.0144465
    0.1423541   -0.0144463
    0.1430438   -0.0144459
    0.1437335   -0.0144453
    0.1444232   -0.0144445
    0.1451129   -0.0144436
    0.1458025   -0.0144424
    0.1464922   -0.0144411
    0.1471819   -0.0144396
    0.1478716   -0.0144379
    0.1485613   -0.0144360
    0.1492510   -0.0144340
    0.1499407   -0.0144318
    0.1506304   -0.0144294
    0.1513201   -0.0144268
    0.1520098   -0.0144241
    0.1526995   -0.0144211
    0.1533892   -0.0144180
    0.1540789   -0.0144147
    0.1547685   -0.0144113
    0.1554582   -0.0144077
    0.1561479   -0.0144039
    0.1568376   -0.0143999
    0.1575273   -0.0143958
    0.1582170   -0.0143915
    0.1589067   -0.0143870
    0.1595963   -0.0143824
    0.1602860   -0.0143776
    0.1609757   -0.0143726
    0.1616654   -0.0143675
    0.1623550   -0.0143622
    0.1630447   -0.0143567
    0.1637344   -0.0143511
    0.1644241   -0.0143454
    0.1651137   -0.0143395
    0.1658034   -0.0143334
    0.1664931   -0.0143272
    0.1671827   -0.0143208
    0.1678724   -0.0143143
    0.1685621   -0.0143076
    0.1692517   -0.0143008
    0.1699414   -0.0142939
    0.1706311   -0.0142868
    0.1713207   -0.0142796
    0.1720104   -0.0142722
    0.1727000   -0.0142646
    0.1733897   -0.0142570
    0.1740793   -0.0142492
    0.1747690   -0.0142412
    0.1754586   -0.0142332
    0.1761483   -0.0142250
    0.1768379   -0.0142166
    0.1775276   -0.0142081
    0.1782172   -0.0141995
    0.1789069   -0.0141908
    0.1795965   -0.0141820
    0.1802861   -0.0141730
    0.1809758   -0.0141639
    0.1816654   -0.0141546
    0.1823550   -0.0141453
    0.1830447   -0.0141358
    0.1837343   -0.0141262
    0.1844239   -0.0141165
    0.1851136   -0.0141067
    0.1858032   -0.0140967
    0.1864928   -0.0140866
    0.1871824   -0.0140764
    0.1878721   -0.0140661
    0.1885617   -0.0140557
    0.1892513   -0.0140452
    0.1899409   -0.0140346
    0.1906305   -0.0140238
    0.1913201   -0.0140130
    0.1920097   -0.0140020
    0.1926993   -0.0139910
    0.1933890   -0.0139798
    0.1940786   -0.0139685
    0.1947682   -0.0139572
    0.1954578   -0.0139457
    0.1961474   -0.0139341
    0.1968370   -0.0139225
    0.1975266   -0.0139107
    0.1982162   -0.0138989
    0.1989057   -0.0138870
    0.1995953   -0.0138750
    0.2002849   -0.0138629
    0.2009745   -0.0138507
    0.2016641   -0.0138384
    0.2023537   -0.0138261
    0.2030433   -0.0138136
    0.2037329   -0.0138011
    0.2044224   -0.0137886
    0.2051120   -0.0137759
    0.2058016   -0.0137632
    0.2064912   -0.0137504
    0.2071808   -0.0137375
    0.2078703   -0.0137246
    0.2085599   -0.0137116
    0.2092495   -0.0136985
    0.2099391   -0.0136854
    0.2106286   -0.0136722
    0.2113182   -0.0136589
    0.2120078   -0.0136456
    0.2126973   -0.0136322
    0.2133869   -0.0136188
    0.2140765   -0.0136053
    0.2147660   -0.0135918
    0.2152394   -0.0133662
    0.2152394   -0.0126765
    0.2152394   -0.0119868
    0.2152394   -0.0112971
    0.2152394   -0.0106074
    0.2152394   -0.0099177
    0.2152394   -0.0092281
    0.2152394   -0.0085384
    0.2152394   -0.0078487
    0.2152394   -0.0071590
    0.2152394   -0.0064693
    0.2152394   -0.0057796
    0.2152173   -0.0051108
    0.2145287   -0.0050719
    0.2138401   -0.0050330
    0.2131515   -0.0049941
    0.2124654   -0.0049261
    0.2117806   -0.0048443
    0.2110958   -0.0047624
    0.2104131   -0.0046668
    0.2097347   -0.0045423
    0.2090563   -0.0044178
    0.2083780   -0.0042933
    0.2077084   -0.0041279
    0.2070392   -0.0039613
    0.2063699   -0.0037946
    0.2057078   -0.0036025
    0.2050503   -0.0033943
    0.2043928   -0.0031861
    0.2037390   -0.0029674
    0.2030957   -0.0027185
    0.2024525   -0.0024696
    0.2018093   -0.0022207
    0.2011813   -0.0019360
    0.2005548   -0.0016473
    0.1999284   -0.0013587
    0.1993126   -0.0010490
    0.1987055   -0.0007217
    0.1980983   -0.0003945
    0.1974954   -0.0000601
    0.1969099    0.0003044
    0.1963244    0.0006690
    0.1957389    0.0010335
    0.1951735    0.0014281
    0.1946119    0.0018285
    0.1940504    0.0022289
    0.1935014    0.0026460
    0.1929660    0.0030807
    0.1924306    0.0035154
    0.1918988    0.0039544
    0.1913916    0.0044217
    0.1908844    0.0048891
    0.1903772    0.0053565
    0.1898934    0.0058477
    0.1894164    0.0063458
    0.1889394    0.0068440
    0.1884758    0.0073542
    0.1880309    0.0078812
    0.1875860    0.0084082
    0.1871433    0.0089369
    0.1867322    0.0094907
    0.1863211    0.0100445
    0.1859100    0.0105983
    0.1855240    0.0111696
    0.1851483    0.0117480
    0.1847726    0.0123264
    0.1844101    0.0129127
    0.1840713    0.0135134
    0.1837325    0.0141142
    0.1833937    0.0147150
    0.1830931    0.0153357
    0.1827926    0.0159565
    0.1824920    0.0165772
    0.1822169    0.0172093
    0.1819557    0.0178477
    0.1816945    0.0184860
    0.1814451    0.0191287
    0.1812243    0.0197821
    0.1810036    0.0204356
    0.1807828    0.0210890
    0.1806007    0.0217541
    0.1804212    0.0224200
    0.1802418    0.0230860
    0.1800867    0.0237577
    0.1799492    0.0244335
    0.1798117    0.0251094
    0.1796838    0.0257869
    0.1795888    0.0264700
    0.1794939    0.0271531
    0.1793989    0.0278362
    0.1793413    0.0285234
    0.1792892    0.0292111
    0.1792371    0.0298988
    0.1792073    0.0305876
    0.1791983    0.0312772
    0.1791894    0.0319668
    0.1791873    0.0326563
    0.1792215    0.0333452
    0.1792556    0.0340340
    0.1792898    0.0347229
    0.1793586    0.0354089
    0.1794358    0.0360943
    0.1795129    0.0367797
    0.1796093    0.0374623
    0.1797292    0.0381415
    0.1798490    0.0388207
    0.1799729    0.0394990
    0.1801350    0.0401694
    0.1802971    0.0408398
    0.1804592    0.0415102
    0.1806521    0.0421721
    0.1808558    0.0428310
    0.1810594    0.0434899
    0.1812789    0.0441435
    0.1815233    0.0447884
    0.1817678    0.0454333
    0.1820135    0.0460777
    0.1822978    0.0467061
    0.1825821    0.0473344
    0.1828665    0.0479628
    0.1831770    0.0485783
    0.1835000    0.0491877
    0.1838230    0.0497971
    0.1841581    0.0503995
    0.1845186    0.0509875
    0.1848791    0.0515755
    0.1852396    0.0521635
    0.1856350    0.0527286
    0.1860315    0.0532929
    0.1864281    0.0538571
    0.1868458    0.0544056
    0.1872768    0.0549440
    0.1877079    0.0554824
    0.1881474    0.0560136
    0.1886112    0.0565240
    0.1890751    0.0570344
    0.1895390    0.0575448
    0.1900308    0.0580281
    0.1905257    0.0585085
    0.1910206    0.0589889
    0.1915314    0.0594519
    0.1920553    0.0599004
    0.1925792    0.0603489
    0.1931084    0.0607909
    0.1936593    0.0612058
    0.1942103    0.0616207
    0.1947612    0.0620356
    0.1953330    0.0624210
    0.1959088    0.0628006
    0.1964846    0.0631802
    0.1970713    0.0635421
    0.1976698    0.0638850
    0.1982682    0.0642279
    0.1988692    0.0645659
    0.1994879    0.0648708
    0.2001066    0.0651756
    0.2007252    0.0654804
    0.2013577    0.0657548
    0.2019943    0.0660204
    0.2026308    0.0662859
    0.2032737    0.0665346
    0.2039256    0.0667598
    0.2045775    0.0669851
    0.2052302    0.0672077
    0.2058949    0.0673917
    0.2065596    0.0675757
    0.2072243    0.0677598
    0.2078962    0.0679141
    0.2085711    0.0680562
    0.2092460    0.0681983
    0.2099236    0.0683254
    0.2106060    0.0684251
    0.2112885    0.0685247
    0.2119709    0.0686244
    0.2126583    0.0686812
    0.2133456    0.0687380
    0.2140330    0.0687948
    0.2147218    0.0688238
    0.2154113    0.0688375
    0.2161009    0.0688512
    0.2167903    0.0688525
    0.2174794    0.0688230
    0.2181685    0.0687936
    0.2188575    0.0687642
    0.2195436    0.0686946
    0.2202295    0.0686221
    0.2209154    0.0685497
    0.2215979    0.0684524
    0.2222779    0.0683373
    0.2229579    0.0682221
    0.2236360    0.0680974
    0.2243074    0.0679399
    0.2249789    0.0677825
    0.2256504    0.0676250
    0.2263122    0.0674313
    0.2269725    0.0672321
    0.2276328    0.0670330
    0.2282861    0.0668128
    0.2289326    0.0665727
    0.2295792    0.0663327
    0.2302232    0.0660863
    0.2308535    0.0658063
    0.2314838    0.0655263
    0.2321141    0.0652463
    0.2327293    0.0649350
    0.2333409    0.0646162
    0.2339525    0.0642974
    0.2345545    0.0639616
    0.2351450    0.0636051
    0.2357354    0.0632487
    0.2363236    0.0628888
    0.2368906    0.0624961
    0.2374576    0.0621034
    0.2380247    0.0617108
    0.2385727    0.0612924
    0.2391140    0.0608651
    0.2396553    0.0604377
    0.2401860    0.0599976
    0.2406995    0.0595373
    0.2412131    0.0590769
    0.2417258    0.0586156
    0.2422096    0.0581240
    0.2426933    0.0576325
    0.2431771    0.0571409
    0.2436395    0.0566296
    0.2440916    0.0561087
    0.2445437    0.0555879
    0.2449851    0.0550583
    0.2454038    0.0545102
    0.2458224    0.0539621
    0.2462411    0.0534140
    0.2466258    0.0528417
    0.2470094    0.0522685
    0.2473930    0.0516953
    0.2477542    0.0511081
    0.2481012    0.0505121
    0.2484482    0.0499160
    0.2487855    0.0493147
    0.2490945    0.0486981
    0.2494036    0.0480816
    0.2497127    0.0474650
    0.2499864    0.0468321
    0.2502563    0.0461974
    0.2505262    0.0455627
    0.2507741    0.0449194
    0.2510038    0.0442691
    0.2512335    0.0436188
    0.2514553    0.0429660
    0.2516439    0.0423026
    0.2518325    0.0416391
    0.2520211    0.0409757
    0.2521747    0.0403035
    0.2523214    0.0396296
    0.2524682    0.0389557
    0.2525945    0.0382780
    0.2526988    0.0375963
    0.2528031    0.0369145
    0.2529020    0.0362321
    0.2529635    0.0355451
    0.2530250    0.0348582
    0.2530865    0.0341713
    0.2531148    0.0334824
    0.2531332    0.0327929
    0.2531517    0.0321035
    0.2531521    0.0314141
    0.2531274    0.0307248
    0.2531027    0.0300356
    0.2530753    0.0293465
    0.2530075    0.0286602
    0.2529398    0.0279738
    0.2528721    0.0272874
    0.2527740    0.0266050
    0.2526635    0.0259242
    0.2525530    0.0252434
    0.2524275    0.0245656
    0.2522747    0.0238930
    0.2521218    0.0232205
    0.2519690    0.0225479
    0.2517744    0.0218863
    0.2515798    0.0212246
    0.2513852    0.0205629
    0.2511642    0.0199099
    0.2509287    0.0192617
    0.2506931    0.0186135
    0.2504459    0.0179699
    0.2501703    0.0173377
    0.2498946    0.0167054
    0.2496190    0.0160732
    0.2493069    0.0154583
    0.2489923    0.0148445
    0.2486777    0.0142308
    0.2483411    0.0136291
    0.2479888    0.0130362
    0.2476364    0.0124433
    0.2472758    0.0118557
    0.2468871    0.0112860
    0.2464983    0.0107163
    0.2461096    0.0101466
    0.2456905    0.0095990
    0.2452669    0.0090547
    0.2448433    0.0085105
    0.2444025    0.0079804
    0.2439457    0.0074636
    0.2434889    0.0069469
    0.2430271    0.0064349
    0.2425389    0.0059478
    0.2420506    0.0054606
    0.2415624    0.0049735
    0.2410504    0.0045116
    0.2405327    0.0040560
    0.2400150    0.0036003
    0.2394849    0.0031596
    0.2389397    0.0027371
    0.2383945    0.0023147
    0.2378469    0.0018956
    0.2372764    0.0015081
    0.2367058    0.0011206
    0.2361353    0.0007331
    0.2355476    0.0003725
    0.2349540    0.0000215
    0.2343603   -0.0003296
    0.2337587   -0.0006661
    0.2331442   -0.0009794
    0.2325298   -0.0012927
    0.2319148   -0.0016048
    0.2312820   -0.0018791
    0.2306492   -0.0021533
    0.2300163   -0.0024276
    0.2293728   -0.0026747
    0.2287240   -0.0029089
    0.2280753   -0.0031431
    0.2274223   -0.0033641
    0.2267602   -0.0035572
    0.2260981   -0.0037504
    0.2254360   -0.0039435
    0.2247635   -0.0040963
    0.2240906   -0.0042477
    0.2234177   -0.0043991
    0.2227399   -0.0045246
    0.2220588   -0.0046336
    0.2213778   -0.0047426
    0.2206954   -0.0048406
    0.2200089   -0.0049069
    0.2193224   -0.0049731
    0.2186358   -0.0050393
    0.2185684   -0.0056678
    0.2185684   -0.0063575
    0.2185684   -0.0070472
    0.2185684   -0.0077369
    0.2185684   -0.0084266
    0.2185684   -0.0091163
    0.2185684   -0.0098060
    0.2185684   -0.0104957
    0.2185684   -0.0111854
    0.2185684   -0.0118751
    0.2185684   -0.0125648
    0.2185684   -0.0132545
    0.2189962   -0.0135077
    0.2196858   -0.0134938
    0.2203753   -0.0134799
    0.2210649   -0.0134659
    0.2217544   -0.0134520
    0.2224440   -0.0134379
    0.2231336   -0.0134239
    0.2238231   -0.0134098
    0.2245127   -0.0133957
    0.2252022   -0.0133815
    0.2258918   -0.0133673
    0.2265813   -0.0133531
    0.2272709   -0.0133389
    0.2279604   -0.0133246
    0.2286500   -0.0133103
    0.2293395   -0.0132959
    0.2300290   -0.0132816
    0.2307186   -0.0132672
    0.2314081   -0.0132527
    0.2320977   -0.0132382
    0.2327872   -0.0132237
    0.2334768   -0.0132092
    0.2341663   -0.0131946
    0.2348559   -0.0131800
    0.2355454   -0.0131653
    0.2362349   -0.0131506
    0.2369245   -0.0131359
    0.2376140   -0.0131212
    0.2383036   -0.0131064
    0.2389931   -0.0130915
    0.2396826   -0.0130766
    0.2403722   -0.0130617
    0.2410617   -0.0130468
    0.2417512   -0.0130318
    0.2424408   -0.0130167
    0.2431303   -0.0130017
    0.2438198   -0.0129866
    0.2445094   -0.0129714
    0.2451989   -0.0129562
    0.2458884   -0.0129410
    0.2465779   -0.0129257
    0.2472675   -0.0129104
    0.2479570   -0.0128950
    0.2486465   -0.0128796
    0.2493360   -0.0128641
    0.2500256   -0.0128486
    0.2507151   -0.0128331
    0.2514046   -0.0128175
    0.2520941   -0.0128018
    0.2527836   -0.0127862
    0.2534732   -0.0127704
    0.2541627   -0.0127547
    0.2548522   -0.0127388
    0.2555417   -0.0127230
    0.2562312   -0.0127071
    0.2569207   -0.0126911
    0.2576102   -0.0126751
    0.2582998   -0.0126590
    0.2589893   -0.0126429
    0.2596788   -0.0126267
    0.2603683   -0.0126105
    0.2610578   -0.0125943
    0.2617473   -0.0125780
    0.2624368   -0.0125616
    0.2631263   -0.0125452
    0.2638158   -0.0125287
    0.2645053   -0.0125122
    0.2651948   -0.0124957
    0.2658843   -0.0124790
    0.2665738   -0.0124624
    0.2672633   -0.0124457
    0.2679528   -0.0124289
    0.2686423   -0.0124121
    0.2693317   -0.0123953
    0.2700212   -0.0123784
    0.2707107   -0.0123615
    0.2714002   -0.0123445
    0.2720897   -0.0123274
    0.2727792   -0.0123104
    0.2734687   -0.0122932
    0.2741582   -0.0122761
    0.2748476   -0.0122588
    0.2755371   -0.0122416
    0.2762266   -0.0122243
    0.2769161   -0.0122069
    0.2776056   -0.0121895
    0.2782950   -0.0121721
    0.2789845   -0.0121546
    0.2796740   -0.0121371
    0.2803635   -0.0121195
    0.2810529   -0.0121019
    0.2817424   -0.0120842
    0.2824319   -0.0120665
    0.2831213   -0.0120488
    0.2838108   -0.0120310
    0.2845003   -0.0120132
    0.2851897   -0.0119953
    0.2858792   -0.0119774
    0.2865687   -0.0119594
    0.2872581   -0.0119414
    0.2879476   -0.0119234
    0.2886370   -0.0119053
    0.2893265   -0.0118872
    0.2900160   -0.0118690
    0.2907054   -0.0118508
    0.2913949   -0.0118326
    0.2920843   -0.0118143
    0.2927738   -0.0117960
    0.2934632   -0.0117776
    0.2941527   -0.0117592
    0.2948421   -0.0117408
    0.2955316   -0.0117223
    0.2962210   -0.0117038
    0.2969105   -0.0116852
    0.2975999   -0.0116666
    0.2982894   -0.0116480
    0.2989788   -0.0116293
    0.2996683   -0.0116106
    0.3003577   -0.0115919
    0.3010471   -0.0115731
    0.3017366   -0.0115543
    0.3024260   -0.0115355
    0.3031155   -0.0115167
    0.3038049   -0.0114978
    0.3044943   -0.0114788
    0.3051838   -0.0114599
    0.3058732   -0.0114409
    0.3065626   -0.0114219
    0.3072521   -0.0114029
    0.3079415   -0.0113839
    0.3086309   -0.0113648
    0.3093204   -0.0113457
    0.3100098   -0.0113266
    0.3106992   -0.0113075
    0.3113887   -0.0112883
    0.3120781   -0.0112692
    0.3127675   -0.0112500
    0.3134570   -0.0112308
    0.3141464   -0.0112116
    0.3148358   -0.0111924
    0.3155252   -0.0111732
    0.3162147   -0.0111539
    0.3169041   -0.0111347
    0.3175935   -0.0111154
    0.3182830   -0.0110962
    0.3189724   -0.0110769
    0.3196618   -0.0110576
    0.3203512   -0.0110383
    0.3210407   -0.0110190
    0.3217301   -0.0109998
    0.3224195   -0.0109805
    0.3231089   -0.0109612
    0.3237984   -0.0109419
    0.3244878   -0.0109226
    0.3251772   -0.0109033
    0.3258667   -0.0108840
    0.3265561   -0.0108647
    0.3272455   -0.0108454
    0.3279349   -0.0108261
    0.3286244   -0.0108069
    0.3293138   -0.0107876
    0.3300032   -0.0107684
    0.3306926   -0.0107491
    0.3313821   -0.0107299
    0.3320715   -0.0107106
    0.3327609   -0.0106914
    0.3334504   -0.0106722
    0.3341398   -0.0106530
    0.3348292   -0.0106339
    0.3355186   -0.0106147
    0.3362081   -0.0105956
    0.3368975   -0.0105764
    0.3375869   -0.0105573
    0.3382764   -0.0105382
    0.3389658   -0.0105191
    0.3396552   -0.0105000
    0.3403447   -0.0104809
    0.3410341   -0.0104619
    0.3417235   -0.0104428
    0.3424130   -0.0104238
    0.3431024   -0.0104047
    0.3437918   -0.0103857
    0.3444813   -0.0103667
    0.3451707   -0.0103476
    0.3458601   -0.0103286
    0.3465496   -0.0103096
    0.3472390   -0.0102906
    0.3479284   -0.0102716
    0.3486179   -0.0102526
    0.3493073   -0.0102337
    0.3499968   -0.0102147
    0.3506862   -0.0101957
    0.3513756   -0.0101767
    0.3520651   -0.0101577
    0.3527545   -0.0101388
    0.3534439   -0.0101198
    0.3541334   -0.0101008
    0.3548228   -0.0100819
    0.3555122   -0.0100629
    0.3562017   -0.0100439
    0.3568911   -0.0100250
    0.3575805   -0.0100060
    0.3582700   -0.0099870
    0.3589594   -0.0099681
    0.3596489   -0.0099491
    0.3603383   -0.0099301
    0.3610277   -0.0099111
    0.3617172   -0.0098921
    0.3624066   -0.0098732
    0.3630960   -0.0098542
    0.3637855   -0.0098352
    0.3644749   -0.0098162
    0.3651643   -0.0097972
    0.3658538   -0.0097781
    0.3665432   -0.0097591
    0.3672326   -0.0097401
    0.3679221   -0.0097210
    0.3686115   -0.0097020
    0.3693009   -0.0096830
    0.3699904   -0.0096639
    0.3706798   -0.0096448
    0.3713692   -0.0096257
    0.3720587   -0.0096066
    0.3727481   -0.0095875
    0.3734375   -0.0095684
    0.3741270   -0.0095493
    0.3748164   -0.0095302
    0.3755058   -0.0095110
    0.3761953   -0.0094919
    0.3768847   -0.0094727
    0.3775741   -0.0094535
    0.3782636   -0.0094344
    0.3789530   -0.0094152
    0.3796424   -0.0093960
    0.3803318   -0.0093768
    0.3810213   -0.0093575
    0.3817107   -0.0093383
    0.3824001   -0.0093191
    0.3830896   -0.0092998
    0.3837790   -0.0092805
    0.3844684   -0.0092613
    0.3851578   -0.0092420
    0.3858473   -0.0092227
    0.3865367   -0.0092034
    0.3872261   -0.0091841
    0.3879155   -0.0091647
    0.3886050   -0.0091454
    0.3892944   -0.0091261
    0.3899838   -0.0091067
    0.3906732   -0.0090874
    0.3913627   -0.0090680
    0.3920521   -0.0090486
    0.3927415   -0.0090292
    0.3934309   -0.0090098
    0.3941204   -0.0089904
    0.3948098   -0.0089710
    0.3954992   -0.0089516
    0.3961886   -0.0089321
    0.3968781   -0.0089127
    0.3975675   -0.0088932
    0.3982569   -0.0088737
    0.3989463   -0.0088543
    0.3996357   -0.0088348
    0.4003252   -0.0088153
    0.4010146   -0.0087958
    0.4017040   -0.0087763
    0.4023934   -0.0087567
    0.4030828   -0.0087372
    0.4037723   -0.0087177
    0.4044617   -0.0086981
    0.4051511   -0.0086785
    0.4058405   -0.0086590
    0.4065299   -0.0086394
    0.4072194   -0.0086198
    0.4079088   -0.0086002
    0.4085982   -0.0085806
    0.4092876   -0.0085610
    0.4099770   -0.0085413
    0.4106664   -0.0085217
    0.4113559   -0.0085021
    0.4120453   -0.0084824
    0.4127347   -0.0084627
    0.4134241   -0.0084431
    0.4141135   -0.0084234
    0.4148029   -0.0084037
    0.4154924   -0.0083840
    0.4161818   -0.0083643
    0.4168712   -0.0083445
    0.4175606   -0.0083248
    0.4182500   -0.0083051
    0.4189394   -0.0082853
    0.4196288   -0.0082656
    0.4203183   -0.0082458
    0.4210077   -0.0082260
    0.4216971   -0.0082063
    0.4223865   -0.0081865
    0.4230759   -0.0081667
    0.4237653   -0.0081469
    0.4244547   -0.0081270
    0.4251441   -0.0081072
    0.4258336   -0.0080874
    0.4265230   -0.0080675
    0.4272124   -0.0080477
    0.4279018   -0.0080278
    0.4285912   -0.0080080
    0.4292806   -0.0079881
    0.4299700   -0.0079682
    0.4306594   -0.0079483
    0.4313488   -0.0079284
    0.4320383   -0.0079085
    0.4327277   -0.0078886
    0.4334171   -0.0078687
    0.4341065   -0.0078487
    0.4347959   -0.0078288
    0.4354853   -0.0078088
    0.4361747   -0.0077889
    0.4368641   -0.0077689
    0.4375535   -0.0077489
    0.4382429   -0.0077289
    0.4389323   -0.0077090
    0.4396217   -0.0076890
    0.4403111   -0.0076690
    0.4410006   -0.0076489
    0.4416900   -0.0076289
    0.4423794   -0.0076089
    0.4430688   -0.0075888
    0.4437582   -0.0075688
    0.4444476   -0.0075488
    0.4451370   -0.0075287
    0.4458264   -0.0075086
    0.4465158   -0.0074885
    0.4472052   -0.0074685
    0.4478946   -0.0074484
    0.4485840   -0.0074283
    0.4492734   -0.0074082
    0.4499628   -0.0073881
    0.4506522   -0.0073679
    0.4513416   -0.0073478
    0.4520310   -0.0073277
    0.4527204   -0.0073075
    0.4534098   -0.0072873
    0.4540992   -0.0072672
    0.4547886   -0.0072470
    0.4554780   -0.0072268
    0.4561674   -0.0072066
    0.4568568   -0.0071864
    0.4575462   -0.0071661
    0.4582356   -0.0071459
    0.4589250   -0.0071256
    0.4596144   -0.0071054
    0.4603038   -0.0070851
    0.4609932   -0.0070648
    0.4616826   -0.0070445
    0.4623720   -0.0070241
    0.4630614   -0.0070038
    0.4637508   -0.0069834
    0.4644402   -0.0069630
    0.4651296   -0.0069426
    0.4658190   -0.0069222
    0.4665084   -0.0069018
    0.4671978   -0.0068813
    0.4678872   -0.0068609
    0.4685766   -0.0068404
    0.4692660   -0.0068199
    0.4699554   -0.0067993
    0.4706447   -0.0067788
    0.4713341   -0.0067582
    0.4720235   -0.0067376
    0.4727129   -0.0067170
    0.4734023   -0.0066964
    0.4740917   -0.0066757
    0.4747811   -0.0066551
    0.4754705   -0.0066344
    0.4761598   -0.0066136
    0.4768492   -0.0065929
    0.4775386   -0.0065721
    0.4782280   -0.0065513
    0.4789174   -0.0065305
    0.4796068   -0.0065097
    0.4802961   -0.0064888
    0.4809855   -0.0064679
    0.4816749   -0.0064470
    0.4823643   -0.0064260
    0.4830537   -0.0064050
    0.4837430   -0.0063840
    0.4844324   -0.0063630
    0.4851218   -0.0063419
    0.4858112   -0.0063208
    0.4865005   -0.0062997
    0.4871899   -0.0062786
    0.4878793   -0.0062574
    0.4885686   -0.0062362
    0.4892580   -0.0062150
    0.4899474   -0.0061937
    0.4906368   -0.0061724
    0.4913261   -0.0061511
    0.4920155   -0.0061298
    0.4927049   -0.0061084
    0.4933942   -0.0060870
    0.4940836   -0.0060656
    0.4947729   -0.0060442
    0.4954623   -0.0060228
    0.4961517   -0.0060013
    0.4968410   -0.0059798
    0.4975304   -0.0059583
    0.4982198   -0.0059368
    0.4989091   -0.0059152
    0.4995985   -0.0058937
    0.5002878   -0.0058721
    0.5009772   -0.0058505
    0.5016666   -0.0058289
    0.5023559   -0.0058073
    0.5030453   -0.0057857
    0.5037346   -0.0057640
    0.5044240   -0.0057424
    0.5051133   -0.0057207
    0.5058027   -0.0056990
    0.5064920   -0.0056773
    0.5071814   -0.0056556
    0.5078708   -0.0056339
    0.5085601   -0.0056122
    0.5092495   -0.0055905
    0.5099388   -0.0055688
    0.5106282   -0.0055470
    0.5113175   -0.0055253
    0.5120069   -0.0055036
    0.5126962   -0.0054818
    0.5133856   -0.0054601
    0.5140749   -0.0054383
    0.5147643   -0.0054166
    0.5154537   -0.0053948
    0.5161430   -0.0053730
    0.5168324   -0.0053513
    0.5175217   -0.0053295
    0.5182111   -0.0053078
    0.5189004   -0.0052860
    0.5195898   -0.0052643
    0.5202791   -0.0052426
    0.5209685   -0.0052208
    0.5216578   -0.0051991
    0.5223472   -0.0051774
    0.5230365   -0.0051557
    0.5237259   -0.0051339
    0.5244153   -0.0051122
    0.5251046   -0.0050906
    0.5257940   -0.0050689
    0.5264833   -0.0050472
    0.5271727   -0.0050255
    0.5278620   -0.0050039
    0.5285514   -0.0049822
    0.5292408   -0.0049606
    0.5299301   -0.0049390
    0.5306195   -0.0049174
    0.5313088   -0.0048958
    0.5319982   -0.0048742
    0.5326875   -0.0048526
    0.5333769   -0.0048311
    0.5340663   -0.0048095
    0.5347556   -0.0047880
    0.5354450   -0.0047665
    0.5361343   -0.0047450
    0.5368237   -0.0047235
    0.5375131   -0.0047020
    0.5382024   -0.0046806
    0.5388918   -0.0046591
    0.5395812   -0.0046377
    0.5402705   -0.0046163
    0.5409599   -0.0045949
    0.5416493   -0.0045735
    0.5423386   -0.0045521
    0.5430280   -0.0045308
    0.5437174   -0.0045095
    0.5444067   -0.0044882
    0.5450961   -0.0044669
    0.5457855   -0.0044456
    0.5464748   -0.0044244
    0.5471642   -0.0044031
    0.5478536   -0.0043819
    0.5485429   -0.0043608
    0.5492323   -0.0043396
    0.5499217   -0.0043184
    0.5506111   -0.0042973
    0.5513004   -0.0042762
    0.5519898   -0.0042551
    0.5526792   -0.0042341
    0.5533686   -0.0042130
    0.5540579   -0.0041920
    0.5547473   -0.0041710
    0.5554367   -0.0041501
    0.5561261   -0.0041291
    0.5568154   -0.0041082
    0.5575048   -0.0040873
    0.5581942   -0.0040664
    0.5588836   -0.0040456
    0.5595730   -0.0040248
    0.5602624   -0.0040040
    0.5609517   -0.0039832
    0.5616411   -0.0039625
    0.5623305   -0.0039418
    0.5630199   -0.0039211
    0.5637093   -0.0039004
    0.5643987   -0.0038798
    0.5650881   -0.0038592
    0.5657775   -0.0038386
    0.5664668   -0.0038181
    0.5671562   -0.0037976
    0.5678456   -0.0037771
    0.5685350   -0.0037566
    0.5692244   -0.0037361
    0.5699138   -0.0037157
    0.5706032   -0.0036953
    0.5712926   -0.0036749
    0.5719820   -0.0036546
    0.5726714   -0.0036342
    0.5733608   -0.0036139
    0.5740502   -0.0035936
    0.5747396   -0.0035733
    0.5754290   -0.0035530
    0.5761184   -0.0035328
    0.5768078   -0.0035126
    0.5774972   -0.0034923
    0.5781866   -0.0034721
    0.5788760   -0.0034520
    0.5795654   -0.0034318
    0.5802548   -0.0034116
    0.5809442   -0.0033915
    0.5816336   -0.0033714
    0.5823230   -0.0033512
    0.5830124   -0.0033311
    0.5837018   -0.0033110
    0.5843912   -0.0032909
    0.5850806   -0.0032709
    0.5857700   -0.0032508
    0.5864594   -0.0032307
    0.5871488   -0.0032107
    0.5878382   -0.0031907
    0.5885276   -0.0031706
    0.5892170   -0.0031506
    0.5899064   -0.0031306
    0.5905959   -0.0031105
    0.5912853   -0.0030905
    0.5919747   -0.0030705
    0.5926641   -0.0030505
    0.5933535   -0.0030305
    0.5940429   -0.0030105
    0.5947323   -0.0029905
    0.5954217   -0.0029705
    0.5961111   -0.0029505
    0.5968005   -0.0029305
    0.5974899   -0.0029105
    0.5981793   -0.0028905
    0.5988687   -0.0028704
    0.5995581   -0.0028504
    0.6002475   -0.0028304
    0.6009370   -0.0028104
    0.6016264   -0.0027904
    0.6023158   -0.0027703
    0.6030052   -0.0027503
    0.6036946   -0.0027303
    0.6043840   -0.0027102
    0.6050734   -0.0026902
    0.6057628   -0.0026701
    0.6064522   -0.0026501
    0.6071416   -0.0026300
    0.6078310   -0.0026099
    0.6085204   -0.0025899
    0.6092098   -0.0025698
    0.6098992   -0.0025498
    0.6105886   -0.0025297
    0.6112780   -0.0025097
    0.6119674   -0.0024896
    0.6126568   -0.0024696
    0.6133462   -0.0024495
    0.6140357   -0.0024295
    0.6147251   -0.0024095
    0.6154145   -0.0023894
    0.6161039   -0.0023694
    0.6167933   -0.0023494
    0.6174827   -0.0023294
    0.6181721   -0.0023094
    0.6188615   -0.0022895
    0.6195509   -0.0022695
    0.6202403   -0.0022495
    0.6209297   -0.0022296
    0.6216191   -0.0022097
    0.6223085   -0.0021897
    0.6229979   -0.0021698
    0.6236874   -0.0021500
    0.6243768   -0.0021301
    0.6250662   -0.0021102
    0.6257556   -0.0020904
    0.6264450   -0.0020706
    0.6271344   -0.0020508
    0.6278238   -0.0020310
    0.6285132   -0.0020113
    0.6292027   -0.0019915
    0.6298921   -0.0019718
    0.6305815   -0.0019521
    0.6312709   -0.0019324
    0.6319603   -0.0019128
    0.6326497   -0.0018932
    0.6333392   -0.0018736
    0.6340286   -0.0018540
    0.6347180   -0.0018345
    0.6354074   -0.0018150
    0.6360968   -0.0017955
    0.6367863   -0.0017760
    0.6374757   -0.0017566
    0.6381651   -0.0017372
    0.6388545   -0.0017179
    0.6395440   -0.0016985
    0.6402334   -0.0016792
    0.6409228   -0.0016600
    0.6416122   -0.0016407
    0.6423017   -0.0016215
    0.6429911   -0.0016024
    0.6436805   -0.0015832
    0.6443700   -0.0015641
    0.6450594   -0.0015451
    0.6457488   -0.0015261
    0.6464383   -0.0015071
    0.6471277   -0.0014881
    0.6478171   -0.0014692
    0.6485066   -0.0014504
    0.6491960   -0.0014315
    0.6498855   -0.0014127
    0.6505749   -0.0013940
    0.6512643   -0.0013753
    0.6519538   -0.0013566
    0.6526432   -0.0013379
    0.6533327   -0.0013193
    0.6540221   -0.0013008
    0.6547116   -0.0012823
    0.6554010   -0.0012638
    0.6560905   -0.0012453
    0.6567799   -0.0012269
    0.6574694   -0.0012086
    0.6581588   -0.0011903
    0.6588483   -0.0011720
    0.6595377   -0.0011538
    0.6602272   -0.0011356
    0.6609167   -0.0011175
    0.6616061   -0.0010994
    0.6622956   -0.0010813
    0.6629850   -0.0010633
    0.6636745   -0.0010453
    0.6643640   -0.0010274
    0.6650534   -0.0010096
    0.6657429   -0.0009917
    0.6664324   -0.0009740
    0.6671218   -0.0009562
    0.6678113   -0.0009386
    0.6685008   -0.0009209
    0.6691902   -0.0009033
    0.6698797   -0.0008858
    0.6705692   -0.0008683
    0.6712587   -0.0008509
    0.6719482   -0.0008335
    0.6726376   -0.0008162
    0.6733271   -0.0007989
    0.6740166   -0.0007816
    0.6747061   -0.0007644
    0.6753956   -0.0007473
    0.6760850   -0.0007302
    0.6767745   -0.0007132
    0.6774640   -0.0006962
    0.6781535   -0.0006793
    0.6788430   -0.0006624
    0.6795325   -0.0006456
    0.6802220   -0.0006288
    0.6809115   -0.0006121
    0.6816010   -0.0005955
    0.6822905   -0.0005789
    0.6829800   -0.0005623
    0.6836695   -0.0005458
    0.6843590   -0.0005294
    0.6850485   -0.0005130
    0.6857380   -0.0004967
    0.6864275   -0.0004804
    0.6871170   -0.0004642
    0.6878065   -0.0004480
    0.6884960   -0.0004319
    0.6891855   -0.0004159
    0.6894816   -0.0000154
    0.6894816    0.0006743
    0.6894816    0.0013640
    0.6894816    0.0020537
    0.6894816    0.0027434
    0.6894816    0.0034331
    0.6894816    0.0041228
    0.6894816    0.0048125
    0.6894816    0.0055022
    0.6894816    0.0061919
    0.6894816    0.0068816
    0.6894816    0.0075713
    0.6894816    0.0082610
    0.6893560    0.0088382
    0.6886705    0.0089140
    0.6879877    0.0090092
    0.6873082    0.0091272
    0.6866349    0.0092759
    0.6859641    0.0094360
    0.6853044    0.0096370
    0.6846485    0.0098494
    0.6840024    0.0100908
    0.6833653    0.0103542
    0.6827354    0.0106351
    0.6821210    0.0109480
    0.6815119    0.0112712
    0.6809214    0.0116277
    0.6803398    0.0119978
    0.6797726    0.0123902
    0.6792220    0.0128050
    0.6786801    0.0132316
    0.6781636    0.0136887
    0.6776552    0.0141543
    0.6771701    0.0146446
    0.6767000    0.0151488
    0.6762461    0.0156681
    0.6758171    0.0162078
    0.6753972    0.0167549
    0.6750109    0.0173263
    0.6746356    0.0179046
    0.6742853    0.0184987
    0.6739567    0.0191047
    0.6736439    0.0197194
    0.6733640    0.0203496
    0.6730948    0.0209844
    0.6728602    0.0216330
    0.6726420    0.0222869
    0.6724479    0.0229487
    0.6722819    0.0236179
    0.6721291    0.0242904
    0.6720163    0.0249708
    0.6719150    0.0256528
    0.6718464    0.0263390
    0.6717992    0.0270268
    0.6717732    0.0277160
    0.6717803    0.0284054
    0.6717991    0.0290948
    0.6718584    0.0297819
    0.6719314    0.0304675
    0.6720331    0.0311496
    0.6721599    0.0318272
    0.6723035    0.0325018
    0.6724834    0.0331675
    0.6726745    0.0338300
    0.6729003    0.0344817
    0.6731430    0.0351270
    0.6734086    0.0357635
    0.6737014    0.0363876
    0.6740058    0.0370065
    0.6743470    0.0376058
    0.6746982    0.0381991
    0.6750767    0.0387757
    0.6754735    0.0393394
    0.6758870    0.0398914
    0.6763270    0.0404222
    0.6767761    0.0409455
    0.6772545    0.0414424
    0.6777433    0.0419285
    0.6782515    0.0423948
    0.6787771    0.0428409
    0.6793131    0.0432749
    0.6798723    0.0436784
    0.6804383    0.0440722
    0.6810238    0.0444367
    0.6816189    0.0447847
    0.6822258    0.0451123
    0.6828465    0.0454123
    0.6834726    0.0457018
    0.6841152    0.0459521
    0.6847618    0.0461914
    0.6854188    0.0464013
    0.6860821    0.0465889
    0.6867508    0.0467578
    0.6874270    0.0468926
    0.6881055    0.0470158
    0.6887899    0.0471009
    0.6894758    0.0471703
    0.6901642    0.0472130
    0.6908534    0.0472281
    0.6915431    0.0472281
    0.6922316    0.0471889
    0.6929192    0.0471380
    0.6936036    0.0470529
    0.6942850    0.0469480
    0.6949628    0.0468207
    0.6956339    0.0466624
    0.6963023    0.0464927
    0.6969593    0.0462828
    0.6976121    0.0460610
    0.6982548    0.0458108
    0.6988881    0.0455384
    0.6995141    0.0452489
    0.7001240    0.0449273
    0.7007284    0.0445954
    0.7013139    0.0442309
    0.7018902    0.0438525
    0.7024521    0.0434525
    0.7029967    0.0430299
    0.7035328    0.0425959
    0.7040426    0.0421315
    0.7045443    0.0416587
    0.7050227    0.0411618
    0.7054856    0.0406510
    0.7059324    0.0401256
    0.7063536    0.0395797
    0.7067656    0.0390267
    0.7071441    0.0384501
    0.7075112    0.0378666
    0.7078533    0.0372677
    0.7081732    0.0366571
    0.7084777    0.0360382
    0.7087485    0.0354041
    0.7090086    0.0347655
    0.7092344    0.0341138
    0.7094432    0.0334568
    0.7096283    0.0327924
    0.7097847    0.0321209
    0.7099283    0.0314464
    0.7100315    0.0307645
    0.7101230    0.0300811
    0.7101822    0.0293940
    0.7102196    0.0287056
    0.7102363    0.0280161
    0.7102193    0.0273268
    0.7101906    0.0266378
    0.7101220    0.0259515
    0.7100392    0.0252671
    0.7099283    0.0245864
    0.7097918    0.0239107
    0.7096390    0.0232381
    0.7094497    0.0225751
    0.7092491    0.0219154
    0.7090145    0.0212668
    0.7087626    0.0206251
    0.7084883    0.0199923
    0.7081866    0.0193724
    0.7078738    0.0187577
    0.7075241    0.0181633
    0.7071644    0.0175750
    0.7067781    0.0170037
    0.7063733    0.0164457
    0.7059524    0.0158993
    0.7055048    0.0153749
    0.7050483    0.0148580
    0.7045632    0.0143678
    0.7040675    0.0138886
    0.7035530    0.0134293
    0.7030211    0.0129907
    0.7024792    0.0125641
    0.7019143    0.0121687
    0.7013428    0.0117829
    0.7007524    0.0114264
    0.7001524    0.0110870
    0.6995410    0.0107677
    0.6989161    0.0104765
    0.6982860    0.0101959
    0.6976400    0.0099545
    0.6969900    0.0097245
    0.6963303    0.0095235
    0.6956643    0.0093455
    0.6949934    0.0091856
    0.6943153    0.0090606
    0.6936352    0.0089470
    0.6929496    0.0088712
    0.6925256    0.0085612
    0.6925256    0.0078715
    0.6925256    0.0071819
    0.6925256    0.0064922
    0.6925256    0.0058025
    0.6925256    0.0051128
    0.6925256    0.0044231
    0.6925256    0.0037334
    0.6925256    0.0030437
    0.6925256    0.0023540
    0.6925256    0.0016643
    0.6925256    0.0009746
    0.6925256    0.0002849
    0.6925915   -0.0003374
    0.6932810   -0.0003217
    0.6939705   -0.0003060
    0.6946601   -0.0002904
    0.6953496   -0.0002749
    0.6960391   -0.0002594
    0.6967286   -0.0002440
    0.6974182   -0.0002286
    0.6981077   -0.0002133
    0.6987972   -0.0001980
    0.6994867   -0.0001828
    0.7001763   -0.0001677
    0.7008658   -0.0001526
    0.7015553   -0.0001376
    0.7022449   -0.0001226
    0.7029344   -0.0001077
    0.7036239   -0.0000929
    0.7043135   -0.0000781
    0.7050030   -0.0000634
    0.7056926   -0.0000487
    0.7063821   -0.0000341
    0.7070717   -0.0000195
    0.7077612   -0.0000051
    0.7084507    0.0000094
    0.7091403    0.0000237
    0.7098298    0.0000380
    0.7105194    0.0000523
    0.7112089    0.0000664
    0.7118985    0.0000806
    0.7125880    0.0000946
    0.7132776    0.0001086
    0.7139672    0.0001225
    0.7146567    0.0001364
    0.7153463    0.0001502
    0.7160358    0.0001640
    0.7167254    0.0001776
    0.7174150    0.0001913
    0.7181045    0.0002048
    0.7187941    0.0002183
    0.7194836    0.0002317
    0.7201732    0.0002451
    0.7208628    0.0002584
    0.7215524    0.0002716
    0.7222419    0.0002848
    0.7229315    0.0002979
    0.7236211    0.0003109
    0.7243106    0.0003239
    0.7250002    0.0003368
    0.7256898    0.0003496
    0.7263794    0.0003624
    0.7270690    0.0003751
    0.7277585    0.0003877
    0.7284481    0.0004003
    0.7291377    0.0004128
    0.7298273    0.0004252
    0.7305169    0.0004376
    0.7312065    0.0004498
    0.7318960    0.0004621
    0.7325856    0.0004742
    0.7332752    0.0004863
    0.7339648    0.0004983
    0.7346544    0.0005102
    0.7353440    0.0005221
    0.7360336    0.0005339
    0.7367232    0.0005456
    0.7374128    0.0005572
    0.7381024    0.0005687
    0.7387920    0.0005802
    0.7394816    0.0005917
    0.7401712    0.0006030
    0.7408608    0.0006143
    0.7415504    0.0006254
    0.7422400    0.0006366
    0.7429296    0.0006476
    0.7436192    0.0006585
    0.7443089    0.0006694
    0.7449985    0.0006802
    0.7456881    0.0006910
    0.7463777    0.0007016
    0.7470673    0.0007122
    0.7477569    0.0007227
    0.7484465    0.0007331
    0.7491362    0.0007434
    0.7498258    0.0007537
    0.7505154    0.0007638
    0.7512050    0.0007739
    0.7518947    0.0007839
    0.7525843    0.0007939
    0.7532739    0.0008037
    0.7539635    0.0008135
    0.7546532    0.0008232
    0.7553428    0.0008327
    0.7560324    0.0008423
    0.7567221    0.0008517
    0.7574117    0.0008610
    0.7581013    0.0008703
    0.7587910    0.0008795
    0.7594806    0.0008885
    0.7601702    0.0008976
    0.7608599    0.0009065
    0.7615495    0.0009153
    0.7622392    0.0009240
    0.7629288    0.0009327
    0.7636184    0.0009413
    0.7643081    0.0009497
    0.7649977    0.0009581
    0.7656874    0.0009664
    0.7663770    0.0009746
    0.7670667    0.0009827
    0.7677563    0.0009907
    0.7684460    0.0009987
    0.7691356    0.0010065
    0.7698253    0.0010143
    0.7705149    0.0010219
    0.7712046    0.0010295
    0.7718942    0.0010369
    0.7725839    0.0010443
    0.7732736    0.0010516
    0.7739632    0.0010588
    0.7746529    0.0010659
    0.7753425    0.0010729
    0.7760322    0.0010798
    0.7767219    0.0010866
    0.7774115    0.0010933
    0.7781012    0.0010999
    0.7787909    0.0011064
    0.7794805    0.0011128
    0.7801702    0.0011191
    0.7808599    0.0011253
    0.7815495    0.0011314
    0.7822392    0.0011375
    0.7829289    0.0011434
    0.7836186    0.0011492
    0.7843082    0.0011549
    0.7849979    0.0011605
    0.7856876    0.0011660
    0.7863773    0.0011714
    0.7870669    0.0011767
    0.7877566    0.0011819
    0.7884463    0.0011870
    0.7891360    0.0011920
    0.7898256    0.0011968
    0.7905153    0.0012016
    0.7912050    0.0012063
    0.7918947    0.0012108
    0.7925844    0.0012153
    0.7932740    0.0012196
    0.7939637    0.0012238
    0.7946534    0.0012280
    0.7953431    0.0012320
    0.7960328    0.0012359
    0.7967225    0.0012397
    0.7974122    0.0012434
    0.7981018    0.0012470
    0.7987915    0.0012505
    0.7994812    0.0012538
    0.8001709    0.0012571
    0.8008606    0.0012602
    0.8015503    0.0012633
    0.8022400    0.0012662
    0.8029297    0.0012690
    0.8036194    0.0012717
    0.8043091    0.0012743
    0.8049988    0.0012768
    0.8056884    0.0012791
    0.8063781    0.0012814
    0.8070678    0.0012835
    0.8077575    0.0012856
    0.8084472    0.0012875
    0.8091369    0.0012893
    0.8098266    0.0012910
    0.8105163    0.0012925
    0.8112060    0.0012940
    0.8118957    0.0012953
    0.8125854    0.0012965
    0.8132751    0.0012977
    0.8139648    0.0012987
    0.8146545    0.0012995
    0.8153442    0.0013003
    0.8160339    0.0013009
    0.8167236    0.0013014
    0.8174133    0.0013019
    0.8181030    0.0013021
    0.8187927    0.0013023
    0.8194824    0.0013023
    0.8201720    0.0013023
    0.8208617    0.0013021
    0.8215514    0.0013018
    0.8222411    0.0013013
    0.8229308    0.0013008
    0.8236205    0.0013001
    0.8243102    0.0012993
    0.8249999    0.0012984
    0.8256896    0.0012973
    0.8263793    0.0012962
    0.8270690    0.0012949
    0.8277587    0.0012935
    0.8284484    0.0012919
    0.8291381    0.0012903
    0.8298278    0.0012885
    0.8305175    0.0012865
    0.8312072    0.0012845
    0.8318969    0.0012823
    0.8325866    0.0012800
    0.8332763    0.0012776
    0.8339659    0.0012750
    0.8346556    0.0012723
    0.8353453    0.0012695
    0.8360350    0.0012665
    0.8367247    0.0012634
    0.8374144    0.0012602
    0.8381041    0.0012568
    0.8387938    0.0012533
    0.8394835    0.0012497
    0.8401731    0.0012459
    0.8408628    0.0012420
    0.8415525    0.0012379
    0.8422422    0.0012337
    0.8429319    0.0012294
    0.8436216    0.0012250
    0.8443113    0.0012204
    0.8450009    0.0012156
    0.8456906    0.0012107
    0.8463803    0.0012057
    0.8470700    0.0012005
    0.8477596    0.0011951
    0.8484493    0.0011897
    0.8491390    0.0011841
    0.8498287    0.0011783
    0.8505183    0.0011724
    0.8512080    0.0011663
    0.8518977    0.0011601
    0.8525873    0.0011537
    0.8532770    0.0011472
    0.8539667    0.0011405
    0.8546563    0.0011337
    0.8553460    0.0011267
    0.8560357    0.0011196
    0.8567253    0.0011123
    0.8574150    0.0011049
    0.8581046    0.0010973
    0.8587943    0.0010895
    0.8594839    0.0010816
    0.8601736    0.0010735
    0.8608632    0.0010653
    0.8615529    0.0010569
    0.8622425    0.0010483
    0.8629322    0.0010396
    0.8636218    0.0010307
    0.8643114    0.0010216
    0.8650011    0.0010124
    0.8656907    0.0010031
    0.8663803    0.0009935
    0.8670700    0.0009838
    0.8677596    0.0009739
    0.8684492    0.0009639
    0.8691388    0.0009537
    0.8698285    0.0009433
    0.8705181    0.0009327
    0.8712077    0.0009220
    0.8718973    0.0009112
    0.8725869    0.0009001
    0.8732765    0.0008888
    0.8739661    0.0008774
    0.8746557    0.0008658
    0.8753453    0.0008541
    0.8760349    0.0008422
    0.8767245    0.0008301
    0.8774141    0.0008178
    0.8781037    0.0008053
    0.8787932    0.0007927
    0.8794828    0.0007798
    0.8801724    0.0007668
    0.8808620    0.0007537
    0.8815515    0.0007403
    0.8822411    0.0007268
    0.8829307    0.0007130
    0.8836202    0.0006991
    0.8843098    0.0006850
    0.8849993    0.0006707
    0.8856889    0.0006563
    0.8863784    0.0006416
    0.8870679    0.0006268
    0.8877575    0.0006117
    0.8884470    0.0005965
    0.8891365    0.0005811
    0.8898260    0.0005655
    0.8905156    0.0005497
    0.8912051    0.0005337
    0.8918946    0.0005175
    0.8925841    0.0005011
    0.8932736    0.0004845
    0.8939631    0.0004678
    0.8946526    0.0004508
    0.8953420    0.0004336
    0.8960315    0.0004162
    0.8967210    0.0003987
    0.8974105    0.0003809
    0.8980999    0.0003629
    0.8987894    0.0003447
    0.8994788    0.0003264
    0.9001683    0.0003078
    0.9008577    0.0002890
    0.9015471    0.0002700
    0.9022366    0.0002508
    0.9029260    0.0002314
    0.9036154    0.0002118
    0.9043048    0.0001920
    0.9049942    0.0001720
    0.9056836    0.0001517
    0.9063730    0.0001313
    0.9070624    0.0001106
    0.9077518    0.0000898
    0.9084412    0.0000687
    0.9091305    0.0000474
    0.9098199    0.0000259
    0.9105093    0.0000042
    0.9111986   -0.0000178
    0.9118879   -0.0000400
    0.9125773   -0.0000623
    0.9132666   -0.0000849
    0.9139559   -0.0001078
    0.9146452   -0.0001308
    0.9153345   -0.0001541
    0.9160238   -0.0001776
    0.9167131   -0.0002013
    0.9174024   -0.0002252
    0.9180917   -0.0002493
    0.9187809   -0.0002737
    0.9194702   -0.0002983
    0.9201595   -0.0003232
    0.9208487   -0.0003483
    0.9215379   -0.0003736
    0.9222271   -0.0003992
    0.9229164   -0.0004250
    0.9236056   -0.0004510
    0.9242948   -0.0004772
    0.9249840   -0.0005037
    0.9256731   -0.0005305
    0.9263623   -0.0005574
    0.9270515   -0.0005847
    0.9277406   -0.0006121
    0.9284297   -0.0006398
    0.9291189   -0.0006678
    0.9298080   -0.0006960
    0.9304971   -0.0007244
    0.9311862   -0.0007531
    0.9318753   -0.0007821
    0.9325644   -0.0008113
    0.9332534   -0.0008407
    0.9339425   -0.0008704
    0.9346315   -0.0009004
    0.9353206   -0.0009306
    0.9360096   -0.0009611
    0.9366986   -0.0009919
    0.9373876   -0.0010229
    0.9380766   -0.0010542
    0.9387656   -0.0010857
    0.9394545   -0.0011176
    0.9401435   -0.0011497
    0.9408324   -0.0011820
    0.9415213   -0.0012147
    0.9422103   -0.0012476
    0.9428991   -0.0012808
    0.9435880   -0.0013143
    0.9442769   -0.0013481
    0.9449658   -0.0013822
    0.9456546   -0.0014166
    0.9463434   -0.0014512
    0.9470322   -0.0014862
    0.9477210   -0.0015214
    0.9484098   -0.0015570
    0.9490986   -0.0015929
    0.9497873   -0.0016290
    0.9504760   -0.0016655
    0.9511648   -0.0017023
    0.9518535   -0.0017394
    0.9525421   -0.0017769
    0.9532308   -0.0018146
    0.9539194   -0.0018527
    0.9546081   -0.0018911
    0.9552967   -0.0019298
    0.9559853   -0.0019688
    0.9566738   -0.0020082
    0.9573624   -0.0020479
    0.9580509   -0.0020879
    0.9587394   -0.0021283
    0.9594279   -0.0021690
    0.9601164   -0.0022100
    0.9608049   -0.0022514
    0.9614933   -0.0022931
    0.9621817   -0.0023352
    0.9628701   -0.0023776
    0.9635585   -0.0024204
    0.9642468   -0.0024635
    0.9649352   -0.0025069
    0.9656235   -0.0025508
    0.9663117   -0.0025949
    0.9670000   -0.0026395
    0.9676882   -0.0026843
    0.9683764   -0.0027296
    0.9690646   -0.0027752
    0.9697528   -0.0028212
    0.9704409   -0.0028675
    0.9711290   -0.0029141
    0.9718171   -0.0029612
    0.9725052   -0.0030085
    0.9731933   -0.0030563
    0.9738813   -0.0031044
    0.9745693   -0.0031529
    0.9752572   -0.0032017
    0.9759452   -0.0032509
    0.9766331   -0.0033004
    0.9773210   -0.0033503
    0.9780088   -0.0034006
    0.9786967   -0.0034513
    0.9793845   -0.0035024
    0.9800722   -0.0035538
    0.9807600   -0.0036056
    0.9814477   -0.0036579
    0.9821354   -0.0037106
    0.9828230   -0.0037636
    0.9835107   -0.0038171
    0.9841982   -0.0038711
    0.9848858   -0.0039255
    0.9855733   -0.0039804
    0.9862608   -0.0040357
    0.9869482   -0.0040914
    0.9876356   -0.0041477
    0.9883230   -0.0042045
    0.9890103   -0.0042617
    0.9896975   -0.0043195
    0.9903848   -0.0043779
    0.9910720   -0.0044367
    0.9917591   -0.0044962
    0.9924462   -0.0045562
    0.9931332   -0.0046169
    0.9938202   -0.0046781
    0.9945071   -0.0047401
    0.9951939   -0.0048026
    0.9958807   -0.0048659
    0.9965674   -0.0049298
    0.9972541   -0.0049945
    0.9979407   -0.0050599
    0.9986272   -0.0051261
    0.9993136   -0.0051931
    1.0000000   -0.0052608
